run_id,test_id,seed,status,pass_fail,failure_type,error_code,error_id,first_error_time_ns,uvm_error_count,uvm_warning_count,uvm_fatal_count,assertion_failures,scoreboard_mismatches,execution_time_ms,throughput_mbps,sim_cycles,exit_code,verdict_source
RUN-000001,mixed_rw_test-000001,426895501,PASS,pass,NONE,,,,0,0,0,0,0,202.11,0.61,121264927,0,uvm_report_server
RUN-000002,sequential_write_test-000002,1281183458,PASS,pass,NONE,,,,0,1,0,0,0,5.68,43.9,4545299,0,uvm_report_server
RUN-000003,mixed_rw_test-000003,1945941103,PASS,pass,NONE,,,,0,0,0,0,0,156.17,6.32,124933870,0,uvm_report_server
RUN-000004,read_disturb_test-000004,1672585334,PASS,pass,NONE,,,,0,0,0,0,0,19.56,14.24,15645173,0,uvm_report_server
RUN-000005,random_read_test-000005,1029432581,PASS,pass,NONE,,,,0,0,0,0,0,18.9,108.65,11339980,0,uvm_report_server
RUN-000006,random_read_test-000006,657551815,PASS,pass,NONE,,,,0,0,0,0,0,3.62,38.2,4339226,0,uvm_report_server
RUN-000007,mixed_rw_test-000007,1822579244,PASS,pass,NONE,,,,0,1,0,0,0,10.66,99.11,8527950,0,uvm_report_server
RUN-000008,mixed_rw_test-000008,960990634,FAIL,fail,DATA_MISMATCH,E_CMP_0x11,DATA_MISMATCH,2500,1,0,0,0,1,4.78,9.78,3826705,1,uvm_report_server
RUN-000009,erase_suspend_test-000009,2047513971,PASS,pass,NONE,,,,0,0,0,0,0,13.82,9.59,5528856,0,uvm_report_server
RUN-000010,sequential_write_test-000010,755002989,PASS,pass,NONE,,,,0,0,0,0,0,13.78,36.75,13775998,0,uvm_report_server
RUN-000011,back_to_back_program_test-000011,979957258,PASS,pass,NONE,,,,0,0,0,0,0,26.17,80.27,20934370,0,uvm_report_server
RUN-000012,back_to_back_program_test-000012,182164305,FAIL,fail,TIMEOUT,E_TMO_0x40,TIMEOUT,1978710,4,0,1,1,0,1982.71,0.01,2379246283,1,uvm_report_server
RUN-000013,power_cycle_test-000013,1892195654,FAIL,fail,TIMEOUT,E_TMO_0x40,TIMEOUT,1966020,1,0,1,0,0,1970.02,0.02,2364019920,1,uvm_report_server
RUN-000014,erase_suspend_test-000014,509330106,PASS,pass,NONE,,,,0,0,0,0,0,13.67,9.79,8201746,0,uvm_report_server
RUN-000015,erase_suspend_test-000015,2685682,PASS,pass,NONE,,,,0,1,0,0,0,179.82,6.12,71929400,0,uvm_report_server
RUN-000016,back_to_back_program_test-000016,294273027,PASS,pass,NONE,,,,0,0,0,0,0,8.26,29.71,8260573,0,uvm_report_server
RUN-000017,back_to_back_program_test-000017,807945271,PASS,pass,NONE,,,,0,0,0,0,0,43.11,5.68,25865384,0,uvm_report_server
RUN-000018,read_disturb_test-000018,1853523723,FAIL,fail,RETENTION_FAIL,E_RET_0x71,RETENTION_FAIL,100380,3,0,0,1,1,104.38,1.22,62625212,1,uvm_report_server
RUN-000019,sequential_write_test-000019,155990100,PASS,pass,NONE,,,,0,0,0,0,0,1.0,4.38,1200000,0,uvm_report_server
RUN-000020,back_to_back_program_test-000020,1753871255,FAIL,fail,FIFO_OVERFLOW,E_FIFO_0x21,FIFO_OVERFLOW,4760,2,0,0,0,0,8.76,39.08,7007772,1,uvm_report_server
RUN-000021,random_read_test-000021,1580522283,PASS,pass,NONE,,,,0,0,0,0,0,217.39,10.4,130434648,0,uvm_report_server
RUN-000022,sequential_write_test-000022,93931296,PASS,pass,NONE,,,,0,1,0,0,0,24.82,5.39,24823437,0,uvm_report_server
RUN-000023,random_read_test-000023,2018195410,FAIL,fail,TIMEOUT,E_TMO_0x40,TIMEOUT,1960080,3,0,1,1,0,1964.08,0.05,1964081856,1,uvm_report_server
RUN-000024,back_to_back_program_test-000024,1625178140,FAIL,fail,FIFO_OVERFLOW,E_FIFO_0x21,FIFO_OVERFLOW,15530,2,0,0,1,0,19.53,10.35,23440038,1,uvm_report_server
RUN-000025,power_cycle_test-000025,552413025,PASS,pass,NONE,,,,0,0,0,0,0,68.42,28.2,54735436,0,uvm_report_server
RUN-000026,back_to_back_program_test-000026,361496681,PASS,pass,NONE,,,,0,0,0,0,0,15.28,17.27,9169851,0,uvm_report_server
RUN-000027,random_read_test-000027,1013615120,PASS,pass,NONE,,,,0,0,0,0,0,128.68,8.79,51471760,0,uvm_report_server
RUN-000028,back_to_back_program_test-000028,587342366,PASS,pass,NONE,,,,0,0,0,0,0,9.65,53.9,11580950,0,uvm_report_server
RUN-000029,garbage_collect_test-000029,746558979,PASS,pass,NONE,,,,0,0,0,0,0,43.9,48.12,26337625,0,uvm_report_server
RUN-000030,erase_suspend_test-000030,606365883,PASS,pass,NONE,,,,0,1,0,0,0,54.67,19.03,43738966,0,uvm_report_server
RUN-000031,power_cycle_test-000031,245819593,PASS,pass,NONE,,,,0,0,0,0,0,10.78,0.75,6468463,0,uvm_report_server
RUN-000032,back_to_back_program_test-000032,1009373672,FAIL,fail,FIFO_OVERFLOW,E_FIFO_0x21,FIFO_OVERFLOW,193110,3,0,0,0,0,197.11,0.87,78844506,1,uvm_report_server
RUN-000033,back_to_back_program_test-000033,44420525,PASS,pass,NONE,,,,0,0,0,0,0,41.58,13.09,33266830,0,uvm_report_server
RUN-000034,back_to_back_program_test-000034,1107497648,PASS,pass,NONE,,,,0,0,0,0,0,329.87,3.25,329870730,0,uvm_report_server
RUN-000035,random_read_test-000035,1441096815,PASS,pass,NONE,,,,0,1,0,0,0,3.3,10.2,2638784,0,uvm_report_server
RUN-000036,back_to_back_program_test-000036,103286072,FAIL,fail,TIMEOUT,E_TMO_0x40,TIMEOUT,1992530,3,0,1,0,0,1996.53,0.01,2395836350,1,uvm_report_server
RUN-000037,back_to_back_program_test-000037,1922582506,PASS,pass,NONE,,,,0,1,0,0,0,228.29,2.44,136974630,0,uvm_report_server
RUN-000038,back_to_back_program_test-000038,660589914,PASS,pass,NONE,,,,0,1,0,0,0,4.63,3.57,2778456,0,uvm_report_server
RUN-000039,sequential_write_test-000039,101256935,PASS,pass,NONE,,,,0,1,0,0,0,57.7,0.56,46157694,0,uvm_report_server
RUN-000040,back_to_back_program_test-000040,1678057126,FAIL,fail,FIFO_OVERFLOW,E_FIFO_0x21,FIFO_OVERFLOW,2780,1,0,0,0,0,6.78,5.64,5423940,1,uvm_report_server
RUN-000041,back_to_back_program_test-000041,1369037149,FAIL,fail,FIFO_OVERFLOW,E_FIFO_0x21,FIFO_OVERFLOW,189580,3,1,0,0,0,193.58,3.83,193582331,1,uvm_report_server
RUN-000042,power_cycle_test-000042,1714171944,PASS,pass,NONE,,,,0,1,0,0,0,155.82,13.75,93494829,0,uvm_report_server
RUN-000043,random_read_test-000043,749502292,PASS,pass,NONE,,,,0,1,0,0,0,7.88,70.59,3153968,0,uvm_report_server
RUN-000044,sequential_write_test-000044,1191221049,FAIL,fail,PROTOCOL_VIOLATION,E_PROT_0x52,PROTOCOL_VIOLATION,2500,2,0,1,0,0,4.42,52.16,3538731,1,uvm_report_server
RUN-000045,erase_suspend_test-000045,1384802838,FAIL,fail,ASSERTION_FAIL,E_ASRT_0x60,ASSERTION_FAIL,2500,1,1,0,0,0,1.04,21.54,835988,1,uvm_report_server
RUN-000046,erase_suspend_test-000046,1900502503,PASS,pass,NONE,,,,0,0,0,0,0,22.64,12.38,9055174,0,uvm_report_server
RUN-000047,garbage_collect_test-000047,981722667,PASS,pass,NONE,,,,0,0,0,0,0,1.0,127.82,400000,0,uvm_report_server
RUN-000048,garbage_collect_test-000048,844752174,PASS,pass,NONE,,,,0,0,0,0,0,23.74,47.16,18995336,0,uvm_report_server
RUN-000049,sequential_write_test-000049,1699525992,PASS,pass,NONE,,,,0,1,0,0,0,28.12,2.2,22492460,0,uvm_report_server
RUN-000050,random_read_test-000050,1091594717,FAIL,fail,TIMEOUT,E_TMO_0x40,TIMEOUT,1963670,4,0,1,1,0,1967.67,3.05,1967666450,1,uvm_report_server
RUN-000051,garbage_collect_test-000051,2143013145,PASS,pass,NONE,,,,0,1,0,0,0,208.77,10.44,167012480,0,uvm_report_server
RUN-000052,back_to_back_program_test-000052,618971498,FAIL,fail,FIFO_OVERFLOW,E_FIFO_0x21,FIFO_OVERFLOW,26040,1,0,0,0,0,30.04,2.24,18021116,1,uvm_report_server
RUN-000053,power_cycle_test-000053,1497408628,PASS,pass,NONE,,,,0,1,0,0,0,1.0,120.77,800000,0,uvm_report_server
RUN-000054,power_cycle_test-000054,341990452,PASS,pass,NONE,,,,0,0,0,0,0,18.89,6.41,11335105,0,uvm_report_server
RUN-000055,garbage_collect_test-000055,653860104,FAIL,fail,TIMEOUT,E_TMO_0x40,TIMEOUT,1980040,1,0,1,0,0,1984.04,0.04,1984040348,1,uvm_report_server
RUN-000056,erase_suspend_test-000056,698255938,FAIL,fail,RETENTION_FAIL,E_RET_0x71,RETENTION_FAIL,365300,3,1,0,1,1,369.3,87.1,221581395,1,uvm_report_server
RUN-000057,power_cycle_test-000057,937957852,PASS,pass,NONE,,,,0,0,0,0,0,5.69,93.25,5686902,0,uvm_report_server
RUN-000058,power_cycle_test-000058,144061521,PASS,pass,NONE,,,,0,0,0,0,0,35.67,60.17,35672332,0,uvm_report_server
RUN-000059,erase_suspend_test-000059,1711613393,PASS,pass,NONE,,,,0,0,0,0,0,65.08,68.9,52067167,0,uvm_report_server
RUN-000060,erase_suspend_test-000060,1833198366,FAIL,fail,DATA_MISMATCH,E_CMP_0x11,DATA_MISMATCH,7420,3,1,0,1,1,11.42,516.87,13699124,1,uvm_report_server
RUN-000061,sequential_write_test-000061,1927260258,FAIL,fail,PROTOCOL_VIOLATION,E_PROT_0x52,PROTOCOL_VIOLATION,10230,3,0,1,1,0,14.23,474.72,14232345,1,uvm_report_server
RUN-000062,power_cycle_test-000062,263604129,PASS,pass,NONE,,,,0,0,0,0,0,20.94,102.67,16751367,0,uvm_report_server
RUN-000063,sequential_write_test-000063,383016633,FAIL,fail,ECC_UNCORRECTABLE,E_ECC_0x33,ECC_UNCORRECTABLE,153250,3,0,0,1,1,157.25,46.07,157253426,1,uvm_report_server
RUN-000064,sequential_write_test-000064,1580568153,PASS,pass,NONE,,,,0,0,0,0,0,42.37,2.87,16946332,0,uvm_report_server
RUN-000065,sequential_write_test-000065,1793254677,PASS,pass,NONE,,,,0,0,0,0,0,33.01,2.02,19808200,0,uvm_report_server
RUN-000066,mixed_rw_test-000066,364409053,PASS,pass,NONE,,,,0,1,0,0,0,5.87,169.93,4694138,0,uvm_report_server
RUN-000067,read_disturb_test-000067,1257257278,FAIL,fail,ASSERTION_FAIL,E_ASRT_0x60,ASSERTION_FAIL,46470,3,0,0,1,0,50.47,2.54,30280163,1,uvm_report_server
RUN-000068,back_to_back_program_test-000068,1503299711,PASS,pass,NONE,,,,0,0,0,0,0,103.37,5.42,62019493,0,uvm_report_server
RUN-000069,back_to_back_program_test-000069,1037959112,FAIL,fail,FIFO_OVERFLOW,E_FIFO_0x21,FIFO_OVERFLOW,35070,1,0,0,0,0,39.07,4.4,23439783,1,uvm_report_server
RUN-000070,back_to_back_program_test-000070,1202061920,PASS,pass,NONE,,,,0,0,0,0,0,17.81,7.28,17813494,0,uvm_report_server
RUN-000071,random_read_test-000071,603847077,PASS,pass,NONE,,,,0,0,0,0,0,78.22,1.76,31289207,0,uvm_report_server
RUN-000072,mixed_rw_test-000072,1563731385,PASS,pass,NONE,,,,0,0,0,0,0,25.57,5.44,20453679,0,uvm_report_server
RUN-000073,random_read_test-000073,1097818361,PASS,pass,NONE,,,,0,1,0,0,0,1.63,40.35,979429,0,uvm_report_server
RUN-000074,random_read_test-000074,1769096676,PASS,pass,NONE,,,,0,0,0,0,0,141.73,15.87,113380607,0,uvm_report_server
RUN-000075,garbage_collect_test-000075,728407618,PASS,pass,NONE,,,,0,0,0,0,0,51.56,5.33,30935606,0,uvm_report_server
RUN-000076,random_read_test-000076,1173532756,PASS,pass,NONE,,,,0,0,0,0,0,6.86,38.02,5484029,0,uvm_report_server
RUN-000077,erase_suspend_test-000077,1342269979,PASS,pass,NONE,,,,0,1,0,0,0,1.91,126.43,764925,0,uvm_report_server
RUN-000078,power_cycle_test-000078,1584905858,FAIL,fail,DATA_MISMATCH,E_CMP_0x11,DATA_MISMATCH,208680,3,1,0,1,1,212.68,11.42,170141748,1,uvm_report_server
RUN-000079,sequential_write_test-000079,1916152944,FAIL,fail,TIMEOUT,E_TMO_0x40,TIMEOUT,1982580,2,1,1,0,0,1986.58,0.75,1986581164,1,uvm_report_server
RUN-000080,back_to_back_program_test-000080,1495922919,PASS,pass,NONE,,,,0,0,0,0,0,5.93,20.57,4742639,0,uvm_report_server
RUN-000081,random_read_test-000081,384627473,PASS,pass,NONE,,,,0,0,0,0,0,36.2,56.67,21720646,0,uvm_report_server
RUN-000082,erase_suspend_test-000082,1323096046,FAIL,fail,THERMAL_SHUTDOWN,E_THRM_0x80,THERMAL_SHUTDOWN,3170,2,1,0,0,0,7.17,2.89,7169813,1,uvm_report_server
RUN-000083,sequential_write_test-000083,1114924955,PASS,pass,NONE,,,,0,1,0,0,0,45.17,2.83,27104475,0,uvm_report_server
RUN-000084,read_disturb_test-000084,1211535764,FAIL,fail,TIMEOUT,E_TMO_0x40,TIMEOUT,1982530,1,0,1,0,0,1986.53,0.16,1986527256,1,uvm_report_server
RUN-000085,random_read_test-000085,1216872463,PASS,pass,NONE,,,,0,1,0,0,0,2.65,47.75,2119094,0,uvm_report_server
RUN-000086,back_to_back_program_test-000086,454749725,PASS,pass,NONE,,,,0,1,0,0,0,26.72,2.26,16033733,0,uvm_report_server
RUN-000087,back_to_back_program_test-000087,998475883,FAIL,fail,FIFO_OVERFLOW,E_FIFO_0x21,FIFO_OVERFLOW,10880,4,0,0,1,0,14.88,2.37,11900312,1,uvm_report_server
RUN-000088,sequential_write_test-000088,1754949593,PASS,pass,NONE,,,,0,0,0,0,0,11.56,11.86,11559556,0,uvm_report_server
RUN-000089,random_read_test-000089,571004314,PASS,pass,NONE,,,,0,1,0,0,0,1.07,227.59,1074688,0,uvm_report_server
RUN-000090,back_to_back_program_test-000090,1133852326,FAIL,fail,ASSERTION_FAIL,E_ASRT_0x60,ASSERTION_FAIL,11930,1,0,0,0,0,15.93,11.69,6373885,1,uvm_report_server
RUN-000091,sequential_write_test-000091,1214256694,FAIL,fail,ASSERTION_FAIL,E_ASRT_0x60,ASSERTION_FAIL,2500,2,1,0,0,0,3.95,21.46,3157048,1,uvm_report_server
RUN-000092,random_read_test-000092,1300807972,PASS,pass,NONE,,,,0,0,0,0,0,7.47,128.85,8962930,0,uvm_report_server
RUN-000093,power_cycle_test-000093,770481276,PASS,pass,NONE,,,,0,0,0,0,0,3.45,8.86,2068781,0,uvm_report_server
RUN-000094,erase_suspend_test-000094,1849359784,PASS,pass,NONE,,,,0,0,0,0,0,30.04,4.29,24032882,0,uvm_report_server
RUN-000095,back_to_back_program_test-000095,1614210306,PASS,pass,NONE,,,,0,0,0,0,0,11.12,11.66,4447468,0,uvm_report_server
RUN-000096,mixed_rw_test-000096,1127521653,PASS,pass,NONE,,,,0,1,0,0,0,116.46,0.59,46585865,0,uvm_report_server
RUN-000097,sequential_write_test-000097,365802084,PASS,pass,NONE,,,,0,0,0,0,0,72.61,1.7,72613703,0,uvm_report_server
RUN-000098,sequential_write_test-000098,766753021,PASS,pass,NONE,,,,0,0,0,0,0,72.7,13.38,29078266,0,uvm_report_server
RUN-000099,mixed_rw_test-000099,872950796,PASS,pass,NONE,,,,0,0,0,0,0,30.01,4.2,36012467,0,uvm_report_server
RUN-000100,erase_suspend_test-000100,764031745,PASS,pass,NONE,,,,0,0,0,0,0,1.93,64.14,1543027,0,uvm_report_server
RUN-000101,sequential_write_test-000101,1870402858,PASS,pass,NONE,,,,0,0,0,0,0,6.53,154.53,2613705,0,uvm_report_server
RUN-000102,back_to_back_program_test-000102,494348318,PASS,pass,NONE,,,,0,1,0,0,0,51.85,42.83,41480947,0,uvm_report_server
RUN-000103,back_to_back_program_test-000103,962375365,FAIL,fail,FIFO_OVERFLOW,E_FIFO_0x21,FIFO_OVERFLOW,37300,4,1,0,1,0,41.3,4.29,41304099,1,uvm_report_server
RUN-000104,back_to_back_program_test-000104,1721141976,PASS,pass,NONE,,,,0,1,0,0,0,38.23,6.8,30582454,0,uvm_report_server
RUN-000105,back_to_back_program_test-000105,2025669838,PASS,pass,NONE,,,,0,0,0,0,0,12.6,39.95,10076706,0,uvm_report_server
RUN-000106,mixed_rw_test-000106,1736263303,PASS,pass,NONE,,,,0,1,0,0,0,14.31,4.5,8586607,0,uvm_report_server
RUN-000107,read_disturb_test-000107,1767370852,PASS,pass,NONE,,,,0,0,0,0,0,1.0,33.79,800000,0,uvm_report_server
RUN-000108,garbage_collect_test-000108,1224635958,PASS,pass,NONE,,,,0,1,0,0,0,13.05,39.49,5220881,0,uvm_report_server
RUN-000109,garbage_collect_test-000109,1394039325,PASS,pass,NONE,,,,0,0,0,0,0,17.73,3.54,10639739,0,uvm_report_server
RUN-000110,back_to_back_program_test-000110,1885656038,PASS,pass,NONE,,,,0,0,0,0,0,13.98,19.75,11183756,0,uvm_report_server
RUN-000111,mixed_rw_test-000111,285356870,PASS,pass,NONE,,,,0,0,0,0,0,49.5,2.6,49500969,0,uvm_report_server
RUN-000112,sequential_write_test-000112,1413087667,PASS,pass,NONE,,,,0,1,0,0,0,11.53,21.9,6915040,0,uvm_report_server
RUN-000113,power_cycle_test-000113,679055751,PASS,pass,NONE,,,,0,1,0,0,0,21.82,0.72,17458022,0,uvm_report_server
RUN-000114,read_disturb_test-000114,477840640,PASS,pass,NONE,,,,0,1,0,0,0,17.3,226.56,10381262,0,uvm_report_server
RUN-000115,random_read_test-000115,427846751,PASS,pass,NONE,,,,0,1,0,0,0,5.67,5.98,4536009,0,uvm_report_server
RUN-000116,read_disturb_test-000116,2009426465,FAIL,fail,TIMEOUT,E_TMO_0x40,TIMEOUT,1991810,2,0,1,0,0,1995.81,5.32,1995814526,1,uvm_report_server
RUN-000117,mixed_rw_test-000117,853462325,FAIL,fail,TIMEOUT,E_TMO_0x40,TIMEOUT,1969640,3,1,1,0,0,1973.64,0.07,1973641048,1,uvm_report_server
RUN-000118,erase_suspend_test-000118,1989188749,FAIL,fail,ASSERTION_FAIL,E_ASRT_0x60,ASSERTION_FAIL,66380,2,0,0,1,0,70.38,1.2,42228327,1,uvm_report_server
RUN-000119,random_read_test-000119,178713398,PASS,pass,NONE,,,,0,0,0,0,0,101.03,10.69,80822172,0,uvm_report_server
RUN-000120,mixed_rw_test-000120,662004837,PASS,pass,NONE,,,,0,0,0,0,0,345.16,6.38,276129235,0,uvm_report_server
RUN-000121,garbage_collect_test-000121,745338310,PASS,pass,NONE,,,,0,0,0,0,0,13.52,1.21,8112661,0,uvm_report_server
RUN-000122,random_read_test-000122,388148358,PASS,pass,NONE,,,,0,0,0,0,0,22.54,6.09,13523371,0,uvm_report_server
RUN-000123,sequential_write_test-000123,792965815,PASS,pass,NONE,,,,0,1,0,0,0,13.4,4.59,8038775,0,uvm_report_server
RUN-000124,back_to_back_program_test-000124,399216146,PASS,pass,NONE,,,,0,0,0,0,0,1.0,254.04,800000,0,uvm_report_server
RUN-000125,mixed_rw_test-000125,658648926,PASS,pass,NONE,,,,0,0,0,0,0,58.02,2.4,46418693,0,uvm_report_server
RUN-000126,read_disturb_test-000126,357875163,PASS,pass,NONE,,,,0,1,0,0,0,34.36,29.33,27489061,0,uvm_report_server
RUN-000127,power_cycle_test-000127,2024189734,PASS,pass,NONE,,,,0,1,0,0,0,61.44,32.49,73723088,0,uvm_report_server
RUN-000128,back_to_back_program_test-000128,642692627,FAIL,fail,FIFO_OVERFLOW,E_FIFO_0x21,FIFO_OVERFLOW,7550,3,0,0,0,0,11.55,0.82,4621978,1,uvm_report_server
RUN-000129,power_cycle_test-000129,2060291619,PASS,pass,NONE,,,,0,0,0,0,0,1.4,90.13,1117075,0,uvm_report_server
RUN-000130,read_disturb_test-000130,667626682,PASS,pass,NONE,,,,0,1,0,0,0,1.0,69.31,800000,0,uvm_report_server
RUN-000131,random_read_test-000131,1343565141,PASS,pass,NONE,,,,0,0,0,0,0,5.46,46.01,4365428,0,uvm_report_server
RUN-000132,back_to_back_program_test-000132,2076492629,FAIL,fail,FIFO_OVERFLOW,E_FIFO_0x21,FIFO_OVERFLOW,2500,3,0,0,0,0,5.69,8.63,5692793,1,uvm_report_server
RUN-000133,sequential_write_test-000133,1891130678,PASS,pass,NONE,,,,0,0,0,0,0,31.89,31.41,25511141,0,uvm_report_server
RUN-000134,random_read_test-000134,1512177383,PASS,pass,NONE,,,,0,1,0,0,0,71.71,107.79,57364718,0,uvm_report_server
RUN-000135,back_to_back_program_test-000135,1801738214,PASS,pass,NONE,,,,0,0,0,0,0,7.79,16.53,3117427,0,uvm_report_server
RUN-000136,back_to_back_program_test-000136,1424304026,PASS,pass,NONE,,,,0,0,0,0,0,31.27,32.65,31274448,0,uvm_report_server
RUN-000137,back_to_back_program_test-000137,1859302301,PASS,pass,NONE,,,,0,0,0,0,0,41.66,12.21,33331039,0,uvm_report_server
RUN-000138,erase_suspend_test-000138,483255082,PASS,pass,NONE,,,,0,1,0,0,0,18.52,29.64,14812162,0,uvm_report_server
RUN-000139,mixed_rw_test-000139,1561823174,PASS,pass,NONE,,,,0,0,0,0,0,55.12,18.54,66149464,0,uvm_report_server
RUN-000140,sequential_write_test-000140,143573656,FAIL,fail,DATA_MISMATCH,E_CMP_0x11,DATA_MISMATCH,5240,4,0,0,1,1,9.24,38.14,5541657,1,uvm_report_server
RUN-000141,read_disturb_test-000141,750519869,PASS,pass,NONE,,,,0,0,0,0,0,36.77,6.56,22062809,0,uvm_report_server
RUN-000142,sequential_write_test-000142,840432321,PASS,pass,NONE,,,,0,0,0,0,0,3.42,73.16,2739134,0,uvm_report_server
RUN-000143,mixed_rw_test-000143,1659362216,PASS,pass,NONE,,,,0,0,0,0,0,215.54,9.48,86215894,0,uvm_report_server
RUN-000144,power_cycle_test-000144,303719131,FAIL,fail,ASSERTION_FAIL,E_ASRT_0x60,ASSERTION_FAIL,95300,3,0,0,0,0,99.3,11.76,59581035,1,uvm_report_server
RUN-000145,power_cycle_test-000145,581060149,PASS,pass,NONE,,,,0,1,0,0,0,319.82,3.28,127929656,0,uvm_report_server
RUN-000146,sequential_write_test-000146,1392934394,PASS,pass,NONE,,,,0,0,0,0,0,19.81,6.87,19810625,0,uvm_report_server
RUN-000147,back_to_back_program_test-000147,1110832462,PASS,pass,NONE,,,,0,1,0,0,0,13.69,9.06,10949041,0,uvm_report_server
RUN-000148,sequential_write_test-000148,1906429000,PASS,pass,NONE,,,,0,0,0,0,0,443.07,2.43,443073919,0,uvm_report_server
RUN-000149,sequential_write_test-000149,169686100,PASS,pass,NONE,,,,0,1,0,0,0,163.13,52.1,163128515,0,uvm_report_server
RUN-000150,power_cycle_test-000150,1119032891,PASS,pass,NONE,,,,0,1,0,0,0,82.78,12.9,33113671,0,uvm_report_server
RUN-000151,random_read_test-000151,363200658,PASS,pass,NONE,,,,0,0,0,0,0,33.25,7.76,13301023,0,uvm_report_server
RUN-000152,back_to_back_program_test-000152,1945170202,PASS,pass,NONE,,,,0,0,0,0,0,6.42,38.56,3850875,0,uvm_report_server
RUN-000153,mixed_rw_test-000153,1458908281,FAIL,fail,RETENTION_FAIL,E_RET_0x71,RETENTION_FAIL,14110,2,1,0,1,1,18.11,8.56,10865085,1,uvm_report_server
RUN-000154,garbage_collect_test-000154,1269432842,PASS,pass,NONE,,,,0,0,0,0,0,6.77,36.99,5419988,0,uvm_report_server
RUN-000155,sequential_write_test-000155,381752271,PASS,pass,NONE,,,,0,0,0,0,0,5.5,94.63,5499667,0,uvm_report_server
RUN-000156,mixed_rw_test-000156,1477806160,PASS,pass,NONE,,,,0,1,0,0,0,1.0,8.54,800000,0,uvm_report_server
RUN-000157,random_read_test-000157,1516350754,PASS,pass,NONE,,,,0,0,0,0,0,12.7,169.61,7617202,0,uvm_report_server
RUN-000158,garbage_collect_test-000158,1164840304,PASS,pass,NONE,,,,0,1,0,0,0,44.17,24.17,35338289,0,uvm_report_server
RUN-000159,back_to_back_program_test-000159,1252399544,PASS,pass,NONE,,,,0,0,0,0,0,98.55,42.69,98553803,0,uvm_report_server
RUN-000160,power_cycle_test-000160,738616983,PASS,pass,NONE,,,,0,0,0,0,0,72.45,26.8,57963362,0,uvm_report_server
RUN-000161,mixed_rw_test-000161,1512182965,PASS,pass,NONE,,,,0,1,0,0,0,37.61,14.27,30091941,0,uvm_report_server
RUN-000162,power_cycle_test-000162,1517750251,FAIL,fail,TIMEOUT,E_TMO_0x40,TIMEOUT,1989000,2,1,1,1,0,1993.0,0.26,2391604043,1,uvm_report_server
RUN-000163,back_to_back_program_test-000163,1855888263,PASS,pass,NONE,,,,0,0,0,0,0,12.66,44.42,15188316,0,uvm_report_server
RUN-000164,back_to_back_program_test-000164,2697181,PASS,pass,NONE,,,,0,1,0,0,0,85.89,2.96,68712759,0,uvm_report_server
RUN-000165,erase_suspend_test-000165,2017840971,PASS,pass,NONE,,,,0,1,0,0,0,6.53,82.81,6527763,0,uvm_report_server
RUN-000166,power_cycle_test-000166,1117032618,PASS,pass,NONE,,,,0,0,0,0,0,1.6,2.75,958952,0,uvm_report_server
RUN-000167,random_read_test-000167,290766506,PASS,pass,NONE,,,,0,0,0,0,0,53.72,4.94,42978340,0,uvm_report_server
RUN-000168,back_to_back_program_test-000168,991454514,FAIL,fail,PROTOCOL_VIOLATION,E_PROT_0x52,PROTOCOL_VIOLATION,4460,3,0,1,1,0,8.46,95.25,6768924,1,uvm_report_server
RUN-000169,power_cycle_test-000169,1063254779,FAIL,fail,PROTOCOL_VIOLATION,E_PROT_0x52,PROTOCOL_VIOLATION,101650,2,0,1,0,0,105.65,61.13,126782184,1,uvm_report_server
RUN-000170,power_cycle_test-000170,1349286171,PASS,pass,NONE,,,,0,0,0,0,0,56.58,18.77,33950877,0,uvm_report_server
RUN-000171,power_cycle_test-000171,1376099470,PASS,pass,NONE,,,,0,0,0,0,0,36.13,6.83,28903573,0,uvm_report_server
RUN-000172,power_cycle_test-000172,1965100018,PASS,pass,NONE,,,,0,0,0,0,0,1.0,8.37,1000000,0,uvm_report_server
RUN-000173,random_read_test-000173,1027534264,PASS,pass,NONE,,,,0,0,0,0,0,1.0,122.26,1000000,0,uvm_report_server
RUN-000174,sequential_write_test-000174,216151050,PASS,pass,NONE,,,,0,0,0,0,0,251.86,35.72,201490697,0,uvm_report_server
RUN-000175,garbage_collect_test-000175,1313600705,PASS,pass,NONE,,,,0,1,0,0,0,14.32,17.18,5728150,0,uvm_report_server
RUN-000176,mixed_rw_test-000176,789482396,PASS,pass,NONE,,,,0,0,0,0,0,103.76,19.18,124506247,0,uvm_report_server
RUN-000177,random_read_test-000177,2132058677,PASS,pass,NONE,,,,0,0,0,0,0,50.51,38.71,50513286,0,uvm_report_server
RUN-000178,read_disturb_test-000178,1366295424,PASS,pass,NONE,,,,0,0,0,0,0,31.04,3.91,18625101,0,uvm_report_server
RUN-000179,back_to_back_program_test-000179,1413979485,PASS,pass,NONE,,,,0,0,0,0,0,113.06,17.17,67836809,0,uvm_report_server
RUN-000180,sequential_write_test-000180,1883995249,PASS,pass,NONE,,,,0,0,0,0,0,82.22,6.84,32886510,0,uvm_report_server
RUN-000181,read_disturb_test-000181,1309395996,PASS,pass,NONE,,,,0,0,0,0,0,9.86,25.85,7887818,0,uvm_report_server
RUN-000182,mixed_rw_test-000182,991963228,PASS,pass,NONE,,,,0,0,0,0,0,9.82,222.85,5893950,0,uvm_report_server
RUN-000183,mixed_rw_test-000183,415121127,FAIL,fail,DATA_MISMATCH,E_CMP_0x11,DATA_MISMATCH,50790,3,0,0,1,1,54.79,11.08,32875771,1,uvm_report_server
RUN-000184,mixed_rw_test-000184,691394902,PASS,pass,NONE,,,,0,0,0,0,0,557.27,7.08,445812057,0,uvm_report_server
RUN-000185,erase_suspend_test-000185,1348053602,PASS,pass,NONE,,,,0,0,0,0,0,58.53,4.73,35116472,0,uvm_report_server
RUN-000186,power_cycle_test-000186,1761094010,PASS,pass,NONE,,,,0,0,0,0,0,121.25,2.2,96996907,0,uvm_report_server
RUN-000187,mixed_rw_test-000187,422882011,PASS,pass,NONE,,,,0,0,0,0,0,11.03,44.33,4413529,0,uvm_report_server
RUN-000188,random_read_test-000188,994343686,PASS,pass,NONE,,,,0,0,0,0,0,5.05,6.55,6054637,0,uvm_report_server
RUN-000189,random_read_test-000189,401885193,PASS,pass,NONE,,,,0,0,0,0,0,397.0,10.66,317598361,0,uvm_report_server
RUN-000190,power_cycle_test-000190,1431499981,PASS,pass,NONE,,,,0,1,0,0,0,11.01,95.73,13207252,0,uvm_report_server
RUN-000191,erase_suspend_test-000191,254842505,PASS,pass,NONE,,,,0,1,0,0,0,17.34,62.79,17339311,0,uvm_report_server
RUN-000192,random_read_test-000192,378313295,FAIL,fail,THERMAL_SHUTDOWN,E_THRM_0x80,THERMAL_SHUTDOWN,175400,4,0,0,1,0,179.4,29.94,143522027,1,uvm_report_server
RUN-000193,back_to_back_program_test-000193,1132305297,PASS,pass,NONE,,,,0,1,0,0,0,55.07,10.08,55074502,0,uvm_report_server
RUN-000194,random_read_test-000194,497058658,FAIL,fail,ECC_UNCORRECTABLE,E_ECC_0x33,ECC_UNCORRECTABLE,43330,2,0,0,0,1,47.33,6.84,37865965,1,uvm_report_server
RUN-000195,garbage_collect_test-000195,1917284242,FAIL,fail,TIMEOUT,E_TMO_0x40,TIMEOUT,1983520,3,0,1,0,0,1987.52,0.15,1987522427,1,uvm_report_server
RUN-000196,erase_suspend_test-000196,1591850370,PASS,pass,NONE,,,,0,0,0,0,0,3.05,82.4,3052689,0,uvm_report_server
RUN-000197,sequential_write_test-000197,1437022265,PASS,pass,NONE,,,,0,0,0,0,0,137.13,3.52,137133348,0,uvm_report_server
RUN-000198,garbage_collect_test-000198,801686902,PASS,pass,NONE,,,,0,0,0,0,0,944.08,0.51,566446864,0,uvm_report_server
RUN-000199,random_read_test-000199,1397448784,PASS,pass,NONE,,,,0,0,0,0,0,12.43,79.99,9947193,0,uvm_report_server
RUN-000200,sequential_write_test-000200,589985416,FAIL,fail,TIMEOUT,E_TMO_0x40,TIMEOUT,1973950,3,1,1,1,0,1977.95,0.01,2373536133,1,uvm_report_server
RUN-000201,random_read_test-000201,1937241912,PASS,pass,NONE,,,,0,0,0,0,0,1.84,18.85,1105483,0,uvm_report_server
RUN-000202,back_to_back_program_test-000202,1075194314,FAIL,fail,FIFO_OVERFLOW,E_FIFO_0x21,FIFO_OVERFLOW,110680,4,1,0,1,0,114.68,0.35,45871400,1,uvm_report_server
RUN-000203,sequential_write_test-000203,1617078798,PASS,pass,NONE,,,,0,1,0,0,0,1.42,168.12,1137084,0,uvm_report_server
RUN-000204,erase_suspend_test-000204,2090021443,PASS,pass,NONE,,,,0,0,0,0,0,8.01,31.15,4807587,0,uvm_report_server
RUN-000205,power_cycle_test-000205,1558617559,PASS,pass,NONE,,,,0,0,0,0,0,79.69,12.7,31877143,0,uvm_report_server
RUN-000206,random_read_test-000206,1114463333,FAIL,fail,DATA_MISMATCH,E_CMP_0x11,DATA_MISMATCH,5370,1,0,0,0,1,9.37,143.02,5624732,1,uvm_report_server
RUN-000207,back_to_back_program_test-000207,518369012,PASS,pass,NONE,,,,0,1,0,0,0,4.91,13.66,2944069,0,uvm_report_server
RUN-000208,erase_suspend_test-000208,1160701479,PASS,pass,NONE,,,,0,0,0,0,0,11.93,40.27,11933375,0,uvm_report_server
RUN-000209,random_read_test-000209,289969411,FAIL,fail,THERMAL_SHUTDOWN,E_THRM_0x80,THERMAL_SHUTDOWN,3210,2,0,0,1,0,7.21,1.57,4324801,1,uvm_report_server
RUN-000210,back_to_back_program_test-000210,467245598,PASS,pass,NONE,,,,0,0,0,0,0,2.73,90.49,2183988,0,uvm_report_server
RUN-000211,sequential_write_test-000211,1300388497,PASS,pass,NONE,,,,0,1,0,0,0,4.6,13.17,2757782,0,uvm_report_server
RUN-000212,power_cycle_test-000212,426602995,PASS,pass,NONE,,,,0,0,0,0,0,30.16,4.63,36186845,0,uvm_report_server
RUN-000213,back_to_back_program_test-000213,496781601,PASS,pass,NONE,,,,0,0,0,0,0,6.73,4.84,2693242,0,uvm_report_server
RUN-000214,mixed_rw_test-000214,265405113,PASS,pass,NONE,,,,0,1,0,0,0,1.0,30.49,1000000,0,uvm_report_server
RUN-000215,mixed_rw_test-000215,935452428,FAIL,fail,THERMAL_SHUTDOWN,E_THRM_0x80,THERMAL_SHUTDOWN,76120,2,1,0,1,0,80.12,3.52,48073205,1,uvm_report_server
RUN-000216,back_to_back_program_test-000216,2069440293,PASS,pass,NONE,,,,0,1,0,0,0,10.51,25.35,6303739,0,uvm_report_server
RUN-000217,back_to_back_program_test-000217,1867658026,PASS,pass,NONE,,,,0,1,0,0,0,7.83,66.8,6261815,0,uvm_report_server
RUN-000218,power_cycle_test-000218,1199536674,PASS,pass,NONE,,,,0,0,0,0,0,5.35,25.0,4279620,0,uvm_report_server
RUN-000219,random_read_test-000219,1381574078,FAIL,fail,DATA_MISMATCH,E_CMP_0x11,DATA_MISMATCH,2500,2,0,0,1,1,1.0,8.14,1200000,1,uvm_report_server
RUN-000220,garbage_collect_test-000220,882894793,PASS,pass,NONE,,,,0,1,0,0,0,61.22,1.02,24489348,0,uvm_report_server
RUN-000221,mixed_rw_test-000221,1561683102,PASS,pass,NONE,,,,0,0,0,0,0,35.26,244.35,28210529,0,uvm_report_server
RUN-000222,erase_suspend_test-000222,533965757,FAIL,fail,DATA_MISMATCH,E_CMP_0x11,DATA_MISMATCH,6220,3,1,0,0,1,10.22,12.88,8175679,1,uvm_report_server
RUN-000223,mixed_rw_test-000223,681344665,PASS,pass,NONE,,,,0,0,0,0,0,17.32,246.81,10390061,0,uvm_report_server
RUN-000224,sequential_write_test-000224,46357726,PASS,pass,NONE,,,,0,0,0,0,0,20.62,0.73,12372549,0,uvm_report_server
RUN-000225,random_read_test-000225,89814051,PASS,pass,NONE,,,,0,0,0,0,0,9.53,57.59,9534702,0,uvm_report_server
RUN-000226,random_read_test-000226,2055927527,FAIL,fail,DATA_MISMATCH,E_CMP_0x11,DATA_MISMATCH,14380,2,1,0,0,1,18.38,21.39,14704735,1,uvm_report_server
RUN-000227,garbage_collect_test-000227,607766493,PASS,pass,NONE,,,,0,1,0,0,0,44.88,5.64,53860533,0,uvm_report_server
RUN-000228,sequential_write_test-000228,580116916,FAIL,fail,RETENTION_FAIL,E_RET_0x71,RETENTION_FAIL,15090,4,0,0,1,1,19.09,2.9,11454223,1,uvm_report_server
RUN-000229,mixed_rw_test-000229,89815889,FAIL,fail,THERMAL_SHUTDOWN,E_THRM_0x80,THERMAL_SHUTDOWN,2500,1,1,0,0,0,1.0,44.08,600000,1,uvm_report_server
RUN-000230,mixed_rw_test-000230,859470545,PASS,pass,NONE,,,,0,0,0,0,0,27.18,307.62,16306458,0,uvm_report_server
RUN-000231,sequential_write_test-000231,140606923,PASS,pass,NONE,,,,0,0,0,0,0,6.6,18.93,2640512,0,uvm_report_server
RUN-000232,back_to_back_program_test-000232,983802810,FAIL,fail,DATA_MISMATCH,E_CMP_0x11,DATA_MISMATCH,2500,3,1,0,1,1,1.0,177.07,800000,1,uvm_report_server
RUN-000233,mixed_rw_test-000233,875073175,PASS,pass,NONE,,,,0,0,0,0,0,9.11,3.86,5466104,0,uvm_report_server
RUN-000234,garbage_collect_test-000234,2134116433,PASS,pass,NONE,,,,0,0,0,0,0,40.04,3.17,24021288,0,uvm_report_server
RUN-000235,read_disturb_test-000235,1891626741,FAIL,fail,RETENTION_FAIL,E_RET_0x71,RETENTION_FAIL,2500,2,0,0,1,1,6.11,60.08,2443016,1,uvm_report_server
RUN-000236,mixed_rw_test-000236,6787406,FAIL,fail,RETENTION_FAIL,E_RET_0x71,RETENTION_FAIL,19840,1,0,0,0,1,23.84,17.06,23835346,1,uvm_report_server
RUN-000237,sequential_write_test-000237,1657026827,PASS,pass,NONE,,,,0,1,0,0,0,10.11,13.16,12130227,0,uvm_report_server
RUN-000238,back_to_back_program_test-000238,536283407,FAIL,fail,FIFO_OVERFLOW,E_FIFO_0x21,FIFO_OVERFLOW,9870,3,1,0,0,0,13.87,0.92,11094839,1,uvm_report_server
RUN-000239,mixed_rw_test-000239,859577401,PASS,pass,NONE,,,,0,0,0,0,0,11.99,175.35,14393154,0,uvm_report_server
RUN-000240,erase_suspend_test-000240,1778076168,PASS,pass,NONE,,,,0,0,0,0,0,62.94,8.88,37762338,0,uvm_report_server
RUN-000241,random_read_test-000241,2091740638,PASS,pass,NONE,,,,0,0,0,0,0,2.19,235.62,2192544,0,uvm_report_server
RUN-000242,random_read_test-000242,1945225811,PASS,pass,NONE,,,,0,0,0,0,0,5.64,22.4,5640190,0,uvm_report_server
RUN-000243,back_to_back_program_test-000243,207886018,PASS,pass,NONE,,,,0,0,0,0,0,68.33,4.11,27333103,0,uvm_report_server
RUN-000244,back_to_back_program_test-000244,1369838997,FAIL,fail,FIFO_OVERFLOW,E_FIFO_0x21,FIFO_OVERFLOW,2500,2,1,0,0,0,4.59,18.79,2752350,1,uvm_report_server
RUN-000245,sequential_write_test-000245,1569692065,PASS,pass,NONE,,,,0,0,0,0,0,71.23,108.71,71226051,0,uvm_report_server
RUN-000246,garbage_collect_test-000246,898640298,PASS,pass,NONE,,,,0,0,0,0,0,3.12,21.26,3745587,0,uvm_report_server
RUN-000247,sequential_write_test-000247,1345625891,PASS,pass,NONE,,,,0,1,0,0,0,29.89,70.68,23914709,0,uvm_report_server
RUN-000248,power_cycle_test-000248,23595517,PASS,pass,NONE,,,,0,0,0,0,0,1.09,59.02,652744,0,uvm_report_server
RUN-000249,random_read_test-000249,931224931,PASS,pass,NONE,,,,0,0,0,0,0,135.5,15.82,81297607,0,uvm_report_server
RUN-000250,mixed_rw_test-000250,2074227898,PASS,pass,NONE,,,,0,0,0,0,0,40.01,0.84,24003301,0,uvm_report_server
RUN-000251,random_read_test-000251,1933406581,PASS,pass,NONE,,,,0,1,0,0,0,4.6,14.79,2762859,0,uvm_report_server
RUN-000252,erase_suspend_test-000252,244769249,FAIL,fail,TIMEOUT,E_TMO_0x40,TIMEOUT,1967460,1,1,1,0,0,1971.46,0.32,2365756708,1,uvm_report_server
RUN-000253,back_to_back_program_test-000253,462004916,FAIL,fail,THERMAL_SHUTDOWN,E_THRM_0x80,THERMAL_SHUTDOWN,2500,2,1,0,0,0,4.0,8.71,3197626,1,uvm_report_server
RUN-000254,random_read_test-000254,524098274,PASS,pass,NONE,,,,0,0,0,0,0,5.41,3.21,5414631,0,uvm_report_server
RUN-000255,erase_suspend_test-000255,1258983384,FAIL,fail,RETENTION_FAIL,E_RET_0x71,RETENTION_FAIL,293240,2,0,0,0,1,297.24,0.15,118896079,1,uvm_report_server
RUN-000256,sequential_write_test-000256,1452988843,PASS,pass,NONE,,,,0,1,0,0,0,526.83,1.97,316100632,0,uvm_report_server
RUN-000257,back_to_back_program_test-000257,670613599,FAIL,fail,FIFO_OVERFLOW,E_FIFO_0x21,FIFO_OVERFLOW,37480,4,1,0,1,0,41.48,8.74,16592973,1,uvm_report_server
RUN-000258,power_cycle_test-000258,1026656851,PASS,pass,NONE,,,,0,1,0,0,0,53.63,9.79,21450306,0,uvm_report_server
RUN-000259,back_to_back_program_test-000259,694102218,FAIL,fail,FIFO_OVERFLOW,E_FIFO_0x21,FIFO_OVERFLOW,326220,3,0,0,0,0,330.22,1.83,198129078,1,uvm_report_server
RUN-000260,sequential_write_test-000260,72235283,PASS,pass,NONE,,,,0,0,0,0,0,4.93,6.75,1973177,0,uvm_report_server
RUN-000261,power_cycle_test-000261,920110458,PASS,pass,NONE,,,,0,1,0,0,0,22.83,46.18,22827896,0,uvm_report_server
RUN-000262,erase_suspend_test-000262,2098432799,PASS,pass,NONE,,,,0,0,0,0,0,11.06,1.38,4425537,0,uvm_report_server
RUN-000263,back_to_back_program_test-000263,1733980074,PASS,pass,NONE,,,,0,1,0,0,0,8.29,7.99,6634637,0,uvm_report_server
RUN-000264,garbage_collect_test-000264,1050020713,PASS,pass,NONE,,,,0,0,0,0,0,10.65,24.31,8521555,0,uvm_report_server
RUN-000265,garbage_collect_test-000265,1369640613,PASS,pass,NONE,,,,0,0,0,0,0,88.41,2.8,35363941,0,uvm_report_server
RUN-000266,random_read_test-000266,873902038,FAIL,fail,TIMEOUT,E_TMO_0x40,TIMEOUT,1987290,2,0,1,0,0,1991.29,0.2,1991293216,1,uvm_report_server
RUN-000267,back_to_back_program_test-000267,1177284734,PASS,pass,NONE,,,,0,0,0,0,0,4.24,130.28,3394073,0,uvm_report_server
RUN-000268,power_cycle_test-000268,1837149424,PASS,pass,NONE,,,,0,0,0,0,0,6.94,18.13,5552487,0,uvm_report_server
RUN-000269,sequential_write_test-000269,1336340951,FAIL,fail,TIMEOUT,E_TMO_0x40,TIMEOUT,1973380,3,0,1,0,0,1977.38,0.26,1977380788,1,uvm_report_server
RUN-000270,mixed_rw_test-000270,1691806926,FAIL,fail,ASSERTION_FAIL,E_ASRT_0x60,ASSERTION_FAIL,7620,1,0,0,0,0,11.62,30.2,4647924,1,uvm_report_server
RUN-000271,back_to_back_program_test-000271,1382571759,PASS,pass,NONE,,,,0,0,0,0,0,6.67,20.22,4003995,0,uvm_report_server
RUN-000272,mixed_rw_test-000272,532676693,PASS,pass,NONE,,,,0,0,0,0,0,53.99,1.26,21594249,0,uvm_report_server
RUN-000273,power_cycle_test-000273,1669186726,FAIL,fail,RETENTION_FAIL,E_RET_0x71,RETENTION_FAIL,5700,3,0,0,0,1,9.7,4.66,7757692,1,uvm_report_server
RUN-000274,back_to_back_program_test-000274,149551193,FAIL,fail,FIFO_OVERFLOW,E_FIFO_0x21,FIFO_OVERFLOW,2500,3,0,0,0,0,4.91,32.68,1965151,1,uvm_report_server
RUN-000275,random_read_test-000275,1835012917,PASS,pass,NONE,,,,0,1,0,0,0,5.6,1.43,4483745,0,uvm_report_server
RUN-000276,sequential_write_test-000276,1640446120,FAIL,fail,THERMAL_SHUTDOWN,E_THRM_0x80,THERMAL_SHUTDOWN,9010,2,0,0,0,0,13.01,44.73,7804230,1,uvm_report_server
RUN-000277,mixed_rw_test-000277,90662370,PASS,pass,NONE,,,,0,1,0,0,0,6.83,74.26,4096157,0,uvm_report_server
RUN-000278,garbage_collect_test-000278,144557195,PASS,pass,NONE,,,,0,1,0,0,0,43.92,46.11,43924492,0,uvm_report_server
RUN-000279,power_cycle_test-000279,122245572,FAIL,fail,PROTOCOL_VIOLATION,E_PROT_0x52,PROTOCOL_VIOLATION,23850,3,0,1,1,0,27.85,455.96,22276801,1,uvm_report_server
RUN-000280,mixed_rw_test-000280,499021577,PASS,pass,NONE,,,,0,1,0,0,0,7.26,68.72,2904592,0,uvm_report_server
RUN-000281,sequential_write_test-000281,1409547083,PASS,pass,NONE,,,,0,0,0,0,0,1.06,123.82,846408,0,uvm_report_server
RUN-000282,mixed_rw_test-000282,874143308,FAIL,fail,DATA_MISMATCH,E_CMP_0x11,DATA_MISMATCH,2500,3,0,0,1,1,4.5,17.84,4500176,1,uvm_report_server
RUN-000283,erase_suspend_test-000283,856552188,PASS,pass,NONE,,,,0,1,0,0,0,68.88,7.7,41330746,0,uvm_report_server
RUN-000284,garbage_collect_test-000284,914890735,PASS,pass,NONE,,,,0,0,0,0,0,278.37,31.26,111347596,0,uvm_report_server
RUN-000285,erase_suspend_test-000285,774151117,FAIL,fail,TIMEOUT,E_TMO_0x40,TIMEOUT,1960440,2,0,1,0,0,1964.44,0.0,1964444351,1,uvm_report_server
RUN-000286,mixed_rw_test-000286,1301804828,PASS,pass,NONE,,,,0,0,0,0,0,1.0,133.38,800000,0,uvm_report_server
RUN-000287,mixed_rw_test-000287,362761848,PASS,pass,NONE,,,,0,1,0,0,0,5.23,48.08,5226995,0,uvm_report_server
RUN-000288,back_to_back_program_test-000288,642535017,FAIL,fail,FIFO_OVERFLOW,E_FIFO_0x21,FIFO_OVERFLOW,316510,4,0,0,1,0,320.51,11.83,320509423,1,uvm_report_server
RUN-000289,sequential_write_test-000289,89458544,PASS,pass,NONE,,,,0,0,0,0,0,11.95,2.84,4779487,0,uvm_report_server
RUN-000290,back_to_back_program_test-000290,1805155497,FAIL,fail,FIFO_OVERFLOW,E_FIFO_0x21,FIFO_OVERFLOW,157350,4,1,0,1,0,161.35,1.17,193620939,1,uvm_report_server
RUN-000291,garbage_collect_test-000291,1229961663,PASS,pass,NONE,,,,0,1,0,0,0,57.87,36.03,46299319,0,uvm_report_server
RUN-000292,erase_suspend_test-000292,1958916268,PASS,pass,NONE,,,,0,0,0,0,0,73.27,15.37,43964895,0,uvm_report_server
RUN-000293,back_to_back_program_test-000293,614304593,PASS,pass,NONE,,,,0,0,0,0,0,24.67,11.36,19733855,0,uvm_report_server
RUN-000294,power_cycle_test-000294,366971545,PASS,pass,NONE,,,,0,0,0,0,0,3.65,142.42,2922716,0,uvm_report_server
RUN-000295,power_cycle_test-000295,1506809485,PASS,pass,NONE,,,,0,0,0,0,0,26.05,79.91,10419127,0,uvm_report_server
RUN-000296,sequential_write_test-000296,1466004977,PASS,pass,NONE,,,,0,1,0,0,0,5.73,89.39,4584487,0,uvm_report_server
RUN-000297,erase_suspend_test-000297,1169254019,FAIL,fail,TIMEOUT,E_TMO_0x40,TIMEOUT,1964010,3,1,1,1,0,1968.01,0.04,2361610619,1,uvm_report_server
RUN-000298,mixed_rw_test-000298,1944301546,PASS,pass,NONE,,,,0,0,0,0,0,145.05,0.92,87028766,0,uvm_report_server
RUN-000299,erase_suspend_test-000299,1670789850,PASS,pass,NONE,,,,0,1,0,0,0,14.02,39.27,5606512,0,uvm_report_server
RUN-000300,back_to_back_program_test-000300,941296581,FAIL,fail,FIFO_OVERFLOW,E_FIFO_0x21,FIFO_OVERFLOW,259710,1,1,0,0,0,263.71,0.86,105482167,1,uvm_report_server
RUN-000301,read_disturb_test-000301,1428783450,PASS,pass,NONE,,,,0,1,0,0,0,49.28,20.8,29569210,0,uvm_report_server
RUN-000302,random_read_test-000302,1157878350,FAIL,fail,PROTOCOL_VIOLATION,E_PROT_0x52,PROTOCOL_VIOLATION,9890,3,0,1,1,0,13.89,260.18,16662501,1,uvm_report_server
RUN-000303,read_disturb_test-000303,1588708233,PASS,pass,NONE,,,,0,1,0,0,0,1.0,34.93,1000000,0,uvm_report_server
RUN-000304,read_disturb_test-000304,701347757,FAIL,fail,ASSERTION_FAIL,E_ASRT_0x60,ASSERTION_FAIL,21260,3,0,0,1,0,25.26,11.64,15157709,1,uvm_report_server
RUN-000305,power_cycle_test-000305,1734352692,PASS,pass,NONE,,,,0,0,0,0,0,6.62,9.66,5296737,0,uvm_report_server
RUN-000306,back_to_back_program_test-000306,1732131165,PASS,pass,NONE,,,,0,0,0,0,0,2.43,6.94,972466,0,uvm_report_server
RUN-000307,read_disturb_test-000307,1426645825,PASS,pass,NONE,,,,0,0,0,0,0,6.67,36.95,4001028,0,uvm_report_server
RUN-000308,erase_suspend_test-000308,1629532876,PASS,pass,NONE,,,,0,1,0,0,0,65.92,31.95,79099310,0,uvm_report_server
RUN-000309,garbage_collect_test-000309,349058708,PASS,pass,NONE,,,,0,0,0,0,0,66.61,32.64,66607044,0,uvm_report_server
RUN-000310,garbage_collect_test-000310,570911387,PASS,pass,NONE,,,,0,0,0,0,0,158.01,3.45,126404132,0,uvm_report_server
RUN-000311,erase_suspend_test-000311,1221506917,PASS,pass,NONE,,,,0,0,0,0,0,176.25,22.12,141003414,0,uvm_report_server
RUN-000312,erase_suspend_test-000312,1959833539,PASS,pass,NONE,,,,0,0,0,0,0,1.0,8.34,800000,0,uvm_report_server
RUN-000313,sequential_write_test-000313,1517588105,FAIL,fail,ASSERTION_FAIL,E_ASRT_0x60,ASSERTION_FAIL,2500,2,1,0,0,0,1.2,140.2,961546,1,uvm_report_server
RUN-000314,mixed_rw_test-000314,1542881027,PASS,pass,NONE,,,,0,0,0,0,0,56.34,8.85,22537399,0,uvm_report_server
RUN-000315,back_to_back_program_test-000315,397343099,FAIL,fail,FIFO_OVERFLOW,E_FIFO_0x21,FIFO_OVERFLOW,5150,1,0,0,0,0,9.15,0.9,3661293,1,uvm_report_server
RUN-000316,sequential_write_test-000316,1195554683,PASS,pass,NONE,,,,0,0,0,0,0,10.33,13.4,8262281,0,uvm_report_server
RUN-000317,back_to_back_program_test-000317,1084607158,FAIL,fail,ECC_UNCORRECTABLE,E_ECC_0x33,ECC_UNCORRECTABLE,68910,3,1,0,0,1,72.91,4.65,58327502,1,uvm_report_server
RUN-000318,read_disturb_test-000318,1770763637,PASS,pass,NONE,,,,0,0,0,0,0,34.17,7.69,20502082,0,uvm_report_server
RUN-000319,mixed_rw_test-000319,1680998346,PASS,pass,NONE,,,,0,0,0,0,0,17.48,3.53,20977432,0,uvm_report_server
RUN-000320,random_read_test-000320,701988953,PASS,pass,NONE,,,,0,1,0,0,0,348.72,5.75,209232051,0,uvm_report_server
RUN-000321,random_read_test-000321,2007802808,PASS,pass,NONE,,,,0,1,0,0,0,1.0,60.95,1200000,0,uvm_report_server
RUN-000322,back_to_back_program_test-000322,926421853,PASS,pass,NONE,,,,0,0,0,0,0,11.16,5.97,6693315,0,uvm_report_server
RUN-000323,back_to_back_program_test-000323,1048217297,FAIL,fail,THERMAL_SHUTDOWN,E_THRM_0x80,THERMAL_SHUTDOWN,3610,2,0,0,0,0,7.61,26.55,3045599,1,uvm_report_server
RUN-000324,back_to_back_program_test-000324,921644639,FAIL,fail,FIFO_OVERFLOW,E_FIFO_0x21,FIFO_OVERFLOW,3400,2,0,0,1,0,7.4,57.31,5922936,1,uvm_report_server
RUN-000325,mixed_rw_test-000325,410447633,PASS,pass,NONE,,,,0,1,0,0,0,11.3,190.25,13556955,0,uvm_report_server
RUN-000326,erase_suspend_test-000326,808862461,PASS,pass,NONE,,,,0,0,0,0,0,46.08,2.79,18431219,0,uvm_report_server
RUN-000327,back_to_back_program_test-000327,752641543,PASS,pass,NONE,,,,0,0,0,0,0,28.78,18.88,23022556,0,uvm_report_server
RUN-000328,back_to_back_program_test-000328,1053504643,PASS,pass,NONE,,,,0,0,0,0,0,13.99,0.58,8391304,0,uvm_report_server
RUN-000329,read_disturb_test-000329,1367766088,FAIL,fail,DATA_MISMATCH,E_CMP_0x11,DATA_MISMATCH,2500,2,0,0,0,1,6.2,96.47,6201903,1,uvm_report_server
RUN-000330,back_to_back_program_test-000330,1022428814,PASS,pass,NONE,,,,0,0,0,0,0,59.72,16.48,47773400,0,uvm_report_server
RUN-000331,back_to_back_program_test-000331,656989643,FAIL,fail,FIFO_OVERFLOW,E_FIFO_0x21,FIFO_OVERFLOW,103820,3,1,0,1,0,107.82,0.44,43127297,1,uvm_report_server
RUN-000332,back_to_back_program_test-000332,215830788,PASS,pass,NONE,,,,0,1,0,0,0,2.28,15.45,1367546,0,uvm_report_server
RUN-000333,back_to_back_program_test-000333,186999027,PASS,pass,NONE,,,,0,0,0,0,0,10.25,53.12,8200851,0,uvm_report_server
RUN-000334,sequential_write_test-000334,1815743707,FAIL,fail,RETENTION_FAIL,E_RET_0x71,RETENTION_FAIL,10270,3,0,0,0,1,14.27,19.52,14266505,1,uvm_report_server
RUN-000335,back_to_back_program_test-000335,731647834,PASS,pass,NONE,,,,0,0,0,0,0,35.2,15.29,28156169,0,uvm_report_server
RUN-000336,sequential_write_test-000336,334820255,PASS,pass,NONE,,,,0,1,0,0,0,1.78,18.63,1782355,0,uvm_report_server
RUN-000337,sequential_write_test-000337,445877057,PASS,pass,NONE,,,,0,1,0,0,0,224.95,17.56,179957147,0,uvm_report_server
RUN-000338,back_to_back_program_test-000338,1677847067,PASS,pass,NONE,,,,0,1,0,0,0,1.9,17.69,1518196,0,uvm_report_server
RUN-000339,power_cycle_test-000339,636446156,PASS,pass,NONE,,,,0,1,0,0,0,48.72,10.98,29229373,0,uvm_report_server
RUN-000340,erase_suspend_test-000340,1708213574,PASS,pass,NONE,,,,0,0,0,0,0,129.16,4.11,103331824,0,uvm_report_server
RUN-000341,back_to_back_program_test-000341,1992088353,FAIL,fail,DATA_MISMATCH,E_CMP_0x11,DATA_MISMATCH,2500,1,0,0,0,1,1.4,59.47,1120546,1,uvm_report_server
RUN-000342,mixed_rw_test-000342,644903524,FAIL,fail,TIMEOUT,E_TMO_0x40,TIMEOUT,1970730,4,0,1,1,0,1974.73,0.09,1974733066,1,uvm_report_server
RUN-000343,back_to_back_program_test-000343,84152750,PASS,pass,NONE,,,,0,0,0,0,0,57.84,17.63,34701592,0,uvm_report_server
RUN-000344,read_disturb_test-000344,80599531,PASS,pass,NONE,,,,0,0,0,0,0,72.92,14.77,72923393,0,uvm_report_server
RUN-000345,sequential_write_test-000345,444483380,PASS,pass,NONE,,,,0,0,0,0,0,30.57,17.78,24458118,0,uvm_report_server
RUN-000346,random_read_test-000346,1405184151,PASS,pass,NONE,,,,0,0,0,0,0,133.36,7.95,106684820,0,uvm_report_server
RUN-000347,power_cycle_test-000347,1173410098,PASS,pass,NONE,,,,0,0,0,0,0,130.66,7.52,78394675,0,uvm_report_server
RUN-000348,read_disturb_test-000348,476495856,PASS,pass,NONE,,,,0,1,0,0,0,2.99,21.63,2988244,0,uvm_report_server
RUN-000349,power_cycle_test-000349,109024683,PASS,pass,NONE,,,,0,1,0,0,0,8.26,31.04,6608098,0,uvm_report_server
RUN-000350,mixed_rw_test-000350,459208684,PASS,pass,NONE,,,,0,0,0,0,0,7.59,18.4,4552096,0,uvm_report_server
RUN-000351,back_to_back_program_test-000351,414150407,FAIL,fail,FIFO_OVERFLOW,E_FIFO_0x21,FIFO_OVERFLOW,5460,1,0,0,0,0,9.46,28.02,7568966,1,uvm_report_server
RUN-000352,sequential_write_test-000352,888539783,PASS,pass,NONE,,,,0,0,0,0,0,16.95,14.21,10167220,0,uvm_report_server
RUN-000353,read_disturb_test-000353,1729699959,PASS,pass,NONE,,,,0,0,0,0,0,2.69,49.49,2148928,0,uvm_report_server
RUN-000354,power_cycle_test-000354,1514316162,FAIL,fail,ECC_UNCORRECTABLE,E_ECC_0x33,ECC_UNCORRECTABLE,26290,2,0,0,0,1,30.29,14.64,36351877,1,uvm_report_server
RUN-000355,sequential_write_test-000355,773027441,PASS,pass,NONE,,,,0,1,0,0,0,1760.88,1.19,1760875639,0,uvm_report_server
RUN-000356,random_read_test-000356,700292310,FAIL,fail,TIMEOUT,E_TMO_0x40,TIMEOUT,1969190,2,0,1,1,0,1973.19,0.27,1973191011,1,uvm_report_server
RUN-000357,back_to_back_program_test-000357,1455686568,PASS,pass,NONE,,,,0,0,0,0,0,540.4,1.82,216159209,0,uvm_report_server
RUN-000358,mixed_rw_test-000358,1010518340,PASS,pass,NONE,,,,0,0,0,0,0,21.76,3.02,8703584,0,uvm_report_server
RUN-000359,back_to_back_program_test-000359,1628700080,PASS,pass,NONE,,,,0,1,0,0,0,7.69,15.99,3076682,0,uvm_report_server
RUN-000360,random_read_test-000360,2125182912,PASS,pass,NONE,,,,0,0,0,0,0,5.94,82.43,7133750,0,uvm_report_server
RUN-000361,mixed_rw_test-000361,746864000,PASS,pass,NONE,,,,0,1,0,0,0,142.48,29.22,142475152,0,uvm_report_server
RUN-000362,mixed_rw_test-000362,1974093314,PASS,pass,NONE,,,,0,0,0,0,0,235.99,2.22,141595274,0,uvm_report_server
RUN-000363,random_read_test-000363,1557840943,FAIL,fail,TIMEOUT,E_TMO_0x40,TIMEOUT,1972060,2,0,1,0,0,1976.06,0.01,1976063839,1,uvm_report_server
RUN-000364,back_to_back_program_test-000364,1952973441,PASS,pass,NONE,,,,0,1,0,0,0,21.83,0.36,8732315,0,uvm_report_server
RUN-000365,back_to_back_program_test-000365,1284109179,FAIL,fail,ASSERTION_FAIL,E_ASRT_0x60,ASSERTION_FAIL,9810,2,0,0,0,0,13.81,125.62,8284830,1,uvm_report_server
RUN-000366,sequential_write_test-000366,1642477065,PASS,pass,NONE,,,,0,0,0,0,0,12.46,11.29,14947959,0,uvm_report_server
RUN-000367,random_read_test-000367,196106818,PASS,pass,NONE,,,,0,1,0,0,0,30.19,8.87,24148549,0,uvm_report_server
RUN-000368,erase_suspend_test-000368,2107091101,FAIL,fail,RETENTION_FAIL,E_RET_0x71,RETENTION_FAIL,16180,2,0,0,1,1,20.18,38.56,16141851,1,uvm_report_server
RUN-000369,random_read_test-000369,358747917,PASS,pass,NONE,,,,0,1,0,0,0,82.06,3.13,32824274,0,uvm_report_server
RUN-000370,erase_suspend_test-000370,528245867,FAIL,fail,DATA_MISMATCH,E_CMP_0x11,DATA_MISMATCH,2500,2,0,0,0,1,2.59,67.84,1552489,1,uvm_report_server
RUN-000371,erase_suspend_test-000371,1218798565,PASS,pass,NONE,,,,0,0,0,0,0,1.0,483.73,1000000,0,uvm_report_server
RUN-000372,back_to_back_program_test-000372,2049960932,FAIL,fail,TIMEOUT,E_TMO_0x40,TIMEOUT,1977560,3,1,1,0,0,1981.56,0.08,1981563429,1,uvm_report_server
RUN-000373,mixed_rw_test-000373,62768527,PASS,pass,NONE,,,,0,0,0,0,0,2.31,119.46,2306977,0,uvm_report_server
RUN-000374,garbage_collect_test-000374,1200243472,FAIL,fail,DATA_MISMATCH,E_CMP_0x11,DATA_MISMATCH,2500,1,1,0,0,1,1.0,48.57,800000,1,uvm_report_server
RUN-000375,back_to_back_program_test-000375,461442444,FAIL,fail,FIFO_OVERFLOW,E_FIFO_0x21,FIFO_OVERFLOW,420600,2,1,0,0,0,424.6,1.16,254758904,1,uvm_report_server
RUN-000376,back_to_back_program_test-000376,1779544811,PASS,pass,NONE,,,,0,1,0,0,0,71.3,30.98,71300275,0,uvm_report_server
RUN-000377,back_to_back_program_test-000377,1505000510,PASS,pass,NONE,,,,0,1,0,0,0,41.17,11.72,16467071,0,uvm_report_server
RUN-000378,mixed_rw_test-000378,19039264,PASS,pass,NONE,,,,0,0,0,0,0,12.64,82.88,10109528,0,uvm_report_server
RUN-000379,sequential_write_test-000379,1513280562,FAIL,fail,DATA_MISMATCH,E_CMP_0x11,DATA_MISMATCH,9230,1,1,0,0,1,13.23,9.27,7936525,1,uvm_report_server
RUN-000380,back_to_back_program_test-000380,604059296,FAIL,fail,TIMEOUT,E_TMO_0x40,TIMEOUT,1967280,4,0,1,1,0,1971.28,1.13,1971280931,1,uvm_report_server
RUN-000381,mixed_rw_test-000381,366227228,FAIL,fail,ECC_UNCORRECTABLE,E_ECC_0x33,ECC_UNCORRECTABLE,45010,3,1,0,0,1,49.01,4.58,39208443,1,uvm_report_server
RUN-000382,garbage_collect_test-000382,35198552,PASS,pass,NONE,,,,0,0,0,0,0,18.7,105.63,22441340,0,uvm_report_server
RUN-000383,back_to_back_program_test-000383,1329269770,PASS,pass,NONE,,,,0,0,0,0,0,112.06,2.27,44825847,0,uvm_report_server
RUN-000384,power_cycle_test-000384,589326197,PASS,pass,NONE,,,,0,0,0,0,0,125.15,17.51,75087395,0,uvm_report_server
RUN-000385,sequential_write_test-000385,160832429,FAIL,fail,RETENTION_FAIL,E_RET_0x71,RETENTION_FAIL,415380,4,0,0,1,1,419.38,1.28,419383346,1,uvm_report_server
RUN-000386,garbage_collect_test-000386,2074126516,PASS,pass,NONE,,,,0,1,0,0,0,5.31,6.52,5305784,0,uvm_report_server
RUN-000387,mixed_rw_test-000387,1507657240,PASS,pass,NONE,,,,0,0,0,0,0,45.1,11.54,45095972,0,uvm_report_server
RUN-000388,garbage_collect_test-000388,241509938,FAIL,fail,THERMAL_SHUTDOWN,E_THRM_0x80,THERMAL_SHUTDOWN,2500,1,0,0,0,0,3.43,2.34,3432213,1,uvm_report_server
RUN-000389,random_read_test-000389,737050651,PASS,pass,NONE,,,,0,0,0,0,0,207.0,9.65,165602705,0,uvm_report_server
RUN-000390,mixed_rw_test-000390,1187824243,PASS,pass,NONE,,,,0,0,0,0,0,59.53,9.34,35718602,0,uvm_report_server
RUN-000391,mixed_rw_test-000391,576818787,PASS,pass,NONE,,,,0,0,0,0,0,13.1,10.11,10480220,0,uvm_report_server
RUN-000392,read_disturb_test-000392,1543305563,PASS,pass,NONE,,,,0,0,0,0,0,32.17,1.02,25733831,0,uvm_report_server
RUN-000393,mixed_rw_test-000393,2047573764,FAIL,fail,DATA_MISMATCH,E_CMP_0x11,DATA_MISMATCH,94750,2,0,0,0,1,98.75,5.17,79001181,1,uvm_report_server
RUN-000394,back_to_back_program_test-000394,1726380349,PASS,pass,NONE,,,,0,1,0,0,0,6.31,79.32,7569492,0,uvm_report_server
RUN-000395,back_to_back_program_test-000395,287401803,PASS,pass,NONE,,,,0,0,0,0,0,6.1,20.64,7317349,0,uvm_report_server
RUN-000396,sequential_write_test-000396,1023926638,PASS,pass,NONE,,,,0,0,0,0,0,2.9,169.79,2320377,0,uvm_report_server
RUN-000397,sequential_write_test-000397,2011402912,PASS,pass,NONE,,,,0,0,0,0,0,1.0,16.38,800000,0,uvm_report_server
RUN-000398,read_disturb_test-000398,995649137,FAIL,fail,ASSERTION_FAIL,E_ASRT_0x60,ASSERTION_FAIL,2610,3,0,0,0,0,6.61,17.96,3963000,1,uvm_report_server
RUN-000399,power_cycle_test-000399,1173706519,PASS,pass,NONE,,,,0,0,0,0,0,578.26,3.74,462611312,0,uvm_report_server
RUN-000400,garbage_collect_test-000400,1681964002,PASS,pass,NONE,,,,0,0,0,0,0,15.69,1.96,9413537,0,uvm_report_server
RUN-000401,random_read_test-000401,613574828,PASS,pass,NONE,,,,0,1,0,0,0,7.0,19.33,5597540,0,uvm_report_server
RUN-000402,back_to_back_program_test-000402,736780870,FAIL,fail,FIFO_OVERFLOW,E_FIFO_0x21,FIFO_OVERFLOW,183560,4,0,0,1,0,187.56,1.12,75023454,1,uvm_report_server
RUN-000403,mixed_rw_test-000403,1614837417,PASS,pass,NONE,,,,0,0,0,0,0,3.31,73.25,3305002,0,uvm_report_server
RUN-000404,mixed_rw_test-000404,83403465,FAIL,fail,TIMEOUT,E_TMO_0x40,TIMEOUT,1976030,2,0,1,1,0,1980.03,0.36,2376037232,1,uvm_report_server
RUN-000405,random_read_test-000405,1711783907,FAIL,fail,ASSERTION_FAIL,E_ASRT_0x60,ASSERTION_FAIL,77850,2,1,0,0,0,81.85,0.65,49110987,1,uvm_report_server
RUN-000406,read_disturb_test-000406,2131703572,PASS,pass,NONE,,,,0,0,0,0,0,1.0,61.32,800000,0,uvm_report_server
RUN-000407,random_read_test-000407,1118711120,FAIL,fail,PROTOCOL_VIOLATION,E_PROT_0x52,PROTOCOL_VIOLATION,28900,2,0,1,0,0,32.9,275.86,26323903,1,uvm_report_server
RUN-000408,garbage_collect_test-000408,539106655,FAIL,fail,TIMEOUT,E_TMO_0x40,TIMEOUT,1975430,4,1,1,1,0,1979.43,0.02,1979429709,1,uvm_report_server
RUN-000409,random_read_test-000409,1369119163,PASS,pass,NONE,,,,0,0,0,0,0,3.63,75.6,1452859,0,uvm_report_server
RUN-000410,mixed_rw_test-000410,822431717,PASS,pass,NONE,,,,0,0,0,0,0,65.84,8.09,26336389,0,uvm_report_server
RUN-000411,erase_suspend_test-000411,628147862,PASS,pass,NONE,,,,0,0,0,0,0,77.67,6.24,46604401,0,uvm_report_server
RUN-000412,power_cycle_test-000412,471819117,PASS,pass,NONE,,,,0,0,0,0,0,20.75,104.57,12452155,0,uvm_report_server
RUN-000413,back_to_back_program_test-000413,715579067,PASS,pass,NONE,,,,0,0,0,0,0,107.02,9.99,107016442,0,uvm_report_server
RUN-000414,back_to_back_program_test-000414,1677917502,PASS,pass,NONE,,,,0,0,0,0,0,5.28,104.52,4227490,0,uvm_report_server
RUN-000415,sequential_write_test-000415,564819140,FAIL,fail,TIMEOUT,E_TMO_0x40,TIMEOUT,1982830,4,0,1,1,0,1986.83,0.0,2384199484,1,uvm_report_server
RUN-000416,random_read_test-000416,1712385091,PASS,pass,NONE,,,,0,1,0,0,0,1.0,15.06,800000,0,uvm_report_server
RUN-000417,read_disturb_test-000417,1031612545,PASS,pass,NONE,,,,0,0,0,0,0,53.46,19.19,32078384,0,uvm_report_server
RUN-000418,sequential_write_test-000418,151493451,PASS,pass,NONE,,,,0,0,0,0,0,1.0,17.16,800000,0,uvm_report_server
RUN-000419,power_cycle_test-000419,1411061940,PASS,pass,NONE,,,,0,0,0,0,0,11.87,11.39,11871611,0,uvm_report_server
RUN-000420,mixed_rw_test-000420,746729068,FAIL,fail,TIMEOUT,E_TMO_0x40,TIMEOUT,1965720,3,1,1,0,0,1969.72,0.09,1969720079,1,uvm_report_server
RUN-000421,erase_suspend_test-000421,804466297,PASS,pass,NONE,,,,0,0,0,0,0,119.4,4.56,95516599,0,uvm_report_server
RUN-000422,power_cycle_test-000422,1141676005,PASS,pass,NONE,,,,0,0,0,0,0,13.46,78.94,16148427,0,uvm_report_server
RUN-000423,back_to_back_program_test-000423,2066061217,PASS,pass,NONE,,,,0,0,0,0,0,270.17,3.8,108068664,0,uvm_report_server
RUN-000424,random_read_test-000424,731820499,PASS,pass,NONE,,,,0,0,0,0,0,33.98,3.94,13591772,0,uvm_report_server
RUN-000425,random_read_test-000425,1398750242,PASS,pass,NONE,,,,0,0,0,0,0,13.77,10.24,16521152,0,uvm_report_server
RUN-000426,power_cycle_test-000426,1008587813,FAIL,fail,RETENTION_FAIL,E_RET_0x71,RETENTION_FAIL,256100,2,0,0,1,1,260.1,0.53,104040712,1,uvm_report_server
RUN-000427,garbage_collect_test-000427,1604770276,PASS,pass,NONE,,,,0,0,0,0,0,3.15,78.36,2521121,0,uvm_report_server
RUN-000428,back_to_back_program_test-000428,1766985211,PASS,pass,NONE,,,,0,0,0,0,0,9.4,13.16,7522905,0,uvm_report_server
RUN-000429,erase_suspend_test-000429,1337522383,PASS,pass,NONE,,,,0,1,0,0,0,22.62,2.88,13569975,0,uvm_report_server
RUN-000430,sequential_write_test-000430,1368633008,PASS,pass,NONE,,,,0,1,0,0,0,146.08,14.42,87647633,0,uvm_report_server
RUN-000431,random_read_test-000431,872885879,PASS,pass,NONE,,,,0,0,0,0,0,5.33,23.32,3197247,0,uvm_report_server
RUN-000432,mixed_rw_test-000432,446853452,PASS,pass,NONE,,,,0,1,0,0,0,24.49,41.06,24494214,0,uvm_report_server
RUN-000433,power_cycle_test-000433,1092994573,PASS,pass,NONE,,,,0,0,0,0,0,2.58,25.75,1550142,0,uvm_report_server
RUN-000434,erase_suspend_test-000434,1389665363,PASS,pass,NONE,,,,0,0,0,0,0,2.18,63.4,1307792,0,uvm_report_server
RUN-000435,read_disturb_test-000435,433428653,FAIL,fail,TIMEOUT,E_TMO_0x40,TIMEOUT,1979910,1,0,1,0,0,1983.91,0.7,1983912226,1,uvm_report_server
RUN-000436,erase_suspend_test-000436,1097461320,PASS,pass,NONE,,,,0,0,0,0,0,91.69,21.55,110024879,0,uvm_report_server
RUN-000437,random_read_test-000437,1438949568,FAIL,fail,THERMAL_SHUTDOWN,E_THRM_0x80,THERMAL_SHUTDOWN,2500,3,0,0,1,0,1.56,83.45,933473,1,uvm_report_server
RUN-000438,read_disturb_test-000438,293881323,PASS,pass,NONE,,,,0,0,0,0,0,61.45,15.83,61445711,0,uvm_report_server
RUN-000439,back_to_back_program_test-000439,1433327069,PASS,pass,NONE,,,,0,1,0,0,0,11.58,11.9,9264408,0,uvm_report_server
RUN-000440,back_to_back_program_test-000440,28452631,FAIL,fail,ECC_UNCORRECTABLE,E_ECC_0x33,ECC_UNCORRECTABLE,392100,2,1,0,0,1,396.1,9.28,158439574,1,uvm_report_server
RUN-000441,sequential_write_test-000441,711860102,PASS,pass,NONE,,,,0,1,0,0,0,19.39,98.33,15513810,0,uvm_report_server
RUN-000442,random_read_test-000442,1632040502,PASS,pass,NONE,,,,0,0,0,0,0,56.45,4.59,22581119,0,uvm_report_server
RUN-000443,random_read_test-000443,1974341497,FAIL,fail,DATA_MISMATCH,E_CMP_0x11,DATA_MISMATCH,2500,2,1,0,1,1,1.3,201.45,519317,1,uvm_report_server
RUN-000444,random_read_test-000444,1888873862,PASS,pass,NONE,,,,0,0,0,0,0,1.84,148.45,1475819,0,uvm_report_server
RUN-000445,sequential_write_test-000445,76356773,PASS,pass,NONE,,,,0,0,0,0,0,22.16,22.59,13295744,0,uvm_report_server
RUN-000446,sequential_write_test-000446,1046678868,PASS,pass,NONE,,,,0,0,0,0,0,29.2,143.99,11679430,0,uvm_report_server
RUN-000447,mixed_rw_test-000447,625221697,FAIL,fail,ASSERTION_FAIL,E_ASRT_0x60,ASSERTION_FAIL,120080,3,0,0,1,0,124.08,7.77,74448905,1,uvm_report_server
RUN-000448,sequential_write_test-000448,275732069,PASS,pass,NONE,,,,0,0,0,0,0,21.26,5.74,8503843,0,uvm_report_server
RUN-000449,back_to_back_program_test-000449,626300890,FAIL,fail,PROTOCOL_VIOLATION,E_PROT_0x52,PROTOCOL_VIOLATION,14540,2,0,1,0,0,18.54,189.1,14830047,1,uvm_report_server
RUN-000450,random_read_test-000450,934462787,PASS,pass,NONE,,,,0,1,0,0,0,45.39,22.94,27232192,0,uvm_report_server
RUN-000451,erase_suspend_test-000451,1908653576,PASS,pass,NONE,,,,0,1,0,0,0,7.96,30.31,7957127,0,uvm_report_server
RUN-000452,mixed_rw_test-000452,198100388,PASS,pass,NONE,,,,0,0,0,0,0,172.0,24.54,137601920,0,uvm_report_server
RUN-000453,erase_suspend_test-000453,655577678,PASS,pass,NONE,,,,0,0,0,0,0,12.81,0.67,7687121,0,uvm_report_server
RUN-000454,read_disturb_test-000454,1923172252,PASS,pass,NONE,,,,0,0,0,0,0,12.04,20.86,14445252,0,uvm_report_server
RUN-000455,sequential_write_test-000455,1200721427,PASS,pass,NONE,,,,0,1,0,0,0,1.0,16.91,600000,0,uvm_report_server
RUN-000456,mixed_rw_test-000456,1263229360,FAIL,fail,TIMEOUT,E_TMO_0x40,TIMEOUT,1975150,2,0,1,0,0,1979.15,2.82,1979147111,1,uvm_report_server
RUN-000457,back_to_back_program_test-000457,1070726394,PASS,pass,NONE,,,,0,0,0,0,0,95.7,2.86,38278008,0,uvm_report_server
RUN-000458,sequential_write_test-000458,342737491,PASS,pass,NONE,,,,0,1,0,0,0,23.77,10.38,19014891,0,uvm_report_server
RUN-000459,sequential_write_test-000459,1224277313,PASS,pass,NONE,,,,0,1,0,0,0,324.76,1.65,129904236,0,uvm_report_server
RUN-000460,random_read_test-000460,298924723,FAIL,fail,TIMEOUT,E_TMO_0x40,TIMEOUT,1970850,3,1,1,0,0,1974.85,0.26,1974845741,1,uvm_report_server
RUN-000461,mixed_rw_test-000461,1340057145,PASS,pass,NONE,,,,0,0,0,0,0,27.62,4.87,22093819,0,uvm_report_server
RUN-000462,sequential_write_test-000462,1547747306,PASS,pass,NONE,,,,0,1,0,0,0,7.43,18.51,7434348,0,uvm_report_server
RUN-000463,back_to_back_program_test-000463,1668310789,PASS,pass,NONE,,,,0,1,0,0,0,1.03,16.06,1034358,0,uvm_report_server
RUN-000464,back_to_back_program_test-000464,997972241,PASS,pass,NONE,,,,0,0,0,0,0,7.38,75.04,4427768,0,uvm_report_server
RUN-000465,random_read_test-000465,1405286985,PASS,pass,NONE,,,,0,0,0,0,0,11.24,6.02,8990546,0,uvm_report_server
RUN-000466,back_to_back_program_test-000466,1057421738,PASS,pass,NONE,,,,0,1,0,0,0,3.77,36.02,3016230,0,uvm_report_server
RUN-000467,garbage_collect_test-000467,741169941,PASS,pass,NONE,,,,0,1,0,0,0,6.08,45.27,6078957,0,uvm_report_server
RUN-000468,back_to_back_program_test-000468,1439155044,PASS,pass,NONE,,,,0,0,0,0,0,13.67,18.98,10932102,0,uvm_report_server
RUN-000469,mixed_rw_test-000469,1678487077,PASS,pass,NONE,,,,0,0,0,0,0,296.03,7.29,236823436,0,uvm_report_server
RUN-000470,random_read_test-000470,954073287,FAIL,fail,DATA_MISMATCH,E_CMP_0x11,DATA_MISMATCH,804210,2,1,0,0,1,808.21,0.44,646564322,1,uvm_report_server
RUN-000471,random_read_test-000471,131570266,PASS,pass,NONE,,,,0,0,0,0,0,359.62,5.53,215769984,0,uvm_report_server
RUN-000472,back_to_back_program_test-000472,1434854330,FAIL,fail,THERMAL_SHUTDOWN,E_THRM_0x80,THERMAL_SHUTDOWN,35820,4,0,0,1,0,39.82,3.97,23893903,1,uvm_report_server
RUN-000473,random_read_test-000473,1090539356,PASS,pass,NONE,,,,0,1,0,0,0,14.28,68.59,14277498,0,uvm_report_server
RUN-000474,sequential_write_test-000474,599023881,PASS,pass,NONE,,,,0,0,0,0,0,4.82,100.92,4818036,0,uvm_report_server
RUN-000475,back_to_back_program_test-000475,544151787,PASS,pass,NONE,,,,0,0,0,0,0,305.07,3.47,183044413,0,uvm_report_server
RUN-000476,mixed_rw_test-000476,161402287,PASS,pass,NONE,,,,0,0,0,0,0,5.49,12.23,4394851,0,uvm_report_server
RUN-000477,read_disturb_test-000477,2062158489,PASS,pass,NONE,,,,0,0,0,0,0,13.76,70.16,11006126,0,uvm_report_server
RUN-000478,mixed_rw_test-000478,1061763404,FAIL,fail,RETENTION_FAIL,E_RET_0x71,RETENTION_FAIL,226490,3,1,0,1,1,230.49,5.57,230491028,1,uvm_report_server
RUN-000479,garbage_collect_test-000479,1007804583,FAIL,fail,TIMEOUT,E_TMO_0x40,TIMEOUT,1989170,3,0,1,1,0,1993.17,0.01,2391808092,1,uvm_report_server
RUN-000480,read_disturb_test-000480,452309970,PASS,pass,NONE,,,,0,0,0,0,0,12.52,10.0,10018672,0,uvm_report_server
RUN-000481,back_to_back_program_test-000481,749240993,PASS,pass,NONE,,,,0,1,0,0,0,412.6,79.33,330081895,0,uvm_report_server
RUN-000482,garbage_collect_test-000482,749630034,FAIL,fail,PROTOCOL_VIOLATION,E_PROT_0x52,PROTOCOL_VIOLATION,114460,2,0,1,0,0,118.46,61.4,47384228,1,uvm_report_server
RUN-000483,random_read_test-000483,132652404,FAIL,fail,TIMEOUT,E_TMO_0x40,TIMEOUT,1980780,4,0,1,1,0,1984.78,0.08,1984781188,1,uvm_report_server
RUN-000484,random_read_test-000484,1092391419,FAIL,fail,ECC_UNCORRECTABLE,E_ECC_0x33,ECC_UNCORRECTABLE,398840,1,1,0,0,1,402.84,3.46,241702743,1,uvm_report_server
RUN-000485,sequential_write_test-000485,1275285702,PASS,pass,NONE,,,,0,0,0,0,0,13.03,80.72,13034748,0,uvm_report_server
RUN-000486,erase_suspend_test-000486,1066710183,PASS,pass,NONE,,,,0,0,0,0,0,55.37,35.39,44295509,0,uvm_report_server
RUN-000487,back_to_back_program_test-000487,253180454,PASS,pass,NONE,,,,0,0,0,0,0,6.66,18.73,2662589,0,uvm_report_server
RUN-000488,mixed_rw_test-000488,1525491270,PASS,pass,NONE,,,,0,0,0,0,0,1.0,245.54,1000000,0,uvm_report_server
RUN-000489,erase_suspend_test-000489,861903987,PASS,pass,NONE,,,,0,1,0,0,0,40.11,1.71,48135379,0,uvm_report_server
RUN-000490,random_read_test-000490,1577464977,FAIL,fail,DATA_MISMATCH,E_CMP_0x11,DATA_MISMATCH,19200,3,0,0,0,1,23.2,116.11,18561316,1,uvm_report_server
RUN-000491,mixed_rw_test-000491,1428186605,PASS,pass,NONE,,,,0,0,0,0,0,75.93,6.64,60745422,0,uvm_report_server
RUN-000492,sequential_write_test-000492,1084926973,PASS,pass,NONE,,,,0,1,0,0,0,80.59,107.68,64472776,0,uvm_report_server
RUN-000493,back_to_back_program_test-000493,436720538,FAIL,fail,ASSERTION_FAIL,E_ASRT_0x60,ASSERTION_FAIL,22930,4,0,0,1,0,26.93,5.21,16160328,1,uvm_report_server
RUN-000494,back_to_back_program_test-000494,1552087155,PASS,pass,NONE,,,,0,1,0,0,0,209.09,0.61,167271819,0,uvm_report_server
RUN-000495,power_cycle_test-000495,1795461974,PASS,pass,NONE,,,,0,0,0,0,0,2.54,12.32,1523322,0,uvm_report_server
RUN-000496,sequential_write_test-000496,1332086556,PASS,pass,NONE,,,,0,0,0,0,0,15.54,33.93,15544608,0,uvm_report_server
RUN-000497,erase_suspend_test-000497,2098521233,PASS,pass,NONE,,,,0,1,0,0,0,10.92,22.19,13098835,0,uvm_report_server
RUN-000498,back_to_back_program_test-000498,287023827,FAIL,fail,FIFO_OVERFLOW,E_FIFO_0x21,FIFO_OVERFLOW,4550,3,0,0,0,0,8.55,2.79,6839711,1,uvm_report_server
RUN-000499,mixed_rw_test-000499,1190368719,FAIL,fail,ECC_UNCORRECTABLE,E_ECC_0x33,ECC_UNCORRECTABLE,465900,1,0,0,0,1,469.9,5.06,281942448,1,uvm_report_server
RUN-000500,random_read_test-000500,351509005,PASS,pass,NONE,,,,0,1,0,0,0,46.71,23.06,37364271,0,uvm_report_server
RUN-000501,random_read_test-000501,1523968751,PASS,pass,NONE,,,,0,0,0,0,0,1.18,108.15,1418691,0,uvm_report_server
RUN-000502,mixed_rw_test-000502,1420790227,FAIL,fail,ASSERTION_FAIL,E_ASRT_0x60,ASSERTION_FAIL,2500,1,0,0,0,0,4.21,95.39,3365646,1,uvm_report_server
RUN-000503,sequential_write_test-000503,369475337,PASS,pass,NONE,,,,0,0,0,0,0,92.43,23.6,55455375,0,uvm_report_server
RUN-000504,sequential_write_test-000504,1039079993,PASS,pass,NONE,,,,0,1,0,0,0,136.3,0.45,54518807,0,uvm_report_server
RUN-000505,random_read_test-000505,2078896355,PASS,pass,NONE,,,,0,0,0,0,0,2.78,24.13,2226193,0,uvm_report_server
RUN-000506,power_cycle_test-000506,1019907921,PASS,pass,NONE,,,,0,0,0,0,0,334.86,3.09,334856152,0,uvm_report_server
RUN-000507,back_to_back_program_test-000507,55476643,PASS,pass,NONE,,,,0,1,0,0,0,2.6,25.64,2597426,0,uvm_report_server
RUN-000508,back_to_back_program_test-000508,899480083,PASS,pass,NONE,,,,0,0,0,0,0,40.38,13.61,16152463,0,uvm_report_server
RUN-000509,sequential_write_test-000509,809198204,PASS,pass,NONE,,,,0,1,0,0,0,4.43,6.92,1772505,0,uvm_report_server
RUN-000510,back_to_back_program_test-000510,249240179,PASS,pass,NONE,,,,0,0,0,0,0,51.54,82.14,41230641,0,uvm_report_server
RUN-000511,random_read_test-000511,245834743,PASS,pass,NONE,,,,0,1,0,0,0,87.12,6.35,87124079,0,uvm_report_server
RUN-000512,read_disturb_test-000512,1250597630,FAIL,fail,TIMEOUT,E_TMO_0x40,TIMEOUT,1965310,1,0,1,0,0,1969.31,0.21,1969309556,1,uvm_report_server
RUN-000513,garbage_collect_test-000513,551974211,PASS,pass,NONE,,,,0,1,0,0,0,148.43,1.88,59373938,0,uvm_report_server
RUN-000514,random_read_test-000514,2092311637,PASS,pass,NONE,,,,0,0,0,0,0,49.68,1.26,39744014,0,uvm_report_server
RUN-000515,random_read_test-000515,500067002,FAIL,fail,ECC_UNCORRECTABLE,E_ECC_0x33,ECC_UNCORRECTABLE,48270,4,0,0,1,1,52.27,6.69,52267220,1,uvm_report_server
RUN-000516,garbage_collect_test-000516,1137293167,PASS,pass,NONE,,,,0,1,0,0,0,110.11,2.45,132126823,0,uvm_report_server
RUN-000517,sequential_write_test-000517,206979392,PASS,pass,NONE,,,,0,1,0,0,0,12.22,42.99,14663987,0,uvm_report_server
RUN-000518,garbage_collect_test-000518,143860092,PASS,pass,NONE,,,,0,0,0,0,0,1.0,61.11,1000000,0,uvm_report_server
RUN-000519,random_read_test-000519,46064129,FAIL,fail,DATA_MISMATCH,E_CMP_0x11,DATA_MISMATCH,5670,2,0,0,1,1,9.67,2.71,5800741,1,uvm_report_server
RUN-000520,random_read_test-000520,747236825,FAIL,fail,ECC_UNCORRECTABLE,E_ECC_0x33,ECC_UNCORRECTABLE,7120,1,0,0,0,1,11.12,169.3,11123020,1,uvm_report_server
RUN-000521,random_read_test-000521,1736573327,FAIL,fail,RETENTION_FAIL,E_RET_0x71,RETENTION_FAIL,39030,2,0,0,0,1,43.03,1.05,43027354,1,uvm_report_server
RUN-000522,random_read_test-000522,1543432399,PASS,pass,NONE,,,,0,0,0,0,0,28.98,8.89,17386063,0,uvm_report_server
RUN-000523,sequential_write_test-000523,1484100826,PASS,pass,NONE,,,,0,0,0,0,0,3.25,1.25,1950243,0,uvm_report_server
RUN-000524,mixed_rw_test-000524,1852195220,PASS,pass,NONE,,,,0,0,0,0,0,1.77,139.85,1765140,0,uvm_report_server
RUN-000525,random_read_test-000525,1388139619,PASS,pass,NONE,,,,0,0,0,0,0,33.66,33.37,20196286,0,uvm_report_server
RUN-000526,random_read_test-000526,1042319927,PASS,pass,NONE,,,,0,0,0,0,0,20.96,105.9,12574800,0,uvm_report_server
RUN-000527,mixed_rw_test-000527,1048955478,FAIL,fail,TIMEOUT,E_TMO_0x40,TIMEOUT,1989020,4,1,1,1,0,1993.02,0.24,2391623693,1,uvm_report_server
RUN-000528,mixed_rw_test-000528,1568006846,PASS,pass,NONE,,,,0,1,0,0,0,2.24,61.4,1790848,0,uvm_report_server
RUN-000529,mixed_rw_test-000529,1776126538,FAIL,fail,DATA_MISMATCH,E_CMP_0x11,DATA_MISMATCH,45740,2,0,0,1,1,49.74,7.66,39788513,1,uvm_report_server
RUN-000530,sequential_write_test-000530,591636507,PASS,pass,NONE,,,,0,0,0,0,0,1.31,24.98,1570917,0,uvm_report_server
RUN-000531,back_to_back_program_test-000531,165920638,PASS,pass,NONE,,,,0,1,0,0,0,216.79,4.55,260150385,0,uvm_report_server
RUN-000532,read_disturb_test-000532,1531943901,FAIL,fail,THERMAL_SHUTDOWN,E_THRM_0x80,THERMAL_SHUTDOWN,14690,3,0,0,1,0,18.69,15.66,14948284,1,uvm_report_server
RUN-000533,sequential_write_test-000533,1062840882,PASS,pass,NONE,,,,0,0,0,0,0,74.16,7.4,29662869,0,uvm_report_server
RUN-000534,sequential_write_test-000534,557150779,PASS,pass,NONE,,,,0,0,0,0,0,64.59,33.17,38756658,0,uvm_report_server
RUN-000535,back_to_back_program_test-000535,1929151903,FAIL,fail,FIFO_OVERFLOW,E_FIFO_0x21,FIFO_OVERFLOW,47190,2,1,0,0,0,51.19,2.62,30715334,1,uvm_report_server
RUN-000536,random_read_test-000536,908969033,PASS,pass,NONE,,,,0,0,0,0,0,9.46,7.3,7571954,0,uvm_report_server
RUN-000537,back_to_back_program_test-000537,2046285179,FAIL,fail,FIFO_OVERFLOW,E_FIFO_0x21,FIFO_OVERFLOW,50020,4,0,0,1,0,54.02,3.46,21606253,1,uvm_report_server
RUN-000538,mixed_rw_test-000538,388472912,PASS,pass,NONE,,,,0,1,0,0,0,10.76,52.16,4304835,0,uvm_report_server
RUN-000539,garbage_collect_test-000539,89654190,PASS,pass,NONE,,,,0,0,0,0,0,43.57,46.45,34859382,0,uvm_report_server
RUN-000540,garbage_collect_test-000540,774539491,PASS,pass,NONE,,,,0,0,0,0,0,758.42,0.74,455053400,0,uvm_report_server
RUN-000541,garbage_collect_test-000541,1799772967,PASS,pass,NONE,,,,0,0,0,0,0,12.69,5.47,5076392,0,uvm_report_server
RUN-000542,mixed_rw_test-000542,314464436,PASS,pass,NONE,,,,0,0,0,0,0,22.65,48.82,13589067,0,uvm_report_server
RUN-000543,erase_suspend_test-000543,1495590377,PASS,pass,NONE,,,,0,0,0,0,0,148.5,28.62,118802730,0,uvm_report_server
RUN-000544,sequential_write_test-000544,776388967,FAIL,fail,THERMAL_SHUTDOWN,E_THRM_0x80,THERMAL_SHUTDOWN,2500,1,0,0,0,0,2.49,94.26,1993126,1,uvm_report_server
RUN-000545,read_disturb_test-000545,849848293,FAIL,fail,DATA_MISMATCH,E_CMP_0x11,DATA_MISMATCH,42740,3,1,0,0,1,46.74,0.37,28042871,1,uvm_report_server
RUN-000546,back_to_back_program_test-000546,806424122,PASS,pass,NONE,,,,0,1,0,0,0,138.1,30.06,55240306,0,uvm_report_server
RUN-000547,sequential_write_test-000547,791466902,PASS,pass,NONE,,,,0,0,0,0,0,83.82,3.08,67058812,0,uvm_report_server
RUN-000548,mixed_rw_test-000548,238286225,PASS,pass,NONE,,,,0,0,0,0,0,4.02,33.96,4820557,0,uvm_report_server
RUN-000549,mixed_rw_test-000549,1694219878,PASS,pass,NONE,,,,0,1,0,0,0,24.73,87.61,14836182,0,uvm_report_server
RUN-000550,erase_suspend_test-000550,1632731903,PASS,pass,NONE,,,,0,1,0,0,0,1.23,380.63,1472603,0,uvm_report_server
RUN-000551,random_read_test-000551,1330302012,PASS,pass,NONE,,,,0,0,0,0,0,60.72,66.76,36431835,0,uvm_report_server
RUN-000552,mixed_rw_test-000552,244345261,PASS,pass,NONE,,,,0,0,0,0,0,5.09,212.72,6109264,0,uvm_report_server
RUN-000553,random_read_test-000553,1573816984,FAIL,fail,TIMEOUT,E_TMO_0x40,TIMEOUT,1991200,3,1,1,0,0,1995.2,0.05,1995204762,1,uvm_report_server
RUN-000554,read_disturb_test-000554,163239293,FAIL,fail,THERMAL_SHUTDOWN,E_THRM_0x80,THERMAL_SHUTDOWN,13710,3,1,0,1,0,17.71,4.81,7085564,1,uvm_report_server
RUN-000555,back_to_back_program_test-000555,2053410187,PASS,pass,NONE,,,,0,1,0,0,0,7.07,9.1,2827091,0,uvm_report_server
RUN-000556,random_read_test-000556,424960569,PASS,pass,NONE,,,,0,0,0,0,0,29.66,34.55,29658234,0,uvm_report_server
RUN-000557,back_to_back_program_test-000557,932769567,FAIL,fail,RETENTION_FAIL,E_RET_0x71,RETENTION_FAIL,24910,3,1,0,0,1,28.91,7.56,23126069,1,uvm_report_server
RUN-000558,erase_suspend_test-000558,1918355186,PASS,pass,NONE,,,,0,0,0,0,0,1.0,68.84,1000000,0,uvm_report_server
RUN-000559,sequential_write_test-000559,546761063,FAIL,fail,ASSERTION_FAIL,E_ASRT_0x60,ASSERTION_FAIL,23220,2,0,0,1,0,27.22,50.94,10887447,1,uvm_report_server
RUN-000560,sequential_write_test-000560,2100972423,PASS,pass,NONE,,,,0,0,0,0,0,21.75,95.61,8698337,0,uvm_report_server
RUN-000561,mixed_rw_test-000561,1215103134,PASS,pass,NONE,,,,0,1,0,0,0,11.93,21.41,11933381,0,uvm_report_server
RUN-000562,back_to_back_program_test-000562,685876840,FAIL,fail,FIFO_OVERFLOW,E_FIFO_0x21,FIFO_OVERFLOW,31000,1,0,0,0,0,35.0,1.73,42003925,1,uvm_report_server
RUN-000563,garbage_collect_test-000563,1249391040,PASS,pass,NONE,,,,0,0,0,0,0,4.19,32.13,2514514,0,uvm_report_server
RUN-000564,sequential_write_test-000564,245077570,PASS,pass,NONE,,,,0,0,0,0,0,41.92,12.84,50307079,0,uvm_report_server
RUN-000565,garbage_collect_test-000565,1271835288,PASS,pass,NONE,,,,0,0,0,0,0,9.52,13.1,7615312,0,uvm_report_server
RUN-000566,read_disturb_test-000566,483793135,PASS,pass,NONE,,,,0,0,0,0,0,17.59,31.33,17589835,0,uvm_report_server
RUN-000567,sequential_write_test-000567,106753955,PASS,pass,NONE,,,,0,0,0,0,0,15.69,33.78,12554169,0,uvm_report_server
RUN-000568,read_disturb_test-000568,1937803454,FAIL,fail,DATA_MISMATCH,E_CMP_0x11,DATA_MISMATCH,5970,2,0,0,0,1,9.97,17.05,11958376,1,uvm_report_server
RUN-000569,erase_suspend_test-000569,1205733170,FAIL,fail,DATA_MISMATCH,E_CMP_0x11,DATA_MISMATCH,4890,1,0,0,0,1,8.89,15.16,8890994,1,uvm_report_server
RUN-000570,random_read_test-000570,193478511,PASS,pass,NONE,,,,0,0,0,0,0,19.05,114.94,19048698,0,uvm_report_server
RUN-000571,mixed_rw_test-000571,1786198363,PASS,pass,NONE,,,,0,0,0,0,0,5.84,89.03,5836368,0,uvm_report_server
RUN-000572,mixed_rw_test-000572,1575795858,PASS,pass,NONE,,,,0,0,0,0,0,24.74,11.27,29684297,0,uvm_report_server
RUN-000573,erase_suspend_test-000573,1893175990,PASS,pass,NONE,,,,0,0,0,0,0,75.04,55.04,75044517,0,uvm_report_server
RUN-000574,random_read_test-000574,1846916820,PASS,pass,NONE,,,,0,1,0,0,0,6.54,4.93,3925519,0,uvm_report_server
RUN-000575,random_read_test-000575,702511898,PASS,pass,NONE,,,,0,0,0,0,0,54.93,8.91,43943040,0,uvm_report_server
RUN-000576,random_read_test-000576,1246438007,FAIL,fail,TIMEOUT,E_TMO_0x40,TIMEOUT,1963270,4,1,1,1,0,1967.27,0.05,1967268208,1,uvm_report_server
RUN-000577,garbage_collect_test-000577,1450926516,PASS,pass,NONE,,,,0,0,0,0,0,1.58,82.18,1898721,0,uvm_report_server
RUN-000578,random_read_test-000578,740947650,PASS,pass,NONE,,,,0,0,0,0,0,28.05,17.17,16827463,0,uvm_report_server
RUN-000579,mixed_rw_test-000579,2079042791,FAIL,fail,THERMAL_SHUTDOWN,E_THRM_0x80,THERMAL_SHUTDOWN,206090,1,0,0,0,0,210.09,0.97,126054824,1,uvm_report_server
RUN-000580,garbage_collect_test-000580,997174120,PASS,pass,NONE,,,,0,1,0,0,0,33.78,31.6,27020536,0,uvm_report_server
RUN-000581,back_to_back_program_test-000581,414623648,FAIL,fail,FIFO_OVERFLOW,E_FIFO_0x21,FIFO_OVERFLOW,7580,1,0,0,0,0,11.58,2.14,6949283,1,uvm_report_server
RUN-000582,sequential_write_test-000582,120480502,FAIL,fail,TIMEOUT,E_TMO_0x40,TIMEOUT,1961000,1,1,1,0,0,1965.0,0.65,2358001528,1,uvm_report_server
RUN-000583,back_to_back_program_test-000583,1943226371,PASS,pass,NONE,,,,0,0,0,0,0,16.14,7.62,12912944,0,uvm_report_server
RUN-000584,sequential_write_test-000584,754952823,PASS,pass,NONE,,,,0,0,0,0,0,10.76,5.83,4302459,0,uvm_report_server
RUN-000585,sequential_write_test-000585,1753610633,PASS,pass,NONE,,,,0,1,0,0,0,96.66,83.47,57993257,0,uvm_report_server
RUN-000586,mixed_rw_test-000586,541957388,PASS,pass,NONE,,,,0,0,0,0,0,37.04,15.07,44453635,0,uvm_report_server
RUN-000587,read_disturb_test-000587,1595446829,PASS,pass,NONE,,,,0,0,0,0,0,109.42,8.85,65649951,0,uvm_report_server
RUN-000588,mixed_rw_test-000588,651677085,PASS,pass,NONE,,,,0,0,0,0,0,4.39,6.87,3513771,0,uvm_report_server
RUN-000589,garbage_collect_test-000589,1750402192,FAIL,fail,PROTOCOL_VIOLATION,E_PROT_0x52,PROTOCOL_VIOLATION,39290,2,0,1,0,0,43.29,98.93,34629169,1,uvm_report_server
RUN-000590,read_disturb_test-000590,455062687,PASS,pass,NONE,,,,0,1,0,0,0,104.14,2.62,104137365,0,uvm_report_server
RUN-000591,garbage_collect_test-000591,1380216814,PASS,pass,NONE,,,,0,1,0,0,0,6.36,79.17,3816538,0,uvm_report_server
RUN-000592,erase_suspend_test-000592,580809763,PASS,pass,NONE,,,,0,0,0,0,0,15.71,17.89,6283768,0,uvm_report_server
RUN-000593,sequential_write_test-000593,543396272,PASS,pass,NONE,,,,0,0,0,0,0,17.15,29.52,17149806,0,uvm_report_server
RUN-000594,back_to_back_program_test-000594,1924530069,PASS,pass,NONE,,,,0,0,0,0,0,10.71,178.26,8571592,0,uvm_report_server
RUN-000595,mixed_rw_test-000595,2058411963,FAIL,fail,TIMEOUT,E_TMO_0x40,TIMEOUT,1976260,1,0,1,0,0,1980.26,0.04,1980256802,1,uvm_report_server
RUN-000596,erase_suspend_test-000596,1751244034,PASS,pass,NONE,,,,0,1,0,0,0,212.98,4.66,170387497,0,uvm_report_server
RUN-000597,mixed_rw_test-000597,1532704207,PASS,pass,NONE,,,,0,0,0,0,0,7.56,33.66,7556192,0,uvm_report_server
RUN-000598,erase_suspend_test-000598,811213146,PASS,pass,NONE,,,,0,0,0,0,0,309.3,3.51,123718477,0,uvm_report_server
RUN-000599,random_read_test-000599,1146273959,FAIL,fail,TIMEOUT,E_TMO_0x40,TIMEOUT,1978750,2,0,1,1,0,1982.75,0.01,2379297875,1,uvm_report_server
RUN-000600,erase_suspend_test-000600,16637111,FAIL,fail,THERMAL_SHUTDOWN,E_THRM_0x80,THERMAL_SHUTDOWN,2500,2,0,0,0,0,2.99,94.12,1792187,1,uvm_report_server
RUN-000601,read_disturb_test-000601,538687877,FAIL,fail,TIMEOUT,E_TMO_0x40,TIMEOUT,1983520,3,0,1,0,0,1987.52,0.29,1987523519,1,uvm_report_server
RUN-000602,back_to_back_program_test-000602,1936540228,PASS,pass,NONE,,,,0,0,0,0,0,72.78,1.66,43670964,0,uvm_report_server
RUN-000603,random_read_test-000603,963994102,PASS,pass,NONE,,,,0,0,0,0,0,170.61,12.34,68243547,0,uvm_report_server
RUN-000604,garbage_collect_test-000604,1277870873,PASS,pass,NONE,,,,0,1,0,0,0,17.5,28.91,10498751,0,uvm_report_server
RUN-000605,random_read_test-000605,21620062,PASS,pass,NONE,,,,0,0,0,0,0,17.92,28.48,7166783,0,uvm_report_server
RUN-000606,sequential_write_test-000606,55322617,FAIL,fail,TIMEOUT,E_TMO_0x40,TIMEOUT,1959590,4,0,1,1,0,1963.59,0.34,1963591345,1,uvm_report_server
RUN-000607,sequential_write_test-000607,1051313177,FAIL,fail,ECC_UNCORRECTABLE,E_ECC_0x33,ECC_UNCORRECTABLE,69090,3,0,0,0,1,73.09,14.71,73090298,1,uvm_report_server
RUN-000608,sequential_write_test-000608,1869580350,FAIL,fail,TIMEOUT,E_TMO_0x40,TIMEOUT,1976110,3,1,1,0,0,1980.11,0.05,2376127876,1,uvm_report_server
RUN-000609,back_to_back_program_test-000609,869010455,FAIL,fail,FIFO_OVERFLOW,E_FIFO_0x21,FIFO_OVERFLOW,2500,3,0,0,0,0,1.0,67.52,1000000,1,uvm_report_server
RUN-000610,back_to_back_program_test-000610,1456065263,PASS,pass,NONE,,,,0,1,0,0,0,9.16,55.07,5495068,0,uvm_report_server
RUN-000611,back_to_back_program_test-000611,986825342,PASS,pass,NONE,,,,0,0,0,0,0,63.69,34.78,63688722,0,uvm_report_server
RUN-000612,garbage_collect_test-000612,640333104,PASS,pass,NONE,,,,0,0,0,0,0,14.97,8.54,5988681,0,uvm_report_server
RUN-000613,garbage_collect_test-000613,69471286,PASS,pass,NONE,,,,0,0,0,0,0,17.26,28.77,13809568,0,uvm_report_server
RUN-000614,mixed_rw_test-000614,1947367806,PASS,pass,NONE,,,,0,0,0,0,0,6.7,18.37,8042894,0,uvm_report_server
RUN-000615,mixed_rw_test-000615,870138967,PASS,pass,NONE,,,,0,1,0,0,0,30.39,8.46,36464987,0,uvm_report_server
RUN-000616,mixed_rw_test-000616,1398804059,FAIL,fail,PROTOCOL_VIOLATION,E_PROT_0x52,PROTOCOL_VIOLATION,2500,3,0,1,1,0,5.49,25.89,3293459,1,uvm_report_server
RUN-000617,random_read_test-000617,308577722,PASS,pass,NONE,,,,0,1,0,0,0,9.72,106.36,9722018,0,uvm_report_server
RUN-000618,erase_suspend_test-000618,611289777,PASS,pass,NONE,,,,0,1,0,0,0,676.07,12.92,405640257,0,uvm_report_server
RUN-000619,read_disturb_test-000619,305929181,FAIL,fail,PROTOCOL_VIOLATION,E_PROT_0x52,PROTOCOL_VIOLATION,30140,2,1,1,0,0,34.14,63.71,20486125,1,uvm_report_server
RUN-000620,back_to_back_program_test-000620,1711001318,FAIL,fail,ASSERTION_FAIL,E_ASRT_0x60,ASSERTION_FAIL,2500,3,0,0,0,0,2.11,179.58,2111257,1,uvm_report_server
RUN-000621,erase_suspend_test-000621,614870794,PASS,pass,NONE,,,,0,0,0,0,0,51.88,82.65,51878951,0,uvm_report_server
RUN-000622,random_read_test-000622,595656745,PASS,pass,NONE,,,,0,0,0,0,0,185.26,5.53,74105783,0,uvm_report_server
RUN-000623,back_to_back_program_test-000623,2095004269,FAIL,fail,FIFO_OVERFLOW,E_FIFO_0x21,FIFO_OVERFLOW,5060,4,0,0,1,0,9.06,100.23,9055991,1,uvm_report_server
RUN-000624,mixed_rw_test-000624,775425796,PASS,pass,NONE,,,,0,0,0,0,0,142.32,28.29,56928212,0,uvm_report_server
RUN-000625,sequential_write_test-000625,981465668,PASS,pass,NONE,,,,0,1,0,0,0,66.53,16.39,26610710,0,uvm_report_server
RUN-000626,random_read_test-000626,711076886,PASS,pass,NONE,,,,0,1,0,0,0,13.87,17.53,8319840,0,uvm_report_server
RUN-000627,random_read_test-000627,1138068682,PASS,pass,NONE,,,,0,1,0,0,0,139.21,1.89,111370316,0,uvm_report_server
RUN-000628,sequential_write_test-000628,956013571,PASS,pass,NONE,,,,0,0,0,0,0,19.14,14.31,19144081,0,uvm_report_server
RUN-000629,erase_suspend_test-000629,375633235,PASS,pass,NONE,,,,0,0,0,0,0,3.17,10.21,2535855,0,uvm_report_server
RUN-000630,sequential_write_test-000630,1787644370,PASS,pass,NONE,,,,0,1,0,0,0,19.24,6.39,19239739,0,uvm_report_server
RUN-000631,sequential_write_test-000631,599630214,PASS,pass,NONE,,,,0,0,0,0,0,14.96,9.38,11964598,0,uvm_report_server
RUN-000632,garbage_collect_test-000632,998059376,PASS,pass,NONE,,,,0,0,0,0,0,36.94,29.12,29550173,0,uvm_report_server
RUN-000633,mixed_rw_test-000633,1290100913,FAIL,fail,PROTOCOL_VIOLATION,E_PROT_0x52,PROTOCOL_VIOLATION,2500,2,0,1,0,0,4.85,19.29,1939390,1,uvm_report_server
RUN-000634,power_cycle_test-000634,866381895,PASS,pass,NONE,,,,0,0,0,0,0,27.08,9.95,16246988,0,uvm_report_server
RUN-000635,read_disturb_test-000635,773725339,PASS,pass,NONE,,,,0,0,0,0,0,34.95,57.91,27958614,0,uvm_report_server
RUN-000636,power_cycle_test-000636,1269603492,PASS,pass,NONE,,,,0,0,0,0,0,7.82,8.19,7819845,0,uvm_report_server
RUN-000637,mixed_rw_test-000637,1405145958,PASS,pass,NONE,,,,0,0,0,0,0,2.11,28.96,2112759,0,uvm_report_server
RUN-000638,power_cycle_test-000638,388395899,FAIL,fail,ASSERTION_FAIL,E_ASRT_0x60,ASSERTION_FAIL,36980,4,0,0,1,0,40.98,26.95,40980759,1,uvm_report_server
RUN-000639,garbage_collect_test-000639,2007274085,PASS,pass,NONE,,,,0,0,0,0,0,39.43,3.33,39432475,0,uvm_report_server
RUN-000640,erase_suspend_test-000640,684166269,PASS,pass,NONE,,,,0,0,0,0,0,126.64,8.69,50656102,0,uvm_report_server
RUN-000641,power_cycle_test-000641,799676966,FAIL,fail,DATA_MISMATCH,E_CMP_0x11,DATA_MISMATCH,156590,2,0,0,0,1,160.59,20.33,160590958,1,uvm_report_server
RUN-000642,mixed_rw_test-000642,2040565019,PASS,pass,NONE,,,,0,0,0,0,0,177.78,1.37,106669031,0,uvm_report_server
RUN-000643,erase_suspend_test-000643,605495183,PASS,pass,NONE,,,,0,1,0,0,0,77.98,1.71,62384277,0,uvm_report_server
RUN-000644,random_read_test-000644,57254110,PASS,pass,NONE,,,,0,0,0,0,0,25.49,9.75,10197296,0,uvm_report_server
RUN-000645,read_disturb_test-000645,1855436025,PASS,pass,NONE,,,,0,0,0,0,0,16.56,16.63,6624507,0,uvm_report_server
RUN-000646,sequential_write_test-000646,1592240977,PASS,pass,NONE,,,,0,1,0,0,0,26.54,75.31,15923262,0,uvm_report_server
RUN-000647,sequential_write_test-000647,407602575,PASS,pass,NONE,,,,0,0,0,0,0,15.2,65.06,15199763,0,uvm_report_server
RUN-000648,random_read_test-000648,1220890256,PASS,pass,NONE,,,,0,1,0,0,0,213.67,2.55,128199216,0,uvm_report_server
RUN-000649,sequential_write_test-000649,702904229,FAIL,fail,PROTOCOL_VIOLATION,E_PROT_0x52,PROTOCOL_VIOLATION,6390,2,0,1,0,0,10.39,223.05,10387791,1,uvm_report_server
RUN-000650,erase_suspend_test-000650,1471248632,PASS,pass,NONE,,,,0,1,0,0,0,6.21,82.46,3723898,0,uvm_report_server
RUN-000651,read_disturb_test-000651,2131997037,PASS,pass,NONE,,,,0,0,0,0,0,3.63,38.52,3629514,0,uvm_report_server
RUN-000652,read_disturb_test-000652,1573656204,PASS,pass,NONE,,,,0,1,0,0,0,67.58,28.89,67584919,0,uvm_report_server
RUN-000653,sequential_write_test-000653,113496742,PASS,pass,NONE,,,,0,0,0,0,0,254.15,8.49,101659318,0,uvm_report_server
RUN-000654,random_read_test-000654,1281473684,PASS,pass,NONE,,,,0,0,0,0,0,2.25,120.25,2700809,0,uvm_report_server
RUN-000655,power_cycle_test-000655,675813813,PASS,pass,NONE,,,,0,1,0,0,0,7.7,16.56,3078595,0,uvm_report_server
RUN-000656,read_disturb_test-000656,911178252,PASS,pass,NONE,,,,0,1,0,0,0,9.31,29.12,7451229,0,uvm_report_server
RUN-000657,garbage_collect_test-000657,840582935,PASS,pass,NONE,,,,0,1,0,0,0,1.86,16.71,2230069,0,uvm_report_server
RUN-000658,erase_suspend_test-000658,2087701935,PASS,pass,NONE,,,,0,0,0,0,0,48.93,10.14,29359121,0,uvm_report_server
RUN-000659,back_to_back_program_test-000659,530689314,FAIL,fail,FIFO_OVERFLOW,E_FIFO_0x21,FIFO_OVERFLOW,2500,1,0,0,0,0,2.34,37.1,1873836,1,uvm_report_server
RUN-000660,sequential_write_test-000660,426886200,PASS,pass,NONE,,,,0,0,0,0,0,88.09,345.24,88090503,0,uvm_report_server
RUN-000661,power_cycle_test-000661,649344003,PASS,pass,NONE,,,,0,0,0,0,0,5.22,46.26,3133294,0,uvm_report_server
RUN-000662,random_read_test-000662,739777970,PASS,pass,NONE,,,,0,1,0,0,0,38.9,6.31,31122773,0,uvm_report_server
RUN-000663,sequential_write_test-000663,1528548204,PASS,pass,NONE,,,,0,0,0,0,0,33.8,16.12,33799606,0,uvm_report_server
RUN-000664,back_to_back_program_test-000664,1008835405,PASS,pass,NONE,,,,0,0,0,0,0,65.89,31.78,39535718,0,uvm_report_server
RUN-000665,power_cycle_test-000665,604263000,FAIL,fail,RETENTION_FAIL,E_RET_0x71,RETENTION_FAIL,4790,3,0,0,0,1,8.79,53.52,7032875,1,uvm_report_server
RUN-000666,random_read_test-000666,1848633993,PASS,pass,NONE,,,,0,1,0,0,0,5.0,110.77,4995637,0,uvm_report_server
RUN-000667,back_to_back_program_test-000667,581507416,PASS,pass,NONE,,,,0,0,0,0,0,145.71,6.72,116571351,0,uvm_report_server
RUN-000668,power_cycle_test-000668,588540235,FAIL,fail,DATA_MISMATCH,E_CMP_0x11,DATA_MISMATCH,12200,1,1,0,0,1,16.2,2.66,16197065,1,uvm_report_server
RUN-000669,back_to_back_program_test-000669,1979355837,PASS,pass,NONE,,,,0,1,0,0,0,22.28,23.59,13366614,0,uvm_report_server
RUN-000670,random_read_test-000670,265562637,PASS,pass,NONE,,,,0,0,0,0,0,17.95,53.62,10767594,0,uvm_report_server
RUN-000671,back_to_back_program_test-000671,1585046858,FAIL,fail,FIFO_OVERFLOW,E_FIFO_0x21,FIFO_OVERFLOW,27960,1,0,0,0,0,31.96,1.38,25564209,1,uvm_report_server
RUN-000672,back_to_back_program_test-000672,35139672,PASS,pass,NONE,,,,0,0,0,0,0,96.88,5.57,38750944,0,uvm_report_server
RUN-000673,read_disturb_test-000673,335423961,FAIL,fail,ECC_UNCORRECTABLE,E_ECC_0x33,ECC_UNCORRECTABLE,12300,3,0,0,1,1,16.3,15.46,16302791,1,uvm_report_server
RUN-000674,sequential_write_test-000674,1486659964,FAIL,fail,ECC_UNCORRECTABLE,E_ECC_0x33,ECC_UNCORRECTABLE,256850,2,0,0,1,1,260.85,4.86,156512446,1,uvm_report_server
RUN-000675,random_read_test-000675,632769231,PASS,pass,NONE,,,,0,1,0,0,0,135.46,0.95,81275553,0,uvm_report_server
RUN-000676,read_disturb_test-000676,1254036108,PASS,pass,NONE,,,,0,1,0,0,0,116.16,131.24,139387677,0,uvm_report_server
RUN-000677,random_read_test-000677,2101847297,PASS,pass,NONE,,,,0,0,0,0,0,3.52,4.67,2110947,0,uvm_report_server
RUN-000678,sequential_write_test-000678,1252377380,PASS,pass,NONE,,,,0,0,0,0,0,22.8,89.35,27363879,0,uvm_report_server
RUN-000679,back_to_back_program_test-000679,1645055506,PASS,pass,NONE,,,,0,1,0,0,0,43.44,23.08,17376141,0,uvm_report_server
RUN-000680,erase_suspend_test-000680,229030423,PASS,pass,NONE,,,,0,1,0,0,0,15.99,34.99,6394403,0,uvm_report_server
RUN-000681,random_read_test-000681,567446165,FAIL,fail,TIMEOUT,E_TMO_0x40,TIMEOUT,1968400,2,0,1,0,0,1972.4,0.12,1972395666,1,uvm_report_server
RUN-000682,sequential_write_test-000682,1362146471,PASS,pass,NONE,,,,0,0,0,0,0,12.55,10.83,7530854,0,uvm_report_server
RUN-000683,read_disturb_test-000683,724007976,PASS,pass,NONE,,,,0,1,0,0,0,4.66,3.37,3730412,0,uvm_report_server
RUN-000684,power_cycle_test-000684,2046165672,PASS,pass,NONE,,,,0,0,0,0,0,30.33,8.24,24266581,0,uvm_report_server
RUN-000685,garbage_collect_test-000685,383709140,FAIL,fail,THERMAL_SHUTDOWN,E_THRM_0x80,THERMAL_SHUTDOWN,32980,2,0,0,0,0,36.98,21.34,29584627,1,uvm_report_server
RUN-000686,back_to_back_program_test-000686,1598199498,PASS,pass,NONE,,,,0,1,0,0,0,2.91,10.99,2325125,0,uvm_report_server
RUN-000687,back_to_back_program_test-000687,1405105226,FAIL,fail,PROTOCOL_VIOLATION,E_PROT_0x52,PROTOCOL_VIOLATION,12070,3,0,1,1,0,16.07,142.16,9642593,1,uvm_report_server
RUN-000688,back_to_back_program_test-000688,2054728932,FAIL,fail,DATA_MISMATCH,E_CMP_0x11,DATA_MISMATCH,46780,3,0,0,1,1,50.78,2.7,20313104,1,uvm_report_server
RUN-000689,garbage_collect_test-000689,691755939,FAIL,fail,DATA_MISMATCH,E_CMP_0x11,DATA_MISMATCH,83910,3,0,0,1,1,87.91,4.25,70327861,1,uvm_report_server
RUN-000690,mixed_rw_test-000690,1722040363,PASS,pass,NONE,,,,0,0,0,0,0,7.86,35.28,6284454,0,uvm_report_server
RUN-000691,back_to_back_program_test-000691,632290856,PASS,pass,NONE,,,,0,0,0,0,0,41.79,51.29,33430059,0,uvm_report_server
RUN-000692,garbage_collect_test-000692,2046772318,FAIL,fail,TIMEOUT,E_TMO_0x40,TIMEOUT,1983040,2,1,1,1,0,1987.04,1.24,1987035952,1,uvm_report_server
RUN-000693,read_disturb_test-000693,211486054,PASS,pass,NONE,,,,0,0,0,0,0,325.82,3.3,130326171,0,uvm_report_server
RUN-000694,sequential_write_test-000694,2031124622,PASS,pass,NONE,,,,0,0,0,0,0,9.91,27.06,7928996,0,uvm_report_server
RUN-000695,erase_suspend_test-000695,1334845694,PASS,pass,NONE,,,,0,1,0,0,0,7.2,36.21,8643792,0,uvm_report_server
RUN-000696,back_to_back_program_test-000696,1268550907,FAIL,fail,TIMEOUT,E_TMO_0x40,TIMEOUT,1973790,3,0,1,0,0,1977.79,0.63,1977788480,1,uvm_report_server
RUN-000697,random_read_test-000697,1211084032,PASS,pass,NONE,,,,0,0,0,0,0,8.86,56.41,3542076,0,uvm_report_server
RUN-000698,mixed_rw_test-000698,1767839045,PASS,pass,NONE,,,,0,0,0,0,0,15.25,17.55,9151405,0,uvm_report_server
RUN-000699,mixed_rw_test-000699,177089290,PASS,pass,NONE,,,,0,1,0,0,0,13.15,41.73,7892157,0,uvm_report_server
RUN-000700,random_read_test-000700,1180610372,PASS,pass,NONE,,,,0,0,0,0,0,6.25,20.6,6249226,0,uvm_report_server
RUN-000701,power_cycle_test-000701,1874112088,PASS,pass,NONE,,,,0,1,0,0,0,1.0,266.12,1000000,0,uvm_report_server
RUN-000702,random_read_test-000702,546199852,PASS,pass,NONE,,,,0,1,0,0,0,14.51,4.72,8708804,0,uvm_report_server
RUN-000703,sequential_write_test-000703,321780256,PASS,pass,NONE,,,,0,0,0,0,0,1.53,10.84,1221830,0,uvm_report_server
RUN-000704,back_to_back_program_test-000704,2028594935,PASS,pass,NONE,,,,0,0,0,0,0,115.95,2.12,69569068,0,uvm_report_server
RUN-000705,garbage_collect_test-000705,287577832,PASS,pass,NONE,,,,0,0,0,0,0,81.2,12.8,32481781,0,uvm_report_server
RUN-000706,garbage_collect_test-000706,221712556,PASS,pass,NONE,,,,0,0,0,0,0,6.75,39.51,8097133,0,uvm_report_server
RUN-000707,mixed_rw_test-000707,2134393682,PASS,pass,NONE,,,,0,0,0,0,0,6.82,35.88,5453888,0,uvm_report_server
RUN-000708,power_cycle_test-000708,988422421,PASS,pass,NONE,,,,0,0,0,0,0,71.37,108.8,57096922,0,uvm_report_server
RUN-000709,erase_suspend_test-000709,331949038,PASS,pass,NONE,,,,0,0,0,0,0,729.59,1.43,291834753,0,uvm_report_server
RUN-000710,back_to_back_program_test-000710,186304963,PASS,pass,NONE,,,,0,1,0,0,0,111.54,18.47,66923000,0,uvm_report_server
RUN-000711,back_to_back_program_test-000711,1383216448,PASS,pass,NONE,,,,0,0,0,0,0,131.38,4.27,78829342,0,uvm_report_server
RUN-000712,read_disturb_test-000712,1921653383,PASS,pass,NONE,,,,0,0,0,0,0,22.56,2.72,13536048,0,uvm_report_server
RUN-000713,garbage_collect_test-000713,189386565,PASS,pass,NONE,,,,0,1,0,0,0,85.1,11.78,51061002,0,uvm_report_server
RUN-000714,garbage_collect_test-000714,686257065,PASS,pass,NONE,,,,0,0,0,0,0,1.26,212.32,1010000,0,uvm_report_server
RUN-000715,sequential_write_test-000715,559081714,PASS,pass,NONE,,,,0,0,0,0,0,135.69,4.15,81411881,0,uvm_report_server
RUN-000716,mixed_rw_test-000716,877618717,PASS,pass,NONE,,,,0,1,0,0,0,5.2,2.93,4162193,0,uvm_report_server
RUN-000717,mixed_rw_test-000717,1915818753,PASS,pass,NONE,,,,0,1,0,0,0,24.67,10.24,19733177,0,uvm_report_server
RUN-000718,back_to_back_program_test-000718,1226766238,PASS,pass,NONE,,,,0,0,0,0,0,6.51,79.37,5210717,0,uvm_report_server
RUN-000719,back_to_back_program_test-000719,618247676,PASS,pass,NONE,,,,0,1,0,0,0,1.52,44.29,1218478,0,uvm_report_server
RUN-000720,garbage_collect_test-000720,1716847762,PASS,pass,NONE,,,,0,1,0,0,0,65.55,3.71,78663425,0,uvm_report_server
RUN-000721,garbage_collect_test-000721,2142098000,PASS,pass,NONE,,,,0,0,0,0,0,12.81,38.74,12811734,0,uvm_report_server
RUN-000722,power_cycle_test-000722,1042014429,FAIL,fail,PROTOCOL_VIOLATION,E_PROT_0x52,PROTOCOL_VIOLATION,2500,3,1,1,1,0,4.38,211.6,2628667,1,uvm_report_server
RUN-000723,random_read_test-000723,1009944592,PASS,pass,NONE,,,,0,1,0,0,0,208.46,0.67,83382373,0,uvm_report_server
RUN-000724,sequential_write_test-000724,918312487,PASS,pass,NONE,,,,0,0,0,0,0,31.53,140.83,25225356,0,uvm_report_server
RUN-000725,mixed_rw_test-000725,1481478175,PASS,pass,NONE,,,,0,0,0,0,0,119.75,4.19,119746531,0,uvm_report_server
RUN-000726,garbage_collect_test-000726,592532965,PASS,pass,NONE,,,,0,0,0,0,0,105.69,10.15,84552296,0,uvm_report_server
RUN-000727,garbage_collect_test-000727,2030949306,PASS,pass,NONE,,,,0,0,0,0,0,12.18,42.88,12178429,0,uvm_report_server
RUN-000728,mixed_rw_test-000728,1280771216,FAIL,fail,TIMEOUT,E_TMO_0x40,TIMEOUT,1977860,2,0,1,0,0,1981.86,0.18,1981858869,1,uvm_report_server
RUN-000729,garbage_collect_test-000729,624484391,PASS,pass,NONE,,,,0,0,0,0,0,7.54,8.09,6034493,0,uvm_report_server
RUN-000730,mixed_rw_test-000730,1750053773,PASS,pass,NONE,,,,0,0,0,0,0,2.75,6.08,2199384,0,uvm_report_server
RUN-000731,mixed_rw_test-000731,1612259199,FAIL,fail,RETENTION_FAIL,E_RET_0x71,RETENTION_FAIL,6090,2,1,0,0,1,10.09,45.02,4036264,1,uvm_report_server
RUN-000732,random_read_test-000732,683909208,PASS,pass,NONE,,,,0,0,0,0,0,1.06,32.69,1062618,0,uvm_report_server
RUN-000733,power_cycle_test-000733,1284863145,PASS,pass,NONE,,,,0,0,0,0,0,27.35,38.51,10940764,0,uvm_report_server
RUN-000734,mixed_rw_test-000734,41852719,FAIL,fail,DATA_MISMATCH,E_CMP_0x11,DATA_MISMATCH,42800,3,1,0,0,1,46.8,14.69,37438721,1,uvm_report_server
RUN-000735,random_read_test-000735,2058243908,PASS,pass,NONE,,,,0,0,0,0,0,19.47,6.66,15574150,0,uvm_report_server
RUN-000736,random_read_test-000736,1437479450,PASS,pass,NONE,,,,0,0,0,0,0,40.25,12.63,24150107,0,uvm_report_server
RUN-000737,mixed_rw_test-000737,1211893228,PASS,pass,NONE,,,,0,1,0,0,0,45.87,10.63,27522147,0,uvm_report_server
RUN-000738,back_to_back_program_test-000738,738150317,PASS,pass,NONE,,,,0,1,0,0,0,24.69,10.28,14812451,0,uvm_report_server
RUN-000739,random_read_test-000739,249690121,PASS,pass,NONE,,,,0,0,0,0,0,77.94,26.16,77942813,0,uvm_report_server
RUN-000740,power_cycle_test-000740,855741949,PASS,pass,NONE,,,,0,0,0,0,0,1.46,326.73,1171578,0,uvm_report_server
RUN-000741,mixed_rw_test-000741,1143940487,FAIL,fail,ASSERTION_FAIL,E_ASRT_0x60,ASSERTION_FAIL,2500,1,0,0,0,0,6.12,347.53,3671794,1,uvm_report_server
RUN-000742,mixed_rw_test-000742,34064632,FAIL,fail,ECC_UNCORRECTABLE,E_ECC_0x33,ECC_UNCORRECTABLE,284300,3,0,0,1,1,288.3,2.11,288297647,1,uvm_report_server
RUN-000743,read_disturb_test-000743,904384805,PASS,pass,NONE,,,,0,0,0,0,0,126.66,31.9,101329838,0,uvm_report_server
RUN-000744,sequential_write_test-000744,1705339326,PASS,pass,NONE,,,,0,0,0,0,0,196.1,5.47,78438984,0,uvm_report_server
RUN-000745,back_to_back_program_test-000745,771898708,PASS,pass,NONE,,,,0,1,0,0,0,23.28,5.86,9311767,0,uvm_report_server
RUN-000746,random_read_test-000746,1342569482,PASS,pass,NONE,,,,0,0,0,0,0,6.27,44.65,2507859,0,uvm_report_server
RUN-000747,random_read_test-000747,70386439,PASS,pass,NONE,,,,0,0,0,0,0,1.38,48.4,826853,0,uvm_report_server
RUN-000748,back_to_back_program_test-000748,1351333823,FAIL,fail,TIMEOUT,E_TMO_0x40,TIMEOUT,1980440,3,1,1,1,0,1984.44,0.03,1984443521,1,uvm_report_server
RUN-000749,garbage_collect_test-000749,911256311,PASS,pass,NONE,,,,0,1,0,0,0,42.51,24.21,25508654,0,uvm_report_server
RUN-000750,power_cycle_test-000750,2038285175,PASS,pass,NONE,,,,0,0,0,0,0,10.76,12.22,10759183,0,uvm_report_server
RUN-000751,sequential_write_test-000751,1428158479,PASS,pass,NONE,,,,0,0,0,0,0,1.12,1.71,899259,0,uvm_report_server
RUN-000752,mixed_rw_test-000752,1552108323,PASS,pass,NONE,,,,0,1,0,0,0,11.63,88.99,13951798,0,uvm_report_server
RUN-000753,power_cycle_test-000753,581007405,FAIL,fail,THERMAL_SHUTDOWN,E_THRM_0x80,THERMAL_SHUTDOWN,37650,4,0,0,1,0,41.65,1.9,33320373,1,uvm_report_server
RUN-000754,garbage_collect_test-000754,339684305,PASS,pass,NONE,,,,0,0,0,0,0,36.24,29.42,14495461,0,uvm_report_server
RUN-000755,garbage_collect_test-000755,106321931,PASS,pass,NONE,,,,0,0,0,0,0,42.54,6.07,17017120,0,uvm_report_server
RUN-000756,sequential_write_test-000756,1795127905,PASS,pass,NONE,,,,0,0,0,0,0,94.98,47.19,56986015,0,uvm_report_server
RUN-000757,garbage_collect_test-000757,687957214,PASS,pass,NONE,,,,0,0,0,0,0,584.43,1.82,233772241,0,uvm_report_server
RUN-000758,random_read_test-000758,599254379,PASS,pass,NONE,,,,0,1,0,0,0,7.2,37.57,5759369,0,uvm_report_server
RUN-000759,sequential_write_test-000759,831713171,PASS,pass,NONE,,,,0,0,0,0,0,15.11,126.93,18136498,0,uvm_report_server
RUN-000760,back_to_back_program_test-000760,1923751393,FAIL,fail,FIFO_OVERFLOW,E_FIFO_0x21,FIFO_OVERFLOW,4910,3,0,0,1,0,8.91,29.42,7131963,1,uvm_report_server
RUN-000761,power_cycle_test-000761,734998145,PASS,pass,NONE,,,,0,1,0,0,0,135.83,30.19,108666625,0,uvm_report_server
RUN-000762,garbage_collect_test-000762,1193474421,PASS,pass,NONE,,,,0,1,0,0,0,78.09,6.76,78086543,0,uvm_report_server
RUN-000763,power_cycle_test-000763,757298873,FAIL,fail,PROTOCOL_VIOLATION,E_PROT_0x52,PROTOCOL_VIOLATION,2500,2,1,1,0,0,4.58,486.7,4576573,1,uvm_report_server
RUN-000764,back_to_back_program_test-000764,563581922,PASS,pass,NONE,,,,0,0,0,0,0,2.51,52.08,2007951,0,uvm_report_server
RUN-000765,mixed_rw_test-000765,652583048,PASS,pass,NONE,,,,0,1,0,0,0,19.6,26.95,15678585,0,uvm_report_server
RUN-000766,power_cycle_test-000766,891225255,PASS,pass,NONE,,,,0,0,0,0,0,4.25,1.91,5105520,0,uvm_report_server
RUN-000767,random_read_test-000767,104340100,PASS,pass,NONE,,,,0,0,0,0,0,172.35,12.73,68938861,0,uvm_report_server
RUN-000768,back_to_back_program_test-000768,672548941,FAIL,fail,FIFO_OVERFLOW,E_FIFO_0x21,FIFO_OVERFLOW,2500,1,0,0,0,0,1.19,8.43,1422053,1,uvm_report_server
RUN-000769,random_read_test-000769,257232959,FAIL,fail,DATA_MISMATCH,E_CMP_0x11,DATA_MISMATCH,2500,4,1,0,1,1,2.7,54.22,2162172,1,uvm_report_server
RUN-000770,back_to_back_program_test-000770,27543629,FAIL,fail,FIFO_OVERFLOW,E_FIFO_0x21,FIFO_OVERFLOW,9760,1,1,0,0,0,13.76,3.14,5504723,1,uvm_report_server
RUN-000771,back_to_back_program_test-000771,1570646471,PASS,pass,NONE,,,,0,0,0,0,0,8.76,247.54,8758528,0,uvm_report_server
RUN-000772,garbage_collect_test-000772,1873248875,FAIL,fail,TIMEOUT,E_TMO_0x40,TIMEOUT,1986370,2,1,1,1,0,1990.37,0.06,2388441154,1,uvm_report_server
RUN-000773,erase_suspend_test-000773,967735091,PASS,pass,NONE,,,,0,0,0,0,0,39.46,54.75,23677431,0,uvm_report_server
RUN-000774,read_disturb_test-000774,1395789635,PASS,pass,NONE,,,,0,0,0,0,0,12.9,19.8,7738414,0,uvm_report_server
RUN-000775,mixed_rw_test-000775,1520307210,PASS,pass,NONE,,,,0,0,0,0,0,178.08,11.53,142465511,0,uvm_report_server
RUN-000776,sequential_write_test-000776,1885720348,PASS,pass,NONE,,,,0,0,0,0,0,4.06,64.48,4871858,0,uvm_report_server
RUN-000777,power_cycle_test-000777,1815251393,PASS,pass,NONE,,,,0,0,0,0,0,15.7,31.16,12561481,0,uvm_report_server
RUN-000778,garbage_collect_test-000778,1107936379,FAIL,fail,ASSERTION_FAIL,E_ASRT_0x60,ASSERTION_FAIL,2500,1,0,0,0,0,3.07,25.72,2458464,1,uvm_report_server
RUN-000779,read_disturb_test-000779,1949440945,PASS,pass,NONE,,,,0,0,0,0,0,2.58,12.16,2066599,0,uvm_report_server
RUN-000780,back_to_back_program_test-000780,300920664,PASS,pass,NONE,,,,0,0,0,0,0,4.2,15.38,4195500,0,uvm_report_server
RUN-000781,power_cycle_test-000781,150689636,PASS,pass,NONE,,,,0,0,0,0,0,32.28,15.59,12913580,0,uvm_report_server
RUN-000782,random_read_test-000782,542048681,PASS,pass,NONE,,,,0,0,0,0,0,1.46,93.36,874603,0,uvm_report_server
RUN-000783,read_disturb_test-000783,90409189,FAIL,fail,ECC_UNCORRECTABLE,E_ECC_0x33,ECC_UNCORRECTABLE,702860,1,0,0,0,1,706.86,2.18,848235834,1,uvm_report_server
RUN-000784,mixed_rw_test-000784,2096859453,PASS,pass,NONE,,,,0,1,0,0,0,4.77,27.76,2864905,0,uvm_report_server
RUN-000785,back_to_back_program_test-000785,1819525286,FAIL,fail,ECC_UNCORRECTABLE,E_ECC_0x33,ECC_UNCORRECTABLE,157390,2,0,0,0,1,161.39,7.2,193665565,1,uvm_report_server
RUN-000786,back_to_back_program_test-000786,1213211286,FAIL,fail,FIFO_OVERFLOW,E_FIFO_0x21,FIFO_OVERFLOW,36800,1,1,0,0,0,40.8,5.45,48957122,1,uvm_report_server
RUN-000787,sequential_write_test-000787,1050848043,PASS,pass,NONE,,,,0,0,0,0,0,16.68,1.83,10008495,0,uvm_report_server
RUN-000788,power_cycle_test-000788,837103869,PASS,pass,NONE,,,,0,1,0,0,0,50.53,43.06,50533700,0,uvm_report_server
RUN-000789,random_read_test-000789,289608152,PASS,pass,NONE,,,,0,0,0,0,0,1.43,5.65,856415,0,uvm_report_server
RUN-000790,garbage_collect_test-000790,1562791068,PASS,pass,NONE,,,,0,1,0,0,0,41.77,6.4,16707632,0,uvm_report_server
RUN-000791,power_cycle_test-000791,1931836458,PASS,pass,NONE,,,,0,0,0,0,0,1.0,133.97,1000000,0,uvm_report_server
RUN-000792,random_read_test-000792,615935450,PASS,pass,NONE,,,,0,0,0,0,0,47.22,0.73,28330225,0,uvm_report_server
RUN-000793,sequential_write_test-000793,661125016,PASS,pass,NONE,,,,0,0,0,0,0,4.88,112.8,5857356,0,uvm_report_server
RUN-000794,garbage_collect_test-000794,2027718208,FAIL,fail,TIMEOUT,E_TMO_0x40,TIMEOUT,1992930,3,0,1,1,0,1996.93,0.26,2396315851,1,uvm_report_server
RUN-000795,back_to_back_program_test-000795,412329753,PASS,pass,NONE,,,,0,0,0,0,0,17.07,111.81,17073178,0,uvm_report_server
RUN-000796,erase_suspend_test-000796,99952978,FAIL,fail,ASSERTION_FAIL,E_ASRT_0x60,ASSERTION_FAIL,9380,2,0,0,0,0,13.38,2.6,13383911,1,uvm_report_server
RUN-000797,mixed_rw_test-000797,1340059738,PASS,pass,NONE,,,,0,0,0,0,0,1027.84,1.97,822272917,0,uvm_report_server
RUN-000798,random_read_test-000798,1830026596,FAIL,fail,ASSERTION_FAIL,E_ASRT_0x60,ASSERTION_FAIL,48610,1,1,0,0,0,52.61,1.61,42091694,1,uvm_report_server
RUN-000799,sequential_write_test-000799,1258067193,PASS,pass,NONE,,,,0,0,0,0,0,15.33,17.13,15332143,0,uvm_report_server
RUN-000800,mixed_rw_test-000800,1115890002,PASS,pass,NONE,,,,0,0,0,0,0,30.55,8.41,18330703,0,uvm_report_server
RUN-000801,erase_suspend_test-000801,1703172096,PASS,pass,NONE,,,,0,1,0,0,0,117.27,34.93,70362971,0,uvm_report_server
RUN-000802,random_read_test-000802,1490074442,PASS,pass,NONE,,,,0,0,0,0,0,21.2,94.19,16961328,0,uvm_report_server
RUN-000803,random_read_test-000803,2119767916,PASS,pass,NONE,,,,0,0,0,0,0,10.61,2.85,10608105,0,uvm_report_server
RUN-000804,erase_suspend_test-000804,1301492528,FAIL,fail,ASSERTION_FAIL,E_ASRT_0x60,ASSERTION_FAIL,3610,3,1,0,0,0,7.61,12.79,6086948,1,uvm_report_server
RUN-000805,mixed_rw_test-000805,41964779,PASS,pass,NONE,,,,0,0,0,0,0,183.46,5.73,110078849,0,uvm_report_server
RUN-000806,mixed_rw_test-000806,826708445,PASS,pass,NONE,,,,0,1,0,0,0,27.83,71.02,27830079,0,uvm_report_server
RUN-000807,sequential_write_test-000807,1043783161,PASS,pass,NONE,,,,0,0,0,0,0,8.71,31.93,6964660,0,uvm_report_server
RUN-000808,random_read_test-000808,1849529517,PASS,pass,NONE,,,,0,0,0,0,0,21.66,12.66,8665154,0,uvm_report_server
RUN-000809,random_read_test-000809,505119986,PASS,pass,NONE,,,,0,0,0,0,0,3.49,2.28,2794585,0,uvm_report_server
RUN-000810,mixed_rw_test-000810,1086697707,PASS,pass,NONE,,,,0,0,0,0,0,2.11,33.12,2107373,0,uvm_report_server
RUN-000811,back_to_back_program_test-000811,122691996,PASS,pass,NONE,,,,0,0,0,0,0,13.73,10.21,8240983,0,uvm_report_server
RUN-000812,read_disturb_test-000812,2132120054,FAIL,fail,DATA_MISMATCH,E_CMP_0x11,DATA_MISMATCH,2500,2,1,0,0,1,1.52,49.61,911259,1,uvm_report_server
RUN-000813,read_disturb_test-000813,457371761,FAIL,fail,DATA_MISMATCH,E_CMP_0x11,DATA_MISMATCH,2500,1,1,0,0,1,2.81,8.1,2244212,1,uvm_report_server
RUN-000814,sequential_write_test-000814,1762948460,PASS,pass,NONE,,,,0,0,0,0,0,8.73,115.94,5237730,0,uvm_report_server
RUN-000815,garbage_collect_test-000815,1997107812,PASS,pass,NONE,,,,0,0,0,0,0,40.27,13.03,32214512,0,uvm_report_server
RUN-000816,back_to_back_program_test-000816,862988620,FAIL,fail,TIMEOUT,E_TMO_0x40,TIMEOUT,1989750,1,1,1,0,0,1993.75,0.01,2392500667,1,uvm_report_server
RUN-000817,sequential_write_test-000817,1288488249,PASS,pass,NONE,,,,0,0,0,0,0,7.65,2.3,6119691,0,uvm_report_server
RUN-000818,garbage_collect_test-000818,1050571353,FAIL,fail,TIMEOUT,E_TMO_0x40,TIMEOUT,1991560,3,0,1,1,0,1995.56,0.2,2394677096,1,uvm_report_server
RUN-000819,read_disturb_test-000819,1544827338,FAIL,fail,RETENTION_FAIL,E_RET_0x71,RETENTION_FAIL,10590,3,0,0,0,1,14.59,45.76,8752351,1,uvm_report_server
RUN-000820,back_to_back_program_test-000820,1249790902,PASS,pass,NONE,,,,0,0,0,0,0,222.18,35.52,133307549,0,uvm_report_server
RUN-000821,read_disturb_test-000821,805574932,FAIL,fail,TIMEOUT,E_TMO_0x40,TIMEOUT,1974570,4,0,1,1,0,1978.57,0.04,2374281044,1,uvm_report_server
RUN-000822,random_read_test-000822,1738677190,PASS,pass,NONE,,,,0,0,0,0,0,46.86,10.87,18742260,0,uvm_report_server
RUN-000823,back_to_back_program_test-000823,262438857,FAIL,fail,FIFO_OVERFLOW,E_FIFO_0x21,FIFO_OVERFLOW,125479,1,0,0,0,0,129.48,2.91,51791471,1,uvm_report_server
RUN-000824,back_to_back_program_test-000824,2003875383,PASS,pass,NONE,,,,0,0,0,0,0,10.29,107.64,6173589,0,uvm_report_server
RUN-000825,sequential_write_test-000825,638327021,PASS,pass,NONE,,,,0,0,0,0,0,182.5,3.05,219005377,0,uvm_report_server
RUN-000826,sequential_write_test-000826,1076211021,PASS,pass,NONE,,,,0,0,0,0,0,71.62,3.91,71622276,0,uvm_report_server
RUN-000827,mixed_rw_test-000827,1767455897,PASS,pass,NONE,,,,0,0,0,0,0,11.19,43.1,13433739,0,uvm_report_server
RUN-000828,random_read_test-000828,421432793,PASS,pass,NONE,,,,0,0,0,0,0,243.17,35.11,145901912,0,uvm_report_server
RUN-000829,back_to_back_program_test-000829,1400680657,PASS,pass,NONE,,,,0,0,0,0,0,51.71,9.32,31026563,0,uvm_report_server
RUN-000830,garbage_collect_test-000830,1723298099,PASS,pass,NONE,,,,0,1,0,0,0,14.35,18.3,17224815,0,uvm_report_server
RUN-000831,sequential_write_test-000831,746990338,PASS,pass,NONE,,,,0,0,0,0,0,1.9,32.96,1903564,0,uvm_report_server
RUN-000832,back_to_back_program_test-000832,1136193873,FAIL,fail,FIFO_OVERFLOW,E_FIFO_0x21,FIFO_OVERFLOW,46420,3,1,0,0,0,50.42,7.22,30251858,1,uvm_report_server
RUN-000833,power_cycle_test-000833,460263339,FAIL,fail,THERMAL_SHUTDOWN,E_THRM_0x80,THERMAL_SHUTDOWN,31090,4,1,0,1,0,35.09,1.36,28071564,1,uvm_report_server
RUN-000834,sequential_write_test-000834,650327913,FAIL,fail,DATA_MISMATCH,E_CMP_0x11,DATA_MISMATCH,50510,4,1,0,1,1,54.51,15.31,32703606,1,uvm_report_server
RUN-000835,random_read_test-000835,2136058989,FAIL,fail,DATA_MISMATCH,E_CMP_0x11,DATA_MISMATCH,17420,2,0,0,1,1,21.42,13.68,17135287,1,uvm_report_server
RUN-000836,mixed_rw_test-000836,1353599063,PASS,pass,NONE,,,,0,0,0,0,0,1.18,51.61,947095,0,uvm_report_server
RUN-000837,power_cycle_test-000837,1889020053,PASS,pass,NONE,,,,0,1,0,0,0,226.44,4.33,181154568,0,uvm_report_server
RUN-000838,sequential_write_test-000838,40852658,PASS,pass,NONE,,,,0,0,0,0,0,128.65,8.75,102921426,0,uvm_report_server
RUN-000839,mixed_rw_test-000839,2070317794,PASS,pass,NONE,,,,0,1,0,0,0,26.67,75.37,26670749,0,uvm_report_server
RUN-000840,power_cycle_test-000840,1890582676,PASS,pass,NONE,,,,0,0,0,0,0,61.84,70.08,49475082,0,uvm_report_server
RUN-000841,read_disturb_test-000841,676338287,PASS,pass,NONE,,,,0,0,0,0,0,32.36,2.15,25889748,0,uvm_report_server
RUN-000842,mixed_rw_test-000842,32218350,FAIL,fail,ECC_UNCORRECTABLE,E_ECC_0x33,ECC_UNCORRECTABLE,112380,3,0,0,0,1,116.38,7.91,46553135,1,uvm_report_server
RUN-000843,sequential_write_test-000843,1801470837,PASS,pass,NONE,,,,0,1,0,0,0,40.62,6.66,32499127,0,uvm_report_server
RUN-000844,garbage_collect_test-000844,575149047,PASS,pass,NONE,,,,0,0,0,0,0,15.9,17.49,9537315,0,uvm_report_server
RUN-000845,garbage_collect_test-000845,1548252681,PASS,pass,NONE,,,,0,0,0,0,0,118.45,68.79,71068234,0,uvm_report_server
RUN-000846,power_cycle_test-000846,1689748121,PASS,pass,NONE,,,,0,0,0,0,0,12.11,42.91,12105183,0,uvm_report_server
RUN-000847,read_disturb_test-000847,1939094718,PASS,pass,NONE,,,,0,0,0,0,0,16.06,32.67,16060195,0,uvm_report_server
RUN-000848,garbage_collect_test-000848,1632589151,FAIL,fail,PROTOCOL_VIOLATION,E_PROT_0x52,PROTOCOL_VIOLATION,25850,3,1,1,1,0,29.85,15.13,17909513,1,uvm_report_server
RUN-000849,mixed_rw_test-000849,708319033,PASS,pass,NONE,,,,0,0,0,0,0,83.91,24.4,67124690,0,uvm_report_server
RUN-000850,read_disturb_test-000850,400622147,PASS,pass,NONE,,,,0,1,0,0,0,11.29,1.46,6772596,0,uvm_report_server
RUN-000851,erase_suspend_test-000851,1725022595,PASS,pass,NONE,,,,0,1,0,0,0,4.63,29.94,3702769,0,uvm_report_server
RUN-000852,back_to_back_program_test-000852,1836041515,FAIL,fail,DATA_MISMATCH,E_CMP_0x11,DATA_MISMATCH,2500,3,0,0,0,1,1.17,60.85,704126,1,uvm_report_server
RUN-000853,back_to_back_program_test-000853,2015552369,FAIL,fail,FIFO_OVERFLOW,E_FIFO_0x21,FIFO_OVERFLOW,19090,2,0,0,0,0,23.09,2.0,23092818,1,uvm_report_server
RUN-000854,mixed_rw_test-000854,2016107112,PASS,pass,NONE,,,,0,0,0,0,0,2.64,388.14,2635364,0,uvm_report_server
RUN-000855,read_disturb_test-000855,481683655,PASS,pass,NONE,,,,0,0,0,0,0,1988.92,0.98,1193352283,0,uvm_report_server
RUN-000856,back_to_back_program_test-000856,1246510044,PASS,pass,NONE,,,,0,0,0,0,0,121.7,1.05,73020061,0,uvm_report_server
RUN-000857,sequential_write_test-000857,354598643,PASS,pass,NONE,,,,0,0,0,0,0,7.91,137.56,6329622,0,uvm_report_server
RUN-000858,read_disturb_test-000858,1238572334,FAIL,fail,RETENTION_FAIL,E_RET_0x71,RETENTION_FAIL,2500,2,0,0,0,1,6.38,1.0,6375038,1,uvm_report_server
RUN-000859,random_read_test-000859,95152683,PASS,pass,NONE,,,,0,1,0,0,0,13.64,70.32,13638994,0,uvm_report_server
RUN-000860,power_cycle_test-000860,1645252207,PASS,pass,NONE,,,,0,0,0,0,0,485.59,2.24,485587821,0,uvm_report_server
RUN-000861,random_read_test-000861,969309013,FAIL,fail,PROTOCOL_VIOLATION,E_PROT_0x52,PROTOCOL_VIOLATION,4300,2,0,1,0,0,8.3,71.3,9963714,1,uvm_report_server
RUN-000862,back_to_back_program_test-000862,781089729,PASS,pass,NONE,,,,0,0,0,0,0,14.84,8.25,8902725,0,uvm_report_server
RUN-000863,garbage_collect_test-000863,85378844,FAIL,fail,TIMEOUT,E_TMO_0x40,TIMEOUT,1964920,3,0,1,0,0,1968.92,0.0,2362709936,1,uvm_report_server
RUN-000864,sequential_write_test-000864,1299814191,PASS,pass,NONE,,,,0,1,0,0,0,18.23,27.91,14584608,0,uvm_report_server
RUN-000865,read_disturb_test-000865,2042041797,PASS,pass,NONE,,,,0,1,0,0,0,4.43,7.87,3544518,0,uvm_report_server
RUN-000866,random_read_test-000866,1561658533,PASS,pass,NONE,,,,0,1,0,0,0,12.99,37.23,12986283,0,uvm_report_server
RUN-000867,power_cycle_test-000867,329950108,PASS,pass,NONE,,,,0,1,0,0,0,26.18,41.36,20945893,0,uvm_report_server
RUN-000868,mixed_rw_test-000868,2127108634,PASS,pass,NONE,,,,0,1,0,0,0,21.44,1.5,17148301,0,uvm_report_server
RUN-000869,erase_suspend_test-000869,636916451,PASS,pass,NONE,,,,0,0,0,0,0,11.5,42.59,9197997,0,uvm_report_server
RUN-000870,garbage_collect_test-000870,980045915,FAIL,fail,THERMAL_SHUTDOWN,E_THRM_0x80,THERMAL_SHUTDOWN,11110,1,0,0,0,0,15.11,3.21,12091198,1,uvm_report_server
RUN-000871,erase_suspend_test-000871,744650201,PASS,pass,NONE,,,,0,1,0,0,0,11.08,11.34,11078073,0,uvm_report_server
RUN-000872,back_to_back_program_test-000872,1429637130,FAIL,fail,FIFO_OVERFLOW,E_FIFO_0x21,FIFO_OVERFLOW,3980,4,0,0,1,0,7.98,17.45,7982880,1,uvm_report_server
RUN-000873,random_read_test-000873,2044571175,FAIL,fail,THERMAL_SHUTDOWN,E_THRM_0x80,THERMAL_SHUTDOWN,172810,4,1,0,1,0,176.81,6.75,106088325,1,uvm_report_server
RUN-000874,sequential_write_test-000874,1696419879,PASS,pass,NONE,,,,0,1,0,0,0,65.6,4.01,39358455,0,uvm_report_server
RUN-000875,garbage_collect_test-000875,1115062820,PASS,pass,NONE,,,,0,1,0,0,0,17.42,27.67,13937800,0,uvm_report_server
RUN-000876,power_cycle_test-000876,340508534,PASS,pass,NONE,,,,0,0,0,0,0,20.9,24.1,16723240,0,uvm_report_server
RUN-000877,back_to_back_program_test-000877,623500363,PASS,pass,NONE,,,,0,0,0,0,0,113.42,4.99,68050268,0,uvm_report_server
RUN-000878,random_read_test-000878,190889059,FAIL,fail,THERMAL_SHUTDOWN,E_THRM_0x80,THERMAL_SHUTDOWN,2500,1,1,0,0,0,2.91,0.97,2330715,1,uvm_report_server
RUN-000879,random_read_test-000879,38518894,PASS,pass,NONE,,,,0,0,0,0,0,25.28,163.38,20225567,0,uvm_report_server
RUN-000880,erase_suspend_test-000880,211978987,PASS,pass,NONE,,,,0,0,0,0,0,6.21,10.4,4968373,0,uvm_report_server
RUN-000881,back_to_back_program_test-000881,1341445576,FAIL,fail,FIFO_OVERFLOW,E_FIFO_0x21,FIFO_OVERFLOW,58770,2,0,0,0,0,62.77,0.57,50219341,1,uvm_report_server
RUN-000882,erase_suspend_test-000882,1008529140,PASS,pass,NONE,,,,0,1,0,0,0,16.86,8.23,13487725,0,uvm_report_server
RUN-000883,garbage_collect_test-000883,2206976,PASS,pass,NONE,,,,0,0,0,0,0,14.31,9.32,8583767,0,uvm_report_server
RUN-000884,mixed_rw_test-000884,194861688,FAIL,fail,PROTOCOL_VIOLATION,E_PROT_0x52,PROTOCOL_VIOLATION,2500,3,0,1,1,0,3.13,166.38,1878168,1,uvm_report_server
RUN-000885,sequential_write_test-000885,1228795912,PASS,pass,NONE,,,,0,0,0,0,0,5.55,49.07,4439047,0,uvm_report_server
RUN-000886,power_cycle_test-000886,2054153608,FAIL,fail,THERMAL_SHUTDOWN,E_THRM_0x80,THERMAL_SHUTDOWN,11700,1,0,0,0,0,15.7,23.85,6280117,1,uvm_report_server
RUN-000887,mixed_rw_test-000887,74428082,PASS,pass,NONE,,,,0,0,0,0,0,37.58,59.71,22547160,0,uvm_report_server
RUN-000888,back_to_back_program_test-000888,2102281762,PASS,pass,NONE,,,,0,0,0,0,0,54.49,10.26,32694266,0,uvm_report_server
RUN-000889,random_read_test-000889,1573560039,PASS,pass,NONE,,,,0,0,0,0,0,23.85,2.62,28625574,0,uvm_report_server
RUN-000890,mixed_rw_test-000890,2065136006,PASS,pass,NONE,,,,0,0,0,0,0,4.15,66.92,3321005,0,uvm_report_server
RUN-000891,garbage_collect_test-000891,385510355,PASS,pass,NONE,,,,0,1,0,0,0,18.22,58.7,10930767,0,uvm_report_server
RUN-000892,read_disturb_test-000892,1202527003,PASS,pass,NONE,,,,0,0,0,0,0,23.28,11.69,9311763,0,uvm_report_server
RUN-000893,power_cycle_test-000893,1665415391,PASS,pass,NONE,,,,0,1,0,0,0,53.69,9.68,32216690,0,uvm_report_server
RUN-000894,power_cycle_test-000894,2096914019,PASS,pass,NONE,,,,0,0,0,0,0,296.53,56.74,237227765,0,uvm_report_server
RUN-000895,mixed_rw_test-000895,431428281,FAIL,fail,TIMEOUT,E_TMO_0x40,TIMEOUT,1991910,2,1,1,0,0,1995.91,0.03,1995906186,1,uvm_report_server
RUN-000896,mixed_rw_test-000896,80505816,PASS,pass,NONE,,,,0,0,0,0,0,42.14,12.95,33715142,0,uvm_report_server
RUN-000897,mixed_rw_test-000897,1070182603,PASS,pass,NONE,,,,0,0,0,0,0,2.45,14.26,2939466,0,uvm_report_server
RUN-000898,mixed_rw_test-000898,2028196373,PASS,pass,NONE,,,,0,0,0,0,0,18.24,7.41,14591593,0,uvm_report_server
RUN-000899,sequential_write_test-000899,642082431,FAIL,fail,THERMAL_SHUTDOWN,E_THRM_0x80,THERMAL_SHUTDOWN,148700,3,0,0,0,0,152.7,0.51,61081684,1,uvm_report_server
RUN-000900,random_read_test-000900,1354237308,FAIL,fail,ASSERTION_FAIL,E_ASRT_0x60,ASSERTION_FAIL,3830,3,1,0,0,0,7.83,8.63,9400318,1,uvm_report_server
RUN-000901,mixed_rw_test-000901,526283775,PASS,pass,NONE,,,,0,0,0,0,0,5.03,13.3,3020212,0,uvm_report_server
RUN-000902,mixed_rw_test-000902,1280034755,PASS,pass,NONE,,,,0,0,0,0,0,100.89,167.65,60535468,0,uvm_report_server
RUN-000903,read_disturb_test-000903,1792852272,PASS,pass,NONE,,,,0,0,0,0,0,291.43,3.55,349721875,0,uvm_report_server
RUN-000904,sequential_write_test-000904,1268688146,FAIL,fail,TIMEOUT,E_TMO_0x40,TIMEOUT,1983380,1,0,1,0,0,1987.38,0.08,1987384535,1,uvm_report_server
RUN-000905,mixed_rw_test-000905,1947104639,FAIL,fail,THERMAL_SHUTDOWN,E_THRM_0x80,THERMAL_SHUTDOWN,2500,2,1,0,0,0,6.27,2.96,5014507,1,uvm_report_server
RUN-000906,read_disturb_test-000906,821146854,PASS,pass,NONE,,,,0,1,0,0,0,6.75,2.31,5397605,0,uvm_report_server
RUN-000907,sequential_write_test-000907,386684678,PASS,pass,NONE,,,,0,0,0,0,0,73.09,26.94,43855363,0,uvm_report_server
RUN-000908,erase_suspend_test-000908,964815549,PASS,pass,NONE,,,,0,1,0,0,0,13.41,17.98,5365116,0,uvm_report_server
RUN-000909,mixed_rw_test-000909,267662578,PASS,pass,NONE,,,,0,1,0,0,0,9.29,7.33,5575856,0,uvm_report_server
RUN-000910,garbage_collect_test-000910,695157255,PASS,pass,NONE,,,,0,1,0,0,0,8.34,4.09,8340656,0,uvm_report_server
RUN-000911,sequential_write_test-000911,1178583961,FAIL,fail,TIMEOUT,E_TMO_0x40,TIMEOUT,1966010,2,0,1,1,0,1970.01,0.11,1970011979,1,uvm_report_server
RUN-000912,read_disturb_test-000912,894214109,FAIL,fail,TIMEOUT,E_TMO_0x40,TIMEOUT,1968470,1,1,1,0,0,1972.47,0.14,2366965174,1,uvm_report_server
RUN-000913,random_read_test-000913,2136275978,PASS,pass,NONE,,,,0,0,0,0,0,3.05,44.83,2441554,0,uvm_report_server
RUN-000914,back_to_back_program_test-000914,1226637088,PASS,pass,NONE,,,,0,0,0,0,0,9.55,106.11,7636877,0,uvm_report_server
RUN-000915,erase_suspend_test-000915,370507191,PASS,pass,NONE,,,,0,1,0,0,0,78.16,27.45,46895354,0,uvm_report_server
RUN-000916,garbage_collect_test-000916,1363398449,PASS,pass,NONE,,,,0,0,0,0,0,4.9,13.1,2941353,0,uvm_report_server
RUN-000917,erase_suspend_test-000917,1995754096,FAIL,fail,ASSERTION_FAIL,E_ASRT_0x60,ASSERTION_FAIL,2500,3,0,0,1,0,1.84,219.79,2204454,1,uvm_report_server
RUN-000918,read_disturb_test-000918,1528929073,PASS,pass,NONE,,,,0,0,0,0,0,62.88,2.06,50307602,0,uvm_report_server
RUN-000919,read_disturb_test-000919,1430472381,FAIL,fail,DATA_MISMATCH,E_CMP_0x11,DATA_MISMATCH,2500,2,1,0,1,1,3.21,4.49,1282041,1,uvm_report_server
RUN-000920,erase_suspend_test-000920,1000850466,FAIL,fail,THERMAL_SHUTDOWN,E_THRM_0x80,THERMAL_SHUTDOWN,41090,2,1,0,1,0,45.09,6.61,54103143,1,uvm_report_server
RUN-000921,sequential_write_test-000921,1342800164,PASS,pass,NONE,,,,0,0,0,0,0,14.8,36.8,11841724,0,uvm_report_server
RUN-000922,erase_suspend_test-000922,643348683,PASS,pass,NONE,,,,0,0,0,0,0,80.27,3.48,32108949,0,uvm_report_server
RUN-000923,erase_suspend_test-000923,396832256,PASS,pass,NONE,,,,0,0,0,0,0,22.84,42.21,13705120,0,uvm_report_server
RUN-000924,mixed_rw_test-000924,39087674,PASS,pass,NONE,,,,0,1,0,0,0,28.29,18.47,11317238,0,uvm_report_server
RUN-000925,random_read_test-000925,920620179,PASS,pass,NONE,,,,0,0,0,0,0,32.35,29.79,32353639,0,uvm_report_server
RUN-000926,back_to_back_program_test-000926,1999492550,PASS,pass,NONE,,,,0,1,0,0,0,14.45,9.17,11557298,0,uvm_report_server
RUN-000927,back_to_back_program_test-000927,961571849,FAIL,fail,FIFO_OVERFLOW,E_FIFO_0x21,FIFO_OVERFLOW,522400,4,0,0,1,0,526.4,65.32,526402010,1,uvm_report_server
RUN-000928,back_to_back_program_test-000928,309105308,PASS,pass,NONE,,,,0,0,0,0,0,19.87,49.89,11919678,0,uvm_report_server
RUN-000929,read_disturb_test-000929,1545226882,PASS,pass,NONE,,,,0,0,0,0,0,26.09,10.23,20869591,0,uvm_report_server
RUN-000930,sequential_write_test-000930,1710410648,PASS,pass,NONE,,,,0,0,0,0,0,6.75,73.2,6753361,0,uvm_report_server
RUN-000931,garbage_collect_test-000931,942675139,PASS,pass,NONE,,,,0,0,0,0,0,11.04,101.25,11037800,0,uvm_report_server
RUN-000932,erase_suspend_test-000932,1876018978,PASS,pass,NONE,,,,0,0,0,0,0,10.56,1.56,8451015,0,uvm_report_server
RUN-000933,back_to_back_program_test-000933,840572114,PASS,pass,NONE,,,,0,0,0,0,0,30.66,1.11,36794339,0,uvm_report_server
RUN-000934,sequential_write_test-000934,1886957808,PASS,pass,NONE,,,,0,0,0,0,0,6.63,5.29,6626985,0,uvm_report_server
RUN-000935,random_read_test-000935,1762254525,PASS,pass,NONE,,,,0,1,0,0,0,23.99,5.55,14393006,0,uvm_report_server
RUN-000936,mixed_rw_test-000936,941697180,PASS,pass,NONE,,,,0,0,0,0,0,1.0,133.38,800000,0,uvm_report_server
RUN-000937,back_to_back_program_test-000937,771298910,FAIL,fail,PROTOCOL_VIOLATION,E_PROT_0x52,PROTOCOL_VIOLATION,8480,3,0,1,1,0,12.48,839.55,12478756,1,uvm_report_server
RUN-000938,sequential_write_test-000938,1476704634,PASS,pass,NONE,,,,0,0,0,0,0,157.96,3.54,157956986,0,uvm_report_server
RUN-000939,random_read_test-000939,1780225409,PASS,pass,NONE,,,,0,1,0,0,0,60.58,8.74,24232335,0,uvm_report_server
RUN-000940,random_read_test-000940,1023328492,PASS,pass,NONE,,,,0,0,0,0,0,7.13,9.06,4275306,0,uvm_report_server
RUN-000941,mixed_rw_test-000941,1047545722,PASS,pass,NONE,,,,0,0,0,0,0,2.8,46.41,3359959,0,uvm_report_server
RUN-000942,random_read_test-000942,1624242022,PASS,pass,NONE,,,,0,1,0,0,0,20.83,51.66,8332942,0,uvm_report_server
RUN-000943,back_to_back_program_test-000943,913573338,FAIL,fail,FIFO_OVERFLOW,E_FIFO_0x21,FIFO_OVERFLOW,140890,3,0,0,1,0,144.89,0.52,57954745,1,uvm_report_server
RUN-000944,erase_suspend_test-000944,1939739684,FAIL,fail,DATA_MISMATCH,E_CMP_0x11,DATA_MISMATCH,2500,1,1,0,0,1,4.87,22.56,2924610,1,uvm_report_server
RUN-000945,sequential_write_test-000945,941229285,PASS,pass,NONE,,,,0,0,0,0,0,27.11,20.63,21684548,0,uvm_report_server
RUN-000946,power_cycle_test-000946,1040208711,PASS,pass,NONE,,,,0,0,0,0,0,208.02,1.26,124813583,0,uvm_report_server
RUN-000947,mixed_rw_test-000947,1061924923,PASS,pass,NONE,,,,0,0,0,0,0,289.92,3.77,347902386,0,uvm_report_server
RUN-000948,sequential_write_test-000948,1806720651,PASS,pass,NONE,,,,0,1,0,0,0,51.53,1.22,20611099,0,uvm_report_server
RUN-000949,back_to_back_program_test-000949,103683559,FAIL,fail,FIFO_OVERFLOW,E_FIFO_0x21,FIFO_OVERFLOW,4690,3,0,0,1,0,8.69,13.12,10425855,1,uvm_report_server
RUN-000950,mixed_rw_test-000950,786053768,PASS,pass,NONE,,,,0,0,0,0,0,3.46,69.12,2078654,0,uvm_report_server
RUN-000951,power_cycle_test-000951,853220111,PASS,pass,NONE,,,,0,1,0,0,0,35.15,14.48,21090184,0,uvm_report_server
RUN-000952,mixed_rw_test-000952,326081270,PASS,pass,NONE,,,,0,0,0,0,0,67.54,8.31,67539442,0,uvm_report_server
RUN-000953,sequential_write_test-000953,702106154,PASS,pass,NONE,,,,0,1,0,0,0,22.54,11.26,13522119,0,uvm_report_server
RUN-000954,random_read_test-000954,1361366544,PASS,pass,NONE,,,,0,0,0,0,0,18.65,113.25,11188627,0,uvm_report_server
RUN-000955,power_cycle_test-000955,211710689,PASS,pass,NONE,,,,0,0,0,0,0,60.82,0.56,24328450,0,uvm_report_server
RUN-000956,sequential_write_test-000956,1159044750,PASS,pass,NONE,,,,0,0,0,0,0,1.0,16.81,1000000,0,uvm_report_server
RUN-000957,back_to_back_program_test-000957,789109924,PASS,pass,NONE,,,,0,0,0,0,0,307.96,26.78,184774405,0,uvm_report_server
RUN-000958,power_cycle_test-000958,614721218,PASS,pass,NONE,,,,0,0,0,0,0,26.36,10.68,21086235,0,uvm_report_server
RUN-000959,random_read_test-000959,514653299,PASS,pass,NONE,,,,0,0,0,0,0,8.3,3.8,8295417,0,uvm_report_server
RUN-000960,mixed_rw_test-000960,1632108755,PASS,pass,NONE,,,,0,0,0,0,0,6.56,36.84,3935705,0,uvm_report_server
RUN-000961,erase_suspend_test-000961,2059274828,PASS,pass,NONE,,,,0,0,0,0,0,108.28,4.65,129934144,0,uvm_report_server
RUN-000962,read_disturb_test-000962,1520872432,FAIL,fail,DATA_MISMATCH,E_CMP_0x11,DATA_MISMATCH,179480,3,0,0,0,1,183.48,1.59,220178409,1,uvm_report_server
RUN-000963,random_read_test-000963,1716777068,PASS,pass,NONE,,,,0,1,0,0,0,7.55,138.62,7552670,0,uvm_report_server
RUN-000964,sequential_write_test-000964,907087187,PASS,pass,NONE,,,,0,1,0,0,0,8.44,61.69,5063798,0,uvm_report_server
RUN-000965,back_to_back_program_test-000965,579206029,PASS,pass,NONE,,,,0,0,0,0,0,254.6,16.27,254602025,0,uvm_report_server
RUN-000966,back_to_back_program_test-000966,1702862074,FAIL,fail,FIFO_OVERFLOW,E_FIFO_0x21,FIFO_OVERFLOW,2500,2,0,0,1,0,3.98,29.14,3185127,1,uvm_report_server
RUN-000967,back_to_back_program_test-000967,2135476505,PASS,pass,NONE,,,,0,0,0,0,0,63.67,8.09,25469974,0,uvm_report_server
RUN-000968,power_cycle_test-000968,593200302,PASS,pass,NONE,,,,0,1,0,0,0,8.63,31.33,6902349,0,uvm_report_server
RUN-000969,back_to_back_program_test-000969,1064044872,PASS,pass,NONE,,,,0,0,0,0,0,8.59,8.01,6868671,0,uvm_report_server
RUN-000970,back_to_back_program_test-000970,1619566623,PASS,pass,NONE,,,,0,0,0,0,0,20.86,24.39,12514032,0,uvm_report_server
RUN-000971,read_disturb_test-000971,507155032,FAIL,fail,ECC_UNCORRECTABLE,E_ECC_0x33,ECC_UNCORRECTABLE,448720,2,0,0,1,1,452.72,0.88,362177205,1,uvm_report_server
RUN-000972,random_read_test-000972,1681349299,PASS,pass,NONE,,,,0,0,0,0,0,9.03,55.0,10831267,0,uvm_report_server
RUN-000973,sequential_write_test-000973,2035607043,PASS,pass,NONE,,,,0,1,0,0,0,120.76,16.68,96607017,0,uvm_report_server
RUN-000974,power_cycle_test-000974,673205710,PASS,pass,NONE,,,,0,0,0,0,0,333.39,25.77,133356399,0,uvm_report_server
RUN-000975,back_to_back_program_test-000975,218009361,PASS,pass,NONE,,,,0,1,0,0,0,12.9,80.07,7741686,0,uvm_report_server
RUN-000976,power_cycle_test-000976,1073870215,PASS,pass,NONE,,,,0,1,0,0,0,24.79,84.93,24787359,0,uvm_report_server
RUN-000977,sequential_write_test-000977,2044262863,PASS,pass,NONE,,,,0,0,0,0,0,32.4,15.8,25921010,0,uvm_report_server
RUN-000978,erase_suspend_test-000978,57047455,FAIL,fail,ECC_UNCORRECTABLE,E_ECC_0x33,ECC_UNCORRECTABLE,300560,4,1,0,1,1,304.56,0.89,182736168,1,uvm_report_server
RUN-000979,random_read_test-000979,1051306705,PASS,pass,NONE,,,,0,0,0,0,0,75.84,0.41,60675844,0,uvm_report_server
RUN-000980,random_read_test-000980,1216007482,FAIL,fail,DATA_MISMATCH,E_CMP_0x11,DATA_MISMATCH,8350,4,0,0,1,1,12.35,5.89,9878330,1,uvm_report_server
RUN-000981,random_read_test-000981,585638352,PASS,pass,NONE,,,,0,1,0,0,0,1.48,43.78,1780162,0,uvm_report_server
RUN-000982,mixed_rw_test-000982,600626311,PASS,pass,NONE,,,,0,0,0,0,0,3.22,10.2,2578749,0,uvm_report_server
RUN-000983,back_to_back_program_test-000983,1472794896,FAIL,fail,ECC_UNCORRECTABLE,E_ECC_0x33,ECC_UNCORRECTABLE,196180,2,0,0,0,1,200.18,1.65,200178946,1,uvm_report_server
RUN-000984,random_read_test-000984,1266347652,PASS,pass,NONE,,,,0,0,0,0,0,56.28,2.32,33770624,0,uvm_report_server
RUN-000985,back_to_back_program_test-000985,1368363652,PASS,pass,NONE,,,,0,0,0,0,0,141.44,6.86,113153586,0,uvm_report_server
RUN-000986,mixed_rw_test-000986,1066928088,PASS,pass,NONE,,,,0,1,0,0,0,31.52,33.69,25215859,0,uvm_report_server
RUN-000987,mixed_rw_test-000987,213447860,PASS,pass,NONE,,,,0,1,0,0,0,7.22,149.62,8666763,0,uvm_report_server
RUN-000988,back_to_back_program_test-000988,1954361057,PASS,pass,NONE,,,,0,0,0,0,0,362.13,1.51,144850414,0,uvm_report_server
RUN-000989,random_read_test-000989,2017572217,FAIL,fail,DATA_MISMATCH,E_CMP_0x11,DATA_MISMATCH,40040,1,0,0,0,1,44.04,19.72,35229744,1,uvm_report_server
RUN-000990,power_cycle_test-000990,1175498118,PASS,pass,NONE,,,,0,0,0,0,0,1.0,66.31,800000,0,uvm_report_server
RUN-000991,random_read_test-000991,264512126,PASS,pass,NONE,,,,0,0,0,0,0,6.82,37.34,5457059,0,uvm_report_server
RUN-000992,back_to_back_program_test-000992,371431779,FAIL,fail,FIFO_OVERFLOW,E_FIFO_0x21,FIFO_OVERFLOW,88750,2,0,0,1,0,92.75,2.33,92751754,1,uvm_report_server
RUN-000993,random_read_test-000993,1049950864,PASS,pass,NONE,,,,0,0,0,0,0,23.91,1.31,9565028,0,uvm_report_server
RUN-000994,power_cycle_test-000994,1738049781,PASS,pass,NONE,,,,0,1,0,0,0,32.5,1.97,32501340,0,uvm_report_server
RUN-000995,mixed_rw_test-000995,1026012411,PASS,pass,NONE,,,,0,0,0,0,0,130.46,16.25,104370330,0,uvm_report_server
RUN-000996,sequential_write_test-000996,201608691,PASS,pass,NONE,,,,0,0,0,0,0,13.83,9.35,16593971,0,uvm_report_server
RUN-000997,erase_suspend_test-000997,1259451217,PASS,pass,NONE,,,,0,0,0,0,0,5.72,24.47,4579479,0,uvm_report_server
RUN-000998,mixed_rw_test-000998,987615020,PASS,pass,NONE,,,,0,0,0,0,0,14.39,70.27,14387006,0,uvm_report_server
RUN-000999,back_to_back_program_test-000999,1490824697,FAIL,fail,FIFO_OVERFLOW,E_FIFO_0x21,FIFO_OVERFLOW,58300,3,1,0,0,0,62.3,8.55,24920240,1,uvm_report_server
RUN-001000,back_to_back_program_test-001000,761601617,FAIL,fail,FIFO_OVERFLOW,E_FIFO_0x21,FIFO_OVERFLOW,52700,1,1,0,0,0,56.7,7.24,45361074,1,uvm_report_server
RUN-001001,mixed_rw_test-001001,1457539633,PASS,pass,NONE,,,,0,0,0,0,0,2.03,16.99,1625849,0,uvm_report_server
RUN-001002,power_cycle_test-001002,454713626,PASS,pass,NONE,,,,0,0,0,0,0,18.45,30.0,14757304,0,uvm_report_server
RUN-001003,garbage_collect_test-001003,540149761,FAIL,fail,DATA_MISMATCH,E_CMP_0x11,DATA_MISMATCH,2500,1,0,0,0,1,1.11,126.58,1109128,1,uvm_report_server
RUN-001004,garbage_collect_test-001004,1103376114,FAIL,fail,DATA_MISMATCH,E_CMP_0x11,DATA_MISMATCH,2500,4,1,0,1,1,3.79,32.71,2273517,1,uvm_report_server
RUN-001005,power_cycle_test-001005,1920390798,FAIL,fail,TIMEOUT,E_TMO_0x40,TIMEOUT,1966410,3,1,1,0,0,1970.41,0.71,1970413901,1,uvm_report_server
RUN-001006,garbage_collect_test-001006,1944750737,PASS,pass,NONE,,,,0,0,0,0,0,221.78,10.08,88710720,0,uvm_report_server
RUN-001007,sequential_write_test-001007,80034200,PASS,pass,NONE,,,,0,1,0,0,0,116.0,4.82,116002203,0,uvm_report_server
RUN-001008,sequential_write_test-001008,696321932,FAIL,fail,TIMEOUT,E_TMO_0x40,TIMEOUT,1985240,1,0,1,0,0,1989.24,0.0,2387093698,1,uvm_report_server
RUN-001009,mixed_rw_test-001009,990774101,PASS,pass,NONE,,,,0,0,0,0,0,1.39,172.05,1113940,0,uvm_report_server
RUN-001010,back_to_back_program_test-001010,2002138267,PASS,pass,NONE,,,,0,0,0,0,0,16.7,67.18,10021978,0,uvm_report_server
RUN-001011,garbage_collect_test-001011,833096748,PASS,pass,NONE,,,,0,0,0,0,0,57.73,36.14,69279709,0,uvm_report_server
RUN-001012,erase_suspend_test-001012,1425512486,PASS,pass,NONE,,,,0,0,0,0,0,445.82,2.49,356656548,0,uvm_report_server
RUN-001013,mixed_rw_test-001013,280106287,FAIL,fail,DATA_MISMATCH,E_CMP_0x11,DATA_MISMATCH,33450,3,0,0,1,1,37.45,12.51,22467795,1,uvm_report_server
RUN-001014,back_to_back_program_test-001014,1225838516,PASS,pass,NONE,,,,0,0,0,0,0,17.8,112.4,10677275,0,uvm_report_server
RUN-001015,sequential_write_test-001015,1189931821,PASS,pass,NONE,,,,0,1,0,0,0,3.31,21.21,1985658,0,uvm_report_server
RUN-001016,erase_suspend_test-001016,1815284436,PASS,pass,NONE,,,,0,0,0,0,0,16.06,34.78,12844125,0,uvm_report_server
RUN-001017,random_read_test-001017,1925694319,PASS,pass,NONE,,,,0,1,0,0,0,12.46,81.86,9971465,0,uvm_report_server
RUN-001018,sequential_write_test-001018,719362948,FAIL,fail,DATA_MISMATCH,E_CMP_0x11,DATA_MISMATCH,108160,4,0,0,1,1,112.16,2.98,44865874,1,uvm_report_server
RUN-001019,mixed_rw_test-001019,386231333,PASS,pass,NONE,,,,0,1,0,0,0,2.09,480.51,1672524,0,uvm_report_server
RUN-001020,read_disturb_test-001020,2122722572,PASS,pass,NONE,,,,0,0,0,0,0,35.68,14.26,28541970,0,uvm_report_server
RUN-001021,random_read_test-001021,2127116646,PASS,pass,NONE,,,,0,0,0,0,0,6.57,10.61,6568771,0,uvm_report_server
RUN-001022,sequential_write_test-001022,1795945742,FAIL,fail,PROTOCOL_VIOLATION,E_PROT_0x52,PROTOCOL_VIOLATION,2500,3,0,1,1,0,5.91,875.51,7095875,1,uvm_report_server
RUN-001023,back_to_back_program_test-001023,1146639314,PASS,pass,NONE,,,,0,0,0,0,0,14.71,4.1,11766402,0,uvm_report_server
RUN-001024,sequential_write_test-001024,1689374834,PASS,pass,NONE,,,,0,0,0,0,0,1.0,131.27,1200000,0,uvm_report_server
RUN-001025,back_to_back_program_test-001025,1604159666,PASS,pass,NONE,,,,0,1,0,0,0,21.99,94.71,26390497,0,uvm_report_server
RUN-001026,erase_suspend_test-001026,1884116743,PASS,pass,NONE,,,,0,0,0,0,0,30.52,3.98,24413727,0,uvm_report_server
RUN-001027,mixed_rw_test-001027,732430515,PASS,pass,NONE,,,,0,0,0,0,0,131.65,1.88,52658148,0,uvm_report_server
RUN-001028,back_to_back_program_test-001028,1988849348,PASS,pass,NONE,,,,0,0,0,0,0,9.43,6.68,9428982,0,uvm_report_server
RUN-001029,garbage_collect_test-001029,1246226781,PASS,pass,NONE,,,,0,1,0,0,0,4.42,14.24,3534803,0,uvm_report_server
RUN-001030,back_to_back_program_test-001030,1913278832,FAIL,fail,FIFO_OVERFLOW,E_FIFO_0x21,FIFO_OVERFLOW,295300,2,1,0,0,0,299.3,2.07,359165894,1,uvm_report_server
RUN-001031,read_disturb_test-001031,1333519528,PASS,pass,NONE,,,,0,0,0,0,0,2.54,12.7,2033557,0,uvm_report_server
RUN-001032,erase_suspend_test-001032,938272212,FAIL,fail,ASSERTION_FAIL,E_ASRT_0x60,ASSERTION_FAIL,2500,2,0,0,0,0,2.68,195.83,2683564,1,uvm_report_server
RUN-001033,erase_suspend_test-001033,394570671,PASS,pass,NONE,,,,0,0,0,0,0,79.11,13.4,79110868,0,uvm_report_server
RUN-001034,mixed_rw_test-001034,717876550,PASS,pass,NONE,,,,0,0,0,0,0,20.99,12.18,16792079,0,uvm_report_server
RUN-001035,random_read_test-001035,1666042167,FAIL,fail,TIMEOUT,E_TMO_0x40,TIMEOUT,1984790,1,0,1,0,0,1988.79,0.02,1988794458,1,uvm_report_server
RUN-001036,random_read_test-001036,1455158523,FAIL,fail,TIMEOUT,E_TMO_0x40,TIMEOUT,1977650,3,1,1,0,0,1981.65,0.02,2377980286,1,uvm_report_server
RUN-001037,power_cycle_test-001037,928673628,FAIL,fail,TIMEOUT,E_TMO_0x40,TIMEOUT,1985000,3,0,1,1,0,1989.0,0.0,1989002182,1,uvm_report_server
RUN-001038,erase_suspend_test-001038,1547216386,PASS,pass,NONE,,,,0,0,0,0,0,194.07,43.37,155255698,0,uvm_report_server
RUN-001039,sequential_write_test-001039,512177738,PASS,pass,NONE,,,,0,0,0,0,0,24.65,2.7,19722139,0,uvm_report_server
RUN-001040,garbage_collect_test-001040,1512054622,PASS,pass,NONE,,,,0,0,0,0,0,2.78,45.02,2780223,0,uvm_report_server
RUN-001041,sequential_write_test-001041,783582016,PASS,pass,NONE,,,,0,0,0,0,0,16.15,127.89,9688587,0,uvm_report_server
RUN-001042,garbage_collect_test-001042,1597876461,FAIL,fail,TIMEOUT,E_TMO_0x40,TIMEOUT,1993960,4,0,1,1,0,1997.96,0.02,1997958564,1,uvm_report_server
RUN-001043,mixed_rw_test-001043,1144744155,PASS,pass,NONE,,,,0,0,0,0,0,53.18,4.95,21270796,0,uvm_report_server
RUN-001044,erase_suspend_test-001044,1136083062,PASS,pass,NONE,,,,0,0,0,0,0,34.33,15.1,34329256,0,uvm_report_server
RUN-001045,back_to_back_program_test-001045,1586139551,FAIL,fail,DATA_MISMATCH,E_CMP_0x11,DATA_MISMATCH,25200,1,0,0,0,1,29.2,8.28,23359594,1,uvm_report_server
RUN-001046,power_cycle_test-001046,1301418341,PASS,pass,NONE,,,,0,0,0,0,0,1.0,32.73,1200000,0,uvm_report_server
RUN-001047,random_read_test-001047,1740069961,FAIL,fail,TIMEOUT,E_TMO_0x40,TIMEOUT,1973900,3,0,1,1,0,1977.9,0.02,2373484672,1,uvm_report_server
RUN-001048,mixed_rw_test-001048,718994765,PASS,pass,NONE,,,,0,0,0,0,0,1.0,67.06,600000,0,uvm_report_server
RUN-001049,read_disturb_test-001049,1166053091,PASS,pass,NONE,,,,0,0,0,0,0,200.61,10.22,160491869,0,uvm_report_server
RUN-001050,back_to_back_program_test-001050,1137596391,FAIL,fail,FIFO_OVERFLOW,E_FIFO_0x21,FIFO_OVERFLOW,161700,1,1,0,0,0,165.7,0.23,132559706,1,uvm_report_server
RUN-001051,random_read_test-001051,1241820472,PASS,pass,NONE,,,,0,0,0,0,0,6.35,330.45,2539811,0,uvm_report_server
RUN-001052,read_disturb_test-001052,2109860654,PASS,pass,NONE,,,,0,0,0,0,0,8.13,31.3,6501148,0,uvm_report_server
RUN-001053,random_read_test-001053,1881977360,PASS,pass,NONE,,,,0,0,0,0,0,6.74,80.92,6740411,0,uvm_report_server
RUN-001054,mixed_rw_test-001054,873451685,PASS,pass,NONE,,,,0,0,0,0,0,47.96,83.78,38364520,0,uvm_report_server
RUN-001055,garbage_collect_test-001055,2070594008,PASS,pass,NONE,,,,0,0,0,0,0,10.47,3.19,4188527,0,uvm_report_server
RUN-001056,read_disturb_test-001056,140969148,FAIL,fail,TIMEOUT,E_TMO_0x40,TIMEOUT,1973750,3,0,1,0,0,1977.75,0.15,2373295622,1,uvm_report_server
RUN-001057,erase_suspend_test-001057,305048821,PASS,pass,NONE,,,,0,0,0,0,0,3.14,76.48,2514541,0,uvm_report_server
RUN-001058,sequential_write_test-001058,1224401905,PASS,pass,NONE,,,,0,0,0,0,0,52.35,20.6,41883169,0,uvm_report_server
RUN-001059,mixed_rw_test-001059,1169036196,PASS,pass,NONE,,,,0,1,0,0,0,59.21,8.73,35528890,0,uvm_report_server
RUN-001060,random_read_test-001060,1519583807,PASS,pass,NONE,,,,0,0,0,0,0,62.65,16.85,25061714,0,uvm_report_server
RUN-001061,erase_suspend_test-001061,1202177087,PASS,pass,NONE,,,,0,0,0,0,0,11.76,22.1,11756320,0,uvm_report_server
RUN-001062,back_to_back_program_test-001062,1510114294,FAIL,fail,FIFO_OVERFLOW,E_FIFO_0x21,FIFO_OVERFLOW,2500,2,0,0,1,0,5.61,2.89,3366212,1,uvm_report_server
RUN-001063,garbage_collect_test-001063,2099959323,FAIL,fail,DATA_MISMATCH,E_CMP_0x11,DATA_MISMATCH,8340,3,0,0,1,1,12.34,2.77,12336056,1,uvm_report_server
RUN-001064,mixed_rw_test-001064,862687525,FAIL,fail,ECC_UNCORRECTABLE,E_ECC_0x33,ECC_UNCORRECTABLE,278610,3,1,0,0,1,282.61,0.84,282605131,1,uvm_report_server
RUN-001065,power_cycle_test-001065,2098235008,FAIL,fail,ASSERTION_FAIL,E_ASRT_0x60,ASSERTION_FAIL,2500,2,0,0,1,0,1.0,3.24,800000,1,uvm_report_server
RUN-001066,random_read_test-001066,1865447172,PASS,pass,NONE,,,,0,0,0,0,0,36.7,27.23,36697133,0,uvm_report_server
RUN-001067,mixed_rw_test-001067,2093986349,FAIL,fail,ECC_UNCORRECTABLE,E_ECC_0x33,ECC_UNCORRECTABLE,151290,4,0,0,1,1,155.29,8.37,62116601,1,uvm_report_server
RUN-001068,erase_suspend_test-001068,651749995,FAIL,fail,THERMAL_SHUTDOWN,E_THRM_0x80,THERMAL_SHUTDOWN,20210,2,0,0,0,0,24.21,29.34,14528253,1,uvm_report_server
RUN-001069,sequential_write_test-001069,187027258,PASS,pass,NONE,,,,0,0,0,0,0,4.9,50.74,3917670,0,uvm_report_server
RUN-001070,power_cycle_test-001070,80498325,FAIL,fail,DATA_MISMATCH,E_CMP_0x11,DATA_MISMATCH,39270,3,0,0,1,1,43.27,35.65,34619797,1,uvm_report_server
RUN-001071,erase_suspend_test-001071,286856266,PASS,pass,NONE,,,,0,0,0,0,0,47.34,22.88,18937388,0,uvm_report_server
RUN-001072,read_disturb_test-001072,575754185,PASS,pass,NONE,,,,0,0,0,0,0,5.03,207.95,3015475,0,uvm_report_server
RUN-001073,mixed_rw_test-001073,684550338,PASS,pass,NONE,,,,0,0,0,0,0,271.84,117.93,108736738,0,uvm_report_server
RUN-001074,mixed_rw_test-001074,589579752,PASS,pass,NONE,,,,0,0,0,0,0,4.9,220.58,4900283,0,uvm_report_server
RUN-001075,erase_suspend_test-001075,340789350,FAIL,fail,DATA_MISMATCH,E_CMP_0x11,DATA_MISMATCH,9460,3,1,0,0,1,13.46,91.7,8073695,1,uvm_report_server
RUN-001076,back_to_back_program_test-001076,1838566320,FAIL,fail,FIFO_OVERFLOW,E_FIFO_0x21,FIFO_OVERFLOW,11570,2,0,0,0,0,15.57,12.76,6228539,1,uvm_report_server
RUN-001077,random_read_test-001077,1712611625,PASS,pass,NONE,,,,0,1,0,0,0,6.76,36.34,5404605,0,uvm_report_server
RUN-001078,sequential_write_test-001078,1814654898,PASS,pass,NONE,,,,0,0,0,0,0,84.91,1.65,50945636,0,uvm_report_server
RUN-001079,power_cycle_test-001079,1057566045,PASS,pass,NONE,,,,0,0,0,0,0,1.74,35.73,695038,0,uvm_report_server
RUN-001080,back_to_back_program_test-001080,54788609,PASS,pass,NONE,,,,0,0,0,0,0,33.75,7.2,20249263,0,uvm_report_server
RUN-001081,garbage_collect_test-001081,1177866647,PASS,pass,NONE,,,,0,1,0,0,0,76.64,6.57,61314433,0,uvm_report_server
RUN-001082,random_read_test-001082,1263544222,PASS,pass,NONE,,,,0,0,0,0,0,6.57,162.65,7883072,0,uvm_report_server
RUN-001083,sequential_write_test-001083,1869824451,PASS,pass,NONE,,,,0,0,0,0,0,22.86,10.75,22864948,0,uvm_report_server
RUN-001084,erase_suspend_test-001084,1637672067,PASS,pass,NONE,,,,0,1,0,0,0,5.88,22.13,3525770,0,uvm_report_server
RUN-001085,garbage_collect_test-001085,1331888066,PASS,pass,NONE,,,,0,0,0,0,0,948.19,0.56,568911242,0,uvm_report_server
RUN-001086,mixed_rw_test-001086,1376668555,PASS,pass,NONE,,,,0,0,0,0,0,1.28,189.64,1535704,0,uvm_report_server
RUN-001087,sequential_write_test-001087,310122344,PASS,pass,NONE,,,,0,0,0,0,0,39.63,49.62,39630139,0,uvm_report_server
RUN-001088,sequential_write_test-001088,248216082,PASS,pass,NONE,,,,0,1,0,0,0,5.07,48.0,6086396,0,uvm_report_server
RUN-001089,mixed_rw_test-001089,922396380,PASS,pass,NONE,,,,0,0,0,0,0,67.39,0.52,40434164,0,uvm_report_server
RUN-001090,random_read_test-001090,194376829,PASS,pass,NONE,,,,0,1,0,0,0,71.69,28.56,57355200,0,uvm_report_server
RUN-001091,erase_suspend_test-001091,1078043756,PASS,pass,NONE,,,,0,0,0,0,0,18.96,13.66,15170459,0,uvm_report_server
RUN-001092,garbage_collect_test-001092,1625918231,PASS,pass,NONE,,,,0,0,0,0,0,7.01,72.15,4203996,0,uvm_report_server
RUN-001093,back_to_back_program_test-001093,702212703,FAIL,fail,FIFO_OVERFLOW,E_FIFO_0x21,FIFO_OVERFLOW,158770,1,0,0,0,0,162.77,7.02,130212647,1,uvm_report_server
RUN-001094,random_read_test-001094,2126196202,PASS,pass,NONE,,,,0,1,0,0,0,9.56,58.44,11475117,0,uvm_report_server
RUN-001095,sequential_write_test-001095,397185334,PASS,pass,NONE,,,,0,1,0,0,0,3.03,88.12,1819750,0,uvm_report_server
RUN-001096,erase_suspend_test-001096,619675972,FAIL,fail,PROTOCOL_VIOLATION,E_PROT_0x52,PROTOCOL_VIOLATION,8020,3,0,1,1,0,12.02,15.32,7214202,1,uvm_report_server
RUN-001097,power_cycle_test-001097,1433227234,PASS,pass,NONE,,,,0,0,0,0,0,2.13,29.16,1275686,0,uvm_report_server
RUN-001098,sequential_write_test-001098,681146040,PASS,pass,NONE,,,,0,0,0,0,0,5.04,3.43,4031154,0,uvm_report_server
RUN-001099,mixed_rw_test-001099,1405629909,PASS,pass,NONE,,,,0,0,0,0,0,4.33,4.0,1730373,0,uvm_report_server
RUN-001100,random_read_test-001100,1355757562,FAIL,fail,TIMEOUT,E_TMO_0x40,TIMEOUT,1971080,3,0,1,1,0,1975.08,0.07,1975075819,1,uvm_report_server
RUN-001101,sequential_write_test-001101,70591880,PASS,pass,NONE,,,,0,0,0,0,0,6.4,10.32,6403177,0,uvm_report_server
RUN-001102,mixed_rw_test-001102,1045501479,FAIL,fail,TIMEOUT,E_TMO_0x40,TIMEOUT,1991390,4,0,1,1,0,1995.39,0.26,2394470615,1,uvm_report_server
RUN-001103,read_disturb_test-001103,498153061,FAIL,fail,DATA_MISMATCH,E_CMP_0x11,DATA_MISMATCH,2500,1,0,0,0,1,4.27,21.38,3417410,1,uvm_report_server
RUN-001104,garbage_collect_test-001104,1395500408,PASS,pass,NONE,,,,0,1,0,0,0,1.35,44.52,1080944,0,uvm_report_server
RUN-001105,mixed_rw_test-001105,772873833,PASS,pass,NONE,,,,0,0,0,0,0,6.18,21.16,3706550,0,uvm_report_server
RUN-001106,random_read_test-001106,1290911493,FAIL,fail,ASSERTION_FAIL,E_ASRT_0x60,ASSERTION_FAIL,2500,2,0,0,0,0,4.05,24.7,4857127,1,uvm_report_server
RUN-001107,mixed_rw_test-001107,316112842,FAIL,fail,RETENTION_FAIL,E_RET_0x71,RETENTION_FAIL,106860,2,0,0,0,1,110.86,34.33,88686158,1,uvm_report_server
RUN-001108,back_to_back_program_test-001108,1888382839,PASS,pass,NONE,,,,0,0,0,0,0,10.05,48.0,4021220,0,uvm_report_server
RUN-001109,garbage_collect_test-001109,226597236,FAIL,fail,THERMAL_SHUTDOWN,E_THRM_0x80,THERMAL_SHUTDOWN,2500,2,0,0,1,0,3.01,12.01,1205332,1,uvm_report_server
RUN-001110,back_to_back_program_test-001110,1563111038,PASS,pass,NONE,,,,0,0,0,0,0,3.87,32.33,3868240,0,uvm_report_server
RUN-001111,erase_suspend_test-001111,875074049,PASS,pass,NONE,,,,0,0,0,0,0,30.14,16.46,24114623,0,uvm_report_server
RUN-001112,read_disturb_test-001112,439371217,PASS,pass,NONE,,,,0,0,0,0,0,337.36,52.75,404832970,0,uvm_report_server
RUN-001113,erase_suspend_test-001113,602860815,PASS,pass,NONE,,,,0,0,0,0,0,11.28,85.88,6766038,0,uvm_report_server
RUN-001114,power_cycle_test-001114,124504251,PASS,pass,NONE,,,,0,0,0,0,0,4.95,6.89,2967218,0,uvm_report_server
RUN-001115,power_cycle_test-001115,161764632,PASS,pass,NONE,,,,0,0,0,0,0,184.34,44.17,147468628,0,uvm_report_server
RUN-001116,sequential_write_test-001116,1438641752,FAIL,fail,ASSERTION_FAIL,E_ASRT_0x60,ASSERTION_FAIL,2500,2,1,0,0,0,1.0,106.31,800000,1,uvm_report_server
RUN-001117,random_read_test-001117,250646391,PASS,pass,NONE,,,,0,0,0,0,0,5.07,12.9,5067477,0,uvm_report_server
RUN-001118,mixed_rw_test-001118,1112707739,PASS,pass,NONE,,,,0,0,0,0,0,48.03,176.6,48026070,0,uvm_report_server
RUN-001119,sequential_write_test-001119,1104167357,FAIL,fail,ASSERTION_FAIL,E_ASRT_0x60,ASSERTION_FAIL,2500,3,0,0,0,0,1.0,37.27,1000000,1,uvm_report_server
RUN-001120,mixed_rw_test-001120,118644193,FAIL,fail,ASSERTION_FAIL,E_ASRT_0x60,ASSERTION_FAIL,287270,3,0,0,0,0,291.27,4.21,174762921,1,uvm_report_server
RUN-001121,random_read_test-001121,1364164131,PASS,pass,NONE,,,,0,0,0,0,0,1.57,44.74,1566971,0,uvm_report_server
RUN-001122,garbage_collect_test-001122,917542548,PASS,pass,NONE,,,,0,0,0,0,0,1.0,16.76,800000,0,uvm_report_server
RUN-001123,mixed_rw_test-001123,1973583296,PASS,pass,NONE,,,,0,0,0,0,0,53.51,4.57,42810939,0,uvm_report_server
RUN-001124,random_read_test-001124,1541962332,PASS,pass,NONE,,,,0,1,0,0,0,36.2,14.43,21719992,0,uvm_report_server
RUN-001125,random_read_test-001125,1250916382,FAIL,fail,ECC_UNCORRECTABLE,E_ECC_0x33,ECC_UNCORRECTABLE,83780,3,0,0,0,1,87.78,7.01,70227132,1,uvm_report_server
RUN-001126,mixed_rw_test-001126,1675476454,PASS,pass,NONE,,,,0,0,0,0,0,1.0,136.69,1000000,0,uvm_report_server
RUN-001127,garbage_collect_test-001127,1490811099,PASS,pass,NONE,,,,0,1,0,0,0,7.92,34.44,6337950,0,uvm_report_server
RUN-001128,random_read_test-001128,1964076348,PASS,pass,NONE,,,,0,0,0,0,0,5.89,89.88,3534147,0,uvm_report_server
RUN-001129,read_disturb_test-001129,630269865,FAIL,fail,TIMEOUT,E_TMO_0x40,TIMEOUT,1990460,3,0,1,0,0,1994.46,0.04,1994464626,1,uvm_report_server
RUN-001130,back_to_back_program_test-001130,2006521470,FAIL,fail,FIFO_OVERFLOW,E_FIFO_0x21,FIFO_OVERFLOW,18710,1,0,0,0,0,22.71,2.54,13625503,1,uvm_report_server
RUN-001131,power_cycle_test-001131,637732516,PASS,pass,NONE,,,,0,0,0,0,0,698.83,1.51,419299089,0,uvm_report_server
RUN-001132,garbage_collect_test-001132,1143532589,PASS,pass,NONE,,,,0,1,0,0,0,51.02,86.0,40817568,0,uvm_report_server
RUN-001133,sequential_write_test-001133,89657503,PASS,pass,NONE,,,,0,0,0,0,0,31.33,16.09,37600888,0,uvm_report_server
RUN-001134,sequential_write_test-001134,1825949405,FAIL,fail,TIMEOUT,E_TMO_0x40,TIMEOUT,1988220,3,0,1,0,0,1992.22,0.0,1992224863,1,uvm_report_server
RUN-001135,random_read_test-001135,1976554117,FAIL,fail,THERMAL_SHUTDOWN,E_THRM_0x80,THERMAL_SHUTDOWN,3240,3,1,0,1,0,7.24,6.85,4345740,1,uvm_report_server
RUN-001136,random_read_test-001136,1576689604,PASS,pass,NONE,,,,0,0,0,0,0,13.53,2.54,8116554,0,uvm_report_server
RUN-001137,garbage_collect_test-001137,835378673,PASS,pass,NONE,,,,0,0,0,0,0,1.11,62.6,444782,0,uvm_report_server
RUN-001138,sequential_write_test-001138,1966984949,PASS,pass,NONE,,,,0,0,0,0,0,62.63,31.26,75152832,0,uvm_report_server
RUN-001139,back_to_back_program_test-001139,410846993,PASS,pass,NONE,,,,0,0,0,0,0,1.74,35.43,1045339,0,uvm_report_server
RUN-001140,mixed_rw_test-001140,2077339460,PASS,pass,NONE,,,,0,1,0,0,0,1.0,33.1,800000,0,uvm_report_server
RUN-001141,erase_suspend_test-001141,695126057,PASS,pass,NONE,,,,0,0,0,0,0,157.49,6.75,62997047,0,uvm_report_server
RUN-001142,random_read_test-001142,266201237,PASS,pass,NONE,,,,0,0,0,0,0,178.94,48.26,71576449,0,uvm_report_server
RUN-001143,mixed_rw_test-001143,1912400017,FAIL,fail,TIMEOUT,E_TMO_0x40,TIMEOUT,1991740,4,0,1,1,0,1995.74,0.2,1995743609,1,uvm_report_server
RUN-001144,power_cycle_test-001144,281956807,FAIL,fail,THERMAL_SHUTDOWN,E_THRM_0x80,THERMAL_SHUTDOWN,2500,2,0,0,1,0,3.38,6.26,2028660,1,uvm_report_server
RUN-001145,mixed_rw_test-001145,522697165,PASS,pass,NONE,,,,0,0,0,0,0,39.59,3.28,31673993,0,uvm_report_server
RUN-001146,erase_suspend_test-001146,296237844,PASS,pass,NONE,,,,0,0,0,0,0,1.0,132.94,800000,0,uvm_report_server
RUN-001147,power_cycle_test-001147,656687536,PASS,pass,NONE,,,,0,0,0,0,0,20.34,6.43,24408049,0,uvm_report_server
RUN-001148,erase_suspend_test-001148,125529161,PASS,pass,NONE,,,,0,0,0,0,0,25.54,37.71,30653191,0,uvm_report_server
RUN-001149,read_disturb_test-001149,926811353,PASS,pass,NONE,,,,0,0,0,0,0,28.3,4.27,28304751,0,uvm_report_server
RUN-001150,read_disturb_test-001150,1629712592,PASS,pass,NONE,,,,0,1,0,0,0,19.94,52.26,11964055,0,uvm_report_server
RUN-001151,garbage_collect_test-001151,1303593486,FAIL,fail,ASSERTION_FAIL,E_ASRT_0x60,ASSERTION_FAIL,8230,3,1,0,0,0,12.23,59.5,9782990,1,uvm_report_server
RUN-001152,power_cycle_test-001152,324057441,PASS,pass,NONE,,,,0,0,0,0,0,179.52,12.51,179519234,0,uvm_report_server
RUN-001153,mixed_rw_test-001153,352319462,PASS,pass,NONE,,,,0,0,0,0,0,25.85,5.4,25848355,0,uvm_report_server
RUN-001154,back_to_back_program_test-001154,865355805,FAIL,fail,FIFO_OVERFLOW,E_FIFO_0x21,FIFO_OVERFLOW,20330,3,1,0,0,0,24.33,10.91,19465429,1,uvm_report_server
RUN-001155,power_cycle_test-001155,699765092,PASS,pass,NONE,,,,0,0,0,0,0,4.13,253.49,3301849,0,uvm_report_server
RUN-001156,garbage_collect_test-001156,1861461223,PASS,pass,NONE,,,,0,1,0,0,0,20.34,1.48,8136132,0,uvm_report_server
RUN-001157,mixed_rw_test-001157,329490769,PASS,pass,NONE,,,,0,1,0,0,0,30.45,18.07,18267616,0,uvm_report_server
RUN-001158,mixed_rw_test-001158,818951094,PASS,pass,NONE,,,,0,1,0,0,0,1.38,12.46,827850,0,uvm_report_server
RUN-001159,mixed_rw_test-001159,479718922,PASS,pass,NONE,,,,0,0,0,0,0,51.29,20.39,30773439,0,uvm_report_server
RUN-001160,read_disturb_test-001160,133658260,PASS,pass,NONE,,,,0,0,0,0,0,10.8,5.86,6479974,0,uvm_report_server
RUN-001161,random_read_test-001161,355670024,PASS,pass,NONE,,,,0,0,0,0,0,1.05,120.5,843986,0,uvm_report_server
RUN-001162,power_cycle_test-001162,49440533,FAIL,fail,RETENTION_FAIL,E_RET_0x71,RETENTION_FAIL,206190,2,0,0,1,1,210.19,0.13,84077872,1,uvm_report_server
RUN-001163,sequential_write_test-001163,1112779882,PASS,pass,NONE,,,,0,0,0,0,0,4.14,8.02,3315017,0,uvm_report_server
RUN-001164,garbage_collect_test-001164,1609838610,PASS,pass,NONE,,,,0,1,0,0,0,8.77,227.73,7012436,0,uvm_report_server
RUN-001165,sequential_write_test-001165,812852706,PASS,pass,NONE,,,,0,1,0,0,0,6.76,17.83,4055338,0,uvm_report_server
RUN-001166,power_cycle_test-001166,947808419,PASS,pass,NONE,,,,0,1,0,0,0,10.56,103.07,8449711,0,uvm_report_server
RUN-001167,back_to_back_program_test-001167,706609330,PASS,pass,NONE,,,,0,1,0,0,0,3.86,65.92,2315416,0,uvm_report_server
RUN-001168,random_read_test-001168,278937329,PASS,pass,NONE,,,,0,0,0,0,0,4.63,120.13,4629171,0,uvm_report_server
RUN-001169,power_cycle_test-001169,363094215,PASS,pass,NONE,,,,0,0,0,0,0,49.74,2.58,39791721,0,uvm_report_server
RUN-001170,sequential_write_test-001170,1143971335,PASS,pass,NONE,,,,0,1,0,0,0,42.45,11.97,16979506,0,uvm_report_server
RUN-001171,mixed_rw_test-001171,112153067,PASS,pass,NONE,,,,0,0,0,0,0,13.54,19.47,10835665,0,uvm_report_server
RUN-001172,power_cycle_test-001172,1701485238,PASS,pass,NONE,,,,0,1,0,0,0,13.62,10.12,5448709,0,uvm_report_server
RUN-001173,mixed_rw_test-001173,1410735986,FAIL,fail,PROTOCOL_VIOLATION,E_PROT_0x52,PROTOCOL_VIOLATION,21190,3,0,1,1,0,25.19,24.3,20149363,1,uvm_report_server
RUN-001174,power_cycle_test-001174,770946796,PASS,pass,NONE,,,,0,0,0,0,0,76.66,3.57,45996501,0,uvm_report_server
RUN-001175,random_read_test-001175,1549041258,PASS,pass,NONE,,,,0,0,0,0,0,80.29,0.76,64228534,0,uvm_report_server
RUN-001176,sequential_write_test-001176,1307807905,PASS,pass,NONE,,,,0,0,0,0,0,1.0,8.48,1000000,0,uvm_report_server
RUN-001177,read_disturb_test-001177,1254882638,FAIL,fail,DATA_MISMATCH,E_CMP_0x11,DATA_MISMATCH,2500,2,1,0,0,1,1.0,6.39,400000,1,uvm_report_server
RUN-001178,garbage_collect_test-001178,1570170545,PASS,pass,NONE,,,,0,0,0,0,0,82.84,1.55,82840893,0,uvm_report_server
RUN-001179,erase_suspend_test-001179,514084967,PASS,pass,NONE,,,,0,0,0,0,0,3.54,136.04,2835523,0,uvm_report_server
RUN-001180,power_cycle_test-001180,1862084037,PASS,pass,NONE,,,,0,0,0,0,0,34.51,31.3,41410111,0,uvm_report_server
RUN-001181,power_cycle_test-001181,538063800,PASS,pass,NONE,,,,0,0,0,0,0,76.05,1.59,45631874,0,uvm_report_server
RUN-001182,mixed_rw_test-001182,1365106325,FAIL,fail,DATA_MISMATCH,E_CMP_0x11,DATA_MISMATCH,2500,2,1,0,0,1,1.77,55.12,1770863,1,uvm_report_server
RUN-001183,random_read_test-001183,1593801323,FAIL,fail,ECC_UNCORRECTABLE,E_ECC_0x33,ECC_UNCORRECTABLE,1350140,2,0,0,0,1,1354.14,3.17,812483283,1,uvm_report_server
RUN-001184,sequential_write_test-001184,1396217634,PASS,pass,NONE,,,,0,0,0,0,0,49.57,42.09,59483732,0,uvm_report_server
RUN-001185,sequential_write_test-001185,1487215904,PASS,pass,NONE,,,,0,1,0,0,0,11.75,5.42,7048845,0,uvm_report_server
RUN-001186,sequential_write_test-001186,16408841,PASS,pass,NONE,,,,0,0,0,0,0,72.22,13.81,57777631,0,uvm_report_server
RUN-001187,power_cycle_test-001187,2095089219,PASS,pass,NONE,,,,0,0,0,0,0,764.71,11.71,458824110,0,uvm_report_server
RUN-001188,power_cycle_test-001188,2109190129,FAIL,fail,ASSERTION_FAIL,E_ASRT_0x60,ASSERTION_FAIL,2500,3,0,0,0,0,1.0,10.7,800000,1,uvm_report_server
RUN-001189,erase_suspend_test-001189,810939690,PASS,pass,NONE,,,,0,0,0,0,0,1.36,100.38,1628749,0,uvm_report_server
RUN-001190,mixed_rw_test-001190,699147679,FAIL,fail,ASSERTION_FAIL,E_ASRT_0x60,ASSERTION_FAIL,6070,3,0,0,1,0,10.07,22.25,6044558,1,uvm_report_server
RUN-001191,sequential_write_test-001191,400697026,PASS,pass,NONE,,,,0,1,0,0,0,8.2,17.01,9835366,0,uvm_report_server
RUN-001192,mixed_rw_test-001192,381296297,PASS,pass,NONE,,,,0,0,0,0,0,1.0,33.52,800000,0,uvm_report_server
RUN-001193,back_to_back_program_test-001193,457570256,PASS,pass,NONE,,,,0,0,0,0,0,11.84,42.22,11835540,0,uvm_report_server
RUN-001194,random_read_test-001194,1816696959,PASS,pass,NONE,,,,0,0,0,0,0,76.44,6.82,91723340,0,uvm_report_server
RUN-001195,read_disturb_test-001195,223722979,FAIL,fail,ASSERTION_FAIL,E_ASRT_0x60,ASSERTION_FAIL,2500,3,0,0,1,0,4.1,3.14,3276869,1,uvm_report_server
RUN-001196,garbage_collect_test-001196,385161406,PASS,pass,NONE,,,,0,0,0,0,0,2.87,11.24,2299785,0,uvm_report_server
RUN-001197,random_read_test-001197,224284532,FAIL,fail,DATA_MISMATCH,E_CMP_0x11,DATA_MISMATCH,190810,1,0,0,0,1,194.81,43.75,194806722,1,uvm_report_server
RUN-001198,power_cycle_test-001198,734475364,FAIL,fail,ECC_UNCORRECTABLE,E_ECC_0x33,ECC_UNCORRECTABLE,67880,2,1,0,0,1,71.88,34.67,57507736,1,uvm_report_server
RUN-001199,back_to_back_program_test-001199,1787508557,FAIL,fail,FIFO_OVERFLOW,E_FIFO_0x21,FIFO_OVERFLOW,26260,2,0,0,1,0,30.26,2.48,18156942,1,uvm_report_server
RUN-001200,sequential_write_test-001200,111497940,PASS,pass,NONE,,,,0,0,0,0,0,193.42,46.0,116051495,0,uvm_report_server
RUN-001201,mixed_rw_test-001201,1327232554,FAIL,fail,DATA_MISMATCH,E_CMP_0x11,DATA_MISMATCH,10000,3,0,0,0,1,14.0,60.56,5600666,1,uvm_report_server
RUN-001202,mixed_rw_test-001202,1071493254,FAIL,fail,DATA_MISMATCH,E_CMP_0x11,DATA_MISMATCH,9570,1,0,0,0,1,13.57,14.32,10854070,1,uvm_report_server
RUN-001203,read_disturb_test-001203,2029148069,PASS,pass,NONE,,,,0,0,0,0,0,99.61,89.12,79690003,0,uvm_report_server
RUN-001204,mixed_rw_test-001204,579272105,PASS,pass,NONE,,,,0,0,0,0,0,48.21,88.52,48205994,0,uvm_report_server
RUN-001205,mixed_rw_test-001205,1490989845,PASS,pass,NONE,,,,0,1,0,0,0,50.7,5.37,60843109,0,uvm_report_server
RUN-001206,back_to_back_program_test-001206,172533182,PASS,pass,NONE,,,,0,0,0,0,0,33.1,30.22,39724549,0,uvm_report_server
RUN-001207,sequential_write_test-001207,524698295,FAIL,fail,TIMEOUT,E_TMO_0x40,TIMEOUT,1981550,2,0,1,0,0,1985.55,0.99,1985547358,1,uvm_report_server
RUN-001208,power_cycle_test-001208,1456772702,FAIL,fail,DATA_MISMATCH,E_CMP_0x11,DATA_MISMATCH,13330,2,0,0,0,1,17.33,24.15,10400151,1,uvm_report_server
RUN-001209,garbage_collect_test-001209,660254771,FAIL,fail,THERMAL_SHUTDOWN,E_THRM_0x80,THERMAL_SHUTDOWN,2500,2,1,0,0,0,5.47,3.77,4377016,1,uvm_report_server
RUN-001210,random_read_test-001210,382972180,PASS,pass,NONE,,,,0,0,0,0,0,17.48,1.81,6990463,0,uvm_report_server
RUN-001211,mixed_rw_test-001211,1507938062,FAIL,fail,DATA_MISMATCH,E_CMP_0x11,DATA_MISMATCH,15110,2,1,0,0,1,19.11,26.59,15288827,1,uvm_report_server
RUN-001212,power_cycle_test-001212,389492238,PASS,pass,NONE,,,,0,0,0,0,0,27.22,161.77,27222882,0,uvm_report_server
RUN-001213,random_read_test-001213,1063635885,PASS,pass,NONE,,,,0,0,0,0,0,15.94,16.44,15940861,0,uvm_report_server
RUN-001214,sequential_write_test-001214,1603546702,FAIL,fail,DATA_MISMATCH,E_CMP_0x11,DATA_MISMATCH,31210,2,0,0,0,1,35.21,59.83,14083943,1,uvm_report_server
RUN-001215,power_cycle_test-001215,1388597347,PASS,pass,NONE,,,,0,1,0,0,0,41.05,1.68,41052606,0,uvm_report_server
RUN-001216,sequential_write_test-001216,1494227202,PASS,pass,NONE,,,,0,0,0,0,0,52.95,1.27,21181546,0,uvm_report_server
RUN-001217,sequential_write_test-001217,1260000126,PASS,pass,NONE,,,,0,0,0,0,0,89.11,5.55,71287540,0,uvm_report_server
RUN-001218,back_to_back_program_test-001218,1232889629,FAIL,fail,RETENTION_FAIL,E_RET_0x71,RETENTION_FAIL,60120,1,1,0,0,1,64.12,0.34,51297795,1,uvm_report_server
RUN-001219,back_to_back_program_test-001219,1371581304,PASS,pass,NONE,,,,0,1,0,0,0,65.07,33.14,65071761,0,uvm_report_server
RUN-001220,power_cycle_test-001220,1228984813,PASS,pass,NONE,,,,0,1,0,0,0,2.19,62.99,1313978,0,uvm_report_server
RUN-001221,sequential_write_test-001221,742964237,FAIL,fail,PROTOCOL_VIOLATION,E_PROT_0x52,PROTOCOL_VIOLATION,4340,3,0,1,1,0,8.34,259.16,5001351,1,uvm_report_server
RUN-001222,garbage_collect_test-001222,980033102,FAIL,fail,DATA_MISMATCH,E_CMP_0x11,DATA_MISMATCH,2500,1,0,0,0,1,2.21,4.05,2650736,1,uvm_report_server
RUN-001223,back_to_back_program_test-001223,917595462,FAIL,fail,FIFO_OVERFLOW,E_FIFO_0x21,FIFO_OVERFLOW,4330,1,1,0,0,0,8.33,1.15,6664122,1,uvm_report_server
RUN-001224,erase_suspend_test-001224,1906449581,PASS,pass,NONE,,,,0,1,0,0,0,5.03,47.78,4027845,0,uvm_report_server
RUN-001225,back_to_back_program_test-001225,1100520244,PASS,pass,NONE,,,,0,0,0,0,0,21.31,6.12,17044895,0,uvm_report_server
RUN-001226,back_to_back_program_test-001226,2070582492,FAIL,fail,TIMEOUT,E_TMO_0x40,TIMEOUT,1958420,1,1,1,0,0,1962.42,0.12,2354901022,1,uvm_report_server
RUN-001227,back_to_back_program_test-001227,2133498239,PASS,pass,NONE,,,,0,1,0,0,0,70.81,3.54,70814712,0,uvm_report_server
RUN-001228,sequential_write_test-001228,1810680854,PASS,pass,NONE,,,,0,0,0,0,0,2.35,29.67,1408303,0,uvm_report_server
RUN-001229,power_cycle_test-001229,1074264179,PASS,pass,NONE,,,,0,0,0,0,0,2.3,105.48,1382958,0,uvm_report_server
RUN-001230,back_to_back_program_test-001230,1955805152,PASS,pass,NONE,,,,0,0,0,0,0,47.45,2.93,28471233,0,uvm_report_server
RUN-001231,erase_suspend_test-001231,350923980,FAIL,fail,PROTOCOL_VIOLATION,E_PROT_0x52,PROTOCOL_VIOLATION,14120,2,1,1,0,0,18.12,37.76,7248253,1,uvm_report_server
RUN-001232,back_to_back_program_test-001232,157222642,PASS,pass,NONE,,,,0,0,0,0,0,14.18,38.42,8506292,0,uvm_report_server
RUN-001233,mixed_rw_test-001233,781528835,PASS,pass,NONE,,,,0,0,0,0,0,3.67,139.37,2932037,0,uvm_report_server
RUN-001234,random_read_test-001234,1348444650,PASS,pass,NONE,,,,0,0,0,0,0,3.01,89.76,3014779,0,uvm_report_server
RUN-001235,mixed_rw_test-001235,1050499059,PASS,pass,NONE,,,,0,0,0,0,0,1.7,4.77,1363707,0,uvm_report_server
RUN-001236,mixed_rw_test-001236,1867425282,FAIL,fail,ASSERTION_FAIL,E_ASRT_0x60,ASSERTION_FAIL,2500,1,0,0,0,0,1.35,29.18,1077502,1,uvm_report_server
RUN-001237,read_disturb_test-001237,1900551066,FAIL,fail,ECC_UNCORRECTABLE,E_ECC_0x33,ECC_UNCORRECTABLE,74010,2,0,0,0,1,78.01,71.39,93614857,1,uvm_report_server
RUN-001238,erase_suspend_test-001238,1522017415,PASS,pass,NONE,,,,0,0,0,0,0,1.38,24.97,829616,0,uvm_report_server
RUN-001239,back_to_back_program_test-001239,753273890,PASS,pass,NONE,,,,0,0,0,0,0,27.23,18.19,16337301,0,uvm_report_server
RUN-001240,power_cycle_test-001240,131956172,PASS,pass,NONE,,,,0,0,0,0,0,43.41,6.18,34728412,0,uvm_report_server
RUN-001241,back_to_back_program_test-001241,1647364941,PASS,pass,NONE,,,,0,0,0,0,0,21.69,12.86,21686733,0,uvm_report_server
RUN-001242,random_read_test-001242,1062596242,PASS,pass,NONE,,,,0,1,0,0,0,31.85,17.51,19111607,0,uvm_report_server
RUN-001243,back_to_back_program_test-001243,13611319,PASS,pass,NONE,,,,0,0,0,0,0,49.08,2.53,29446288,0,uvm_report_server
RUN-001244,back_to_back_program_test-001244,855433464,FAIL,fail,FIFO_OVERFLOW,E_FIFO_0x21,FIFO_OVERFLOW,1005470,2,1,0,0,0,1009.47,2.79,605681972,1,uvm_report_server
RUN-001245,read_disturb_test-001245,6069872,FAIL,fail,TIMEOUT,E_TMO_0x40,TIMEOUT,1973760,2,0,1,0,0,1977.76,0.04,1977755215,1,uvm_report_server
RUN-001246,garbage_collect_test-001246,272321997,PASS,pass,NONE,,,,0,0,0,0,0,10.05,6.01,4021981,0,uvm_report_server
RUN-001247,read_disturb_test-001247,984254841,PASS,pass,NONE,,,,0,1,0,0,0,1.85,508.98,1852718,0,uvm_report_server
RUN-001248,random_read_test-001248,2131198747,PASS,pass,NONE,,,,0,1,0,0,0,81.58,1.55,48948840,0,uvm_report_server
RUN-001249,sequential_write_test-001249,1431944596,PASS,pass,NONE,,,,0,0,0,0,0,8.73,3.81,3493697,0,uvm_report_server
RUN-001250,mixed_rw_test-001250,492400886,PASS,pass,NONE,,,,0,0,0,0,0,45.14,12.34,54168832,0,uvm_report_server
RUN-001251,back_to_back_program_test-001251,1610104303,FAIL,fail,FIFO_OVERFLOW,E_FIFO_0x21,FIFO_OVERFLOW,21000,3,0,0,1,0,25.0,5.62,15000096,1,uvm_report_server
RUN-001252,erase_suspend_test-001252,605165757,PASS,pass,NONE,,,,0,0,0,0,0,39.2,1.77,15681817,0,uvm_report_server
RUN-001253,sequential_write_test-001253,764954203,PASS,pass,NONE,,,,0,0,0,0,0,29.6,147.72,29599219,0,uvm_report_server
RUN-001254,back_to_back_program_test-001254,737160098,FAIL,fail,PROTOCOL_VIOLATION,E_PROT_0x52,PROTOCOL_VIOLATION,5060,2,0,1,0,0,9.06,23.8,7251737,1,uvm_report_server
RUN-001255,back_to_back_program_test-001255,1817852309,FAIL,fail,FIFO_OVERFLOW,E_FIFO_0x21,FIFO_OVERFLOW,160530,4,0,0,1,0,164.53,33.63,197432808,1,uvm_report_server
RUN-001256,mixed_rw_test-001256,1447537542,PASS,pass,NONE,,,,0,0,0,0,0,4.64,51.72,4636380,0,uvm_report_server
RUN-001257,mixed_rw_test-001257,126437188,FAIL,fail,TIMEOUT,E_TMO_0x40,TIMEOUT,1994090,2,0,1,0,0,1998.09,0.19,1998086478,1,uvm_report_server
RUN-001258,back_to_back_program_test-001258,293477093,FAIL,fail,FIFO_OVERFLOW,E_FIFO_0x21,FIFO_OVERFLOW,13810,4,0,0,1,0,17.81,93.44,14251739,1,uvm_report_server
RUN-001259,back_to_back_program_test-001259,1252175682,FAIL,fail,FIFO_OVERFLOW,E_FIFO_0x21,FIFO_OVERFLOW,434090,2,0,0,0,0,438.09,0.27,350474958,1,uvm_report_server
RUN-001260,random_read_test-001260,465211114,PASS,pass,NONE,,,,0,0,0,0,0,18.65,13.99,22377905,0,uvm_report_server
RUN-001261,garbage_collect_test-001261,321213824,PASS,pass,NONE,,,,0,1,0,0,0,11.82,90.43,9458998,0,uvm_report_server
RUN-001262,back_to_back_program_test-001262,1015918033,FAIL,fail,FIFO_OVERFLOW,E_FIFO_0x21,FIFO_OVERFLOW,19510,1,1,0,0,0,23.51,0.39,18809687,1,uvm_report_server
RUN-001263,back_to_back_program_test-001263,693480376,PASS,pass,NONE,,,,0,0,0,0,0,50.07,10.36,40053928,0,uvm_report_server
RUN-001264,sequential_write_test-001264,115127185,PASS,pass,NONE,,,,0,1,0,0,0,33.63,30.12,33634276,0,uvm_report_server
RUN-001265,mixed_rw_test-001265,735342001,PASS,pass,NONE,,,,0,1,0,0,0,4.91,13.29,4906316,0,uvm_report_server
RUN-001266,power_cycle_test-001266,632860372,PASS,pass,NONE,,,,0,1,0,0,0,16.55,31.54,6621468,0,uvm_report_server
RUN-001267,garbage_collect_test-001267,1522347534,PASS,pass,NONE,,,,0,0,0,0,0,25.78,4.87,10310117,0,uvm_report_server
RUN-001268,erase_suspend_test-001268,751871868,PASS,pass,NONE,,,,0,1,0,0,0,25.79,19.88,25794587,0,uvm_report_server
RUN-001269,random_read_test-001269,640161441,PASS,pass,NONE,,,,0,0,0,0,0,137.72,31.69,82630553,0,uvm_report_server
RUN-001270,mixed_rw_test-001270,1364853507,PASS,pass,NONE,,,,0,1,0,0,0,228.46,8.89,274156666,0,uvm_report_server
RUN-001271,garbage_collect_test-001271,668471140,PASS,pass,NONE,,,,0,0,0,0,0,1.0,33.74,800000,0,uvm_report_server
RUN-001272,random_read_test-001272,1669017119,PASS,pass,NONE,,,,0,0,0,0,0,1.37,1.44,1095774,0,uvm_report_server
RUN-001273,read_disturb_test-001273,1401174548,FAIL,fail,DATA_MISMATCH,E_CMP_0x11,DATA_MISMATCH,2500,4,0,0,1,1,1.0,37.92,1000000,1,uvm_report_server
RUN-001274,random_read_test-001274,14060413,FAIL,fail,ASSERTION_FAIL,E_ASRT_0x60,ASSERTION_FAIL,2500,1,0,0,0,0,1.74,79.61,1388682,1,uvm_report_server
RUN-001275,erase_suspend_test-001275,853358726,FAIL,fail,TIMEOUT,E_TMO_0x40,TIMEOUT,1989320,3,0,1,0,0,1993.32,0.24,1993318664,1,uvm_report_server
RUN-001276,power_cycle_test-001276,1347642839,FAIL,fail,DATA_MISMATCH,E_CMP_0x11,DATA_MISMATCH,12360,2,1,0,0,1,16.36,1.2,13084428,1,uvm_report_server
RUN-001277,mixed_rw_test-001277,840399634,PASS,pass,NONE,,,,0,0,0,0,0,46.3,45.79,46300288,0,uvm_report_server
RUN-001278,random_read_test-001278,287444024,PASS,pass,NONE,,,,0,0,0,0,0,39.88,12.37,31903770,0,uvm_report_server
RUN-001279,erase_suspend_test-001279,601675382,PASS,pass,NONE,,,,0,0,0,0,0,21.84,100.48,21835352,0,uvm_report_server
RUN-001280,back_to_back_program_test-001280,1700980169,FAIL,fail,FIFO_OVERFLOW,E_FIFO_0x21,FIFO_OVERFLOW,2500,2,0,0,0,0,1.0,23.94,1200000,1,uvm_report_server
RUN-001281,random_read_test-001281,1690470253,PASS,pass,NONE,,,,0,0,0,0,0,7.07,8.91,5658677,0,uvm_report_server
RUN-001282,power_cycle_test-001282,2015660685,FAIL,fail,PROTOCOL_VIOLATION,E_PROT_0x52,PROTOCOL_VIOLATION,26650,3,1,1,1,0,30.65,171.7,24518270,1,uvm_report_server
RUN-001283,power_cycle_test-001283,1570043242,PASS,pass,NONE,,,,0,0,0,0,0,64.36,1.0,51488752,0,uvm_report_server
RUN-001284,random_read_test-001284,1538094594,PASS,pass,NONE,,,,0,1,0,0,0,308.31,3.27,123323179,0,uvm_report_server
RUN-001285,sequential_write_test-001285,1724519333,PASS,pass,NONE,,,,0,0,0,0,0,37.55,54.6,37553224,0,uvm_report_server
RUN-001286,back_to_back_program_test-001286,1757691339,FAIL,fail,FIFO_OVERFLOW,E_FIFO_0x21,FIFO_OVERFLOW,22600,2,0,0,1,0,26.6,1.63,21276457,1,uvm_report_server
RUN-001287,back_to_back_program_test-001287,838356917,FAIL,fail,FIFO_OVERFLOW,E_FIFO_0x21,FIFO_OVERFLOW,30470,2,0,0,0,0,34.47,3.45,13787885,1,uvm_report_server
RUN-001288,sequential_write_test-001288,1939440966,PASS,pass,NONE,,,,0,0,0,0,0,14.36,77.42,11490562,0,uvm_report_server
RUN-001289,read_disturb_test-001289,1365973901,PASS,pass,NONE,,,,0,1,0,0,0,20.09,24.79,8036676,0,uvm_report_server
RUN-001290,sequential_write_test-001290,2135086228,FAIL,fail,PROTOCOL_VIOLATION,E_PROT_0x52,PROTOCOL_VIOLATION,2500,2,0,1,0,0,1.77,68.23,1059890,1,uvm_report_server
RUN-001291,garbage_collect_test-001291,695868768,PASS,pass,NONE,,,,0,1,0,0,0,250.73,2.19,100293982,0,uvm_report_server
RUN-001292,random_read_test-001292,319473267,FAIL,fail,ASSERTION_FAIL,E_ASRT_0x60,ASSERTION_FAIL,2500,2,0,0,0,0,2.74,5.05,2194882,1,uvm_report_server
RUN-001293,erase_suspend_test-001293,961979214,FAIL,fail,TIMEOUT,E_TMO_0x40,TIMEOUT,1966250,4,0,1,1,0,1970.25,0.05,1970249005,1,uvm_report_server
RUN-001294,back_to_back_program_test-001294,756755581,PASS,pass,NONE,,,,0,1,0,0,0,233.47,8.37,140079183,0,uvm_report_server
RUN-001295,power_cycle_test-001295,1796328109,PASS,pass,NONE,,,,0,1,0,0,0,3.01,1.26,3611076,0,uvm_report_server
RUN-001296,back_to_back_program_test-001296,66722869,FAIL,fail,FIFO_OVERFLOW,E_FIFO_0x21,FIFO_OVERFLOW,92480,2,1,0,0,0,96.48,0.94,38590408,1,uvm_report_server
RUN-001297,mixed_rw_test-001297,1038750975,PASS,pass,NONE,,,,0,0,0,0,0,5.06,3.42,4046500,0,uvm_report_server
RUN-001298,back_to_back_program_test-001298,2104893670,FAIL,fail,ECC_UNCORRECTABLE,E_ECC_0x33,ECC_UNCORRECTABLE,68550,3,1,0,0,1,72.55,35.28,72548274,1,uvm_report_server
RUN-001299,mixed_rw_test-001299,638140446,PASS,pass,NONE,,,,0,0,0,0,0,23.18,91.44,27814350,0,uvm_report_server
RUN-001300,mixed_rw_test-001300,1941330544,FAIL,fail,DATA_MISMATCH,E_CMP_0x11,DATA_MISMATCH,2500,3,0,0,0,1,1.0,20.41,400000,1,uvm_report_server
RUN-001301,erase_suspend_test-001301,1867563792,PASS,pass,NONE,,,,0,1,0,0,0,4.77,13.42,5720231,0,uvm_report_server
RUN-001302,random_read_test-001302,820352474,FAIL,fail,RETENTION_FAIL,E_RET_0x71,RETENTION_FAIL,8900,4,1,0,1,1,12.9,12.97,10318981,1,uvm_report_server
RUN-001303,erase_suspend_test-001303,1722975795,PASS,pass,NONE,,,,0,1,0,0,0,76.08,12.71,76082888,0,uvm_report_server
RUN-001304,sequential_write_test-001304,707266870,PASS,pass,NONE,,,,0,0,0,0,0,133.52,32.97,80112025,0,uvm_report_server
RUN-001305,random_read_test-001305,1187889700,FAIL,fail,PROTOCOL_VIOLATION,E_PROT_0x52,PROTOCOL_VIOLATION,2800,2,0,1,0,0,6.8,33.36,5440237,1,uvm_report_server
RUN-001306,erase_suspend_test-001306,1420816968,PASS,pass,NONE,,,,0,0,0,0,0,23.97,85.18,28764136,0,uvm_report_server
RUN-001307,sequential_write_test-001307,828277712,PASS,pass,NONE,,,,0,0,0,0,0,69.19,14.16,55354470,0,uvm_report_server
RUN-001308,garbage_collect_test-001308,1364799540,PASS,pass,NONE,,,,0,0,0,0,0,75.67,0.83,30266254,0,uvm_report_server
RUN-001309,back_to_back_program_test-001309,660197106,PASS,pass,NONE,,,,0,0,0,0,0,2.38,111.28,2382159,0,uvm_report_server
RUN-001310,sequential_write_test-001310,1984012394,PASS,pass,NONE,,,,0,1,0,0,0,9.39,3.61,3755032,0,uvm_report_server
RUN-001311,power_cycle_test-001311,693045389,PASS,pass,NONE,,,,0,1,0,0,0,48.27,11.3,38617580,0,uvm_report_server
RUN-001312,sequential_write_test-001312,501981043,FAIL,fail,TIMEOUT,E_TMO_0x40,TIMEOUT,1959550,4,0,1,1,0,1963.55,0.28,1963548699,1,uvm_report_server
RUN-001313,sequential_write_test-001313,785761853,PASS,pass,NONE,,,,0,0,0,0,0,21.11,48.66,16886088,0,uvm_report_server
RUN-001314,sequential_write_test-001314,2137630215,PASS,pass,NONE,,,,0,0,0,0,0,25.82,42.56,10329855,0,uvm_report_server
RUN-001315,mixed_rw_test-001315,1267559111,PASS,pass,NONE,,,,0,0,0,0,0,1.63,161.59,1630880,0,uvm_report_server
RUN-001316,back_to_back_program_test-001316,1212402880,FAIL,fail,FIFO_OVERFLOW,E_FIFO_0x21,FIFO_OVERFLOW,2500,3,0,0,1,0,4.17,16.87,4166701,1,uvm_report_server
RUN-001317,random_read_test-001317,2051247217,FAIL,fail,PROTOCOL_VIOLATION,E_PROT_0x52,PROTOCOL_VIOLATION,2500,3,0,1,1,0,4.79,427.35,5744132,1,uvm_report_server
RUN-001318,random_read_test-001318,1097769677,PASS,pass,NONE,,,,0,0,0,0,0,1.15,27.79,1150180,0,uvm_report_server
RUN-001319,random_read_test-001319,924033921,FAIL,fail,DATA_MISMATCH,E_CMP_0x11,DATA_MISMATCH,31150,3,1,0,1,1,35.15,26.74,42181562,1,uvm_report_server
RUN-001320,power_cycle_test-001320,1222129554,PASS,pass,NONE,,,,0,0,0,0,0,20.7,6.38,8280491,0,uvm_report_server
RUN-001321,back_to_back_program_test-001321,977247578,PASS,pass,NONE,,,,0,0,0,0,0,66.77,241.72,40060501,0,uvm_report_server
RUN-001322,back_to_back_program_test-001322,139918387,PASS,pass,NONE,,,,0,0,0,0,0,417.72,4.91,417720041,0,uvm_report_server
RUN-001323,random_read_test-001323,1674452705,PASS,pass,NONE,,,,0,0,0,0,0,19.6,6.98,15680801,0,uvm_report_server
RUN-001324,random_read_test-001324,252486093,PASS,pass,NONE,,,,0,0,0,0,0,5.32,24.04,3191067,0,uvm_report_server
RUN-001325,back_to_back_program_test-001325,978649246,PASS,pass,NONE,,,,0,0,0,0,0,60.6,8.13,48479655,0,uvm_report_server
RUN-001326,mixed_rw_test-001326,984284704,PASS,pass,NONE,,,,0,0,0,0,0,2.71,47.4,2168606,0,uvm_report_server
RUN-001327,erase_suspend_test-001327,854289961,FAIL,fail,RETENTION_FAIL,E_RET_0x71,RETENTION_FAIL,3840,4,0,0,1,1,7.84,1.71,4706798,1,uvm_report_server
RUN-001328,back_to_back_program_test-001328,170041237,PASS,pass,NONE,,,,0,0,0,0,0,44.08,24.37,35261370,0,uvm_report_server
RUN-001329,mixed_rw_test-001329,606169507,PASS,pass,NONE,,,,0,1,0,0,0,124.64,16.52,49854650,0,uvm_report_server
RUN-001330,mixed_rw_test-001330,954948493,PASS,pass,NONE,,,,0,1,0,0,0,84.64,11.87,101568660,0,uvm_report_server
RUN-001331,garbage_collect_test-001331,2123506315,FAIL,fail,DATA_MISMATCH,E_CMP_0x11,DATA_MISMATCH,13400,2,0,0,1,1,17.4,14.26,6959139,1,uvm_report_server
RUN-001332,erase_suspend_test-001332,273532076,FAIL,fail,ASSERTION_FAIL,E_ASRT_0x60,ASSERTION_FAIL,2500,3,0,0,1,0,3.22,63.73,2574064,1,uvm_report_server
RUN-001333,back_to_back_program_test-001333,399378789,FAIL,fail,FIFO_OVERFLOW,E_FIFO_0x21,FIFO_OVERFLOW,12050,3,1,0,0,0,16.05,4.17,12838957,1,uvm_report_server
RUN-001334,back_to_back_program_test-001334,1077137641,PASS,pass,NONE,,,,0,0,0,0,0,3.03,41.66,3638424,0,uvm_report_server
RUN-001335,mixed_rw_test-001335,456270929,PASS,pass,NONE,,,,0,0,0,0,0,7.1,150.82,5677703,0,uvm_report_server
RUN-001336,garbage_collect_test-001336,888130168,FAIL,fail,DATA_MISMATCH,E_CMP_0x11,DATA_MISMATCH,2500,3,0,0,0,1,1.81,65.25,1084467,1,uvm_report_server
RUN-001337,back_to_back_program_test-001337,491143232,FAIL,fail,TIMEOUT,E_TMO_0x40,TIMEOUT,1964570,2,0,1,0,0,1968.57,0.03,2362288017,1,uvm_report_server
RUN-001338,random_read_test-001338,1665627214,PASS,pass,NONE,,,,0,0,0,0,0,81.14,3.02,64910643,0,uvm_report_server
RUN-001339,random_read_test-001339,1290184767,PASS,pass,NONE,,,,0,0,0,0,0,34.47,7.99,13788758,0,uvm_report_server
RUN-001340,mixed_rw_test-001340,474846855,PASS,pass,NONE,,,,0,0,0,0,0,21.86,44.49,21857073,0,uvm_report_server
RUN-001341,erase_suspend_test-001341,320677695,PASS,pass,NONE,,,,0,0,0,0,0,63.97,8.55,63971681,0,uvm_report_server
RUN-001342,back_to_back_program_test-001342,1082940793,PASS,pass,NONE,,,,0,0,0,0,0,94.2,10.38,94200186,0,uvm_report_server
RUN-001343,power_cycle_test-001343,620707115,PASS,pass,NONE,,,,0,0,0,0,0,11.41,12.35,13693295,0,uvm_report_server
RUN-001344,erase_suspend_test-001344,2110683167,PASS,pass,NONE,,,,0,0,0,0,0,68.17,7.67,40900801,0,uvm_report_server
RUN-001345,back_to_back_program_test-001345,221609000,FAIL,fail,ASSERTION_FAIL,E_ASRT_0x60,ASSERTION_FAIL,25550,1,0,0,0,0,29.55,80.26,17730617,1,uvm_report_server
RUN-001346,erase_suspend_test-001346,890186764,FAIL,fail,RETENTION_FAIL,E_RET_0x71,RETENTION_FAIL,80930,1,0,0,0,1,84.93,29.61,84934451,1,uvm_report_server
RUN-001347,sequential_write_test-001347,808232555,PASS,pass,NONE,,,,0,0,0,0,0,4.05,62.84,4865274,0,uvm_report_server
RUN-001348,random_read_test-001348,1852953490,PASS,pass,NONE,,,,0,0,0,0,0,159.29,53.39,63715639,0,uvm_report_server
RUN-001349,sequential_write_test-001349,1883283232,PASS,pass,NONE,,,,0,0,0,0,0,1.0,475.89,1200000,0,uvm_report_server
RUN-001350,back_to_back_program_test-001350,999270048,PASS,pass,NONE,,,,0,1,0,0,0,386.83,20.61,154731361,0,uvm_report_server
RUN-001351,back_to_back_program_test-001351,1958695038,PASS,pass,NONE,,,,0,0,0,0,0,133.65,16.74,53461209,0,uvm_report_server
RUN-001352,garbage_collect_test-001352,1588782597,PASS,pass,NONE,,,,0,0,0,0,0,12.21,19.92,12205400,0,uvm_report_server
RUN-001353,power_cycle_test-001353,274985360,PASS,pass,NONE,,,,0,0,0,0,0,5.1,2.97,6114110,0,uvm_report_server
RUN-001354,back_to_back_program_test-001354,1267254672,PASS,pass,NONE,,,,0,0,0,0,0,9.69,6.28,9688664,0,uvm_report_server
RUN-001355,back_to_back_program_test-001355,1180196528,FAIL,fail,FIFO_OVERFLOW,E_FIFO_0x21,FIFO_OVERFLOW,172410,2,1,0,0,0,176.41,0.44,105847948,1,uvm_report_server
RUN-001356,random_read_test-001356,2070411805,PASS,pass,NONE,,,,0,0,0,0,0,47.06,44.92,47061864,0,uvm_report_server
RUN-001357,read_disturb_test-001357,929394646,FAIL,fail,DATA_MISMATCH,E_CMP_0x11,DATA_MISMATCH,21540,2,0,0,0,1,25.54,61.66,20434818,1,uvm_report_server
RUN-001358,back_to_back_program_test-001358,554471242,FAIL,fail,FIFO_OVERFLOW,E_FIFO_0x21,FIFO_OVERFLOW,11420,2,0,0,0,0,15.42,4.67,15416497,1,uvm_report_server
RUN-001359,sequential_write_test-001359,1505031968,PASS,pass,NONE,,,,0,0,0,0,0,5.95,2.65,4760854,0,uvm_report_server
RUN-001360,erase_suspend_test-001360,1603501763,PASS,pass,NONE,,,,0,0,0,0,0,34.81,3.73,27845105,0,uvm_report_server
RUN-001361,garbage_collect_test-001361,86045117,FAIL,fail,THERMAL_SHUTDOWN,E_THRM_0x80,THERMAL_SHUTDOWN,2500,2,1,0,1,0,5.47,7.78,2189495,1,uvm_report_server
RUN-001362,garbage_collect_test-001362,567579131,PASS,pass,NONE,,,,0,1,0,0,0,30.14,4.64,12054406,0,uvm_report_server
RUN-001363,back_to_back_program_test-001363,984805457,FAIL,fail,THERMAL_SHUTDOWN,E_THRM_0x80,THERMAL_SHUTDOWN,14190,1,1,0,0,0,18.19,2.1,14553900,1,uvm_report_server
RUN-001364,power_cycle_test-001364,693810258,PASS,pass,NONE,,,,0,0,0,0,0,23.29,22.65,23294904,0,uvm_report_server
RUN-001365,sequential_write_test-001365,1107606517,PASS,pass,NONE,,,,0,1,0,0,0,1.6,43.77,1280251,0,uvm_report_server
RUN-001366,power_cycle_test-001366,1054290703,PASS,pass,NONE,,,,0,0,0,0,0,4.48,29.38,4478835,0,uvm_report_server
RUN-001367,sequential_write_test-001367,2096557775,PASS,pass,NONE,,,,0,1,0,0,0,1.69,147.22,1353806,0,uvm_report_server
RUN-001368,mixed_rw_test-001368,662498914,PASS,pass,NONE,,,,0,0,0,0,0,8.75,15.69,8746171,0,uvm_report_server
RUN-001369,power_cycle_test-001369,1211526381,FAIL,fail,RETENTION_FAIL,E_RET_0x71,RETENTION_FAIL,37840,3,1,0,1,1,41.84,1.47,25102780,1,uvm_report_server
RUN-001370,erase_suspend_test-001370,1556815253,PASS,pass,NONE,,,,0,0,0,0,0,40.02,6.65,24009588,0,uvm_report_server
RUN-001371,mixed_rw_test-001371,558084369,FAIL,fail,DATA_MISMATCH,E_CMP_0x11,DATA_MISMATCH,6640,4,0,0,1,1,10.64,16.03,10638297,1,uvm_report_server
RUN-001372,power_cycle_test-001372,1850110039,PASS,pass,NONE,,,,0,0,0,0,0,143.12,60.86,85873529,0,uvm_report_server
RUN-001373,random_read_test-001373,1591306959,PASS,pass,NONE,,,,0,1,0,0,0,1.93,36.39,1158013,0,uvm_report_server
RUN-001374,power_cycle_test-001374,952320478,FAIL,fail,DATA_MISMATCH,E_CMP_0x11,DATA_MISMATCH,35240,1,0,0,0,1,39.24,7.05,15695039,1,uvm_report_server
RUN-001375,erase_suspend_test-001375,1471445095,PASS,pass,NONE,,,,0,0,0,0,0,8.43,1.85,3370273,0,uvm_report_server
RUN-001376,back_to_back_program_test-001376,1201721180,PASS,pass,NONE,,,,0,0,0,0,0,51.92,41.19,20769628,0,uvm_report_server
RUN-001377,erase_suspend_test-001377,2139177153,PASS,pass,NONE,,,,0,0,0,0,0,27.16,9.38,16297369,0,uvm_report_server
RUN-001378,random_read_test-001378,504230936,PASS,pass,NONE,,,,0,0,0,0,0,3.2,9.61,2562784,0,uvm_report_server
RUN-001379,back_to_back_program_test-001379,767545143,FAIL,fail,FIFO_OVERFLOW,E_FIFO_0x21,FIFO_OVERFLOW,105950,1,0,0,0,0,109.95,0.99,109950336,1,uvm_report_server
RUN-001380,back_to_back_program_test-001380,1650903964,PASS,pass,NONE,,,,0,0,0,0,0,1.68,164.05,670410,0,uvm_report_server
RUN-001381,power_cycle_test-001381,223680770,FAIL,fail,TIMEOUT,E_TMO_0x40,TIMEOUT,1963640,2,0,1,0,0,1967.64,0.04,1967642936,1,uvm_report_server
RUN-001382,power_cycle_test-001382,1806448861,PASS,pass,NONE,,,,0,0,0,0,0,13.3,82.51,10638482,0,uvm_report_server
RUN-001383,random_read_test-001383,751393728,PASS,pass,NONE,,,,0,0,0,0,0,33.95,32.72,27158988,0,uvm_report_server
RUN-001384,read_disturb_test-001384,1984702186,FAIL,fail,PROTOCOL_VIOLATION,E_PROT_0x52,PROTOCOL_VIOLATION,7440,2,0,1,0,0,11.44,827.76,6861750,1,uvm_report_server
RUN-001385,back_to_back_program_test-001385,1238658436,PASS,pass,NONE,,,,0,1,0,0,0,4.87,13.14,3896283,0,uvm_report_server
RUN-001386,back_to_back_program_test-001386,1577423846,PASS,pass,NONE,,,,0,1,0,0,0,8.8,7.62,5282656,0,uvm_report_server
RUN-001387,back_to_back_program_test-001387,161485476,PASS,pass,NONE,,,,0,0,0,0,0,2.8,10.94,2239267,0,uvm_report_server
RUN-001388,power_cycle_test-001388,1282251877,PASS,pass,NONE,,,,0,1,0,0,0,93.14,2.68,37256108,0,uvm_report_server
RUN-001389,random_read_test-001389,91110995,PASS,pass,NONE,,,,0,0,0,0,0,143.39,6.84,114713660,0,uvm_report_server
RUN-001390,erase_suspend_test-001390,345070428,PASS,pass,NONE,,,,0,1,0,0,0,27.27,4.87,21814000,0,uvm_report_server
RUN-001391,random_read_test-001391,97279111,FAIL,fail,DATA_MISMATCH,E_CMP_0x11,DATA_MISMATCH,57090,2,0,0,0,1,61.09,17.76,48874502,1,uvm_report_server
RUN-001392,erase_suspend_test-001392,1960432734,FAIL,fail,PROTOCOL_VIOLATION,E_PROT_0x52,PROTOCOL_VIOLATION,70260,3,0,1,1,0,74.26,132.46,44558392,1,uvm_report_server
RUN-001393,read_disturb_test-001393,2106973026,PASS,pass,NONE,,,,0,0,0,0,0,314.17,6.16,125666710,0,uvm_report_server
RUN-001394,mixed_rw_test-001394,93289572,PASS,pass,NONE,,,,0,0,0,0,0,151.0,6.58,120797258,0,uvm_report_server
RUN-001395,erase_suspend_test-001395,184584924,PASS,pass,NONE,,,,0,0,0,0,0,1.0,17.65,1000000,0,uvm_report_server
RUN-001396,erase_suspend_test-001396,1288347447,PASS,pass,NONE,,,,0,0,0,0,0,1.0,31.05,1000000,0,uvm_report_server
RUN-001397,read_disturb_test-001397,381091395,PASS,pass,NONE,,,,0,0,0,0,0,159.74,3.03,63894800,0,uvm_report_server
RUN-001398,erase_suspend_test-001398,1362550063,PASS,pass,NONE,,,,0,0,0,0,0,58.04,2.28,23217828,0,uvm_report_server
RUN-001399,garbage_collect_test-001399,1334665246,PASS,pass,NONE,,,,0,1,0,0,0,2.14,59.07,1281798,0,uvm_report_server
RUN-001400,random_read_test-001400,955275568,FAIL,fail,DATA_MISMATCH,E_CMP_0x11,DATA_MISMATCH,9000,2,0,0,0,1,13.0,57.8,7800188,1,uvm_report_server
RUN-001401,erase_suspend_test-001401,799034555,FAIL,fail,THERMAL_SHUTDOWN,E_THRM_0x80,THERMAL_SHUTDOWN,2500,1,0,0,0,0,1.55,11.72,1238176,1,uvm_report_server
RUN-001402,mixed_rw_test-001402,967953053,PASS,pass,NONE,,,,0,0,0,0,0,53.88,5.09,32326794,0,uvm_report_server
RUN-001403,power_cycle_test-001403,1407218949,PASS,pass,NONE,,,,0,0,0,0,0,5.81,2.99,5807784,0,uvm_report_server
RUN-001404,mixed_rw_test-001404,820748016,FAIL,fail,ASSERTION_FAIL,E_ASRT_0x60,ASSERTION_FAIL,2500,3,0,0,0,0,1.32,72.62,1059186,1,uvm_report_server
RUN-001405,random_read_test-001405,1413651602,PASS,pass,NONE,,,,0,0,0,0,0,13.88,72.12,11104342,0,uvm_report_server
RUN-001406,random_read_test-001406,1532216663,FAIL,fail,ASSERTION_FAIL,E_ASRT_0x60,ASSERTION_FAIL,83780,3,1,0,0,0,87.78,5.76,87777021,1,uvm_report_server
RUN-001407,random_read_test-001407,1416989067,PASS,pass,NONE,,,,0,0,0,0,0,3.07,87.32,1841010,0,uvm_report_server
RUN-001408,random_read_test-001408,1477334476,PASS,pass,NONE,,,,0,0,0,0,0,33.65,121.31,20189635,0,uvm_report_server
RUN-001409,sequential_write_test-001409,438088552,PASS,pass,NONE,,,,0,0,0,0,0,68.74,29.46,68742719,0,uvm_report_server
RUN-001410,random_read_test-001410,1858816152,PASS,pass,NONE,,,,0,1,0,0,0,20.84,2.94,16670142,0,uvm_report_server
RUN-001411,erase_suspend_test-001411,1983867521,PASS,pass,NONE,,,,0,0,0,0,0,1.19,211.63,952632,0,uvm_report_server
RUN-001412,sequential_write_test-001412,938479242,PASS,pass,NONE,,,,0,1,0,0,0,320.42,99.09,192252131,0,uvm_report_server
RUN-001413,sequential_write_test-001413,2133703972,PASS,pass,NONE,,,,0,1,0,0,0,587.88,30.59,352727501,0,uvm_report_server
RUN-001414,mixed_rw_test-001414,1384481321,PASS,pass,NONE,,,,0,0,0,0,0,1019.02,0.53,407606222,0,uvm_report_server
RUN-001415,read_disturb_test-001415,361455678,PASS,pass,NONE,,,,0,0,0,0,0,28.69,8.91,22954098,0,uvm_report_server
RUN-001416,back_to_back_program_test-001416,718917264,PASS,pass,NONE,,,,0,0,0,0,0,85.81,5.71,34324818,0,uvm_report_server
RUN-001417,back_to_back_program_test-001417,576855085,PASS,pass,NONE,,,,0,0,0,0,0,33.47,4.04,20083021,0,uvm_report_server
RUN-001418,power_cycle_test-001418,1986386938,PASS,pass,NONE,,,,0,1,0,0,0,89.05,12.61,35620475,0,uvm_report_server
RUN-001419,random_read_test-001419,48779030,PASS,pass,NONE,,,,0,1,0,0,0,1.0,7.88,1200000,0,uvm_report_server
RUN-001420,mixed_rw_test-001420,1412878156,PASS,pass,NONE,,,,0,0,0,0,0,261.62,31.55,209292521,0,uvm_report_server
RUN-001421,mixed_rw_test-001421,1868304503,PASS,pass,NONE,,,,0,0,0,0,0,66.35,29.2,39811757,0,uvm_report_server
RUN-001422,power_cycle_test-001422,465570336,PASS,pass,NONE,,,,0,0,0,0,0,3.35,148.55,2010730,0,uvm_report_server
RUN-001423,mixed_rw_test-001423,1311635263,PASS,pass,NONE,,,,0,1,0,0,0,2.38,115.63,2853677,0,uvm_report_server
RUN-001424,mixed_rw_test-001424,2064733064,FAIL,fail,TIMEOUT,E_TMO_0x40,TIMEOUT,1993550,3,0,1,0,0,1997.55,0.03,1997551295,1,uvm_report_server
RUN-001425,random_read_test-001425,414495732,PASS,pass,NONE,,,,0,0,0,0,0,26.72,19.94,10688741,0,uvm_report_server
RUN-001426,back_to_back_program_test-001426,630048727,FAIL,fail,FIFO_OVERFLOW,E_FIFO_0x21,FIFO_OVERFLOW,32680,1,1,0,0,0,36.68,1.18,44014411,1,uvm_report_server
RUN-001427,garbage_collect_test-001427,93473368,PASS,pass,NONE,,,,0,0,0,0,0,249.09,8.97,149452482,0,uvm_report_server
RUN-001428,power_cycle_test-001428,112224969,PASS,pass,NONE,,,,0,0,0,0,0,7.7,8.46,6163643,0,uvm_report_server
RUN-001429,random_read_test-001429,224639742,PASS,pass,NONE,,,,0,1,0,0,0,1.0,34.92,600000,0,uvm_report_server
RUN-001430,back_to_back_program_test-001430,1116744373,PASS,pass,NONE,,,,0,0,0,0,0,45.32,5.37,45317481,0,uvm_report_server
RUN-001431,mixed_rw_test-001431,1027382597,PASS,pass,NONE,,,,0,1,0,0,0,9.51,55.85,7610622,0,uvm_report_server
RUN-001432,random_read_test-001432,1844409031,PASS,pass,NONE,,,,0,0,0,0,0,146.96,3.57,58783678,0,uvm_report_server
RUN-001433,erase_suspend_test-001433,1249519174,PASS,pass,NONE,,,,0,0,0,0,0,79.38,27.53,95258110,0,uvm_report_server
RUN-001434,garbage_collect_test-001434,1670044766,PASS,pass,NONE,,,,0,0,0,0,0,7.97,8.21,7970647,0,uvm_report_server
RUN-001435,read_disturb_test-001435,1527828554,PASS,pass,NONE,,,,0,0,0,0,0,10.59,6.08,6354589,0,uvm_report_server
RUN-001436,random_read_test-001436,2065686714,PASS,pass,NONE,,,,0,0,0,0,0,51.42,74.89,51418483,0,uvm_report_server
RUN-001437,read_disturb_test-001437,1869832669,PASS,pass,NONE,,,,0,1,0,0,0,236.13,8.96,141678193,0,uvm_report_server
RUN-001438,random_read_test-001438,194243823,PASS,pass,NONE,,,,0,1,0,0,0,4.09,59.69,4911476,0,uvm_report_server
RUN-001439,random_read_test-001439,151647192,PASS,pass,NONE,,,,0,1,0,0,0,2.25,14.6,1800207,0,uvm_report_server
RUN-001440,random_read_test-001440,165721416,FAIL,fail,TIMEOUT,E_TMO_0x40,TIMEOUT,1962570,1,1,1,0,0,1966.57,0.07,1966572140,1,uvm_report_server
RUN-001441,erase_suspend_test-001441,1171680171,PASS,pass,NONE,,,,0,0,0,0,0,6.68,142.29,8011247,0,uvm_report_server
RUN-001442,back_to_back_program_test-001442,47658841,PASS,pass,NONE,,,,0,0,0,0,0,3.31,9.81,1986655,0,uvm_report_server
RUN-001443,random_read_test-001443,530809967,PASS,pass,NONE,,,,0,0,0,0,0,1.0,3.78,600000,0,uvm_report_server
RUN-001444,random_read_test-001444,1583714454,PASS,pass,NONE,,,,0,1,0,0,0,10.57,11.69,12685606,0,uvm_report_server
RUN-001445,erase_suspend_test-001445,1357669682,PASS,pass,NONE,,,,0,1,0,0,0,20.3,12.75,24361980,0,uvm_report_server
RUN-001446,garbage_collect_test-001446,1450214071,PASS,pass,NONE,,,,0,1,0,0,0,9.34,6.62,9340752,0,uvm_report_server
RUN-001447,random_read_test-001447,1306636159,FAIL,fail,DATA_MISMATCH,E_CMP_0x11,DATA_MISMATCH,5350,3,0,0,1,1,9.35,67.74,11216371,1,uvm_report_server
RUN-001448,mixed_rw_test-001448,1611967079,PASS,pass,NONE,,,,0,1,0,0,0,45.95,11.73,45947805,0,uvm_report_server
RUN-001449,garbage_collect_test-001449,544773303,PASS,pass,NONE,,,,0,0,0,0,0,13.27,5.32,7959260,0,uvm_report_server
RUN-001450,garbage_collect_test-001450,1480836341,PASS,pass,NONE,,,,0,0,0,0,0,2.45,25.21,2445051,0,uvm_report_server
RUN-001451,random_read_test-001451,911685152,PASS,pass,NONE,,,,0,0,0,0,0,12.9,10.78,5161203,0,uvm_report_server
RUN-001452,mixed_rw_test-001452,2065180539,PASS,pass,NONE,,,,0,0,0,0,0,6.03,11.38,4822851,0,uvm_report_server
RUN-001453,sequential_write_test-001453,226868056,PASS,pass,NONE,,,,0,1,0,0,0,2.66,25.19,2128125,0,uvm_report_server
RUN-001454,sequential_write_test-001454,2112318867,FAIL,fail,THERMAL_SHUTDOWN,E_THRM_0x80,THERMAL_SHUTDOWN,23190,1,1,0,0,0,27.19,2.49,21755561,1,uvm_report_server
RUN-001455,erase_suspend_test-001455,1420992489,PASS,pass,NONE,,,,0,1,0,0,0,13.97,145.02,8380251,0,uvm_report_server
RUN-001456,sequential_write_test-001456,112640948,FAIL,fail,DATA_MISMATCH,E_CMP_0x11,DATA_MISMATCH,4360,1,1,0,0,1,8.36,19.73,10026087,1,uvm_report_server
RUN-001457,mixed_rw_test-001457,2118167992,PASS,pass,NONE,,,,0,0,0,0,0,13.31,10.45,7984396,0,uvm_report_server
RUN-001458,random_read_test-001458,1847943678,PASS,pass,NONE,,,,0,1,0,0,0,12.45,2.78,7468311,0,uvm_report_server
RUN-001459,sequential_write_test-001459,841087936,FAIL,fail,DATA_MISMATCH,E_CMP_0x11,DATA_MISMATCH,44630,2,1,0,1,1,48.63,43.27,38907878,1,uvm_report_server
RUN-001460,random_read_test-001460,1352409543,PASS,pass,NONE,,,,0,0,0,0,0,2.1,32.35,1679999,0,uvm_report_server
RUN-001461,random_read_test-001461,1263899957,FAIL,fail,DATA_MISMATCH,E_CMP_0x11,DATA_MISMATCH,17830,3,0,0,0,1,21.83,26.97,17462271,1,uvm_report_server
RUN-001462,garbage_collect_test-001462,1664316460,PASS,pass,NONE,,,,0,0,0,0,0,96.94,2.54,77550336,0,uvm_report_server
RUN-001463,back_to_back_program_test-001463,1612361034,FAIL,fail,TIMEOUT,E_TMO_0x40,TIMEOUT,1969140,4,0,1,1,0,1973.14,0.11,1973141406,1,uvm_report_server
RUN-001464,power_cycle_test-001464,1861110083,PASS,pass,NONE,,,,0,1,0,0,0,8.46,3.91,6771176,0,uvm_report_server
RUN-001465,sequential_write_test-001465,1519406468,PASS,pass,NONE,,,,0,0,0,0,0,23.91,46.08,19124881,0,uvm_report_server
RUN-001466,random_read_test-001466,1013581562,PASS,pass,NONE,,,,0,1,0,0,0,8.41,16.0,3365184,0,uvm_report_server
RUN-001467,mixed_rw_test-001467,1188446319,PASS,pass,NONE,,,,0,0,0,0,0,32.91,31.81,26327590,0,uvm_report_server
RUN-001468,mixed_rw_test-001468,1438624590,PASS,pass,NONE,,,,0,0,0,0,0,88.86,2.94,53313470,0,uvm_report_server
RUN-001469,garbage_collect_test-001469,493980044,PASS,pass,NONE,,,,0,0,0,0,0,222.16,39.73,222160411,0,uvm_report_server
RUN-001470,erase_suspend_test-001470,144552407,PASS,pass,NONE,,,,0,0,0,0,0,14.43,4.78,17320731,0,uvm_report_server
RUN-001471,power_cycle_test-001471,939940529,PASS,pass,NONE,,,,0,0,0,0,0,33.63,14.56,33634441,0,uvm_report_server
RUN-001472,back_to_back_program_test-001472,1489292910,PASS,pass,NONE,,,,0,0,0,0,0,76.29,3.67,45771835,0,uvm_report_server
RUN-001473,back_to_back_program_test-001473,1656394101,PASS,pass,NONE,,,,0,1,0,0,0,34.81,1.8,27848832,0,uvm_report_server
RUN-001474,read_disturb_test-001474,437422503,PASS,pass,NONE,,,,0,0,0,0,0,103.38,20.58,41351803,0,uvm_report_server
RUN-001475,random_read_test-001475,681414248,PASS,pass,NONE,,,,0,1,0,0,0,3.66,18.52,2929041,0,uvm_report_server
RUN-001476,mixed_rw_test-001476,2101557617,PASS,pass,NONE,,,,0,0,0,0,0,2.82,12.47,3380089,0,uvm_report_server
RUN-001477,back_to_back_program_test-001477,639908868,PASS,pass,NONE,,,,0,0,0,0,0,53.7,36.52,53703057,0,uvm_report_server
RUN-001478,erase_suspend_test-001478,571242807,PASS,pass,NONE,,,,0,1,0,0,0,15.3,66.83,9182990,0,uvm_report_server
RUN-001479,erase_suspend_test-001479,1862110715,PASS,pass,NONE,,,,0,0,0,0,0,65.75,8.14,39449742,0,uvm_report_server
RUN-001480,garbage_collect_test-001480,408654133,FAIL,fail,TIMEOUT,E_TMO_0x40,TIMEOUT,1989550,2,1,1,1,0,1993.55,0.0,2392260864,1,uvm_report_server
RUN-001481,sequential_write_test-001481,1500756731,PASS,pass,NONE,,,,0,0,0,0,0,9.24,103.47,7390693,0,uvm_report_server
RUN-001482,power_cycle_test-001482,1540813457,PASS,pass,NONE,,,,0,1,0,0,0,74.53,7.06,44715832,0,uvm_report_server
RUN-001483,back_to_back_program_test-001483,1641731317,PASS,pass,NONE,,,,0,0,0,0,0,106.64,19.96,127963112,0,uvm_report_server
RUN-001484,back_to_back_program_test-001484,185394328,PASS,pass,NONE,,,,0,1,0,0,0,9.17,6.65,7337301,0,uvm_report_server
RUN-001485,power_cycle_test-001485,1045732918,PASS,pass,NONE,,,,0,0,0,0,0,35.8,227.54,28642214,0,uvm_report_server
RUN-001486,sequential_write_test-001486,2089086361,PASS,pass,NONE,,,,0,1,0,0,0,99.24,43.42,119091102,0,uvm_report_server
RUN-001487,garbage_collect_test-001487,1300632449,PASS,pass,NONE,,,,0,1,0,0,0,9.47,13.27,7578915,0,uvm_report_server
RUN-001488,mixed_rw_test-001488,1794624658,PASS,pass,NONE,,,,0,1,0,0,0,6.24,77.03,3743063,0,uvm_report_server
RUN-001489,read_disturb_test-001489,1943618524,PASS,pass,NONE,,,,0,1,0,0,0,81.44,26.05,48865893,0,uvm_report_server
RUN-001490,sequential_write_test-001490,618350788,PASS,pass,NONE,,,,0,0,0,0,0,11.51,5.6,11514790,0,uvm_report_server
RUN-001491,read_disturb_test-001491,1061194337,PASS,pass,NONE,,,,0,0,0,0,0,58.46,297.63,46765422,0,uvm_report_server
RUN-001492,read_disturb_test-001492,514564105,FAIL,fail,TIMEOUT,E_TMO_0x40,TIMEOUT,1972490,3,0,1,1,0,1976.49,1.15,2371785116,1,uvm_report_server
RUN-001493,back_to_back_program_test-001493,1318269144,FAIL,fail,FIFO_OVERFLOW,E_FIFO_0x21,FIFO_OVERFLOW,4170,2,1,0,1,0,8.17,112.48,6533377,1,uvm_report_server
RUN-001494,erase_suspend_test-001494,1230159889,PASS,pass,NONE,,,,0,1,0,0,0,1.4,369.37,1122201,0,uvm_report_server
RUN-001495,erase_suspend_test-001495,420104974,PASS,pass,NONE,,,,0,0,0,0,0,19.19,26.14,11512138,0,uvm_report_server
RUN-001496,back_to_back_program_test-001496,1972184527,PASS,pass,NONE,,,,0,0,0,0,0,1.97,34.41,1974855,0,uvm_report_server
RUN-001497,mixed_rw_test-001497,1133733490,PASS,pass,NONE,,,,0,0,0,0,0,6.6,10.0,5281019,0,uvm_report_server
RUN-001498,sequential_write_test-001498,802885393,FAIL,fail,ECC_UNCORRECTABLE,E_ECC_0x33,ECC_UNCORRECTABLE,31750,3,1,0,0,1,35.75,87.25,28599884,1,uvm_report_server
RUN-001499,mixed_rw_test-001499,852230212,FAIL,fail,TIMEOUT,E_TMO_0x40,TIMEOUT,1956400,1,0,1,0,0,1960.4,0.06,1960401074,1,uvm_report_server
RUN-001500,random_read_test-001500,655140897,FAIL,fail,DATA_MISMATCH,E_CMP_0x11,DATA_MISMATCH,2500,2,0,0,1,1,3.34,12.65,1335020,1,uvm_report_server
