run_id,test_id,seed,status,pass_fail,failure_type,error_code,error_id,first_error_time_ns,uvm_error_count,uvm_warning_count,uvm_fatal_count,assertion_failures,scoreboard_mismatches,execution_time_ms,throughput_mbps,sim_cycles,exit_code,verdict_source
RUN-000001,garbage_collect_test-000001,453584159,PASS,pass,NONE,,,,0,0,0,0,0,131.67,1.9,131669161,0,uvm_report_server
RUN-000002,random_read_test-000002,1788522235,PASS,pass,NONE,,,,0,0,0,0,0,12.34,21.34,9870090,0,uvm_report_server
RUN-000003,read_disturb_test-000003,351907808,PASS,pass,NONE,,,,0,0,0,0,0,11.19,3.16,11185572,0,uvm_report_server
RUN-000004,read_disturb_test-000004,1816765094,PASS,pass,NONE,,,,0,0,0,0,0,16.59,1.99,9954567,0,uvm_report_server
RUN-000005,garbage_collect_test-000005,144579732,PASS,pass,NONE,,,,0,0,0,0,0,3.59,70.44,2873670,0,uvm_report_server
RUN-000006,back_to_back_program_test-000006,948283626,PASS,pass,NONE,,,,0,0,0,0,0,17.54,7.65,10526904,0,uvm_report_server
RUN-000007,random_read_test-000007,5937060,PASS,pass,NONE,,,,0,1,0,0,0,17.96,6.9,7183839,0,uvm_report_server
RUN-000008,sequential_write_test-000008,1317283901,PASS,pass,NONE,,,,0,0,0,0,0,7.54,4.21,3017156,0,uvm_report_server
RUN-000009,mixed_rw_test-000009,1906037610,FAIL,fail,THERMAL_SHUTDOWN,E_THRM_0x80,THERMAL_SHUTDOWN,570420,2,0,0,1,0,574.42,11.53,344654273,1,uvm_report_server
RUN-000010,garbage_collect_test-000010,16898956,FAIL,fail,RETENTION_FAIL,E_RET_0x71,RETENTION_FAIL,11020,1,1,0,0,1,15.02,159.03,12012890,1,uvm_report_server
RUN-000011,back_to_back_program_test-000011,1750388856,FAIL,fail,FIFO_OVERFLOW,E_FIFO_0x21,FIFO_OVERFLOW,49940,1,0,0,0,0,53.94,1.01,53944491,1,uvm_report_server
RUN-000012,random_read_test-000012,819623517,PASS,pass,NONE,,,,0,0,0,0,0,1.9,130.75,2278825,0,uvm_report_server
RUN-000013,power_cycle_test-000013,931300166,PASS,pass,NONE,,,,0,0,0,0,0,21.2,1.56,25443673,0,uvm_report_server
RUN-000014,sequential_write_test-000014,355947047,PASS,pass,NONE,,,,0,1,0,0,0,9.82,3.22,9820247,0,uvm_report_server
RUN-000015,back_to_back_program_test-000015,591891808,PASS,pass,NONE,,,,0,1,0,0,0,173.96,1.43,69585265,0,uvm_report_server
RUN-000016,sequential_write_test-000016,568247848,PASS,pass,NONE,,,,0,1,0,0,0,77.76,105.06,77756337,0,uvm_report_server
RUN-000017,random_read_test-000017,2144115789,PASS,pass,NONE,,,,0,1,0,0,0,2.16,233.41,1730921,0,uvm_report_server
RUN-000018,back_to_back_program_test-000018,108578049,PASS,pass,NONE,,,,0,0,0,0,0,1.86,9.39,1116020,0,uvm_report_server
RUN-000019,garbage_collect_test-000019,1593063417,PASS,pass,NONE,,,,0,0,0,0,0,351.96,2.9,211178667,0,uvm_report_server
RUN-000020,back_to_back_program_test-000020,559399398,PASS,pass,NONE,,,,0,0,0,0,0,37.9,50.62,37900543,0,uvm_report_server
RUN-000021,garbage_collect_test-000021,918843033,PASS,pass,NONE,,,,0,0,0,0,0,141.88,30.67,113507082,0,uvm_report_server
RUN-000022,sequential_write_test-000022,1164284604,FAIL,fail,ECC_UNCORRECTABLE,E_ECC_0x33,ECC_UNCORRECTABLE,19420,3,0,0,0,1,23.42,59.06,18739658,1,uvm_report_server
RUN-000023,back_to_back_program_test-000023,2046110096,PASS,pass,NONE,,,,0,0,0,0,0,23.72,5.68,18979116,0,uvm_report_server
RUN-000024,power_cycle_test-000024,602867157,FAIL,fail,ASSERTION_FAIL,E_ASRT_0x60,ASSERTION_FAIL,41910,1,1,0,0,0,45.91,2.09,36724406,1,uvm_report_server
RUN-000025,power_cycle_test-000025,443135816,PASS,pass,NONE,,,,0,0,0,0,0,6.98,38.06,5580547,0,uvm_report_server
RUN-000026,erase_suspend_test-000026,1821529576,PASS,pass,NONE,,,,0,0,0,0,0,35.28,14.45,21166443,0,uvm_report_server
RUN-000027,back_to_back_program_test-000027,329362110,PASS,pass,NONE,,,,0,0,0,0,0,8.88,3.88,3552541,0,uvm_report_server
RUN-000028,mixed_rw_test-000028,25974107,PASS,pass,NONE,,,,0,0,0,0,0,7.46,4.24,8946945,0,uvm_report_server
RUN-000029,read_disturb_test-000029,403941757,PASS,pass,NONE,,,,0,1,0,0,0,1.07,58.52,1279497,0,uvm_report_server
RUN-000030,power_cycle_test-000030,2118842183,PASS,pass,NONE,,,,0,0,0,0,0,125.58,17.49,75350004,0,uvm_report_server
RUN-000031,random_read_test-000031,912608922,PASS,pass,NONE,,,,0,0,0,0,0,5.03,7.02,5028136,0,uvm_report_server
RUN-000032,back_to_back_program_test-000032,1084730882,PASS,pass,NONE,,,,0,0,0,0,0,8.58,14.22,10295456,0,uvm_report_server
RUN-000033,read_disturb_test-000033,1118639801,FAIL,fail,RETENTION_FAIL,E_RET_0x71,RETENTION_FAIL,240350,2,0,0,0,1,244.35,4.05,146612607,1,uvm_report_server
RUN-000034,power_cycle_test-000034,680196239,PASS,pass,NONE,,,,0,0,0,0,0,18.17,106.35,21801857,0,uvm_report_server
RUN-000035,read_disturb_test-000035,1084651853,PASS,pass,NONE,,,,0,0,0,0,0,301.96,3.24,241568890,0,uvm_report_server
RUN-000036,power_cycle_test-000036,656448571,FAIL,fail,ASSERTION_FAIL,E_ASRT_0x60,ASSERTION_FAIL,2500,1,0,0,0,0,6.05,201.62,3629978,1,uvm_report_server
RUN-000037,back_to_back_program_test-000037,939339568,FAIL,fail,FIFO_OVERFLOW,E_FIFO_0x21,FIFO_OVERFLOW,11380,4,0,0,1,0,15.38,4.26,6151736,1,uvm_report_server
RUN-000038,back_to_back_program_test-000038,1542911121,PASS,pass,NONE,,,,0,0,0,0,0,8.26,3.98,9911460,0,uvm_report_server
RUN-000039,random_read_test-000039,807037740,PASS,pass,NONE,,,,0,1,0,0,0,53.14,0.63,21254845,0,uvm_report_server
RUN-000040,mixed_rw_test-000040,666621381,PASS,pass,NONE,,,,0,0,0,0,0,1.62,19.44,973096,0,uvm_report_server
RUN-000041,erase_suspend_test-000041,1891277050,PASS,pass,NONE,,,,0,0,0,0,0,18.56,14.81,18564608,0,uvm_report_server
RUN-000042,power_cycle_test-000042,1631654593,FAIL,fail,TIMEOUT,E_TMO_0x40,TIMEOUT,1956580,2,1,1,0,0,1960.58,0.15,2352691528,1,uvm_report_server
RUN-000043,sequential_write_test-000043,843414268,PASS,pass,NONE,,,,0,0,0,0,0,898.72,9.8,539231819,0,uvm_report_server
RUN-000044,sequential_write_test-000044,1421621285,PASS,pass,NONE,,,,0,0,0,0,0,3.0,316.13,2400495,0,uvm_report_server
RUN-000045,garbage_collect_test-000045,1408922700,PASS,pass,NONE,,,,0,0,0,0,0,89.15,22.68,35658987,0,uvm_report_server
RUN-000046,back_to_back_program_test-000046,1746779683,PASS,pass,NONE,,,,0,1,0,0,0,43.8,1.5,35043142,0,uvm_report_server
RUN-000047,random_read_test-000047,189981090,PASS,pass,NONE,,,,0,0,0,0,0,4.88,211.05,2925657,0,uvm_report_server
RUN-000048,random_read_test-000048,1670521998,PASS,pass,NONE,,,,0,0,0,0,0,2.09,7.9,1253311,0,uvm_report_server
RUN-000049,power_cycle_test-000049,412349324,PASS,pass,NONE,,,,0,0,0,0,0,38.81,7.2,23284076,0,uvm_report_server
RUN-000050,sequential_write_test-000050,1441025260,FAIL,fail,PROTOCOL_VIOLATION,E_PROT_0x52,PROTOCOL_VIOLATION,6210,3,0,1,1,0,10.21,66.53,8169276,1,uvm_report_server
RUN-000051,garbage_collect_test-000051,474418530,FAIL,fail,TIMEOUT,E_TMO_0x40,TIMEOUT,1973410,2,0,1,0,0,1977.41,0.38,1977409530,1,uvm_report_server
RUN-000052,garbage_collect_test-000052,409097817,PASS,pass,NONE,,,,0,1,0,0,0,445.44,2.3,267266305,0,uvm_report_server
RUN-000053,random_read_test-000053,489895408,PASS,pass,NONE,,,,0,1,0,0,0,11.94,10.2,11944096,0,uvm_report_server
RUN-000054,random_read_test-000054,383659935,PASS,pass,NONE,,,,0,0,0,0,0,37.32,0.92,37318357,0,uvm_report_server
RUN-000055,back_to_back_program_test-000055,1639118726,PASS,pass,NONE,,,,0,0,0,0,0,48.72,5.46,29231526,0,uvm_report_server
RUN-000056,back_to_back_program_test-000056,1417503073,FAIL,fail,DATA_MISMATCH,E_CMP_0x11,DATA_MISMATCH,15750,2,0,0,0,1,19.75,81.79,11852209,1,uvm_report_server
RUN-000057,power_cycle_test-000057,2077118466,PASS,pass,NONE,,,,0,1,0,0,0,20.88,202.39,12530151,0,uvm_report_server
RUN-000058,random_read_test-000058,2030731573,PASS,pass,NONE,,,,0,0,0,0,0,63.05,31.57,63053663,0,uvm_report_server
RUN-000059,back_to_back_program_test-000059,232722372,PASS,pass,NONE,,,,0,0,0,0,0,103.86,82.53,83088959,0,uvm_report_server
RUN-000060,garbage_collect_test-000060,353401062,PASS,pass,NONE,,,,0,1,0,0,0,22.9,83.41,13738232,0,uvm_report_server
RUN-000061,random_read_test-000061,541657259,FAIL,fail,TIMEOUT,E_TMO_0x40,TIMEOUT,1972450,3,0,1,1,0,1976.45,0.15,2371743511,1,uvm_report_server
RUN-000062,power_cycle_test-000062,1122784415,PASS,pass,NONE,,,,0,1,0,0,0,127.55,2.14,76529026,0,uvm_report_server
RUN-000063,back_to_back_program_test-000063,218270753,PASS,pass,NONE,,,,0,0,0,0,0,12.56,333.89,15071065,0,uvm_report_server
RUN-000064,erase_suspend_test-000064,1071958782,PASS,pass,NONE,,,,0,0,0,0,0,174.92,11.2,69966200,0,uvm_report_server
RUN-000065,back_to_back_program_test-000065,622197009,PASS,pass,NONE,,,,0,0,0,0,0,4.5,60.86,3596285,0,uvm_report_server
RUN-000066,sequential_write_test-000066,1334851894,PASS,pass,NONE,,,,0,0,0,0,0,24.26,1.45,19404209,0,uvm_report_server
RUN-000067,sequential_write_test-000067,708680496,PASS,pass,NONE,,,,0,0,0,0,0,76.53,7.29,61225405,0,uvm_report_server
RUN-000068,random_read_test-000068,246512827,PASS,pass,NONE,,,,0,0,0,0,0,85.04,52.03,85035654,0,uvm_report_server
RUN-000069,random_read_test-000069,929426491,PASS,pass,NONE,,,,0,0,0,0,0,3.83,4.52,1532824,0,uvm_report_server
RUN-000070,random_read_test-000070,1385784218,PASS,pass,NONE,,,,0,0,0,0,0,25.73,10.78,10290280,0,uvm_report_server
RUN-000071,erase_suspend_test-000071,1255731468,PASS,pass,NONE,,,,0,0,0,0,0,4.19,29.93,3353419,0,uvm_report_server
RUN-000072,back_to_back_program_test-000072,1113189565,FAIL,fail,THERMAL_SHUTDOWN,E_THRM_0x80,THERMAL_SHUTDOWN,40370,3,0,0,1,0,44.37,12.19,53239480,1,uvm_report_server
RUN-000073,mixed_rw_test-000073,1732049307,PASS,pass,NONE,,,,0,0,0,0,0,214.73,5.09,128838747,0,uvm_report_server
RUN-000074,back_to_back_program_test-000074,1398175814,PASS,pass,NONE,,,,0,0,0,0,0,212.77,80.03,170216694,0,uvm_report_server
RUN-000075,read_disturb_test-000075,1015316094,PASS,pass,NONE,,,,0,0,0,0,0,225.58,2.31,270691814,0,uvm_report_server
RUN-000076,mixed_rw_test-000076,1493542593,PASS,pass,NONE,,,,0,1,0,0,0,205.29,39.74,246346269,0,uvm_report_server
RUN-000077,mixed_rw_test-000077,514811956,PASS,pass,NONE,,,,0,0,0,0,0,65.13,32.55,65128408,0,uvm_report_server
RUN-000078,mixed_rw_test-000078,456590257,FAIL,fail,PROTOCOL_VIOLATION,E_PROT_0x52,PROTOCOL_VIOLATION,10000,2,0,1,0,0,14.0,83.93,13999995,1,uvm_report_server
RUN-000079,sequential_write_test-000079,401394186,PASS,pass,NONE,,,,0,0,0,0,0,551.36,16.2,220542527,0,uvm_report_server
RUN-000080,power_cycle_test-000080,1208608810,PASS,pass,NONE,,,,0,0,0,0,0,16.77,58.63,6709420,0,uvm_report_server
RUN-000081,sequential_write_test-000081,1346833752,PASS,pass,NONE,,,,0,0,0,0,0,4.01,60.5,4011474,0,uvm_report_server
RUN-000082,erase_suspend_test-000082,976982560,PASS,pass,NONE,,,,0,0,0,0,0,208.79,2.39,250547910,0,uvm_report_server
RUN-000083,back_to_back_program_test-000083,1793597031,FAIL,fail,FIFO_OVERFLOW,E_FIFO_0x21,FIFO_OVERFLOW,7230,3,0,0,1,0,11.23,48.64,11233677,1,uvm_report_server
RUN-000084,power_cycle_test-000084,203687002,PASS,pass,NONE,,,,0,0,0,0,0,45.49,10.89,18195824,0,uvm_report_server
RUN-000085,mixed_rw_test-000085,1112280892,PASS,pass,NONE,,,,0,0,0,0,0,180.72,47.71,72288843,0,uvm_report_server
RUN-000086,back_to_back_program_test-000086,1570401407,FAIL,fail,FIFO_OVERFLOW,E_FIFO_0x21,FIFO_OVERFLOW,33450,4,0,0,1,0,37.45,17.53,44944936,1,uvm_report_server
RUN-000087,sequential_write_test-000087,1877811148,PASS,pass,NONE,,,,0,1,0,0,0,55.52,19.5,33310032,0,uvm_report_server
RUN-000088,mixed_rw_test-000088,388979363,PASS,pass,NONE,,,,0,0,0,0,0,105.45,1.33,84357210,0,uvm_report_server
RUN-000089,back_to_back_program_test-000089,658751876,PASS,pass,NONE,,,,0,0,0,0,0,19.29,13.32,15429543,0,uvm_report_server
RUN-000090,garbage_collect_test-000090,82838211,PASS,pass,NONE,,,,0,0,0,0,0,2.5,12.75,2501507,0,uvm_report_server
RUN-000091,mixed_rw_test-000091,73073017,FAIL,fail,THERMAL_SHUTDOWN,E_THRM_0x80,THERMAL_SHUTDOWN,17750,3,0,0,0,0,21.75,0.78,13048489,1,uvm_report_server
RUN-000092,random_read_test-000092,1751935612,PASS,pass,NONE,,,,0,0,0,0,0,7.35,65.98,8817874,0,uvm_report_server
RUN-000093,erase_suspend_test-000093,1529344456,PASS,pass,NONE,,,,0,0,0,0,0,41.92,94.51,25154554,0,uvm_report_server
RUN-000094,back_to_back_program_test-000094,791413533,PASS,pass,NONE,,,,0,0,0,0,0,37.51,14.66,37513863,0,uvm_report_server
RUN-000095,back_to_back_program_test-000095,1544785768,PASS,pass,NONE,,,,0,1,0,0,0,1.54,163.22,1229085,0,uvm_report_server
RUN-000096,mixed_rw_test-000096,1698638197,PASS,pass,NONE,,,,0,1,0,0,0,283.59,7.31,283591631,0,uvm_report_server
RUN-000097,back_to_back_program_test-000097,1465846343,FAIL,fail,RETENTION_FAIL,E_RET_0x71,RETENTION_FAIL,46150,3,1,0,0,1,50.15,103.72,50151424,1,uvm_report_server
RUN-000098,read_disturb_test-000098,993176574,FAIL,fail,DATA_MISMATCH,E_CMP_0x11,DATA_MISMATCH,62680,2,1,0,1,1,66.68,10.74,66676136,1,uvm_report_server
RUN-000099,garbage_collect_test-000099,1781193400,PASS,pass,NONE,,,,0,1,0,0,0,3.18,44.15,3811659,0,uvm_report_server
RUN-000100,sequential_write_test-000100,233121235,PASS,pass,NONE,,,,0,0,0,0,0,33.37,8.27,26697964,0,uvm_report_server
RUN-000101,back_to_back_program_test-000101,1592237524,PASS,pass,NONE,,,,0,1,0,0,0,12.69,21.09,5074090,0,uvm_report_server
RUN-000102,read_disturb_test-000102,183622966,PASS,pass,NONE,,,,0,0,0,0,0,29.74,8.19,23793774,0,uvm_report_server
RUN-000103,mixed_rw_test-000103,151061066,PASS,pass,NONE,,,,0,1,0,0,0,1.0,32.87,800000,0,uvm_report_server
RUN-000104,erase_suspend_test-000104,859828837,PASS,pass,NONE,,,,0,0,0,0,0,13.33,39.56,10666480,0,uvm_report_server
RUN-000105,mixed_rw_test-000105,786139232,FAIL,fail,RETENTION_FAIL,E_RET_0x71,RETENTION_FAIL,49630,2,0,0,1,1,53.63,26.77,53626985,1,uvm_report_server
RUN-000106,random_read_test-000106,815251129,PASS,pass,NONE,,,,0,0,0,0,0,11.32,23.85,6793911,0,uvm_report_server
RUN-000107,random_read_test-000107,864127838,PASS,pass,NONE,,,,0,0,0,0,0,146.82,26.97,88092169,0,uvm_report_server
RUN-000108,sequential_write_test-000108,109247748,FAIL,fail,DATA_MISMATCH,E_CMP_0x11,DATA_MISMATCH,5790,2,1,0,0,1,9.79,14.22,11747114,1,uvm_report_server
RUN-000109,random_read_test-000109,772301976,PASS,pass,NONE,,,,0,0,0,0,0,55.3,9.55,44243370,0,uvm_report_server
RUN-000110,mixed_rw_test-000110,747602228,FAIL,fail,ASSERTION_FAIL,E_ASRT_0x60,ASSERTION_FAIL,6580,4,0,0,1,0,10.58,17.98,4232672,1,uvm_report_server
RUN-000111,random_read_test-000111,1393019185,PASS,pass,NONE,,,,0,0,0,0,0,8.37,31.42,10048504,0,uvm_report_server
RUN-000112,mixed_rw_test-000112,1364976308,PASS,pass,NONE,,,,0,1,0,0,0,100.47,19.35,80372020,0,uvm_report_server
RUN-000113,random_read_test-000113,1633973180,FAIL,fail,DATA_MISMATCH,E_CMP_0x11,DATA_MISMATCH,2500,3,0,0,1,1,1.0,12.68,800000,1,uvm_report_server
RUN-000114,random_read_test-000114,511926395,PASS,pass,NONE,,,,0,0,0,0,0,135.93,31.91,54372531,0,uvm_report_server
RUN-000115,erase_suspend_test-000115,318958295,PASS,pass,NONE,,,,0,1,0,0,0,70.69,15.96,56554076,0,uvm_report_server
RUN-000116,mixed_rw_test-000116,1938838810,FAIL,fail,ASSERTION_FAIL,E_ASRT_0x60,ASSERTION_FAIL,215190,2,0,0,1,0,219.19,2.48,131511918,1,uvm_report_server
RUN-000117,garbage_collect_test-000117,321192852,PASS,pass,NONE,,,,0,1,0,0,0,9.28,26.5,7420655,0,uvm_report_server
RUN-000118,sequential_write_test-000118,1638953173,FAIL,fail,ASSERTION_FAIL,E_ASRT_0x60,ASSERTION_FAIL,26560,3,0,0,0,0,30.56,40.97,24446757,1,uvm_report_server
RUN-000119,mixed_rw_test-000119,915921874,PASS,pass,NONE,,,,0,0,0,0,0,4.27,30.11,1708879,0,uvm_report_server
RUN-000120,read_disturb_test-000120,606375701,PASS,pass,NONE,,,,0,0,0,0,0,97.15,42.61,77723880,0,uvm_report_server
RUN-000121,mixed_rw_test-000121,820123204,PASS,pass,NONE,,,,0,0,0,0,0,19.81,6.4,19805963,0,uvm_report_server
RUN-000122,back_to_back_program_test-000122,894348806,FAIL,fail,FIFO_OVERFLOW,E_FIFO_0x21,FIFO_OVERFLOW,24300,1,0,0,0,0,28.3,316.15,33963110,1,uvm_report_server
RUN-000123,erase_suspend_test-000123,1129119831,PASS,pass,NONE,,,,0,1,0,0,0,12.29,83.99,7376524,0,uvm_report_server
RUN-000124,read_disturb_test-000124,1430788467,FAIL,fail,TIMEOUT,E_TMO_0x40,TIMEOUT,1968200,2,0,1,0,0,1972.2,0.02,1972198770,1,uvm_report_server
RUN-000125,sequential_write_test-000125,119819624,PASS,pass,NONE,,,,0,0,0,0,0,4.32,7.13,2590064,0,uvm_report_server
RUN-000126,garbage_collect_test-000126,52824817,PASS,pass,NONE,,,,0,0,0,0,0,11.4,2.74,6840381,0,uvm_report_server
RUN-000127,random_read_test-000127,2102137788,PASS,pass,NONE,,,,0,0,0,0,0,5.1,12.92,4077816,0,uvm_report_server
RUN-000128,sequential_write_test-000128,499464,PASS,pass,NONE,,,,0,0,0,0,0,32.37,16.22,19421188,0,uvm_report_server
RUN-000129,back_to_back_program_test-000129,614369176,PASS,pass,NONE,,,,0,0,0,0,0,7.39,2.17,5909976,0,uvm_report_server
RUN-000130,mixed_rw_test-000130,660140265,PASS,pass,NONE,,,,0,0,0,0,0,8.9,15.17,7120118,0,uvm_report_server
RUN-000131,read_disturb_test-000131,1270504290,PASS,pass,NONE,,,,0,1,0,0,0,17.88,30.01,17878129,0,uvm_report_server
RUN-000132,back_to_back_program_test-000132,1453786226,FAIL,fail,DATA_MISMATCH,E_CMP_0x11,DATA_MISMATCH,2830,2,0,0,0,1,6.83,12.85,5462853,1,uvm_report_server
RUN-000133,read_disturb_test-000133,2076855559,FAIL,fail,PROTOCOL_VIOLATION,E_PROT_0x52,PROTOCOL_VIOLATION,164200,3,1,1,1,0,168.2,258.75,67280343,1,uvm_report_server
RUN-000134,power_cycle_test-000134,1948622895,PASS,pass,NONE,,,,0,0,0,0,0,8.61,16.38,5168309,0,uvm_report_server
RUN-000135,back_to_back_program_test-000135,1582129662,PASS,pass,NONE,,,,0,0,0,0,0,350.19,45.82,210113718,0,uvm_report_server
RUN-000136,back_to_back_program_test-000136,1027074719,PASS,pass,NONE,,,,0,1,0,0,0,37.78,3.71,37784354,0,uvm_report_server
RUN-000137,sequential_write_test-000137,2000072300,PASS,pass,NONE,,,,0,0,0,0,0,7.86,66.85,3144956,0,uvm_report_server
RUN-000138,erase_suspend_test-000138,608422632,PASS,pass,NONE,,,,0,1,0,0,0,5.99,11.47,5988828,0,uvm_report_server
RUN-000139,power_cycle_test-000139,2074024928,PASS,pass,NONE,,,,0,1,0,0,0,119.56,129.65,143477653,0,uvm_report_server
RUN-000140,back_to_back_program_test-000140,345857615,FAIL,fail,FIFO_OVERFLOW,E_FIFO_0x21,FIFO_OVERFLOW,2500,4,0,0,1,0,2.18,5.68,2177073,1,uvm_report_server
RUN-000141,random_read_test-000141,1392535080,PASS,pass,NONE,,,,0,0,0,0,0,12.25,5.62,9798528,0,uvm_report_server
RUN-000142,random_read_test-000142,1446927515,PASS,pass,NONE,,,,0,1,0,0,0,21.83,23.38,26201129,0,uvm_report_server
RUN-000143,back_to_back_program_test-000143,257231845,PASS,pass,NONE,,,,0,0,0,0,0,43.6,24.04,34881508,0,uvm_report_server
RUN-000144,read_disturb_test-000144,1402408546,PASS,pass,NONE,,,,0,1,0,0,0,62.46,31.36,37477018,0,uvm_report_server
RUN-000145,sequential_write_test-000145,1738402676,PASS,pass,NONE,,,,0,0,0,0,0,60.03,36.54,36018861,0,uvm_report_server
RUN-000146,mixed_rw_test-000146,1670801316,PASS,pass,NONE,,,,0,0,0,0,0,116.9,8.73,116901138,0,uvm_report_server
RUN-000147,random_read_test-000147,1926972205,FAIL,fail,TIMEOUT,E_TMO_0x40,TIMEOUT,1961160,3,0,1,0,0,1965.16,0.05,1965163396,1,uvm_report_server
RUN-000148,power_cycle_test-000148,1535866094,PASS,pass,NONE,,,,0,0,0,0,0,7.8,8.95,6238809,0,uvm_report_server
RUN-000149,read_disturb_test-000149,291592504,PASS,pass,NONE,,,,0,0,0,0,0,6.07,22.45,7283931,0,uvm_report_server
RUN-000150,erase_suspend_test-000150,247025951,PASS,pass,NONE,,,,0,0,0,0,0,73.81,28.33,59050459,0,uvm_report_server
RUN-000151,garbage_collect_test-000151,1914049642,PASS,pass,NONE,,,,0,1,0,0,0,34.36,32.81,13744575,0,uvm_report_server
RUN-000152,random_read_test-000152,449280011,FAIL,fail,TIMEOUT,E_TMO_0x40,TIMEOUT,1959070,4,0,1,1,0,1963.07,0.09,2355680239,1,uvm_report_server
RUN-000153,mixed_rw_test-000153,1766221098,PASS,pass,NONE,,,,0,0,0,0,0,13.81,4.51,13807445,0,uvm_report_server
RUN-000154,random_read_test-000154,1047772561,PASS,pass,NONE,,,,0,0,0,0,0,12.2,89.05,14640288,0,uvm_report_server
RUN-000155,back_to_back_program_test-000155,267147768,PASS,pass,NONE,,,,0,0,0,0,0,5.79,21.01,3471211,0,uvm_report_server
RUN-000156,garbage_collect_test-000156,1906412994,PASS,pass,NONE,,,,0,1,0,0,0,50.13,2.49,40107737,0,uvm_report_server
RUN-000157,mixed_rw_test-000157,1547291118,PASS,pass,NONE,,,,0,1,0,0,0,18.32,3.44,21988382,0,uvm_report_server
RUN-000158,read_disturb_test-000158,1763153136,FAIL,fail,ECC_UNCORRECTABLE,E_ECC_0x33,ECC_UNCORRECTABLE,16040,3,0,0,0,1,20.04,47.5,24053415,1,uvm_report_server
RUN-000159,back_to_back_program_test-000159,931313151,FAIL,fail,FIFO_OVERFLOW,E_FIFO_0x21,FIFO_OVERFLOW,13820,1,0,0,0,0,17.82,19.35,10692656,1,uvm_report_server
RUN-000160,mixed_rw_test-000160,1183515605,FAIL,fail,DATA_MISMATCH,E_CMP_0x11,DATA_MISMATCH,5140,2,0,0,0,1,9.14,5.94,7312235,1,uvm_report_server
RUN-000161,garbage_collect_test-000161,1158198333,PASS,pass,NONE,,,,0,0,0,0,0,14.33,17.42,11463579,0,uvm_report_server
RUN-000162,sequential_write_test-000162,1462475472,FAIL,fail,TIMEOUT,E_TMO_0x40,TIMEOUT,1990310,1,1,1,0,0,1994.31,0.03,2393166994,1,uvm_report_server
RUN-000163,power_cycle_test-000163,434433544,FAIL,fail,RETENTION_FAIL,E_RET_0x71,RETENTION_FAIL,159420,2,0,0,1,1,163.42,10.41,98053165,1,uvm_report_server
RUN-000164,sequential_write_test-000164,726215881,PASS,pass,NONE,,,,0,0,0,0,0,10.3,12.1,8237451,0,uvm_report_server
RUN-000165,mixed_rw_test-000165,1869118044,PASS,pass,NONE,,,,0,0,0,0,0,1.86,32.59,1490071,0,uvm_report_server
RUN-000166,read_disturb_test-000166,1609981161,PASS,pass,NONE,,,,0,0,0,0,0,41.16,1.51,32930370,0,uvm_report_server
RUN-000167,back_to_back_program_test-000167,1886959633,FAIL,fail,TIMEOUT,E_TMO_0x40,TIMEOUT,1980070,1,0,1,0,0,1984.07,0.02,1984074774,1,uvm_report_server
RUN-000168,read_disturb_test-000168,1147053178,PASS,pass,NONE,,,,0,0,0,0,0,29.38,35.59,17625462,0,uvm_report_server
RUN-000169,erase_suspend_test-000169,1512836433,PASS,pass,NONE,,,,0,0,0,0,0,1417.32,2.98,566927642,0,uvm_report_server
RUN-000170,sequential_write_test-000170,743975989,PASS,pass,NONE,,,,0,0,0,0,0,421.85,0.62,168740351,0,uvm_report_server
RUN-000171,power_cycle_test-000171,1031038944,PASS,pass,NONE,,,,0,1,0,0,0,10.16,52.54,10161246,0,uvm_report_server
RUN-000172,back_to_back_program_test-000172,2091929104,FAIL,fail,TIMEOUT,E_TMO_0x40,TIMEOUT,1990320,2,0,1,0,0,1994.32,0.3,2393189975,1,uvm_report_server
RUN-000173,sequential_write_test-000173,1767539729,PASS,pass,NONE,,,,0,0,0,0,0,105.05,20.04,63032879,0,uvm_report_server
RUN-000174,back_to_back_program_test-000174,339576710,PASS,pass,NONE,,,,0,0,0,0,0,334.53,0.76,267622981,0,uvm_report_server
RUN-000175,random_read_test-000175,388050258,PASS,pass,NONE,,,,0,0,0,0,0,21.67,51.72,17335990,0,uvm_report_server
RUN-000176,mixed_rw_test-000176,1130001173,FAIL,fail,ASSERTION_FAIL,E_ASRT_0x60,ASSERTION_FAIL,6330,2,0,0,1,0,10.33,238.04,6198888,1,uvm_report_server
RUN-000177,power_cycle_test-000177,693900209,PASS,pass,NONE,,,,0,0,0,0,0,181.51,47.87,145204276,0,uvm_report_server
RUN-000178,back_to_back_program_test-000178,462500828,PASS,pass,NONE,,,,0,1,0,0,0,6.52,4.79,6524466,0,uvm_report_server
RUN-000179,sequential_write_test-000179,1987132405,PASS,pass,NONE,,,,0,0,0,0,0,240.7,9.0,96279971,0,uvm_report_server
RUN-000180,mixed_rw_test-000180,1272951149,PASS,pass,NONE,,,,0,1,0,0,0,24.25,21.2,19399850,0,uvm_report_server
RUN-000181,back_to_back_program_test-000181,1385296783,PASS,pass,NONE,,,,0,0,0,0,0,12.18,5.54,7306282,0,uvm_report_server
RUN-000182,garbage_collect_test-000182,1749946540,PASS,pass,NONE,,,,0,0,0,0,0,1.0,15.82,1000000,0,uvm_report_server
RUN-000183,erase_suspend_test-000183,1342485432,PASS,pass,NONE,,,,0,0,0,0,0,229.92,9.45,183938164,0,uvm_report_server
RUN-000184,power_cycle_test-000184,58673565,PASS,pass,NONE,,,,0,1,0,0,0,6.19,22.74,2476075,0,uvm_report_server
RUN-000185,power_cycle_test-000185,864587147,FAIL,fail,ASSERTION_FAIL,E_ASRT_0x60,ASSERTION_FAIL,3660,3,1,0,0,0,7.66,1.87,3065996,1,uvm_report_server
RUN-000186,random_read_test-000186,1724696188,FAIL,fail,DATA_MISMATCH,E_CMP_0x11,DATA_MISMATCH,22110,1,0,0,0,1,26.11,7.47,10442330,1,uvm_report_server
RUN-000187,random_read_test-000187,971234952,PASS,pass,NONE,,,,0,1,0,0,0,41.65,46.22,16659991,0,uvm_report_server
RUN-000188,garbage_collect_test-000188,181519823,PASS,pass,NONE,,,,0,1,0,0,0,3.67,19.02,2938412,0,uvm_report_server
RUN-000189,back_to_back_program_test-000189,727548740,PASS,pass,NONE,,,,0,0,0,0,0,124.65,17.02,74787391,0,uvm_report_server
RUN-000190,power_cycle_test-000190,1922162619,PASS,pass,NONE,,,,0,0,0,0,0,69.67,3.71,69668066,0,uvm_report_server
RUN-000191,sequential_write_test-000191,75074346,PASS,pass,NONE,,,,0,0,0,0,0,7.53,2.04,3010276,0,uvm_report_server
RUN-000192,erase_suspend_test-000192,2062544115,PASS,pass,NONE,,,,0,0,0,0,0,7.58,2.02,4548290,0,uvm_report_server
RUN-000193,read_disturb_test-000193,1554462063,PASS,pass,NONE,,,,0,0,0,0,0,12.76,38.59,7657146,0,uvm_report_server
RUN-000194,read_disturb_test-000194,973493134,PASS,pass,NONE,,,,0,0,0,0,0,832.52,0.62,499514780,0,uvm_report_server
RUN-000195,back_to_back_program_test-000195,2131976416,FAIL,fail,FIFO_OVERFLOW,E_FIFO_0x21,FIFO_OVERFLOW,4490,2,0,0,0,0,8.49,9.24,5096600,1,uvm_report_server
RUN-000196,back_to_back_program_test-000196,1821623361,PASS,pass,NONE,,,,0,1,0,0,0,5.14,49.71,5143381,0,uvm_report_server
RUN-000197,sequential_write_test-000197,1423640404,PASS,pass,NONE,,,,0,0,0,0,0,6.45,2.67,7739303,0,uvm_report_server
RUN-000198,power_cycle_test-000198,1823240410,PASS,pass,NONE,,,,0,1,0,0,0,9.46,13.96,9458680,0,uvm_report_server
RUN-000199,erase_suspend_test-000199,1601635719,PASS,pass,NONE,,,,0,0,0,0,0,397.13,2.56,238278858,0,uvm_report_server
RUN-000200,garbage_collect_test-000200,210285170,FAIL,fail,ECC_UNCORRECTABLE,E_ECC_0x33,ECC_UNCORRECTABLE,637690,2,0,0,1,1,641.69,16.48,385012153,1,uvm_report_server
RUN-000201,random_read_test-000201,2028846187,PASS,pass,NONE,,,,0,0,0,0,0,54.57,150.73,54573414,0,uvm_report_server
RUN-000202,erase_suspend_test-000202,1560432347,PASS,pass,NONE,,,,0,1,0,0,0,7.56,32.96,3023220,0,uvm_report_server
RUN-000203,erase_suspend_test-000203,57980909,PASS,pass,NONE,,,,0,1,0,0,0,15.46,31.65,15463109,0,uvm_report_server
RUN-000204,mixed_rw_test-000204,530250727,PASS,pass,NONE,,,,0,1,0,0,0,59.6,16.39,35760312,0,uvm_report_server
RUN-000205,read_disturb_test-000205,1947576506,PASS,pass,NONE,,,,0,0,0,0,0,832.26,2.59,665804136,0,uvm_report_server
RUN-000206,mixed_rw_test-000206,363055836,FAIL,fail,ECC_UNCORRECTABLE,E_ECC_0x33,ECC_UNCORRECTABLE,97580,1,0,0,0,1,101.58,2.86,121896023,1,uvm_report_server
RUN-000207,sequential_write_test-000207,864588712,PASS,pass,NONE,,,,0,0,0,0,0,11.02,24.71,4406399,0,uvm_report_server
RUN-000208,mixed_rw_test-000208,1152891236,PASS,pass,NONE,,,,0,1,0,0,0,7.62,31.78,6092722,0,uvm_report_server
RUN-000209,random_read_test-000209,1677518544,PASS,pass,NONE,,,,0,1,0,0,0,91.33,6.05,73063326,0,uvm_report_server
RUN-000210,back_to_back_program_test-000210,1706573287,PASS,pass,NONE,,,,0,0,0,0,0,1.41,11.73,1131058,0,uvm_report_server
RUN-000211,sequential_write_test-000211,1266272529,PASS,pass,NONE,,,,0,0,0,0,0,8.91,28.24,5347777,0,uvm_report_server
RUN-000212,random_read_test-000212,1800918166,PASS,pass,NONE,,,,0,1,0,0,0,22.25,24.17,13350113,0,uvm_report_server
RUN-000213,sequential_write_test-000213,938350448,PASS,pass,NONE,,,,0,0,0,0,0,112.79,34.98,90235616,0,uvm_report_server
RUN-000214,random_read_test-000214,888027601,PASS,pass,NONE,,,,0,0,0,0,0,4.71,29.0,4705239,0,uvm_report_server
RUN-000215,erase_suspend_test-000215,825238704,PASS,pass,NONE,,,,0,0,0,0,0,193.21,1.34,77285424,0,uvm_report_server
RUN-000216,erase_suspend_test-000216,2063040634,FAIL,fail,TIMEOUT,E_TMO_0x40,TIMEOUT,1966190,3,1,1,0,0,1970.19,0.14,1970193899,1,uvm_report_server
RUN-000217,mixed_rw_test-000217,1892295153,PASS,pass,NONE,,,,0,1,0,0,0,33.27,14.84,19959574,0,uvm_report_server
RUN-000218,erase_suspend_test-000218,1907868216,FAIL,fail,TIMEOUT,E_TMO_0x40,TIMEOUT,1969860,2,0,1,0,0,1973.86,0.08,1973864071,1,uvm_report_server
RUN-000219,back_to_back_program_test-000219,348531247,PASS,pass,NONE,,,,0,0,0,0,0,2.39,401.82,2391252,0,uvm_report_server
RUN-000220,sequential_write_test-000220,1016857480,PASS,pass,NONE,,,,0,0,0,0,0,20.15,13.72,20154554,0,uvm_report_server
RUN-000221,back_to_back_program_test-000221,1197455608,PASS,pass,NONE,,,,0,0,0,0,0,8.6,14.26,6882204,0,uvm_report_server
RUN-000222,read_disturb_test-000222,1248016677,PASS,pass,NONE,,,,0,0,0,0,0,18.16,53.35,18162138,0,uvm_report_server
RUN-000223,random_read_test-000223,1370013070,PASS,pass,NONE,,,,0,1,0,0,0,2.64,2.86,2643548,0,uvm_report_server
RUN-000224,garbage_collect_test-000224,1659394651,PASS,pass,NONE,,,,0,0,0,0,0,12.89,10.06,10311936,0,uvm_report_server
RUN-000225,erase_suspend_test-000225,390829565,PASS,pass,NONE,,,,0,0,0,0,0,151.1,116.61,90660211,0,uvm_report_server
RUN-000226,sequential_write_test-000226,228679780,PASS,pass,NONE,,,,0,1,0,0,0,7.71,244.89,6164155,0,uvm_report_server
RUN-000227,mixed_rw_test-000227,234639102,PASS,pass,NONE,,,,0,0,0,0,0,4.66,54.91,2795013,0,uvm_report_server
RUN-000228,garbage_collect_test-000228,758471935,PASS,pass,NONE,,,,0,0,0,0,0,7.82,2.22,6254222,0,uvm_report_server
RUN-000229,garbage_collect_test-000229,2061907261,PASS,pass,NONE,,,,0,0,0,0,0,3.55,78.88,2841527,0,uvm_report_server
RUN-000230,sequential_write_test-000230,976963217,PASS,pass,NONE,,,,0,1,0,0,0,44.27,12.17,44274192,0,uvm_report_server
RUN-000231,random_read_test-000231,733495422,FAIL,fail,ECC_UNCORRECTABLE,E_ECC_0x33,ECC_UNCORRECTABLE,14200,3,0,0,0,1,18.2,54.46,18195629,1,uvm_report_server
RUN-000232,sequential_write_test-000232,2119964114,PASS,pass,NONE,,,,0,0,0,0,0,2.36,28.21,1888523,0,uvm_report_server
RUN-000233,sequential_write_test-000233,618554254,FAIL,fail,DATA_MISMATCH,E_CMP_0x11,DATA_MISMATCH,2500,3,1,0,1,1,2.29,9.03,2288773,1,uvm_report_server
RUN-000234,random_read_test-000234,665638554,FAIL,fail,DATA_MISMATCH,E_CMP_0x11,DATA_MISMATCH,2500,4,0,0,1,1,1.0,34.31,800000,1,uvm_report_server
RUN-000235,random_read_test-000235,1506413855,PASS,pass,NONE,,,,0,1,0,0,0,6.69,149.2,5354293,0,uvm_report_server
RUN-000236,back_to_back_program_test-000236,549228886,PASS,pass,NONE,,,,0,0,0,0,0,38.64,12.95,38641208,0,uvm_report_server
RUN-000237,garbage_collect_test-000237,1932236902,PASS,pass,NONE,,,,0,1,0,0,0,2.11,7.38,1685453,0,uvm_report_server
RUN-000238,garbage_collect_test-000238,1403841097,PASS,pass,NONE,,,,0,0,0,0,0,50.5,2.78,30301207,0,uvm_report_server
RUN-000239,sequential_write_test-000239,63381934,PASS,pass,NONE,,,,0,0,0,0,0,17.69,15.54,10612338,0,uvm_report_server
RUN-000240,back_to_back_program_test-000240,981105076,PASS,pass,NONE,,,,0,0,0,0,0,54.34,10.13,54339761,0,uvm_report_server
RUN-000241,random_read_test-000241,1271015667,FAIL,fail,TIMEOUT,E_TMO_0x40,TIMEOUT,1981070,4,0,1,1,0,1985.07,0.03,1985065983,1,uvm_report_server
RUN-000242,mixed_rw_test-000242,121673374,PASS,pass,NONE,,,,0,1,0,0,0,40.58,104.52,32461088,0,uvm_report_server
RUN-000243,back_to_back_program_test-000243,510703584,FAIL,fail,FIFO_OVERFLOW,E_FIFO_0x21,FIFO_OVERFLOW,58300,3,0,0,1,0,62.3,18.98,49843150,1,uvm_report_server
RUN-000244,mixed_rw_test-000244,1263167930,PASS,pass,NONE,,,,0,0,0,0,0,100.02,2.65,60009550,0,uvm_report_server
RUN-000245,read_disturb_test-000245,50267375,PASS,pass,NONE,,,,0,0,0,0,0,72.11,15.0,57686784,0,uvm_report_server
RUN-000246,back_to_back_program_test-000246,1131593675,FAIL,fail,TIMEOUT,E_TMO_0x40,TIMEOUT,1973730,3,0,1,1,0,1977.73,0.1,2373275089,1,uvm_report_server
RUN-000247,random_read_test-000247,1710863441,PASS,pass,NONE,,,,0,0,0,0,0,31.42,8.61,25137826,0,uvm_report_server
RUN-000248,sequential_write_test-000248,1530905991,PASS,pass,NONE,,,,0,0,0,0,0,27.03,4.9,21627967,0,uvm_report_server
RUN-000249,mixed_rw_test-000249,425995276,PASS,pass,NONE,,,,0,0,0,0,0,6.87,40.25,6868394,0,uvm_report_server
RUN-000250,random_read_test-000250,1881120339,FAIL,fail,PROTOCOL_VIOLATION,E_PROT_0x52,PROTOCOL_VIOLATION,7430,2,1,1,0,0,11.43,440.51,11433872,1,uvm_report_server
RUN-000251,random_read_test-000251,1799229282,PASS,pass,NONE,,,,0,1,0,0,0,7.79,32.6,7791169,0,uvm_report_server
RUN-000252,back_to_back_program_test-000252,98960555,FAIL,fail,FIFO_OVERFLOW,E_FIFO_0x21,FIFO_OVERFLOW,20160,4,0,0,1,0,24.16,101.9,14496959,1,uvm_report_server
RUN-000253,back_to_back_program_test-000253,1971656262,PASS,pass,NONE,,,,0,0,0,0,0,57.27,9.82,57270934,0,uvm_report_server
RUN-000254,back_to_back_program_test-000254,970853434,PASS,pass,NONE,,,,0,0,0,0,0,12.23,40.23,4892241,0,uvm_report_server
RUN-000255,erase_suspend_test-000255,1996390951,FAIL,fail,ECC_UNCORRECTABLE,E_ECC_0x33,ECC_UNCORRECTABLE,174470,3,1,0,1,1,178.47,2.78,71386397,1,uvm_report_server
RUN-000256,back_to_back_program_test-000256,468333589,FAIL,fail,FIFO_OVERFLOW,E_FIFO_0x21,FIFO_OVERFLOW,2500,2,0,0,1,0,3.66,2.57,3658690,1,uvm_report_server
RUN-000257,mixed_rw_test-000257,412278126,PASS,pass,NONE,,,,0,0,0,0,0,50.19,337.96,50193665,0,uvm_report_server
RUN-000258,read_disturb_test-000258,162719818,PASS,pass,NONE,,,,0,0,0,0,0,8.13,8.01,9759987,0,uvm_report_server
RUN-000259,back_to_back_program_test-000259,1941400179,FAIL,fail,DATA_MISMATCH,E_CMP_0x11,DATA_MISMATCH,2500,2,0,0,0,1,2.48,8.44,1485148,1,uvm_report_server
RUN-000260,random_read_test-000260,788729941,PASS,pass,NONE,,,,0,1,0,0,0,83.54,50.39,33415557,0,uvm_report_server
RUN-000261,sequential_write_test-000261,557918006,FAIL,fail,DATA_MISMATCH,E_CMP_0x11,DATA_MISMATCH,28950,3,0,0,0,1,32.95,16.8,13178598,1,uvm_report_server
RUN-000262,sequential_write_test-000262,1585202908,PASS,pass,NONE,,,,0,1,0,0,0,7.45,8.7,5962410,0,uvm_report_server
RUN-000263,random_read_test-000263,1042975025,PASS,pass,NONE,,,,0,1,0,0,0,152.11,1.82,91264985,0,uvm_report_server
RUN-000264,back_to_back_program_test-000264,414666634,PASS,pass,NONE,,,,0,0,0,0,0,29.18,68.06,35020531,0,uvm_report_server
RUN-000265,power_cycle_test-000265,1494322745,FAIL,fail,TIMEOUT,E_TMO_0x40,TIMEOUT,1986780,3,0,1,0,0,1990.78,0.6,2388935698,1,uvm_report_server
RUN-000266,back_to_back_program_test-000266,1017143682,PASS,pass,NONE,,,,0,0,0,0,0,27.65,9.6,22116826,0,uvm_report_server
RUN-000267,mixed_rw_test-000267,1439388791,PASS,pass,NONE,,,,0,0,0,0,0,259.62,8.63,259617425,0,uvm_report_server
RUN-000268,random_read_test-000268,367751774,FAIL,fail,DATA_MISMATCH,E_CMP_0x11,DATA_MISMATCH,2500,4,0,0,1,1,1.57,14.69,1571091,1,uvm_report_server
RUN-000269,garbage_collect_test-000269,1688270588,FAIL,fail,DATA_MISMATCH,E_CMP_0x11,DATA_MISMATCH,69500,1,0,0,0,1,73.5,2.13,29400618,1,uvm_report_server
RUN-000270,erase_suspend_test-000270,1452406070,FAIL,fail,DATA_MISMATCH,E_CMP_0x11,DATA_MISMATCH,38880,3,1,0,1,1,42.88,15.45,17150613,1,uvm_report_server
RUN-000271,garbage_collect_test-000271,109908920,PASS,pass,NONE,,,,0,1,0,0,0,6.07,10.45,4855639,0,uvm_report_server
RUN-000272,random_read_test-000272,1937035501,PASS,pass,NONE,,,,0,1,0,0,0,5.81,43.93,2322442,0,uvm_report_server
RUN-000273,mixed_rw_test-000273,1089113181,PASS,pass,NONE,,,,0,0,0,0,0,113.49,2.42,45394990,0,uvm_report_server
RUN-000274,back_to_back_program_test-000274,1103173688,FAIL,fail,FIFO_OVERFLOW,E_FIFO_0x21,FIFO_OVERFLOW,50750,3,1,0,1,0,54.75,21.56,21899936,1,uvm_report_server
RUN-000275,garbage_collect_test-000275,1779645536,FAIL,fail,ASSERTION_FAIL,E_ASRT_0x60,ASSERTION_FAIL,5360,3,0,0,0,0,9.36,2.19,5616770,1,uvm_report_server
RUN-000276,sequential_write_test-000276,471529749,PASS,pass,NONE,,,,0,0,0,0,0,3.91,1.97,4688879,0,uvm_report_server
RUN-000277,random_read_test-000277,798283354,PASS,pass,NONE,,,,0,0,0,0,0,4.94,56.3,2963080,0,uvm_report_server
RUN-000278,back_to_back_program_test-000278,1586692887,FAIL,fail,FIFO_OVERFLOW,E_FIFO_0x21,FIFO_OVERFLOW,16920,2,0,0,0,0,20.92,116.39,25108123,1,uvm_report_server
RUN-000279,mixed_rw_test-000279,1171818740,FAIL,fail,DATA_MISMATCH,E_CMP_0x11,DATA_MISMATCH,22790,4,1,0,1,1,26.79,4.74,16071538,1,uvm_report_server
RUN-000280,mixed_rw_test-000280,1875084946,FAIL,fail,DATA_MISMATCH,E_CMP_0x11,DATA_MISMATCH,2500,1,0,0,0,1,4.72,256.83,2830311,1,uvm_report_server
RUN-000281,back_to_back_program_test-000281,1474978405,FAIL,fail,FIFO_OVERFLOW,E_FIFO_0x21,FIFO_OVERFLOW,4220,2,0,0,1,0,8.22,10.17,6577256,1,uvm_report_server
RUN-000282,mixed_rw_test-000282,2056807116,FAIL,fail,TIMEOUT,E_TMO_0x40,TIMEOUT,1979030,2,1,1,1,0,1983.03,0.07,1983027095,1,uvm_report_server
RUN-000283,random_read_test-000283,357847126,PASS,pass,NONE,,,,0,1,0,0,0,3.13,39.46,3756222,0,uvm_report_server
RUN-000284,random_read_test-000284,587881776,PASS,pass,NONE,,,,0,1,0,0,0,27.28,19.31,16368668,0,uvm_report_server
RUN-000285,sequential_write_test-000285,731549932,PASS,pass,NONE,,,,0,0,0,0,0,75.4,27.72,90474774,0,uvm_report_server
RUN-000286,sequential_write_test-000286,1420404264,PASS,pass,NONE,,,,0,0,0,0,0,91.68,2.64,55010301,0,uvm_report_server
RUN-000287,power_cycle_test-000287,334473187,PASS,pass,NONE,,,,0,0,0,0,0,7.59,269.43,6070598,0,uvm_report_server
RUN-000288,erase_suspend_test-000288,1302406989,FAIL,fail,TIMEOUT,E_TMO_0x40,TIMEOUT,1968010,3,1,1,0,0,1972.01,1.45,2366414555,1,uvm_report_server
RUN-000289,sequential_write_test-000289,418675525,FAIL,fail,ASSERTION_FAIL,E_ASRT_0x60,ASSERTION_FAIL,11900,1,1,0,0,0,15.9,32.09,12720022,1,uvm_report_server
RUN-000290,back_to_back_program_test-000290,1068698874,PASS,pass,NONE,,,,0,0,0,0,0,22.14,195.04,22137849,0,uvm_report_server
RUN-000291,garbage_collect_test-000291,2125418073,PASS,pass,NONE,,,,0,0,0,0,0,284.24,0.47,113697259,0,uvm_report_server
RUN-000292,sequential_write_test-000292,1425404552,PASS,pass,NONE,,,,0,0,0,0,0,11.76,11.08,9404777,0,uvm_report_server
RUN-000293,back_to_back_program_test-000293,267204765,PASS,pass,NONE,,,,0,0,0,0,0,45.72,5.61,45723932,0,uvm_report_server
RUN-000294,power_cycle_test-000294,1670461803,PASS,pass,NONE,,,,0,0,0,0,0,80.51,6.1,32204879,0,uvm_report_server
RUN-000295,sequential_write_test-000295,654175293,PASS,pass,NONE,,,,0,1,0,0,0,110.57,1.11,88454244,0,uvm_report_server
RUN-000296,back_to_back_program_test-000296,1843999695,FAIL,fail,FIFO_OVERFLOW,E_FIFO_0x21,FIFO_OVERFLOW,121670,3,0,0,0,0,125.67,9.48,100535851,1,uvm_report_server
RUN-000297,garbage_collect_test-000297,644338495,PASS,pass,NONE,,,,0,0,0,0,0,1.72,36.05,1717640,0,uvm_report_server
RUN-000298,back_to_back_program_test-000298,1352140662,PASS,pass,NONE,,,,0,0,0,0,0,29.64,16.55,23711655,0,uvm_report_server
RUN-000299,mixed_rw_test-000299,1225628219,PASS,pass,NONE,,,,0,1,0,0,0,11.41,12.11,13690289,0,uvm_report_server
RUN-000300,back_to_back_program_test-000300,1750564194,PASS,pass,NONE,,,,0,0,0,0,0,1.33,25.35,1330785,0,uvm_report_server
RUN-000301,mixed_rw_test-000301,984215309,PASS,pass,NONE,,,,0,0,0,0,0,1.0,30.94,1000000,0,uvm_report_server
RUN-000302,sequential_write_test-000302,1041041928,FAIL,fail,TIMEOUT,E_TMO_0x40,TIMEOUT,1961870,2,0,1,0,0,1965.87,0.05,2359042705,1,uvm_report_server
RUN-000303,back_to_back_program_test-000303,2102687447,PASS,pass,NONE,,,,0,1,0,0,0,5.55,5.62,4436352,0,uvm_report_server
RUN-000304,power_cycle_test-000304,687430807,PASS,pass,NONE,,,,0,0,0,0,0,1.67,72.59,667797,0,uvm_report_server
RUN-000305,erase_suspend_test-000305,210317140,FAIL,fail,TIMEOUT,E_TMO_0x40,TIMEOUT,1956480,1,0,1,0,0,1960.48,1.41,1960481158,1,uvm_report_server
RUN-000306,garbage_collect_test-000306,104806842,FAIL,fail,RETENTION_FAIL,E_RET_0x71,RETENTION_FAIL,2500,2,1,0,0,1,1.28,36.86,1025781,1,uvm_report_server
RUN-000307,mixed_rw_test-000307,1419341519,PASS,pass,NONE,,,,0,0,0,0,0,23.34,21.74,9337872,0,uvm_report_server
RUN-000308,power_cycle_test-000308,2137455958,PASS,pass,NONE,,,,0,0,0,0,0,1.0,267.56,800000,0,uvm_report_server
RUN-000309,mixed_rw_test-000309,121107428,PASS,pass,NONE,,,,0,0,0,0,0,49.11,2.68,49112619,0,uvm_report_server
RUN-000310,sequential_write_test-000310,2005509744,PASS,pass,NONE,,,,0,0,0,0,0,53.99,19.57,53987056,0,uvm_report_server
RUN-000311,garbage_collect_test-000311,739126258,FAIL,fail,TIMEOUT,E_TMO_0x40,TIMEOUT,1970570,2,0,1,0,0,1974.57,0.03,1974569244,1,uvm_report_server
RUN-000312,random_read_test-000312,2087555814,PASS,pass,NONE,,,,0,0,0,0,0,1.15,104.34,692698,0,uvm_report_server
RUN-000313,random_read_test-000313,1403085945,PASS,pass,NONE,,,,0,0,0,0,0,12.61,1.23,7566312,0,uvm_report_server
RUN-000314,read_disturb_test-000314,1463140943,PASS,pass,NONE,,,,0,0,0,0,0,31.02,8.11,31018950,0,uvm_report_server
RUN-000315,back_to_back_program_test-000315,595505670,PASS,pass,NONE,,,,0,0,0,0,0,62.09,17.65,37251589,0,uvm_report_server
RUN-000316,garbage_collect_test-000316,1218020483,PASS,pass,NONE,,,,0,1,0,0,0,3.97,8.52,3967308,0,uvm_report_server
RUN-000317,back_to_back_program_test-000317,126569787,FAIL,fail,FIFO_OVERFLOW,E_FIFO_0x21,FIFO_OVERFLOW,45890,3,0,0,0,0,49.89,23.98,49894119,1,uvm_report_server
RUN-000318,back_to_back_program_test-000318,1345972213,FAIL,fail,FIFO_OVERFLOW,E_FIFO_0x21,FIFO_OVERFLOW,542210,2,1,0,1,0,546.21,2.43,327728072,1,uvm_report_server
RUN-000319,power_cycle_test-000319,1539054560,PASS,pass,NONE,,,,0,0,0,0,0,17.9,59.8,17898209,0,uvm_report_server
RUN-000320,sequential_write_test-000320,1203549501,PASS,pass,NONE,,,,0,0,0,0,0,26.15,1.31,20921218,0,uvm_report_server
RUN-000321,erase_suspend_test-000321,1677516979,PASS,pass,NONE,,,,0,0,0,0,0,1294.97,6.89,776980919,0,uvm_report_server
RUN-000322,sequential_write_test-000322,502477910,PASS,pass,NONE,,,,0,1,0,0,0,69.8,29.6,41878139,0,uvm_report_server
RUN-000323,power_cycle_test-000323,1364014109,PASS,pass,NONE,,,,0,0,0,0,0,278.93,0.89,278925913,0,uvm_report_server
RUN-000324,sequential_write_test-000324,50578320,FAIL,fail,TIMEOUT,E_TMO_0x40,TIMEOUT,1987550,2,0,1,0,0,1991.55,0.15,1991549099,1,uvm_report_server
RUN-000325,random_read_test-000325,417917586,PASS,pass,NONE,,,,0,0,0,0,0,473.04,4.38,378434990,0,uvm_report_server
RUN-000326,erase_suspend_test-000326,800774233,FAIL,fail,TIMEOUT,E_TMO_0x40,TIMEOUT,1961030,2,1,1,0,0,1965.03,0.03,1965032696,1,uvm_report_server
RUN-000327,read_disturb_test-000327,28553979,PASS,pass,NONE,,,,0,1,0,0,0,49.26,2.74,39410942,0,uvm_report_server
RUN-000328,back_to_back_program_test-000328,2056532228,PASS,pass,NONE,,,,0,0,0,0,0,20.14,105.09,20141199,0,uvm_report_server
RUN-000329,sequential_write_test-000329,1291078460,PASS,pass,NONE,,,,0,0,0,0,0,41.43,3.07,24860798,0,uvm_report_server
RUN-000330,erase_suspend_test-000330,1235552661,FAIL,fail,DATA_MISMATCH,E_CMP_0x11,DATA_MISMATCH,2500,2,0,0,0,1,1.0,46.2,1000000,1,uvm_report_server
RUN-000331,mixed_rw_test-000331,1239145660,FAIL,fail,DATA_MISMATCH,E_CMP_0x11,DATA_MISMATCH,21940,2,1,0,1,1,25.94,8.0,20753939,1,uvm_report_server
RUN-000332,sequential_write_test-000332,919199463,FAIL,fail,THERMAL_SHUTDOWN,E_THRM_0x80,THERMAL_SHUTDOWN,26580,2,0,0,0,0,30.58,16.36,18347680,1,uvm_report_server
RUN-000333,garbage_collect_test-000333,2002749238,PASS,pass,NONE,,,,0,0,0,0,0,22.15,12.62,17717461,0,uvm_report_server
RUN-000334,read_disturb_test-000334,1587810393,FAIL,fail,ASSERTION_FAIL,E_ASRT_0x60,ASSERTION_FAIL,2500,2,0,0,0,0,1.0,25.06,1200000,1,uvm_report_server
RUN-000335,mixed_rw_test-000335,579336414,PASS,pass,NONE,,,,0,1,0,0,0,6.17,10.8,3700244,0,uvm_report_server
RUN-000336,back_to_back_program_test-000336,1591888343,FAIL,fail,DATA_MISMATCH,E_CMP_0x11,DATA_MISMATCH,61050,4,0,0,1,1,65.05,1.37,52040842,1,uvm_report_server
RUN-000337,read_disturb_test-000337,624793160,PASS,pass,NONE,,,,0,0,0,0,0,191.65,40.09,229985745,0,uvm_report_server
RUN-000338,random_read_test-000338,1207785624,PASS,pass,NONE,,,,0,0,0,0,0,8.86,27.42,7088638,0,uvm_report_server
RUN-000339,garbage_collect_test-000339,646594553,PASS,pass,NONE,,,,0,0,0,0,0,20.21,3.34,12123295,0,uvm_report_server
RUN-000340,garbage_collect_test-000340,2135130408,PASS,pass,NONE,,,,0,0,0,0,0,4.9,107.2,3919093,0,uvm_report_server
RUN-000341,sequential_write_test-000341,7965375,FAIL,fail,ASSERTION_FAIL,E_ASRT_0x60,ASSERTION_FAIL,2500,2,1,0,1,0,1.41,7.19,1124069,1,uvm_report_server
RUN-000342,mixed_rw_test-000342,1414471970,PASS,pass,NONE,,,,0,1,0,0,0,43.18,23.18,34547718,0,uvm_report_server
RUN-000343,mixed_rw_test-000343,914557165,FAIL,fail,TIMEOUT,E_TMO_0x40,TIMEOUT,1968860,2,0,1,0,0,1972.86,0.59,1972855133,1,uvm_report_server
RUN-000344,back_to_back_program_test-000344,1403395956,FAIL,fail,FIFO_OVERFLOW,E_FIFO_0x21,FIFO_OVERFLOW,19570,3,1,0,1,0,23.57,0.22,18853958,1,uvm_report_server
RUN-000345,mixed_rw_test-000345,1876413364,FAIL,fail,DATA_MISMATCH,E_CMP_0x11,DATA_MISMATCH,2500,1,0,0,0,1,1.81,2.29,1447193,1,uvm_report_server
RUN-000346,sequential_write_test-000346,883011851,PASS,pass,NONE,,,,0,1,0,0,0,1.0,121.27,1200000,0,uvm_report_server
RUN-000347,mixed_rw_test-000347,11093722,FAIL,fail,THERMAL_SHUTDOWN,E_THRM_0x80,THERMAL_SHUTDOWN,75540,1,0,0,0,0,79.54,3.26,47725755,1,uvm_report_server
RUN-000348,mixed_rw_test-000348,1409267113,PASS,pass,NONE,,,,0,0,0,0,0,151.16,3.34,151155513,0,uvm_report_server
RUN-000349,read_disturb_test-000349,1475589661,PASS,pass,NONE,,,,0,0,0,0,0,835.84,10.75,1003002128,0,uvm_report_server
RUN-000350,sequential_write_test-000350,561247938,FAIL,fail,RETENTION_FAIL,E_RET_0x71,RETENTION_FAIL,63620,2,1,0,1,1,67.62,20.69,54094463,1,uvm_report_server
RUN-000351,power_cycle_test-000351,172035291,FAIL,fail,ECC_UNCORRECTABLE,E_ECC_0x33,ECC_UNCORRECTABLE,137120,3,0,0,0,1,141.12,36.93,84670953,1,uvm_report_server
RUN-000352,random_read_test-000352,458872425,PASS,pass,NONE,,,,0,1,0,0,0,18.44,118.42,14750382,0,uvm_report_server
RUN-000353,garbage_collect_test-000353,449746651,PASS,pass,NONE,,,,0,0,0,0,0,306.06,3.29,367267795,0,uvm_report_server
RUN-000354,erase_suspend_test-000354,1805979514,FAIL,fail,DATA_MISMATCH,E_CMP_0x11,DATA_MISMATCH,2500,2,1,0,0,1,4.25,67.67,2548911,1,uvm_report_server
RUN-000355,mixed_rw_test-000355,1877295246,FAIL,fail,THERMAL_SHUTDOWN,E_THRM_0x80,THERMAL_SHUTDOWN,130750,2,0,0,1,0,134.75,204.45,80850112,1,uvm_report_server
RUN-000356,garbage_collect_test-000356,1062395435,PASS,pass,NONE,,,,0,0,0,0,0,1.1,28.74,880970,0,uvm_report_server
RUN-000357,back_to_back_program_test-000357,1957974782,PASS,pass,NONE,,,,0,0,0,0,0,5.1,24.46,3058884,0,uvm_report_server
RUN-000358,back_to_back_program_test-000358,526661273,PASS,pass,NONE,,,,0,0,0,0,0,7.44,35.49,5948307,0,uvm_report_server
RUN-000359,back_to_back_program_test-000359,1379864229,FAIL,fail,FIFO_OVERFLOW,E_FIFO_0x21,FIFO_OVERFLOW,2500,4,1,0,1,0,1.95,144.41,1947533,1,uvm_report_server
RUN-000360,read_disturb_test-000360,469176941,PASS,pass,NONE,,,,0,1,0,0,0,8.52,1.83,3407896,0,uvm_report_server
RUN-000361,power_cycle_test-000361,1264655159,FAIL,fail,ASSERTION_FAIL,E_ASRT_0x60,ASSERTION_FAIL,8500,3,0,0,1,0,12.5,55.5,9997957,1,uvm_report_server
RUN-000362,erase_suspend_test-000362,1399953694,PASS,pass,NONE,,,,0,1,0,0,0,32.14,17.43,38563498,0,uvm_report_server
RUN-000363,power_cycle_test-000363,661803473,PASS,pass,NONE,,,,0,0,0,0,0,61.3,17.33,36778351,0,uvm_report_server
RUN-000364,sequential_write_test-000364,183582513,PASS,pass,NONE,,,,0,0,0,0,0,22.65,6.14,13587310,0,uvm_report_server
RUN-000365,read_disturb_test-000365,1705031233,PASS,pass,NONE,,,,0,0,0,0,0,79.99,50.5,63995907,0,uvm_report_server
RUN-000366,power_cycle_test-000366,2075092491,PASS,pass,NONE,,,,0,1,0,0,0,2.99,11.27,2989822,0,uvm_report_server
RUN-000367,power_cycle_test-000367,1890015405,PASS,pass,NONE,,,,0,1,0,0,0,1.03,129.51,412358,0,uvm_report_server
RUN-000368,erase_suspend_test-000368,711887040,PASS,pass,NONE,,,,0,1,0,0,0,81.01,1.52,64808479,0,uvm_report_server
RUN-000369,mixed_rw_test-000369,524871236,PASS,pass,NONE,,,,0,0,0,0,0,550.55,2.02,330328453,0,uvm_report_server
RUN-000370,mixed_rw_test-000370,145111162,PASS,pass,NONE,,,,0,0,0,0,0,82.7,1.62,33079149,0,uvm_report_server
RUN-000371,random_read_test-000371,270930418,PASS,pass,NONE,,,,0,1,0,0,0,200.63,39.4,80251479,0,uvm_report_server
RUN-000372,sequential_write_test-000372,812155542,PASS,pass,NONE,,,,0,1,0,0,0,37.88,28.02,22727793,0,uvm_report_server
RUN-000373,erase_suspend_test-000373,299445117,FAIL,fail,TIMEOUT,E_TMO_0x40,TIMEOUT,1973870,2,1,1,1,0,1977.87,0.02,1977870372,1,uvm_report_server
RUN-000374,garbage_collect_test-000374,943828303,PASS,pass,NONE,,,,0,1,0,0,0,53.93,9.74,21573658,0,uvm_report_server
RUN-000375,random_read_test-000375,983631723,PASS,pass,NONE,,,,0,0,0,0,0,58.39,2.18,35036231,0,uvm_report_server
RUN-000376,back_to_back_program_test-000376,106793137,PASS,pass,NONE,,,,0,0,0,0,0,59.16,36.13,59156647,0,uvm_report_server
RUN-000377,mixed_rw_test-000377,1731920688,PASS,pass,NONE,,,,0,0,0,0,0,6.84,39.0,6840222,0,uvm_report_server
RUN-000378,random_read_test-000378,373615846,PASS,pass,NONE,,,,0,1,0,0,0,33.34,3.63,33340548,0,uvm_report_server
RUN-000379,mixed_rw_test-000379,662929477,PASS,pass,NONE,,,,0,0,0,0,0,159.82,3.33,95893452,0,uvm_report_server
RUN-000380,garbage_collect_test-000380,1965441076,FAIL,fail,THERMAL_SHUTDOWN,E_THRM_0x80,THERMAL_SHUTDOWN,14350,2,0,0,0,0,18.35,1.89,7340700,1,uvm_report_server
RUN-000381,sequential_write_test-000381,785281742,PASS,pass,NONE,,,,0,0,0,0,0,105.06,38.17,105060758,0,uvm_report_server
RUN-000382,power_cycle_test-000382,52807690,PASS,pass,NONE,,,,0,0,0,0,0,51.27,2.49,30762124,0,uvm_report_server
RUN-000383,garbage_collect_test-000383,1730658320,PASS,pass,NONE,,,,0,1,0,0,0,35.11,109.25,42135026,0,uvm_report_server
RUN-000384,random_read_test-000384,591744548,PASS,pass,NONE,,,,0,0,0,0,0,95.0,85.21,56998637,0,uvm_report_server
RUN-000385,back_to_back_program_test-000385,1584361973,PASS,pass,NONE,,,,0,0,0,0,0,28.23,36.42,28226828,0,uvm_report_server
RUN-000386,erase_suspend_test-000386,1891118037,PASS,pass,NONE,,,,0,1,0,0,0,93.54,84.25,56122908,0,uvm_report_server
RUN-000387,random_read_test-000387,1019606889,PASS,pass,NONE,,,,0,1,0,0,0,18.8,6.49,7519104,0,uvm_report_server
RUN-000388,back_to_back_program_test-000388,1288926190,FAIL,fail,ASSERTION_FAIL,E_ASRT_0x60,ASSERTION_FAIL,2500,4,0,0,1,0,1.53,16.42,1530845,1,uvm_report_server
RUN-000389,power_cycle_test-000389,1078035208,PASS,pass,NONE,,,,0,0,0,0,0,359.54,11.91,215722875,0,uvm_report_server
RUN-000390,back_to_back_program_test-000390,2132093327,PASS,pass,NONE,,,,0,1,0,0,0,38.93,3.29,15571358,0,uvm_report_server
RUN-000391,sequential_write_test-000391,529569822,FAIL,fail,ECC_UNCORRECTABLE,E_ECC_0x33,ECC_UNCORRECTABLE,28170,2,0,0,0,1,32.17,2.55,25738936,1,uvm_report_server
RUN-000392,mixed_rw_test-000392,830167988,PASS,pass,NONE,,,,0,1,0,0,0,1.0,31.3,800000,0,uvm_report_server
RUN-000393,sequential_write_test-000393,1701453283,PASS,pass,NONE,,,,0,1,0,0,0,65.45,1.98,26180922,0,uvm_report_server
RUN-000394,random_read_test-000394,1831415713,PASS,pass,NONE,,,,0,0,0,0,0,14.25,33.73,14249605,0,uvm_report_server
RUN-000395,sequential_write_test-000395,703646109,PASS,pass,NONE,,,,0,0,0,0,0,11.74,10.95,11740867,0,uvm_report_server
RUN-000396,mixed_rw_test-000396,1255428459,PASS,pass,NONE,,,,0,0,0,0,0,40.52,12.45,40524227,0,uvm_report_server
RUN-000397,power_cycle_test-000397,2140619935,PASS,pass,NONE,,,,0,1,0,0,0,1.0,488.03,800000,0,uvm_report_server
RUN-000398,erase_suspend_test-000398,995941395,PASS,pass,NONE,,,,0,1,0,0,0,5.27,50.36,4215343,0,uvm_report_server
RUN-000399,sequential_write_test-000399,1018186084,PASS,pass,NONE,,,,0,1,0,0,0,6.5,2.63,7796684,0,uvm_report_server
RUN-000400,power_cycle_test-000400,508070380,PASS,pass,NONE,,,,0,0,0,0,0,14.92,128.17,11936509,0,uvm_report_server
RUN-000401,back_to_back_program_test-000401,1244499868,FAIL,fail,FIFO_OVERFLOW,E_FIFO_0x21,FIFO_OVERFLOW,2500,2,0,0,0,0,1.56,2.8,624552,1,uvm_report_server
RUN-000402,read_disturb_test-000402,487882569,FAIL,fail,PROTOCOL_VIOLATION,E_PROT_0x52,PROTOCOL_VIOLATION,64340,2,0,1,0,0,68.34,35.51,41004590,1,uvm_report_server
RUN-000403,back_to_back_program_test-000403,1199391337,FAIL,fail,TIMEOUT,E_TMO_0x40,TIMEOUT,1975610,1,1,1,0,0,1979.61,0.02,1979605842,1,uvm_report_server
RUN-000404,random_read_test-000404,2066043897,PASS,pass,NONE,,,,0,1,0,0,0,18.05,60.91,14442465,0,uvm_report_server
RUN-000405,read_disturb_test-000405,1577187609,PASS,pass,NONE,,,,0,0,0,0,0,7.17,18.56,4304327,0,uvm_report_server
RUN-000406,back_to_back_program_test-000406,1246884496,PASS,pass,NONE,,,,0,0,0,0,0,23.45,41.84,23446930,0,uvm_report_server
RUN-000407,erase_suspend_test-000407,1863827971,PASS,pass,NONE,,,,0,0,0,0,0,4.75,58.54,4749103,0,uvm_report_server
RUN-000408,back_to_back_program_test-000408,1769484356,PASS,pass,NONE,,,,0,1,0,0,0,140.51,30.6,84303597,0,uvm_report_server
RUN-000409,garbage_collect_test-000409,285700901,PASS,pass,NONE,,,,0,0,0,0,0,20.56,52.64,12334745,0,uvm_report_server
RUN-000410,back_to_back_program_test-000410,1385058396,PASS,pass,NONE,,,,0,0,0,0,0,14.75,19.13,17702644,0,uvm_report_server
RUN-000411,power_cycle_test-000411,93823127,PASS,pass,NONE,,,,0,0,0,0,0,239.9,32.29,239903949,0,uvm_report_server
RUN-000412,mixed_rw_test-000412,1715276575,PASS,pass,NONE,,,,0,0,0,0,0,4.15,66.39,4146150,0,uvm_report_server
RUN-000413,random_read_test-000413,1300776309,PASS,pass,NONE,,,,0,0,0,0,0,2.73,91.08,2733032,0,uvm_report_server
RUN-000414,random_read_test-000414,1355918602,FAIL,fail,RETENTION_FAIL,E_RET_0x71,RETENTION_FAIL,4580,2,0,0,1,1,8.58,5.06,5145583,1,uvm_report_server
RUN-000415,random_read_test-000415,528327790,PASS,pass,NONE,,,,0,0,0,0,0,28.12,4.4,16872599,0,uvm_report_server
RUN-000416,back_to_back_program_test-000416,120365575,FAIL,fail,FIFO_OVERFLOW,E_FIFO_0x21,FIFO_OVERFLOW,25130,1,0,0,0,0,29.13,7.73,17479220,1,uvm_report_server
RUN-000417,garbage_collect_test-000417,354600723,PASS,pass,NONE,,,,0,0,0,0,0,14.68,69.11,8807257,0,uvm_report_server
RUN-000418,mixed_rw_test-000418,852366264,FAIL,fail,ASSERTION_FAIL,E_ASRT_0x60,ASSERTION_FAIL,2500,3,1,0,1,0,1.92,80.78,1924324,1,uvm_report_server
RUN-000419,random_read_test-000419,352265883,FAIL,fail,TIMEOUT,E_TMO_0x40,TIMEOUT,1989670,4,0,1,1,0,1993.67,0.09,2392409026,1,uvm_report_server
RUN-000420,mixed_rw_test-000420,1920514704,FAIL,fail,TIMEOUT,E_TMO_0x40,TIMEOUT,1992790,4,0,1,1,0,1996.79,0.04,2396149136,1,uvm_report_server
RUN-000421,sequential_write_test-000421,2123731324,PASS,pass,NONE,,,,0,0,0,0,0,27.99,37.45,27993794,0,uvm_report_server
RUN-000422,garbage_collect_test-000422,1808513361,PASS,pass,NONE,,,,0,0,0,0,0,10.47,397.66,8372958,0,uvm_report_server
RUN-000423,erase_suspend_test-000423,1197314242,PASS,pass,NONE,,,,0,0,0,0,0,3.73,72.12,2985718,0,uvm_report_server
RUN-000424,mixed_rw_test-000424,608742304,FAIL,fail,TIMEOUT,E_TMO_0x40,TIMEOUT,1976770,2,0,1,1,0,1980.77,0.28,1980767349,1,uvm_report_server
RUN-000425,random_read_test-000425,995160864,PASS,pass,NONE,,,,0,0,0,0,0,3.04,11.39,2429922,0,uvm_report_server
RUN-000426,power_cycle_test-000426,1081738956,FAIL,fail,THERMAL_SHUTDOWN,E_THRM_0x80,THERMAL_SHUTDOWN,77170,3,0,0,0,0,81.17,2.96,48704887,1,uvm_report_server
RUN-000427,erase_suspend_test-000427,174031298,FAIL,fail,TIMEOUT,E_TMO_0x40,TIMEOUT,1987990,3,0,1,0,0,1991.99,0.0,1991986431,1,uvm_report_server
RUN-000428,erase_suspend_test-000428,288751254,FAIL,fail,DATA_MISMATCH,E_CMP_0x11,DATA_MISMATCH,49350,4,1,0,1,1,53.35,23.52,32010858,1,uvm_report_server
RUN-000429,back_to_back_program_test-000429,2059511547,PASS,pass,NONE,,,,0,1,0,0,0,3.17,80.02,2533317,0,uvm_report_server
RUN-000430,sequential_write_test-000430,1564205633,PASS,pass,NONE,,,,0,0,0,0,0,1.0,134.54,1000000,0,uvm_report_server
RUN-000431,sequential_write_test-000431,167441828,PASS,pass,NONE,,,,0,1,0,0,0,20.99,6.1,8394094,0,uvm_report_server
RUN-000432,sequential_write_test-000432,1919510313,PASS,pass,NONE,,,,0,0,0,0,0,14.38,33.99,11506496,0,uvm_report_server
RUN-000433,back_to_back_program_test-000433,98355663,PASS,pass,NONE,,,,0,0,0,0,0,10.81,25.07,6483772,0,uvm_report_server
RUN-000434,mixed_rw_test-000434,1614102316,FAIL,fail,TIMEOUT,E_TMO_0x40,TIMEOUT,1958630,2,0,1,0,0,1962.63,0.04,1962631511,1,uvm_report_server
RUN-000435,power_cycle_test-000435,1933379240,PASS,pass,NONE,,,,0,0,0,0,0,48.92,22.38,48921194,0,uvm_report_server
RUN-000436,back_to_back_program_test-000436,180853861,PASS,pass,NONE,,,,0,1,0,0,0,54.82,4.61,43857373,0,uvm_report_server
RUN-000437,mixed_rw_test-000437,1691699610,PASS,pass,NONE,,,,0,0,0,0,0,28.59,74.32,17151281,0,uvm_report_server
RUN-000438,back_to_back_program_test-000438,1936492231,PASS,pass,NONE,,,,0,1,0,0,0,9.79,13.9,5874722,0,uvm_report_server
RUN-000439,back_to_back_program_test-000439,243072547,PASS,pass,NONE,,,,0,0,0,0,0,6.67,20.67,2669959,0,uvm_report_server
RUN-000440,garbage_collect_test-000440,1440803986,PASS,pass,NONE,,,,0,0,0,0,0,48.79,11.37,39031927,0,uvm_report_server
RUN-000441,sequential_write_test-000441,264714475,PASS,pass,NONE,,,,0,0,0,0,0,36.49,14.98,29188965,0,uvm_report_server
RUN-000442,back_to_back_program_test-000442,1906412234,FAIL,fail,FIFO_OVERFLOW,E_FIFO_0x21,FIFO_OVERFLOW,67860,4,1,0,1,0,71.86,19.85,71856266,1,uvm_report_server
RUN-000443,random_read_test-000443,1571898511,PASS,pass,NONE,,,,0,0,0,0,0,1.74,40.48,1389799,0,uvm_report_server
RUN-000444,erase_suspend_test-000444,1325140627,FAIL,fail,DATA_MISMATCH,E_CMP_0x11,DATA_MISMATCH,72390,1,0,0,0,1,76.39,1.34,91668314,1,uvm_report_server
RUN-000445,sequential_write_test-000445,541509074,PASS,pass,NONE,,,,0,1,0,0,0,8.6,14.17,6879683,0,uvm_report_server
RUN-000446,power_cycle_test-000446,1080590438,PASS,pass,NONE,,,,0,0,0,0,0,5.79,11.44,4630737,0,uvm_report_server
RUN-000447,random_read_test-000447,241115417,PASS,pass,NONE,,,,0,0,0,0,0,21.57,49.29,25880294,0,uvm_report_server
RUN-000448,garbage_collect_test-000448,840132035,PASS,pass,NONE,,,,0,0,0,0,0,3.63,17.53,2904714,0,uvm_report_server
RUN-000449,sequential_write_test-000449,58193451,PASS,pass,NONE,,,,0,1,0,0,0,32.25,4.12,25798543,0,uvm_report_server
RUN-000450,garbage_collect_test-000450,2027441372,PASS,pass,NONE,,,,0,1,0,0,0,82.33,3.16,49396523,0,uvm_report_server
RUN-000451,mixed_rw_test-000451,813656992,PASS,pass,NONE,,,,0,0,0,0,0,16.22,29.71,12979565,0,uvm_report_server
RUN-000452,read_disturb_test-000452,827335600,PASS,pass,NONE,,,,0,0,0,0,0,17.75,3.62,14201988,0,uvm_report_server
RUN-000453,back_to_back_program_test-000453,855128217,PASS,pass,NONE,,,,0,0,0,0,0,16.36,4.02,16360937,0,uvm_report_server
RUN-000454,sequential_write_test-000454,1749554400,PASS,pass,NONE,,,,0,1,0,0,0,35.28,57.87,14113354,0,uvm_report_server
RUN-000455,random_read_test-000455,259736331,PASS,pass,NONE,,,,0,0,0,0,0,17.28,59.55,13823488,0,uvm_report_server
RUN-000456,sequential_write_test-000456,1834969701,FAIL,fail,DATA_MISMATCH,E_CMP_0x11,DATA_MISMATCH,12510,3,1,0,0,1,16.51,17.21,13208603,1,uvm_report_server
RUN-000457,power_cycle_test-000457,839139653,FAIL,fail,ASSERTION_FAIL,E_ASRT_0x60,ASSERTION_FAIL,118360,2,0,0,0,0,122.36,0.64,48944425,1,uvm_report_server
RUN-000458,back_to_back_program_test-000458,31838863,PASS,pass,NONE,,,,0,1,0,0,0,193.87,86.76,116320653,0,uvm_report_server
RUN-000459,back_to_back_program_test-000459,72640638,FAIL,fail,FIFO_OVERFLOW,E_FIFO_0x21,FIFO_OVERFLOW,2500,2,1,0,0,0,1.86,5.54,742514,1,uvm_report_server
RUN-000460,power_cycle_test-000460,245602291,PASS,pass,NONE,,,,0,0,0,0,0,34.05,33.1,27242402,0,uvm_report_server
RUN-000461,garbage_collect_test-000461,767107704,FAIL,fail,DATA_MISMATCH,E_CMP_0x11,DATA_MISMATCH,2500,2,0,0,0,1,1.27,273.08,1524484,1,uvm_report_server
RUN-000462,random_read_test-000462,373795277,PASS,pass,NONE,,,,0,0,0,0,0,114.2,35.2,45678510,0,uvm_report_server
RUN-000463,back_to_back_program_test-000463,667145792,PASS,pass,NONE,,,,0,1,0,0,0,11.36,95.24,13632956,0,uvm_report_server
RUN-000464,mixed_rw_test-000464,1456196900,PASS,pass,NONE,,,,0,0,0,0,0,265.74,3.87,318891812,0,uvm_report_server
RUN-000465,back_to_back_program_test-000465,1163823919,PASS,pass,NONE,,,,0,0,0,0,0,73.83,7.65,44295749,0,uvm_report_server
RUN-000466,random_read_test-000466,1515256333,PASS,pass,NONE,,,,0,0,0,0,0,85.73,5.95,51438686,0,uvm_report_server
RUN-000467,sequential_write_test-000467,166341193,FAIL,fail,TIMEOUT,E_TMO_0x40,TIMEOUT,1959880,2,1,1,0,0,1963.88,0.05,1963877131,1,uvm_report_server
RUN-000468,mixed_rw_test-000468,588082748,FAIL,fail,ASSERTION_FAIL,E_ASRT_0x60,ASSERTION_FAIL,12860,4,1,0,1,0,16.86,3.18,16859631,1,uvm_report_server
RUN-000469,power_cycle_test-000469,1392291944,PASS,pass,NONE,,,,0,1,0,0,0,15.18,8.28,18212772,0,uvm_report_server
RUN-000470,mixed_rw_test-000470,1503903428,FAIL,fail,THERMAL_SHUTDOWN,E_THRM_0x80,THERMAL_SHUTDOWN,6090,1,0,0,0,0,10.09,7.97,10087663,1,uvm_report_server
RUN-000471,sequential_write_test-000471,853021471,FAIL,fail,RETENTION_FAIL,E_RET_0x71,RETENTION_FAIL,138600,3,0,0,0,1,142.6,2.78,142603263,1,uvm_report_server
RUN-000472,sequential_write_test-000472,1129495991,FAIL,fail,DATA_MISMATCH,E_CMP_0x11,DATA_MISMATCH,2500,2,1,0,1,1,3.3,23.65,2636009,1,uvm_report_server
RUN-000473,erase_suspend_test-000473,1118639155,PASS,pass,NONE,,,,0,0,0,0,0,58.91,9.42,35344054,0,uvm_report_server
RUN-000474,random_read_test-000474,103372604,PASS,pass,NONE,,,,0,1,0,0,0,96.26,5.7,115513079,0,uvm_report_server
RUN-000475,sequential_write_test-000475,1165543055,PASS,pass,NONE,,,,0,1,0,0,0,35.4,7.44,14159393,0,uvm_report_server
RUN-000476,mixed_rw_test-000476,1250522743,PASS,pass,NONE,,,,0,1,0,0,0,9.66,6.89,7731531,0,uvm_report_server
RUN-000477,random_read_test-000477,1270077241,PASS,pass,NONE,,,,0,0,0,0,0,28.08,9.89,28081510,0,uvm_report_server
RUN-000478,back_to_back_program_test-000478,1849999834,FAIL,fail,PROTOCOL_VIOLATION,E_PROT_0x52,PROTOCOL_VIOLATION,2500,3,0,1,1,0,1.51,138.2,904317,1,uvm_report_server
RUN-000479,erase_suspend_test-000479,1861606920,PASS,pass,NONE,,,,0,0,0,0,0,110.74,18.5,44296838,0,uvm_report_server
RUN-000480,random_read_test-000480,1919760275,FAIL,fail,PROTOCOL_VIOLATION,E_PROT_0x52,PROTOCOL_VIOLATION,22190,3,0,1,1,0,26.19,391.17,26193196,1,uvm_report_server
RUN-000481,mixed_rw_test-000481,296399390,PASS,pass,NONE,,,,0,1,0,0,0,8.82,15.33,5293176,0,uvm_report_server
RUN-000482,random_read_test-000482,1257990128,FAIL,fail,TIMEOUT,E_TMO_0x40,TIMEOUT,1983200,2,0,1,1,0,1987.2,1.82,1987197454,1,uvm_report_server
RUN-000483,power_cycle_test-000483,1634244819,PASS,pass,NONE,,,,0,0,0,0,0,1.0,69.86,400000,0,uvm_report_server
RUN-000484,sequential_write_test-000484,9484861,PASS,pass,NONE,,,,0,1,0,0,0,9.86,6.87,5917638,0,uvm_report_server
RUN-000485,mixed_rw_test-000485,446519034,PASS,pass,NONE,,,,0,0,0,0,0,84.13,47.62,50479573,0,uvm_report_server
RUN-000486,sequential_write_test-000486,1344852615,PASS,pass,NONE,,,,0,1,0,0,0,5.96,11.81,5959601,0,uvm_report_server
RUN-000487,random_read_test-000487,84075039,PASS,pass,NONE,,,,0,1,0,0,0,61.52,72.14,36913163,0,uvm_report_server
RUN-000488,random_read_test-000488,1556309548,PASS,pass,NONE,,,,0,1,0,0,0,3.45,17.46,2761239,0,uvm_report_server
RUN-000489,mixed_rw_test-000489,581155176,PASS,pass,NONE,,,,0,1,0,0,0,40.75,103.36,40753602,0,uvm_report_server
RUN-000490,erase_suspend_test-000490,1719143504,PASS,pass,NONE,,,,0,1,0,0,0,30.48,4.44,12190775,0,uvm_report_server
RUN-000491,random_read_test-000491,1153558064,PASS,pass,NONE,,,,0,1,0,0,0,1.18,117.76,946605,0,uvm_report_server
RUN-000492,random_read_test-000492,646835311,PASS,pass,NONE,,,,0,0,0,0,0,38.17,0.87,22899331,0,uvm_report_server
RUN-000493,back_to_back_program_test-000493,1163003848,PASS,pass,NONE,,,,0,0,0,0,0,23.08,11.13,18466482,0,uvm_report_server
RUN-000494,erase_suspend_test-000494,1756239498,PASS,pass,NONE,,,,0,0,0,0,0,151.52,13.22,60606588,0,uvm_report_server
RUN-000495,read_disturb_test-000495,474528157,PASS,pass,NONE,,,,0,0,0,0,0,214.31,18.91,214308444,0,uvm_report_server
RUN-000496,random_read_test-000496,19865208,PASS,pass,NONE,,,,0,0,0,0,0,1.0,17.26,800000,0,uvm_report_server
RUN-000497,random_read_test-000497,831221850,PASS,pass,NONE,,,,0,0,0,0,0,11.22,46.46,4489573,0,uvm_report_server
RUN-000498,mixed_rw_test-000498,197193824,PASS,pass,NONE,,,,0,0,0,0,0,5.96,341.9,5957594,0,uvm_report_server
RUN-000499,garbage_collect_test-000499,23160058,PASS,pass,NONE,,,,0,1,0,0,0,26.79,19.61,10717023,0,uvm_report_server
RUN-000500,erase_suspend_test-000500,1719084509,FAIL,fail,TIMEOUT,E_TMO_0x40,TIMEOUT,1970190,2,1,1,0,0,1974.19,0.02,2369028316,1,uvm_report_server
RUN-000501,back_to_back_program_test-000501,1242361495,FAIL,fail,FIFO_OVERFLOW,E_FIFO_0x21,FIFO_OVERFLOW,223890,2,1,0,1,0,227.89,0.78,182310789,1,uvm_report_server
RUN-000502,power_cycle_test-000502,1429223482,FAIL,fail,THERMAL_SHUTDOWN,E_THRM_0x80,THERMAL_SHUTDOWN,3020,3,0,0,1,0,7.02,55.29,7018651,1,uvm_report_server
RUN-000503,back_to_back_program_test-000503,268281534,FAIL,fail,ASSERTION_FAIL,E_ASRT_0x60,ASSERTION_FAIL,25990,2,1,0,0,0,29.99,11.63,17991972,1,uvm_report_server
RUN-000504,back_to_back_program_test-000504,396530648,PASS,pass,NONE,,,,0,0,0,0,0,637.84,6.88,382702153,0,uvm_report_server
RUN-000505,mixed_rw_test-000505,1181021028,PASS,pass,NONE,,,,0,1,0,0,0,81.85,105.47,81846490,0,uvm_report_server
RUN-000506,erase_suspend_test-000506,834045481,PASS,pass,NONE,,,,0,1,0,0,0,89.23,48.99,71387919,0,uvm_report_server
RUN-000507,sequential_write_test-000507,540260454,PASS,pass,NONE,,,,0,1,0,0,0,11.27,333.87,9012305,0,uvm_report_server
RUN-000508,garbage_collect_test-000508,177683149,PASS,pass,NONE,,,,0,0,0,0,0,183.08,21.32,109845975,0,uvm_report_server
RUN-000509,mixed_rw_test-000509,1419089240,FAIL,fail,TIMEOUT,E_TMO_0x40,TIMEOUT,1972410,2,0,1,0,0,1976.41,0.01,1976412393,1,uvm_report_server
RUN-000510,back_to_back_program_test-000510,1355124826,PASS,pass,NONE,,,,0,0,0,0,0,2.65,397.74,2648132,0,uvm_report_server
RUN-000511,sequential_write_test-000511,142989795,FAIL,fail,TIMEOUT,E_TMO_0x40,TIMEOUT,1982920,3,0,1,1,0,1986.92,0.42,2384303077,1,uvm_report_server
RUN-000512,mixed_rw_test-000512,250280307,PASS,pass,NONE,,,,0,0,0,0,0,26.91,20.11,10764591,0,uvm_report_server
RUN-000513,read_disturb_test-000513,1371677890,FAIL,fail,DATA_MISMATCH,E_CMP_0x11,DATA_MISMATCH,44520,3,0,0,1,1,48.52,48.66,38813095,1,uvm_report_server
RUN-000514,garbage_collect_test-000514,1125942241,PASS,pass,NONE,,,,0,1,0,0,0,1.0,66.47,1000000,0,uvm_report_server
RUN-000515,mixed_rw_test-000515,1281851212,PASS,pass,NONE,,,,0,0,0,0,0,131.54,4.01,78926536,0,uvm_report_server
RUN-000516,back_to_back_program_test-000516,1581422779,PASS,pass,NONE,,,,0,1,0,0,0,74.02,7.04,29607356,0,uvm_report_server
RUN-000517,mixed_rw_test-000517,431507117,FAIL,fail,THERMAL_SHUTDOWN,E_THRM_0x80,THERMAL_SHUTDOWN,2900,3,0,0,0,0,6.9,21.26,4142808,1,uvm_report_server
RUN-000518,mixed_rw_test-000518,472971154,PASS,pass,NONE,,,,0,0,0,0,0,46.67,41.72,56003789,0,uvm_report_server
RUN-000519,mixed_rw_test-000519,615129549,FAIL,fail,DATA_MISMATCH,E_CMP_0x11,DATA_MISMATCH,58380,2,1,0,0,1,62.38,56.01,49901861,1,uvm_report_server
RUN-000520,power_cycle_test-000520,474464701,PASS,pass,NONE,,,,0,0,0,0,0,1.26,212.47,1515954,0,uvm_report_server
RUN-000521,power_cycle_test-000521,1608380723,PASS,pass,NONE,,,,0,1,0,0,0,5.19,52.97,4154958,0,uvm_report_server
RUN-000522,read_disturb_test-000522,1584668372,PASS,pass,NONE,,,,0,1,0,0,0,12.48,11.32,4993824,0,uvm_report_server
RUN-000523,sequential_write_test-000523,833439549,PASS,pass,NONE,,,,0,0,0,0,0,15.76,4.19,9457052,0,uvm_report_server
RUN-000524,random_read_test-000524,2063433979,PASS,pass,NONE,,,,0,1,0,0,0,220.28,18.32,132168950,0,uvm_report_server
RUN-000525,power_cycle_test-000525,693920262,PASS,pass,NONE,,,,0,1,0,0,0,104.61,41.65,41842554,0,uvm_report_server
RUN-000526,power_cycle_test-000526,1697555555,PASS,pass,NONE,,,,0,0,0,0,0,12.35,20.92,12350945,0,uvm_report_server
RUN-000527,power_cycle_test-000527,577826979,FAIL,fail,TIMEOUT,E_TMO_0x40,TIMEOUT,1956070,3,0,1,1,0,1960.07,0.01,2352086934,1,uvm_report_server
RUN-000528,power_cycle_test-000528,1540503381,PASS,pass,NONE,,,,0,1,0,0,0,23.26,95.36,27906173,0,uvm_report_server
RUN-000529,sequential_write_test-000529,978763456,PASS,pass,NONE,,,,0,0,0,0,0,13.82,20.28,13817347,0,uvm_report_server
RUN-000530,back_to_back_program_test-000530,1219234388,PASS,pass,NONE,,,,0,0,0,0,0,118.15,2.13,141784869,0,uvm_report_server
RUN-000531,erase_suspend_test-000531,1127490165,PASS,pass,NONE,,,,0,0,0,0,0,18.3,116.77,21955208,0,uvm_report_server
RUN-000532,mixed_rw_test-000532,586301293,PASS,pass,NONE,,,,0,1,0,0,0,211.39,2.56,169108209,0,uvm_report_server
RUN-000533,garbage_collect_test-000533,2104515437,PASS,pass,NONE,,,,0,1,0,0,0,30.13,146.87,36153830,0,uvm_report_server
RUN-000534,erase_suspend_test-000534,1560274430,PASS,pass,NONE,,,,0,1,0,0,0,19.23,55.61,11537239,0,uvm_report_server
RUN-000535,back_to_back_program_test-000535,423449430,FAIL,fail,FIFO_OVERFLOW,E_FIFO_0x21,FIFO_OVERFLOW,298150,3,0,0,0,0,302.15,2.26,362581648,1,uvm_report_server
RUN-000536,erase_suspend_test-000536,1796739629,PASS,pass,NONE,,,,0,1,0,0,0,170.8,47.8,170795953,0,uvm_report_server
RUN-000537,back_to_back_program_test-000537,870585211,FAIL,fail,THERMAL_SHUTDOWN,E_THRM_0x80,THERMAL_SHUTDOWN,3890,1,0,0,0,0,7.89,1.18,6311260,1,uvm_report_server
RUN-000538,mixed_rw_test-000538,1839968786,PASS,pass,NONE,,,,0,0,0,0,0,7.81,132.26,7808546,0,uvm_report_server
RUN-000539,back_to_back_program_test-000539,965817776,FAIL,fail,FIFO_OVERFLOW,E_FIFO_0x21,FIFO_OVERFLOW,58510,1,0,0,0,0,62.51,13.99,50011069,1,uvm_report_server
RUN-000540,mixed_rw_test-000540,2008093187,PASS,pass,NONE,,,,0,0,0,0,0,10.34,25.81,10340655,0,uvm_report_server
RUN-000541,mixed_rw_test-000541,2022405978,PASS,pass,NONE,,,,0,0,0,0,0,1.0,34.55,600000,0,uvm_report_server
RUN-000542,random_read_test-000542,914724761,PASS,pass,NONE,,,,0,0,0,0,0,10.73,2.89,4293704,0,uvm_report_server
RUN-000543,mixed_rw_test-000543,58276414,FAIL,fail,TIMEOUT,E_TMO_0x40,TIMEOUT,1969470,4,0,1,1,0,1973.47,0.05,1973468972,1,uvm_report_server
RUN-000544,read_disturb_test-000544,1923127619,PASS,pass,NONE,,,,0,0,0,0,0,167.03,12.4,133622630,0,uvm_report_server
RUN-000545,back_to_back_program_test-000545,1637091053,FAIL,fail,FIFO_OVERFLOW,E_FIFO_0x21,FIFO_OVERFLOW,2500,2,1,0,1,0,2.81,33.27,2810317,1,uvm_report_server
RUN-000546,sequential_write_test-000546,1132728989,PASS,pass,NONE,,,,0,0,0,0,0,216.63,2.58,173306103,0,uvm_report_server
RUN-000547,power_cycle_test-000547,678621439,PASS,pass,NONE,,,,0,0,0,0,0,5.74,21.91,6890510,0,uvm_report_server
RUN-000548,random_read_test-000548,475288424,PASS,pass,NONE,,,,0,0,0,0,0,74.21,3.78,59371161,0,uvm_report_server
RUN-000549,back_to_back_program_test-000549,1535842587,PASS,pass,NONE,,,,0,0,0,0,0,54.54,5.11,32724900,0,uvm_report_server
RUN-000550,erase_suspend_test-000550,1467495916,PASS,pass,NONE,,,,0,1,0,0,0,40.1,6.09,16038872,0,uvm_report_server
RUN-000551,random_read_test-000551,875925467,PASS,pass,NONE,,,,0,0,0,0,0,53.63,10.34,42906012,0,uvm_report_server
RUN-000552,garbage_collect_test-000552,470649206,PASS,pass,NONE,,,,0,1,0,0,0,6.37,9.62,6369444,0,uvm_report_server
RUN-000553,read_disturb_test-000553,1898621251,PASS,pass,NONE,,,,0,0,0,0,0,13.84,36.77,11072327,0,uvm_report_server
RUN-000554,back_to_back_program_test-000554,1405244754,FAIL,fail,FIFO_OVERFLOW,E_FIFO_0x21,FIFO_OVERFLOW,83100,2,0,0,0,0,87.1,59.68,87097047,1,uvm_report_server
RUN-000555,mixed_rw_test-000555,1608349759,PASS,pass,NONE,,,,0,0,0,0,0,63.78,32.11,38269620,0,uvm_report_server
RUN-000556,sequential_write_test-000556,1394155032,FAIL,fail,TIMEOUT,E_TMO_0x40,TIMEOUT,1959930,1,0,1,0,0,1963.93,3.2,1963934242,1,uvm_report_server
RUN-000557,erase_suspend_test-000557,920739595,PASS,pass,NONE,,,,0,0,0,0,0,1086.78,1.8,869423970,0,uvm_report_server
RUN-000558,garbage_collect_test-000558,1546283133,PASS,pass,NONE,,,,0,0,0,0,0,415.04,2.43,332029810,0,uvm_report_server
RUN-000559,sequential_write_test-000559,1888717956,PASS,pass,NONE,,,,0,0,0,0,0,38.35,55.42,15338702,0,uvm_report_server
RUN-000560,back_to_back_program_test-000560,572536902,FAIL,fail,FIFO_OVERFLOW,E_FIFO_0x21,FIFO_OVERFLOW,228720,3,0,0,0,0,232.72,0.21,139630000,1,uvm_report_server
RUN-000561,sequential_write_test-000561,498613828,FAIL,fail,DATA_MISMATCH,E_CMP_0x11,DATA_MISMATCH,2500,4,0,0,1,1,3.58,13.49,2866180,1,uvm_report_server
RUN-000562,erase_suspend_test-000562,668479211,PASS,pass,NONE,,,,0,0,0,0,0,27.58,10.2,33091308,0,uvm_report_server
RUN-000563,read_disturb_test-000563,2105795382,PASS,pass,NONE,,,,0,0,0,0,0,43.34,12.35,26004624,0,uvm_report_server
RUN-000564,read_disturb_test-000564,1658212841,PASS,pass,NONE,,,,0,1,0,0,0,561.45,3.61,224578896,0,uvm_report_server
RUN-000565,power_cycle_test-000565,1520679146,FAIL,fail,ASSERTION_FAIL,E_ASRT_0x60,ASSERTION_FAIL,2500,3,0,0,0,0,1.53,13.55,1841471,1,uvm_report_server
RUN-000566,power_cycle_test-000566,1011771689,FAIL,fail,ECC_UNCORRECTABLE,E_ECC_0x33,ECC_UNCORRECTABLE,1571670,1,0,0,0,1,1575.67,1.56,945399333,1,uvm_report_server
RUN-000567,back_to_back_program_test-000567,1451977866,PASS,pass,NONE,,,,0,1,0,0,0,13.52,9.63,5407096,0,uvm_report_server
RUN-000568,mixed_rw_test-000568,1521136843,PASS,pass,NONE,,,,0,0,0,0,0,16.25,17.22,6500878,0,uvm_report_server
RUN-000569,sequential_write_test-000569,1654465715,PASS,pass,NONE,,,,0,1,0,0,0,7.68,17.05,6141900,0,uvm_report_server
RUN-000570,random_read_test-000570,1326336672,PASS,pass,NONE,,,,0,0,0,0,0,274.68,7.17,219746796,0,uvm_report_server
RUN-000571,read_disturb_test-000571,1035965469,PASS,pass,NONE,,,,0,0,0,0,0,16.41,16.36,6564194,0,uvm_report_server
RUN-000572,mixed_rw_test-000572,387071798,PASS,pass,NONE,,,,0,0,0,0,0,26.4,2.6,15839061,0,uvm_report_server
RUN-000573,mixed_rw_test-000573,991631820,PASS,pass,NONE,,,,0,0,0,0,0,5.35,93.58,3212005,0,uvm_report_server
RUN-000574,back_to_back_program_test-000574,740478710,PASS,pass,NONE,,,,0,1,0,0,0,14.19,71.77,8515771,0,uvm_report_server
RUN-000575,random_read_test-000575,877425063,PASS,pass,NONE,,,,0,1,0,0,0,7.45,17.08,8943890,0,uvm_report_server
RUN-000576,random_read_test-000576,1900542799,PASS,pass,NONE,,,,0,0,0,0,0,1.0,503.12,1000000,0,uvm_report_server
RUN-000577,random_read_test-000577,1026114824,FAIL,fail,TIMEOUT,E_TMO_0x40,TIMEOUT,1978530,1,0,1,0,0,1982.53,0.04,1982529614,1,uvm_report_server
RUN-000578,random_read_test-000578,1433256650,PASS,pass,NONE,,,,0,1,0,0,0,64.31,31.56,51450448,0,uvm_report_server
RUN-000579,sequential_write_test-000579,1682529026,PASS,pass,NONE,,,,0,0,0,0,0,19.3,6.33,11579244,0,uvm_report_server
RUN-000580,back_to_back_program_test-000580,1457352888,FAIL,fail,FIFO_OVERFLOW,E_FIFO_0x21,FIFO_OVERFLOW,863790,1,0,0,0,0,867.79,3.45,520676676,1,uvm_report_server
RUN-000581,erase_suspend_test-000581,980002674,FAIL,fail,DATA_MISMATCH,E_CMP_0x11,DATA_MISMATCH,2500,3,1,0,1,1,1.0,34.69,600000,1,uvm_report_server
RUN-000582,random_read_test-000582,803023691,PASS,pass,NONE,,,,0,1,0,0,0,7.82,0.52,4694802,0,uvm_report_server
RUN-000583,sequential_write_test-000583,746135502,PASS,pass,NONE,,,,0,0,0,0,0,129.2,15.55,77517788,0,uvm_report_server
RUN-000584,back_to_back_program_test-000584,768906144,PASS,pass,NONE,,,,0,1,0,0,0,205.07,10.55,205069554,0,uvm_report_server
RUN-000585,garbage_collect_test-000585,554548346,FAIL,fail,DATA_MISMATCH,E_CMP_0x11,DATA_MISMATCH,25580,1,0,0,0,1,29.58,80.83,11831882,1,uvm_report_server
RUN-000586,garbage_collect_test-000586,926291555,FAIL,fail,THERMAL_SHUTDOWN,E_THRM_0x80,THERMAL_SHUTDOWN,2500,2,1,0,1,0,3.41,3.08,2044196,1,uvm_report_server
RUN-000587,random_read_test-000587,504147965,FAIL,fail,THERMAL_SHUTDOWN,E_THRM_0x80,THERMAL_SHUTDOWN,6110,2,0,0,1,0,10.11,6.66,6067684,1,uvm_report_server
RUN-000588,random_read_test-000588,341222017,PASS,pass,NONE,,,,0,1,0,0,0,132.04,7.69,52814825,0,uvm_report_server
RUN-000589,garbage_collect_test-000589,466469494,PASS,pass,NONE,,,,0,0,0,0,0,102.91,20.13,82325353,0,uvm_report_server
RUN-000590,random_read_test-000590,622112256,PASS,pass,NONE,,,,0,1,0,0,0,4.59,106.35,5508789,0,uvm_report_server
RUN-000591,read_disturb_test-000591,392140655,PASS,pass,NONE,,,,0,1,0,0,0,8.62,63.45,6898455,0,uvm_report_server
RUN-000592,random_read_test-000592,1985862314,PASS,pass,NONE,,,,0,1,0,0,0,16.72,2.06,6689749,0,uvm_report_server
RUN-000593,random_read_test-000593,209458291,PASS,pass,NONE,,,,0,1,0,0,0,38.22,29.38,38216200,0,uvm_report_server
RUN-000594,random_read_test-000594,1044730273,FAIL,fail,TIMEOUT,E_TMO_0x40,TIMEOUT,1957960,3,0,1,1,0,1961.96,0.07,1961957955,1,uvm_report_server
RUN-000595,garbage_collect_test-000595,1579587809,FAIL,fail,DATA_MISMATCH,E_CMP_0x11,DATA_MISMATCH,55030,1,1,0,0,1,59.03,34.48,23613376,1,uvm_report_server
RUN-000596,mixed_rw_test-000596,815377506,PASS,pass,NONE,,,,0,0,0,0,0,212.12,19.14,169696840,0,uvm_report_server
RUN-000597,sequential_write_test-000597,99578564,PASS,pass,NONE,,,,0,0,0,0,0,82.08,3.23,32830479,0,uvm_report_server
RUN-000598,erase_suspend_test-000598,1384214127,PASS,pass,NONE,,,,0,1,0,0,0,32.25,16.13,19349684,0,uvm_report_server
RUN-000599,sequential_write_test-000599,939644114,PASS,pass,NONE,,,,0,0,0,0,0,312.33,3.09,312325065,0,uvm_report_server
RUN-000600,sequential_write_test-000600,1370733924,PASS,pass,NONE,,,,0,0,0,0,0,186.44,2.88,74577615,0,uvm_report_server
RUN-000601,sequential_write_test-000601,2141438738,PASS,pass,NONE,,,,0,0,0,0,0,27.51,9.98,22011131,0,uvm_report_server
RUN-000602,read_disturb_test-000602,741285611,PASS,pass,NONE,,,,0,0,0,0,0,1.55,39.19,1242535,0,uvm_report_server
RUN-000603,mixed_rw_test-000603,887761962,PASS,pass,NONE,,,,0,0,0,0,0,26.14,18.51,15681457,0,uvm_report_server
RUN-000604,sequential_write_test-000604,1912123200,PASS,pass,NONE,,,,0,0,0,0,0,33.55,29.35,26843515,0,uvm_report_server
RUN-000605,read_disturb_test-000605,1321381437,FAIL,fail,ECC_UNCORRECTABLE,E_ECC_0x33,ECC_UNCORRECTABLE,38110,3,0,0,0,1,42.11,17.89,42105532,1,uvm_report_server
RUN-000606,sequential_write_test-000606,2069757595,PASS,pass,NONE,,,,0,1,0,0,0,31.01,133.95,31013924,0,uvm_report_server
RUN-000607,garbage_collect_test-000607,894591865,PASS,pass,NONE,,,,0,0,0,0,0,203.85,5.47,81539484,0,uvm_report_server
RUN-000608,sequential_write_test-000608,1198616266,PASS,pass,NONE,,,,0,0,0,0,0,77.15,26.77,46290474,0,uvm_report_server
RUN-000609,erase_suspend_test-000609,2106930951,PASS,pass,NONE,,,,0,0,0,0,0,288.41,15.24,288405727,0,uvm_report_server
RUN-000610,back_to_back_program_test-000610,626258589,PASS,pass,NONE,,,,0,1,0,0,0,4.41,14.41,3529651,0,uvm_report_server
RUN-000611,back_to_back_program_test-000611,600529530,FAIL,fail,FIFO_OVERFLOW,E_FIFO_0x21,FIFO_OVERFLOW,2500,4,1,0,1,0,6.06,5.38,2424977,1,uvm_report_server
RUN-000612,read_disturb_test-000612,424586545,PASS,pass,NONE,,,,0,0,0,0,0,4.34,64.48,2601468,0,uvm_report_server
RUN-000613,mixed_rw_test-000613,1000272082,FAIL,fail,ECC_UNCORRECTABLE,E_ECC_0x33,ECC_UNCORRECTABLE,25000,1,1,0,0,1,29.0,22.04,23197063,1,uvm_report_server
RUN-000614,garbage_collect_test-000614,1272436993,PASS,pass,NONE,,,,0,0,0,0,0,49.77,10.58,29860330,0,uvm_report_server
RUN-000615,read_disturb_test-000615,862488095,PASS,pass,NONE,,,,0,0,0,0,0,1.0,61.97,1200000,0,uvm_report_server
RUN-000616,mixed_rw_test-000616,1335221640,PASS,pass,NONE,,,,0,0,0,0,0,92.98,5.34,37190839,0,uvm_report_server
RUN-000617,read_disturb_test-000617,1911698240,PASS,pass,NONE,,,,0,0,0,0,0,31.96,60.3,19178943,0,uvm_report_server
RUN-000618,garbage_collect_test-000618,1056347486,FAIL,fail,DATA_MISMATCH,E_CMP_0x11,DATA_MISMATCH,12710,4,0,0,1,1,16.71,45.05,13369527,1,uvm_report_server
RUN-000619,back_to_back_program_test-000619,18575399,PASS,pass,NONE,,,,0,0,0,0,0,2.43,410.82,1456688,0,uvm_report_server
RUN-000620,back_to_back_program_test-000620,1415341001,PASS,pass,NONE,,,,0,0,0,0,0,5.3,94.99,4239080,0,uvm_report_server
RUN-000621,back_to_back_program_test-000621,1109827372,PASS,pass,NONE,,,,0,1,0,0,0,94.45,0.72,56671689,0,uvm_report_server
RUN-000622,erase_suspend_test-000622,269103462,PASS,pass,NONE,,,,0,0,0,0,0,78.09,13.31,46854262,0,uvm_report_server
RUN-000623,random_read_test-000623,774481753,PASS,pass,NONE,,,,0,0,0,0,0,4.1,8.16,4104110,0,uvm_report_server
RUN-000624,read_disturb_test-000624,1155495354,PASS,pass,NONE,,,,0,0,0,0,0,12.03,5.48,4812565,0,uvm_report_server
RUN-000625,mixed_rw_test-000625,2136838196,PASS,pass,NONE,,,,0,0,0,0,0,2.33,14.48,2329696,0,uvm_report_server
RUN-000626,read_disturb_test-000626,1433457817,FAIL,fail,RETENTION_FAIL,E_RET_0x71,RETENTION_FAIL,13880,1,1,0,0,1,17.88,4.13,14307196,1,uvm_report_server
RUN-000627,mixed_rw_test-000627,116284161,PASS,pass,NONE,,,,0,1,0,0,0,1.0,34.7,800000,0,uvm_report_server
RUN-000628,back_to_back_program_test-000628,1401865879,FAIL,fail,FIFO_OVERFLOW,E_FIFO_0x21,FIFO_OVERFLOW,49730,4,0,0,1,0,53.73,6.86,21490359,1,uvm_report_server
RUN-000629,back_to_back_program_test-000629,1493296036,PASS,pass,NONE,,,,0,0,0,0,0,15.78,31.22,12626273,0,uvm_report_server
RUN-000630,power_cycle_test-000630,1014719391,PASS,pass,NONE,,,,0,0,0,0,0,1.0,16.05,1000000,0,uvm_report_server
RUN-000631,back_to_back_program_test-000631,1226241874,FAIL,fail,DATA_MISMATCH,E_CMP_0x11,DATA_MISMATCH,2500,2,1,0,1,1,1.0,151.73,800000,1,uvm_report_server
RUN-000632,mixed_rw_test-000632,1223184364,PASS,pass,NONE,,,,0,0,0,0,0,29.45,1.06,17672336,0,uvm_report_server
RUN-000633,random_read_test-000633,1668486479,PASS,pass,NONE,,,,0,0,0,0,0,71.66,28.93,42996586,0,uvm_report_server
RUN-000634,sequential_write_test-000634,1388805731,PASS,pass,NONE,,,,0,0,0,0,0,7.66,137.55,6126497,0,uvm_report_server
RUN-000635,erase_suspend_test-000635,1204150150,PASS,pass,NONE,,,,0,0,0,0,0,111.55,1.16,44620327,0,uvm_report_server
RUN-000636,mixed_rw_test-000636,93975548,PASS,pass,NONE,,,,0,0,0,0,0,40.08,13.97,48093427,0,uvm_report_server
RUN-000637,power_cycle_test-000637,1162550349,PASS,pass,NONE,,,,0,0,0,0,0,6.95,152.87,5559403,0,uvm_report_server
RUN-000638,sequential_write_test-000638,707990036,PASS,pass,NONE,,,,0,0,0,0,0,437.34,2.53,174936574,0,uvm_report_server
RUN-000639,power_cycle_test-000639,1532674956,FAIL,fail,TIMEOUT,E_TMO_0x40,TIMEOUT,1965240,2,1,1,0,0,1969.24,0.08,2363093536,1,uvm_report_server
RUN-000640,mixed_rw_test-000640,151017026,PASS,pass,NONE,,,,0,0,0,0,0,4.21,15.99,1682425,0,uvm_report_server
RUN-000641,back_to_back_program_test-000641,1995661516,PASS,pass,NONE,,,,0,1,0,0,0,8.51,15.69,10214179,0,uvm_report_server
RUN-000642,back_to_back_program_test-000642,1631803999,PASS,pass,NONE,,,,0,0,0,0,0,24.57,21.68,19656823,0,uvm_report_server
RUN-000643,mixed_rw_test-000643,567153787,PASS,pass,NONE,,,,0,0,0,0,0,39.21,7.05,23523224,0,uvm_report_server
RUN-000644,random_read_test-000644,680061848,PASS,pass,NONE,,,,0,0,0,0,0,19.31,3.12,11588139,0,uvm_report_server
RUN-000645,erase_suspend_test-000645,1186106922,PASS,pass,NONE,,,,0,1,0,0,0,121.59,4.5,48636239,0,uvm_report_server
RUN-000646,random_read_test-000646,1540768399,PASS,pass,NONE,,,,0,0,0,0,0,52.4,1.28,31440043,0,uvm_report_server
RUN-000647,erase_suspend_test-000647,1103032694,PASS,pass,NONE,,,,0,0,0,0,0,1.0,8.4,800000,0,uvm_report_server
RUN-000648,random_read_test-000648,726426365,PASS,pass,NONE,,,,0,1,0,0,0,1.0,16.69,1200000,0,uvm_report_server
RUN-000649,random_read_test-000649,1281576448,FAIL,fail,DATA_MISMATCH,E_CMP_0x11,DATA_MISMATCH,2500,1,0,0,0,1,2.29,285.61,1376962,1,uvm_report_server
RUN-000650,back_to_back_program_test-000650,1975753115,FAIL,fail,TIMEOUT,E_TMO_0x40,TIMEOUT,1959680,1,0,1,0,0,1963.68,0.21,1963677262,1,uvm_report_server
RUN-000651,sequential_write_test-000651,1624039141,PASS,pass,NONE,,,,0,0,0,0,0,11.82,11.29,4729033,0,uvm_report_server
RUN-000652,random_read_test-000652,972605045,PASS,pass,NONE,,,,0,1,0,0,0,123.57,4.57,49428222,0,uvm_report_server
RUN-000653,power_cycle_test-000653,1428426866,PASS,pass,NONE,,,,0,0,0,0,0,10.62,94.03,8499391,0,uvm_report_server
RUN-000654,back_to_back_program_test-000654,1265420535,FAIL,fail,FIFO_OVERFLOW,E_FIFO_0x21,FIFO_OVERFLOW,64590,3,1,0,0,0,68.59,11.1,27437221,1,uvm_report_server
RUN-000655,back_to_back_program_test-000655,1588998605,FAIL,fail,FIFO_OVERFLOW,E_FIFO_0x21,FIFO_OVERFLOW,2910,2,0,0,0,0,6.91,39.53,6906444,1,uvm_report_server
RUN-000656,random_read_test-000656,2052251757,PASS,pass,NONE,,,,0,0,0,0,0,47.05,2.83,37643271,0,uvm_report_server
RUN-000657,random_read_test-000657,510283202,PASS,pass,NONE,,,,0,1,0,0,0,18.84,3.29,15071932,0,uvm_report_server
RUN-000658,garbage_collect_test-000658,1672962862,PASS,pass,NONE,,,,0,0,0,0,0,47.76,22.44,28653679,0,uvm_report_server
RUN-000659,back_to_back_program_test-000659,497271208,PASS,pass,NONE,,,,0,1,0,0,0,135.55,7.26,162659305,0,uvm_report_server
RUN-000660,random_read_test-000660,740189466,PASS,pass,NONE,,,,0,0,0,0,0,36.04,0.88,28832071,0,uvm_report_server
RUN-000661,sequential_write_test-000661,1375515957,FAIL,fail,TIMEOUT,E_TMO_0x40,TIMEOUT,1958670,3,0,1,0,0,1962.67,0.04,2355200743,1,uvm_report_server
RUN-000662,random_read_test-000662,1233318917,FAIL,fail,RETENTION_FAIL,E_RET_0x71,RETENTION_FAIL,65900,2,0,0,0,1,69.9,21.14,41938191,1,uvm_report_server
RUN-000663,read_disturb_test-000663,1790265373,PASS,pass,NONE,,,,0,0,0,0,0,52.31,5.02,20924501,0,uvm_report_server
RUN-000664,power_cycle_test-000664,1944116675,PASS,pass,NONE,,,,0,1,0,0,0,177.24,3.19,106344127,0,uvm_report_server
RUN-000665,erase_suspend_test-000665,540755616,PASS,pass,NONE,,,,0,1,0,0,0,67.29,16.63,40375030,0,uvm_report_server
RUN-000666,sequential_write_test-000666,1647592346,FAIL,fail,TIMEOUT,E_TMO_0x40,TIMEOUT,1958290,1,0,1,0,0,1962.29,0.03,2354744769,1,uvm_report_server
RUN-000667,power_cycle_test-000667,267697997,FAIL,fail,RETENTION_FAIL,E_RET_0x71,RETENTION_FAIL,2500,3,1,0,1,1,3.59,103.59,4302233,1,uvm_report_server
RUN-000668,sequential_write_test-000668,1687325474,FAIL,fail,THERMAL_SHUTDOWN,E_THRM_0x80,THERMAL_SHUTDOWN,4119,4,0,0,1,0,8.12,41.16,4871512,1,uvm_report_server
RUN-000669,power_cycle_test-000669,1283237325,PASS,pass,NONE,,,,0,1,0,0,0,3.87,16.4,3095918,0,uvm_report_server
RUN-000670,random_read_test-000670,669204253,PASS,pass,NONE,,,,0,0,0,0,0,10.09,25.57,6052017,0,uvm_report_server
RUN-000671,back_to_back_program_test-000671,1958550915,PASS,pass,NONE,,,,0,0,0,0,0,17.47,3.85,17466982,0,uvm_report_server
RUN-000672,sequential_write_test-000672,1227690335,PASS,pass,NONE,,,,0,0,0,0,0,22.47,21.8,13482442,0,uvm_report_server
RUN-000673,sequential_write_test-000673,1850785477,PASS,pass,NONE,,,,0,0,0,0,0,13.64,20.23,10908835,0,uvm_report_server
RUN-000674,power_cycle_test-000674,1442328837,PASS,pass,NONE,,,,0,1,0,0,0,2.6,47.82,2082609,0,uvm_report_server
RUN-000675,sequential_write_test-000675,1690314567,PASS,pass,NONE,,,,0,0,0,0,0,10.7,2.95,6419779,0,uvm_report_server
RUN-000676,sequential_write_test-000676,2146938370,PASS,pass,NONE,,,,0,0,0,0,0,34.99,15.17,34993107,0,uvm_report_server
RUN-000677,back_to_back_program_test-000677,363898316,PASS,pass,NONE,,,,0,0,0,0,0,24.24,11.41,19395156,0,uvm_report_server
RUN-000678,sequential_write_test-000678,138795818,FAIL,fail,RETENTION_FAIL,E_RET_0x71,RETENTION_FAIL,10370,2,1,0,0,1,14.37,1.67,11496325,1,uvm_report_server
RUN-000679,random_read_test-000679,746530190,PASS,pass,NONE,,,,0,0,0,0,0,36.16,27.77,43392439,0,uvm_report_server
RUN-000680,garbage_collect_test-000680,1134264891,FAIL,fail,DATA_MISMATCH,E_CMP_0x11,DATA_MISMATCH,2500,2,0,0,0,1,5.84,11.37,4673511,1,uvm_report_server
RUN-000681,sequential_write_test-000681,1333361678,PASS,pass,NONE,,,,0,0,0,0,0,13.21,18.36,7925417,0,uvm_report_server
RUN-000682,read_disturb_test-000682,269490653,PASS,pass,NONE,,,,0,0,0,0,0,283.3,7.92,169977889,0,uvm_report_server
RUN-000683,mixed_rw_test-000683,1658082238,PASS,pass,NONE,,,,0,0,0,0,0,8.98,7.77,7183145,0,uvm_report_server
RUN-000684,erase_suspend_test-000684,1600817208,PASS,pass,NONE,,,,0,1,0,0,0,3.9,16.75,3120215,0,uvm_report_server
RUN-000685,power_cycle_test-000685,685348168,PASS,pass,NONE,,,,0,1,0,0,0,1.76,34.23,1405720,0,uvm_report_server
RUN-000686,erase_suspend_test-000686,469407459,PASS,pass,NONE,,,,0,0,0,0,0,18.37,30.04,14696517,0,uvm_report_server
RUN-000687,mixed_rw_test-000687,1362547869,PASS,pass,NONE,,,,0,1,0,0,0,10.7,6.22,6419562,0,uvm_report_server
RUN-000688,erase_suspend_test-000688,2106779867,PASS,pass,NONE,,,,0,0,0,0,0,14.32,19.38,17182974,0,uvm_report_server
RUN-000689,mixed_rw_test-000689,223032552,PASS,pass,NONE,,,,0,0,0,0,0,29.8,0.52,11918792,0,uvm_report_server
RUN-000690,back_to_back_program_test-000690,1621776424,PASS,pass,NONE,,,,0,1,0,0,0,9.9,24.88,11885166,0,uvm_report_server
RUN-000691,mixed_rw_test-000691,1663981063,PASS,pass,NONE,,,,0,0,0,0,0,4.05,64.53,2429504,0,uvm_report_server
RUN-000692,mixed_rw_test-000692,521079757,FAIL,fail,TIMEOUT,E_TMO_0x40,TIMEOUT,1968680,1,0,1,0,0,1972.68,0.79,1972684406,1,uvm_report_server
RUN-000693,garbage_collect_test-000693,1729814146,FAIL,fail,DATA_MISMATCH,E_CMP_0x11,DATA_MISMATCH,19470,3,0,0,1,1,23.47,3.6,18778259,1,uvm_report_server
RUN-000694,mixed_rw_test-000694,1650377824,PASS,pass,NONE,,,,0,0,0,0,0,68.0,3.74,27200952,0,uvm_report_server
RUN-000695,random_read_test-000695,118431874,PASS,pass,NONE,,,,0,0,0,0,0,129.27,34.45,103418785,0,uvm_report_server
RUN-000696,back_to_back_program_test-000696,1094939429,PASS,pass,NONE,,,,0,0,0,0,0,16.66,1.86,16655675,0,uvm_report_server
RUN-000697,sequential_write_test-000697,507434993,PASS,pass,NONE,,,,0,1,0,0,0,121.66,4.48,48662426,0,uvm_report_server
RUN-000698,sequential_write_test-000698,1995232138,PASS,pass,NONE,,,,0,1,0,0,0,64.45,2.06,64454470,0,uvm_report_server
RUN-000699,sequential_write_test-000699,438907147,PASS,pass,NONE,,,,0,0,0,0,0,3.37,158.83,2019543,0,uvm_report_server
RUN-000700,erase_suspend_test-000700,191840579,PASS,pass,NONE,,,,0,0,0,0,0,108.42,1.12,86738311,0,uvm_report_server
RUN-000701,back_to_back_program_test-000701,1637326651,PASS,pass,NONE,,,,0,0,0,0,0,3.46,137.69,3457580,0,uvm_report_server
RUN-000702,power_cycle_test-000702,1193396876,PASS,pass,NONE,,,,0,0,0,0,0,8.1,4.05,4861289,0,uvm_report_server
RUN-000703,mixed_rw_test-000703,263353886,PASS,pass,NONE,,,,0,0,0,0,0,16.82,65.75,13452831,0,uvm_report_server
RUN-000704,garbage_collect_test-000704,74479766,FAIL,fail,TIMEOUT,E_TMO_0x40,TIMEOUT,1988360,3,0,1,1,0,1992.36,0.01,2390827827,1,uvm_report_server
RUN-000705,garbage_collect_test-000705,1142993318,PASS,pass,NONE,,,,0,0,0,0,0,112.92,17.2,67753441,0,uvm_report_server
RUN-000706,garbage_collect_test-000706,879112440,PASS,pass,NONE,,,,0,1,0,0,0,148.46,3.32,118764164,0,uvm_report_server
RUN-000707,random_read_test-000707,548894069,PASS,pass,NONE,,,,0,0,0,0,0,35.73,1.98,21440714,0,uvm_report_server
RUN-000708,read_disturb_test-000708,1498676179,PASS,pass,NONE,,,,0,1,0,0,0,1.0,135.42,1200000,0,uvm_report_server
RUN-000709,power_cycle_test-000709,1725729490,PASS,pass,NONE,,,,0,0,0,0,0,30.85,1.07,12338468,0,uvm_report_server
RUN-000710,back_to_back_program_test-000710,113377143,PASS,pass,NONE,,,,0,0,0,0,0,1.0,34.91,1000000,0,uvm_report_server
RUN-000711,back_to_back_program_test-000711,323721812,PASS,pass,NONE,,,,0,1,0,0,0,2.18,59.95,2615283,0,uvm_report_server
RUN-000712,back_to_back_program_test-000712,304247690,FAIL,fail,TIMEOUT,E_TMO_0x40,TIMEOUT,1970480,1,0,1,0,0,1974.48,0.0,1974483481,1,uvm_report_server
RUN-000713,read_disturb_test-000713,1555950442,FAIL,fail,THERMAL_SHUTDOWN,E_THRM_0x80,THERMAL_SHUTDOWN,2500,4,0,0,1,0,4.39,44.34,2632762,1,uvm_report_server
RUN-000714,random_read_test-000714,1661144783,PASS,pass,NONE,,,,0,1,0,0,0,1.04,63.6,1041842,0,uvm_report_server
RUN-000715,sequential_write_test-000715,1494493324,FAIL,fail,DATA_MISMATCH,E_CMP_0x11,DATA_MISMATCH,2500,4,0,0,1,1,1.0,21.11,600000,1,uvm_report_server
RUN-000716,mixed_rw_test-000716,502831052,PASS,pass,NONE,,,,0,0,0,0,0,3.79,32.68,2272961,0,uvm_report_server
RUN-000717,back_to_back_program_test-000717,1931151132,PASS,pass,NONE,,,,0,0,0,0,0,16.74,7.23,13389049,0,uvm_report_server
RUN-000718,read_disturb_test-000718,2041697770,PASS,pass,NONE,,,,0,0,0,0,0,4.36,7.31,1744199,0,uvm_report_server
RUN-000719,read_disturb_test-000719,1032112000,PASS,pass,NONE,,,,0,0,0,0,0,60.62,17.95,48495353,0,uvm_report_server
RUN-000720,mixed_rw_test-000720,1715733120,PASS,pass,NONE,,,,0,0,0,0,0,1.6,20.29,1923608,0,uvm_report_server
RUN-000721,erase_suspend_test-000721,693268803,PASS,pass,NONE,,,,0,1,0,0,0,10.4,6.57,6237441,0,uvm_report_server
RUN-000722,sequential_write_test-000722,1444695156,FAIL,fail,RETENTION_FAIL,E_RET_0x71,RETENTION_FAIL,85180,2,0,0,1,1,89.18,3.31,71345444,1,uvm_report_server
RUN-000723,power_cycle_test-000723,1582436879,PASS,pass,NONE,,,,0,1,0,0,0,14.16,2.19,5664831,0,uvm_report_server
RUN-000724,mixed_rw_test-000724,1906946583,PASS,pass,NONE,,,,0,0,0,0,0,246.72,16.2,98687607,0,uvm_report_server
RUN-000725,random_read_test-000725,319215117,PASS,pass,NONE,,,,0,1,0,0,0,8.12,243.17,8116454,0,uvm_report_server
RUN-000726,mixed_rw_test-000726,1851803971,PASS,pass,NONE,,,,0,0,0,0,0,111.3,19.95,66782320,0,uvm_report_server
RUN-000727,mixed_rw_test-000727,678592162,PASS,pass,NONE,,,,0,0,0,0,0,2.43,6.42,1943387,0,uvm_report_server
RUN-000728,power_cycle_test-000728,1126199121,FAIL,fail,TIMEOUT,E_TMO_0x40,TIMEOUT,1993030,2,0,1,1,0,1997.03,0.02,1997029689,1,uvm_report_server
RUN-000729,random_read_test-000729,265866803,PASS,pass,NONE,,,,0,1,0,0,0,15.21,34.05,15213655,0,uvm_report_server
RUN-000730,mixed_rw_test-000730,1592193763,FAIL,fail,DATA_MISMATCH,E_CMP_0x11,DATA_MISMATCH,20880,2,1,0,0,1,24.88,1.09,9950359,1,uvm_report_server
RUN-000731,sequential_write_test-000731,1144769279,FAIL,fail,TIMEOUT,E_TMO_0x40,TIMEOUT,1981490,4,0,1,1,0,1985.49,0.14,1985493054,1,uvm_report_server
RUN-000732,erase_suspend_test-000732,1740855056,PASS,pass,NONE,,,,0,1,0,0,0,3.96,17.79,2374359,0,uvm_report_server
RUN-000733,back_to_back_program_test-000733,229720048,PASS,pass,NONE,,,,0,1,0,0,0,16.81,3.97,16811904,0,uvm_report_server
RUN-000734,back_to_back_program_test-000734,988288272,PASS,pass,NONE,,,,0,1,0,0,0,47.66,22.63,47658078,0,uvm_report_server
RUN-000735,garbage_collect_test-000735,752177627,PASS,pass,NONE,,,,0,0,0,0,0,66.55,16.18,39927146,0,uvm_report_server
RUN-000736,random_read_test-000736,965749284,PASS,pass,NONE,,,,0,0,0,0,0,1.0,61.92,800000,0,uvm_report_server
RUN-000737,garbage_collect_test-000737,810001281,PASS,pass,NONE,,,,0,1,0,0,0,18.62,6.6,18622691,0,uvm_report_server
RUN-000738,sequential_write_test-000738,1087067528,PASS,pass,NONE,,,,0,0,0,0,0,4.09,125.0,3269420,0,uvm_report_server
RUN-000739,garbage_collect_test-000739,759237614,PASS,pass,NONE,,,,0,0,0,0,0,9.91,55.03,11890473,0,uvm_report_server
RUN-000740,erase_suspend_test-000740,1359536196,PASS,pass,NONE,,,,0,0,0,0,0,175.26,5.79,70103587,0,uvm_report_server
RUN-000741,random_read_test-000741,877378477,PASS,pass,NONE,,,,0,0,0,0,0,5.01,51.88,6008435,0,uvm_report_server
RUN-000742,erase_suspend_test-000742,497882958,PASS,pass,NONE,,,,0,0,0,0,0,18.85,27.63,7541385,0,uvm_report_server
RUN-000743,sequential_write_test-000743,1700246494,FAIL,fail,THERMAL_SHUTDOWN,E_THRM_0x80,THERMAL_SHUTDOWN,2500,4,1,0,1,0,4.22,8.79,3373281,1,uvm_report_server
RUN-000744,garbage_collect_test-000744,73798305,FAIL,fail,THERMAL_SHUTDOWN,E_THRM_0x80,THERMAL_SHUTDOWN,2500,2,0,0,0,0,2.19,37.71,2191939,1,uvm_report_server
RUN-000745,sequential_write_test-000745,2117261837,PASS,pass,NONE,,,,0,0,0,0,0,1.17,57.69,939872,0,uvm_report_server
RUN-000746,random_read_test-000746,2086673020,PASS,pass,NONE,,,,0,0,0,0,0,139.87,3.54,139866869,0,uvm_report_server
RUN-000747,erase_suspend_test-000747,1501403612,PASS,pass,NONE,,,,0,0,0,0,0,25.85,1.17,15511369,0,uvm_report_server
RUN-000748,garbage_collect_test-000748,293110527,PASS,pass,NONE,,,,0,0,0,0,0,77.97,55.47,62372715,0,uvm_report_server
RUN-000749,read_disturb_test-000749,218017458,FAIL,fail,DATA_MISMATCH,E_CMP_0x11,DATA_MISMATCH,13540,1,0,0,0,1,17.54,34.37,14030995,1,uvm_report_server
RUN-000750,sequential_write_test-000750,2041764702,FAIL,fail,DATA_MISMATCH,E_CMP_0x11,DATA_MISMATCH,139910,3,0,0,1,1,143.91,5.17,115131666,1,uvm_report_server
RUN-000751,sequential_write_test-000751,1932305284,PASS,pass,NONE,,,,0,0,0,0,0,11.89,326.51,9511303,0,uvm_report_server
RUN-000752,garbage_collect_test-000752,2143632779,PASS,pass,NONE,,,,0,0,0,0,0,1.99,61.94,1593032,0,uvm_report_server
RUN-000753,random_read_test-000753,214846182,PASS,pass,NONE,,,,0,0,0,0,0,52.99,0.59,31794785,0,uvm_report_server
RUN-000754,random_read_test-000754,828285580,FAIL,fail,DATA_MISMATCH,E_CMP_0x11,DATA_MISMATCH,2500,3,0,0,0,1,1.7,85.62,1362133,1,uvm_report_server
RUN-000755,mixed_rw_test-000755,1062180346,PASS,pass,NONE,,,,0,0,0,0,0,1920.57,1.07,1152343722,0,uvm_report_server
RUN-000756,sequential_write_test-000756,53811352,FAIL,fail,ASSERTION_FAIL,E_ASRT_0x60,ASSERTION_FAIL,2500,2,0,0,0,0,4.02,2.76,3218536,1,uvm_report_server
RUN-000757,random_read_test-000757,213554445,PASS,pass,NONE,,,,0,0,0,0,0,7.16,18.1,2864257,0,uvm_report_server
RUN-000758,back_to_back_program_test-000758,1520372807,PASS,pass,NONE,,,,0,0,0,0,0,104.76,9.96,83811923,0,uvm_report_server
RUN-000759,random_read_test-000759,1307972943,PASS,pass,NONE,,,,0,0,0,0,0,594.55,3.35,237821201,0,uvm_report_server
RUN-000760,power_cycle_test-000760,1819470771,PASS,pass,NONE,,,,0,0,0,0,0,105.85,41.6,127025244,0,uvm_report_server
RUN-000761,random_read_test-000761,1724271708,PASS,pass,NONE,,,,0,0,0,0,0,8.19,133.48,6552613,0,uvm_report_server
RUN-000762,mixed_rw_test-000762,1618174013,PASS,pass,NONE,,,,0,0,0,0,0,10.57,23.57,10572758,0,uvm_report_server
RUN-000763,sequential_write_test-000763,1307727854,PASS,pass,NONE,,,,0,1,0,0,0,22.93,11.49,27519670,0,uvm_report_server
RUN-000764,sequential_write_test-000764,365687137,FAIL,fail,ECC_UNCORRECTABLE,E_ECC_0x33,ECC_UNCORRECTABLE,191870,2,0,0,1,1,195.87,0.88,117522616,1,uvm_report_server
RUN-000765,back_to_back_program_test-000765,1698436330,FAIL,fail,FIFO_OVERFLOW,E_FIFO_0x21,FIFO_OVERFLOW,179080,2,0,0,0,0,183.08,3.25,146463678,1,uvm_report_server
RUN-000766,back_to_back_program_test-000766,493496607,PASS,pass,NONE,,,,0,1,0,0,0,370.38,2.99,148153383,0,uvm_report_server
RUN-000767,mixed_rw_test-000767,278833052,PASS,pass,NONE,,,,0,0,0,0,0,8.0,0.96,8002987,0,uvm_report_server
RUN-000768,back_to_back_program_test-000768,1693122977,PASS,pass,NONE,,,,0,0,0,0,0,1.74,34.6,1390872,0,uvm_report_server
RUN-000769,back_to_back_program_test-000769,1603469513,PASS,pass,NONE,,,,0,1,0,0,0,2.53,49.07,3035977,0,uvm_report_server
RUN-000770,erase_suspend_test-000770,1118741269,PASS,pass,NONE,,,,0,1,0,0,0,3.39,5.16,2712722,0,uvm_report_server
RUN-000771,random_read_test-000771,1648162968,PASS,pass,NONE,,,,0,0,0,0,0,13.67,18.14,8199727,0,uvm_report_server
RUN-000772,garbage_collect_test-000772,1122005080,PASS,pass,NONE,,,,0,0,0,0,0,12.59,43.86,15112628,0,uvm_report_server
RUN-000773,erase_suspend_test-000773,2117859337,FAIL,fail,THERMAL_SHUTDOWN,E_THRM_0x80,THERMAL_SHUTDOWN,2500,2,0,0,0,0,6.34,5.86,5069051,1,uvm_report_server
RUN-000774,sequential_write_test-000774,999585254,FAIL,fail,TIMEOUT,E_TMO_0x40,TIMEOUT,1982040,3,1,1,0,0,1986.04,0.02,2383244582,1,uvm_report_server
RUN-000775,back_to_back_program_test-000775,1607722027,PASS,pass,NONE,,,,0,1,0,0,0,2.47,98.5,2961564,0,uvm_report_server
RUN-000776,random_read_test-000776,435613550,PASS,pass,NONE,,,,0,0,0,0,0,43.19,94.68,25916029,0,uvm_report_server
RUN-000777,mixed_rw_test-000777,981382054,PASS,pass,NONE,,,,0,0,0,0,0,28.39,17.59,28392029,0,uvm_report_server
RUN-000778,power_cycle_test-000778,613060578,FAIL,fail,DATA_MISMATCH,E_CMP_0x11,DATA_MISMATCH,37370,3,0,0,1,1,41.37,1.51,16549762,1,uvm_report_server
RUN-000779,random_read_test-000779,489408606,PASS,pass,NONE,,,,0,0,0,0,0,132.49,1.04,105990596,0,uvm_report_server
RUN-000780,mixed_rw_test-000780,916927650,PASS,pass,NONE,,,,0,0,0,0,0,19.51,28.67,11705393,0,uvm_report_server
RUN-000781,sequential_write_test-000781,1372408909,PASS,pass,NONE,,,,0,0,0,0,0,10.2,25.85,8156251,0,uvm_report_server
RUN-000782,random_read_test-000782,992791951,PASS,pass,NONE,,,,0,1,0,0,0,8.6,56.15,6883989,0,uvm_report_server
RUN-000783,back_to_back_program_test-000783,547226938,FAIL,fail,FIFO_OVERFLOW,E_FIFO_0x21,FIFO_OVERFLOW,238640,3,0,0,0,0,242.64,1.39,97056062,1,uvm_report_server
RUN-000784,back_to_back_program_test-000784,1919590880,PASS,pass,NONE,,,,0,0,0,0,0,22.5,0.69,13497662,0,uvm_report_server
RUN-000785,read_disturb_test-000785,11563715,PASS,pass,NONE,,,,0,0,0,0,0,9.99,12.71,3995925,0,uvm_report_server
RUN-000786,sequential_write_test-000786,1193812452,PASS,pass,NONE,,,,0,1,0,0,0,4.61,15.12,4605487,0,uvm_report_server
RUN-000787,random_read_test-000787,1212581033,FAIL,fail,THERMAL_SHUTDOWN,E_THRM_0x80,THERMAL_SHUTDOWN,14000,4,0,0,1,0,18.0,3.25,10801880,1,uvm_report_server
RUN-000788,garbage_collect_test-000788,936803629,PASS,pass,NONE,,,,0,0,0,0,0,57.45,36.44,57447171,0,uvm_report_server
RUN-000789,back_to_back_program_test-000789,1987529937,PASS,pass,NONE,,,,0,0,0,0,0,1.0,120.06,400742,0,uvm_report_server
RUN-000790,sequential_write_test-000790,1004800627,PASS,pass,NONE,,,,0,0,0,0,0,78.99,1.64,94786311,0,uvm_report_server
RUN-000791,random_read_test-000791,65192622,PASS,pass,NONE,,,,0,0,0,0,0,19.52,218.43,15615482,0,uvm_report_server
RUN-000792,mixed_rw_test-000792,2089476229,PASS,pass,NONE,,,,0,0,0,0,0,11.63,22.47,6980673,0,uvm_report_server
RUN-000793,back_to_back_program_test-000793,1057312994,PASS,pass,NONE,,,,0,1,0,0,0,21.35,90.75,12811525,0,uvm_report_server
RUN-000794,garbage_collect_test-000794,1542465266,FAIL,fail,ASSERTION_FAIL,E_ASRT_0x60,ASSERTION_FAIL,2500,2,0,0,1,0,2.89,56.54,1154518,1,uvm_report_server
RUN-000795,sequential_write_test-000795,1146119529,PASS,pass,NONE,,,,0,1,0,0,0,855.12,4.73,342049208,0,uvm_report_server
RUN-000796,back_to_back_program_test-000796,886980475,PASS,pass,NONE,,,,0,1,0,0,0,276.85,1.76,110740732,0,uvm_report_server
RUN-000797,back_to_back_program_test-000797,2116555295,PASS,pass,NONE,,,,0,0,0,0,0,37.95,13.98,15178537,0,uvm_report_server
RUN-000798,read_disturb_test-000798,2005517078,FAIL,fail,DATA_MISMATCH,E_CMP_0x11,DATA_MISMATCH,15110,3,0,0,0,1,19.11,2.77,15290130,1,uvm_report_server
RUN-000799,erase_suspend_test-000799,635715171,PASS,pass,NONE,,,,0,0,0,0,0,1.96,35.65,1177520,0,uvm_report_server
RUN-000800,back_to_back_program_test-000800,816555595,FAIL,fail,FIFO_OVERFLOW,E_FIFO_0x21,FIFO_OVERFLOW,55920,4,0,0,1,0,59.92,11.05,35952060,1,uvm_report_server
RUN-000801,power_cycle_test-000801,1977900483,PASS,pass,NONE,,,,0,1,0,0,0,5.1,26.32,3062269,0,uvm_report_server
RUN-000802,back_to_back_program_test-000802,1711604152,PASS,pass,NONE,,,,0,0,0,0,0,240.93,16.21,96373748,0,uvm_report_server
RUN-000803,back_to_back_program_test-000803,1625228563,PASS,pass,NONE,,,,0,0,0,0,0,55.09,75.47,44075028,0,uvm_report_server
RUN-000804,erase_suspend_test-000804,2088776905,PASS,pass,NONE,,,,0,0,0,0,0,234.85,143.57,140910755,0,uvm_report_server
RUN-000805,garbage_collect_test-000805,329397865,FAIL,fail,ASSERTION_FAIL,E_ASRT_0x60,ASSERTION_FAIL,2500,2,0,0,0,0,2.49,18.39,1991471,1,uvm_report_server
RUN-000806,random_read_test-000806,557194248,FAIL,fail,TIMEOUT,E_TMO_0x40,TIMEOUT,1956180,1,0,1,0,0,1960.18,1.57,1960176138,1,uvm_report_server
RUN-000807,back_to_back_program_test-000807,1124882598,PASS,pass,NONE,,,,0,0,0,0,0,502.77,0.55,301660376,0,uvm_report_server
RUN-000808,random_read_test-000808,1418361812,PASS,pass,NONE,,,,0,1,0,0,0,2.79,11.77,1672224,0,uvm_report_server
RUN-000809,back_to_back_program_test-000809,1884949458,FAIL,fail,FIFO_OVERFLOW,E_FIFO_0x21,FIFO_OVERFLOW,2500,3,1,0,1,0,3.29,128.3,3291284,1,uvm_report_server
RUN-000810,random_read_test-000810,1116394945,PASS,pass,NONE,,,,0,0,0,0,0,6.22,39.8,4974956,0,uvm_report_server
RUN-000811,back_to_back_program_test-000811,444040841,PASS,pass,NONE,,,,0,0,0,0,0,7.07,9.07,5654511,0,uvm_report_server
RUN-000812,back_to_back_program_test-000812,1287291063,FAIL,fail,ASSERTION_FAIL,E_ASRT_0x60,ASSERTION_FAIL,40910,2,0,0,1,0,44.91,6.45,26945684,1,uvm_report_server
RUN-000813,sequential_write_test-000813,102569631,PASS,pass,NONE,,,,0,1,0,0,0,13.27,307.79,7961554,0,uvm_report_server
RUN-000814,random_read_test-000814,445724611,FAIL,fail,TIMEOUT,E_TMO_0x40,TIMEOUT,1958990,1,1,1,0,0,1962.99,0.06,2355582364,1,uvm_report_server
RUN-000815,erase_suspend_test-000815,1590901358,PASS,pass,NONE,,,,0,0,0,0,0,20.38,48.23,16303374,0,uvm_report_server
RUN-000816,back_to_back_program_test-000816,1070576767,PASS,pass,NONE,,,,0,1,0,0,0,2.84,21.44,3412034,0,uvm_report_server
RUN-000817,random_read_test-000817,793601259,PASS,pass,NONE,,,,0,0,0,0,0,172.41,5.59,103444160,0,uvm_report_server
RUN-000818,random_read_test-000818,22868030,PASS,pass,NONE,,,,0,1,0,0,0,79.77,3.29,31908320,0,uvm_report_server
RUN-000819,back_to_back_program_test-000819,241404180,PASS,pass,NONE,,,,0,0,0,0,0,11.03,94.52,8820319,0,uvm_report_server
RUN-000820,power_cycle_test-000820,1194547061,FAIL,fail,ECC_UNCORRECTABLE,E_ECC_0x33,ECC_UNCORRECTABLE,99240,1,0,0,0,1,103.24,6.42,123893246,1,uvm_report_server
RUN-000821,sequential_write_test-000821,104015190,FAIL,fail,DATA_MISMATCH,E_CMP_0x11,DATA_MISMATCH,31350,1,0,0,0,1,35.35,92.15,42415008,1,uvm_report_server
RUN-000822,power_cycle_test-000822,1645272404,FAIL,fail,PROTOCOL_VIOLATION,E_PROT_0x52,PROTOCOL_VIOLATION,2500,2,0,1,0,0,1.0,677.25,1000000,1,uvm_report_server
RUN-000823,power_cycle_test-000823,72726447,PASS,pass,NONE,,,,0,1,0,0,0,7.09,18.24,5671526,0,uvm_report_server
RUN-000824,sequential_write_test-000824,1239669625,FAIL,fail,PROTOCOL_VIOLATION,E_PROT_0x52,PROTOCOL_VIOLATION,2500,2,1,1,0,0,3.98,561.53,3181160,1,uvm_report_server
RUN-000825,power_cycle_test-000825,2077781557,FAIL,fail,PROTOCOL_VIOLATION,E_PROT_0x52,PROTOCOL_VIOLATION,2500,2,1,1,0,0,3.82,75.64,2293915,1,uvm_report_server
RUN-000826,power_cycle_test-000826,122169941,PASS,pass,NONE,,,,0,1,0,0,0,1.0,33.46,1200000,0,uvm_report_server
RUN-000827,random_read_test-000827,1170251987,PASS,pass,NONE,,,,0,0,0,0,0,19.44,51.47,23327311,0,uvm_report_server
RUN-000828,erase_suspend_test-000828,301811657,PASS,pass,NONE,,,,0,0,0,0,0,184.99,1.34,184986650,0,uvm_report_server
RUN-000829,back_to_back_program_test-000829,295707683,PASS,pass,NONE,,,,0,0,0,0,0,4.83,56.26,3863904,0,uvm_report_server
RUN-000830,mixed_rw_test-000830,849964700,PASS,pass,NONE,,,,0,0,0,0,0,14.13,18.65,11305265,0,uvm_report_server
RUN-000831,read_disturb_test-000831,1871717063,FAIL,fail,DATA_MISMATCH,E_CMP_0x11,DATA_MISMATCH,2500,4,1,0,1,1,3.49,10.76,2093494,1,uvm_report_server
RUN-000832,erase_suspend_test-000832,976548832,PASS,pass,NONE,,,,0,1,0,0,0,65.79,31.78,39474876,0,uvm_report_server
RUN-000833,power_cycle_test-000833,1175364569,PASS,pass,NONE,,,,0,0,0,0,0,47.33,84.97,56791137,0,uvm_report_server
RUN-000834,random_read_test-000834,111778554,FAIL,fail,DATA_MISMATCH,E_CMP_0x11,DATA_MISMATCH,2500,1,0,0,0,1,5.47,42.45,2189306,1,uvm_report_server
RUN-000835,sequential_write_test-000835,437551284,PASS,pass,NONE,,,,0,0,0,0,0,54.85,69.8,43882147,0,uvm_report_server
RUN-000836,sequential_write_test-000836,665689800,FAIL,fail,ECC_UNCORRECTABLE,E_ECC_0x33,ECC_UNCORRECTABLE,52000,1,0,0,0,1,56.0,21.97,67197511,1,uvm_report_server
RUN-000837,mixed_rw_test-000837,1994267824,FAIL,fail,PROTOCOL_VIOLATION,E_PROT_0x52,PROTOCOL_VIOLATION,4770,2,0,1,0,0,8.77,28.28,8767245,1,uvm_report_server
RUN-000838,back_to_back_program_test-000838,725874991,PASS,pass,NONE,,,,0,0,0,0,0,3.47,71.14,2079152,0,uvm_report_server
RUN-000839,mixed_rw_test-000839,1087849758,PASS,pass,NONE,,,,0,1,0,0,0,15.38,1.14,12303884,0,uvm_report_server
RUN-000840,garbage_collect_test-000840,632543437,PASS,pass,NONE,,,,0,0,0,0,0,17.97,13.62,14372046,0,uvm_report_server
RUN-000841,sequential_write_test-000841,1974359320,FAIL,fail,DATA_MISMATCH,E_CMP_0x11,DATA_MISMATCH,2500,4,0,0,1,1,1.94,338.77,1552789,1,uvm_report_server
RUN-000842,sequential_write_test-000842,816096563,PASS,pass,NONE,,,,0,0,0,0,0,25.67,19.55,20538168,0,uvm_report_server
RUN-000843,mixed_rw_test-000843,2144265672,PASS,pass,NONE,,,,0,0,0,0,0,44.19,25.16,53032555,0,uvm_report_server
RUN-000844,power_cycle_test-000844,1199144798,PASS,pass,NONE,,,,0,0,0,0,0,11.19,23.16,11187544,0,uvm_report_server
RUN-000845,garbage_collect_test-000845,420833223,PASS,pass,NONE,,,,0,0,0,0,0,15.88,484.12,9528420,0,uvm_report_server
RUN-000846,random_read_test-000846,606992849,FAIL,fail,TIMEOUT,E_TMO_0x40,TIMEOUT,1983060,3,0,1,0,0,1987.06,1.41,2384466874,1,uvm_report_server
RUN-000847,power_cycle_test-000847,1696383009,PASS,pass,NONE,,,,0,1,0,0,0,5.77,42.48,6922344,0,uvm_report_server
RUN-000848,erase_suspend_test-000848,1143432661,FAIL,fail,THERMAL_SHUTDOWN,E_THRM_0x80,THERMAL_SHUTDOWN,2500,2,1,0,0,0,3.15,16.01,1259924,1,uvm_report_server
RUN-000849,power_cycle_test-000849,247667441,PASS,pass,NONE,,,,0,0,0,0,0,21.42,45.61,21422603,0,uvm_report_server
RUN-000850,sequential_write_test-000850,1917389152,PASS,pass,NONE,,,,0,1,0,0,0,110.78,2.53,110781962,0,uvm_report_server
RUN-000851,mixed_rw_test-000851,281592710,PASS,pass,NONE,,,,0,1,0,0,0,2.43,13.27,1456177,0,uvm_report_server
RUN-000852,read_disturb_test-000852,659851895,FAIL,fail,DATA_MISMATCH,E_CMP_0x11,DATA_MISMATCH,58620,2,0,0,0,1,62.62,3.96,37571240,1,uvm_report_server
RUN-000853,power_cycle_test-000853,439558017,PASS,pass,NONE,,,,0,1,0,0,0,33.19,4.17,26551843,0,uvm_report_server
RUN-000854,read_disturb_test-000854,1086736246,FAIL,fail,ASSERTION_FAIL,E_ASRT_0x60,ASSERTION_FAIL,95680,4,1,0,1,0,99.68,7.39,59805437,1,uvm_report_server
RUN-000855,sequential_write_test-000855,429110389,PASS,pass,NONE,,,,0,1,0,0,0,1.0,135.68,600000,0,uvm_report_server
RUN-000856,back_to_back_program_test-000856,17527896,PASS,pass,NONE,,,,0,1,0,0,0,28.53,17.15,34236803,0,uvm_report_server
RUN-000857,mixed_rw_test-000857,2004176969,PASS,pass,NONE,,,,0,1,0,0,0,8.85,14.14,8850363,0,uvm_report_server
RUN-000858,erase_suspend_test-000858,102275373,PASS,pass,NONE,,,,0,1,0,0,0,29.01,8.64,23208688,0,uvm_report_server
RUN-000859,random_read_test-000859,1886858019,PASS,pass,NONE,,,,0,0,0,0,0,16.08,63.53,9646940,0,uvm_report_server
RUN-000860,sequential_write_test-000860,691335063,PASS,pass,NONE,,,,0,0,0,0,0,4.89,6.76,4891573,0,uvm_report_server
RUN-000861,mixed_rw_test-000861,1196674537,PASS,pass,NONE,,,,0,1,0,0,0,22.05,187.53,13228917,0,uvm_report_server
RUN-000862,back_to_back_program_test-000862,869717933,FAIL,fail,FIFO_OVERFLOW,E_FIFO_0x21,FIFO_OVERFLOW,8310,2,0,0,1,0,12.31,9.43,9851057,1,uvm_report_server
RUN-000863,power_cycle_test-000863,1033423726,FAIL,fail,THERMAL_SHUTDOWN,E_THRM_0x80,THERMAL_SHUTDOWN,2500,3,0,0,0,0,5.51,24.85,4409513,1,uvm_report_server
RUN-000864,random_read_test-000864,1162299,PASS,pass,NONE,,,,0,0,0,0,0,773.77,5.82,309509063,0,uvm_report_server
RUN-000865,power_cycle_test-000865,2122452207,PASS,pass,NONE,,,,0,0,0,0,0,3.38,71.2,2701172,0,uvm_report_server
RUN-000866,back_to_back_program_test-000866,1921379918,PASS,pass,NONE,,,,0,0,0,0,0,62.9,32.22,62900148,0,uvm_report_server
RUN-000867,sequential_write_test-000867,1179908188,PASS,pass,NONE,,,,0,1,0,0,0,26.58,36.87,10631670,0,uvm_report_server
RUN-000868,random_read_test-000868,991311367,PASS,pass,NONE,,,,0,0,0,0,0,1.71,4.42,1028251,0,uvm_report_server
RUN-000869,back_to_back_program_test-000869,804663736,FAIL,fail,THERMAL_SHUTDOWN,E_THRM_0x80,THERMAL_SHUTDOWN,11310,2,1,0,0,0,15.31,1.66,15313665,1,uvm_report_server
RUN-000870,erase_suspend_test-000870,1751345532,PASS,pass,NONE,,,,0,0,0,0,0,9.54,54.95,5726846,0,uvm_report_server
RUN-000871,read_disturb_test-000871,32767563,PASS,pass,NONE,,,,0,0,0,0,0,36.73,53.46,29380649,0,uvm_report_server
RUN-000872,power_cycle_test-000872,2084200685,PASS,pass,NONE,,,,0,1,0,0,0,886.59,2.2,886594722,0,uvm_report_server
RUN-000873,garbage_collect_test-000873,400621537,PASS,pass,NONE,,,,0,0,0,0,0,1.87,72.69,1123598,0,uvm_report_server
RUN-000874,sequential_write_test-000874,795893081,PASS,pass,NONE,,,,0,1,0,0,0,287.12,14.78,287117175,0,uvm_report_server
RUN-000875,sequential_write_test-000875,1596737873,PASS,pass,NONE,,,,0,1,0,0,0,10.86,23.62,4343920,0,uvm_report_server
RUN-000876,back_to_back_program_test-000876,1146165071,FAIL,fail,DATA_MISMATCH,E_CMP_0x11,DATA_MISMATCH,2500,2,1,0,0,1,1.57,6.18,627390,1,uvm_report_server
RUN-000877,random_read_test-000877,1661637527,PASS,pass,NONE,,,,0,0,0,0,0,95.74,0.64,95739582,0,uvm_report_server
RUN-000878,mixed_rw_test-000878,885032572,FAIL,fail,ECC_UNCORRECTABLE,E_ECC_0x33,ECC_UNCORRECTABLE,58610,3,0,0,0,1,62.61,24.71,75134042,1,uvm_report_server
RUN-000879,erase_suspend_test-000879,1284727097,PASS,pass,NONE,,,,0,0,0,0,0,19.16,56.09,15329569,0,uvm_report_server
RUN-000880,random_read_test-000880,1708934865,PASS,pass,NONE,,,,0,0,0,0,0,14.35,1.19,5738546,0,uvm_report_server
RUN-000881,garbage_collect_test-000881,1363391450,FAIL,fail,TIMEOUT,E_TMO_0x40,TIMEOUT,1974330,4,1,1,1,0,1978.33,0.05,1978330983,1,uvm_report_server
RUN-000882,random_read_test-000882,99247779,PASS,pass,NONE,,,,0,0,0,0,0,198.08,2.67,198077545,0,uvm_report_server
RUN-000883,erase_suspend_test-000883,1036089612,PASS,pass,NONE,,,,0,1,0,0,0,13.33,39.08,15997278,0,uvm_report_server
RUN-000884,random_read_test-000884,1642604446,PASS,pass,NONE,,,,0,1,0,0,0,8.1,33.18,8102406,0,uvm_report_server
RUN-000885,mixed_rw_test-000885,1589642754,PASS,pass,NONE,,,,0,0,0,0,0,5.62,23.15,3373923,0,uvm_report_server
RUN-000886,mixed_rw_test-000886,1478068723,FAIL,fail,TIMEOUT,E_TMO_0x40,TIMEOUT,1963810,3,0,1,0,0,1967.81,0.26,1967812907,1,uvm_report_server
RUN-000887,sequential_write_test-000887,762103099,PASS,pass,NONE,,,,0,0,0,0,0,11.23,24.04,6740679,0,uvm_report_server
RUN-000888,garbage_collect_test-000888,2133801211,PASS,pass,NONE,,,,0,0,0,0,0,36.26,14.18,43506715,0,uvm_report_server
RUN-000889,random_read_test-000889,1587751979,FAIL,fail,ASSERTION_FAIL,E_ASRT_0x60,ASSERTION_FAIL,2500,2,1,0,1,0,1.74,23.2,2092554,1,uvm_report_server
RUN-000890,garbage_collect_test-000890,1440432677,PASS,pass,NONE,,,,0,0,0,0,0,1.28,208.63,1021468,0,uvm_report_server
RUN-000891,random_read_test-000891,46753684,FAIL,fail,DATA_MISMATCH,E_CMP_0x11,DATA_MISMATCH,15210,2,0,0,0,1,19.21,8.29,15369172,1,uvm_report_server
RUN-000892,random_read_test-000892,1747532937,PASS,pass,NONE,,,,0,0,0,0,0,160.1,12.31,160095691,0,uvm_report_server
RUN-000893,random_read_test-000893,85454375,PASS,pass,NONE,,,,0,0,0,0,0,6.38,20.38,2550864,0,uvm_report_server
RUN-000894,mixed_rw_test-000894,851833628,PASS,pass,NONE,,,,0,0,0,0,0,2.25,14.13,2703622,0,uvm_report_server
RUN-000895,mixed_rw_test-000895,1006436716,PASS,pass,NONE,,,,0,1,0,0,0,170.28,3.0,136227877,0,uvm_report_server
RUN-000896,random_read_test-000896,147568015,PASS,pass,NONE,,,,0,0,0,0,0,37.06,1.65,14823191,0,uvm_report_server
RUN-000897,sequential_write_test-000897,1550301690,PASS,pass,NONE,,,,0,1,0,0,0,423.07,21.35,169229936,0,uvm_report_server
RUN-000898,random_read_test-000898,339000160,PASS,pass,NONE,,,,0,1,0,0,0,366.44,24.28,293155565,0,uvm_report_server
RUN-000899,power_cycle_test-000899,533864068,PASS,pass,NONE,,,,0,0,0,0,0,9.66,26.34,7729277,0,uvm_report_server
RUN-000900,mixed_rw_test-000900,1423667746,PASS,pass,NONE,,,,0,1,0,0,0,3.48,36.34,2780259,0,uvm_report_server
RUN-000901,garbage_collect_test-000901,1667895704,PASS,pass,NONE,,,,0,1,0,0,0,21.75,12.98,21753878,0,uvm_report_server
RUN-000902,mixed_rw_test-000902,666279346,PASS,pass,NONE,,,,0,0,0,0,0,13.79,71.43,13790957,0,uvm_report_server
RUN-000903,read_disturb_test-000903,2128303736,PASS,pass,NONE,,,,0,0,0,0,0,62.88,2.08,37730506,0,uvm_report_server
RUN-000904,mixed_rw_test-000904,1649733843,PASS,pass,NONE,,,,0,0,0,0,0,496.92,17.29,198769820,0,uvm_report_server
RUN-000905,mixed_rw_test-000905,1106017944,FAIL,fail,TIMEOUT,E_TMO_0x40,TIMEOUT,1992850,3,0,1,0,0,1996.85,0.04,1996848738,1,uvm_report_server
RUN-000906,sequential_write_test-000906,2087075348,PASS,pass,NONE,,,,0,1,0,0,0,587.52,14.74,235007760,0,uvm_report_server
RUN-000907,back_to_back_program_test-000907,1919729148,FAIL,fail,PROTOCOL_VIOLATION,E_PROT_0x52,PROTOCOL_VIOLATION,2500,3,0,1,1,0,3.44,98.8,2748231,1,uvm_report_server
RUN-000908,random_read_test-000908,1466299568,FAIL,fail,RETENTION_FAIL,E_RET_0x71,RETENTION_FAIL,2500,4,1,0,1,1,3.42,46.14,2052809,1,uvm_report_server
RUN-000909,random_read_test-000909,1796396197,PASS,pass,NONE,,,,0,0,0,0,0,4.5,15.52,4503215,0,uvm_report_server
RUN-000910,back_to_back_program_test-000910,267197509,FAIL,fail,FIFO_OVERFLOW,E_FIFO_0x21,FIFO_OVERFLOW,146840,4,1,0,1,0,150.84,2.04,60334717,1,uvm_report_server
RUN-000911,mixed_rw_test-000911,1247553692,PASS,pass,NONE,,,,0,0,0,0,0,22.94,46.26,9174282,0,uvm_report_server
RUN-000912,mixed_rw_test-000912,837826502,PASS,pass,NONE,,,,0,0,0,0,0,112.13,18.41,89704450,0,uvm_report_server
RUN-000913,sequential_write_test-000913,270382517,PASS,pass,NONE,,,,0,0,0,0,0,15.08,4.25,9048119,0,uvm_report_server
RUN-000914,sequential_write_test-000914,199045755,PASS,pass,NONE,,,,0,0,0,0,0,25.12,42.34,30148033,0,uvm_report_server
RUN-000915,power_cycle_test-000915,1777038203,PASS,pass,NONE,,,,0,1,0,0,0,1.36,48.65,1084484,0,uvm_report_server
RUN-000916,random_read_test-000916,1286806908,FAIL,fail,ECC_UNCORRECTABLE,E_ECC_0x33,ECC_UNCORRECTABLE,233590,1,0,0,0,1,237.59,6.59,190069809,1,uvm_report_server
RUN-000917,sequential_write_test-000917,1708326028,FAIL,fail,ASSERTION_FAIL,E_ASRT_0x60,ASSERTION_FAIL,2500,3,0,0,1,0,1.0,4.75,1000000,1,uvm_report_server
RUN-000918,power_cycle_test-000918,201451006,PASS,pass,NONE,,,,0,0,0,0,0,3.83,138.47,3827384,0,uvm_report_server
RUN-000919,mixed_rw_test-000919,667654545,PASS,pass,NONE,,,,0,1,0,0,0,8.18,32.6,6542461,0,uvm_report_server
RUN-000920,mixed_rw_test-000920,921561918,PASS,pass,NONE,,,,0,0,0,0,0,2.3,59.41,1841214,0,uvm_report_server
RUN-000921,power_cycle_test-000921,759518358,PASS,pass,NONE,,,,0,1,0,0,0,24.62,10.44,24615104,0,uvm_report_server
RUN-000922,power_cycle_test-000922,441991279,PASS,pass,NONE,,,,0,1,0,0,0,5.18,5.94,4140083,0,uvm_report_server
RUN-000923,sequential_write_test-000923,163793574,PASS,pass,NONE,,,,0,1,0,0,0,32.15,4.38,32146962,0,uvm_report_server
RUN-000924,back_to_back_program_test-000924,1143062983,PASS,pass,NONE,,,,0,0,0,0,0,9.43,28.6,5660765,0,uvm_report_server
RUN-000925,random_read_test-000925,830805393,FAIL,fail,DATA_MISMATCH,E_CMP_0x11,DATA_MISMATCH,21120,1,1,0,0,1,25.12,42.17,20099040,1,uvm_report_server
RUN-000926,erase_suspend_test-000926,2049639563,FAIL,fail,THERMAL_SHUTDOWN,E_THRM_0x80,THERMAL_SHUTDOWN,2500,4,0,0,1,0,3.01,12.37,3608847,1,uvm_report_server
RUN-000927,back_to_back_program_test-000927,1002022720,PASS,pass,NONE,,,,0,1,0,0,0,1.0,15.17,600000,0,uvm_report_server
RUN-000928,mixed_rw_test-000928,898441865,FAIL,fail,RETENTION_FAIL,E_RET_0x71,RETENTION_FAIL,47080,3,0,0,1,1,51.08,2.88,40866536,1,uvm_report_server
RUN-000929,random_read_test-000929,1263830173,PASS,pass,NONE,,,,0,0,0,0,0,4.73,13.23,2839346,0,uvm_report_server
RUN-000930,read_disturb_test-000930,402432930,PASS,pass,NONE,,,,0,1,0,0,0,68.94,3.86,68935363,0,uvm_report_server
RUN-000931,sequential_write_test-000931,2115307203,PASS,pass,NONE,,,,0,1,0,0,0,185.61,5.42,185611394,0,uvm_report_server
RUN-000932,erase_suspend_test-000932,1753906617,PASS,pass,NONE,,,,0,0,0,0,0,3.55,546.89,4256681,0,uvm_report_server
RUN-000933,random_read_test-000933,490199784,PASS,pass,NONE,,,,0,1,0,0,0,9.96,6.38,9958800,0,uvm_report_server
RUN-000934,back_to_back_program_test-000934,810070025,PASS,pass,NONE,,,,0,0,0,0,0,6.76,9.98,4057782,0,uvm_report_server
RUN-000935,power_cycle_test-000935,754698082,PASS,pass,NONE,,,,0,0,0,0,0,12.68,10.57,12681182,0,uvm_report_server
RUN-000936,sequential_write_test-000936,2004552540,PASS,pass,NONE,,,,0,0,0,0,0,42.39,12.56,33913041,0,uvm_report_server
RUN-000937,random_read_test-000937,1795521742,PASS,pass,NONE,,,,0,0,0,0,0,6.0,88.18,4799758,0,uvm_report_server
RUN-000938,read_disturb_test-000938,570059933,PASS,pass,NONE,,,,0,0,0,0,0,9.13,111.65,10950661,0,uvm_report_server
RUN-000939,random_read_test-000939,901499357,PASS,pass,NONE,,,,0,0,0,0,0,290.75,27.1,290748240,0,uvm_report_server
RUN-000940,random_read_test-000940,1765630251,PASS,pass,NONE,,,,0,0,0,0,0,264.97,3.87,105989725,0,uvm_report_server
RUN-000941,mixed_rw_test-000941,1165007910,PASS,pass,NONE,,,,0,0,0,0,0,389.8,10.75,233881323,0,uvm_report_server
RUN-000942,random_read_test-000942,383265278,PASS,pass,NONE,,,,0,0,0,0,0,32.76,33.71,32764667,0,uvm_report_server
RUN-000943,back_to_back_program_test-000943,1553446834,FAIL,fail,FIFO_OVERFLOW,E_FIFO_0x21,FIFO_OVERFLOW,89620,2,0,0,1,0,93.62,6.01,56173775,1,uvm_report_server
RUN-000944,read_disturb_test-000944,1303125400,PASS,pass,NONE,,,,0,0,0,0,0,13.81,9.37,11045991,0,uvm_report_server
RUN-000945,mixed_rw_test-000945,1995351192,PASS,pass,NONE,,,,0,0,0,0,0,14.46,35.61,17352115,0,uvm_report_server
RUN-000946,mixed_rw_test-000946,154831080,PASS,pass,NONE,,,,0,0,0,0,0,11.28,6.13,13540259,0,uvm_report_server
RUN-000947,random_read_test-000947,1095165259,PASS,pass,NONE,,,,0,1,0,0,0,1.91,34.1,1910498,0,uvm_report_server
RUN-000948,read_disturb_test-000948,858077353,PASS,pass,NONE,,,,0,0,0,0,0,24.14,88.09,14485335,0,uvm_report_server
RUN-000949,sequential_write_test-000949,802229574,PASS,pass,NONE,,,,0,1,0,0,0,2.31,14.84,1387250,0,uvm_report_server
RUN-000950,back_to_back_program_test-000950,345610521,FAIL,fail,PROTOCOL_VIOLATION,E_PROT_0x52,PROTOCOL_VIOLATION,2500,2,1,1,0,0,3.89,83.94,3114887,1,uvm_report_server
RUN-000951,back_to_back_program_test-000951,70083062,FAIL,fail,FIFO_OVERFLOW,E_FIFO_0x21,FIFO_OVERFLOW,111230,4,1,0,1,0,115.23,47.51,92181424,1,uvm_report_server
RUN-000952,power_cycle_test-000952,149450585,FAIL,fail,THERMAL_SHUTDOWN,E_THRM_0x80,THERMAL_SHUTDOWN,94440,3,1,0,1,0,98.44,1.3,78749172,1,uvm_report_server
RUN-000953,sequential_write_test-000953,2101008786,PASS,pass,NONE,,,,0,0,0,0,0,2.67,13.07,3206187,0,uvm_report_server
RUN-000954,power_cycle_test-000954,870629066,PASS,pass,NONE,,,,0,1,0,0,0,13.46,17.96,8078061,0,uvm_report_server
RUN-000955,sequential_write_test-000955,1563727460,PASS,pass,NONE,,,,0,0,0,0,0,9.73,108.7,9729347,0,uvm_report_server
RUN-000956,mixed_rw_test-000956,1161423741,PASS,pass,NONE,,,,0,1,0,0,0,10.03,49.6,4013565,0,uvm_report_server
RUN-000957,power_cycle_test-000957,475512706,PASS,pass,NONE,,,,0,0,0,0,0,30.16,16.53,18097299,0,uvm_report_server
RUN-000958,sequential_write_test-000958,675847365,FAIL,fail,THERMAL_SHUTDOWN,E_THRM_0x80,THERMAL_SHUTDOWN,2880,2,0,0,1,0,6.88,12.03,5506013,1,uvm_report_server
RUN-000959,back_to_back_program_test-000959,525025293,PASS,pass,NONE,,,,0,0,0,0,0,8.43,14.43,3371589,0,uvm_report_server
RUN-000960,garbage_collect_test-000960,1595879852,FAIL,fail,PROTOCOL_VIOLATION,E_PROT_0x52,PROTOCOL_VIOLATION,2500,2,1,1,0,0,1.0,1184.27,1000000,1,uvm_report_server
RUN-000961,random_read_test-000961,2110366629,PASS,pass,NONE,,,,0,0,0,0,0,14.51,18.74,8704854,0,uvm_report_server
RUN-000962,sequential_write_test-000962,230130795,PASS,pass,NONE,,,,0,1,0,0,0,34.54,127.86,27628544,0,uvm_report_server
RUN-000963,mixed_rw_test-000963,1047428710,PASS,pass,NONE,,,,0,1,0,0,0,3.52,8.72,2816851,0,uvm_report_server
RUN-000964,sequential_write_test-000964,1861872679,FAIL,fail,TIMEOUT,E_TMO_0x40,TIMEOUT,1977130,2,0,1,1,0,1981.13,0.1,2377356519,1,uvm_report_server
RUN-000965,sequential_write_test-000965,1827061310,PASS,pass,NONE,,,,0,0,0,0,0,4.29,14.75,4292038,0,uvm_report_server
RUN-000966,back_to_back_program_test-000966,1677065066,FAIL,fail,FIFO_OVERFLOW,E_FIFO_0x21,FIFO_OVERFLOW,108300,3,1,0,0,0,112.3,0.44,134760259,1,uvm_report_server
RUN-000967,power_cycle_test-000967,216355453,FAIL,fail,TIMEOUT,E_TMO_0x40,TIMEOUT,1982020,2,0,1,1,0,1986.02,1.35,1986022676,1,uvm_report_server
RUN-000968,back_to_back_program_test-000968,2101771231,FAIL,fail,FIFO_OVERFLOW,E_FIFO_0x21,FIFO_OVERFLOW,11710,2,0,0,0,0,15.71,2.61,15710058,1,uvm_report_server
RUN-000969,garbage_collect_test-000969,1580797357,PASS,pass,NONE,,,,0,0,0,0,0,659.66,6.6,395797712,0,uvm_report_server
RUN-000970,random_read_test-000970,1392002773,PASS,pass,NONE,,,,0,0,0,0,0,118.01,8.62,47203162,0,uvm_report_server
RUN-000971,power_cycle_test-000971,1334740935,PASS,pass,NONE,,,,0,0,0,0,0,12.91,20.82,7747754,0,uvm_report_server
RUN-000972,random_read_test-000972,1390947106,FAIL,fail,TIMEOUT,E_TMO_0x40,TIMEOUT,1980690,1,1,1,0,0,1984.69,0.29,2381633598,1,uvm_report_server
RUN-000973,read_disturb_test-000973,66436461,FAIL,fail,ASSERTION_FAIL,E_ASRT_0x60,ASSERTION_FAIL,2500,3,0,0,0,0,1.0,3.59,600000,1,uvm_report_server
RUN-000974,sequential_write_test-000974,1035003602,PASS,pass,NONE,,,,0,0,0,0,0,5.11,3.04,4090042,0,uvm_report_server
RUN-000975,mixed_rw_test-000975,796370813,PASS,pass,NONE,,,,0,0,0,0,0,2.5,13.77,1000302,0,uvm_report_server
RUN-000976,back_to_back_program_test-000976,580671304,PASS,pass,NONE,,,,0,0,0,0,0,23.36,5.29,9344586,0,uvm_report_server
RUN-000977,erase_suspend_test-000977,1270616957,FAIL,fail,ECC_UNCORRECTABLE,E_ECC_0x33,ECC_UNCORRECTABLE,37250,4,0,0,1,1,41.25,17.18,32996241,1,uvm_report_server
RUN-000978,back_to_back_program_test-000978,809664218,PASS,pass,NONE,,,,0,1,0,0,0,52.19,2.4,41753394,0,uvm_report_server
RUN-000979,erase_suspend_test-000979,1506276375,PASS,pass,NONE,,,,0,0,0,0,0,14.11,9.87,11291293,0,uvm_report_server
RUN-000980,sequential_write_test-000980,999202468,PASS,pass,NONE,,,,0,1,0,0,0,32.18,8.32,19308840,0,uvm_report_server
RUN-000981,sequential_write_test-000981,1426451220,PASS,pass,NONE,,,,0,0,0,0,0,6.15,44.7,4918124,0,uvm_report_server
RUN-000982,power_cycle_test-000982,1686988962,PASS,pass,NONE,,,,0,0,0,0,0,26.55,2.54,10618928,0,uvm_report_server
RUN-000983,read_disturb_test-000983,1078268448,PASS,pass,NONE,,,,0,0,0,0,0,22.1,24.77,17683998,0,uvm_report_server
RUN-000984,mixed_rw_test-000984,1591320379,PASS,pass,NONE,,,,0,0,0,0,0,7.21,17.06,2882006,0,uvm_report_server
RUN-000985,mixed_rw_test-000985,764162459,PASS,pass,NONE,,,,0,0,0,0,0,15.65,2.1,6258762,0,uvm_report_server
RUN-000986,sequential_write_test-000986,1203662059,FAIL,fail,RETENTION_FAIL,E_RET_0x71,RETENTION_FAIL,7560,2,0,0,0,1,11.56,51.79,9245670,1,uvm_report_server
RUN-000987,erase_suspend_test-000987,961687403,FAIL,fail,PROTOCOL_VIOLATION,E_PROT_0x52,PROTOCOL_VIOLATION,32600,3,1,1,1,0,36.6,31.58,29279762,1,uvm_report_server
RUN-000988,erase_suspend_test-000988,928227632,PASS,pass,NONE,,,,0,0,0,0,0,3.67,16.85,2201078,0,uvm_report_server
RUN-000989,erase_suspend_test-000989,640171619,PASS,pass,NONE,,,,0,1,0,0,0,18.95,52.0,11367414,0,uvm_report_server
RUN-000990,garbage_collect_test-000990,409077436,PASS,pass,NONE,,,,0,0,0,0,0,9.23,29.23,9225253,0,uvm_report_server
RUN-000991,power_cycle_test-000991,1668044440,PASS,pass,NONE,,,,0,0,0,0,0,18.61,28.0,14889747,0,uvm_report_server
RUN-000992,power_cycle_test-000992,1107804418,PASS,pass,NONE,,,,0,0,0,0,0,20.42,25.73,16333188,0,uvm_report_server
RUN-000993,power_cycle_test-000993,2051816051,FAIL,fail,DATA_MISMATCH,E_CMP_0x11,DATA_MISMATCH,39190,2,0,0,0,1,43.19,15.99,17277818,1,uvm_report_server
RUN-000994,random_read_test-000994,1799995210,PASS,pass,NONE,,,,0,1,0,0,0,4.11,249.9,3287212,0,uvm_report_server
RUN-000995,random_read_test-000995,1590859337,PASS,pass,NONE,,,,0,0,0,0,0,234.38,4.76,187502530,0,uvm_report_server
RUN-000996,erase_suspend_test-000996,1781681702,PASS,pass,NONE,,,,0,1,0,0,0,41.94,6.65,25165149,0,uvm_report_server
RUN-000997,random_read_test-000997,1645361220,PASS,pass,NONE,,,,0,0,0,0,0,15.14,129.67,9084137,0,uvm_report_server
RUN-000998,erase_suspend_test-000998,603824547,PASS,pass,NONE,,,,0,1,0,0,0,20.84,49.13,25009690,0,uvm_report_server
RUN-000999,garbage_collect_test-000999,1055045004,PASS,pass,NONE,,,,0,0,0,0,0,2.28,228.56,1365276,0,uvm_report_server
RUN-001000,power_cycle_test-001000,1236544615,PASS,pass,NONE,,,,0,0,0,0,0,1.49,93.06,1790120,0,uvm_report_server
RUN-001001,back_to_back_program_test-001001,928737799,PASS,pass,NONE,,,,0,0,0,0,0,116.33,8.86,116332830,0,uvm_report_server
RUN-001002,sequential_write_test-001002,557906621,FAIL,fail,RETENTION_FAIL,E_RET_0x71,RETENTION_FAIL,69760,3,0,0,1,1,73.76,2.7,73761637,1,uvm_report_server
RUN-001003,sequential_write_test-001003,1042894511,FAIL,fail,ASSERTION_FAIL,E_ASRT_0x60,ASSERTION_FAIL,24680,4,1,0,1,0,28.68,2.61,17210547,1,uvm_report_server
RUN-001004,erase_suspend_test-001004,1140440688,PASS,pass,NONE,,,,0,0,0,0,0,752.92,2.97,451752149,0,uvm_report_server
RUN-001005,mixed_rw_test-001005,1320397779,FAIL,fail,RETENTION_FAIL,E_RET_0x71,RETENTION_FAIL,2500,3,0,0,0,1,1.36,25.74,1360603,1,uvm_report_server
RUN-001006,back_to_back_program_test-001006,1339758697,PASS,pass,NONE,,,,0,0,0,0,0,21.9,1.41,8758491,0,uvm_report_server
RUN-001007,back_to_back_program_test-001007,1574849953,PASS,pass,NONE,,,,0,0,0,0,0,15.31,69.09,12249557,0,uvm_report_server
RUN-001008,random_read_test-001008,1138853105,PASS,pass,NONE,,,,0,0,0,0,0,117.98,8.93,94385870,0,uvm_report_server
RUN-001009,random_read_test-001009,615000912,PASS,pass,NONE,,,,0,1,0,0,0,17.0,14.18,17000007,0,uvm_report_server
RUN-001010,mixed_rw_test-001010,2054478678,PASS,pass,NONE,,,,0,0,0,0,0,20.0,106.01,24002827,0,uvm_report_server
RUN-001011,garbage_collect_test-001011,1727645709,PASS,pass,NONE,,,,0,0,0,0,0,17.1,3.57,10261825,0,uvm_report_server
RUN-001012,mixed_rw_test-001012,2052423220,PASS,pass,NONE,,,,0,1,0,0,0,6.2,88.53,6199874,0,uvm_report_server
RUN-001013,random_read_test-001013,904519897,PASS,pass,NONE,,,,0,1,0,0,0,49.11,10.62,39288349,0,uvm_report_server
RUN-001014,sequential_write_test-001014,1135184829,PASS,pass,NONE,,,,0,0,0,0,0,37.71,14.14,22627322,0,uvm_report_server
RUN-001015,power_cycle_test-001015,1009859764,PASS,pass,NONE,,,,0,0,0,0,0,29.7,288.8,17821734,0,uvm_report_server
RUN-001016,back_to_back_program_test-001016,253483091,PASS,pass,NONE,,,,0,0,0,0,0,9.83,6.15,7864873,0,uvm_report_server
RUN-001017,mixed_rw_test-001017,267353667,PASS,pass,NONE,,,,0,1,0,0,0,13.19,81.56,10549474,0,uvm_report_server
RUN-001018,read_disturb_test-001018,405982056,PASS,pass,NONE,,,,0,0,0,0,0,166.68,3.01,133342821,0,uvm_report_server
RUN-001019,sequential_write_test-001019,673381817,PASS,pass,NONE,,,,0,0,0,0,0,11.93,22.66,14313248,0,uvm_report_server
RUN-001020,back_to_back_program_test-001020,1062472825,PASS,pass,NONE,,,,0,0,0,0,0,11.0,93.03,8801098,0,uvm_report_server
RUN-001021,erase_suspend_test-001021,1248947994,PASS,pass,NONE,,,,0,1,0,0,0,1.67,21.03,2002261,0,uvm_report_server
RUN-001022,sequential_write_test-001022,516643279,PASS,pass,NONE,,,,0,0,0,0,0,3.08,79.97,1231081,0,uvm_report_server
RUN-001023,garbage_collect_test-001023,2090655437,PASS,pass,NONE,,,,0,1,0,0,0,378.12,5.27,151249496,0,uvm_report_server
RUN-001024,back_to_back_program_test-001024,1744389800,FAIL,fail,FIFO_OVERFLOW,E_FIFO_0x21,FIFO_OVERFLOW,4470,3,0,0,0,0,8.47,23.47,8472402,1,uvm_report_server
RUN-001025,erase_suspend_test-001025,1876601488,FAIL,fail,THERMAL_SHUTDOWN,E_THRM_0x80,THERMAL_SHUTDOWN,2570,2,0,0,0,0,6.57,151.96,3939533,1,uvm_report_server
RUN-001026,power_cycle_test-001026,9288894,PASS,pass,NONE,,,,0,0,0,0,0,12.63,2.53,7576051,0,uvm_report_server
RUN-001027,erase_suspend_test-001027,2095631492,PASS,pass,NONE,,,,0,0,0,0,0,16.8,57.76,20160541,0,uvm_report_server
RUN-001028,mixed_rw_test-001028,1285670960,PASS,pass,NONE,,,,0,0,0,0,0,3.08,11.34,2467713,0,uvm_report_server
RUN-001029,power_cycle_test-001029,680664087,PASS,pass,NONE,,,,0,0,0,0,0,3.64,2.2,2182341,0,uvm_report_server
RUN-001030,back_to_back_program_test-001030,1150486726,PASS,pass,NONE,,,,0,1,0,0,0,17.24,28.65,10344985,0,uvm_report_server
RUN-001031,read_disturb_test-001031,1194351418,PASS,pass,NONE,,,,0,0,0,0,0,17.65,27.26,14121807,0,uvm_report_server
RUN-001032,random_read_test-001032,1093079782,PASS,pass,NONE,,,,0,1,0,0,0,4.75,114.95,4746697,0,uvm_report_server
RUN-001033,erase_suspend_test-001033,93322553,PASS,pass,NONE,,,,0,0,0,0,0,18.41,108.86,22086648,0,uvm_report_server
RUN-001034,random_read_test-001034,2107560064,PASS,pass,NONE,,,,0,0,0,0,0,60.58,4.27,60577595,0,uvm_report_server
RUN-001035,read_disturb_test-001035,848979115,PASS,pass,NONE,,,,0,0,0,0,0,1.58,83.64,1581569,0,uvm_report_server
RUN-001036,random_read_test-001036,1222781453,PASS,pass,NONE,,,,0,0,0,0,0,51.17,1.22,51165629,0,uvm_report_server
RUN-001037,mixed_rw_test-001037,1246037044,PASS,pass,NONE,,,,0,0,0,0,0,4.62,7.19,2772740,0,uvm_report_server
RUN-001038,sequential_write_test-001038,1062242405,PASS,pass,NONE,,,,0,1,0,0,0,18.56,3.79,14847222,0,uvm_report_server
RUN-001039,sequential_write_test-001039,229504951,PASS,pass,NONE,,,,0,0,0,0,0,34.78,58.9,13913513,0,uvm_report_server
RUN-001040,garbage_collect_test-001040,464833024,FAIL,fail,TIMEOUT,E_TMO_0x40,TIMEOUT,1984110,2,0,1,0,0,1988.11,0.01,1988112318,1,uvm_report_server
RUN-001041,back_to_back_program_test-001041,45760704,FAIL,fail,PROTOCOL_VIOLATION,E_PROT_0x52,PROTOCOL_VIOLATION,4520,3,1,1,1,0,8.52,31.91,3408425,1,uvm_report_server
RUN-001042,garbage_collect_test-001042,376297856,PASS,pass,NONE,,,,0,0,0,0,0,2.21,123.45,1769274,0,uvm_report_server
RUN-001043,erase_suspend_test-001043,676412470,FAIL,fail,TIMEOUT,E_TMO_0x40,TIMEOUT,1956780,2,0,1,0,0,1960.78,0.17,1960781787,1,uvm_report_server
RUN-001044,mixed_rw_test-001044,741734585,PASS,pass,NONE,,,,0,0,0,0,0,28.82,19.53,17294530,0,uvm_report_server
RUN-001045,mixed_rw_test-001045,1254766569,FAIL,fail,ECC_UNCORRECTABLE,E_ECC_0x33,ECC_UNCORRECTABLE,99350,2,0,0,0,1,103.35,21.66,62009683,1,uvm_report_server
RUN-001046,erase_suspend_test-001046,562040787,PASS,pass,NONE,,,,0,0,0,0,0,12.48,39.25,9985326,0,uvm_report_server
RUN-001047,back_to_back_program_test-001047,1208354048,PASS,pass,NONE,,,,0,0,0,0,0,586.52,1.71,234608935,0,uvm_report_server
RUN-001048,erase_suspend_test-001048,1729440348,PASS,pass,NONE,,,,0,0,0,0,0,12.0,338.16,7201533,0,uvm_report_server
RUN-001049,mixed_rw_test-001049,1797793955,PASS,pass,NONE,,,,0,1,0,0,0,23.17,12.03,18534146,0,uvm_report_server
RUN-001050,garbage_collect_test-001050,392536942,PASS,pass,NONE,,,,0,1,0,0,0,85.98,6.35,34392649,0,uvm_report_server
RUN-001051,back_to_back_program_test-001051,1987739269,FAIL,fail,ASSERTION_FAIL,E_ASRT_0x60,ASSERTION_FAIL,5430,4,0,0,1,0,9.43,4.05,5655155,1,uvm_report_server
RUN-001052,sequential_write_test-001052,1182977335,PASS,pass,NONE,,,,0,0,0,0,0,2.17,3.75,2168241,0,uvm_report_server
RUN-001053,power_cycle_test-001053,841514414,PASS,pass,NONE,,,,0,0,0,0,0,63.48,33.42,76173335,0,uvm_report_server
RUN-001054,back_to_back_program_test-001054,167705963,FAIL,fail,FIFO_OVERFLOW,E_FIFO_0x21,FIFO_OVERFLOW,110910,4,0,0,1,0,114.91,3.05,114905044,1,uvm_report_server
RUN-001055,read_disturb_test-001055,849142423,PASS,pass,NONE,,,,0,0,0,0,0,20.4,50.32,20404857,0,uvm_report_server
RUN-001056,mixed_rw_test-001056,1822715960,PASS,pass,NONE,,,,0,0,0,0,0,33.37,8.34,40046002,0,uvm_report_server
RUN-001057,sequential_write_test-001057,1995543904,PASS,pass,NONE,,,,0,0,0,0,0,3.44,9.75,2755562,0,uvm_report_server
RUN-001058,mixed_rw_test-001058,2070485735,PASS,pass,NONE,,,,0,1,0,0,0,42.12,3.06,16846142,0,uvm_report_server
RUN-001059,read_disturb_test-001059,1240309597,PASS,pass,NONE,,,,0,0,0,0,0,56.01,39.53,44807576,0,uvm_report_server
RUN-001060,mixed_rw_test-001060,29021859,PASS,pass,NONE,,,,0,0,0,0,0,18.72,3.5,14979910,0,uvm_report_server
RUN-001061,erase_suspend_test-001061,1600966321,FAIL,fail,THERMAL_SHUTDOWN,E_THRM_0x80,THERMAL_SHUTDOWN,7880,1,1,0,0,0,11.88,3.89,9503679,1,uvm_report_server
RUN-001062,back_to_back_program_test-001062,589765265,PASS,pass,NONE,,,,0,1,0,0,0,14.15,38.69,11322466,0,uvm_report_server
RUN-001063,sequential_write_test-001063,1320471190,PASS,pass,NONE,,,,0,0,0,0,0,4.01,60.77,3206607,0,uvm_report_server
RUN-001064,garbage_collect_test-001064,296157893,PASS,pass,NONE,,,,0,0,0,0,0,46.7,90.57,37358723,0,uvm_report_server
RUN-001065,random_read_test-001065,558293952,PASS,pass,NONE,,,,0,0,0,0,0,22.58,3.0,18065814,0,uvm_report_server
RUN-001066,sequential_write_test-001066,2033892424,PASS,pass,NONE,,,,0,1,0,0,0,2.23,116.55,1787385,0,uvm_report_server
RUN-001067,back_to_back_program_test-001067,477765370,PASS,pass,NONE,,,,0,0,0,0,0,39.02,113.48,31216438,0,uvm_report_server
RUN-001068,random_read_test-001068,142667370,FAIL,fail,TIMEOUT,E_TMO_0x40,TIMEOUT,1970560,1,0,1,0,0,1974.56,0.17,1974555510,1,uvm_report_server
RUN-001069,random_read_test-001069,1117358659,FAIL,fail,TIMEOUT,E_TMO_0x40,TIMEOUT,1971500,3,1,1,1,0,1975.5,0.02,2370598078,1,uvm_report_server
RUN-001070,back_to_back_program_test-001070,685547966,FAIL,fail,FIFO_OVERFLOW,E_FIFO_0x21,FIFO_OVERFLOW,37980,1,1,0,0,0,41.98,13.5,41979081,1,uvm_report_server
RUN-001071,mixed_rw_test-001071,1692827847,PASS,pass,NONE,,,,0,0,0,0,0,2.47,3.24,1975302,0,uvm_report_server
RUN-001072,power_cycle_test-001072,491071691,PASS,pass,NONE,,,,0,1,0,0,0,16.19,15.74,16189728,0,uvm_report_server
RUN-001073,back_to_back_program_test-001073,2142061780,PASS,pass,NONE,,,,0,1,0,0,0,129.97,8.08,77983173,0,uvm_report_server
RUN-001074,back_to_back_program_test-001074,1764461826,PASS,pass,NONE,,,,0,0,0,0,0,3.51,38.85,2811538,0,uvm_report_server
RUN-001075,back_to_back_program_test-001075,1969071730,FAIL,fail,DATA_MISMATCH,E_CMP_0x11,DATA_MISMATCH,2500,3,0,0,0,1,2.26,65.92,1356110,1,uvm_report_server
RUN-001076,sequential_write_test-001076,1156529157,PASS,pass,NONE,,,,0,0,0,0,0,1.0,33.3,1200000,0,uvm_report_server
RUN-001077,mixed_rw_test-001077,1158516016,FAIL,fail,DATA_MISMATCH,E_CMP_0x11,DATA_MISMATCH,39300,4,0,0,1,1,43.3,120.81,34636922,1,uvm_report_server
RUN-001078,random_read_test-001078,1848849385,PASS,pass,NONE,,,,0,0,0,0,0,1.0,30.33,800000,0,uvm_report_server
RUN-001079,back_to_back_program_test-001079,842019503,PASS,pass,NONE,,,,0,1,0,0,0,1.99,122.42,2383307,0,uvm_report_server
RUN-001080,back_to_back_program_test-001080,1941283168,FAIL,fail,FIFO_OVERFLOW,E_FIFO_0x21,FIFO_OVERFLOW,54100,4,0,0,1,0,58.1,0.76,58104199,1,uvm_report_server
RUN-001081,random_read_test-001081,1645884988,PASS,pass,NONE,,,,0,0,0,0,0,108.73,40.05,86987885,0,uvm_report_server
RUN-001082,sequential_write_test-001082,376460883,PASS,pass,NONE,,,,0,0,0,0,0,15.05,9.19,15050829,0,uvm_report_server
RUN-001083,erase_suspend_test-001083,1077335789,PASS,pass,NONE,,,,0,1,0,0,0,34.42,113.65,27533824,0,uvm_report_server
RUN-001084,sequential_write_test-001084,148830179,PASS,pass,NONE,,,,0,0,0,0,0,1.0,32.7,600000,0,uvm_report_server
RUN-001085,back_to_back_program_test-001085,1309376263,FAIL,fail,RETENTION_FAIL,E_RET_0x71,RETENTION_FAIL,2500,4,0,0,1,1,4.86,4.07,3890353,1,uvm_report_server
RUN-001086,garbage_collect_test-001086,1076037666,FAIL,fail,TIMEOUT,E_TMO_0x40,TIMEOUT,1984150,1,0,1,0,0,1988.15,0.05,1988148475,1,uvm_report_server
RUN-001087,back_to_back_program_test-001087,642131924,FAIL,fail,TIMEOUT,E_TMO_0x40,TIMEOUT,1961390,4,0,1,1,0,1965.39,0.0,1965392367,1,uvm_report_server
RUN-001088,back_to_back_program_test-001088,901783160,PASS,pass,NONE,,,,0,1,0,0,0,3.31,36.4,2644564,0,uvm_report_server
RUN-001089,erase_suspend_test-001089,1714923723,PASS,pass,NONE,,,,0,0,0,0,0,14.22,9.76,8530588,0,uvm_report_server
RUN-001090,mixed_rw_test-001090,1860735877,PASS,pass,NONE,,,,0,1,0,0,0,67.2,16.79,53760699,0,uvm_report_server
RUN-001091,random_read_test-001091,454068664,PASS,pass,NONE,,,,0,0,0,0,0,776.61,5.44,931927274,0,uvm_report_server
RUN-001092,garbage_collect_test-001092,210727734,PASS,pass,NONE,,,,0,1,0,0,0,79.28,3.55,31713291,0,uvm_report_server
RUN-001093,back_to_back_program_test-001093,1912460430,PASS,pass,NONE,,,,0,1,0,0,0,185.19,2.94,148149325,0,uvm_report_server
RUN-001094,random_read_test-001094,1494734899,PASS,pass,NONE,,,,0,0,0,0,0,152.89,28.07,91736880,0,uvm_report_server
RUN-001095,random_read_test-001095,255231126,PASS,pass,NONE,,,,0,0,0,0,0,12.33,0.68,9864235,0,uvm_report_server
RUN-001096,random_read_test-001096,696081547,FAIL,fail,TIMEOUT,E_TMO_0x40,TIMEOUT,1979450,3,0,1,1,0,1983.45,0.04,2380136142,1,uvm_report_server
RUN-001097,power_cycle_test-001097,1992256834,PASS,pass,NONE,,,,0,0,0,0,0,8.13,30.18,6505922,0,uvm_report_server
RUN-001098,random_read_test-001098,13230839,PASS,pass,NONE,,,,0,0,0,0,0,12.81,40.58,10251039,0,uvm_report_server
RUN-001099,random_read_test-001099,1698629324,PASS,pass,NONE,,,,0,1,0,0,0,1.0,4.17,800000,0,uvm_report_server
RUN-001100,back_to_back_program_test-001100,757879321,PASS,pass,NONE,,,,0,0,0,0,0,6.31,43.07,7575152,0,uvm_report_server
RUN-001101,sequential_write_test-001101,521156544,PASS,pass,NONE,,,,0,1,0,0,0,11.65,45.52,11650639,0,uvm_report_server
RUN-001102,read_disturb_test-001102,2003625134,PASS,pass,NONE,,,,0,0,0,0,0,14.28,9.73,8565394,0,uvm_report_server
RUN-001103,random_read_test-001103,437297958,PASS,pass,NONE,,,,0,1,0,0,0,38.17,13.89,30537835,0,uvm_report_server
RUN-001104,back_to_back_program_test-001104,389827687,PASS,pass,NONE,,,,0,0,0,0,0,1.78,34.05,1423385,0,uvm_report_server
RUN-001105,sequential_write_test-001105,1899461402,PASS,pass,NONE,,,,0,0,0,0,0,4.55,27.61,3642573,0,uvm_report_server
RUN-001106,back_to_back_program_test-001106,159773121,PASS,pass,NONE,,,,0,0,0,0,0,2.44,12.62,1950068,0,uvm_report_server
RUN-001107,random_read_test-001107,158936025,PASS,pass,NONE,,,,0,0,0,0,0,2.5,51.54,998211,0,uvm_report_server
RUN-001108,power_cycle_test-001108,804283396,PASS,pass,NONE,,,,0,0,0,0,0,32.42,68.29,19449798,0,uvm_report_server
RUN-001109,read_disturb_test-001109,1345439033,PASS,pass,NONE,,,,0,0,0,0,0,19.66,0.89,11794158,0,uvm_report_server
RUN-001110,erase_suspend_test-001110,1419238268,FAIL,fail,ASSERTION_FAIL,E_ASRT_0x60,ASSERTION_FAIL,2500,2,1,0,0,0,1.71,48.1,1023451,1,uvm_report_server
RUN-001111,power_cycle_test-001111,823212558,PASS,pass,NONE,,,,0,0,0,0,0,74.7,115.15,44818785,0,uvm_report_server
RUN-001112,erase_suspend_test-001112,1216216704,FAIL,fail,TIMEOUT,E_TMO_0x40,TIMEOUT,1983540,3,0,1,1,0,1987.54,0.21,2385046550,1,uvm_report_server
RUN-001113,erase_suspend_test-001113,489816934,FAIL,fail,PROTOCOL_VIOLATION,E_PROT_0x52,PROTOCOL_VIOLATION,4760,3,0,1,1,0,8.76,341.51,5256672,1,uvm_report_server
RUN-001114,power_cycle_test-001114,1607308926,PASS,pass,NONE,,,,0,0,0,0,0,13.2,40.94,5281587,0,uvm_report_server
RUN-001115,random_read_test-001115,236535069,PASS,pass,NONE,,,,0,0,0,0,0,1.0,15.42,1200000,0,uvm_report_server
RUN-001116,random_read_test-001116,2100939120,PASS,pass,NONE,,,,0,0,0,0,0,202.34,1.35,121402370,0,uvm_report_server
RUN-001117,back_to_back_program_test-001117,123734327,FAIL,fail,FIFO_OVERFLOW,E_FIFO_0x21,FIFO_OVERFLOW,81680,3,0,0,1,0,85.68,6.5,68546777,1,uvm_report_server
RUN-001118,power_cycle_test-001118,511244480,FAIL,fail,TIMEOUT,E_TMO_0x40,TIMEOUT,1981760,2,0,1,1,0,1985.76,0.01,1985756243,1,uvm_report_server
RUN-001119,erase_suspend_test-001119,1306197773,PASS,pass,NONE,,,,0,0,0,0,0,24.49,5.69,14693671,0,uvm_report_server
RUN-001120,random_read_test-001120,1875223940,PASS,pass,NONE,,,,0,1,0,0,0,161.16,26.98,128926342,0,uvm_report_server
RUN-001121,random_read_test-001121,1984005791,FAIL,fail,DATA_MISMATCH,E_CMP_0x11,DATA_MISMATCH,2500,3,0,0,0,1,1.85,22.04,2223001,1,uvm_report_server
RUN-001122,erase_suspend_test-001122,501811736,PASS,pass,NONE,,,,0,0,0,0,0,668.04,3.02,267215157,0,uvm_report_server
RUN-001123,power_cycle_test-001123,589820101,PASS,pass,NONE,,,,0,1,0,0,0,6.55,19.04,6545958,0,uvm_report_server
RUN-001124,back_to_back_program_test-001124,1924407887,PASS,pass,NONE,,,,0,0,0,0,0,14.05,18.55,11239078,0,uvm_report_server
RUN-001125,back_to_back_program_test-001125,1262644850,PASS,pass,NONE,,,,0,0,0,0,0,85.93,25.7,51558599,0,uvm_report_server
RUN-001126,erase_suspend_test-001126,2120873456,PASS,pass,NONE,,,,0,0,0,0,0,7.26,8.42,2903267,0,uvm_report_server
RUN-001127,sequential_write_test-001127,123563194,PASS,pass,NONE,,,,0,0,0,0,0,53.84,5.08,53837361,0,uvm_report_server
RUN-001128,sequential_write_test-001128,1369670660,FAIL,fail,TIMEOUT,E_TMO_0x40,TIMEOUT,1994090,3,1,1,1,0,1998.09,0.3,1998093222,1,uvm_report_server
RUN-001129,mixed_rw_test-001129,146171449,FAIL,fail,DATA_MISMATCH,E_CMP_0x11,DATA_MISMATCH,60720,1,0,0,0,1,64.72,88.0,25889709,1,uvm_report_server
RUN-001130,back_to_back_program_test-001130,326146532,FAIL,fail,FIFO_OVERFLOW,E_FIFO_0x21,FIFO_OVERFLOW,9270,2,0,0,0,0,13.27,45.6,7964300,1,uvm_report_server
RUN-001131,mixed_rw_test-001131,1158156334,PASS,pass,NONE,,,,0,0,0,0,0,9.59,51.64,5756886,0,uvm_report_server
RUN-001132,sequential_write_test-001132,1751959400,PASS,pass,NONE,,,,0,0,0,0,0,181.78,6.21,109069571,0,uvm_report_server
RUN-001133,erase_suspend_test-001133,1976735571,PASS,pass,NONE,,,,0,0,0,0,0,1.0,243.71,1200000,0,uvm_report_server
RUN-001134,sequential_write_test-001134,561025664,PASS,pass,NONE,,,,0,1,0,0,0,9.56,3.34,7644977,0,uvm_report_server
RUN-001135,erase_suspend_test-001135,2009680480,PASS,pass,NONE,,,,0,0,0,0,0,15.34,35.47,15335721,0,uvm_report_server
RUN-001136,sequential_write_test-001136,130379074,PASS,pass,NONE,,,,0,0,0,0,0,1.71,302.67,1371023,0,uvm_report_server
RUN-001137,garbage_collect_test-001137,176213974,PASS,pass,NONE,,,,0,1,0,0,0,197.18,5.57,236620243,0,uvm_report_server
RUN-001138,power_cycle_test-001138,1369497549,PASS,pass,NONE,,,,0,0,0,0,0,147.99,6.91,177589403,0,uvm_report_server
RUN-001139,sequential_write_test-001139,245371484,PASS,pass,NONE,,,,0,0,0,0,0,32.53,63.58,26024138,0,uvm_report_server
RUN-001140,back_to_back_program_test-001140,740559251,FAIL,fail,FIFO_OVERFLOW,E_FIFO_0x21,FIFO_OVERFLOW,37290,4,0,0,1,0,41.29,5.61,33033519,1,uvm_report_server
RUN-001141,garbage_collect_test-001141,2137652530,PASS,pass,NONE,,,,0,1,0,0,0,14.34,35.27,5734966,0,uvm_report_server
RUN-001142,back_to_back_program_test-001142,256090739,PASS,pass,NONE,,,,0,0,0,0,0,8.75,57.59,5250388,0,uvm_report_server
RUN-001143,garbage_collect_test-001143,252047009,FAIL,fail,DATA_MISMATCH,E_CMP_0x11,DATA_MISMATCH,2500,2,0,0,1,1,2.17,74.83,1739513,1,uvm_report_server
RUN-001144,mixed_rw_test-001144,834000865,PASS,pass,NONE,,,,0,0,0,0,0,1.15,107.51,922333,0,uvm_report_server
RUN-001145,mixed_rw_test-001145,2108069478,PASS,pass,NONE,,,,0,1,0,0,0,59.73,0.52,23890252,0,uvm_report_server
RUN-001146,sequential_write_test-001146,1391964620,FAIL,fail,TIMEOUT,E_TMO_0x40,TIMEOUT,1995150,2,0,1,0,0,1999.15,0.01,1999149063,1,uvm_report_server
RUN-001147,back_to_back_program_test-001147,32000074,PASS,pass,NONE,,,,0,1,0,0,0,4.03,66.02,4838434,0,uvm_report_server
RUN-001148,back_to_back_program_test-001148,1419386074,FAIL,fail,FIFO_OVERFLOW,E_FIFO_0x21,FIFO_OVERFLOW,8080,3,0,0,1,0,12.08,6.01,9661524,1,uvm_report_server
RUN-001149,mixed_rw_test-001149,1804574765,PASS,pass,NONE,,,,0,1,0,0,0,34.7,232.48,20822249,0,uvm_report_server
RUN-001150,sequential_write_test-001150,908315249,PASS,pass,NONE,,,,0,0,0,0,0,2.72,3.19,2173158,0,uvm_report_server
RUN-001151,erase_suspend_test-001151,634326660,FAIL,fail,TIMEOUT,E_TMO_0x40,TIMEOUT,1983530,3,0,1,1,0,1987.53,1.23,1987526306,1,uvm_report_server
RUN-001152,mixed_rw_test-001152,1796001056,PASS,pass,NONE,,,,0,0,0,0,0,9.0,30.04,10801439,0,uvm_report_server
RUN-001153,back_to_back_program_test-001153,1151409546,FAIL,fail,FIFO_OVERFLOW,E_FIFO_0x21,FIFO_OVERFLOW,21430,4,1,0,1,0,25.43,6.94,20340788,1,uvm_report_server
RUN-001154,erase_suspend_test-001154,585876480,PASS,pass,NONE,,,,0,1,0,0,0,45.44,43.09,27261511,0,uvm_report_server
RUN-001155,erase_suspend_test-001155,631666522,PASS,pass,NONE,,,,0,1,0,0,0,10.09,47.75,6052265,0,uvm_report_server
RUN-001156,back_to_back_program_test-001156,1744149276,FAIL,fail,THERMAL_SHUTDOWN,E_THRM_0x80,THERMAL_SHUTDOWN,68210,3,0,0,1,0,72.21,36.42,43328028,1,uvm_report_server
RUN-001157,sequential_write_test-001157,2056492973,PASS,pass,NONE,,,,0,1,0,0,0,25.18,162.26,25180724,0,uvm_report_server
RUN-001158,back_to_back_program_test-001158,1331720634,PASS,pass,NONE,,,,0,0,0,0,0,80.78,99.45,64627603,0,uvm_report_server
RUN-001159,sequential_write_test-001159,104584494,PASS,pass,NONE,,,,0,0,0,0,0,16.56,128.43,13245053,0,uvm_report_server
RUN-001160,erase_suspend_test-001160,1718920902,PASS,pass,NONE,,,,0,0,0,0,0,54.2,9.62,43356229,0,uvm_report_server
RUN-001161,sequential_write_test-001161,629022970,FAIL,fail,RETENTION_FAIL,E_RET_0x71,RETENTION_FAIL,27080,3,0,0,0,1,31.08,25.1,12433896,1,uvm_report_server
RUN-001162,power_cycle_test-001162,1857179252,FAIL,fail,ASSERTION_FAIL,E_ASRT_0x60,ASSERTION_FAIL,2500,2,0,0,0,0,1.0,21.38,1200000,1,uvm_report_server
RUN-001163,garbage_collect_test-001163,1962139459,PASS,pass,NONE,,,,0,1,0,0,0,566.13,0.9,452903801,0,uvm_report_server
RUN-001164,power_cycle_test-001164,1739594882,PASS,pass,NONE,,,,0,0,0,0,0,27.45,38.49,27451761,0,uvm_report_server
RUN-001165,random_read_test-001165,2032053467,PASS,pass,NONE,,,,0,1,0,0,0,3.46,17.79,4151041,0,uvm_report_server
RUN-001166,mixed_rw_test-001166,51085233,PASS,pass,NONE,,,,0,0,0,0,0,8.08,2.19,4848989,0,uvm_report_server
RUN-001167,mixed_rw_test-001167,857402973,PASS,pass,NONE,,,,0,0,0,0,0,15.88,138.33,19057275,0,uvm_report_server
RUN-001168,erase_suspend_test-001168,1134492082,PASS,pass,NONE,,,,0,0,0,0,0,1.69,151.97,1352400,0,uvm_report_server
RUN-001169,read_disturb_test-001169,390522782,FAIL,fail,ECC_UNCORRECTABLE,E_ECC_0x33,ECC_UNCORRECTABLE,312930,4,0,0,1,1,316.93,0.91,253546005,1,uvm_report_server
RUN-001170,random_read_test-001170,2008894275,FAIL,fail,DATA_MISMATCH,E_CMP_0x11,DATA_MISMATCH,23370,2,1,0,1,1,27.37,26.25,10947828,1,uvm_report_server
RUN-001171,mixed_rw_test-001171,826395694,PASS,pass,NONE,,,,0,1,0,0,0,4.27,7.64,3413561,0,uvm_report_server
RUN-001172,erase_suspend_test-001172,1033605905,PASS,pass,NONE,,,,0,1,0,0,0,61.5,34.96,49198202,0,uvm_report_server
RUN-001173,garbage_collect_test-001173,936742442,PASS,pass,NONE,,,,0,0,0,0,0,2.07,60.38,1241241,0,uvm_report_server
RUN-001174,sequential_write_test-001174,6993938,PASS,pass,NONE,,,,0,0,0,0,0,10.67,24.2,10674252,0,uvm_report_server
RUN-001175,random_read_test-001175,1382838534,PASS,pass,NONE,,,,0,1,0,0,0,42.83,51.04,42825277,0,uvm_report_server
RUN-001176,random_read_test-001176,1513642606,FAIL,fail,ASSERTION_FAIL,E_ASRT_0x60,ASSERTION_FAIL,14710,3,0,0,0,0,18.71,2.43,7484598,1,uvm_report_server
RUN-001177,power_cycle_test-001177,1766430993,PASS,pass,NONE,,,,0,1,0,0,0,287.01,1.81,229608654,0,uvm_report_server
RUN-001178,garbage_collect_test-001178,160631130,PASS,pass,NONE,,,,0,1,0,0,0,69.95,3.79,27978543,0,uvm_report_server
RUN-001179,mixed_rw_test-001179,1149441468,PASS,pass,NONE,,,,0,0,0,0,0,4.8,51.7,1920590,0,uvm_report_server
RUN-001180,read_disturb_test-001180,742759683,PASS,pass,NONE,,,,0,0,0,0,0,22.67,5.62,9068830,0,uvm_report_server
RUN-001181,erase_suspend_test-001181,2028128105,FAIL,fail,ECC_UNCORRECTABLE,E_ECC_0x33,ECC_UNCORRECTABLE,22690,1,0,0,0,1,26.69,38.84,10675230,1,uvm_report_server
RUN-001182,power_cycle_test-001182,1654368458,PASS,pass,NONE,,,,0,1,0,0,0,768.12,2.55,460870654,0,uvm_report_server
RUN-001183,mixed_rw_test-001183,398923199,PASS,pass,NONE,,,,0,0,0,0,0,242.38,8.94,193902806,0,uvm_report_server
RUN-001184,back_to_back_program_test-001184,98877087,FAIL,fail,FIFO_OVERFLOW,E_FIFO_0x21,FIFO_OVERFLOW,81060,2,1,0,0,0,85.06,6.88,51033024,1,uvm_report_server
RUN-001185,mixed_rw_test-001185,1616514440,PASS,pass,NONE,,,,0,0,0,0,0,5.44,51.27,6533451,0,uvm_report_server
RUN-001186,random_read_test-001186,880888733,FAIL,fail,TIMEOUT,E_TMO_0x40,TIMEOUT,1968320,1,0,1,0,0,1972.32,0.08,1972322904,1,uvm_report_server
RUN-001187,garbage_collect_test-001187,1953219474,PASS,pass,NONE,,,,0,0,0,0,0,1.0,30.03,800000,0,uvm_report_server
RUN-001188,back_to_back_program_test-001188,1194176915,FAIL,fail,ASSERTION_FAIL,E_ASRT_0x60,ASSERTION_FAIL,26670,1,1,0,0,0,30.67,12.2,36807489,1,uvm_report_server
RUN-001189,back_to_back_program_test-001189,1378947799,PASS,pass,NONE,,,,0,0,0,0,0,6.57,4.98,3942705,0,uvm_report_server
RUN-001190,sequential_write_test-001190,2091111358,PASS,pass,NONE,,,,0,0,0,0,0,4.69,56.97,2815355,0,uvm_report_server
RUN-001191,read_disturb_test-001191,1200162300,PASS,pass,NONE,,,,0,0,0,0,0,61.88,15.68,37125009,0,uvm_report_server
RUN-001192,random_read_test-001192,565884884,PASS,pass,NONE,,,,0,0,0,0,0,3.83,248.83,3067718,0,uvm_report_server
RUN-001193,random_read_test-001193,2133652686,PASS,pass,NONE,,,,0,1,0,0,0,306.19,1.66,122474922,0,uvm_report_server
RUN-001194,erase_suspend_test-001194,1061973537,PASS,pass,NONE,,,,0,1,0,0,0,427.7,9.46,342158599,0,uvm_report_server
RUN-001195,back_to_back_program_test-001195,678572363,PASS,pass,NONE,,,,0,0,0,0,0,3.11,11.3,3110097,0,uvm_report_server
RUN-001196,read_disturb_test-001196,1617723507,FAIL,fail,TIMEOUT,E_TMO_0x40,TIMEOUT,1989070,2,1,1,0,0,1993.07,0.22,1993069629,1,uvm_report_server
RUN-001197,read_disturb_test-001197,1003181890,PASS,pass,NONE,,,,0,0,0,0,0,20.52,13.62,16417822,0,uvm_report_server
RUN-001198,back_to_back_program_test-001198,1075763562,PASS,pass,NONE,,,,0,1,0,0,0,121.1,72.23,121098802,0,uvm_report_server
RUN-001199,random_read_test-001199,1077562615,PASS,pass,NONE,,,,0,1,0,0,0,2.5,54.19,2000115,0,uvm_report_server
RUN-001200,back_to_back_program_test-001200,1957057154,PASS,pass,NONE,,,,0,1,0,0,0,50.8,21.35,30482581,0,uvm_report_server
RUN-001201,sequential_write_test-001201,1301020027,FAIL,fail,ECC_UNCORRECTABLE,E_ECC_0x33,ECC_UNCORRECTABLE,36650,4,0,0,1,1,40.65,22.06,32523159,1,uvm_report_server
RUN-001202,random_read_test-001202,642886105,PASS,pass,NONE,,,,0,0,0,0,0,18.19,15.18,7274739,0,uvm_report_server
RUN-001203,sequential_write_test-001203,581372880,PASS,pass,NONE,,,,0,0,0,0,0,10.48,399.89,10483543,0,uvm_report_server
RUN-001204,sequential_write_test-001204,1962902092,FAIL,fail,TIMEOUT,E_TMO_0x40,TIMEOUT,1983090,3,0,1,0,0,1987.09,1.56,2384507313,1,uvm_report_server
RUN-001205,back_to_back_program_test-001205,2096643927,FAIL,fail,FIFO_OVERFLOW,E_FIFO_0x21,FIFO_OVERFLOW,99490,1,0,0,0,0,103.49,24.96,124182964,1,uvm_report_server
RUN-001206,back_to_back_program_test-001206,1679951935,FAIL,fail,TIMEOUT,E_TMO_0x40,TIMEOUT,1987380,3,1,1,0,0,1991.38,0.01,1991378021,1,uvm_report_server
RUN-001207,back_to_back_program_test-001207,1461579382,PASS,pass,NONE,,,,0,1,0,0,0,15.27,8.56,12215276,0,uvm_report_server
RUN-001208,sequential_write_test-001208,292280307,PASS,pass,NONE,,,,0,0,0,0,0,124.58,4.05,74745201,0,uvm_report_server
RUN-001209,power_cycle_test-001209,785492602,PASS,pass,NONE,,,,0,0,0,0,0,85.12,11.33,34047056,0,uvm_report_server
RUN-001210,erase_suspend_test-001210,365875505,PASS,pass,NONE,,,,0,1,0,0,0,5.71,97.6,4570964,0,uvm_report_server
RUN-001211,back_to_back_program_test-001211,1743546545,FAIL,fail,FIFO_OVERFLOW,E_FIFO_0x21,FIFO_OVERFLOW,44080,1,0,0,0,0,48.08,33.64,38461716,1,uvm_report_server
RUN-001212,back_to_back_program_test-001212,1248802799,PASS,pass,NONE,,,,0,1,0,0,0,64.67,2.01,38800918,0,uvm_report_server
RUN-001213,power_cycle_test-001213,411556459,PASS,pass,NONE,,,,0,1,0,0,0,84.76,25.62,67808612,0,uvm_report_server
RUN-001214,random_read_test-001214,1076063865,PASS,pass,NONE,,,,0,1,0,0,0,6.63,41.61,7951959,0,uvm_report_server
RUN-001215,erase_suspend_test-001215,1156861591,FAIL,fail,TIMEOUT,E_TMO_0x40,TIMEOUT,1968400,3,0,1,1,0,1972.4,0.05,2366874068,1,uvm_report_server
RUN-001216,mixed_rw_test-001216,15474178,FAIL,fail,ASSERTION_FAIL,E_ASRT_0x60,ASSERTION_FAIL,4990,4,0,0,1,0,8.99,1.16,7193323,1,uvm_report_server
RUN-001217,sequential_write_test-001217,10457986,PASS,pass,NONE,,,,0,0,0,0,0,9.9,14.1,5942885,0,uvm_report_server
RUN-001218,random_read_test-001218,2030837814,FAIL,fail,DATA_MISMATCH,E_CMP_0x11,DATA_MISMATCH,2500,1,0,0,0,1,1.6,13.44,1277446,1,uvm_report_server
RUN-001219,sequential_write_test-001219,1209671172,PASS,pass,NONE,,,,0,1,0,0,0,87.75,90.25,52648146,0,uvm_report_server
RUN-001220,erase_suspend_test-001220,63069239,PASS,pass,NONE,,,,0,0,0,0,0,28.97,67.75,23179304,0,uvm_report_server
RUN-001221,random_read_test-001221,1489909867,PASS,pass,NONE,,,,0,0,0,0,0,16.49,8.28,13195804,0,uvm_report_server
RUN-001222,erase_suspend_test-001222,336086541,PASS,pass,NONE,,,,0,1,0,0,0,37.15,1.88,14858751,0,uvm_report_server
RUN-001223,erase_suspend_test-001223,1624350029,PASS,pass,NONE,,,,0,0,0,0,0,5.79,23.35,4631249,0,uvm_report_server
RUN-001224,garbage_collect_test-001224,1292017137,FAIL,fail,THERMAL_SHUTDOWN,E_THRM_0x80,THERMAL_SHUTDOWN,8540,3,0,0,0,0,12.54,3.62,5014141,1,uvm_report_server
RUN-001225,sequential_write_test-001225,474886045,PASS,pass,NONE,,,,0,1,0,0,0,45.93,2.83,36741220,0,uvm_report_server
RUN-001226,garbage_collect_test-001226,1418227643,PASS,pass,NONE,,,,0,1,0,0,0,2.15,28.71,2154261,0,uvm_report_server
RUN-001227,sequential_write_test-001227,420231598,PASS,pass,NONE,,,,0,0,0,0,0,132.71,1.97,106165890,0,uvm_report_server
RUN-001228,mixed_rw_test-001228,15510300,PASS,pass,NONE,,,,0,0,0,0,0,4.62,56.05,3699157,0,uvm_report_server
RUN-001229,sequential_write_test-001229,1254655430,FAIL,fail,ASSERTION_FAIL,E_ASRT_0x60,ASSERTION_FAIL,141050,3,0,0,0,0,145.05,74.06,87030960,1,uvm_report_server
RUN-001230,read_disturb_test-001230,406877731,PASS,pass,NONE,,,,0,0,0,0,0,12.44,40.18,7463035,0,uvm_report_server
RUN-001231,back_to_back_program_test-001231,1433295726,PASS,pass,NONE,,,,0,1,0,0,0,92.63,11.29,55579744,0,uvm_report_server
RUN-001232,read_disturb_test-001232,236433106,PASS,pass,NONE,,,,0,0,0,0,0,7.08,18.49,7080092,0,uvm_report_server
RUN-001233,garbage_collect_test-001233,1629541277,PASS,pass,NONE,,,,0,0,0,0,0,3.7,291.28,2220913,0,uvm_report_server
RUN-001234,back_to_back_program_test-001234,2010737149,FAIL,fail,PROTOCOL_VIOLATION,E_PROT_0x52,PROTOCOL_VIOLATION,5680,2,0,1,0,0,9.68,305.52,3873384,1,uvm_report_server
RUN-001235,power_cycle_test-001235,288699099,PASS,pass,NONE,,,,0,0,0,0,0,5.96,46.81,4764536,0,uvm_report_server
RUN-001236,mixed_rw_test-001236,867865349,FAIL,fail,DATA_MISMATCH,E_CMP_0x11,DATA_MISMATCH,2500,4,1,0,1,1,1.0,29.96,800000,1,uvm_report_server
RUN-001237,back_to_back_program_test-001237,721975039,PASS,pass,NONE,,,,0,0,0,0,0,78.01,26.19,31203700,0,uvm_report_server
RUN-001238,erase_suspend_test-001238,1357784975,PASS,pass,NONE,,,,0,0,0,0,0,1.42,97.08,854437,0,uvm_report_server
RUN-001239,sequential_write_test-001239,256719554,PASS,pass,NONE,,,,0,0,0,0,0,11.7,95.13,9363111,0,uvm_report_server
RUN-001240,power_cycle_test-001240,347089503,FAIL,fail,TIMEOUT,E_TMO_0x40,TIMEOUT,1993070,2,1,1,0,0,1997.07,0.11,1997074196,1,uvm_report_server
RUN-001241,garbage_collect_test-001241,788543825,PASS,pass,NONE,,,,0,0,0,0,0,1.38,46.15,551883,0,uvm_report_server
RUN-001242,read_disturb_test-001242,586720635,FAIL,fail,TIMEOUT,E_TMO_0x40,TIMEOUT,1960120,3,0,1,0,0,1964.12,0.01,2356938965,1,uvm_report_server
RUN-001243,erase_suspend_test-001243,919345020,PASS,pass,NONE,,,,0,0,0,0,0,8.18,15.67,4909372,0,uvm_report_server
RUN-001244,garbage_collect_test-001244,1589167521,FAIL,fail,ASSERTION_FAIL,E_ASRT_0x60,ASSERTION_FAIL,2500,1,0,0,0,0,4.99,15.49,2994046,1,uvm_report_server
RUN-001245,erase_suspend_test-001245,176141,PASS,pass,NONE,,,,0,0,0,0,0,4.56,60.91,4561477,0,uvm_report_server
RUN-001246,back_to_back_program_test-001246,1301563871,PASS,pass,NONE,,,,0,1,0,0,0,5.65,48.39,4519138,0,uvm_report_server
RUN-001247,erase_suspend_test-001247,185879382,PASS,pass,NONE,,,,0,1,0,0,0,3.24,19.34,3241784,0,uvm_report_server
RUN-001248,garbage_collect_test-001248,1408539493,PASS,pass,NONE,,,,0,0,0,0,0,14.71,140.05,17651747,0,uvm_report_server
RUN-001249,sequential_write_test-001249,1328291433,PASS,pass,NONE,,,,0,0,0,0,0,1.13,114.76,903668,0,uvm_report_server
RUN-001250,garbage_collect_test-001250,1170470240,FAIL,fail,ASSERTION_FAIL,E_ASRT_0x60,ASSERTION_FAIL,2500,2,0,0,0,0,3.98,143.59,3185230,1,uvm_report_server
RUN-001251,back_to_back_program_test-001251,2013926383,PASS,pass,NONE,,,,0,0,0,0,0,13.05,9.88,10438142,0,uvm_report_server
RUN-001252,sequential_write_test-001252,10370317,PASS,pass,NONE,,,,0,0,0,0,0,8.79,31.5,8790723,0,uvm_report_server
RUN-001253,read_disturb_test-001253,687994205,PASS,pass,NONE,,,,0,0,0,0,0,11.86,20.55,9487012,0,uvm_report_server
RUN-001254,back_to_back_program_test-001254,783405759,FAIL,fail,FIFO_OVERFLOW,E_FIFO_0x21,FIFO_OVERFLOW,2500,2,0,0,0,0,3.41,5.77,2048886,1,uvm_report_server
RUN-001255,back_to_back_program_test-001255,2061505536,FAIL,fail,FIFO_OVERFLOW,E_FIFO_0x21,FIFO_OVERFLOW,58620,3,0,0,1,0,62.62,4.09,50098690,1,uvm_report_server
RUN-001256,read_disturb_test-001256,2092170108,PASS,pass,NONE,,,,0,0,0,0,0,11.54,11.95,9235429,0,uvm_report_server
RUN-001257,random_read_test-001257,751045002,PASS,pass,NONE,,,,0,0,0,0,0,1.0,30.29,1000000,0,uvm_report_server
RUN-001258,garbage_collect_test-001258,1622283788,PASS,pass,NONE,,,,0,0,0,0,0,1.8,75.29,1801004,0,uvm_report_server
RUN-001259,read_disturb_test-001259,1101164106,PASS,pass,NONE,,,,0,0,0,0,0,27.01,73.0,16205763,0,uvm_report_server
RUN-001260,mixed_rw_test-001260,577083784,PASS,pass,NONE,,,,0,1,0,0,0,4.94,7.12,1976621,0,uvm_report_server
RUN-001261,back_to_back_program_test-001261,345380984,PASS,pass,NONE,,,,0,0,0,0,0,7.65,70.42,6116354,0,uvm_report_server
RUN-001262,mixed_rw_test-001262,1760054872,FAIL,fail,TIMEOUT,E_TMO_0x40,TIMEOUT,1980620,3,0,1,0,0,1984.62,0.66,2381549925,1,uvm_report_server
RUN-001263,random_read_test-001263,113568771,PASS,pass,NONE,,,,0,1,0,0,0,7.42,9.05,5939659,0,uvm_report_server
RUN-001264,random_read_test-001264,138013123,PASS,pass,NONE,,,,0,0,0,0,0,10.62,3.3,8499254,0,uvm_report_server
RUN-001265,random_read_test-001265,954411702,PASS,pass,NONE,,,,0,0,0,0,0,177.65,46.62,213177611,0,uvm_report_server
RUN-001266,read_disturb_test-001266,564569536,PASS,pass,NONE,,,,0,1,0,0,0,19.52,13.1,11709423,0,uvm_report_server
RUN-001267,random_read_test-001267,2121021727,FAIL,fail,THERMAL_SHUTDOWN,E_THRM_0x80,THERMAL_SHUTDOWN,112920,1,0,0,0,0,116.92,3.5,46767155,1,uvm_report_server
RUN-001268,back_to_back_program_test-001268,536328427,PASS,pass,NONE,,,,0,0,0,0,0,64.45,32.06,64454509,0,uvm_report_server
RUN-001269,read_disturb_test-001269,1415187441,PASS,pass,NONE,,,,0,0,0,0,0,42.91,11.32,25748030,0,uvm_report_server
RUN-001270,random_read_test-001270,901081591,PASS,pass,NONE,,,,0,1,0,0,0,10.61,188.53,8489840,0,uvm_report_server
RUN-001271,sequential_write_test-001271,759739436,FAIL,fail,TIMEOUT,E_TMO_0x40,TIMEOUT,1957020,2,1,1,1,0,1961.02,0.36,2353228623,1,uvm_report_server
RUN-001272,mixed_rw_test-001272,1563392797,PASS,pass,NONE,,,,0,0,0,0,0,250.4,63.42,150240018,0,uvm_report_server
RUN-001273,read_disturb_test-001273,1957625525,PASS,pass,NONE,,,,0,0,0,0,0,137.49,57.3,109989883,0,uvm_report_server
RUN-001274,sequential_write_test-001274,1278465310,PASS,pass,NONE,,,,0,0,0,0,0,4.26,127.9,4261152,0,uvm_report_server
RUN-001275,read_disturb_test-001275,1313927753,FAIL,fail,RETENTION_FAIL,E_RET_0x71,RETENTION_FAIL,3520,2,0,0,1,1,7.52,5.95,6014376,1,uvm_report_server
RUN-001276,erase_suspend_test-001276,14613593,FAIL,fail,DATA_MISMATCH,E_CMP_0x11,DATA_MISMATCH,181670,2,0,0,0,1,185.67,2.6,222798096,1,uvm_report_server
RUN-001277,back_to_back_program_test-001277,1475814180,FAIL,fail,FIFO_OVERFLOW,E_FIFO_0x21,FIFO_OVERFLOW,2500,3,1,0,0,0,4.71,23.6,4709953,1,uvm_report_server
RUN-001278,random_read_test-001278,1919603916,PASS,pass,NONE,,,,0,0,0,0,0,102.01,1.27,40804284,0,uvm_report_server
RUN-001279,mixed_rw_test-001279,1320379546,FAIL,fail,DATA_MISMATCH,E_CMP_0x11,DATA_MISMATCH,372410,3,1,0,0,1,376.41,0.85,225845209,1,uvm_report_server
RUN-001280,sequential_write_test-001280,2025161027,PASS,pass,NONE,,,,0,1,0,0,0,1.01,33.19,811384,0,uvm_report_server
RUN-001281,mixed_rw_test-001281,1629706822,FAIL,fail,TIMEOUT,E_TMO_0x40,TIMEOUT,1971920,2,1,1,1,0,1975.92,0.01,2371099702,1,uvm_report_server
RUN-001282,garbage_collect_test-001282,1425385827,PASS,pass,NONE,,,,0,0,0,0,0,10.98,24.25,13178983,0,uvm_report_server
RUN-001283,power_cycle_test-001283,528168803,PASS,pass,NONE,,,,0,0,0,0,0,323.6,3.26,194157038,0,uvm_report_server
RUN-001284,random_read_test-001284,310039249,FAIL,fail,ASSERTION_FAIL,E_ASRT_0x60,ASSERTION_FAIL,2500,1,1,0,0,0,5.67,25.87,4533453,1,uvm_report_server
RUN-001285,garbage_collect_test-001285,961160773,PASS,pass,NONE,,,,0,0,0,0,0,1.0,65.45,800000,0,uvm_report_server
RUN-001286,back_to_back_program_test-001286,672704218,FAIL,fail,FIFO_OVERFLOW,E_FIFO_0x21,FIFO_OVERFLOW,415120,2,0,0,1,0,419.12,0.77,167647490,1,uvm_report_server
RUN-001287,power_cycle_test-001287,489804334,PASS,pass,NONE,,,,0,1,0,0,0,27.52,70.3,16509261,0,uvm_report_server
RUN-001288,random_read_test-001288,94344884,PASS,pass,NONE,,,,0,0,0,0,0,5.48,101.12,3286127,0,uvm_report_server
RUN-001289,random_read_test-001289,2140540646,PASS,pass,NONE,,,,0,0,0,0,0,125.87,8.54,75523092,0,uvm_report_server
RUN-001290,garbage_collect_test-001290,92296728,PASS,pass,NONE,,,,0,1,0,0,0,116.99,1.17,140384170,0,uvm_report_server
RUN-001291,back_to_back_program_test-001291,502247311,PASS,pass,NONE,,,,0,0,0,0,0,10.33,12.72,10328501,0,uvm_report_server
RUN-001292,erase_suspend_test-001292,629279757,PASS,pass,NONE,,,,0,1,0,0,0,4.19,15.62,2516516,0,uvm_report_server
RUN-001293,random_read_test-001293,1632798175,FAIL,fail,PROTOCOL_VIOLATION,E_PROT_0x52,PROTOCOL_VIOLATION,21880,3,1,1,1,0,25.88,21.46,10352172,1,uvm_report_server
RUN-001294,mixed_rw_test-001294,1192665291,FAIL,fail,ASSERTION_FAIL,E_ASRT_0x60,ASSERTION_FAIL,7120,1,0,0,0,0,11.12,3.53,4447750,1,uvm_report_server
RUN-001295,erase_suspend_test-001295,47178181,PASS,pass,NONE,,,,0,1,0,0,0,37.02,7.18,44426004,0,uvm_report_server
RUN-001296,sequential_write_test-001296,594945431,PASS,pass,NONE,,,,0,0,0,0,0,47.02,45.86,47021203,0,uvm_report_server
RUN-001297,erase_suspend_test-001297,1251239847,PASS,pass,NONE,,,,0,0,0,0,0,35.18,7.88,28146977,0,uvm_report_server
RUN-001298,mixed_rw_test-001298,1449577900,FAIL,fail,RETENTION_FAIL,E_RET_0x71,RETENTION_FAIL,59620,4,0,0,1,1,63.62,42.78,38170559,1,uvm_report_server
RUN-001299,mixed_rw_test-001299,1486465842,PASS,pass,NONE,,,,0,0,0,0,0,141.89,13.78,85134746,0,uvm_report_server
RUN-001300,random_read_test-001300,1444175741,PASS,pass,NONE,,,,0,0,0,0,0,5.09,96.36,5092872,0,uvm_report_server
RUN-001301,mixed_rw_test-001301,1192196121,PASS,pass,NONE,,,,0,0,0,0,0,4.18,116.51,3342399,0,uvm_report_server
RUN-001302,back_to_back_program_test-001302,1457375441,PASS,pass,NONE,,,,0,0,0,0,0,10.35,6.08,10346075,0,uvm_report_server
RUN-001303,random_read_test-001303,1026584263,PASS,pass,NONE,,,,0,0,0,0,0,2.42,57.82,1934955,0,uvm_report_server
RUN-001304,mixed_rw_test-001304,102322554,FAIL,fail,DATA_MISMATCH,E_CMP_0x11,DATA_MISMATCH,63510,4,0,0,1,1,67.51,27.64,54005397,1,uvm_report_server
RUN-001305,back_to_back_program_test-001305,580893569,PASS,pass,NONE,,,,0,0,0,0,0,17.71,54.72,10627881,0,uvm_report_server
RUN-001306,random_read_test-001306,1007212647,PASS,pass,NONE,,,,0,0,0,0,0,29.55,18.03,11821125,0,uvm_report_server
RUN-001307,back_to_back_program_test-001307,478270735,PASS,pass,NONE,,,,0,1,0,0,0,1.52,156.0,910325,0,uvm_report_server
RUN-001308,back_to_back_program_test-001308,682181161,PASS,pass,NONE,,,,0,0,0,0,0,41.14,24.13,32908658,0,uvm_report_server
RUN-001309,random_read_test-001309,893842822,FAIL,fail,THERMAL_SHUTDOWN,E_THRM_0x80,THERMAL_SHUTDOWN,29650,1,1,0,0,0,33.65,136.01,26916341,1,uvm_report_server
RUN-001310,sequential_write_test-001310,1962657776,PASS,pass,NONE,,,,0,0,0,0,0,1.0,507.76,600000,0,uvm_report_server
RUN-001311,random_read_test-001311,1542835747,PASS,pass,NONE,,,,0,0,0,0,0,151.6,26.44,151597546,0,uvm_report_server
RUN-001312,mixed_rw_test-001312,187116148,PASS,pass,NONE,,,,0,0,0,0,0,10.14,3.0,4055543,0,uvm_report_server
RUN-001313,sequential_write_test-001313,164528114,PASS,pass,NONE,,,,0,1,0,0,0,2.99,5.04,3590841,0,uvm_report_server
RUN-001314,read_disturb_test-001314,408176254,FAIL,fail,ASSERTION_FAIL,E_ASRT_0x60,ASSERTION_FAIL,5560,2,0,0,1,0,9.56,63.67,7648688,1,uvm_report_server
RUN-001315,read_disturb_test-001315,644944080,PASS,pass,NONE,,,,0,1,0,0,0,12.01,89.46,9611545,0,uvm_report_server
RUN-001316,sequential_write_test-001316,116290506,PASS,pass,NONE,,,,0,0,0,0,0,63.18,7.67,75816613,0,uvm_report_server
RUN-001317,read_disturb_test-001317,713677079,PASS,pass,NONE,,,,0,0,0,0,0,10.82,25.92,6492719,0,uvm_report_server
RUN-001318,erase_suspend_test-001318,1440134586,PASS,pass,NONE,,,,0,0,0,0,0,16.78,114.3,10068144,0,uvm_report_server
RUN-001319,read_disturb_test-001319,872965520,FAIL,fail,DATA_MISMATCH,E_CMP_0x11,DATA_MISMATCH,2500,3,0,0,1,1,1.0,171.53,1000000,1,uvm_report_server
RUN-001320,erase_suspend_test-001320,1182302667,PASS,pass,NONE,,,,0,1,0,0,0,17.37,476.41,13899810,0,uvm_report_server
RUN-001321,random_read_test-001321,1332148692,PASS,pass,NONE,,,,0,0,0,0,0,5.62,48.17,4493804,0,uvm_report_server
RUN-001322,power_cycle_test-001322,1650099902,PASS,pass,NONE,,,,0,0,0,0,0,1.0,31.79,800000,0,uvm_report_server
RUN-001323,random_read_test-001323,71117568,FAIL,fail,TIMEOUT,E_TMO_0x40,TIMEOUT,1968200,1,1,1,0,0,1972.2,0.0,1972196074,1,uvm_report_server
RUN-001324,erase_suspend_test-001324,1325136634,PASS,pass,NONE,,,,0,0,0,0,0,146.69,30.17,146692602,0,uvm_report_server
RUN-001325,read_disturb_test-001325,548624187,FAIL,fail,ASSERTION_FAIL,E_ASRT_0x60,ASSERTION_FAIL,2500,4,1,0,1,0,1.11,170.48,891031,1,uvm_report_server
RUN-001326,power_cycle_test-001326,719650656,PASS,pass,NONE,,,,0,0,0,0,0,222.72,268.86,133630798,0,uvm_report_server
RUN-001327,back_to_back_program_test-001327,1376009335,PASS,pass,NONE,,,,0,1,0,0,0,93.68,2.98,93680106,0,uvm_report_server
RUN-001328,random_read_test-001328,1338443996,PASS,pass,NONE,,,,0,0,0,0,0,9.39,27.97,9393368,0,uvm_report_server
RUN-001329,back_to_back_program_test-001329,1280354379,PASS,pass,NONE,,,,0,0,0,0,0,4.76,57.97,2857225,0,uvm_report_server
RUN-001330,garbage_collect_test-001330,81400990,PASS,pass,NONE,,,,0,0,0,0,0,4.28,7.99,1712450,0,uvm_report_server
RUN-001331,back_to_back_program_test-001331,450414821,FAIL,fail,FIFO_OVERFLOW,E_FIFO_0x21,FIFO_OVERFLOW,51980,4,1,0,1,0,55.98,16.33,67171572,1,uvm_report_server
RUN-001332,mixed_rw_test-001332,524169934,PASS,pass,NONE,,,,0,0,0,0,0,7.25,37.4,7249677,0,uvm_report_server
RUN-001333,mixed_rw_test-001333,1330318763,PASS,pass,NONE,,,,0,0,0,0,0,7.85,15.43,9415950,0,uvm_report_server
RUN-001334,erase_suspend_test-001334,694628625,PASS,pass,NONE,,,,0,0,0,0,0,61.51,4.33,61506735,0,uvm_report_server
RUN-001335,power_cycle_test-001335,138699365,PASS,pass,NONE,,,,0,0,0,0,0,16.6,8.36,9962788,0,uvm_report_server
RUN-001336,mixed_rw_test-001336,1533051588,PASS,pass,NONE,,,,0,0,0,0,0,3.85,4.31,3076735,0,uvm_report_server
RUN-001337,read_disturb_test-001337,1353702523,PASS,pass,NONE,,,,0,1,0,0,0,12.88,10.19,12882260,0,uvm_report_server
RUN-001338,sequential_write_test-001338,1661687105,PASS,pass,NONE,,,,0,0,0,0,0,45.85,88.73,45850484,0,uvm_report_server
RUN-001339,back_to_back_program_test-001339,1456807054,PASS,pass,NONE,,,,0,1,0,0,0,1.02,63.23,613256,0,uvm_report_server
RUN-001340,read_disturb_test-001340,1491578990,PASS,pass,NONE,,,,0,0,0,0,0,12.26,10.47,12258608,0,uvm_report_server
RUN-001341,random_read_test-001341,1402480228,FAIL,fail,RETENTION_FAIL,E_RET_0x71,RETENTION_FAIL,2500,1,0,0,0,1,2.32,2.75,1852471,1,uvm_report_server
RUN-001342,erase_suspend_test-001342,214828495,PASS,pass,NONE,,,,0,0,0,0,0,5.36,3.14,5361447,0,uvm_report_server
RUN-001343,random_read_test-001343,584016410,PASS,pass,NONE,,,,0,0,0,0,0,7.13,9.22,5700792,0,uvm_report_server
RUN-001344,sequential_write_test-001344,208318206,PASS,pass,NONE,,,,0,0,0,0,0,2.89,22.58,3462104,0,uvm_report_server
RUN-001345,sequential_write_test-001345,811143550,PASS,pass,NONE,,,,0,0,0,0,0,72.44,116.46,86922521,0,uvm_report_server
RUN-001346,mixed_rw_test-001346,1140608000,PASS,pass,NONE,,,,0,0,0,0,0,234.2,1.17,93678061,0,uvm_report_server
RUN-001347,back_to_back_program_test-001347,781185867,FAIL,fail,FIFO_OVERFLOW,E_FIFO_0x21,FIFO_OVERFLOW,108980,1,0,0,0,0,112.98,5.2,112980303,1,uvm_report_server
RUN-001348,back_to_back_program_test-001348,1629876791,PASS,pass,NONE,,,,0,0,0,0,0,1.0,62.15,1000000,0,uvm_report_server
RUN-001349,sequential_write_test-001349,256351979,FAIL,fail,ECC_UNCORRECTABLE,E_ECC_0x33,ECC_UNCORRECTABLE,69940,2,1,0,0,1,73.94,2.28,59154717,1,uvm_report_server
RUN-001350,mixed_rw_test-001350,1813217497,PASS,pass,NONE,,,,0,0,0,0,0,72.53,3.77,72529876,0,uvm_report_server
RUN-001351,random_read_test-001351,1714215011,FAIL,fail,RETENTION_FAIL,E_RET_0x71,RETENTION_FAIL,43260,2,1,0,1,1,47.26,3.0,28356775,1,uvm_report_server
RUN-001352,garbage_collect_test-001352,1854304559,PASS,pass,NONE,,,,0,1,0,0,0,1.0,455.87,1000000,0,uvm_report_server
RUN-001353,erase_suspend_test-001353,1981817716,PASS,pass,NONE,,,,0,0,0,0,0,281.92,61.01,112767440,0,uvm_report_server
RUN-001354,random_read_test-001354,2014896704,PASS,pass,NONE,,,,0,0,0,0,0,18.69,3.55,14948171,0,uvm_report_server
RUN-001355,random_read_test-001355,1312416112,PASS,pass,NONE,,,,0,0,0,0,0,1.02,263.09,817153,0,uvm_report_server
RUN-001356,mixed_rw_test-001356,1064070449,PASS,pass,NONE,,,,0,0,0,0,0,101.61,10.06,81288754,0,uvm_report_server
RUN-001357,back_to_back_program_test-001357,1964167940,PASS,pass,NONE,,,,0,0,0,0,0,7.67,2.15,6134855,0,uvm_report_server
RUN-001358,random_read_test-001358,719899677,PASS,pass,NONE,,,,0,0,0,0,0,74.38,0.86,59500173,0,uvm_report_server
RUN-001359,back_to_back_program_test-001359,498209624,FAIL,fail,FIFO_OVERFLOW,E_FIFO_0x21,FIFO_OVERFLOW,16480,2,0,0,0,0,20.48,8.97,12289180,1,uvm_report_server
RUN-001360,back_to_back_program_test-001360,2114099010,FAIL,fail,DATA_MISMATCH,E_CMP_0x11,DATA_MISMATCH,2500,2,0,0,0,1,3.06,31.15,2444787,1,uvm_report_server
RUN-001361,mixed_rw_test-001361,1124165504,PASS,pass,NONE,,,,0,0,0,0,0,38.79,14.04,38787567,0,uvm_report_server
RUN-001362,power_cycle_test-001362,1932199407,PASS,pass,NONE,,,,0,0,0,0,0,28.01,4.33,16805128,0,uvm_report_server
RUN-001363,sequential_write_test-001363,288260101,PASS,pass,NONE,,,,0,0,0,0,0,11.49,22.99,6894019,0,uvm_report_server
RUN-001364,random_read_test-001364,982109686,FAIL,fail,TIMEOUT,E_TMO_0x40,TIMEOUT,1984960,4,0,1,1,0,1988.96,0.04,1988964650,1,uvm_report_server
RUN-001365,sequential_write_test-001365,917367216,PASS,pass,NONE,,,,0,0,0,0,0,5.84,22.41,7011284,0,uvm_report_server
RUN-001366,sequential_write_test-001366,1730380680,PASS,pass,NONE,,,,0,0,0,0,0,4.3,7.39,3439299,0,uvm_report_server
RUN-001367,random_read_test-001367,716001502,PASS,pass,NONE,,,,0,0,0,0,0,71.21,3.74,56970107,0,uvm_report_server
RUN-001368,garbage_collect_test-001368,413242013,PASS,pass,NONE,,,,0,1,0,0,0,60.95,72.29,36569841,0,uvm_report_server
RUN-001369,random_read_test-001369,993396430,FAIL,fail,TIMEOUT,E_TMO_0x40,TIMEOUT,1967460,1,0,1,0,0,1971.46,0.05,1971464471,1,uvm_report_server
RUN-001370,back_to_back_program_test-001370,1696628606,FAIL,fail,TIMEOUT,E_TMO_0x40,TIMEOUT,1984600,3,0,1,0,0,1988.6,0.2,1988598442,1,uvm_report_server
RUN-001371,mixed_rw_test-001371,960517684,PASS,pass,NONE,,,,0,0,0,0,0,33.15,8.08,39777215,0,uvm_report_server
RUN-001372,mixed_rw_test-001372,903071482,PASS,pass,NONE,,,,0,0,0,0,0,4.86,110.93,3885300,0,uvm_report_server
RUN-001373,sequential_write_test-001373,1010298543,FAIL,fail,TIMEOUT,E_TMO_0x40,TIMEOUT,1973030,2,1,1,0,0,1977.03,0.0,1977030208,1,uvm_report_server
RUN-001374,erase_suspend_test-001374,1896633062,PASS,pass,NONE,,,,0,0,0,0,0,3.87,263.49,3097378,0,uvm_report_server
RUN-001375,mixed_rw_test-001375,227546850,FAIL,fail,TIMEOUT,E_TMO_0x40,TIMEOUT,1986520,3,0,1,1,0,1990.52,0.18,1990515055,1,uvm_report_server
RUN-001376,erase_suspend_test-001376,1864788463,FAIL,fail,TIMEOUT,E_TMO_0x40,TIMEOUT,1991330,2,0,1,1,0,1995.33,0.03,2394400046,1,uvm_report_server
RUN-001377,erase_suspend_test-001377,37397750,FAIL,fail,TIMEOUT,E_TMO_0x40,TIMEOUT,1977490,2,0,1,1,0,1981.49,0.26,1981485069,1,uvm_report_server
RUN-001378,mixed_rw_test-001378,381246971,PASS,pass,NONE,,,,0,0,0,0,0,95.47,20.67,38189338,0,uvm_report_server
RUN-001379,power_cycle_test-001379,1769614406,PASS,pass,NONE,,,,0,0,0,0,0,145.66,1.93,87393801,0,uvm_report_server
RUN-001380,mixed_rw_test-001380,2039215373,PASS,pass,NONE,,,,0,1,0,0,0,7.69,65.18,9228140,0,uvm_report_server
RUN-001381,read_disturb_test-001381,1912703196,PASS,pass,NONE,,,,0,1,0,0,0,50.09,82.78,20036534,0,uvm_report_server
RUN-001382,power_cycle_test-001382,151815680,PASS,pass,NONE,,,,0,0,0,0,0,12.25,11.11,9802226,0,uvm_report_server
RUN-001383,back_to_back_program_test-001383,1673086136,FAIL,fail,FIFO_OVERFLOW,E_FIFO_0x21,FIFO_OVERFLOW,7950,1,0,0,0,0,11.95,7.18,11954765,1,uvm_report_server
RUN-001384,erase_suspend_test-001384,302866431,PASS,pass,NONE,,,,0,0,0,0,0,63.37,34.68,50697700,0,uvm_report_server
RUN-001385,read_disturb_test-001385,459142934,PASS,pass,NONE,,,,0,0,0,0,0,573.32,1.73,343994641,0,uvm_report_server
RUN-001386,back_to_back_program_test-001386,908501664,FAIL,fail,FIFO_OVERFLOW,E_FIFO_0x21,FIFO_OVERFLOW,269610,3,1,0,1,0,273.61,1.0,273610315,1,uvm_report_server
RUN-001387,random_read_test-001387,137677656,PASS,pass,NONE,,,,0,0,0,0,0,49.54,2.66,49541417,0,uvm_report_server
RUN-001388,back_to_back_program_test-001388,875270145,PASS,pass,NONE,,,,0,0,0,0,0,14.53,35.55,11620314,0,uvm_report_server
RUN-001389,garbage_collect_test-001389,1715433494,PASS,pass,NONE,,,,0,0,0,0,0,28.59,17.64,22868257,0,uvm_report_server
RUN-001390,random_read_test-001390,1529589536,PASS,pass,NONE,,,,0,0,0,0,0,24.91,20.39,14947668,0,uvm_report_server
RUN-001391,back_to_back_program_test-001391,2061430171,PASS,pass,NONE,,,,0,0,0,0,0,12.68,38.69,12678504,0,uvm_report_server
RUN-001392,power_cycle_test-001392,1072499544,PASS,pass,NONE,,,,0,0,0,0,0,139.02,15.3,55609968,0,uvm_report_server
RUN-001393,random_read_test-001393,1272576609,PASS,pass,NONE,,,,0,0,0,0,0,30.13,2.01,24106865,0,uvm_report_server
RUN-001394,erase_suspend_test-001394,52277360,FAIL,fail,RETENTION_FAIL,E_RET_0x71,RETENTION_FAIL,429360,3,1,0,0,1,433.36,0.31,346685269,1,uvm_report_server
RUN-001395,power_cycle_test-001395,1213638042,FAIL,fail,TIMEOUT,E_TMO_0x40,TIMEOUT,1975430,3,0,1,1,0,1979.43,0.07,1979428677,1,uvm_report_server
RUN-001396,power_cycle_test-001396,957414613,PASS,pass,NONE,,,,0,0,0,0,0,2.13,29.09,1276648,0,uvm_report_server
RUN-001397,sequential_write_test-001397,1305356667,PASS,pass,NONE,,,,0,0,0,0,0,24.78,2.62,19827760,0,uvm_report_server
RUN-001398,mixed_rw_test-001398,1705220114,PASS,pass,NONE,,,,0,0,0,0,0,77.54,105.69,77543750,0,uvm_report_server
RUN-001399,mixed_rw_test-001399,1268275351,PASS,pass,NONE,,,,0,0,0,0,0,28.58,139.33,28578454,0,uvm_report_server
RUN-001400,erase_suspend_test-001400,1388743637,PASS,pass,NONE,,,,0,0,0,0,0,196.27,10.0,196270410,0,uvm_report_server
RUN-001401,back_to_back_program_test-001401,1124530174,PASS,pass,NONE,,,,0,0,0,0,0,2.23,112.75,1784871,0,uvm_report_server
RUN-001402,mixed_rw_test-001402,337699664,PASS,pass,NONE,,,,0,0,0,0,0,20.84,0.82,12501985,0,uvm_report_server
RUN-001403,power_cycle_test-001403,193938625,PASS,pass,NONE,,,,0,1,0,0,0,4.55,30.51,4554112,0,uvm_report_server
RUN-001404,power_cycle_test-001404,1032716809,PASS,pass,NONE,,,,0,0,0,0,0,1.0,65.67,800000,0,uvm_report_server
RUN-001405,garbage_collect_test-001405,544062911,PASS,pass,NONE,,,,0,0,0,0,0,371.15,12.17,148459104,0,uvm_report_server
RUN-001406,garbage_collect_test-001406,1959468131,FAIL,fail,TIMEOUT,E_TMO_0x40,TIMEOUT,1983220,3,1,1,0,0,1987.22,0.01,1987220445,1,uvm_report_server
RUN-001407,random_read_test-001407,1640213004,PASS,pass,NONE,,,,0,0,0,0,0,2.03,4.32,1626056,0,uvm_report_server
RUN-001408,random_read_test-001408,1657484533,PASS,pass,NONE,,,,0,0,0,0,0,1.89,36.73,1131798,0,uvm_report_server
RUN-001409,garbage_collect_test-001409,1792720971,PASS,pass,NONE,,,,0,0,0,0,0,42.57,1.53,17028761,0,uvm_report_server
RUN-001410,mixed_rw_test-001410,1730096468,PASS,pass,NONE,,,,0,0,0,0,0,6.08,20.55,6080767,0,uvm_report_server
RUN-001411,sequential_write_test-001411,52445345,PASS,pass,NONE,,,,0,0,0,0,0,61.36,1.14,61361767,0,uvm_report_server
RUN-001412,sequential_write_test-001412,2032312987,PASS,pass,NONE,,,,0,0,0,0,0,11.97,41.29,4786648,0,uvm_report_server
RUN-001413,back_to_back_program_test-001413,1387296274,PASS,pass,NONE,,,,0,0,0,0,0,7.93,17.23,3172624,0,uvm_report_server
RUN-001414,power_cycle_test-001414,1251352034,PASS,pass,NONE,,,,0,0,0,0,0,2.58,12.57,1031563,0,uvm_report_server
RUN-001415,read_disturb_test-001415,115073858,PASS,pass,NONE,,,,0,0,0,0,0,6.87,159.36,6867390,0,uvm_report_server
RUN-001416,erase_suspend_test-001416,1195916674,PASS,pass,NONE,,,,0,0,0,0,0,62.98,4.4,25191947,0,uvm_report_server
RUN-001417,random_read_test-001417,1448282070,PASS,pass,NONE,,,,0,0,0,0,0,61.28,8.29,36769868,0,uvm_report_server
RUN-001418,random_read_test-001418,544764521,PASS,pass,NONE,,,,0,0,0,0,0,33.96,64.89,13583474,0,uvm_report_server
RUN-001419,back_to_back_program_test-001419,1720822734,FAIL,fail,FIFO_OVERFLOW,E_FIFO_0x21,FIFO_OVERFLOW,63330,3,0,0,1,0,67.33,10.2,40399051,1,uvm_report_server
RUN-001420,power_cycle_test-001420,1056612829,PASS,pass,NONE,,,,0,0,0,0,0,10.87,3.14,8694674,0,uvm_report_server
RUN-001421,back_to_back_program_test-001421,1990343707,PASS,pass,NONE,,,,0,0,0,0,0,53.87,295.88,32323244,0,uvm_report_server
RUN-001422,mixed_rw_test-001422,60611460,PASS,pass,NONE,,,,0,0,0,0,0,1.97,60.85,1575399,0,uvm_report_server
RUN-001423,mixed_rw_test-001423,501098563,PASS,pass,NONE,,,,0,1,0,0,0,37.13,0.92,14852106,0,uvm_report_server
RUN-001424,back_to_back_program_test-001424,307631503,PASS,pass,NONE,,,,0,0,0,0,0,1383.58,5.65,553432848,0,uvm_report_server
RUN-001425,mixed_rw_test-001425,988536332,PASS,pass,NONE,,,,0,1,0,0,0,57.41,9.79,45930677,0,uvm_report_server
RUN-001426,erase_suspend_test-001426,2035317610,PASS,pass,NONE,,,,0,1,0,0,0,3.6,34.81,1439830,0,uvm_report_server
RUN-001427,random_read_test-001427,1174569579,PASS,pass,NONE,,,,0,0,0,0,0,13.13,2.52,10506823,0,uvm_report_server
RUN-001428,random_read_test-001428,1907912095,PASS,pass,NONE,,,,0,0,0,0,0,4.43,109.0,5312220,0,uvm_report_server
RUN-001429,random_read_test-001429,2030566164,PASS,pass,NONE,,,,0,0,0,0,0,71.25,57.03,71247801,0,uvm_report_server
RUN-001430,random_read_test-001430,1262118249,PASS,pass,NONE,,,,0,0,0,0,0,30.82,8.06,18489798,0,uvm_report_server
RUN-001431,garbage_collect_test-001431,1995104801,PASS,pass,NONE,,,,0,1,0,0,0,93.94,11.08,112724788,0,uvm_report_server
RUN-001432,garbage_collect_test-001432,1297520341,PASS,pass,NONE,,,,0,0,0,0,0,17.41,30.66,10443445,0,uvm_report_server
RUN-001433,random_read_test-001433,1725020157,PASS,pass,NONE,,,,0,0,0,0,0,18.95,55.68,22738692,0,uvm_report_server
RUN-001434,back_to_back_program_test-001434,1622098046,PASS,pass,NONE,,,,0,0,0,0,0,64.44,2.04,38662520,0,uvm_report_server
RUN-001435,random_read_test-001435,188116515,FAIL,fail,ASSERTION_FAIL,E_ASRT_0x60,ASSERTION_FAIL,4000,3,1,0,0,0,8.0,41.98,6399270,1,uvm_report_server
RUN-001436,random_read_test-001436,55257460,PASS,pass,NONE,,,,0,1,0,0,0,11.5,12.18,9197329,0,uvm_report_server
RUN-001437,random_read_test-001437,1857550542,PASS,pass,NONE,,,,0,1,0,0,0,2.62,46.62,1047362,0,uvm_report_server
RUN-001438,power_cycle_test-001438,887334761,PASS,pass,NONE,,,,0,0,0,0,0,41.38,24.91,16552179,0,uvm_report_server
RUN-001439,mixed_rw_test-001439,1551419761,PASS,pass,NONE,,,,0,0,0,0,0,24.59,319.57,19670632,0,uvm_report_server
RUN-001440,erase_suspend_test-001440,1390972604,PASS,pass,NONE,,,,0,1,0,0,0,318.96,0.77,318961405,0,uvm_report_server
RUN-001441,power_cycle_test-001441,551751333,PASS,pass,NONE,,,,0,0,0,0,0,130.77,4.25,78459743,0,uvm_report_server
RUN-001442,random_read_test-001442,968265836,FAIL,fail,DATA_MISMATCH,E_CMP_0x11,DATA_MISMATCH,2500,2,0,0,0,1,3.07,6.2,2458043,1,uvm_report_server
RUN-001443,garbage_collect_test-001443,757142117,PASS,pass,NONE,,,,0,0,0,0,0,135.1,8.35,108078462,0,uvm_report_server
RUN-001444,mixed_rw_test-001444,94247584,PASS,pass,NONE,,,,0,1,0,0,0,2.48,48.89,2482255,0,uvm_report_server
RUN-001445,garbage_collect_test-001445,1749267148,PASS,pass,NONE,,,,0,0,0,0,0,7.09,2.19,4253666,0,uvm_report_server
RUN-001446,power_cycle_test-001446,2129981582,PASS,pass,NONE,,,,0,1,0,0,0,40.53,3.49,24320449,0,uvm_report_server
RUN-001447,read_disturb_test-001447,502931944,PASS,pass,NONE,,,,0,0,0,0,0,11.15,2.92,6691095,0,uvm_report_server
RUN-001448,random_read_test-001448,1255770423,FAIL,fail,DATA_MISMATCH,E_CMP_0x11,DATA_MISMATCH,2500,2,0,0,1,1,2.85,194.58,2278053,1,uvm_report_server
RUN-001449,sequential_write_test-001449,757538338,PASS,pass,NONE,,,,0,1,0,0,0,27.73,2.36,22185000,0,uvm_report_server
RUN-001450,erase_suspend_test-001450,948898863,FAIL,fail,TIMEOUT,E_TMO_0x40,TIMEOUT,1967810,3,0,1,0,0,1971.81,0.62,1971810224,1,uvm_report_server
RUN-001451,back_to_back_program_test-001451,83592731,PASS,pass,NONE,,,,0,0,0,0,0,5.91,11.12,5914945,0,uvm_report_server
RUN-001452,random_read_test-001452,1113326825,PASS,pass,NONE,,,,0,1,0,0,0,15.64,8.46,12508872,0,uvm_report_server
RUN-001453,random_read_test-001453,21321811,PASS,pass,NONE,,,,0,0,0,0,0,5.06,0.8,5061662,0,uvm_report_server
RUN-001454,read_disturb_test-001454,1247774638,PASS,pass,NONE,,,,0,1,0,0,0,20.31,6.24,12187140,0,uvm_report_server
RUN-001455,read_disturb_test-001455,671688491,PASS,pass,NONE,,,,0,0,0,0,0,71.14,3.72,56915561,0,uvm_report_server
RUN-001456,random_read_test-001456,531507955,PASS,pass,NONE,,,,0,1,0,0,0,16.58,14.72,9948705,0,uvm_report_server
RUN-001457,back_to_back_program_test-001457,1711549659,FAIL,fail,FIFO_OVERFLOW,E_FIFO_0x21,FIFO_OVERFLOW,7230,4,0,0,1,0,11.23,1.45,6738097,1,uvm_report_server
RUN-001458,back_to_back_program_test-001458,1517677754,FAIL,fail,FIFO_OVERFLOW,E_FIFO_0x21,FIFO_OVERFLOW,2500,4,1,0,1,0,5.3,8.61,5301005,1,uvm_report_server
RUN-001459,power_cycle_test-001459,955629879,PASS,pass,NONE,,,,0,0,0,0,0,11.96,44.42,14346499,0,uvm_report_server
RUN-001460,back_to_back_program_test-001460,387882673,FAIL,fail,PROTOCOL_VIOLATION,E_PROT_0x52,PROTOCOL_VIOLATION,8260,2,0,1,0,0,12.26,288.37,12258943,1,uvm_report_server
RUN-001461,back_to_back_program_test-001461,719066679,PASS,pass,NONE,,,,0,1,0,0,0,53.88,1.28,32326474,0,uvm_report_server
RUN-001462,sequential_write_test-001462,1456038381,FAIL,fail,ECC_UNCORRECTABLE,E_ECC_0x33,ECC_UNCORRECTABLE,1074390,1,0,0,0,1,1078.39,2.87,647036555,1,uvm_report_server
RUN-001463,back_to_back_program_test-001463,1611000227,PASS,pass,NONE,,,,0,0,0,0,0,51.89,19.18,20757905,0,uvm_report_server
RUN-001464,mixed_rw_test-001464,1395161168,FAIL,fail,TIMEOUT,E_TMO_0x40,TIMEOUT,1979880,3,0,1,0,0,1983.88,0.2,2380658188,1,uvm_report_server
RUN-001465,random_read_test-001465,683335276,PASS,pass,NONE,,,,0,0,0,0,0,35.88,62.33,21530962,0,uvm_report_server
RUN-001466,sequential_write_test-001466,1205578472,FAIL,fail,DATA_MISMATCH,E_CMP_0x11,DATA_MISMATCH,2500,3,0,0,0,1,1.16,10.27,926367,1,uvm_report_server
RUN-001467,read_disturb_test-001467,693037396,PASS,pass,NONE,,,,0,0,0,0,0,7.81,15.84,7808746,0,uvm_report_server
RUN-001468,random_read_test-001468,607794802,PASS,pass,NONE,,,,0,0,0,0,0,36.77,3.3,14708310,0,uvm_report_server
RUN-001469,back_to_back_program_test-001469,1890372511,PASS,pass,NONE,,,,0,0,0,0,0,21.13,26.47,12675401,0,uvm_report_server
RUN-001470,mixed_rw_test-001470,2082807362,PASS,pass,NONE,,,,0,0,0,0,0,9.67,12.87,5801183,0,uvm_report_server
RUN-001471,erase_suspend_test-001471,199901896,PASS,pass,NONE,,,,0,1,0,0,0,106.02,19.53,106017404,0,uvm_report_server
RUN-001472,erase_suspend_test-001472,1235104159,PASS,pass,NONE,,,,0,0,0,0,0,2.57,12.76,3084709,0,uvm_report_server
RUN-001473,erase_suspend_test-001473,1651896659,FAIL,fail,TIMEOUT,E_TMO_0x40,TIMEOUT,1985920,2,1,1,0,0,1989.92,0.0,1989916882,1,uvm_report_server
RUN-001474,read_disturb_test-001474,609321821,FAIL,fail,DATA_MISMATCH,E_CMP_0x11,DATA_MISMATCH,2500,2,0,0,1,1,4.13,2.75,3302802,1,uvm_report_server
RUN-001475,random_read_test-001475,1331443693,PASS,pass,NONE,,,,0,0,0,0,0,13.44,81.73,10752868,0,uvm_report_server
RUN-001476,erase_suspend_test-001476,754400065,PASS,pass,NONE,,,,0,0,0,0,0,19.23,14.06,19230785,0,uvm_report_server
RUN-001477,read_disturb_test-001477,1556232519,PASS,pass,NONE,,,,0,0,0,0,0,8.05,245.24,6437173,0,uvm_report_server
RUN-001478,back_to_back_program_test-001478,1213275696,PASS,pass,NONE,,,,0,0,0,0,0,326.96,99.43,392353192,0,uvm_report_server
RUN-001479,read_disturb_test-001479,828894407,PASS,pass,NONE,,,,0,0,0,0,0,7.78,129.29,6225838,0,uvm_report_server
RUN-001480,random_read_test-001480,1451552142,PASS,pass,NONE,,,,0,1,0,0,0,149.99,29.35,119994325,0,uvm_report_server
RUN-001481,random_read_test-001481,758173046,FAIL,fail,RETENTION_FAIL,E_RET_0x71,RETENTION_FAIL,205120,2,0,0,0,1,209.12,3.11,125473093,1,uvm_report_server
RUN-001482,mixed_rw_test-001482,1409319097,PASS,pass,NONE,,,,0,0,0,0,0,6.38,19.39,3828078,0,uvm_report_server
RUN-001483,garbage_collect_test-001483,553076521,PASS,pass,NONE,,,,0,0,0,0,0,8.05,34.11,6441344,0,uvm_report_server
RUN-001484,power_cycle_test-001484,257434048,FAIL,fail,TIMEOUT,E_TMO_0x40,TIMEOUT,1956690,2,0,1,0,0,1960.69,0.02,1960688199,1,uvm_report_server
RUN-001485,erase_suspend_test-001485,1189644997,PASS,pass,NONE,,,,0,0,0,0,0,33.59,8.16,26870551,0,uvm_report_server
RUN-001486,sequential_write_test-001486,850656013,FAIL,fail,PROTOCOL_VIOLATION,E_PROT_0x52,PROTOCOL_VIOLATION,60370,3,0,1,1,0,64.37,167.72,51495964,1,uvm_report_server
RUN-001487,back_to_back_program_test-001487,1074222905,FAIL,fail,TIMEOUT,E_TMO_0x40,TIMEOUT,1993080,3,1,1,0,0,1997.08,1.47,1997075102,1,uvm_report_server
RUN-001488,erase_suspend_test-001488,599502510,PASS,pass,NONE,,,,0,0,0,0,0,57.12,4.23,45696541,0,uvm_report_server
RUN-001489,garbage_collect_test-001489,332024422,PASS,pass,NONE,,,,0,0,0,0,0,28.21,36.34,28205419,0,uvm_report_server
RUN-001490,random_read_test-001490,1366167378,FAIL,fail,ECC_UNCORRECTABLE,E_ECC_0x33,ECC_UNCORRECTABLE,209610,4,0,0,1,1,213.61,3.25,213606198,1,uvm_report_server
RUN-001491,garbage_collect_test-001491,1140648946,PASS,pass,NONE,,,,0,1,0,0,0,60.98,33.6,48783220,0,uvm_report_server
RUN-001492,random_read_test-001492,1728662594,PASS,pass,NONE,,,,0,1,0,0,0,36.81,29.11,22085980,0,uvm_report_server
RUN-001493,sequential_write_test-001493,409017998,PASS,pass,NONE,,,,0,0,0,0,0,56.13,9.65,22452113,0,uvm_report_server
RUN-001494,erase_suspend_test-001494,196755888,PASS,pass,NONE,,,,0,0,0,0,0,8.55,462.74,10257434,0,uvm_report_server
RUN-001495,mixed_rw_test-001495,386582654,PASS,pass,NONE,,,,0,1,0,0,0,138.01,29.25,110406623,0,uvm_report_server
RUN-001496,erase_suspend_test-001496,72035112,PASS,pass,NONE,,,,0,0,0,0,0,15.72,8.41,12573563,0,uvm_report_server
RUN-001497,read_disturb_test-001497,2050748723,PASS,pass,NONE,,,,0,0,0,0,0,37.47,13.0,29978703,0,uvm_report_server
RUN-001498,sequential_write_test-001498,199705408,PASS,pass,NONE,,,,0,0,0,0,0,6.51,10.74,5210563,0,uvm_report_server
RUN-001499,garbage_collect_test-001499,991189325,PASS,pass,NONE,,,,0,0,0,0,0,25.36,21.53,20284957,0,uvm_report_server
RUN-001500,back_to_back_program_test-001500,584767248,PASS,pass,NONE,,,,0,1,0,0,0,56.25,2.18,44998138,0,uvm_report_server
RUN-001501,read_disturb_test-001501,1687662496,FAIL,fail,DATA_MISMATCH,E_CMP_0x11,DATA_MISMATCH,2500,1,0,0,0,1,1.0,227.34,1000000,1,uvm_report_server
RUN-001502,read_disturb_test-001502,1717294964,PASS,pass,NONE,,,,0,1,0,0,0,15.25,34.34,15248582,0,uvm_report_server
RUN-001503,read_disturb_test-001503,1412489934,PASS,pass,NONE,,,,0,0,0,0,0,44.33,24.37,53199051,0,uvm_report_server
RUN-001504,back_to_back_program_test-001504,1425177247,PASS,pass,NONE,,,,0,0,0,0,0,56.58,8.76,45264437,0,uvm_report_server
RUN-001505,back_to_back_program_test-001505,1807373027,PASS,pass,NONE,,,,0,0,0,0,0,48.38,1.33,48378836,0,uvm_report_server
RUN-001506,power_cycle_test-001506,2008614100,PASS,pass,NONE,,,,0,0,0,0,0,79.35,12.77,47609791,0,uvm_report_server
RUN-001507,erase_suspend_test-001507,1504928551,FAIL,fail,THERMAL_SHUTDOWN,E_THRM_0x80,THERMAL_SHUTDOWN,23900,2,0,0,1,0,27.9,5.19,22319872,1,uvm_report_server
RUN-001508,erase_suspend_test-001508,1144324647,PASS,pass,NONE,,,,0,1,0,0,0,1.08,226.67,1077702,0,uvm_report_server
RUN-001509,back_to_back_program_test-001509,1972243984,FAIL,fail,FIFO_OVERFLOW,E_FIFO_0x21,FIFO_OVERFLOW,40260,3,0,0,0,0,44.26,59.57,53115272,1,uvm_report_server
RUN-001510,mixed_rw_test-001510,364908298,PASS,pass,NONE,,,,0,1,0,0,0,1.0,138.52,1000000,0,uvm_report_server
RUN-001511,sequential_write_test-001511,722032139,FAIL,fail,TIMEOUT,E_TMO_0x40,TIMEOUT,1976540,3,0,1,0,0,1980.54,1.29,1980542211,1,uvm_report_server
RUN-001512,sequential_write_test-001512,356040882,PASS,pass,NONE,,,,0,0,0,0,0,82.95,51.46,49772467,0,uvm_report_server
RUN-001513,read_disturb_test-001513,720687356,PASS,pass,NONE,,,,0,0,0,0,0,6.1,5.3,4879823,0,uvm_report_server
RUN-001514,read_disturb_test-001514,1668305634,FAIL,fail,DATA_MISMATCH,E_CMP_0x11,DATA_MISMATCH,2500,2,0,0,0,1,1.31,16.8,1313357,1,uvm_report_server
RUN-001515,read_disturb_test-001515,901347922,PASS,pass,NONE,,,,0,0,0,0,0,1.0,7.76,800000,0,uvm_report_server
RUN-001516,back_to_back_program_test-001516,1583713437,PASS,pass,NONE,,,,0,0,0,0,0,114.22,34.54,137066505,0,uvm_report_server
RUN-001517,back_to_back_program_test-001517,2119436484,PASS,pass,NONE,,,,0,1,0,0,0,100.96,5.6,60576737,0,uvm_report_server
RUN-001518,sequential_write_test-001518,1369489747,PASS,pass,NONE,,,,0,0,0,0,0,2.23,29.24,1781173,0,uvm_report_server
RUN-001519,back_to_back_program_test-001519,252309885,PASS,pass,NONE,,,,0,1,0,0,0,343.27,1.52,137308211,0,uvm_report_server
RUN-001520,mixed_rw_test-001520,172992634,PASS,pass,NONE,,,,0,1,0,0,0,38.36,6.42,23014391,0,uvm_report_server
RUN-001521,random_read_test-001521,1674507683,PASS,pass,NONE,,,,0,0,0,0,0,13.43,19.31,13427768,0,uvm_report_server
RUN-001522,back_to_back_program_test-001522,1670678484,PASS,pass,NONE,,,,0,1,0,0,0,9.31,53.51,3722293,0,uvm_report_server
RUN-001523,power_cycle_test-001523,1226887798,PASS,pass,NONE,,,,0,0,0,0,0,5.2,24.51,4158274,0,uvm_report_server
RUN-001524,garbage_collect_test-001524,1105361762,PASS,pass,NONE,,,,0,0,0,0,0,1.08,16.24,860602,0,uvm_report_server
RUN-001525,sequential_write_test-001525,193999631,PASS,pass,NONE,,,,0,1,0,0,0,122.97,17.39,147567682,0,uvm_report_server
RUN-001526,garbage_collect_test-001526,1694335297,FAIL,fail,ECC_UNCORRECTABLE,E_ECC_0x33,ECC_UNCORRECTABLE,298290,3,0,0,0,1,302.29,18.17,241829499,1,uvm_report_server
RUN-001527,sequential_write_test-001527,785410043,FAIL,fail,DATA_MISMATCH,E_CMP_0x11,DATA_MISMATCH,19710,3,0,0,1,1,23.71,1.58,28454761,1,uvm_report_server
RUN-001528,sequential_write_test-001528,134421515,PASS,pass,NONE,,,,0,1,0,0,0,27.02,40.2,21617591,0,uvm_report_server
RUN-001529,mixed_rw_test-001529,1782353828,PASS,pass,NONE,,,,0,0,0,0,0,549.54,3.91,439634723,0,uvm_report_server
RUN-001530,garbage_collect_test-001530,1435762201,PASS,pass,NONE,,,,0,0,0,0,0,52.05,163.29,41639618,0,uvm_report_server
RUN-001531,random_read_test-001531,1940787707,PASS,pass,NONE,,,,0,0,0,0,0,4.42,14.27,1769057,0,uvm_report_server
RUN-001532,sequential_write_test-001532,366282151,PASS,pass,NONE,,,,0,1,0,0,0,32.09,15.73,19255736,0,uvm_report_server
RUN-001533,mixed_rw_test-001533,1695327306,FAIL,fail,TIMEOUT,E_TMO_0x40,TIMEOUT,1971230,2,0,1,0,0,1975.23,0.98,1975234325,1,uvm_report_server
RUN-001534,mixed_rw_test-001534,1687865691,PASS,pass,NONE,,,,0,0,0,0,0,2.76,90.65,2211762,0,uvm_report_server
RUN-001535,back_to_back_program_test-001535,1278113900,PASS,pass,NONE,,,,0,0,0,0,0,7.38,9.16,4427997,0,uvm_report_server
RUN-001536,read_disturb_test-001536,678674346,PASS,pass,NONE,,,,0,1,0,0,0,107.79,19.71,43117678,0,uvm_report_server
RUN-001537,mixed_rw_test-001537,1329133589,PASS,pass,NONE,,,,0,0,0,0,0,24.44,23.0,14663958,0,uvm_report_server
RUN-001538,erase_suspend_test-001538,1859711362,PASS,pass,NONE,,,,0,0,0,0,0,25.08,330.51,20067458,0,uvm_report_server
RUN-001539,erase_suspend_test-001539,556740551,PASS,pass,NONE,,,,0,0,0,0,0,26.39,4.97,10556786,0,uvm_report_server
RUN-001540,random_read_test-001540,1416203352,PASS,pass,NONE,,,,0,1,0,0,0,21.2,45.73,8478494,0,uvm_report_server
RUN-001541,power_cycle_test-001541,798621911,FAIL,fail,ASSERTION_FAIL,E_ASRT_0x60,ASSERTION_FAIL,2500,1,0,0,0,0,3.67,69.03,2939929,1,uvm_report_server
RUN-001542,sequential_write_test-001542,1408580646,PASS,pass,NONE,,,,0,0,0,0,0,3.53,78.62,1410778,0,uvm_report_server
RUN-001543,power_cycle_test-001543,1538658160,FAIL,fail,PROTOCOL_VIOLATION,E_PROT_0x52,PROTOCOL_VIOLATION,8330,2,0,1,0,0,12.33,26.68,7400150,1,uvm_report_server
RUN-001544,sequential_write_test-001544,346017203,PASS,pass,NONE,,,,0,0,0,0,0,3.59,70.65,2868174,0,uvm_report_server
RUN-001545,sequential_write_test-001545,154798072,FAIL,fail,ASSERTION_FAIL,E_ASRT_0x60,ASSERTION_FAIL,2500,1,0,0,0,0,1.18,2.25,941430,1,uvm_report_server
RUN-001546,mixed_rw_test-001546,252738321,FAIL,fail,ASSERTION_FAIL,E_ASRT_0x60,ASSERTION_FAIL,2500,2,0,0,1,0,1.0,91.68,1000000,1,uvm_report_server
RUN-001547,garbage_collect_test-001547,316139872,PASS,pass,NONE,,,,0,1,0,0,0,19.89,6.4,11935588,0,uvm_report_server
RUN-001548,random_read_test-001548,2025870379,FAIL,fail,TIMEOUT,E_TMO_0x40,TIMEOUT,1963700,2,0,1,0,0,1967.7,0.82,1967704489,1,uvm_report_server
RUN-001549,back_to_back_program_test-001549,2097829926,FAIL,fail,FIFO_OVERFLOW,E_FIFO_0x21,FIFO_OVERFLOW,99250,4,1,0,1,0,103.25,6.23,103254836,1,uvm_report_server
RUN-001550,mixed_rw_test-001550,804630268,PASS,pass,NONE,,,,0,1,0,0,0,8.71,14.12,8705202,0,uvm_report_server
RUN-001551,random_read_test-001551,154850798,PASS,pass,NONE,,,,0,0,0,0,0,59.37,18.21,47495601,0,uvm_report_server
RUN-001552,erase_suspend_test-001552,846336999,PASS,pass,NONE,,,,0,0,0,0,0,7.46,4.49,8948667,0,uvm_report_server
RUN-001553,erase_suspend_test-001553,911121899,PASS,pass,NONE,,,,0,1,0,0,0,2.76,5.47,2205278,0,uvm_report_server
RUN-001554,back_to_back_program_test-001554,387661251,PASS,pass,NONE,,,,0,0,0,0,0,3.86,263.14,4628174,0,uvm_report_server
RUN-001555,random_read_test-001555,139502780,PASS,pass,NONE,,,,0,0,0,0,0,11.13,25.11,6679561,0,uvm_report_server
RUN-001556,back_to_back_program_test-001556,1456765867,FAIL,fail,FIFO_OVERFLOW,E_FIFO_0x21,FIFO_OVERFLOW,16580,3,0,0,0,0,20.58,61.97,24698062,1,uvm_report_server
RUN-001557,back_to_back_program_test-001557,1302193129,PASS,pass,NONE,,,,0,0,0,0,0,1.85,35.47,1480106,0,uvm_report_server
RUN-001558,back_to_back_program_test-001558,1452507797,PASS,pass,NONE,,,,0,1,0,0,0,22.78,5.72,18226971,0,uvm_report_server
RUN-001559,erase_suspend_test-001559,262446978,PASS,pass,NONE,,,,0,0,0,0,0,12.29,11.29,12292542,0,uvm_report_server
RUN-001560,random_read_test-001560,2017947315,PASS,pass,NONE,,,,0,0,0,0,0,201.28,79.96,201275143,0,uvm_report_server
RUN-001561,erase_suspend_test-001561,1087004811,PASS,pass,NONE,,,,0,0,0,0,0,241.24,1.08,96497580,0,uvm_report_server
RUN-001562,sequential_write_test-001562,983770193,PASS,pass,NONE,,,,0,0,0,0,0,1.64,20.49,1639180,0,uvm_report_server
RUN-001563,mixed_rw_test-001563,1959516149,PASS,pass,NONE,,,,0,0,0,0,0,95.91,43.25,76724764,0,uvm_report_server
RUN-001564,erase_suspend_test-001564,449539092,PASS,pass,NONE,,,,0,0,0,0,0,29.39,16.97,11755514,0,uvm_report_server
RUN-001565,mixed_rw_test-001565,1036406806,PASS,pass,NONE,,,,0,0,0,0,0,25.34,4.77,10136094,0,uvm_report_server
RUN-001566,sequential_write_test-001566,501342125,PASS,pass,NONE,,,,0,1,0,0,0,4.1,29.99,3283292,0,uvm_report_server
RUN-001567,sequential_write_test-001567,110826311,PASS,pass,NONE,,,,0,0,0,0,0,23.11,5.84,13863779,0,uvm_report_server
RUN-001568,garbage_collect_test-001568,472735555,PASS,pass,NONE,,,,0,0,0,0,0,9.25,7.22,5548016,0,uvm_report_server
RUN-001569,random_read_test-001569,2043218977,FAIL,fail,ECC_UNCORRECTABLE,E_ECC_0x33,ECC_UNCORRECTABLE,66500,3,0,0,0,1,70.5,50.36,70503636,1,uvm_report_server
RUN-001570,garbage_collect_test-001570,356397483,PASS,pass,NONE,,,,0,0,0,0,0,3.24,38.0,3887280,0,uvm_report_server
RUN-001571,mixed_rw_test-001571,1194882282,PASS,pass,NONE,,,,0,0,0,0,0,2.99,5.63,3586617,0,uvm_report_server
RUN-001572,back_to_back_program_test-001572,1795534160,FAIL,fail,TIMEOUT,E_TMO_0x40,TIMEOUT,1974860,4,0,1,1,0,1978.86,3.0,1978857840,1,uvm_report_server
RUN-001573,erase_suspend_test-001573,354894919,PASS,pass,NONE,,,,0,0,0,0,0,14.23,34.0,14225576,0,uvm_report_server
RUN-001574,read_disturb_test-001574,1674824592,PASS,pass,NONE,,,,0,0,0,0,0,87.11,25.22,87110517,0,uvm_report_server
RUN-001575,mixed_rw_test-001575,517375038,PASS,pass,NONE,,,,0,1,0,0,0,223.21,2.29,178569324,0,uvm_report_server
RUN-001576,read_disturb_test-001576,1653490738,PASS,pass,NONE,,,,0,1,0,0,0,1.11,27.67,665355,0,uvm_report_server
RUN-001577,random_read_test-001577,1600319108,PASS,pass,NONE,,,,0,0,0,0,0,1.92,31.5,1532285,0,uvm_report_server
RUN-001578,back_to_back_program_test-001578,865603621,PASS,pass,NONE,,,,0,0,0,0,0,17.75,27.73,14199563,0,uvm_report_server
RUN-001579,read_disturb_test-001579,566301164,PASS,pass,NONE,,,,0,0,0,0,0,49.22,5.47,39375102,0,uvm_report_server
RUN-001580,random_read_test-001580,1030375292,PASS,pass,NONE,,,,0,0,0,0,0,38.45,3.63,30759167,0,uvm_report_server
RUN-001581,garbage_collect_test-001581,22715537,PASS,pass,NONE,,,,0,0,0,0,0,8.49,28.78,10193955,0,uvm_report_server
RUN-001582,back_to_back_program_test-001582,1554520957,PASS,pass,NONE,,,,0,0,0,0,0,5.85,20.77,3511866,0,uvm_report_server
RUN-001583,sequential_write_test-001583,105721006,PASS,pass,NONE,,,,0,1,0,0,0,1.2,50.8,720266,0,uvm_report_server
RUN-001584,read_disturb_test-001584,680210106,PASS,pass,NONE,,,,0,0,0,0,0,8.61,15.38,6891477,0,uvm_report_server
RUN-001585,erase_suspend_test-001585,1998213245,PASS,pass,NONE,,,,0,0,0,0,0,1.5,22.5,1201187,0,uvm_report_server
RUN-001586,power_cycle_test-001586,1325112981,PASS,pass,NONE,,,,0,0,0,0,0,9.38,28.46,9378834,0,uvm_report_server
RUN-001587,sequential_write_test-001587,1667991453,PASS,pass,NONE,,,,0,0,0,0,0,1.18,57.78,705441,0,uvm_report_server
RUN-001588,sequential_write_test-001588,1399844414,PASS,pass,NONE,,,,0,0,0,0,0,8.98,119.22,8977222,0,uvm_report_server
RUN-001589,read_disturb_test-001589,1412459503,PASS,pass,NONE,,,,0,0,0,0,0,6.88,20.33,4127756,0,uvm_report_server
RUN-001590,read_disturb_test-001590,215566764,PASS,pass,NONE,,,,0,0,0,0,0,46.89,1.36,46885379,0,uvm_report_server
RUN-001591,sequential_write_test-001591,861904770,PASS,pass,NONE,,,,0,1,0,0,0,26.2,10.42,31445987,0,uvm_report_server
RUN-001592,back_to_back_program_test-001592,867405476,FAIL,fail,DATA_MISMATCH,E_CMP_0x11,DATA_MISMATCH,3410,3,0,0,0,1,7.41,80.65,2962230,1,uvm_report_server
RUN-001593,read_disturb_test-001593,1706160319,PASS,pass,NONE,,,,0,0,0,0,0,1.53,20.41,1227326,0,uvm_report_server
RUN-001594,garbage_collect_test-001594,1294625419,FAIL,fail,TIMEOUT,E_TMO_0x40,TIMEOUT,1977950,3,0,1,0,0,1981.95,0.03,1981954645,1,uvm_report_server
RUN-001595,garbage_collect_test-001595,522521480,FAIL,fail,ASSERTION_FAIL,E_ASRT_0x60,ASSERTION_FAIL,53140,3,0,0,0,0,57.14,10.57,45715099,1,uvm_report_server
RUN-001596,random_read_test-001596,1409810799,PASS,pass,NONE,,,,0,1,0,0,0,6.67,77.82,8000911,0,uvm_report_server
RUN-001597,garbage_collect_test-001597,1265664779,PASS,pass,NONE,,,,0,0,0,0,0,5.27,99.26,4217815,0,uvm_report_server
RUN-001598,back_to_back_program_test-001598,647920160,PASS,pass,NONE,,,,0,0,0,0,0,15.29,16.45,15293889,0,uvm_report_server
RUN-001599,back_to_back_program_test-001599,1748312929,FAIL,fail,FIFO_OVERFLOW,E_FIFO_0x21,FIFO_OVERFLOW,2760,3,1,0,1,0,6.76,48.79,6760922,1,uvm_report_server
RUN-001600,back_to_back_program_test-001600,1449476172,PASS,pass,NONE,,,,0,1,0,0,0,9.1,3.79,7277231,0,uvm_report_server
RUN-001601,power_cycle_test-001601,975884209,PASS,pass,NONE,,,,0,0,0,0,0,2.35,13.68,2345329,0,uvm_report_server
RUN-001602,mixed_rw_test-001602,1163406726,PASS,pass,NONE,,,,0,0,0,0,0,130.7,31.02,104556228,0,uvm_report_server
RUN-001603,random_read_test-001603,125365721,PASS,pass,NONE,,,,0,1,0,0,0,12.09,46.17,14503501,0,uvm_report_server
RUN-001604,mixed_rw_test-001604,1484954128,PASS,pass,NONE,,,,0,0,0,0,0,6.92,38.52,6922034,0,uvm_report_server
RUN-001605,random_read_test-001605,1885249854,PASS,pass,NONE,,,,0,0,0,0,0,6.45,1.2,3871701,0,uvm_report_server
RUN-001606,power_cycle_test-001606,269613274,PASS,pass,NONE,,,,0,1,0,0,0,17.96,7.37,10773104,0,uvm_report_server
RUN-001607,erase_suspend_test-001607,1840232027,PASS,pass,NONE,,,,0,0,0,0,0,1.86,268.36,1485045,0,uvm_report_server
RUN-001608,mixed_rw_test-001608,621354865,PASS,pass,NONE,,,,0,0,0,0,0,16.93,4.14,20313163,0,uvm_report_server
RUN-001609,erase_suspend_test-001609,1444786790,PASS,pass,NONE,,,,0,0,0,0,0,3.48,36.46,2782033,0,uvm_report_server
RUN-001610,random_read_test-001610,1949554818,PASS,pass,NONE,,,,0,0,0,0,0,74.09,13.91,74085623,0,uvm_report_server
RUN-001611,random_read_test-001611,71721742,FAIL,fail,RETENTION_FAIL,E_RET_0x71,RETENTION_FAIL,2500,1,0,0,0,1,4.56,72.2,5471992,1,uvm_report_server
RUN-001612,random_read_test-001612,1874659193,PASS,pass,NONE,,,,0,0,0,0,0,111.07,78.83,66641873,0,uvm_report_server
RUN-001613,power_cycle_test-001613,1395052482,PASS,pass,NONE,,,,0,0,0,0,0,34.71,15.41,27768770,0,uvm_report_server
RUN-001614,read_disturb_test-001614,1728020693,PASS,pass,NONE,,,,0,0,0,0,0,40.79,0.75,16316153,0,uvm_report_server
RUN-001615,random_read_test-001615,231710740,PASS,pass,NONE,,,,0,1,0,0,0,38.44,3.17,30748647,0,uvm_report_server
RUN-001616,erase_suspend_test-001616,764251368,PASS,pass,NONE,,,,0,0,0,0,0,263.11,1.0,105245980,0,uvm_report_server
RUN-001617,back_to_back_program_test-001617,38354655,FAIL,fail,FIFO_OVERFLOW,E_FIFO_0x21,FIFO_OVERFLOW,197070,2,1,0,0,0,201.07,1.35,80427513,1,uvm_report_server
RUN-001618,mixed_rw_test-001618,1618592675,PASS,pass,NONE,,,,0,1,0,0,0,20.0,12.68,7998499,0,uvm_report_server
RUN-001619,back_to_back_program_test-001619,184170694,PASS,pass,NONE,,,,0,0,0,0,0,1.0,31.66,800000,0,uvm_report_server
RUN-001620,mixed_rw_test-001620,2033085675,PASS,pass,NONE,,,,0,0,0,0,0,15.56,30.96,15562802,0,uvm_report_server
RUN-001621,mixed_rw_test-001621,320419813,PASS,pass,NONE,,,,0,1,0,0,0,46.04,21.67,18415020,0,uvm_report_server
RUN-001622,mixed_rw_test-001622,93192620,PASS,pass,NONE,,,,0,0,0,0,0,146.31,57.28,87787715,0,uvm_report_server
RUN-001623,garbage_collect_test-001623,994658391,PASS,pass,NONE,,,,0,0,0,0,0,6.53,2.32,5225008,0,uvm_report_server
RUN-001624,sequential_write_test-001624,1180181900,FAIL,fail,DATA_MISMATCH,E_CMP_0x11,DATA_MISMATCH,2500,4,1,0,1,1,2.39,73.97,2394499,1,uvm_report_server
RUN-001625,erase_suspend_test-001625,91800336,PASS,pass,NONE,,,,0,0,0,0,0,1.0,16.17,800000,0,uvm_report_server
RUN-001626,random_read_test-001626,1516490516,PASS,pass,NONE,,,,0,0,0,0,0,360.87,48.25,216520029,0,uvm_report_server
RUN-001627,sequential_write_test-001627,328731146,PASS,pass,NONE,,,,0,0,0,0,0,456.69,0.59,365351394,0,uvm_report_server
RUN-001628,erase_suspend_test-001628,722978114,PASS,pass,NONE,,,,0,0,0,0,0,12.9,19.49,15476387,0,uvm_report_server
RUN-001629,sequential_write_test-001629,2144785455,PASS,pass,NONE,,,,0,0,0,0,0,182.16,0.75,145725137,0,uvm_report_server
RUN-001630,garbage_collect_test-001630,601866982,PASS,pass,NONE,,,,0,1,0,0,0,14.6,33.11,11682744,0,uvm_report_server
RUN-001631,power_cycle_test-001631,1082472622,PASS,pass,NONE,,,,0,0,0,0,0,11.53,2.92,11529421,0,uvm_report_server
RUN-001632,power_cycle_test-001632,571034545,PASS,pass,NONE,,,,0,0,0,0,0,193.25,5.38,154603850,0,uvm_report_server
RUN-001633,mixed_rw_test-001633,800948438,PASS,pass,NONE,,,,0,0,0,0,0,23.73,20.51,28479028,0,uvm_report_server
RUN-001634,erase_suspend_test-001634,1257104506,PASS,pass,NONE,,,,0,0,0,0,0,42.1,12.3,25258552,0,uvm_report_server
RUN-001635,mixed_rw_test-001635,1021937237,PASS,pass,NONE,,,,0,1,0,0,0,4.45,58.41,3563882,0,uvm_report_server
RUN-001636,mixed_rw_test-001636,2008017031,FAIL,fail,DATA_MISMATCH,E_CMP_0x11,DATA_MISMATCH,340570,2,1,0,0,1,344.57,2.65,275652546,1,uvm_report_server
RUN-001637,random_read_test-001637,1111948348,PASS,pass,NONE,,,,0,0,0,0,0,18.99,3.52,15191812,0,uvm_report_server
RUN-001638,back_to_back_program_test-001638,487743943,PASS,pass,NONE,,,,0,0,0,0,0,13.15,76.99,13152384,0,uvm_report_server
RUN-001639,back_to_back_program_test-001639,977682904,FAIL,fail,FIFO_OVERFLOW,E_FIFO_0x21,FIFO_OVERFLOW,45250,1,0,0,0,0,49.25,0.54,19700101,1,uvm_report_server
RUN-001640,power_cycle_test-001640,1380424795,PASS,pass,NONE,,,,0,0,0,0,0,6.95,4.63,4167570,0,uvm_report_server
RUN-001641,sequential_write_test-001641,1963851511,PASS,pass,NONE,,,,0,0,0,0,0,32.98,30.29,26383017,0,uvm_report_server
RUN-001642,back_to_back_program_test-001642,1659824348,FAIL,fail,FIFO_OVERFLOW,E_FIFO_0x21,FIFO_OVERFLOW,15310,3,0,0,0,0,19.31,1.29,11584017,1,uvm_report_server
RUN-001643,random_read_test-001643,528690230,PASS,pass,NONE,,,,0,0,0,0,0,23.74,5.4,9495763,0,uvm_report_server
RUN-001644,back_to_back_program_test-001644,480503070,PASS,pass,NONE,,,,0,0,0,0,0,157.68,6.28,63071359,0,uvm_report_server
RUN-001645,mixed_rw_test-001645,1901494445,FAIL,fail,DATA_MISMATCH,E_CMP_0x11,DATA_MISMATCH,13930,3,1,0,0,1,17.93,14.61,17932304,1,uvm_report_server
RUN-001646,back_to_back_program_test-001646,296292053,PASS,pass,NONE,,,,0,1,0,0,0,34.63,28.25,13850591,0,uvm_report_server
RUN-001647,back_to_back_program_test-001647,408272124,PASS,pass,NONE,,,,0,0,0,0,0,1.37,177.13,1640775,0,uvm_report_server
RUN-001648,mixed_rw_test-001648,102948923,FAIL,fail,RETENTION_FAIL,E_RET_0x71,RETENTION_FAIL,11000,1,0,0,0,1,15.0,22.76,14999705,1,uvm_report_server
RUN-001649,mixed_rw_test-001649,7870343,PASS,pass,NONE,,,,0,0,0,0,0,27.64,8.93,33168454,0,uvm_report_server
RUN-001650,random_read_test-001650,1330510730,PASS,pass,NONE,,,,0,0,0,0,0,9.68,7.22,5808650,0,uvm_report_server
RUN-001651,erase_suspend_test-001651,786400854,PASS,pass,NONE,,,,0,0,0,0,0,34.42,14.23,20652330,0,uvm_report_server
RUN-001652,random_read_test-001652,1839931481,PASS,pass,NONE,,,,0,0,0,0,0,37.47,28.07,29978620,0,uvm_report_server
RUN-001653,back_to_back_program_test-001653,207892731,PASS,pass,NONE,,,,0,0,0,0,0,1.12,29.24,896981,0,uvm_report_server
RUN-001654,erase_suspend_test-001654,261229126,FAIL,fail,THERMAL_SHUTDOWN,E_THRM_0x80,THERMAL_SHUTDOWN,3000,3,0,0,0,0,7.0,11.35,5603914,1,uvm_report_server
RUN-001655,sequential_write_test-001655,1275828146,PASS,pass,NONE,,,,0,1,0,0,0,137.74,3.84,110188770,0,uvm_report_server
RUN-001656,back_to_back_program_test-001656,1146971758,PASS,pass,NONE,,,,0,0,0,0,0,46.38,5.49,46375142,0,uvm_report_server
RUN-001657,erase_suspend_test-001657,2008306816,PASS,pass,NONE,,,,0,0,0,0,0,4.82,53.98,5781345,0,uvm_report_server
RUN-001658,sequential_write_test-001658,252868292,FAIL,fail,DATA_MISMATCH,E_CMP_0x11,DATA_MISMATCH,2500,3,1,0,0,1,2.33,11.83,1865918,1,uvm_report_server
RUN-001659,power_cycle_test-001659,623371212,PASS,pass,NONE,,,,0,0,0,0,0,88.41,0.7,70727887,0,uvm_report_server
RUN-001660,sequential_write_test-001660,1971842978,PASS,pass,NONE,,,,0,0,0,0,0,92.3,5.61,55381967,0,uvm_report_server
RUN-001661,power_cycle_test-001661,665496035,PASS,pass,NONE,,,,0,0,0,0,0,73.2,0.89,73201111,0,uvm_report_server
RUN-001662,power_cycle_test-001662,1137290289,FAIL,fail,DATA_MISMATCH,E_CMP_0x11,DATA_MISMATCH,37740,4,1,0,1,1,41.74,24.39,16696512,1,uvm_report_server
RUN-001663,random_read_test-001663,701998983,PASS,pass,NONE,,,,0,0,0,0,0,4.6,6.99,3682371,0,uvm_report_server
RUN-001664,sequential_write_test-001664,2010129427,FAIL,fail,DATA_MISMATCH,E_CMP_0x11,DATA_MISMATCH,13490,2,1,0,0,1,17.49,2.77,6994134,1,uvm_report_server
RUN-001665,back_to_back_program_test-001665,10336466,PASS,pass,NONE,,,,0,1,0,0,0,24.19,22.88,24186718,0,uvm_report_server
RUN-001666,mixed_rw_test-001666,1507089240,PASS,pass,NONE,,,,0,0,0,0,0,63.56,4.21,63556560,0,uvm_report_server
RUN-001667,back_to_back_program_test-001667,26198559,FAIL,fail,FIFO_OVERFLOW,E_FIFO_0x21,FIFO_OVERFLOW,2500,3,0,0,1,0,2.95,8.11,1178406,1,uvm_report_server
RUN-001668,sequential_write_test-001668,1861387461,PASS,pass,NONE,,,,0,0,0,0,0,20.56,13.2,8223153,0,uvm_report_server
RUN-001669,power_cycle_test-001669,445284323,FAIL,fail,TIMEOUT,E_TMO_0x40,TIMEOUT,1969690,2,0,1,0,0,1973.69,0.17,1973686187,1,uvm_report_server
RUN-001670,back_to_back_program_test-001670,62188255,PASS,pass,NONE,,,,0,1,0,0,0,66.87,32.29,66871299,0,uvm_report_server
RUN-001671,random_read_test-001671,171930020,PASS,pass,NONE,,,,0,1,0,0,0,401.52,11.25,240909705,0,uvm_report_server
RUN-001672,back_to_back_program_test-001672,1831757870,FAIL,fail,FIFO_OVERFLOW,E_FIFO_0x21,FIFO_OVERFLOW,290490,1,0,0,0,0,294.49,0.93,235595523,1,uvm_report_server
RUN-001673,erase_suspend_test-001673,208851581,PASS,pass,NONE,,,,0,1,0,0,0,19.82,13.62,23789726,0,uvm_report_server
RUN-001674,back_to_back_program_test-001674,1250874717,FAIL,fail,FIFO_OVERFLOW,E_FIFO_0x21,FIFO_OVERFLOW,38690,4,0,0,1,0,42.69,9.16,25613386,1,uvm_report_server
RUN-001675,sequential_write_test-001675,713946401,PASS,pass,NONE,,,,0,1,0,0,0,71.39,15.36,42833423,0,uvm_report_server
RUN-001676,erase_suspend_test-001676,858292077,PASS,pass,NONE,,,,0,1,0,0,0,40.88,3.44,24527528,0,uvm_report_server
RUN-001677,mixed_rw_test-001677,371278820,PASS,pass,NONE,,,,0,1,0,0,0,5.55,23.0,3330578,0,uvm_report_server
RUN-001678,sequential_write_test-001678,1577653548,PASS,pass,NONE,,,,0,0,0,0,0,36.89,7.44,36888990,0,uvm_report_server
RUN-001679,read_disturb_test-001679,240971235,PASS,pass,NONE,,,,0,0,0,0,0,11.67,23.0,9335424,0,uvm_report_server
RUN-001680,mixed_rw_test-001680,7691455,PASS,pass,NONE,,,,0,0,0,0,0,37.78,27.01,45338748,0,uvm_report_server
RUN-001681,garbage_collect_test-001681,999537624,FAIL,fail,THERMAL_SHUTDOWN,E_THRM_0x80,THERMAL_SHUTDOWN,96540,4,1,0,1,0,100.54,5.79,80429139,1,uvm_report_server
RUN-001682,erase_suspend_test-001682,2018081201,PASS,pass,NONE,,,,0,0,0,0,0,55.42,10.2,44338908,0,uvm_report_server
RUN-001683,random_read_test-001683,584299928,PASS,pass,NONE,,,,0,0,0,0,0,4.19,129.7,1675821,0,uvm_report_server
RUN-001684,random_read_test-001684,174689663,PASS,pass,NONE,,,,0,0,0,0,0,5.64,47.67,2254927,0,uvm_report_server
RUN-001685,power_cycle_test-001685,747325790,FAIL,fail,ECC_UNCORRECTABLE,E_ECC_0x33,ECC_UNCORRECTABLE,7610,4,0,0,1,1,11.61,30.97,13927355,1,uvm_report_server
RUN-001686,sequential_write_test-001686,395678881,PASS,pass,NONE,,,,0,0,0,0,0,24.38,20.26,29257207,0,uvm_report_server
RUN-001687,random_read_test-001687,897823225,FAIL,fail,ASSERTION_FAIL,E_ASRT_0x60,ASSERTION_FAIL,2500,3,1,0,1,0,1.0,9.37,800000,1,uvm_report_server
RUN-001688,mixed_rw_test-001688,1588573303,FAIL,fail,RETENTION_FAIL,E_RET_0x71,RETENTION_FAIL,182860,1,0,0,0,1,186.86,6.21,224236201,1,uvm_report_server
RUN-001689,sequential_write_test-001689,224862951,FAIL,fail,TIMEOUT,E_TMO_0x40,TIMEOUT,1967980,1,0,1,0,0,1971.98,0.08,2366372632,1,uvm_report_server
RUN-001690,sequential_write_test-001690,1195135287,PASS,pass,NONE,,,,0,1,0,0,0,15.24,8.32,12189063,0,uvm_report_server
RUN-001691,random_read_test-001691,680017990,FAIL,fail,TIMEOUT,E_TMO_0x40,TIMEOUT,1957520,3,1,1,0,0,1961.52,0.03,2353829474,1,uvm_report_server
RUN-001692,erase_suspend_test-001692,1767783086,PASS,pass,NONE,,,,0,0,0,0,0,70.92,0.92,42552624,0,uvm_report_server
RUN-001693,sequential_write_test-001693,605416572,PASS,pass,NONE,,,,0,0,0,0,0,10.43,6.34,6258527,0,uvm_report_server
RUN-001694,power_cycle_test-001694,916106572,FAIL,fail,THERMAL_SHUTDOWN,E_THRM_0x80,THERMAL_SHUTDOWN,2500,3,0,0,0,0,6.15,102.31,6147366,1,uvm_report_server
RUN-001695,power_cycle_test-001695,1343189668,PASS,pass,NONE,,,,0,0,0,0,0,5.17,25.82,3099990,0,uvm_report_server
RUN-001696,random_read_test-001696,2068698010,PASS,pass,NONE,,,,0,1,0,0,0,34.8,55.91,41755958,0,uvm_report_server
RUN-001697,random_read_test-001697,727166960,PASS,pass,NONE,,,,0,1,0,0,0,4.59,59.69,4590180,0,uvm_report_server
RUN-001698,sequential_write_test-001698,28223242,PASS,pass,NONE,,,,0,0,0,0,0,6.65,20.88,7979159,0,uvm_report_server
RUN-001699,sequential_write_test-001699,1323894332,FAIL,fail,DATA_MISMATCH,E_CMP_0x11,DATA_MISMATCH,62870,3,1,0,1,1,66.87,4.25,26748596,1,uvm_report_server
RUN-001700,erase_suspend_test-001700,134893785,PASS,pass,NONE,,,,0,0,0,0,0,174.32,2.99,69726728,0,uvm_report_server
RUN-001701,sequential_write_test-001701,956430063,PASS,pass,NONE,,,,0,0,0,0,0,6.13,40.11,4900162,0,uvm_report_server
RUN-001702,garbage_collect_test-001702,1651363705,PASS,pass,NONE,,,,0,1,0,0,0,13.2,41.53,10563549,0,uvm_report_server
RUN-001703,garbage_collect_test-001703,2086886046,PASS,pass,NONE,,,,0,0,0,0,0,12.7,5.17,7617230,0,uvm_report_server
RUN-001704,sequential_write_test-001704,75547185,PASS,pass,NONE,,,,0,1,0,0,0,1.02,7.73,409302,0,uvm_report_server
RUN-001705,random_read_test-001705,331694851,PASS,pass,NONE,,,,0,1,0,0,0,1.95,31.73,1947960,0,uvm_report_server
RUN-001706,power_cycle_test-001706,1688981572,PASS,pass,NONE,,,,0,0,0,0,0,8.1,7.47,6477074,0,uvm_report_server
RUN-001707,back_to_back_program_test-001707,2010664803,FAIL,fail,FIFO_OVERFLOW,E_FIFO_0x21,FIFO_OVERFLOW,5020,3,0,0,1,0,9.02,14.28,9019116,1,uvm_report_server
RUN-001708,mixed_rw_test-001708,1371928208,PASS,pass,NONE,,,,0,0,0,0,0,2.46,404.27,2457718,0,uvm_report_server
RUN-001709,sequential_write_test-001709,1744706400,PASS,pass,NONE,,,,0,0,0,0,0,29.68,4.71,23746407,0,uvm_report_server
RUN-001710,random_read_test-001710,913538224,PASS,pass,NONE,,,,0,0,0,0,0,3.81,280.92,3810469,0,uvm_report_server
RUN-001711,mixed_rw_test-001711,2108842468,PASS,pass,NONE,,,,0,0,0,0,0,114.58,18.39,45830493,0,uvm_report_server
RUN-001712,mixed_rw_test-001712,1152214590,FAIL,fail,RETENTION_FAIL,E_RET_0x71,RETENTION_FAIL,22880,3,0,0,1,1,26.88,25.73,26882792,1,uvm_report_server
RUN-001713,erase_suspend_test-001713,418889069,PASS,pass,NONE,,,,0,0,0,0,0,12.87,1.32,7724134,0,uvm_report_server
RUN-001714,random_read_test-001714,891040766,PASS,pass,NONE,,,,0,0,0,0,0,341.72,25.8,341716390,0,uvm_report_server
RUN-001715,power_cycle_test-001715,1669089728,PASS,pass,NONE,,,,0,1,0,0,0,17.84,124.94,7135741,0,uvm_report_server
RUN-001716,garbage_collect_test-001716,424840287,PASS,pass,NONE,,,,0,1,0,0,0,5.05,6.43,5047728,0,uvm_report_server
RUN-001717,power_cycle_test-001717,2146295210,PASS,pass,NONE,,,,0,1,0,0,0,1.59,5.23,1912957,0,uvm_report_server
RUN-001718,power_cycle_test-001718,8608142,PASS,pass,NONE,,,,0,0,0,0,0,12.86,5.33,5142528,0,uvm_report_server
RUN-001719,sequential_write_test-001719,108089928,PASS,pass,NONE,,,,0,0,0,0,0,46.35,21.05,27810511,0,uvm_report_server
RUN-001720,back_to_back_program_test-001720,1524191522,PASS,pass,NONE,,,,0,0,0,0,0,118.96,142.75,142754479,0,uvm_report_server
RUN-001721,erase_suspend_test-001721,2028787246,PASS,pass,NONE,,,,0,0,0,0,0,9.33,6.97,3732451,0,uvm_report_server
RUN-001722,mixed_rw_test-001722,1115468020,PASS,pass,NONE,,,,0,0,0,0,0,162.15,3.46,129722741,0,uvm_report_server
RUN-001723,erase_suspend_test-001723,1454835203,FAIL,fail,DATA_MISMATCH,E_CMP_0x11,DATA_MISMATCH,2500,3,0,0,0,1,1.0,23.71,600000,1,uvm_report_server
RUN-001724,read_disturb_test-001724,1454284929,PASS,pass,NONE,,,,0,1,0,0,0,60.82,0.58,36493154,0,uvm_report_server
RUN-001725,power_cycle_test-001725,1167931728,PASS,pass,NONE,,,,0,1,0,0,0,5.72,11.79,4577714,0,uvm_report_server
RUN-001726,random_read_test-001726,132548773,PASS,pass,NONE,,,,0,0,0,0,0,61.33,16.22,73598921,0,uvm_report_server
RUN-001727,mixed_rw_test-001727,825527552,PASS,pass,NONE,,,,0,0,0,0,0,92.76,41.44,92760310,0,uvm_report_server
RUN-001728,garbage_collect_test-001728,1855011897,FAIL,fail,TIMEOUT,E_TMO_0x40,TIMEOUT,1964000,1,0,1,0,0,1968.0,1.24,1967998040,1,uvm_report_server
RUN-001729,mixed_rw_test-001729,1609880497,FAIL,fail,TIMEOUT,E_TMO_0x40,TIMEOUT,1978540,2,1,1,1,0,1982.54,0.42,2379049669,1,uvm_report_server
RUN-001730,read_disturb_test-001730,1019822568,PASS,pass,NONE,,,,0,1,0,0,0,1.33,25.87,530275,0,uvm_report_server
RUN-001731,read_disturb_test-001731,1262363243,PASS,pass,NONE,,,,0,0,0,0,0,1.0,62.11,1200000,0,uvm_report_server
RUN-001732,read_disturb_test-001732,783637045,PASS,pass,NONE,,,,0,0,0,0,0,8.63,113.36,5180359,0,uvm_report_server
RUN-001733,mixed_rw_test-001733,292057818,PASS,pass,NONE,,,,0,0,0,0,0,174.66,3.09,139724929,0,uvm_report_server
RUN-001734,garbage_collect_test-001734,943244000,FAIL,fail,ASSERTION_FAIL,E_ASRT_0x60,ASSERTION_FAIL,101250,2,0,0,0,0,105.25,44.28,63147283,1,uvm_report_server
RUN-001735,power_cycle_test-001735,1309475824,FAIL,fail,TIMEOUT,E_TMO_0x40,TIMEOUT,1980070,4,0,1,1,0,1984.07,0.14,1984067011,1,uvm_report_server
RUN-001736,random_read_test-001736,960699217,PASS,pass,NONE,,,,0,0,0,0,0,10.06,3.11,6036846,0,uvm_report_server
RUN-001737,mixed_rw_test-001737,2036292797,PASS,pass,NONE,,,,0,0,0,0,0,15.51,139.85,15507568,0,uvm_report_server
RUN-001738,read_disturb_test-001738,1867155047,PASS,pass,NONE,,,,0,0,0,0,0,11.75,5.13,9401688,0,uvm_report_server
RUN-001739,mixed_rw_test-001739,1644053517,PASS,pass,NONE,,,,0,0,0,0,0,2.7,25.84,1080712,0,uvm_report_server
RUN-001740,back_to_back_program_test-001740,1838999787,FAIL,fail,DATA_MISMATCH,E_CMP_0x11,DATA_MISMATCH,38230,2,0,0,0,1,42.23,16.28,33784821,1,uvm_report_server
RUN-001741,erase_suspend_test-001741,536499979,PASS,pass,NONE,,,,0,1,0,0,0,10.76,25.78,10763114,0,uvm_report_server
RUN-001742,back_to_back_program_test-001742,1334966489,FAIL,fail,RETENTION_FAIL,E_RET_0x71,RETENTION_FAIL,532110,3,0,0,1,1,536.11,3.39,536113609,1,uvm_report_server
RUN-001743,power_cycle_test-001743,1832065474,FAIL,fail,THERMAL_SHUTDOWN,E_THRM_0x80,THERMAL_SHUTDOWN,181790,1,1,0,0,0,185.79,1.44,111474452,1,uvm_report_server
RUN-001744,sequential_write_test-001744,2133154091,PASS,pass,NONE,,,,0,0,0,0,0,119.96,33.3,119959595,0,uvm_report_server
RUN-001745,back_to_back_program_test-001745,1756085215,FAIL,fail,DATA_MISMATCH,E_CMP_0x11,DATA_MISMATCH,25930,2,1,0,1,1,29.93,3.4,11973686,1,uvm_report_server
RUN-001746,mixed_rw_test-001746,1070838795,PASS,pass,NONE,,,,0,0,0,0,0,1.0,258.58,800000,0,uvm_report_server
RUN-001747,random_read_test-001747,1026216950,PASS,pass,NONE,,,,0,1,0,0,0,53.38,2.56,42705246,0,uvm_report_server
RUN-001748,back_to_back_program_test-001748,1500105798,PASS,pass,NONE,,,,0,0,0,0,0,24.28,2.69,24278722,0,uvm_report_server
RUN-001749,power_cycle_test-001749,191113050,PASS,pass,NONE,,,,0,1,0,0,0,9.77,104.44,7817552,0,uvm_report_server
RUN-001750,random_read_test-001750,86017150,FAIL,fail,DATA_MISMATCH,E_CMP_0x11,DATA_MISMATCH,45740,2,0,0,1,1,49.74,2.51,19897964,1,uvm_report_server
RUN-001751,sequential_write_test-001751,986721663,PASS,pass,NONE,,,,0,1,0,0,0,23.47,11.09,23466789,0,uvm_report_server
RUN-001752,power_cycle_test-001752,1331793821,PASS,pass,NONE,,,,0,0,0,0,0,45.98,10.82,27589785,0,uvm_report_server
RUN-001753,back_to_back_program_test-001753,1800654531,PASS,pass,NONE,,,,0,0,0,0,0,23.7,22.2,28435581,0,uvm_report_server
RUN-001754,erase_suspend_test-001754,86794000,PASS,pass,NONE,,,,0,0,0,0,0,11.39,12.18,4555402,0,uvm_report_server
RUN-001755,read_disturb_test-001755,576978299,PASS,pass,NONE,,,,0,0,0,0,0,32.75,16.0,19652838,0,uvm_report_server
RUN-001756,sequential_write_test-001756,2092879090,PASS,pass,NONE,,,,0,0,0,0,0,13.99,78.22,11193647,0,uvm_report_server
RUN-001757,garbage_collect_test-001757,475007256,FAIL,fail,DATA_MISMATCH,E_CMP_0x11,DATA_MISMATCH,2500,2,0,0,1,1,1.48,36.18,1484881,1,uvm_report_server
RUN-001758,back_to_back_program_test-001758,300070520,PASS,pass,NONE,,,,0,0,0,0,0,48.08,20.79,57694217,0,uvm_report_server
RUN-001759,sequential_write_test-001759,502580899,PASS,pass,NONE,,,,0,1,0,0,0,8.69,61.23,3476489,0,uvm_report_server
RUN-001760,back_to_back_program_test-001760,325171986,PASS,pass,NONE,,,,0,0,0,0,0,5.6,22.19,3362768,0,uvm_report_server
RUN-001761,back_to_back_program_test-001761,561131790,FAIL,fail,DATA_MISMATCH,E_CMP_0x11,DATA_MISMATCH,89140,2,0,0,0,1,93.14,14.09,55884891,1,uvm_report_server
RUN-001762,back_to_back_program_test-001762,1786056668,PASS,pass,NONE,,,,0,0,0,0,0,1.84,69.14,1104137,0,uvm_report_server
RUN-001763,mixed_rw_test-001763,241844433,PASS,pass,NONE,,,,0,0,0,0,0,6.07,5.39,7282741,0,uvm_report_server
RUN-001764,mixed_rw_test-001764,1879975141,PASS,pass,NONE,,,,0,0,0,0,0,154.84,1.8,92905620,0,uvm_report_server
RUN-001765,read_disturb_test-001765,230652824,PASS,pass,NONE,,,,0,1,0,0,0,100.78,21.93,100784241,0,uvm_report_server
RUN-001766,power_cycle_test-001766,480669271,PASS,pass,NONE,,,,0,0,0,0,0,20.79,26.7,20785285,0,uvm_report_server
RUN-001767,power_cycle_test-001767,373329918,PASS,pass,NONE,,,,0,0,0,0,0,53.85,152.89,32308509,0,uvm_report_server
RUN-001768,back_to_back_program_test-001768,624159967,FAIL,fail,THERMAL_SHUTDOWN,E_THRM_0x80,THERMAL_SHUTDOWN,2500,2,0,0,1,0,1.71,25.09,1364799,1,uvm_report_server
RUN-001769,sequential_write_test-001769,1502000847,PASS,pass,NONE,,,,0,0,0,0,0,42.11,3.06,50535825,0,uvm_report_server
RUN-001770,mixed_rw_test-001770,489599844,PASS,pass,NONE,,,,0,0,0,0,0,914.09,2.32,548455147,0,uvm_report_server
RUN-001771,read_disturb_test-001771,1653608204,PASS,pass,NONE,,,,0,0,0,0,0,18.92,7.27,18918217,0,uvm_report_server
RUN-001772,back_to_back_program_test-001772,37791319,FAIL,fail,FIFO_OVERFLOW,E_FIFO_0x21,FIFO_OVERFLOW,32010,1,1,0,0,0,36.01,16.41,28811966,1,uvm_report_server
RUN-001773,erase_suspend_test-001773,1409241340,FAIL,fail,PROTOCOL_VIOLATION,E_PROT_0x52,PROTOCOL_VIOLATION,78430,2,0,1,0,0,82.43,190.25,65944129,1,uvm_report_server
RUN-001774,back_to_back_program_test-001774,1351220079,PASS,pass,NONE,,,,0,1,0,0,0,2.61,49.12,2613894,0,uvm_report_server
RUN-001775,garbage_collect_test-001775,222103721,PASS,pass,NONE,,,,0,0,0,0,0,260.7,127.63,312835765,0,uvm_report_server
RUN-001776,erase_suspend_test-001776,1591988195,FAIL,fail,DATA_MISMATCH,E_CMP_0x11,DATA_MISMATCH,2500,4,1,0,1,1,1.0,84.35,800000,1,uvm_report_server
RUN-001777,read_disturb_test-001777,1803351688,PASS,pass,NONE,,,,0,0,0,0,0,1.19,405.51,949727,0,uvm_report_server
RUN-001778,garbage_collect_test-001778,1703893423,PASS,pass,NONE,,,,0,1,0,0,0,9.63,28.61,5777706,0,uvm_report_server
RUN-001779,garbage_collect_test-001779,1516221129,PASS,pass,NONE,,,,0,1,0,0,0,27.93,2.26,27933817,0,uvm_report_server
RUN-001780,sequential_write_test-001780,981721318,FAIL,fail,DATA_MISMATCH,E_CMP_0x11,DATA_MISMATCH,2500,2,0,0,0,1,1.28,53.65,1023588,1,uvm_report_server
RUN-001781,garbage_collect_test-001781,94078894,PASS,pass,NONE,,,,0,0,0,0,0,72.49,14.98,57990626,0,uvm_report_server
RUN-001782,back_to_back_program_test-001782,1868501364,FAIL,fail,FIFO_OVERFLOW,E_FIFO_0x21,FIFO_OVERFLOW,2500,4,0,0,1,0,1.73,6.93,1734976,1,uvm_report_server
RUN-001783,back_to_back_program_test-001783,1428617819,FAIL,fail,FIFO_OVERFLOW,E_FIFO_0x21,FIFO_OVERFLOW,110700,4,1,0,1,0,114.7,2.75,91761555,1,uvm_report_server
RUN-001784,mixed_rw_test-001784,298013934,PASS,pass,NONE,,,,0,0,0,0,0,23.29,2.59,18635457,0,uvm_report_server
RUN-001785,back_to_back_program_test-001785,2012080930,FAIL,fail,PROTOCOL_VIOLATION,E_PROT_0x52,PROTOCOL_VIOLATION,2500,3,0,1,1,0,5.44,53.44,5442877,1,uvm_report_server
RUN-001786,sequential_write_test-001786,1293401892,PASS,pass,NONE,,,,0,0,0,0,0,5.3,24.41,4237932,0,uvm_report_server
RUN-001787,sequential_write_test-001787,827227968,PASS,pass,NONE,,,,0,1,0,0,0,184.81,6.07,73925518,0,uvm_report_server
RUN-001788,back_to_back_program_test-001788,2130791857,FAIL,fail,FIFO_OVERFLOW,E_FIFO_0x21,FIFO_OVERFLOW,2500,3,0,0,1,0,4.99,4.92,2996070,1,uvm_report_server
RUN-001789,random_read_test-001789,2132959588,PASS,pass,NONE,,,,0,0,0,0,0,1.0,33.62,1000000,0,uvm_report_server
RUN-001790,power_cycle_test-001790,2118234285,PASS,pass,NONE,,,,0,0,0,0,0,4.61,118.68,5534180,0,uvm_report_server
RUN-001791,random_read_test-001791,1643770690,PASS,pass,NONE,,,,0,0,0,0,0,5.47,89.49,4372378,0,uvm_report_server
RUN-001792,erase_suspend_test-001792,240210005,PASS,pass,NONE,,,,0,1,0,0,0,45.11,2.73,27065775,0,uvm_report_server
RUN-001793,mixed_rw_test-001793,998053162,PASS,pass,NONE,,,,0,0,0,0,0,79.08,0.85,47446576,0,uvm_report_server
RUN-001794,back_to_back_program_test-001794,1408218077,PASS,pass,NONE,,,,0,1,0,0,0,5.6,96.44,4479950,0,uvm_report_server
RUN-001795,mixed_rw_test-001795,491587522,PASS,pass,NONE,,,,0,0,0,0,0,9.4,452.62,11281019,0,uvm_report_server
RUN-001796,back_to_back_program_test-001796,593312868,PASS,pass,NONE,,,,0,0,0,0,0,8.99,14.73,10789166,0,uvm_report_server
RUN-001797,power_cycle_test-001797,2058882535,PASS,pass,NONE,,,,0,1,0,0,0,92.35,1.31,36939955,0,uvm_report_server
RUN-001798,random_read_test-001798,1950705802,PASS,pass,NONE,,,,0,0,0,0,0,25.64,40.89,25638034,0,uvm_report_server
RUN-001799,sequential_write_test-001799,1495127475,PASS,pass,NONE,,,,0,0,0,0,0,23.26,44.43,23256933,0,uvm_report_server
RUN-001800,power_cycle_test-001800,181880401,PASS,pass,NONE,,,,0,0,0,0,0,2.05,61.68,818784,0,uvm_report_server
RUN-001801,back_to_back_program_test-001801,1528410947,FAIL,fail,FIFO_OVERFLOW,E_FIFO_0x21,FIFO_OVERFLOW,2500,2,0,0,1,0,2.1,11.17,2101973,1,uvm_report_server
RUN-001802,sequential_write_test-001802,666481544,FAIL,fail,THERMAL_SHUTDOWN,E_THRM_0x80,THERMAL_SHUTDOWN,2500,3,0,0,0,0,2.09,187.96,1671602,1,uvm_report_server
RUN-001803,sequential_write_test-001803,1724964510,FAIL,fail,ASSERTION_FAIL,E_ASRT_0x60,ASSERTION_FAIL,2500,2,0,0,1,0,1.0,3.73,800000,1,uvm_report_server
RUN-001804,back_to_back_program_test-001804,483420644,FAIL,fail,FIFO_OVERFLOW,E_FIFO_0x21,FIFO_OVERFLOW,198520,3,0,0,1,0,202.52,50.84,202515877,1,uvm_report_server
RUN-001805,garbage_collect_test-001805,1180873751,FAIL,fail,ECC_UNCORRECTABLE,E_ECC_0x33,ECC_UNCORRECTABLE,106490,2,0,0,1,1,110.49,10.27,132587349,1,uvm_report_server
RUN-001806,back_to_back_program_test-001806,1585241867,PASS,pass,NONE,,,,0,0,0,0,0,172.97,6.09,207559580,0,uvm_report_server
RUN-001807,garbage_collect_test-001807,836638336,PASS,pass,NONE,,,,0,0,0,0,0,12.75,39.3,12752435,0,uvm_report_server
RUN-001808,garbage_collect_test-001808,442549514,PASS,pass,NONE,,,,0,0,0,0,0,415.07,2.63,166028789,0,uvm_report_server
RUN-001809,sequential_write_test-001809,1345726016,PASS,pass,NONE,,,,0,1,0,0,0,101.92,5.03,81538988,0,uvm_report_server
RUN-001810,sequential_write_test-001810,799193000,FAIL,fail,ASSERTION_FAIL,E_ASRT_0x60,ASSERTION_FAIL,113610,1,0,0,0,0,117.61,9.34,70564795,1,uvm_report_server
RUN-001811,random_read_test-001811,518603365,PASS,pass,NONE,,,,0,0,0,0,0,154.1,25.41,123282856,0,uvm_report_server
RUN-001812,back_to_back_program_test-001812,457323484,FAIL,fail,FIFO_OVERFLOW,E_FIFO_0x21,FIFO_OVERFLOW,2500,4,0,0,1,0,2.09,0.8,1675053,1,uvm_report_server
RUN-001813,sequential_write_test-001813,1168111523,FAIL,fail,TIMEOUT,E_TMO_0x40,TIMEOUT,1962360,4,0,1,1,0,1966.36,0.15,1966357982,1,uvm_report_server
RUN-001814,mixed_rw_test-001814,1212428344,PASS,pass,NONE,,,,0,0,0,0,0,4.1,30.24,3279426,0,uvm_report_server
RUN-001815,random_read_test-001815,1841297266,PASS,pass,NONE,,,,0,0,0,0,0,8.46,58.98,5073196,0,uvm_report_server
RUN-001816,power_cycle_test-001816,402173052,FAIL,fail,TIMEOUT,E_TMO_0x40,TIMEOUT,1962230,4,0,1,1,0,1966.23,0.18,1966232014,1,uvm_report_server
RUN-001817,random_read_test-001817,1695495879,PASS,pass,NONE,,,,0,0,0,0,0,2.54,49.7,2535460,0,uvm_report_server
RUN-001818,erase_suspend_test-001818,1769327393,PASS,pass,NONE,,,,0,0,0,0,0,119.67,16.58,95738120,0,uvm_report_server
RUN-001819,garbage_collect_test-001819,808185407,PASS,pass,NONE,,,,0,0,0,0,0,38.75,49.99,38745570,0,uvm_report_server
RUN-001820,random_read_test-001820,465380783,PASS,pass,NONE,,,,0,0,0,0,0,8.47,32.22,8473083,0,uvm_report_server
RUN-001821,random_read_test-001821,1963839024,PASS,pass,NONE,,,,0,0,0,0,0,5.14,12.81,6171883,0,uvm_report_server
RUN-001822,power_cycle_test-001822,2010830561,PASS,pass,NONE,,,,0,1,0,0,0,9.73,13.52,7783616,0,uvm_report_server
RUN-001823,random_read_test-001823,550565727,PASS,pass,NONE,,,,0,0,0,0,0,1.0,30.9,1200000,0,uvm_report_server
RUN-001824,back_to_back_program_test-001824,1501896611,FAIL,fail,PROTOCOL_VIOLATION,E_PROT_0x52,PROTOCOL_VIOLATION,9770,3,0,1,1,0,13.77,177.4,11013193,1,uvm_report_server
RUN-001825,read_disturb_test-001825,504850044,FAIL,fail,PROTOCOL_VIOLATION,E_PROT_0x52,PROTOCOL_VIOLATION,36910,2,1,1,0,0,40.91,20.55,24548648,1,uvm_report_server
RUN-001826,random_read_test-001826,104823297,FAIL,fail,ASSERTION_FAIL,E_ASRT_0x60,ASSERTION_FAIL,86270,1,0,0,0,0,90.27,3.33,54161503,1,uvm_report_server
RUN-001827,sequential_write_test-001827,1290007639,PASS,pass,NONE,,,,0,0,0,0,0,110.25,76.67,88203775,0,uvm_report_server
RUN-001828,sequential_write_test-001828,744358646,PASS,pass,NONE,,,,0,0,0,0,0,18.27,57.35,7309942,0,uvm_report_server
RUN-001829,mixed_rw_test-001829,2138499577,PASS,pass,NONE,,,,0,0,0,0,0,57.78,4.87,57778299,0,uvm_report_server
RUN-001830,random_read_test-001830,1924346714,PASS,pass,NONE,,,,0,0,0,0,0,33.62,33.04,26894624,0,uvm_report_server
RUN-001831,random_read_test-001831,2049129390,PASS,pass,NONE,,,,0,0,0,0,0,41.28,6.32,33022702,0,uvm_report_server
RUN-001832,erase_suspend_test-001832,2074973684,FAIL,fail,TIMEOUT,E_TMO_0x40,TIMEOUT,1978000,3,0,1,0,0,1982.0,0.37,1982001276,1,uvm_report_server
RUN-001833,read_disturb_test-001833,1308506596,PASS,pass,NONE,,,,0,0,0,0,0,38.63,24.98,30907109,0,uvm_report_server
RUN-001834,erase_suspend_test-001834,568693701,FAIL,fail,RETENTION_FAIL,E_RET_0x71,RETENTION_FAIL,45600,3,0,0,0,1,49.6,32.4,39681348,1,uvm_report_server
RUN-001835,random_read_test-001835,906372156,PASS,pass,NONE,,,,0,0,0,0,0,164.54,1.63,65814183,0,uvm_report_server
RUN-001836,erase_suspend_test-001836,714443915,PASS,pass,NONE,,,,0,0,0,0,0,22.19,47.1,13311969,0,uvm_report_server
RUN-001837,back_to_back_program_test-001837,990014316,PASS,pass,NONE,,,,0,0,0,0,0,138.26,7.67,55303286,0,uvm_report_server
RUN-001838,back_to_back_program_test-001838,977549418,FAIL,fail,FIFO_OVERFLOW,E_FIFO_0x21,FIFO_OVERFLOW,660430,3,1,0,0,0,664.43,1.33,265773864,1,uvm_report_server
RUN-001839,mixed_rw_test-001839,1050655722,PASS,pass,NONE,,,,0,1,0,0,0,1.0,16.5,400000,0,uvm_report_server
RUN-001840,power_cycle_test-001840,994425467,PASS,pass,NONE,,,,0,0,0,0,0,15.4,7.83,12321901,0,uvm_report_server
RUN-001841,erase_suspend_test-001841,1165035835,PASS,pass,NONE,,,,0,0,0,0,0,23.09,6.02,18470697,0,uvm_report_server
RUN-001842,random_read_test-001842,113128037,FAIL,fail,RETENTION_FAIL,E_RET_0x71,RETENTION_FAIL,4880,2,1,0,1,1,8.88,2.37,10656860,1,uvm_report_server
RUN-001843,sequential_write_test-001843,1892740564,PASS,pass,NONE,,,,0,0,0,0,0,20.0,13.44,23994104,0,uvm_report_server
RUN-001844,mixed_rw_test-001844,237304424,PASS,pass,NONE,,,,0,0,0,0,0,132.81,15.2,53125477,0,uvm_report_server
RUN-001845,read_disturb_test-001845,952806357,PASS,pass,NONE,,,,0,0,0,0,0,46.3,2.81,27777155,0,uvm_report_server
RUN-001846,erase_suspend_test-001846,324646232,PASS,pass,NONE,,,,0,1,0,0,0,3.04,42.84,3035643,0,uvm_report_server
RUN-001847,garbage_collect_test-001847,387836005,PASS,pass,NONE,,,,0,0,0,0,0,21.09,2.96,12655425,0,uvm_report_server
RUN-001848,erase_suspend_test-001848,282053072,PASS,pass,NONE,,,,0,0,0,0,0,47.22,5.66,28334042,0,uvm_report_server
RUN-001849,mixed_rw_test-001849,151960411,PASS,pass,NONE,,,,0,0,0,0,0,3.21,148.77,3213477,0,uvm_report_server
RUN-001850,random_read_test-001850,396075294,PASS,pass,NONE,,,,0,0,0,0,0,23.59,1.42,9434614,0,uvm_report_server
RUN-001851,random_read_test-001851,1860666551,PASS,pass,NONE,,,,0,0,0,0,0,54.99,35.94,21995010,0,uvm_report_server
RUN-001852,back_to_back_program_test-001852,1729188273,FAIL,fail,ASSERTION_FAIL,E_ASRT_0x60,ASSERTION_FAIL,2500,2,1,0,0,0,4.09,46.88,2453033,1,uvm_report_server
RUN-001853,sequential_write_test-001853,1271721267,FAIL,fail,DATA_MISMATCH,E_CMP_0x11,DATA_MISMATCH,2500,2,0,0,0,1,1.85,38.36,1111543,1,uvm_report_server
RUN-001854,mixed_rw_test-001854,600111519,FAIL,fail,RETENTION_FAIL,E_RET_0x71,RETENTION_FAIL,8720,3,0,0,0,1,12.72,9.14,5089687,1,uvm_report_server
RUN-001855,power_cycle_test-001855,1343842392,FAIL,fail,DATA_MISMATCH,E_CMP_0x11,DATA_MISMATCH,11540,4,0,0,1,1,15.54,2.81,12434239,1,uvm_report_server
RUN-001856,sequential_write_test-001856,691179605,FAIL,fail,ASSERTION_FAIL,E_ASRT_0x60,ASSERTION_FAIL,39940,4,0,0,1,0,43.94,90.29,35151208,1,uvm_report_server
RUN-001857,random_read_test-001857,1278721878,FAIL,fail,ECC_UNCORRECTABLE,E_ECC_0x33,ECC_UNCORRECTABLE,81150,2,0,0,0,1,85.15,4.99,85145951,1,uvm_report_server
RUN-001858,random_read_test-001858,1718207511,PASS,pass,NONE,,,,0,0,0,0,0,22.24,2.86,17791091,0,uvm_report_server
RUN-001859,mixed_rw_test-001859,1488564078,PASS,pass,NONE,,,,0,0,0,0,0,5.85,170.1,4676124,0,uvm_report_server
RUN-001860,sequential_write_test-001860,1367768418,FAIL,fail,ECC_UNCORRECTABLE,E_ECC_0x33,ECC_UNCORRECTABLE,171080,4,0,0,1,1,175.08,5.49,210101023,1,uvm_report_server
RUN-001861,mixed_rw_test-001861,257272286,PASS,pass,NONE,,,,0,0,0,0,0,29.39,4.44,17631981,0,uvm_report_server
RUN-001862,garbage_collect_test-001862,589268238,PASS,pass,NONE,,,,0,0,0,0,0,32.36,1.01,32359476,0,uvm_report_server
RUN-001863,read_disturb_test-001863,258079397,PASS,pass,NONE,,,,0,0,0,0,0,262.39,3.86,157435500,0,uvm_report_server
RUN-001864,mixed_rw_test-001864,2090427257,PASS,pass,NONE,,,,0,0,0,0,0,11.37,11.1,6822032,0,uvm_report_server
RUN-001865,erase_suspend_test-001865,1061326695,PASS,pass,NONE,,,,0,1,0,0,0,4.87,7.08,1947520,0,uvm_report_server
RUN-001866,back_to_back_program_test-001866,1836697858,PASS,pass,NONE,,,,0,0,0,0,0,157.85,6.98,63138894,0,uvm_report_server
RUN-001867,garbage_collect_test-001867,1430766012,PASS,pass,NONE,,,,0,0,0,0,0,3.61,71.54,4336890,0,uvm_report_server
RUN-001868,erase_suspend_test-001868,845973735,PASS,pass,NONE,,,,0,0,0,0,0,41.01,27.36,24607464,0,uvm_report_server
RUN-001869,read_disturb_test-001869,781610796,PASS,pass,NONE,,,,0,0,0,0,0,14.97,4.38,11974943,0,uvm_report_server
RUN-001870,back_to_back_program_test-001870,610424128,PASS,pass,NONE,,,,0,0,0,0,0,72.45,29.48,57959063,0,uvm_report_server
RUN-001871,back_to_back_program_test-001871,1968891896,PASS,pass,NONE,,,,0,1,0,0,0,11.69,21.3,14022810,0,uvm_report_server
RUN-001872,back_to_back_program_test-001872,696791597,PASS,pass,NONE,,,,0,1,0,0,0,3.11,84.02,2485223,0,uvm_report_server
RUN-001873,erase_suspend_test-001873,1986266086,FAIL,fail,ASSERTION_FAIL,E_ASRT_0x60,ASSERTION_FAIL,49410,3,0,0,1,0,53.41,16.55,42727180,1,uvm_report_server
RUN-001874,garbage_collect_test-001874,571405211,PASS,pass,NONE,,,,0,0,0,0,0,5.52,99.6,3311151,0,uvm_report_server
RUN-001875,sequential_write_test-001875,26977766,PASS,pass,NONE,,,,0,1,0,0,0,5.21,6.19,4167263,0,uvm_report_server
RUN-001876,sequential_write_test-001876,1315311313,PASS,pass,NONE,,,,0,0,0,0,0,43.62,97.71,34899015,0,uvm_report_server
RUN-001877,power_cycle_test-001877,1546300701,PASS,pass,NONE,,,,0,1,0,0,0,123.46,3.96,98768688,0,uvm_report_server
RUN-001878,garbage_collect_test-001878,851119722,FAIL,fail,RETENTION_FAIL,E_RET_0x71,RETENTION_FAIL,27520,2,0,0,1,1,31.52,1.6,25217888,1,uvm_report_server
RUN-001879,mixed_rw_test-001879,1978123371,PASS,pass,NONE,,,,0,0,0,0,0,49.72,77.35,29831343,0,uvm_report_server
RUN-001880,read_disturb_test-001880,1119896648,PASS,pass,NONE,,,,0,0,0,0,0,11.41,0.77,6846055,0,uvm_report_server
RUN-001881,back_to_back_program_test-001881,1496949205,FAIL,fail,TIMEOUT,E_TMO_0x40,TIMEOUT,1960460,2,0,1,0,0,1964.46,0.14,1964460786,1,uvm_report_server
RUN-001882,erase_suspend_test-001882,1383332764,PASS,pass,NONE,,,,0,1,0,0,0,17.28,14.62,10370226,0,uvm_report_server
RUN-001883,garbage_collect_test-001883,293620913,PASS,pass,NONE,,,,0,0,0,0,0,35.24,7.02,28190950,0,uvm_report_server
RUN-001884,mixed_rw_test-001884,2071923168,FAIL,fail,ECC_UNCORRECTABLE,E_ECC_0x33,ECC_UNCORRECTABLE,54380,3,0,0,0,1,58.38,37.16,58379531,1,uvm_report_server
RUN-001885,garbage_collect_test-001885,684069463,PASS,pass,NONE,,,,0,0,0,0,0,7.17,74.18,7165513,0,uvm_report_server
RUN-001886,random_read_test-001886,1672958282,PASS,pass,NONE,,,,0,0,0,0,0,340.03,1.53,136012103,0,uvm_report_server
RUN-001887,power_cycle_test-001887,547387000,PASS,pass,NONE,,,,0,1,0,0,0,94.01,23.57,94011174,0,uvm_report_server
RUN-001888,back_to_back_program_test-001888,369217382,FAIL,fail,ASSERTION_FAIL,E_ASRT_0x60,ASSERTION_FAIL,2500,3,0,0,0,0,1.14,14.88,915365,1,uvm_report_server
RUN-001889,back_to_back_program_test-001889,1140026298,FAIL,fail,ASSERTION_FAIL,E_ASRT_0x60,ASSERTION_FAIL,2500,3,0,0,0,0,1.8,1.59,1442762,1,uvm_report_server
RUN-001890,sequential_write_test-001890,1314199889,FAIL,fail,DATA_MISMATCH,E_CMP_0x11,DATA_MISMATCH,2500,1,1,0,0,1,3.41,1.94,2726043,1,uvm_report_server
RUN-001891,back_to_back_program_test-001891,1588701082,PASS,pass,NONE,,,,0,0,0,0,0,4.03,7.99,2418558,0,uvm_report_server
RUN-001892,sequential_write_test-001892,1541558145,PASS,pass,NONE,,,,0,1,0,0,0,39.55,6.5,47465196,0,uvm_report_server
RUN-001893,back_to_back_program_test-001893,2145884600,FAIL,fail,FIFO_OVERFLOW,E_FIFO_0x21,FIFO_OVERFLOW,4380,3,0,0,0,0,8.38,29.97,6705467,1,uvm_report_server
RUN-001894,back_to_back_program_test-001894,390891257,FAIL,fail,FIFO_OVERFLOW,E_FIFO_0x21,FIFO_OVERFLOW,6190,1,1,0,0,0,10.19,19.29,8152481,1,uvm_report_server
RUN-001895,back_to_back_program_test-001895,1256474942,PASS,pass,NONE,,,,0,0,0,0,0,9.24,58.2,5543484,0,uvm_report_server
RUN-001896,power_cycle_test-001896,2066341852,FAIL,fail,ECC_UNCORRECTABLE,E_ECC_0x33,ECC_UNCORRECTABLE,464080,2,0,0,0,1,468.08,1.73,468077413,1,uvm_report_server
RUN-001897,back_to_back_program_test-001897,1925293874,PASS,pass,NONE,,,,0,0,0,0,0,19.03,115.46,19031913,0,uvm_report_server
RUN-001898,garbage_collect_test-001898,1545511929,PASS,pass,NONE,,,,0,1,0,0,0,7.6,138.72,3041567,0,uvm_report_server
RUN-001899,sequential_write_test-001899,1412328242,PASS,pass,NONE,,,,0,0,0,0,0,1.21,199.25,1449040,0,uvm_report_server
RUN-001900,back_to_back_program_test-001900,1873376474,PASS,pass,NONE,,,,0,0,0,0,0,24.2,11.16,24200148,0,uvm_report_server
RUN-001901,erase_suspend_test-001901,1989431927,PASS,pass,NONE,,,,0,0,0,0,0,7.5,2.26,4499386,0,uvm_report_server
RUN-001902,read_disturb_test-001902,109071279,FAIL,fail,DATA_MISMATCH,E_CMP_0x11,DATA_MISMATCH,3820,2,1,0,0,1,7.82,134.38,4690579,1,uvm_report_server
RUN-001903,random_read_test-001903,2053461946,FAIL,fail,THERMAL_SHUTDOWN,E_THRM_0x80,THERMAL_SHUTDOWN,2500,2,0,0,0,0,1.15,28.41,1377285,1,uvm_report_server
RUN-001904,random_read_test-001904,260592023,PASS,pass,NONE,,,,0,0,0,0,0,63.42,7.81,38053875,0,uvm_report_server
RUN-001905,garbage_collect_test-001905,1274737991,PASS,pass,NONE,,,,0,0,0,0,0,149.77,218.22,119815719,0,uvm_report_server
RUN-001906,power_cycle_test-001906,2044878044,PASS,pass,NONE,,,,0,0,0,0,0,356.97,0.37,214181684,0,uvm_report_server
RUN-001907,back_to_back_program_test-001907,925369103,PASS,pass,NONE,,,,0,1,0,0,0,48.08,20.59,28847444,0,uvm_report_server
RUN-001908,back_to_back_program_test-001908,1497838309,PASS,pass,NONE,,,,0,1,0,0,0,6.03,10.0,4826976,0,uvm_report_server
RUN-001909,random_read_test-001909,1380537022,PASS,pass,NONE,,,,0,0,0,0,0,1.0,133.84,1200000,0,uvm_report_server
RUN-001910,erase_suspend_test-001910,2087362227,PASS,pass,NONE,,,,0,1,0,0,0,11.59,1.36,9273122,0,uvm_report_server
RUN-001911,power_cycle_test-001911,109225583,FAIL,fail,DATA_MISMATCH,E_CMP_0x11,DATA_MISMATCH,15460,4,0,0,1,1,19.46,9.53,7782545,1,uvm_report_server
RUN-001912,erase_suspend_test-001912,638330010,PASS,pass,NONE,,,,0,1,0,0,0,29.96,16.65,23964111,0,uvm_report_server
RUN-001913,erase_suspend_test-001913,770540369,FAIL,fail,THERMAL_SHUTDOWN,E_THRM_0x80,THERMAL_SHUTDOWN,37250,3,0,0,0,0,41.25,2.08,24747318,1,uvm_report_server
RUN-001914,power_cycle_test-001914,1511742505,FAIL,fail,ASSERTION_FAIL,E_ASRT_0x60,ASSERTION_FAIL,2500,1,0,0,0,0,2.6,6.88,2078962,1,uvm_report_server
RUN-001915,mixed_rw_test-001915,682084829,PASS,pass,NONE,,,,0,0,0,0,0,10.51,6.35,10512592,0,uvm_report_server
RUN-001916,random_read_test-001916,1697540623,PASS,pass,NONE,,,,0,0,0,0,0,45.03,88.58,27019365,0,uvm_report_server
RUN-001917,erase_suspend_test-001917,859157641,PASS,pass,NONE,,,,0,0,0,0,0,4.43,236.04,5316018,0,uvm_report_server
RUN-001918,random_read_test-001918,1725779868,FAIL,fail,DATA_MISMATCH,E_CMP_0x11,DATA_MISMATCH,64330,2,1,0,1,1,68.33,5.19,40999636,1,uvm_report_server
RUN-001919,power_cycle_test-001919,1052924075,PASS,pass,NONE,,,,0,0,0,0,0,134.71,29.77,107768543,0,uvm_report_server
RUN-001920,mixed_rw_test-001920,1995545438,PASS,pass,NONE,,,,0,0,0,0,0,10.17,13.14,8132112,0,uvm_report_server
RUN-001921,back_to_back_program_test-001921,1502353224,PASS,pass,NONE,,,,0,0,0,0,0,11.94,11.76,9549735,0,uvm_report_server
RUN-001922,back_to_back_program_test-001922,552041970,PASS,pass,NONE,,,,0,0,0,0,0,371.33,2.97,297061604,0,uvm_report_server
RUN-001923,erase_suspend_test-001923,1209618908,PASS,pass,NONE,,,,0,0,0,0,0,10.97,6.2,6579455,0,uvm_report_server
RUN-001924,mixed_rw_test-001924,1890019141,FAIL,fail,ECC_UNCORRECTABLE,E_ECC_0x33,ECC_UNCORRECTABLE,93070,3,0,0,1,1,97.07,4.86,97070932,1,uvm_report_server
RUN-001925,mixed_rw_test-001925,1297420467,PASS,pass,NONE,,,,0,1,0,0,0,2.55,12.48,2040953,0,uvm_report_server
RUN-001926,erase_suspend_test-001926,485025090,PASS,pass,NONE,,,,0,0,0,0,0,10.35,2.97,8277173,0,uvm_report_server
RUN-001927,sequential_write_test-001927,1534430177,FAIL,fail,ASSERTION_FAIL,E_ASRT_0x60,ASSERTION_FAIL,43960,2,0,0,0,0,47.96,4.97,19185935,1,uvm_report_server
RUN-001928,erase_suspend_test-001928,936653133,PASS,pass,NONE,,,,0,0,0,0,0,7.33,37.13,4400507,0,uvm_report_server
RUN-001929,garbage_collect_test-001929,1019204199,FAIL,fail,TIMEOUT,E_TMO_0x40,TIMEOUT,1977420,3,0,1,1,0,1981.42,0.02,1981416273,1,uvm_report_server
RUN-001930,back_to_back_program_test-001930,175663004,FAIL,fail,FIFO_OVERFLOW,E_FIFO_0x21,FIFO_OVERFLOW,13250,2,0,0,0,0,17.25,1.17,13796247,1,uvm_report_server
RUN-001931,random_read_test-001931,1987969809,PASS,pass,NONE,,,,0,0,0,0,0,93.14,176.26,93139564,0,uvm_report_server
RUN-001932,read_disturb_test-001932,63402198,PASS,pass,NONE,,,,0,0,0,0,0,5.12,6.11,6142252,0,uvm_report_server
RUN-001933,back_to_back_program_test-001933,1441258324,FAIL,fail,DATA_MISMATCH,E_CMP_0x11,DATA_MISMATCH,38530,1,1,0,0,1,42.53,105.23,34026073,1,uvm_report_server
RUN-001934,random_read_test-001934,1213286179,FAIL,fail,DATA_MISMATCH,E_CMP_0x11,DATA_MISMATCH,18460,3,0,0,0,1,22.46,3.83,13477855,1,uvm_report_server
RUN-001935,back_to_back_program_test-001935,822574949,FAIL,fail,PROTOCOL_VIOLATION,E_PROT_0x52,PROTOCOL_VIOLATION,10230,3,0,1,1,0,14.23,187.83,11387543,1,uvm_report_server
RUN-001936,random_read_test-001936,705882751,PASS,pass,NONE,,,,0,0,0,0,0,174.47,6.04,174474476,0,uvm_report_server
RUN-001937,random_read_test-001937,707654380,FAIL,fail,ASSERTION_FAIL,E_ASRT_0x60,ASSERTION_FAIL,4760,1,0,0,0,0,8.76,6.89,3502687,1,uvm_report_server
RUN-001938,mixed_rw_test-001938,1779183688,PASS,pass,NONE,,,,0,1,0,0,0,189.36,21.27,151484909,0,uvm_report_server
RUN-001939,sequential_write_test-001939,1154577458,PASS,pass,NONE,,,,0,1,0,0,0,87.19,3.24,69749679,0,uvm_report_server
RUN-001940,sequential_write_test-001940,1645479930,PASS,pass,NONE,,,,0,0,0,0,0,89.84,5.49,35937767,0,uvm_report_server
RUN-001941,erase_suspend_test-001941,631755353,PASS,pass,NONE,,,,0,1,0,0,0,36.83,15.01,29463451,0,uvm_report_server
RUN-001942,random_read_test-001942,754816034,PASS,pass,NONE,,,,0,0,0,0,0,3.92,3.91,2351668,0,uvm_report_server
RUN-001943,back_to_back_program_test-001943,1684720949,FAIL,fail,ECC_UNCORRECTABLE,E_ECC_0x33,ECC_UNCORRECTABLE,183060,1,0,0,0,1,187.06,86.95,187062222,1,uvm_report_server
RUN-001944,back_to_back_program_test-001944,1933410583,FAIL,fail,FIFO_OVERFLOW,E_FIFO_0x21,FIFO_OVERFLOW,32440,3,0,0,0,0,36.44,64.64,21862266,1,uvm_report_server
RUN-001945,back_to_back_program_test-001945,1819267837,FAIL,fail,FIFO_OVERFLOW,E_FIFO_0x21,FIFO_OVERFLOW,839420,3,0,0,1,0,843.42,5.97,843420953,1,uvm_report_server
RUN-001946,power_cycle_test-001946,612362462,PASS,pass,NONE,,,,0,0,0,0,0,87.05,22.83,52232469,0,uvm_report_server
RUN-001947,back_to_back_program_test-001947,570906143,FAIL,fail,FIFO_OVERFLOW,E_FIFO_0x21,FIFO_OVERFLOW,48770,1,0,0,0,0,52.77,1.21,42213905,1,uvm_report_server
RUN-001948,mixed_rw_test-001948,1592685701,PASS,pass,NONE,,,,0,0,0,0,0,54.55,5.04,32728247,0,uvm_report_server
RUN-001949,back_to_back_program_test-001949,1125577120,PASS,pass,NONE,,,,0,0,0,0,0,540.33,3.77,216130821,0,uvm_report_server
RUN-001950,random_read_test-001950,258293755,PASS,pass,NONE,,,,0,0,0,0,0,10.68,5.98,8540985,0,uvm_report_server
RUN-001951,sequential_write_test-001951,47223286,PASS,pass,NONE,,,,0,0,0,0,0,103.4,5.05,62040047,0,uvm_report_server
RUN-001952,erase_suspend_test-001952,871781339,PASS,pass,NONE,,,,0,0,0,0,0,8.36,7.61,6691057,0,uvm_report_server
RUN-001953,erase_suspend_test-001953,1136692785,PASS,pass,NONE,,,,0,0,0,0,0,5.36,364.32,6434508,0,uvm_report_server
RUN-001954,sequential_write_test-001954,1313368109,PASS,pass,NONE,,,,0,0,0,0,0,24.43,5.21,14658143,0,uvm_report_server
RUN-001955,random_read_test-001955,70902219,PASS,pass,NONE,,,,0,1,0,0,0,116.16,2.3,92926993,0,uvm_report_server
RUN-001956,sequential_write_test-001956,2064682679,FAIL,fail,DATA_MISMATCH,E_CMP_0x11,DATA_MISMATCH,2500,1,0,0,0,1,6.22,5.29,4978885,1,uvm_report_server
RUN-001957,back_to_back_program_test-001957,928178707,PASS,pass,NONE,,,,0,0,0,0,0,13.92,0.59,8352481,0,uvm_report_server
RUN-001958,random_read_test-001958,296851408,PASS,pass,NONE,,,,0,0,0,0,0,10.18,27.59,8146628,0,uvm_report_server
RUN-001959,erase_suspend_test-001959,978040544,FAIL,fail,TIMEOUT,E_TMO_0x40,TIMEOUT,1991450,4,0,1,1,0,1995.45,0.61,2394545170,1,uvm_report_server
RUN-001960,read_disturb_test-001960,706723823,PASS,pass,NONE,,,,0,0,0,0,0,91.36,3.06,73091846,0,uvm_report_server
RUN-001961,sequential_write_test-001961,1415798815,PASS,pass,NONE,,,,0,0,0,0,0,7.1,37.62,5680311,0,uvm_report_server
RUN-001962,mixed_rw_test-001962,1142092412,PASS,pass,NONE,,,,0,0,0,0,0,21.85,25.77,17477223,0,uvm_report_server
RUN-001963,back_to_back_program_test-001963,2010675345,PASS,pass,NONE,,,,0,0,0,0,0,17.74,7.74,10646547,0,uvm_report_server
RUN-001964,back_to_back_program_test-001964,1449926017,PASS,pass,NONE,,,,0,0,0,0,0,1.0,33.36,1000000,0,uvm_report_server
RUN-001965,back_to_back_program_test-001965,1659187755,PASS,pass,NONE,,,,0,0,0,0,0,377.28,21.83,226369093,0,uvm_report_server
RUN-001966,read_disturb_test-001966,444975137,PASS,pass,NONE,,,,0,0,0,0,0,55.88,75.03,22353164,0,uvm_report_server
RUN-001967,sequential_write_test-001967,2021777275,FAIL,fail,RETENTION_FAIL,E_RET_0x71,RETENTION_FAIL,31080,2,0,0,0,1,35.08,10.74,14030094,1,uvm_report_server
RUN-001968,power_cycle_test-001968,650032188,PASS,pass,NONE,,,,0,1,0,0,0,116.69,8.52,93348912,0,uvm_report_server
RUN-001969,random_read_test-001969,291039541,PASS,pass,NONE,,,,0,0,0,0,0,22.47,5.55,22469757,0,uvm_report_server
RUN-001970,sequential_write_test-001970,867237182,PASS,pass,NONE,,,,0,0,0,0,0,77.7,3.62,62158903,0,uvm_report_server
RUN-001971,power_cycle_test-001971,1387397834,PASS,pass,NONE,,,,0,0,0,0,0,117.81,2.25,94245220,0,uvm_report_server
RUN-001972,power_cycle_test-001972,1564232511,PASS,pass,NONE,,,,0,0,0,0,0,21.04,24.9,16832856,0,uvm_report_server
RUN-001973,random_read_test-001973,232654047,PASS,pass,NONE,,,,0,1,0,0,0,161.51,24.54,64604991,0,uvm_report_server
RUN-001974,erase_suspend_test-001974,62375037,PASS,pass,NONE,,,,0,0,0,0,0,11.55,10.6,9243146,0,uvm_report_server
RUN-001975,erase_suspend_test-001975,1614723004,PASS,pass,NONE,,,,0,0,0,0,0,1.0,66.06,800000,0,uvm_report_server
RUN-001976,sequential_write_test-001976,813451659,PASS,pass,NONE,,,,0,1,0,0,0,36.18,15.3,28945194,0,uvm_report_server
RUN-001977,sequential_write_test-001977,1856613202,FAIL,fail,DATA_MISMATCH,E_CMP_0x11,DATA_MISMATCH,31430,2,0,0,1,1,35.43,35.58,14171169,1,uvm_report_server
RUN-001978,mixed_rw_test-001978,1462659131,PASS,pass,NONE,,,,0,1,0,0,0,17.37,7.88,10424296,0,uvm_report_server
RUN-001979,mixed_rw_test-001979,1490645395,PASS,pass,NONE,,,,0,0,0,0,0,99.74,5.55,119692786,0,uvm_report_server
RUN-001980,back_to_back_program_test-001980,74761009,PASS,pass,NONE,,,,0,0,0,0,0,11.99,46.5,9589559,0,uvm_report_server
RUN-001981,back_to_back_program_test-001981,350822913,FAIL,fail,FIFO_OVERFLOW,E_FIFO_0x21,FIFO_OVERFLOW,2500,1,0,0,0,0,1.0,34.66,800000,1,uvm_report_server
RUN-001982,back_to_back_program_test-001982,183297796,PASS,pass,NONE,,,,0,0,0,0,0,4.32,7.68,4317934,0,uvm_report_server
RUN-001983,read_disturb_test-001983,469186030,FAIL,fail,ASSERTION_FAIL,E_ASRT_0x60,ASSERTION_FAIL,2500,3,0,0,1,0,3.71,73.99,1482828,1,uvm_report_server
RUN-001984,mixed_rw_test-001984,1057613296,PASS,pass,NONE,,,,0,1,0,0,0,121.7,1.13,48681800,0,uvm_report_server
RUN-001985,back_to_back_program_test-001985,2039049742,PASS,pass,NONE,,,,0,1,0,0,0,9.33,29.54,5596118,0,uvm_report_server
RUN-001986,back_to_back_program_test-001986,1102989472,PASS,pass,NONE,,,,0,0,0,0,0,44.17,189.57,44171452,0,uvm_report_server
RUN-001987,garbage_collect_test-001987,650327651,FAIL,fail,THERMAL_SHUTDOWN,E_THRM_0x80,THERMAL_SHUTDOWN,231630,1,0,0,0,0,235.63,96.15,235628342,1,uvm_report_server
RUN-001988,garbage_collect_test-001988,590158828,FAIL,fail,TIMEOUT,E_TMO_0x40,TIMEOUT,1967110,3,1,1,0,0,1971.11,0.01,1971111105,1,uvm_report_server
RUN-001989,sequential_write_test-001989,799886399,PASS,pass,NONE,,,,0,1,0,0,0,28.95,4.88,11579902,0,uvm_report_server
RUN-001990,random_read_test-001990,1481141294,PASS,pass,NONE,,,,0,0,0,0,0,96.28,21.13,96283139,0,uvm_report_server
RUN-001991,mixed_rw_test-001991,648418609,PASS,pass,NONE,,,,0,0,0,0,0,75.43,58.52,90514465,0,uvm_report_server
RUN-001992,sequential_write_test-001992,1085228424,PASS,pass,NONE,,,,0,1,0,0,0,3.5,37.1,2798683,0,uvm_report_server
RUN-001993,erase_suspend_test-001993,893053849,FAIL,fail,ECC_UNCORRECTABLE,E_ECC_0x33,ECC_UNCORRECTABLE,1393010,3,0,0,1,1,1397.01,1.99,558805284,1,uvm_report_server
RUN-001994,random_read_test-001994,1318405591,PASS,pass,NONE,,,,0,0,0,0,0,282.98,14.65,169785339,0,uvm_report_server
RUN-001995,sequential_write_test-001995,1417735839,FAIL,fail,DATA_MISMATCH,E_CMP_0x11,DATA_MISMATCH,2500,3,0,0,0,1,4.6,65.93,3680675,1,uvm_report_server
RUN-001996,back_to_back_program_test-001996,1548247942,FAIL,fail,ASSERTION_FAIL,E_ASRT_0x60,ASSERTION_FAIL,2500,2,0,0,1,0,1.0,14.02,1200000,1,uvm_report_server
RUN-001997,garbage_collect_test-001997,69996883,PASS,pass,NONE,,,,0,0,0,0,0,121.23,4.15,96985477,0,uvm_report_server
RUN-001998,power_cycle_test-001998,630460111,PASS,pass,NONE,,,,0,1,0,0,0,1.0,16.17,800000,0,uvm_report_server
RUN-001999,garbage_collect_test-001999,1885781820,FAIL,fail,TIMEOUT,E_TMO_0x40,TIMEOUT,1988490,3,0,1,1,0,1992.49,0.0,2390989880,1,uvm_report_server
RUN-002000,random_read_test-002000,531826496,FAIL,fail,DATA_MISMATCH,E_CMP_0x11,DATA_MISMATCH,29620,4,0,0,1,1,33.62,23.14,40343264,1,uvm_report_server
RUN-002001,sequential_write_test-002001,1058453220,PASS,pass,NONE,,,,0,0,0,0,0,127.46,1.94,76474519,0,uvm_report_server
RUN-002002,back_to_back_program_test-002002,1789020030,FAIL,fail,DATA_MISMATCH,E_CMP_0x11,DATA_MISMATCH,2500,2,0,0,0,1,1.0,32.58,800000,1,uvm_report_server
RUN-002003,mixed_rw_test-002003,1412582066,FAIL,fail,RETENTION_FAIL,E_RET_0x71,RETENTION_FAIL,2500,3,1,0,1,1,1.25,23.27,747750,1,uvm_report_server
RUN-002004,back_to_back_program_test-002004,852174491,PASS,pass,NONE,,,,0,0,0,0,0,8.3,127.71,9957185,0,uvm_report_server
RUN-002005,erase_suspend_test-002005,944422420,FAIL,fail,ECC_UNCORRECTABLE,E_ECC_0x33,ECC_UNCORRECTABLE,348850,1,0,0,0,1,352.85,2.26,211708428,1,uvm_report_server
RUN-002006,garbage_collect_test-002006,1771383399,PASS,pass,NONE,,,,0,0,0,0,0,9.48,54.39,9483822,0,uvm_report_server
RUN-002007,erase_suspend_test-002007,1762813371,PASS,pass,NONE,,,,0,1,0,0,0,39.53,28.08,23715091,0,uvm_report_server
RUN-002008,power_cycle_test-002008,328347218,PASS,pass,NONE,,,,0,1,0,0,0,1.47,94.46,883834,0,uvm_report_server
RUN-002009,erase_suspend_test-002009,1275005877,PASS,pass,NONE,,,,0,1,0,0,0,47.9,10.81,38322050,0,uvm_report_server
RUN-002010,read_disturb_test-002010,1555394508,PASS,pass,NONE,,,,0,0,0,0,0,28.47,293.64,22773936,0,uvm_report_server
RUN-002011,random_read_test-002011,213133580,PASS,pass,NONE,,,,0,1,0,0,0,3.4,40.27,1360765,0,uvm_report_server
RUN-002012,mixed_rw_test-002012,1896374954,PASS,pass,NONE,,,,0,0,0,0,0,42.8,13.16,34240025,0,uvm_report_server
RUN-002013,garbage_collect_test-002013,951684614,PASS,pass,NONE,,,,0,1,0,0,0,118.21,2.09,118211975,0,uvm_report_server
RUN-002014,sequential_write_test-002014,1204025184,PASS,pass,NONE,,,,0,0,0,0,0,28.65,291.27,34384729,0,uvm_report_server
RUN-002015,garbage_collect_test-002015,1151470985,PASS,pass,NONE,,,,0,0,0,0,0,395.31,10.02,158123721,0,uvm_report_server
RUN-002016,back_to_back_program_test-002016,1089104489,PASS,pass,NONE,,,,0,0,0,0,0,7.07,38.35,2828939,0,uvm_report_server
RUN-002017,erase_suspend_test-002017,1308933363,FAIL,fail,ASSERTION_FAIL,E_ASRT_0x60,ASSERTION_FAIL,8710,1,0,0,0,0,12.71,39.09,5085253,1,uvm_report_server
RUN-002018,back_to_back_program_test-002018,562273040,PASS,pass,NONE,,,,0,1,0,0,0,118.99,4.48,71393736,0,uvm_report_server
RUN-002019,garbage_collect_test-002019,633847262,PASS,pass,NONE,,,,0,0,0,0,0,1.95,17.55,1560618,0,uvm_report_server
RUN-002020,sequential_write_test-002020,1654570899,FAIL,fail,TIMEOUT,E_TMO_0x40,TIMEOUT,1983990,2,1,1,0,0,1987.99,0.02,2385593972,1,uvm_report_server
RUN-002021,back_to_back_program_test-002021,113309007,PASS,pass,NONE,,,,0,1,0,0,0,58.37,2.07,35024625,0,uvm_report_server
RUN-002022,power_cycle_test-002022,1539667945,FAIL,fail,RETENTION_FAIL,E_RET_0x71,RETENTION_FAIL,389970,3,1,0,0,1,393.97,4.09,236383526,1,uvm_report_server
RUN-002023,mixed_rw_test-002023,1620744070,PASS,pass,NONE,,,,0,0,0,0,0,32.69,34.36,26150001,0,uvm_report_server
RUN-002024,back_to_back_program_test-002024,391168922,FAIL,fail,FIFO_OVERFLOW,E_FIFO_0x21,FIFO_OVERFLOW,6380,3,1,0,0,0,10.38,8.33,8301940,1,uvm_report_server
RUN-002025,random_read_test-002025,340635135,FAIL,fail,ASSERTION_FAIL,E_ASRT_0x60,ASSERTION_FAIL,2500,4,0,0,1,0,4.76,17.81,1904059,1,uvm_report_server
RUN-002026,random_read_test-002026,673130113,PASS,pass,NONE,,,,0,0,0,0,0,33.14,3.69,26515194,0,uvm_report_server
RUN-002027,back_to_back_program_test-002027,1825322765,PASS,pass,NONE,,,,0,1,0,0,0,26.2,42.89,20956866,0,uvm_report_server
RUN-002028,back_to_back_program_test-002028,1782289072,PASS,pass,NONE,,,,0,0,0,0,0,29.08,4.66,17448413,0,uvm_report_server
RUN-002029,power_cycle_test-002029,1754225579,PASS,pass,NONE,,,,0,0,0,0,0,6.65,9.41,3992766,0,uvm_report_server
RUN-002030,random_read_test-002030,269174784,PASS,pass,NONE,,,,0,0,0,0,0,65.81,8.49,39486303,0,uvm_report_server
RUN-002031,read_disturb_test-002031,2046593511,FAIL,fail,THERMAL_SHUTDOWN,E_THRM_0x80,THERMAL_SHUTDOWN,27340,4,0,0,1,0,31.34,0.3,18801371,1,uvm_report_server
RUN-002032,back_to_back_program_test-002032,202116371,PASS,pass,NONE,,,,0,1,0,0,0,1.55,9.94,930359,0,uvm_report_server
RUN-002033,random_read_test-002033,1085326185,PASS,pass,NONE,,,,0,1,0,0,0,10.5,23.58,12603776,0,uvm_report_server
RUN-002034,random_read_test-002034,539074224,PASS,pass,NONE,,,,0,0,0,0,0,18.75,14.32,22495088,0,uvm_report_server
RUN-002035,back_to_back_program_test-002035,66902884,PASS,pass,NONE,,,,0,0,0,0,0,4.57,15.1,3658048,0,uvm_report_server
RUN-002036,random_read_test-002036,211296564,PASS,pass,NONE,,,,0,0,0,0,0,164.48,1.71,164478086,0,uvm_report_server
RUN-002037,back_to_back_program_test-002037,2025665091,PASS,pass,NONE,,,,0,0,0,0,0,2.45,107.11,2935590,0,uvm_report_server
RUN-002038,read_disturb_test-002038,1218314597,PASS,pass,NONE,,,,0,0,0,0,0,3.23,79.15,1936508,0,uvm_report_server
RUN-002039,back_to_back_program_test-002039,1395978786,FAIL,fail,DATA_MISMATCH,E_CMP_0x11,DATA_MISMATCH,2500,2,1,0,0,1,3.09,12.56,3086046,1,uvm_report_server
RUN-002040,read_disturb_test-002040,1076040749,PASS,pass,NONE,,,,0,0,0,0,0,5.07,50.87,5071707,0,uvm_report_server
RUN-002041,sequential_write_test-002041,146656366,PASS,pass,NONE,,,,0,0,0,0,0,6.64,37.31,3983577,0,uvm_report_server
RUN-002042,erase_suspend_test-002042,559269161,FAIL,fail,ASSERTION_FAIL,E_ASRT_0x60,ASSERTION_FAIL,2500,3,1,0,0,0,1.97,25.82,1578799,1,uvm_report_server
RUN-002043,mixed_rw_test-002043,547462253,PASS,pass,NONE,,,,0,0,0,0,0,9.48,13.64,7580594,0,uvm_report_server
RUN-002044,back_to_back_program_test-002044,1551664514,PASS,pass,NONE,,,,0,1,0,0,0,7.89,4.09,7890557,0,uvm_report_server
RUN-002045,power_cycle_test-002045,793217870,PASS,pass,NONE,,,,0,0,0,0,0,1.0,66.8,1200000,0,uvm_report_server
RUN-002046,random_read_test-002046,514227210,PASS,pass,NONE,,,,0,1,0,0,0,1.22,105.86,1221198,0,uvm_report_server
RUN-002047,random_read_test-002047,2065364149,PASS,pass,NONE,,,,0,0,0,0,0,5.89,1.34,3536273,0,uvm_report_server
RUN-002048,read_disturb_test-002048,64761457,PASS,pass,NONE,,,,0,0,0,0,0,4.96,12.41,3965722,0,uvm_report_server
RUN-002049,sequential_write_test-002049,493623249,PASS,pass,NONE,,,,0,0,0,0,0,27.19,2.38,21750792,0,uvm_report_server
RUN-002050,mixed_rw_test-002050,611086144,PASS,pass,NONE,,,,0,1,0,0,0,20.91,26.68,16729878,0,uvm_report_server
RUN-002051,back_to_back_program_test-002051,1760211552,FAIL,fail,DATA_MISMATCH,E_CMP_0x11,DATA_MISMATCH,3380,1,0,0,0,1,7.38,12.4,7376891,1,uvm_report_server
RUN-002052,sequential_write_test-002052,18288662,PASS,pass,NONE,,,,0,1,0,0,0,592.84,3.29,474268391,0,uvm_report_server
RUN-002053,random_read_test-002053,1463781123,PASS,pass,NONE,,,,0,1,0,0,0,58.93,9.18,58926074,0,uvm_report_server
RUN-002054,mixed_rw_test-002054,1986634026,PASS,pass,NONE,,,,0,1,0,0,0,3.6,37.97,3598396,0,uvm_report_server
RUN-002055,back_to_back_program_test-002055,1858586910,FAIL,fail,FIFO_OVERFLOW,E_FIFO_0x21,FIFO_OVERFLOW,217080,2,0,0,0,0,221.08,1.23,88432790,1,uvm_report_server
RUN-002056,read_disturb_test-002056,897845516,PASS,pass,NONE,,,,0,0,0,0,0,152.58,6.5,61033796,0,uvm_report_server
RUN-002057,erase_suspend_test-002057,929120416,PASS,pass,NONE,,,,0,0,0,0,0,1.36,11.27,815067,0,uvm_report_server
RUN-002058,random_read_test-002058,606315069,PASS,pass,NONE,,,,0,0,0,0,0,357.25,24.32,142898743,0,uvm_report_server
RUN-002059,read_disturb_test-002059,1118736343,PASS,pass,NONE,,,,0,0,0,0,0,46.89,21.01,46886530,0,uvm_report_server
RUN-002060,mixed_rw_test-002060,1523216663,PASS,pass,NONE,,,,0,1,0,0,0,103.73,18.84,62235133,0,uvm_report_server
RUN-002061,sequential_write_test-002061,163248783,PASS,pass,NONE,,,,0,1,0,0,0,163.8,11.79,163804069,0,uvm_report_server
RUN-002062,sequential_write_test-002062,64461035,PASS,pass,NONE,,,,0,1,0,0,0,7.34,8.68,4403498,0,uvm_report_server
RUN-002063,mixed_rw_test-002063,923876366,FAIL,fail,TIMEOUT,E_TMO_0x40,TIMEOUT,1967890,4,1,1,1,0,1971.89,0.01,1971888600,1,uvm_report_server
RUN-002064,sequential_write_test-002064,757381849,PASS,pass,NONE,,,,0,0,0,0,0,7.37,259.73,7368173,0,uvm_report_server
RUN-002065,garbage_collect_test-002065,330868151,FAIL,fail,DATA_MISMATCH,E_CMP_0x11,DATA_MISMATCH,2500,2,0,0,1,1,4.27,126.09,4274711,1,uvm_report_server
RUN-002066,mixed_rw_test-002066,452560479,PASS,pass,NONE,,,,0,0,0,0,0,78.06,3.48,62444281,0,uvm_report_server
RUN-002067,random_read_test-002067,416838223,PASS,pass,NONE,,,,0,0,0,0,0,75.45,6.79,60357486,0,uvm_report_server
RUN-002068,mixed_rw_test-002068,556942586,PASS,pass,NONE,,,,0,1,0,0,0,10.07,52.93,6041283,0,uvm_report_server
RUN-002069,power_cycle_test-002069,1777237611,FAIL,fail,THERMAL_SHUTDOWN,E_THRM_0x80,THERMAL_SHUTDOWN,11920,2,0,0,0,0,15.92,78.5,9552739,1,uvm_report_server
RUN-002070,random_read_test-002070,23096404,FAIL,fail,DATA_MISMATCH,E_CMP_0x11,DATA_MISMATCH,25960,2,0,0,0,1,29.96,23.55,23971073,1,uvm_report_server
RUN-002071,sequential_write_test-002071,1768703731,PASS,pass,NONE,,,,0,0,0,0,0,73.81,30.31,59044277,0,uvm_report_server
RUN-002072,random_read_test-002072,1479701349,PASS,pass,NONE,,,,0,1,0,0,0,1.27,1.65,1018365,0,uvm_report_server
RUN-002073,sequential_write_test-002073,995253780,PASS,pass,NONE,,,,0,0,0,0,0,40.43,49.63,16170791,0,uvm_report_server
RUN-002074,sequential_write_test-002074,175471725,PASS,pass,NONE,,,,0,1,0,0,0,36.47,6.77,43765594,0,uvm_report_server
RUN-002075,power_cycle_test-002075,366715765,PASS,pass,NONE,,,,0,0,0,0,0,2.27,58.67,2725308,0,uvm_report_server
RUN-002076,back_to_back_program_test-002076,792890816,PASS,pass,NONE,,,,0,0,0,0,0,10.12,1.5,6073000,0,uvm_report_server
RUN-002077,mixed_rw_test-002077,1006847538,PASS,pass,NONE,,,,0,1,0,0,0,271.81,30.46,217444948,0,uvm_report_server
RUN-002078,mixed_rw_test-002078,1407948284,PASS,pass,NONE,,,,0,0,0,0,0,60.35,35.56,24141288,0,uvm_report_server
RUN-002079,read_disturb_test-002079,1114919216,PASS,pass,NONE,,,,0,1,0,0,0,20.47,1.58,16375225,0,uvm_report_server
RUN-002080,mixed_rw_test-002080,1482289529,PASS,pass,NONE,,,,0,1,0,0,0,1.69,37.07,1353322,0,uvm_report_server
RUN-002081,garbage_collect_test-002081,962643995,FAIL,fail,DATA_MISMATCH,E_CMP_0x11,DATA_MISMATCH,8750,1,0,0,0,1,12.75,2.22,10196170,1,uvm_report_server
RUN-002082,mixed_rw_test-002082,634992153,PASS,pass,NONE,,,,0,0,0,0,0,2.75,375.14,2752083,0,uvm_report_server
RUN-002083,read_disturb_test-002083,2011334259,PASS,pass,NONE,,,,0,1,0,0,0,14.52,9.01,8711228,0,uvm_report_server
RUN-002084,back_to_back_program_test-002084,334414772,FAIL,fail,FIFO_OVERFLOW,E_FIFO_0x21,FIFO_OVERFLOW,2500,1,0,0,0,0,3.68,3.4,3683179,1,uvm_report_server
RUN-002085,back_to_back_program_test-002085,1894458402,PASS,pass,NONE,,,,0,0,0,0,0,15.3,9.02,9179980,0,uvm_report_server
RUN-002086,sequential_write_test-002086,1860186387,FAIL,fail,DATA_MISMATCH,E_CMP_0x11,DATA_MISMATCH,2500,1,1,0,0,1,1.67,49.8,1333169,1,uvm_report_server
RUN-002087,read_disturb_test-002087,267856825,FAIL,fail,DATA_MISMATCH,E_CMP_0x11,DATA_MISMATCH,13320,1,0,0,0,1,17.32,21.32,17323351,1,uvm_report_server
RUN-002088,garbage_collect_test-002088,95840337,PASS,pass,NONE,,,,0,0,0,0,0,3.47,39.56,2778563,0,uvm_report_server
RUN-002089,random_read_test-002089,951429795,FAIL,fail,ASSERTION_FAIL,E_ASRT_0x60,ASSERTION_FAIL,2500,4,1,0,1,0,2.33,3.8,1398177,1,uvm_report_server
RUN-002090,back_to_back_program_test-002090,737064562,PASS,pass,NONE,,,,0,0,0,0,0,87.21,6.02,52324080,0,uvm_report_server
RUN-002091,random_read_test-002091,1458707524,FAIL,fail,ASSERTION_FAIL,E_ASRT_0x60,ASSERTION_FAIL,3030,3,0,0,0,0,7.03,3.51,2812503,1,uvm_report_server
RUN-002092,sequential_write_test-002092,1053592384,PASS,pass,NONE,,,,0,1,0,0,0,16.58,8.26,6632692,0,uvm_report_server
RUN-002093,read_disturb_test-002093,1391334322,PASS,pass,NONE,,,,0,0,0,0,0,25.74,10.09,15441936,0,uvm_report_server
RUN-002094,garbage_collect_test-002094,1092901511,FAIL,fail,TIMEOUT,E_TMO_0x40,TIMEOUT,1978100,3,0,1,1,0,1982.1,0.04,1982095491,1,uvm_report_server
RUN-002095,mixed_rw_test-002095,1137577038,PASS,pass,NONE,,,,0,0,0,0,0,16.28,126.19,13025657,0,uvm_report_server
RUN-002096,garbage_collect_test-002096,2025924417,PASS,pass,NONE,,,,0,0,0,0,0,2.19,13.82,1749615,0,uvm_report_server
RUN-002097,garbage_collect_test-002097,1083701325,PASS,pass,NONE,,,,0,0,0,0,0,27.45,20.16,32937302,0,uvm_report_server
RUN-002098,sequential_write_test-002098,1270990071,PASS,pass,NONE,,,,0,0,0,0,0,15.56,18.07,18667913,0,uvm_report_server
RUN-002099,read_disturb_test-002099,733946428,FAIL,fail,THERMAL_SHUTDOWN,E_THRM_0x80,THERMAL_SHUTDOWN,14500,3,0,0,1,0,18.5,96.69,7399414,1,uvm_report_server
RUN-002100,garbage_collect_test-002100,196620910,PASS,pass,NONE,,,,0,0,0,0,0,9.01,1.91,9007669,0,uvm_report_server
RUN-002101,back_to_back_program_test-002101,983636539,PASS,pass,NONE,,,,0,0,0,0,0,16.5,239.12,9900136,0,uvm_report_server
RUN-002102,sequential_write_test-002102,1992172803,PASS,pass,NONE,,,,0,0,0,0,0,3.21,83.97,3209962,0,uvm_report_server
RUN-002103,random_read_test-002103,1394267618,PASS,pass,NONE,,,,0,1,0,0,0,189.01,20.9,113408528,0,uvm_report_server
RUN-002104,random_read_test-002104,287973353,PASS,pass,NONE,,,,0,0,0,0,0,44.1,3.1,26458341,0,uvm_report_server
RUN-002105,back_to_back_program_test-002105,511151293,PASS,pass,NONE,,,,0,0,0,0,0,73.22,111.98,58575750,0,uvm_report_server
RUN-002106,back_to_back_program_test-002106,1369817783,PASS,pass,NONE,,,,0,1,0,0,0,1.72,146.27,1374258,0,uvm_report_server
RUN-002107,sequential_write_test-002107,1439772365,PASS,pass,NONE,,,,0,1,0,0,0,8.06,8.09,6445376,0,uvm_report_server
RUN-002108,back_to_back_program_test-002108,1525007505,FAIL,fail,FIFO_OVERFLOW,E_FIFO_0x21,FIFO_OVERFLOW,2500,3,0,0,0,0,3.76,1.32,3757822,1,uvm_report_server
RUN-002109,mixed_rw_test-002109,2111698702,PASS,pass,NONE,,,,0,1,0,0,0,51.61,9.63,41286376,0,uvm_report_server
RUN-002110,mixed_rw_test-002110,1971105235,FAIL,fail,ECC_UNCORRECTABLE,E_ECC_0x33,ECC_UNCORRECTABLE,88390,1,0,0,0,1,92.39,117.23,110872543,1,uvm_report_server
RUN-002111,random_read_test-002111,678510058,PASS,pass,NONE,,,,0,0,0,0,0,319.53,1.62,255626060,0,uvm_report_server
RUN-002112,mixed_rw_test-002112,533549431,PASS,pass,NONE,,,,0,1,0,0,0,1506.32,11.31,602527957,0,uvm_report_server
RUN-002113,garbage_collect_test-002113,531775098,FAIL,fail,PROTOCOL_VIOLATION,E_PROT_0x52,PROTOCOL_VIOLATION,39290,2,0,1,0,0,43.29,20.54,17317559,1,uvm_report_server
RUN-002114,erase_suspend_test-002114,164570757,PASS,pass,NONE,,,,0,0,0,0,0,7.32,279.62,4389203,0,uvm_report_server
RUN-002115,back_to_back_program_test-002115,278765507,PASS,pass,NONE,,,,0,0,0,0,0,32.5,4.26,32500436,0,uvm_report_server
RUN-002116,random_read_test-002116,2095861550,PASS,pass,NONE,,,,0,0,0,0,0,35.11,3.69,28090471,0,uvm_report_server
RUN-002117,sequential_write_test-002117,144090777,PASS,pass,NONE,,,,0,0,0,0,0,1.97,4.44,1574223,0,uvm_report_server
RUN-002118,read_disturb_test-002118,730016645,PASS,pass,NONE,,,,0,0,0,0,0,51.25,5.45,41002184,0,uvm_report_server
RUN-002119,power_cycle_test-002119,1062901714,PASS,pass,NONE,,,,0,1,0,0,0,4.52,226.4,4521555,0,uvm_report_server
RUN-002120,back_to_back_program_test-002120,1534933528,PASS,pass,NONE,,,,0,1,0,0,0,4.99,27.53,3995988,0,uvm_report_server
RUN-002121,back_to_back_program_test-002121,1392151675,FAIL,fail,DATA_MISMATCH,E_CMP_0x11,DATA_MISMATCH,9830,2,0,0,1,1,13.83,90.22,16592644,1,uvm_report_server
RUN-002122,random_read_test-002122,504775109,PASS,pass,NONE,,,,0,1,0,0,0,28.59,4.87,17156765,0,uvm_report_server
RUN-002123,garbage_collect_test-002123,2057935229,PASS,pass,NONE,,,,0,0,0,0,0,25.26,19.16,30306238,0,uvm_report_server
RUN-002124,erase_suspend_test-002124,962039039,PASS,pass,NONE,,,,0,0,0,0,0,36.64,0.85,29315602,0,uvm_report_server
RUN-002125,mixed_rw_test-002125,804751052,FAIL,fail,THERMAL_SHUTDOWN,E_THRM_0x80,THERMAL_SHUTDOWN,10380,2,1,0,1,0,14.38,2.84,11506324,1,uvm_report_server
RUN-002126,read_disturb_test-002126,1930486558,PASS,pass,NONE,,,,0,1,0,0,0,217.76,19.12,130655739,0,uvm_report_server
RUN-002127,mixed_rw_test-002127,363613568,PASS,pass,NONE,,,,0,1,0,0,0,12.0,11.24,14397408,0,uvm_report_server
RUN-002128,back_to_back_program_test-002128,542398029,PASS,pass,NONE,,,,0,0,0,0,0,44.93,46.76,17972807,0,uvm_report_server
RUN-002129,sequential_write_test-002129,496636501,PASS,pass,NONE,,,,0,0,0,0,0,10.96,98.06,6573522,0,uvm_report_server
RUN-002130,garbage_collect_test-002130,1016896921,PASS,pass,NONE,,,,0,1,0,0,0,10.42,3.16,4167149,0,uvm_report_server
RUN-002131,garbage_collect_test-002131,2145203975,PASS,pass,NONE,,,,0,0,0,0,0,43.0,3.04,25797081,0,uvm_report_server
RUN-002132,erase_suspend_test-002132,1846962151,PASS,pass,NONE,,,,0,1,0,0,0,7.34,71.04,7335656,0,uvm_report_server
RUN-002133,random_read_test-002133,1651489533,FAIL,fail,DATA_MISMATCH,E_CMP_0x11,DATA_MISMATCH,3530,2,0,0,0,1,7.53,5.04,4518541,1,uvm_report_server
RUN-002134,read_disturb_test-002134,582335769,FAIL,fail,ASSERTION_FAIL,E_ASRT_0x60,ASSERTION_FAIL,2500,2,0,0,1,0,1.0,19.92,800000,1,uvm_report_server
RUN-002135,back_to_back_program_test-002135,477934482,PASS,pass,NONE,,,,0,1,0,0,0,3.32,39.02,2658294,0,uvm_report_server
RUN-002136,erase_suspend_test-002136,431682045,PASS,pass,NONE,,,,0,0,0,0,0,37.62,14.05,37620809,0,uvm_report_server
RUN-002137,mixed_rw_test-002137,1366415242,PASS,pass,NONE,,,,0,0,0,0,0,7.08,9.9,4245891,0,uvm_report_server
RUN-002138,random_read_test-002138,1873114056,PASS,pass,NONE,,,,0,0,0,0,0,53.68,4.99,64418689,0,uvm_report_server
RUN-002139,sequential_write_test-002139,1742270499,PASS,pass,NONE,,,,0,0,0,0,0,1.0,242.48,1200000,0,uvm_report_server
RUN-002140,erase_suspend_test-002140,908423332,PASS,pass,NONE,,,,0,0,0,0,0,15.3,2.02,6121167,0,uvm_report_server
RUN-002141,read_disturb_test-002141,572919328,FAIL,fail,DATA_MISMATCH,E_CMP_0x11,DATA_MISMATCH,13580,3,0,0,0,1,17.58,1.29,10550579,1,uvm_report_server
RUN-002142,mixed_rw_test-002142,1895460903,PASS,pass,NONE,,,,0,0,0,0,0,102.89,5.27,61735243,0,uvm_report_server
RUN-002143,back_to_back_program_test-002143,1267723,FAIL,fail,TIMEOUT,E_TMO_0x40,TIMEOUT,1984050,1,0,1,0,0,1988.05,0.37,2385665527,1,uvm_report_server
RUN-002144,erase_suspend_test-002144,554648942,FAIL,fail,TIMEOUT,E_TMO_0x40,TIMEOUT,1975580,3,1,1,1,0,1979.58,0.08,2375492565,1,uvm_report_server
RUN-002145,sequential_write_test-002145,1976216507,PASS,pass,NONE,,,,0,0,0,0,0,18.9,54.07,15119395,0,uvm_report_server
RUN-002146,random_read_test-002146,1990537176,FAIL,fail,THERMAL_SHUTDOWN,E_THRM_0x80,THERMAL_SHUTDOWN,26240,1,0,0,0,0,30.24,16.72,24192678,1,uvm_report_server
RUN-002147,back_to_back_program_test-002147,508864592,PASS,pass,NONE,,,,0,0,0,0,0,125.44,32.98,100354028,0,uvm_report_server
RUN-002148,mixed_rw_test-002148,792156081,PASS,pass,NONE,,,,0,1,0,0,0,1.0,34.86,600000,0,uvm_report_server
RUN-002149,back_to_back_program_test-002149,2009442630,PASS,pass,NONE,,,,0,0,0,0,0,5.97,10.57,4778561,0,uvm_report_server
RUN-002150,garbage_collect_test-002150,1871534952,PASS,pass,NONE,,,,0,0,0,0,0,24.04,10.93,19230507,0,uvm_report_server
RUN-002151,random_read_test-002151,913042510,PASS,pass,NONE,,,,0,0,0,0,0,1.83,8.49,1466354,0,uvm_report_server
RUN-002152,sequential_write_test-002152,2004645182,PASS,pass,NONE,,,,0,1,0,0,0,1.0,17.12,1000000,0,uvm_report_server
RUN-002153,sequential_write_test-002153,1011237389,PASS,pass,NONE,,,,0,0,0,0,0,89.27,11.27,53561762,0,uvm_report_server
RUN-002154,back_to_back_program_test-002154,1997171111,PASS,pass,NONE,,,,0,1,0,0,0,58.7,8.95,35217977,0,uvm_report_server
RUN-002155,read_disturb_test-002155,393518210,PASS,pass,NONE,,,,0,0,0,0,0,61.79,8.93,37075572,0,uvm_report_server
RUN-002156,power_cycle_test-002156,312927625,PASS,pass,NONE,,,,0,0,0,0,0,36.6,7.16,14639417,0,uvm_report_server
RUN-002157,read_disturb_test-002157,1633377242,PASS,pass,NONE,,,,0,0,0,0,0,9.87,12.79,9868293,0,uvm_report_server
RUN-002158,back_to_back_program_test-002158,1759352309,PASS,pass,NONE,,,,0,0,0,0,0,22.45,23.37,13471435,0,uvm_report_server
RUN-002159,power_cycle_test-002159,1767450505,PASS,pass,NONE,,,,0,1,0,0,0,9.69,3.18,7754765,0,uvm_report_server
RUN-002160,random_read_test-002160,674988763,PASS,pass,NONE,,,,0,0,0,0,0,10.66,45.42,12791545,0,uvm_report_server
RUN-002161,mixed_rw_test-002161,809845421,PASS,pass,NONE,,,,0,0,0,0,0,33.74,3.84,20245245,0,uvm_report_server
RUN-002162,read_disturb_test-002162,1415687518,PASS,pass,NONE,,,,0,1,0,0,0,38.36,1.67,46034719,0,uvm_report_server
RUN-002163,garbage_collect_test-002163,1513934592,PASS,pass,NONE,,,,0,1,0,0,0,330.88,6.31,330879048,0,uvm_report_server
RUN-002164,erase_suspend_test-002164,990955680,PASS,pass,NONE,,,,0,0,0,0,0,9.6,51.84,11521635,0,uvm_report_server
RUN-002165,garbage_collect_test-002165,680909527,FAIL,fail,DATA_MISMATCH,E_CMP_0x11,DATA_MISMATCH,12730,4,0,0,1,1,16.73,29.87,16728986,1,uvm_report_server
RUN-002166,random_read_test-002166,1419024398,PASS,pass,NONE,,,,0,1,0,0,0,8.29,31.24,6629039,0,uvm_report_server
RUN-002167,mixed_rw_test-002167,1634170041,PASS,pass,NONE,,,,0,0,0,0,0,6.98,73.04,5581642,0,uvm_report_server
RUN-002168,power_cycle_test-002168,870537627,PASS,pass,NONE,,,,0,0,0,0,0,21.73,2.83,21728091,0,uvm_report_server
RUN-002169,back_to_back_program_test-002169,2075066710,FAIL,fail,TIMEOUT,E_TMO_0x40,TIMEOUT,1965730,2,1,1,1,0,1969.73,0.01,1969728137,1,uvm_report_server
RUN-002170,random_read_test-002170,409175386,FAIL,fail,PROTOCOL_VIOLATION,E_PROT_0x52,PROTOCOL_VIOLATION,9530,2,1,1,0,0,13.53,66.2,10823527,1,uvm_report_server
RUN-002171,read_disturb_test-002171,1142240133,PASS,pass,NONE,,,,0,1,0,0,0,30.57,2.1,18343615,0,uvm_report_server
RUN-002172,back_to_back_program_test-002172,1305570551,PASS,pass,NONE,,,,0,0,0,0,0,5.08,13.06,4061531,0,uvm_report_server
RUN-002173,sequential_write_test-002173,1714983294,PASS,pass,NONE,,,,0,0,0,0,0,1.0,255.99,800000,0,uvm_report_server
RUN-002174,sequential_write_test-002174,769027126,PASS,pass,NONE,,,,0,0,0,0,0,66.47,7.67,26587726,0,uvm_report_server
RUN-002175,mixed_rw_test-002175,669884420,PASS,pass,NONE,,,,0,1,0,0,0,22.94,5.39,13763049,0,uvm_report_server
RUN-002176,back_to_back_program_test-002176,29802384,PASS,pass,NONE,,,,0,0,0,0,0,40.3,52.41,16121554,0,uvm_report_server
RUN-002177,back_to_back_program_test-002177,1368831932,PASS,pass,NONE,,,,0,0,0,0,0,433.63,1.18,260179248,0,uvm_report_server
RUN-002178,sequential_write_test-002178,559767113,PASS,pass,NONE,,,,0,0,0,0,0,15.86,124.0,12684452,0,uvm_report_server
RUN-002179,random_read_test-002179,786029953,FAIL,fail,DATA_MISMATCH,E_CMP_0x11,DATA_MISMATCH,15020,1,1,0,0,1,19.02,9.77,7609075,1,uvm_report_server
RUN-002180,random_read_test-002180,1543389287,PASS,pass,NONE,,,,0,0,0,0,0,85.61,24.69,85607638,0,uvm_report_server
RUN-002181,back_to_back_program_test-002181,1310493191,PASS,pass,NONE,,,,0,1,0,0,0,11.82,91.42,7093848,0,uvm_report_server
RUN-002182,sequential_write_test-002182,1527285339,PASS,pass,NONE,,,,0,0,0,0,0,11.51,45.47,6907784,0,uvm_report_server
RUN-002183,random_read_test-002183,279879661,PASS,pass,NONE,,,,0,1,0,0,0,12.38,21.14,12383968,0,uvm_report_server
RUN-002184,read_disturb_test-002184,593352318,PASS,pass,NONE,,,,0,1,0,0,0,18.67,3.59,11202338,0,uvm_report_server
RUN-002185,back_to_back_program_test-002185,1359229779,PASS,pass,NONE,,,,0,1,0,0,0,95.52,91.64,76415359,0,uvm_report_server
RUN-002186,back_to_back_program_test-002186,622301605,FAIL,fail,FIFO_OVERFLOW,E_FIFO_0x21,FIFO_OVERFLOW,8700,3,0,0,0,0,12.7,0.32,7621471,1,uvm_report_server
RUN-002187,back_to_back_program_test-002187,1101260310,PASS,pass,NONE,,,,0,0,0,0,0,8.66,31.63,6928839,0,uvm_report_server
RUN-002188,read_disturb_test-002188,1476056710,PASS,pass,NONE,,,,0,0,0,0,0,7.09,9.18,5669932,0,uvm_report_server
RUN-002189,back_to_back_program_test-002189,1241813214,PASS,pass,NONE,,,,0,1,0,0,0,502.93,2.24,201172878,0,uvm_report_server
RUN-002190,mixed_rw_test-002190,699900463,FAIL,fail,THERMAL_SHUTDOWN,E_THRM_0x80,THERMAL_SHUTDOWN,2500,2,0,0,0,0,2.76,10.0,3310971,1,uvm_report_server
RUN-002191,power_cycle_test-002191,1232207843,PASS,pass,NONE,,,,0,1,0,0,0,15.7,61.56,9422392,0,uvm_report_server
RUN-002192,random_read_test-002192,372331940,PASS,pass,NONE,,,,0,0,0,0,0,23.64,21.02,18911889,0,uvm_report_server
RUN-002193,power_cycle_test-002193,1964853561,PASS,pass,NONE,,,,0,0,0,0,0,9.21,52.93,7369006,0,uvm_report_server
RUN-002194,back_to_back_program_test-002194,1148180325,FAIL,fail,FIFO_OVERFLOW,E_FIFO_0x21,FIFO_OVERFLOW,41660,4,0,0,1,0,45.66,54.77,45655423,1,uvm_report_server
RUN-002195,random_read_test-002195,1426992516,PASS,pass,NONE,,,,0,0,0,0,0,209.7,19.12,125818573,0,uvm_report_server
RUN-002196,random_read_test-002196,571632508,PASS,pass,NONE,,,,0,0,0,0,0,14.89,134.7,11914260,0,uvm_report_server
RUN-002197,mixed_rw_test-002197,818540340,FAIL,fail,DATA_MISMATCH,E_CMP_0x11,DATA_MISMATCH,36780,1,0,0,0,1,40.78,4.27,16310701,1,uvm_report_server
RUN-002198,mixed_rw_test-002198,1166304125,PASS,pass,NONE,,,,0,0,0,0,0,245.84,66.07,98334862,0,uvm_report_server
RUN-002199,back_to_back_program_test-002199,2119208382,FAIL,fail,FIFO_OVERFLOW,E_FIFO_0x21,FIFO_OVERFLOW,90840,3,0,0,1,0,94.84,7.16,56905830,1,uvm_report_server
RUN-002200,read_disturb_test-002200,1895594254,FAIL,fail,TIMEOUT,E_TMO_0x40,TIMEOUT,1970640,2,0,1,0,0,1974.64,0.31,1974635492,1,uvm_report_server
RUN-002201,read_disturb_test-002201,817884790,PASS,pass,NONE,,,,0,0,0,0,0,4.42,124.68,3532903,0,uvm_report_server
RUN-002202,erase_suspend_test-002202,1722606597,FAIL,fail,DATA_MISMATCH,E_CMP_0x11,DATA_MISMATCH,2500,1,0,0,0,1,3.08,5.42,1847559,1,uvm_report_server
RUN-002203,back_to_back_program_test-002203,1657523376,FAIL,fail,FIFO_OVERFLOW,E_FIFO_0x21,FIFO_OVERFLOW,122980,3,0,0,0,0,126.98,8.3,152373441,1,uvm_report_server
RUN-002204,power_cycle_test-002204,1056604678,PASS,pass,NONE,,,,0,0,0,0,0,20.33,102.04,20332945,0,uvm_report_server
RUN-002205,garbage_collect_test-002205,39289133,PASS,pass,NONE,,,,0,0,0,0,0,186.11,2.94,186112788,0,uvm_report_server
RUN-002206,sequential_write_test-002206,137759317,PASS,pass,NONE,,,,0,0,0,0,0,31.71,8.0,25370535,0,uvm_report_server
RUN-002207,garbage_collect_test-002207,1489839274,PASS,pass,NONE,,,,0,1,0,0,0,97.16,2.84,38863406,0,uvm_report_server
RUN-002208,sequential_write_test-002208,2137191222,PASS,pass,NONE,,,,0,0,0,0,0,5.1,24.23,4079830,0,uvm_report_server
RUN-002209,erase_suspend_test-002209,507423536,PASS,pass,NONE,,,,0,0,0,0,0,86.77,23.66,52059507,0,uvm_report_server
RUN-002210,power_cycle_test-002210,765095630,PASS,pass,NONE,,,,0,0,0,0,0,67.45,33.27,40470456,0,uvm_report_server
RUN-002211,mixed_rw_test-002211,230986655,PASS,pass,NONE,,,,0,1,0,0,0,7.09,140.74,5673682,0,uvm_report_server
RUN-002212,read_disturb_test-002212,605662188,PASS,pass,NONE,,,,0,0,0,0,0,45.19,2.9,27114353,0,uvm_report_server
RUN-002213,mixed_rw_test-002213,322606782,PASS,pass,NONE,,,,0,0,0,0,0,48.3,85.08,38637112,0,uvm_report_server
RUN-002214,random_read_test-002214,814371324,PASS,pass,NONE,,,,0,0,0,0,0,15.06,8.68,12048502,0,uvm_report_server
RUN-002215,sequential_write_test-002215,2092919788,PASS,pass,NONE,,,,0,0,0,0,0,39.68,55.9,31744590,0,uvm_report_server
RUN-002216,read_disturb_test-002216,1215328509,PASS,pass,NONE,,,,0,0,0,0,0,28.84,17.27,17302449,0,uvm_report_server
RUN-002217,random_read_test-002217,1026018733,FAIL,fail,PROTOCOL_VIOLATION,E_PROT_0x52,PROTOCOL_VIOLATION,11440,3,1,1,1,0,15.44,66.25,15442522,1,uvm_report_server
RUN-002218,mixed_rw_test-002218,213910045,FAIL,fail,TIMEOUT,E_TMO_0x40,TIMEOUT,1978640,2,0,1,0,0,1982.64,0.61,1982640013,1,uvm_report_server
RUN-002219,sequential_write_test-002219,1108578683,FAIL,fail,TIMEOUT,E_TMO_0x40,TIMEOUT,1974220,2,0,1,1,0,1978.22,0.04,1978223877,1,uvm_report_server
RUN-002220,erase_suspend_test-002220,197654938,PASS,pass,NONE,,,,0,1,0,0,0,2.28,105.0,1820877,0,uvm_report_server
RUN-002221,random_read_test-002221,707689776,FAIL,fail,THERMAL_SHUTDOWN,E_THRM_0x80,THERMAL_SHUTDOWN,2500,2,1,0,0,0,1.35,42.79,1617867,1,uvm_report_server
RUN-002222,random_read_test-002222,585605544,PASS,pass,NONE,,,,0,0,0,0,0,22.14,12.16,8857349,0,uvm_report_server
RUN-002223,power_cycle_test-002223,1353834883,PASS,pass,NONE,,,,0,0,0,0,0,20.12,105.75,12070514,0,uvm_report_server
RUN-002224,garbage_collect_test-002224,2116288540,PASS,pass,NONE,,,,0,0,0,0,0,1175.02,1.71,470009679,0,uvm_report_server
RUN-002225,erase_suspend_test-002225,1063551425,PASS,pass,NONE,,,,0,0,0,0,0,3.5,34.51,3499379,0,uvm_report_server
RUN-002226,sequential_write_test-002226,1821410776,PASS,pass,NONE,,,,0,1,0,0,0,2.57,102.35,2570068,0,uvm_report_server
RUN-002227,mixed_rw_test-002227,309726414,PASS,pass,NONE,,,,0,0,0,0,0,27.75,9.24,22200412,0,uvm_report_server
RUN-002228,erase_suspend_test-002228,1028756532,PASS,pass,NONE,,,,0,0,0,0,0,24.27,88.58,19419788,0,uvm_report_server
RUN-002229,erase_suspend_test-002229,1048379904,PASS,pass,NONE,,,,0,0,0,0,0,23.1,181.28,27720415,0,uvm_report_server
RUN-002230,read_disturb_test-002230,520518981,FAIL,fail,PROTOCOL_VIOLATION,E_PROT_0x52,PROTOCOL_VIOLATION,4100,2,1,1,0,0,8.1,223.06,6478324,1,uvm_report_server
RUN-002231,random_read_test-002231,1395847748,PASS,pass,NONE,,,,0,1,0,0,0,32.4,29.92,32402005,0,uvm_report_server
RUN-002232,garbage_collect_test-002232,2071843994,PASS,pass,NONE,,,,0,0,0,0,0,116.5,8.87,93200475,0,uvm_report_server
RUN-002233,back_to_back_program_test-002233,1495872698,PASS,pass,NONE,,,,0,0,0,0,0,18.66,3.76,14924622,0,uvm_report_server
RUN-002234,erase_suspend_test-002234,833139124,PASS,pass,NONE,,,,0,0,0,0,0,4.9,50.31,1958848,0,uvm_report_server
RUN-002235,mixed_rw_test-002235,1196353928,FAIL,fail,TIMEOUT,E_TMO_0x40,TIMEOUT,1968840,1,0,1,0,0,1972.84,0.03,1972843376,1,uvm_report_server
RUN-002236,power_cycle_test-002236,1543866846,FAIL,fail,DATA_MISMATCH,E_CMP_0x11,DATA_MISMATCH,2500,4,1,0,1,1,1.0,5.59,800000,1,uvm_report_server
RUN-002237,erase_suspend_test-002237,1644050759,PASS,pass,NONE,,,,0,1,0,0,0,1.02,65.42,614106,0,uvm_report_server
RUN-002238,sequential_write_test-002238,1780083754,PASS,pass,NONE,,,,0,0,0,0,0,14.95,4.68,14953403,0,uvm_report_server
RUN-002239,garbage_collect_test-002239,428751686,PASS,pass,NONE,,,,0,0,0,0,0,34.92,3.92,41907350,0,uvm_report_server
RUN-002240,power_cycle_test-002240,370343250,PASS,pass,NONE,,,,0,0,0,0,0,6.83,37.2,2731356,0,uvm_report_server
RUN-002241,mixed_rw_test-002241,1188274766,FAIL,fail,DATA_MISMATCH,E_CMP_0x11,DATA_MISMATCH,7550,2,0,0,0,1,11.55,193.29,11552749,1,uvm_report_server
RUN-002242,erase_suspend_test-002242,29711026,PASS,pass,NONE,,,,0,0,0,0,0,12.1,44.2,7261928,0,uvm_report_server
RUN-002243,read_disturb_test-002243,1002047032,PASS,pass,NONE,,,,0,0,0,0,0,38.53,27.98,23118218,0,uvm_report_server
RUN-002244,back_to_back_program_test-002244,696157816,PASS,pass,NONE,,,,0,1,0,0,0,28.38,4.72,11353940,0,uvm_report_server
RUN-002245,garbage_collect_test-002245,1844256695,PASS,pass,NONE,,,,0,0,0,0,0,126.38,17.87,101105004,0,uvm_report_server
RUN-002246,power_cycle_test-002246,175132072,PASS,pass,NONE,,,,0,0,0,0,0,43.28,11.72,43279914,0,uvm_report_server
RUN-002247,random_read_test-002247,434913337,FAIL,fail,TIMEOUT,E_TMO_0x40,TIMEOUT,1991940,1,0,1,0,0,1995.94,1.29,2395125070,1,uvm_report_server
RUN-002248,back_to_back_program_test-002248,1388663156,FAIL,fail,PROTOCOL_VIOLATION,E_PROT_0x52,PROTOCOL_VIOLATION,49600,2,1,1,0,0,53.6,302.29,53604061,1,uvm_report_server
RUN-002249,read_disturb_test-002249,209857674,PASS,pass,NONE,,,,0,0,0,0,0,51.38,18.97,30826916,0,uvm_report_server
RUN-002250,mixed_rw_test-002250,1417908612,FAIL,fail,TIMEOUT,E_TMO_0x40,TIMEOUT,1985240,3,1,1,0,0,1989.24,0.02,1989238148,1,uvm_report_server
RUN-002251,erase_suspend_test-002251,90590075,PASS,pass,NONE,,,,0,1,0,0,0,3.66,18.51,4392904,0,uvm_report_server
RUN-002252,sequential_write_test-002252,215274624,PASS,pass,NONE,,,,0,1,0,0,0,7.52,17.7,9019268,0,uvm_report_server
RUN-002253,sequential_write_test-002253,699937159,PASS,pass,NONE,,,,0,0,0,0,0,6.04,21.09,2415164,0,uvm_report_server
RUN-002254,random_read_test-002254,768108073,FAIL,fail,RETENTION_FAIL,E_RET_0x71,RETENTION_FAIL,2500,1,0,0,0,1,3.76,10.25,3758289,1,uvm_report_server
RUN-002255,back_to_back_program_test-002255,676219437,FAIL,fail,DATA_MISMATCH,E_CMP_0x11,DATA_MISMATCH,23120,1,0,0,0,1,27.12,5.22,21695054,1,uvm_report_server
RUN-002256,sequential_write_test-002256,2140280559,PASS,pass,NONE,,,,0,0,0,0,0,311.82,1.57,124728536,0,uvm_report_server
RUN-002257,sequential_write_test-002257,858330381,PASS,pass,NONE,,,,0,0,0,0,0,32.88,4.06,19725329,0,uvm_report_server
RUN-002258,power_cycle_test-002258,573061463,PASS,pass,NONE,,,,0,0,0,0,0,280.47,14.19,336568045,0,uvm_report_server
RUN-002259,garbage_collect_test-002259,1076688600,PASS,pass,NONE,,,,0,0,0,0,0,301.73,29.14,241384224,0,uvm_report_server
RUN-002260,random_read_test-002260,749456857,PASS,pass,NONE,,,,0,0,0,0,0,97.77,5.09,39107490,0,uvm_report_server
RUN-002261,mixed_rw_test-002261,302164693,FAIL,fail,ASSERTION_FAIL,E_ASRT_0x60,ASSERTION_FAIL,2500,3,0,0,0,0,2.88,14.53,3453137,1,uvm_report_server
RUN-002262,power_cycle_test-002262,231061835,PASS,pass,NONE,,,,0,0,0,0,0,51.5,5.06,51497693,0,uvm_report_server
RUN-002263,erase_suspend_test-002263,1907047961,FAIL,fail,ECC_UNCORRECTABLE,E_ECC_0x33,ECC_UNCORRECTABLE,99360,2,0,0,0,1,103.36,23.7,124026518,1,uvm_report_server
RUN-002264,sequential_write_test-002264,619420394,PASS,pass,NONE,,,,0,0,0,0,0,19.45,24.94,11668841,0,uvm_report_server
RUN-002265,random_read_test-002265,1957503502,PASS,pass,NONE,,,,0,0,0,0,0,5.9,11.7,3542620,0,uvm_report_server
RUN-002266,random_read_test-002266,1433626385,PASS,pass,NONE,,,,0,1,0,0,0,24.2,11.43,29045540,0,uvm_report_server
RUN-002267,random_read_test-002267,472126694,PASS,pass,NONE,,,,0,0,0,0,0,4.57,28.01,2743973,0,uvm_report_server
RUN-002268,erase_suspend_test-002268,44609908,PASS,pass,NONE,,,,0,0,0,0,0,21.49,11.51,12892231,0,uvm_report_server
RUN-002269,garbage_collect_test-002269,33094852,PASS,pass,NONE,,,,0,0,0,0,0,20.67,6.25,20668755,0,uvm_report_server
RUN-002270,mixed_rw_test-002270,1515744076,PASS,pass,NONE,,,,0,1,0,0,0,12.53,5.34,12531930,0,uvm_report_server
RUN-002271,sequential_write_test-002271,183421034,PASS,pass,NONE,,,,0,1,0,0,0,120.32,16.51,96258925,0,uvm_report_server
RUN-002272,sequential_write_test-002272,1961720310,FAIL,fail,PROTOCOL_VIOLATION,E_PROT_0x52,PROTOCOL_VIOLATION,2500,2,0,1,0,0,4.21,77.32,5047573,1,uvm_report_server
RUN-002273,erase_suspend_test-002273,603957635,FAIL,fail,DATA_MISMATCH,E_CMP_0x11,DATA_MISMATCH,70710,2,1,0,1,1,74.71,75.4,44828707,1,uvm_report_server
RUN-002274,back_to_back_program_test-002274,111289180,FAIL,fail,ECC_UNCORRECTABLE,E_ECC_0x33,ECC_UNCORRECTABLE,57340,2,0,0,0,1,61.34,2.27,49074103,1,uvm_report_server
RUN-002275,sequential_write_test-002275,481912330,FAIL,fail,DATA_MISMATCH,E_CMP_0x11,DATA_MISMATCH,10320,3,1,0,0,1,14.32,11.19,17183042,1,uvm_report_server
RUN-002276,erase_suspend_test-002276,1662805523,PASS,pass,NONE,,,,0,0,0,0,0,3.32,19.3,1327439,0,uvm_report_server
RUN-002277,sequential_write_test-002277,1289884603,FAIL,fail,TIMEOUT,E_TMO_0x40,TIMEOUT,1968080,2,0,1,1,0,1972.08,0.67,1972082490,1,uvm_report_server
RUN-002278,sequential_write_test-002278,2110361550,PASS,pass,NONE,,,,0,0,0,0,0,47.42,2.86,18967190,0,uvm_report_server
RUN-002279,back_to_back_program_test-002279,780043779,FAIL,fail,FIFO_OVERFLOW,E_FIFO_0x21,FIFO_OVERFLOW,9740,2,0,0,1,0,13.74,36.35,13740305,1,uvm_report_server
RUN-002280,sequential_write_test-002280,279657756,FAIL,fail,PROTOCOL_VIOLATION,E_PROT_0x52,PROTOCOL_VIOLATION,72110,2,0,1,0,0,76.11,33.97,76109245,1,uvm_report_server
RUN-002281,garbage_collect_test-002281,891469875,PASS,pass,NONE,,,,0,0,0,0,0,44.59,1.51,44588595,0,uvm_report_server
RUN-002282,random_read_test-002282,1932264832,FAIL,fail,TIMEOUT,E_TMO_0x40,TIMEOUT,1972380,2,0,1,0,0,1976.38,0.12,1976377732,1,uvm_report_server
RUN-002283,random_read_test-002283,1732020352,FAIL,fail,ECC_UNCORRECTABLE,E_ECC_0x33,ECC_UNCORRECTABLE,16720,3,0,0,1,1,20.72,36.34,8288766,1,uvm_report_server
RUN-002284,mixed_rw_test-002284,365333883,PASS,pass,NONE,,,,0,1,0,0,0,98.54,21.48,59124302,0,uvm_report_server
RUN-002285,random_read_test-002285,1460303443,PASS,pass,NONE,,,,0,0,0,0,0,122.73,2.1,73638973,0,uvm_report_server
RUN-002286,power_cycle_test-002286,1170935558,PASS,pass,NONE,,,,0,0,0,0,0,1.17,6.75,1404797,0,uvm_report_server
RUN-002287,mixed_rw_test-002287,239096356,FAIL,fail,TIMEOUT,E_TMO_0x40,TIMEOUT,1982740,2,1,1,0,0,1986.74,0.76,1986736202,1,uvm_report_server
RUN-002288,power_cycle_test-002288,1653624213,PASS,pass,NONE,,,,0,0,0,0,0,25.22,2.69,20178656,0,uvm_report_server
RUN-002289,garbage_collect_test-002289,1783840990,PASS,pass,NONE,,,,0,0,0,0,0,20.67,1.59,20673160,0,uvm_report_server
RUN-002290,garbage_collect_test-002290,1089040950,PASS,pass,NONE,,,,0,0,0,0,0,1.0,61.95,800000,0,uvm_report_server
RUN-002291,read_disturb_test-002291,2139006107,PASS,pass,NONE,,,,0,1,0,0,0,17.13,14.2,13707923,0,uvm_report_server
RUN-002292,read_disturb_test-002292,240928557,PASS,pass,NONE,,,,0,0,0,0,0,68.32,4.04,27329565,0,uvm_report_server
RUN-002293,read_disturb_test-002293,1602855034,FAIL,fail,DATA_MISMATCH,E_CMP_0x11,DATA_MISMATCH,115150,3,0,0,0,1,119.15,10.86,47661213,1,uvm_report_server
RUN-002294,back_to_back_program_test-002294,1506724577,PASS,pass,NONE,,,,0,0,0,0,0,68.81,30.19,41286536,0,uvm_report_server
RUN-002295,power_cycle_test-002295,745773192,PASS,pass,NONE,,,,0,0,0,0,0,43.8,23.95,17520052,0,uvm_report_server
RUN-002296,erase_suspend_test-002296,757427586,FAIL,fail,RETENTION_FAIL,E_RET_0x71,RETENTION_FAIL,31020,3,0,0,0,1,35.02,17.25,28014518,1,uvm_report_server
RUN-002297,garbage_collect_test-002297,806790275,PASS,pass,NONE,,,,0,0,0,0,0,630.43,26.91,252171316,0,uvm_report_server
RUN-002298,back_to_back_program_test-002298,1834922508,FAIL,fail,FIFO_OVERFLOW,E_FIFO_0x21,FIFO_OVERFLOW,2500,3,0,0,0,0,1.49,33.73,1486957,1,uvm_report_server
RUN-002299,erase_suspend_test-002299,944732878,PASS,pass,NONE,,,,0,0,0,0,0,157.49,27.03,125994988,0,uvm_report_server
RUN-002300,sequential_write_test-002300,1003570403,PASS,pass,NONE,,,,0,0,0,0,0,81.2,55.05,48722812,0,uvm_report_server
RUN-002301,mixed_rw_test-002301,861943972,PASS,pass,NONE,,,,0,0,0,0,0,1.07,15.0,857552,0,uvm_report_server
RUN-002302,power_cycle_test-002302,1432418589,PASS,pass,NONE,,,,0,0,0,0,0,5.07,50.83,6086536,0,uvm_report_server
RUN-002303,random_read_test-002303,1432958695,PASS,pass,NONE,,,,0,0,0,0,0,141.63,3.69,169950406,0,uvm_report_server
RUN-002304,power_cycle_test-002304,209952529,PASS,pass,NONE,,,,0,0,0,0,0,6.97,76.65,4184968,0,uvm_report_server
RUN-002305,read_disturb_test-002305,736793538,PASS,pass,NONE,,,,0,0,0,0,0,56.8,38.71,45440481,0,uvm_report_server
RUN-002306,mixed_rw_test-002306,1291611211,PASS,pass,NONE,,,,0,0,0,0,0,79.71,12.1,63771385,0,uvm_report_server
RUN-002307,random_read_test-002307,2003115089,PASS,pass,NONE,,,,0,1,0,0,0,26.54,4.97,21233363,0,uvm_report_server
RUN-002308,back_to_back_program_test-002308,505671681,FAIL,fail,FIFO_OVERFLOW,E_FIFO_0x21,FIFO_OVERFLOW,290550,3,0,0,0,0,294.55,4.42,235640728,1,uvm_report_server
RUN-002309,read_disturb_test-002309,1334907912,PASS,pass,NONE,,,,0,1,0,0,0,7.74,32.84,6192732,0,uvm_report_server
RUN-002310,garbage_collect_test-002310,181991916,PASS,pass,NONE,,,,0,0,0,0,0,210.99,40.72,84395029,0,uvm_report_server
RUN-002311,erase_suspend_test-002311,294055490,PASS,pass,NONE,,,,0,0,0,0,0,46.65,10.87,46654632,0,uvm_report_server
RUN-002312,mixed_rw_test-002312,76453244,PASS,pass,NONE,,,,0,0,0,0,0,2.09,60.73,1672384,0,uvm_report_server
RUN-002313,garbage_collect_test-002313,992334615,FAIL,fail,TIMEOUT,E_TMO_0x40,TIMEOUT,1961470,3,0,1,1,0,1965.47,0.02,2358561064,1,uvm_report_server
RUN-002314,mixed_rw_test-002314,1395261615,PASS,pass,NONE,,,,0,0,0,0,0,944.9,4.57,377960863,0,uvm_report_server
RUN-002315,erase_suspend_test-002315,1929016024,PASS,pass,NONE,,,,0,0,0,0,0,14.98,528.65,14979699,0,uvm_report_server
RUN-002316,sequential_write_test-002316,1232938196,PASS,pass,NONE,,,,0,1,0,0,0,87.43,25.35,69943114,0,uvm_report_server
RUN-002317,random_read_test-002317,1502687958,FAIL,fail,RETENTION_FAIL,E_RET_0x71,RETENTION_FAIL,96230,2,0,0,0,1,100.23,27.74,120275651,1,uvm_report_server
RUN-002318,random_read_test-002318,1053892823,PASS,pass,NONE,,,,0,1,0,0,0,56.29,4.8,56293992,0,uvm_report_server
RUN-002319,random_read_test-002319,837427709,FAIL,fail,ASSERTION_FAIL,E_ASRT_0x60,ASSERTION_FAIL,39330,2,0,0,1,0,43.33,8.2,43331120,1,uvm_report_server
RUN-002320,back_to_back_program_test-002320,1529881979,PASS,pass,NONE,,,,0,0,0,0,0,121.91,4.39,97525687,0,uvm_report_server
RUN-002321,random_read_test-002321,631809006,PASS,pass,NONE,,,,0,0,0,0,0,4.04,126.89,4844589,0,uvm_report_server
RUN-002322,back_to_back_program_test-002322,158770583,PASS,pass,NONE,,,,0,0,0,0,0,15.19,8.96,12151884,0,uvm_report_server
RUN-002323,random_read_test-002323,74859331,FAIL,fail,ASSERTION_FAIL,E_ASRT_0x60,ASSERTION_FAIL,2500,3,1,0,1,0,2.25,268.76,1351322,1,uvm_report_server
RUN-002324,garbage_collect_test-002324,1104438489,PASS,pass,NONE,,,,0,0,0,0,0,53.18,79.01,21273960,0,uvm_report_server
RUN-002325,power_cycle_test-002325,666356696,FAIL,fail,RETENTION_FAIL,E_RET_0x71,RETENTION_FAIL,36710,2,0,0,0,1,40.71,13.44,32571130,1,uvm_report_server
RUN-002326,garbage_collect_test-002326,840830962,PASS,pass,NONE,,,,0,0,0,0,0,45.3,2.67,18118341,0,uvm_report_server
RUN-002327,sequential_write_test-002327,70980810,PASS,pass,NONE,,,,0,0,0,0,0,162.91,3.12,97743751,0,uvm_report_server
RUN-002328,random_read_test-002328,948133031,PASS,pass,NONE,,,,0,0,0,0,0,767.57,10.86,307026987,0,uvm_report_server
RUN-002329,mixed_rw_test-002329,1620089555,FAIL,fail,TIMEOUT,E_TMO_0x40,TIMEOUT,1981820,2,0,1,0,0,1985.82,0.03,2382989650,1,uvm_report_server
RUN-002330,power_cycle_test-002330,1119901361,PASS,pass,NONE,,,,0,0,0,0,0,20.76,2.97,12454293,0,uvm_report_server
RUN-002331,random_read_test-002331,765154670,PASS,pass,NONE,,,,0,0,0,0,0,4.25,8.14,1700854,0,uvm_report_server
RUN-002332,random_read_test-002332,1066160539,PASS,pass,NONE,,,,0,0,0,0,0,65.32,1.85,65315885,0,uvm_report_server
RUN-002333,power_cycle_test-002333,50115510,PASS,pass,NONE,,,,0,0,0,0,0,14.34,19.26,14341916,0,uvm_report_server
RUN-002334,random_read_test-002334,1882196447,PASS,pass,NONE,,,,0,0,0,0,0,1.64,74.64,1972098,0,uvm_report_server
RUN-002335,sequential_write_test-002335,1193609870,PASS,pass,NONE,,,,0,1,0,0,0,2.55,27.48,2552520,0,uvm_report_server
RUN-002336,mixed_rw_test-002336,189794709,PASS,pass,NONE,,,,0,1,0,0,0,5.14,6.4,2054844,0,uvm_report_server
RUN-002337,random_read_test-002337,214542512,PASS,pass,NONE,,,,0,0,0,0,0,689.33,6.24,275732692,0,uvm_report_server
RUN-002338,back_to_back_program_test-002338,921773699,PASS,pass,NONE,,,,0,1,0,0,0,23.95,43.48,28734982,0,uvm_report_server
RUN-002339,back_to_back_program_test-002339,2085521696,PASS,pass,NONE,,,,0,1,0,0,0,4.91,111.3,3925788,0,uvm_report_server
RUN-002340,sequential_write_test-002340,113526499,PASS,pass,NONE,,,,0,1,0,0,0,16.67,32.67,16670147,0,uvm_report_server
RUN-002341,mixed_rw_test-002341,444818132,PASS,pass,NONE,,,,0,0,0,0,0,27.79,38.91,16673636,0,uvm_report_server
RUN-002342,random_read_test-002342,61119438,FAIL,fail,PROTOCOL_VIOLATION,E_PROT_0x52,PROTOCOL_VIOLATION,4170,2,0,1,0,0,8.17,74.18,3266732,1,uvm_report_server
RUN-002343,back_to_back_program_test-002343,1739647653,PASS,pass,NONE,,,,0,1,0,0,0,89.81,5.72,71845163,0,uvm_report_server
RUN-002344,random_read_test-002344,793260807,PASS,pass,NONE,,,,0,1,0,0,0,4.15,30.92,3322952,0,uvm_report_server
RUN-002345,sequential_write_test-002345,292459994,PASS,pass,NONE,,,,0,1,0,0,0,137.74,0.92,110193757,0,uvm_report_server
RUN-002346,erase_suspend_test-002346,439796241,FAIL,fail,ASSERTION_FAIL,E_ASRT_0x60,ASSERTION_FAIL,2500,4,1,0,1,0,2.01,40.3,1605508,1,uvm_report_server
RUN-002347,sequential_write_test-002347,641756817,PASS,pass,NONE,,,,0,1,0,0,0,131.46,14.92,131462327,0,uvm_report_server
RUN-002348,garbage_collect_test-002348,298575981,PASS,pass,NONE,,,,0,1,0,0,0,101.31,0.62,81050166,0,uvm_report_server
RUN-002349,random_read_test-002349,1267339971,PASS,pass,NONE,,,,0,0,0,0,0,2.44,49.91,974278,0,uvm_report_server
RUN-002350,mixed_rw_test-002350,1206382720,PASS,pass,NONE,,,,0,0,0,0,0,74.13,0.82,59302412,0,uvm_report_server
RUN-002351,garbage_collect_test-002351,1572479498,PASS,pass,NONE,,,,0,0,0,0,0,15.67,68.84,9400104,0,uvm_report_server
RUN-002352,mixed_rw_test-002352,1186690266,FAIL,fail,DATA_MISMATCH,E_CMP_0x11,DATA_MISMATCH,2500,3,0,0,0,1,3.88,10.17,3876199,1,uvm_report_server
RUN-002353,back_to_back_program_test-002353,831903058,PASS,pass,NONE,,,,0,1,0,0,0,2.39,113.7,1914681,0,uvm_report_server
RUN-002354,back_to_back_program_test-002354,906101098,FAIL,fail,DATA_MISMATCH,E_CMP_0x11,DATA_MISMATCH,2500,4,0,0,1,1,6.32,78.36,3789153,1,uvm_report_server
RUN-002355,erase_suspend_test-002355,1219325275,PASS,pass,NONE,,,,0,1,0,0,0,4.88,51.56,3905966,0,uvm_report_server
RUN-002356,back_to_back_program_test-002356,2116910197,PASS,pass,NONE,,,,0,0,0,0,0,29.74,4.25,11894194,0,uvm_report_server
RUN-002357,random_read_test-002357,1479159,FAIL,fail,ECC_UNCORRECTABLE,E_ECC_0x33,ECC_UNCORRECTABLE,439530,1,0,0,0,1,443.53,2.51,532237578,1,uvm_report_server
RUN-002358,erase_suspend_test-002358,435158992,PASS,pass,NONE,,,,0,0,0,0,0,1.0,30.45,800000,0,uvm_report_server
RUN-002359,mixed_rw_test-002359,1073635245,PASS,pass,NONE,,,,0,0,0,0,0,5.55,6.37,4437255,0,uvm_report_server
RUN-002360,mixed_rw_test-002360,1347343295,PASS,pass,NONE,,,,0,1,0,0,0,3.9,18.06,3121124,0,uvm_report_server
RUN-002361,mixed_rw_test-002361,528981449,PASS,pass,NONE,,,,0,0,0,0,0,4.04,31.93,4043289,0,uvm_report_server
RUN-002362,garbage_collect_test-002362,1499492767,PASS,pass,NONE,,,,0,1,0,0,0,4.04,63.5,2425618,0,uvm_report_server
RUN-002363,mixed_rw_test-002363,1654260271,PASS,pass,NONE,,,,0,1,0,0,0,39.22,3.46,31378144,0,uvm_report_server
RUN-002364,random_read_test-002364,1273761574,PASS,pass,NONE,,,,0,1,0,0,0,76.94,54.08,30774949,0,uvm_report_server
RUN-002365,power_cycle_test-002365,1862320382,PASS,pass,NONE,,,,0,0,0,0,0,209.69,37.97,125812728,0,uvm_report_server
RUN-002366,back_to_back_program_test-002366,1640400363,FAIL,fail,FIFO_OVERFLOW,E_FIFO_0x21,FIFO_OVERFLOW,75210,4,1,0,1,0,79.21,13.94,79208710,1,uvm_report_server
RUN-002367,garbage_collect_test-002367,1265820839,PASS,pass,NONE,,,,0,0,0,0,0,45.15,10.91,27088015,0,uvm_report_server
RUN-002368,erase_suspend_test-002368,1154091116,FAIL,fail,DATA_MISMATCH,E_CMP_0x11,DATA_MISMATCH,10820,2,1,0,0,1,14.82,32.04,17779382,1,uvm_report_server
RUN-002369,read_disturb_test-002369,2028808553,FAIL,fail,ASSERTION_FAIL,E_ASRT_0x60,ASSERTION_FAIL,2500,4,0,0,1,0,2.04,4.05,1632646,1,uvm_report_server
RUN-002370,mixed_rw_test-002370,1184679610,PASS,pass,NONE,,,,0,0,0,0,0,36.24,28.16,36236156,0,uvm_report_server
RUN-002371,power_cycle_test-002371,17533309,PASS,pass,NONE,,,,0,0,0,0,0,5.83,47.13,5827986,0,uvm_report_server
RUN-002372,mixed_rw_test-002372,69650771,PASS,pass,NONE,,,,0,0,0,0,0,152.49,13.11,91495667,0,uvm_report_server
RUN-002373,power_cycle_test-002373,1978057347,PASS,pass,NONE,,,,0,0,0,0,0,14.66,71.56,11724355,0,uvm_report_server
RUN-002374,back_to_back_program_test-002374,871155509,PASS,pass,NONE,,,,0,0,0,0,0,47.28,5.51,47282588,0,uvm_report_server
RUN-002375,random_read_test-002375,426290050,PASS,pass,NONE,,,,0,1,0,0,0,7.78,17.1,4666614,0,uvm_report_server
RUN-002376,power_cycle_test-002376,1082184233,PASS,pass,NONE,,,,0,0,0,0,0,1.97,16.43,1572691,0,uvm_report_server
RUN-002377,erase_suspend_test-002377,1366131039,PASS,pass,NONE,,,,0,1,0,0,0,5.27,52.97,6323992,0,uvm_report_server
RUN-002378,power_cycle_test-002378,1068351707,PASS,pass,NONE,,,,0,1,0,0,0,145.98,6.63,87586927,0,uvm_report_server
RUN-002379,back_to_back_program_test-002379,350615299,PASS,pass,NONE,,,,0,0,0,0,0,15.15,33.35,12117682,0,uvm_report_server
RUN-002380,garbage_collect_test-002380,1528752672,PASS,pass,NONE,,,,0,0,0,0,0,108.38,41.04,86701052,0,uvm_report_server
RUN-002381,read_disturb_test-002381,2099655840,PASS,pass,NONE,,,,0,1,0,0,0,24.99,2.78,9996125,0,uvm_report_server
RUN-002382,power_cycle_test-002382,261660987,PASS,pass,NONE,,,,0,1,0,0,0,62.58,8.93,62579155,0,uvm_report_server
RUN-002383,power_cycle_test-002383,1985103046,PASS,pass,NONE,,,,0,1,0,0,0,37.84,108.29,30268533,0,uvm_report_server
RUN-002384,random_read_test-002384,971681084,PASS,pass,NONE,,,,0,1,0,0,0,15.42,16.54,12336845,0,uvm_report_server
RUN-002385,garbage_collect_test-002385,1021038879,PASS,pass,NONE,,,,0,0,0,0,0,1.38,45.86,1657440,0,uvm_report_server
RUN-002386,sequential_write_test-002386,1736796214,PASS,pass,NONE,,,,0,1,0,0,0,17.33,7.47,13867671,0,uvm_report_server
RUN-002387,garbage_collect_test-002387,421419687,PASS,pass,NONE,,,,0,0,0,0,0,24.0,5.74,9601458,0,uvm_report_server
RUN-002388,read_disturb_test-002388,2010228718,PASS,pass,NONE,,,,0,0,0,0,0,95.89,10.77,76708369,0,uvm_report_server
RUN-002389,mixed_rw_test-002389,1685328270,PASS,pass,NONE,,,,0,0,0,0,0,7.34,76.12,7343925,0,uvm_report_server
RUN-002390,erase_suspend_test-002390,1730059769,PASS,pass,NONE,,,,0,1,0,0,0,10.91,3.18,4362606,0,uvm_report_server
RUN-002391,erase_suspend_test-002391,811722216,PASS,pass,NONE,,,,0,1,0,0,0,395.64,41.26,316515992,0,uvm_report_server
RUN-002392,back_to_back_program_test-002392,1323909201,FAIL,fail,FIFO_OVERFLOW,E_FIFO_0x21,FIFO_OVERFLOW,51860,3,1,0,0,0,55.86,22.5,44688426,1,uvm_report_server
RUN-002393,sequential_write_test-002393,1777745837,PASS,pass,NONE,,,,0,1,0,0,0,1.15,14.13,1377804,0,uvm_report_server
RUN-002394,mixed_rw_test-002394,1736170730,PASS,pass,NONE,,,,0,0,0,0,0,80.4,12.1,64323510,0,uvm_report_server
RUN-002395,mixed_rw_test-002395,1258952707,PASS,pass,NONE,,,,0,1,0,0,0,1.7,289.87,1701459,0,uvm_report_server
RUN-002396,back_to_back_program_test-002396,31204590,FAIL,fail,PROTOCOL_VIOLATION,E_PROT_0x52,PROTOCOL_VIOLATION,243640,3,1,1,1,0,247.64,31.48,99055059,1,uvm_report_server
RUN-002397,back_to_back_program_test-002397,1075973065,PASS,pass,NONE,,,,0,0,0,0,0,5.63,169.59,3375578,0,uvm_report_server
RUN-002398,sequential_write_test-002398,720113314,FAIL,fail,DATA_MISMATCH,E_CMP_0x11,DATA_MISMATCH,81530,2,1,0,1,1,85.53,0.89,68424854,1,uvm_report_server
RUN-002399,back_to_back_program_test-002399,1069152271,FAIL,fail,TIMEOUT,E_TMO_0x40,TIMEOUT,1973370,3,1,1,0,0,1977.37,0.04,1977373877,1,uvm_report_server
RUN-002400,back_to_back_program_test-002400,1211402108,PASS,pass,NONE,,,,0,1,0,0,0,14.62,8.93,11695379,0,uvm_report_server
RUN-002401,sequential_write_test-002401,664512528,PASS,pass,NONE,,,,0,0,0,0,0,24.06,5.56,9625785,0,uvm_report_server
RUN-002402,random_read_test-002402,1054241819,PASS,pass,NONE,,,,0,0,0,0,0,1.79,8.79,1430941,0,uvm_report_server
RUN-002403,power_cycle_test-002403,1589187814,FAIL,fail,TIMEOUT,E_TMO_0x40,TIMEOUT,1973150,1,0,1,0,0,1977.15,0.07,1977148407,1,uvm_report_server
RUN-002404,random_read_test-002404,2094235196,PASS,pass,NONE,,,,0,0,0,0,0,2.81,5.92,3366356,0,uvm_report_server
RUN-002405,back_to_back_program_test-002405,331034186,PASS,pass,NONE,,,,0,0,0,0,0,18.98,229.26,18980433,0,uvm_report_server
RUN-002406,mixed_rw_test-002406,1088620324,PASS,pass,NONE,,,,0,0,0,0,0,23.16,43.49,27795135,0,uvm_report_server
RUN-002407,back_to_back_program_test-002407,530231794,PASS,pass,NONE,,,,0,1,0,0,0,11.93,81.75,9543047,0,uvm_report_server
RUN-002408,erase_suspend_test-002408,1320203250,PASS,pass,NONE,,,,0,1,0,0,0,66.48,8.3,66478096,0,uvm_report_server
RUN-002409,back_to_back_program_test-002409,777067619,FAIL,fail,TIMEOUT,E_TMO_0x40,TIMEOUT,1986870,3,0,1,0,0,1990.87,0.16,1990866343,1,uvm_report_server
RUN-002410,power_cycle_test-002410,642607255,PASS,pass,NONE,,,,0,1,0,0,0,6.08,42.03,7293855,0,uvm_report_server
RUN-002411,sequential_write_test-002411,143483955,PASS,pass,NONE,,,,0,0,0,0,0,22.63,5.47,13575704,0,uvm_report_server
RUN-002412,garbage_collect_test-002412,1986891479,PASS,pass,NONE,,,,0,0,0,0,0,3.9,246.95,4674491,0,uvm_report_server
RUN-002413,back_to_back_program_test-002413,1243735066,PASS,pass,NONE,,,,0,0,0,0,0,17.88,118.82,10728411,0,uvm_report_server
RUN-002414,erase_suspend_test-002414,414761262,PASS,pass,NONE,,,,0,0,0,0,0,6.67,279.61,6670043,0,uvm_report_server
RUN-002415,erase_suspend_test-002415,800133004,PASS,pass,NONE,,,,0,0,0,0,0,38.33,27.72,30663693,0,uvm_report_server
RUN-002416,sequential_write_test-002416,1117245913,PASS,pass,NONE,,,,0,0,0,0,0,2.93,90.4,2344763,0,uvm_report_server
RUN-002417,random_read_test-002417,1584184125,FAIL,fail,ECC_UNCORRECTABLE,E_ECC_0x33,ECC_UNCORRECTABLE,203300,1,0,0,0,1,207.3,6.05,165838932,1,uvm_report_server
RUN-002418,read_disturb_test-002418,1577972510,FAIL,fail,TIMEOUT,E_TMO_0x40,TIMEOUT,1978420,3,0,1,1,0,1982.42,0.05,1982420434,1,uvm_report_server
RUN-002419,garbage_collect_test-002419,974923196,PASS,pass,NONE,,,,0,0,0,0,0,58.68,8.82,35209078,0,uvm_report_server
RUN-002420,power_cycle_test-002420,1307537579,PASS,pass,NONE,,,,0,1,0,0,0,4.54,7.18,5450873,0,uvm_report_server
RUN-002421,mixed_rw_test-002421,1511767820,PASS,pass,NONE,,,,0,1,0,0,0,6.17,162.54,6173224,0,uvm_report_server
RUN-002422,random_read_test-002422,977660333,PASS,pass,NONE,,,,0,0,0,0,0,4.35,55.51,4348075,0,uvm_report_server
RUN-002423,random_read_test-002423,1323079738,FAIL,fail,TIMEOUT,E_TMO_0x40,TIMEOUT,1968900,4,1,1,1,0,1972.9,0.01,1972899236,1,uvm_report_server
RUN-002424,sequential_write_test-002424,190763061,PASS,pass,NONE,,,,0,0,0,0,0,86.6,11.25,86602720,0,uvm_report_server
RUN-002425,random_read_test-002425,1472831919,FAIL,fail,ECC_UNCORRECTABLE,E_ECC_0x33,ECC_UNCORRECTABLE,20380,3,1,0,0,1,24.38,28.28,29253578,1,uvm_report_server
RUN-002426,sequential_write_test-002426,788966074,FAIL,fail,DATA_MISMATCH,E_CMP_0x11,DATA_MISMATCH,2500,2,0,0,1,1,5.01,82.13,3007046,1,uvm_report_server
RUN-002427,read_disturb_test-002427,1083395518,PASS,pass,NONE,,,,0,0,0,0,0,53.46,73.93,32073518,0,uvm_report_server
RUN-002428,random_read_test-002428,969583004,PASS,pass,NONE,,,,0,0,0,0,0,42.44,3.23,25464364,0,uvm_report_server
RUN-002429,read_disturb_test-002429,1613279865,PASS,pass,NONE,,,,0,0,0,0,0,318.07,3.22,127226105,0,uvm_report_server
RUN-002430,back_to_back_program_test-002430,1041164754,PASS,pass,NONE,,,,0,0,0,0,0,5.48,24.62,3289877,0,uvm_report_server
RUN-002431,power_cycle_test-002431,316257286,PASS,pass,NONE,,,,0,0,0,0,0,9.56,13.29,11468474,0,uvm_report_server
RUN-002432,back_to_back_program_test-002432,1479089675,PASS,pass,NONE,,,,0,0,0,0,0,59.91,9.37,47927607,0,uvm_report_server
RUN-002433,sequential_write_test-002433,2080529464,PASS,pass,NONE,,,,0,0,0,0,0,69.75,7.06,69753666,0,uvm_report_server
RUN-002434,back_to_back_program_test-002434,929069126,PASS,pass,NONE,,,,0,0,0,0,0,9.47,3.4,11368155,0,uvm_report_server
RUN-002435,mixed_rw_test-002435,482299221,PASS,pass,NONE,,,,0,0,0,0,0,43.3,5.98,34637484,0,uvm_report_server
RUN-002436,sequential_write_test-002436,1283146461,FAIL,fail,DATA_MISMATCH,E_CMP_0x11,DATA_MISMATCH,2500,1,0,0,0,1,4.56,150.94,3647609,1,uvm_report_server
RUN-002437,read_disturb_test-002437,1929181949,PASS,pass,NONE,,,,0,0,0,0,0,9.72,203.84,11665789,0,uvm_report_server
RUN-002438,mixed_rw_test-002438,290823102,PASS,pass,NONE,,,,0,0,0,0,0,70.93,1.76,56746457,0,uvm_report_server
RUN-002439,read_disturb_test-002439,1234393448,FAIL,fail,TIMEOUT,E_TMO_0x40,TIMEOUT,1995190,1,0,1,0,0,1999.19,2.77,1999194547,1,uvm_report_server
RUN-002440,back_to_back_program_test-002440,1147347091,PASS,pass,NONE,,,,0,1,0,0,0,23.57,2.8,18853360,0,uvm_report_server
RUN-002441,sequential_write_test-002441,1547347184,PASS,pass,NONE,,,,0,0,0,0,0,110.2,5.07,44080138,0,uvm_report_server
RUN-002442,back_to_back_program_test-002442,52056417,PASS,pass,NONE,,,,0,0,0,0,0,38.34,1.79,15335288,0,uvm_report_server
RUN-002443,power_cycle_test-002443,943933535,FAIL,fail,RETENTION_FAIL,E_RET_0x71,RETENTION_FAIL,17450,1,0,0,0,1,21.45,2.45,17161029,1,uvm_report_server
RUN-002444,back_to_back_program_test-002444,711431729,FAIL,fail,TIMEOUT,E_TMO_0x40,TIMEOUT,1957410,3,1,1,0,0,1961.41,0.17,1961408313,1,uvm_report_server
RUN-002445,back_to_back_program_test-002445,1636858249,PASS,pass,NONE,,,,0,0,0,0,0,218.92,18.32,175139602,0,uvm_report_server
RUN-002446,garbage_collect_test-002446,1788300428,PASS,pass,NONE,,,,0,0,0,0,0,172.58,6.11,138064388,0,uvm_report_server
RUN-002447,garbage_collect_test-002447,470049486,FAIL,fail,DATA_MISMATCH,E_CMP_0x11,DATA_MISMATCH,3330,3,1,0,1,1,7.33,21.38,5866819,1,uvm_report_server
RUN-002448,back_to_back_program_test-002448,1508007686,PASS,pass,NONE,,,,0,0,0,0,0,49.01,5.37,39206039,0,uvm_report_server
RUN-002449,sequential_write_test-002449,1541101570,FAIL,fail,THERMAL_SHUTDOWN,E_THRM_0x80,THERMAL_SHUTDOWN,11780,4,0,0,1,0,15.78,1.06,6312603,1,uvm_report_server
RUN-002450,random_read_test-002450,195590430,PASS,pass,NONE,,,,0,1,0,0,0,2.66,25.48,2124013,0,uvm_report_server
RUN-002451,random_read_test-002451,712028485,PASS,pass,NONE,,,,0,0,0,0,0,110.65,2.33,44261638,0,uvm_report_server
RUN-002452,garbage_collect_test-002452,431535420,PASS,pass,NONE,,,,0,1,0,0,0,338.45,3.23,135378747,0,uvm_report_server
RUN-002453,read_disturb_test-002453,268741550,PASS,pass,NONE,,,,0,1,0,0,0,56.48,4.58,56478137,0,uvm_report_server
RUN-002454,sequential_write_test-002454,212589612,PASS,pass,NONE,,,,0,0,0,0,0,3.28,5.08,3936218,0,uvm_report_server
RUN-002455,mixed_rw_test-002455,577282699,PASS,pass,NONE,,,,0,0,0,0,0,16.16,16.8,16163046,0,uvm_report_server
RUN-002456,back_to_back_program_test-002456,597278449,FAIL,fail,FIFO_OVERFLOW,E_FIFO_0x21,FIFO_OVERFLOW,40340,1,0,0,0,0,44.34,16.54,35475334,1,uvm_report_server
RUN-002457,back_to_back_program_test-002457,1864202487,FAIL,fail,FIFO_OVERFLOW,E_FIFO_0x21,FIFO_OVERFLOW,2500,1,0,0,0,0,3.31,41.11,1986492,1,uvm_report_server
RUN-002458,sequential_write_test-002458,2080516432,FAIL,fail,TIMEOUT,E_TMO_0x40,TIMEOUT,1965830,2,0,1,0,0,1969.83,0.04,2363792298,1,uvm_report_server
RUN-002459,random_read_test-002459,583195246,PASS,pass,NONE,,,,0,1,0,0,0,34.52,30.51,41423281,0,uvm_report_server
RUN-002460,back_to_back_program_test-002460,52522830,FAIL,fail,FIFO_OVERFLOW,E_FIFO_0x21,FIFO_OVERFLOW,11170,2,1,0,1,0,15.17,4.16,12136191,1,uvm_report_server
RUN-002461,read_disturb_test-002461,634598616,PASS,pass,NONE,,,,0,1,0,0,0,5.05,383.43,5051411,0,uvm_report_server
RUN-002462,back_to_back_program_test-002462,297145827,FAIL,fail,FIFO_OVERFLOW,E_FIFO_0x21,FIFO_OVERFLOW,21160,1,1,0,0,0,25.16,2.99,15097738,1,uvm_report_server
RUN-002463,erase_suspend_test-002463,1498213935,PASS,pass,NONE,,,,0,0,0,0,0,44.33,94.3,26599167,0,uvm_report_server
RUN-002464,mixed_rw_test-002464,625299031,PASS,pass,NONE,,,,0,1,0,0,0,56.26,5.01,22502006,0,uvm_report_server
RUN-002465,back_to_back_program_test-002465,129148073,FAIL,fail,FIFO_OVERFLOW,E_FIFO_0x21,FIFO_OVERFLOW,23990,4,1,0,1,0,27.99,2.69,22389874,1,uvm_report_server
RUN-002466,random_read_test-002466,1220568148,PASS,pass,NONE,,,,0,0,0,0,0,41.46,24.0,33167142,0,uvm_report_server
RUN-002467,read_disturb_test-002467,610076711,PASS,pass,NONE,,,,0,1,0,0,0,48.57,39.78,29144552,0,uvm_report_server
RUN-002468,back_to_back_program_test-002468,514914177,PASS,pass,NONE,,,,0,0,0,0,0,67.97,1.92,27188412,0,uvm_report_server
RUN-002469,read_disturb_test-002469,1150440783,PASS,pass,NONE,,,,0,0,0,0,0,93.82,1.47,37526129,0,uvm_report_server
RUN-002470,back_to_back_program_test-002470,1231326810,PASS,pass,NONE,,,,0,0,0,0,0,285.92,7.36,285915286,0,uvm_report_server
RUN-002471,power_cycle_test-002471,209769110,PASS,pass,NONE,,,,0,0,0,0,0,1.76,270.35,1406102,0,uvm_report_server
RUN-002472,random_read_test-002472,1845965423,PASS,pass,NONE,,,,0,1,0,0,0,3.66,282.91,2195403,0,uvm_report_server
RUN-002473,read_disturb_test-002473,1833121531,PASS,pass,NONE,,,,0,0,0,0,0,7.56,73.42,7555259,0,uvm_report_server
RUN-002474,erase_suspend_test-002474,63551110,PASS,pass,NONE,,,,0,0,0,0,0,135.31,126.0,81183103,0,uvm_report_server
RUN-002475,erase_suspend_test-002475,1718854043,PASS,pass,NONE,,,,0,0,0,0,0,130.68,34.27,52272428,0,uvm_report_server
RUN-002476,power_cycle_test-002476,671846155,PASS,pass,NONE,,,,0,0,0,0,0,3.48,159.36,4170590,0,uvm_report_server
RUN-002477,erase_suspend_test-002477,1977203364,FAIL,fail,DATA_MISMATCH,E_CMP_0x11,DATA_MISMATCH,2500,3,0,0,0,1,5.29,0.78,4232003,1,uvm_report_server
RUN-002478,mixed_rw_test-002478,432401799,FAIL,fail,THERMAL_SHUTDOWN,E_THRM_0x80,THERMAL_SHUTDOWN,2580,3,1,0,0,0,6.58,27.85,5267580,1,uvm_report_server
RUN-002479,power_cycle_test-002479,2110985608,FAIL,fail,DATA_MISMATCH,E_CMP_0x11,DATA_MISMATCH,2500,1,0,0,0,1,4.62,16.39,1846381,1,uvm_report_server
RUN-002480,mixed_rw_test-002480,112960529,PASS,pass,NONE,,,,0,0,0,0,0,6.76,10.39,4058557,0,uvm_report_server
RUN-002481,read_disturb_test-002481,1606780645,PASS,pass,NONE,,,,0,0,0,0,0,87.42,0.74,52452562,0,uvm_report_server
RUN-002482,sequential_write_test-002482,96896401,FAIL,fail,DATA_MISMATCH,E_CMP_0x11,DATA_MISMATCH,2500,3,1,0,1,1,2.96,14.53,1778964,1,uvm_report_server
RUN-002483,sequential_write_test-002483,1163266796,PASS,pass,NONE,,,,0,0,0,0,0,11.37,11.41,4546702,0,uvm_report_server
RUN-002484,back_to_back_program_test-002484,889437118,PASS,pass,NONE,,,,0,0,0,0,0,25.94,9.74,31130660,0,uvm_report_server
RUN-002485,back_to_back_program_test-002485,1433043355,FAIL,fail,FIFO_OVERFLOW,E_FIFO_0x21,FIFO_OVERFLOW,50920,3,1,0,0,0,54.92,54.03,43935929,1,uvm_report_server
RUN-002486,garbage_collect_test-002486,1010928998,PASS,pass,NONE,,,,0,0,0,0,0,13.51,9.77,8108530,0,uvm_report_server
RUN-002487,sequential_write_test-002487,979190193,PASS,pass,NONE,,,,0,1,0,0,0,43.02,13.12,43024547,0,uvm_report_server
RUN-002488,sequential_write_test-002488,43539803,PASS,pass,NONE,,,,0,0,0,0,0,22.56,97.72,13534423,0,uvm_report_server
RUN-002489,erase_suspend_test-002489,575497383,PASS,pass,NONE,,,,0,1,0,0,0,41.69,24.3,25013274,0,uvm_report_server
RUN-002490,random_read_test-002490,1108756593,PASS,pass,NONE,,,,0,0,0,0,0,8.17,121.19,8170001,0,uvm_report_server
RUN-002491,read_disturb_test-002491,1076332731,FAIL,fail,TIMEOUT,E_TMO_0x40,TIMEOUT,1958290,2,0,1,0,0,1962.29,0.05,1962291981,1,uvm_report_server
RUN-002492,read_disturb_test-002492,1174907136,PASS,pass,NONE,,,,0,1,0,0,0,42.97,49.99,42967794,0,uvm_report_server
RUN-002493,garbage_collect_test-002493,165508103,PASS,pass,NONE,,,,0,0,0,0,0,14.46,4.48,11566977,0,uvm_report_server
RUN-002494,back_to_back_program_test-002494,681213244,FAIL,fail,FIFO_OVERFLOW,E_FIFO_0x21,FIFO_OVERFLOW,25590,3,0,0,0,0,29.59,6.9,23674256,1,uvm_report_server
RUN-002495,back_to_back_program_test-002495,1474622042,PASS,pass,NONE,,,,0,1,0,0,0,3.84,31.38,4609723,0,uvm_report_server
RUN-002496,back_to_back_program_test-002496,251809385,PASS,pass,NONE,,,,0,0,0,0,0,32.62,1.08,19570266,0,uvm_report_server
RUN-002497,back_to_back_program_test-002497,726915857,PASS,pass,NONE,,,,0,0,0,0,0,6.27,10.62,7528328,0,uvm_report_server
RUN-002498,sequential_write_test-002498,1219009790,PASS,pass,NONE,,,,0,0,0,0,0,115.46,18.1,115461712,0,uvm_report_server
RUN-002499,power_cycle_test-002499,879069126,PASS,pass,NONE,,,,0,1,0,0,0,118.52,18.91,142225674,0,uvm_report_server
RUN-002500,garbage_collect_test-002500,603196725,PASS,pass,NONE,,,,0,0,0,0,0,1.56,41.22,1875066,0,uvm_report_server
RUN-002501,random_read_test-002501,1846557004,PASS,pass,NONE,,,,0,0,0,0,0,19.56,6.35,11735156,0,uvm_report_server
RUN-002502,random_read_test-002502,148834037,PASS,pass,NONE,,,,0,0,0,0,0,8.48,3.96,6786730,0,uvm_report_server
RUN-002503,garbage_collect_test-002503,1559616403,PASS,pass,NONE,,,,0,0,0,0,0,32.09,4.19,32091573,0,uvm_report_server
RUN-002504,sequential_write_test-002504,1721486416,PASS,pass,NONE,,,,0,0,0,0,0,11.24,95.66,13488869,0,uvm_report_server
RUN-002505,random_read_test-002505,829626870,PASS,pass,NONE,,,,0,0,0,0,0,15.69,124.2,15686316,0,uvm_report_server
RUN-002506,erase_suspend_test-002506,1784898940,FAIL,fail,TIMEOUT,E_TMO_0x40,TIMEOUT,1986310,2,0,1,1,0,1990.31,0.1,2388374778,1,uvm_report_server
RUN-002507,back_to_back_program_test-002507,1630673117,FAIL,fail,FIFO_OVERFLOW,E_FIFO_0x21,FIFO_OVERFLOW,36430,2,1,0,0,0,40.43,4.09,48521042,1,uvm_report_server
RUN-002508,back_to_back_program_test-002508,755399244,PASS,pass,NONE,,,,0,0,0,0,0,164.61,98.49,197530827,0,uvm_report_server
RUN-002509,erase_suspend_test-002509,1970309502,PASS,pass,NONE,,,,0,0,0,0,0,141.1,7.2,84658368,0,uvm_report_server
RUN-002510,random_read_test-002510,2115734696,FAIL,fail,TIMEOUT,E_TMO_0x40,TIMEOUT,1971780,3,1,1,0,0,1975.78,0.07,2370933484,1,uvm_report_server
RUN-002511,garbage_collect_test-002511,318108449,PASS,pass,NONE,,,,0,0,0,0,0,327.51,1.58,327513467,0,uvm_report_server
RUN-002512,random_read_test-002512,1401026865,PASS,pass,NONE,,,,0,0,0,0,0,27.53,17.55,16520467,0,uvm_report_server
RUN-002513,back_to_back_program_test-002513,1373598435,PASS,pass,NONE,,,,0,0,0,0,0,9.19,14.75,7355750,0,uvm_report_server
RUN-002514,back_to_back_program_test-002514,1705264522,FAIL,fail,FIFO_OVERFLOW,E_FIFO_0x21,FIFO_OVERFLOW,11070,1,1,0,0,0,15.07,0.86,15069941,1,uvm_report_server
RUN-002515,garbage_collect_test-002515,1314115662,PASS,pass,NONE,,,,0,0,0,0,0,86.59,3.22,86589126,0,uvm_report_server
RUN-002516,back_to_back_program_test-002516,1328886216,PASS,pass,NONE,,,,0,1,0,0,0,2.52,25.55,1512022,0,uvm_report_server
RUN-002517,sequential_write_test-002517,1535846886,FAIL,fail,PROTOCOL_VIOLATION,E_PROT_0x52,PROTOCOL_VIOLATION,5350,3,0,1,1,0,9.35,489.75,7477726,1,uvm_report_server
RUN-002518,back_to_back_program_test-002518,643274199,FAIL,fail,ECC_UNCORRECTABLE,E_ECC_0x33,ECC_UNCORRECTABLE,31490,1,0,0,0,1,35.49,19.85,21293557,1,uvm_report_server
RUN-002519,back_to_back_program_test-002519,1397067586,FAIL,fail,FIFO_OVERFLOW,E_FIFO_0x21,FIFO_OVERFLOW,11360,3,0,0,1,0,15.36,0.6,18435985,1,uvm_report_server
RUN-002520,erase_suspend_test-002520,34969058,FAIL,fail,PROTOCOL_VIOLATION,E_PROT_0x52,PROTOCOL_VIOLATION,35040,2,0,1,0,0,39.04,192.78,39044830,1,uvm_report_server
RUN-002521,sequential_write_test-002521,142824390,PASS,pass,NONE,,,,0,1,0,0,0,37.31,3.56,29849277,0,uvm_report_server
RUN-002522,sequential_write_test-002522,781126460,PASS,pass,NONE,,,,0,1,0,0,0,4.74,14.31,3794210,0,uvm_report_server
RUN-002523,read_disturb_test-002523,1520340948,PASS,pass,NONE,,,,0,0,0,0,0,94.73,2.75,75786982,0,uvm_report_server
RUN-002524,sequential_write_test-002524,1044844824,PASS,pass,NONE,,,,0,0,0,0,0,28.52,9.36,28522139,0,uvm_report_server
RUN-002525,garbage_collect_test-002525,594181669,PASS,pass,NONE,,,,0,0,0,0,0,16.46,14.66,16463808,0,uvm_report_server
RUN-002526,garbage_collect_test-002526,916238035,PASS,pass,NONE,,,,0,1,0,0,0,56.22,9.81,56223957,0,uvm_report_server
RUN-002527,power_cycle_test-002527,1401827844,PASS,pass,NONE,,,,0,0,0,0,0,11.03,376.05,8826118,0,uvm_report_server
RUN-002528,sequential_write_test-002528,1851598606,PASS,pass,NONE,,,,0,0,0,0,0,1.0,65.51,1200000,0,uvm_report_server
RUN-002529,read_disturb_test-002529,1022103628,PASS,pass,NONE,,,,0,0,0,0,0,7.55,2.04,9061318,0,uvm_report_server
RUN-002530,mixed_rw_test-002530,502629190,PASS,pass,NONE,,,,0,1,0,0,0,27.91,2.25,11165252,0,uvm_report_server
RUN-002531,random_read_test-002531,1874286799,PASS,pass,NONE,,,,0,1,0,0,0,30.37,2.07,36448367,0,uvm_report_server
RUN-002532,erase_suspend_test-002532,182690253,PASS,pass,NONE,,,,0,0,0,0,0,7.19,279.41,7185273,0,uvm_report_server
RUN-002533,random_read_test-002533,1106136565,PASS,pass,NONE,,,,0,0,0,0,0,22.1,194.63,13258974,0,uvm_report_server
RUN-002534,erase_suspend_test-002534,1466236739,FAIL,fail,TIMEOUT,E_TMO_0x40,TIMEOUT,1963290,3,0,1,0,0,1967.29,0.08,1967294363,1,uvm_report_server
RUN-002535,random_read_test-002535,569974388,FAIL,fail,THERMAL_SHUTDOWN,E_THRM_0x80,THERMAL_SHUTDOWN,26170,1,0,0,0,0,30.17,2.64,30174622,1,uvm_report_server
RUN-002536,power_cycle_test-002536,1085551484,PASS,pass,NONE,,,,0,1,0,0,0,1.91,7.99,1529688,0,uvm_report_server
RUN-002537,erase_suspend_test-002537,1486709277,PASS,pass,NONE,,,,0,0,0,0,0,7.45,16.45,4472291,0,uvm_report_server
RUN-002538,random_read_test-002538,442245473,PASS,pass,NONE,,,,0,0,0,0,0,56.04,9.72,33622570,0,uvm_report_server
RUN-002539,back_to_back_program_test-002539,1074345468,PASS,pass,NONE,,,,0,1,0,0,0,81.97,11.88,49183654,0,uvm_report_server
RUN-002540,random_read_test-002540,1578477013,PASS,pass,NONE,,,,0,0,0,0,0,1.48,10.32,887429,0,uvm_report_server
RUN-002541,random_read_test-002541,1984251190,PASS,pass,NONE,,,,0,1,0,0,0,4.77,50.53,5723329,0,uvm_report_server
RUN-002542,garbage_collect_test-002542,417869622,FAIL,fail,ASSERTION_FAIL,E_ASRT_0x60,ASSERTION_FAIL,16910,3,0,0,1,0,20.91,68.56,8364148,1,uvm_report_server
RUN-002543,sequential_write_test-002543,16614582,PASS,pass,NONE,,,,0,0,0,0,0,1.26,97.58,1507124,0,uvm_report_server
RUN-002544,mixed_rw_test-002544,1630987856,PASS,pass,NONE,,,,0,1,0,0,0,4.0,16.02,3997442,0,uvm_report_server
RUN-002545,random_read_test-002545,1315111182,PASS,pass,NONE,,,,0,0,0,0,0,6.25,9.69,2498861,0,uvm_report_server
RUN-002546,erase_suspend_test-002546,848686033,PASS,pass,NONE,,,,0,1,0,0,0,2.08,2.07,1666187,0,uvm_report_server
RUN-002547,garbage_collect_test-002547,628118860,PASS,pass,NONE,,,,0,0,0,0,0,69.19,15.8,27675852,0,uvm_report_server
RUN-002548,sequential_write_test-002548,733764307,PASS,pass,NONE,,,,0,1,0,0,0,101.88,1.32,101879668,0,uvm_report_server
RUN-002549,mixed_rw_test-002549,1832944194,FAIL,fail,ECC_UNCORRECTABLE,E_ECC_0x33,ECC_UNCORRECTABLE,143710,3,0,0,0,1,147.71,8.7,59085205,1,uvm_report_server
RUN-002550,random_read_test-002550,262268854,PASS,pass,NONE,,,,0,0,0,0,0,42.32,6.57,42321733,0,uvm_report_server
RUN-002551,random_read_test-002551,679308802,PASS,pass,NONE,,,,0,0,0,0,0,17.59,7.22,21102656,0,uvm_report_server
RUN-002552,back_to_back_program_test-002552,1480088201,FAIL,fail,ASSERTION_FAIL,E_ASRT_0x60,ASSERTION_FAIL,22860,2,0,0,1,0,26.86,13.91,32236930,1,uvm_report_server
RUN-002553,garbage_collect_test-002553,2024612073,PASS,pass,NONE,,,,0,1,0,0,0,9.67,113.02,7733617,0,uvm_report_server
RUN-002554,sequential_write_test-002554,429558925,PASS,pass,NONE,,,,0,0,0,0,0,41.27,3.16,24763568,0,uvm_report_server
RUN-002555,mixed_rw_test-002555,1492113520,FAIL,fail,RETENTION_FAIL,E_RET_0x71,RETENTION_FAIL,14390,2,0,0,0,1,18.39,16.98,11031857,1,uvm_report_server
RUN-002556,random_read_test-002556,99265176,PASS,pass,NONE,,,,0,0,0,0,0,54.97,4.6,21987382,0,uvm_report_server
RUN-002557,mixed_rw_test-002557,2015606690,FAIL,fail,ASSERTION_FAIL,E_ASRT_0x60,ASSERTION_FAIL,4210,1,0,0,0,0,8.21,145.21,6569595,1,uvm_report_server
RUN-002558,mixed_rw_test-002558,2001547708,PASS,pass,NONE,,,,0,0,0,0,0,2.16,7.78,2159033,0,uvm_report_server
RUN-002559,garbage_collect_test-002559,11059550,PASS,pass,NONE,,,,0,0,0,0,0,571.02,29.24,571023195,0,uvm_report_server
RUN-002560,back_to_back_program_test-002560,1169788681,PASS,pass,NONE,,,,0,0,0,0,0,13.0,314.48,5200814,0,uvm_report_server
RUN-002561,sequential_write_test-002561,1817095679,PASS,pass,NONE,,,,0,0,0,0,0,20.71,12.73,20713983,0,uvm_report_server
RUN-002562,sequential_write_test-002562,1761425686,PASS,pass,NONE,,,,0,0,0,0,0,61.52,32.81,61522379,0,uvm_report_server
RUN-002563,back_to_back_program_test-002563,1261442576,PASS,pass,NONE,,,,0,1,0,0,0,4.64,30.02,1854804,0,uvm_report_server
RUN-002564,read_disturb_test-002564,732576412,FAIL,fail,DATA_MISMATCH,E_CMP_0x11,DATA_MISMATCH,2500,3,1,0,1,1,1.0,74.17,800000,1,uvm_report_server
RUN-002565,random_read_test-002565,894964593,PASS,pass,NONE,,,,0,0,0,0,0,4.4,31.53,3517581,0,uvm_report_server
RUN-002566,mixed_rw_test-002566,829895761,PASS,pass,NONE,,,,0,0,0,0,0,1.61,163.54,1289650,0,uvm_report_server
RUN-002567,random_read_test-002567,463703281,PASS,pass,NONE,,,,0,0,0,0,0,2.26,56.3,2256368,0,uvm_report_server
RUN-002568,sequential_write_test-002568,1211242335,PASS,pass,NONE,,,,0,0,0,0,0,16.19,32.37,16189269,0,uvm_report_server
RUN-002569,random_read_test-002569,1151773783,FAIL,fail,THERMAL_SHUTDOWN,E_THRM_0x80,THERMAL_SHUTDOWN,12720,4,0,0,1,0,16.72,20.91,10030758,1,uvm_report_server
RUN-002570,power_cycle_test-002570,1091454888,PASS,pass,NONE,,,,0,1,0,0,0,14.01,9.91,14007713,0,uvm_report_server
RUN-002571,random_read_test-002571,1846434304,PASS,pass,NONE,,,,0,1,0,0,0,15.89,15.62,9535675,0,uvm_report_server
RUN-002572,back_to_back_program_test-002572,1091431754,PASS,pass,NONE,,,,0,0,0,0,0,18.68,105.11,14940350,0,uvm_report_server
RUN-002573,erase_suspend_test-002573,697283310,PASS,pass,NONE,,,,0,0,0,0,0,121.57,9.01,72941928,0,uvm_report_server
RUN-002574,read_disturb_test-002574,1623412650,PASS,pass,NONE,,,,0,1,0,0,0,7.84,35.45,7840341,0,uvm_report_server
RUN-002575,erase_suspend_test-002575,849022611,PASS,pass,NONE,,,,0,1,0,0,0,272.13,3.86,108850178,0,uvm_report_server
RUN-002576,garbage_collect_test-002576,88336926,PASS,pass,NONE,,,,0,0,0,0,0,122.1,36.92,97678865,0,uvm_report_server
RUN-002577,mixed_rw_test-002577,1924328644,PASS,pass,NONE,,,,0,0,0,0,0,79.38,49.26,47629842,0,uvm_report_server
RUN-002578,random_read_test-002578,1651150105,PASS,pass,NONE,,,,0,0,0,0,0,6.08,176.98,6083033,0,uvm_report_server
RUN-002579,mixed_rw_test-002579,736542544,FAIL,fail,THERMAL_SHUTDOWN,E_THRM_0x80,THERMAL_SHUTDOWN,15730,1,1,0,0,0,19.73,2.83,11836443,1,uvm_report_server
RUN-002580,random_read_test-002580,1171466116,PASS,pass,NONE,,,,0,1,0,0,0,28.41,17.61,11363919,0,uvm_report_server
RUN-002581,random_read_test-002581,1506146525,PASS,pass,NONE,,,,0,0,0,0,0,1.0,62.85,1000000,0,uvm_report_server
RUN-002582,erase_suspend_test-002582,84359660,PASS,pass,NONE,,,,0,1,0,0,0,30.32,8.23,36389603,0,uvm_report_server
RUN-002583,erase_suspend_test-002583,592797746,PASS,pass,NONE,,,,0,1,0,0,0,2.15,444.97,2147772,0,uvm_report_server
RUN-002584,erase_suspend_test-002584,799787943,PASS,pass,NONE,,,,0,0,0,0,0,5.56,22.29,3338218,0,uvm_report_server
RUN-002585,erase_suspend_test-002585,1227210344,PASS,pass,NONE,,,,0,0,0,0,0,116.19,4.65,46476583,0,uvm_report_server
RUN-002586,read_disturb_test-002586,834038582,PASS,pass,NONE,,,,0,1,0,0,0,141.53,7.77,84919150,0,uvm_report_server
RUN-002587,random_read_test-002587,2053218313,FAIL,fail,TIMEOUT,E_TMO_0x40,TIMEOUT,1983140,1,1,1,0,0,1987.14,0.52,1987139553,1,uvm_report_server
RUN-002588,random_read_test-002588,804725825,PASS,pass,NONE,,,,0,0,0,0,0,13.19,38.76,5274536,0,uvm_report_server
RUN-002589,power_cycle_test-002589,2031778137,PASS,pass,NONE,,,,0,1,0,0,0,12.34,329.95,14808826,0,uvm_report_server
RUN-002590,erase_suspend_test-002590,925305102,PASS,pass,NONE,,,,0,0,0,0,0,15.79,64.65,12633380,0,uvm_report_server
RUN-002591,random_read_test-002591,827789383,PASS,pass,NONE,,,,0,0,0,0,0,19.41,26.38,15530492,0,uvm_report_server
RUN-002592,mixed_rw_test-002592,553010410,PASS,pass,NONE,,,,0,1,0,0,0,51.2,2.7,51196678,0,uvm_report_server
RUN-002593,back_to_back_program_test-002593,2053055412,FAIL,fail,FIFO_OVERFLOW,E_FIFO_0x21,FIFO_OVERFLOW,2500,3,1,0,1,0,3.95,3.01,3949064,1,uvm_report_server
RUN-002594,back_to_back_program_test-002594,899532309,PASS,pass,NONE,,,,0,0,0,0,0,1.64,38.31,1640818,0,uvm_report_server
RUN-002595,mixed_rw_test-002595,1476048977,PASS,pass,NONE,,,,0,0,0,0,0,37.15,1.86,22292315,0,uvm_report_server
RUN-002596,random_read_test-002596,1618381523,PASS,pass,NONE,,,,0,1,0,0,0,5.95,89.77,4760370,0,uvm_report_server
RUN-002597,mixed_rw_test-002597,1938303207,PASS,pass,NONE,,,,0,1,0,0,0,311.58,1.7,124630166,0,uvm_report_server
RUN-002598,random_read_test-002598,1705483031,PASS,pass,NONE,,,,0,0,0,0,0,19.5,25.99,7800992,0,uvm_report_server
RUN-002599,back_to_back_program_test-002599,1159889615,PASS,pass,NONE,,,,0,0,0,0,0,78.91,222.52,63124520,0,uvm_report_server
RUN-002600,garbage_collect_test-002600,1798738829,PASS,pass,NONE,,,,0,0,0,0,0,75.56,6.77,45334093,0,uvm_report_server
RUN-002601,mixed_rw_test-002601,1019057233,PASS,pass,NONE,,,,0,1,0,0,0,76.9,110.8,61516483,0,uvm_report_server
RUN-002602,back_to_back_program_test-002602,357097439,FAIL,fail,FIFO_OVERFLOW,E_FIFO_0x21,FIFO_OVERFLOW,25120,2,1,0,1,0,29.12,42.49,34944482,1,uvm_report_server
RUN-002603,random_read_test-002603,903507504,PASS,pass,NONE,,,,0,0,0,0,0,81.94,25.66,49165670,0,uvm_report_server
RUN-002604,read_disturb_test-002604,2011040554,PASS,pass,NONE,,,,0,0,0,0,0,8.23,31.15,8233810,0,uvm_report_server
RUN-002605,garbage_collect_test-002605,1753392362,PASS,pass,NONE,,,,0,0,0,0,0,11.2,10.91,4478546,0,uvm_report_server
RUN-002606,random_read_test-002606,207813362,PASS,pass,NONE,,,,0,0,0,0,0,33.13,15.85,19877813,0,uvm_report_server
RUN-002607,erase_suspend_test-002607,506523776,PASS,pass,NONE,,,,0,0,0,0,0,3.51,156.91,2811843,0,uvm_report_server
RUN-002608,erase_suspend_test-002608,549625900,PASS,pass,NONE,,,,0,0,0,0,0,203.72,20.97,162978560,0,uvm_report_server
RUN-002609,mixed_rw_test-002609,1241886794,PASS,pass,NONE,,,,0,0,0,0,0,97.95,5.77,39181219,0,uvm_report_server
RUN-002610,random_read_test-002610,816158522,PASS,pass,NONE,,,,0,0,0,0,0,102.84,2.47,102835691,0,uvm_report_server
RUN-002611,mixed_rw_test-002611,1693713109,FAIL,fail,ASSERTION_FAIL,E_ASRT_0x60,ASSERTION_FAIL,57550,2,0,0,0,0,61.55,4.3,61547823,1,uvm_report_server
RUN-002612,power_cycle_test-002612,1044257904,PASS,pass,NONE,,,,0,0,0,0,0,14.8,72.66,17757791,0,uvm_report_server
RUN-002613,random_read_test-002613,328672988,PASS,pass,NONE,,,,0,0,0,0,0,328.69,27.45,262952797,0,uvm_report_server
RUN-002614,back_to_back_program_test-002614,1300101040,PASS,pass,NONE,,,,0,1,0,0,0,1.79,73.4,1434285,0,uvm_report_server
RUN-002615,random_read_test-002615,525691375,FAIL,fail,TIMEOUT,E_TMO_0x40,TIMEOUT,1973700,2,1,1,0,0,1977.7,0.15,1977700354,1,uvm_report_server
RUN-002616,random_read_test-002616,287208995,PASS,pass,NONE,,,,0,1,0,0,0,22.48,22.92,22479016,0,uvm_report_server
RUN-002617,erase_suspend_test-002617,1412833362,FAIL,fail,TIMEOUT,E_TMO_0x40,TIMEOUT,1985430,3,0,1,1,0,1989.43,0.01,1989428189,1,uvm_report_server
RUN-002618,back_to_back_program_test-002618,1219489961,FAIL,fail,FIFO_OVERFLOW,E_FIFO_0x21,FIFO_OVERFLOW,3620,2,0,0,0,0,7.62,3.3,6097605,1,uvm_report_server
RUN-002619,sequential_write_test-002619,887373567,PASS,pass,NONE,,,,0,0,0,0,0,121.02,1.12,48408556,0,uvm_report_server
RUN-002620,read_disturb_test-002620,979527884,PASS,pass,NONE,,,,0,0,0,0,0,18.42,3.52,14735260,0,uvm_report_server
RUN-002621,back_to_back_program_test-002621,2052583273,PASS,pass,NONE,,,,0,0,0,0,0,210.85,10.04,168676175,0,uvm_report_server
RUN-002622,random_read_test-002622,1951052142,PASS,pass,NONE,,,,0,0,0,0,0,36.69,55.97,36692209,0,uvm_report_server
RUN-002623,mixed_rw_test-002623,1323383099,PASS,pass,NONE,,,,0,0,0,0,0,2.64,12.31,2108663,0,uvm_report_server
RUN-002624,read_disturb_test-002624,1507113353,PASS,pass,NONE,,,,0,0,0,0,0,2.28,1.77,1820390,0,uvm_report_server
RUN-002625,sequential_write_test-002625,1263480983,PASS,pass,NONE,,,,0,1,0,0,0,106.85,38.51,64112341,0,uvm_report_server
RUN-002626,sequential_write_test-002626,757674852,PASS,pass,NONE,,,,0,0,0,0,0,1.0,61.28,800000,0,uvm_report_server
RUN-002627,erase_suspend_test-002627,1005900877,PASS,pass,NONE,,,,0,0,0,0,0,18.1,27.22,10861540,0,uvm_report_server
RUN-002628,sequential_write_test-002628,845239475,FAIL,fail,THERMAL_SHUTDOWN,E_THRM_0x80,THERMAL_SHUTDOWN,5520,1,0,0,0,0,9.52,43.22,3807472,1,uvm_report_server
RUN-002629,read_disturb_test-002629,1083215232,PASS,pass,NONE,,,,0,1,0,0,0,1.0,64.36,800000,0,uvm_report_server
RUN-002630,back_to_back_program_test-002630,1333182703,FAIL,fail,ECC_UNCORRECTABLE,E_ECC_0x33,ECC_UNCORRECTABLE,131710,3,0,0,0,1,135.71,85.12,108566255,1,uvm_report_server
RUN-002631,random_read_test-002631,1724540255,PASS,pass,NONE,,,,0,0,0,0,0,1.59,9.9,1270592,0,uvm_report_server
RUN-002632,sequential_write_test-002632,453304485,PASS,pass,NONE,,,,0,0,0,0,0,71.03,3.4,85238251,0,uvm_report_server
RUN-002633,random_read_test-002633,444766745,FAIL,fail,TIMEOUT,E_TMO_0x40,TIMEOUT,1971250,1,0,1,0,0,1975.25,0.02,1975249567,1,uvm_report_server
RUN-002634,back_to_back_program_test-002634,12158503,FAIL,fail,TIMEOUT,E_TMO_0x40,TIMEOUT,1968430,4,0,1,1,0,1972.43,0.08,2366918951,1,uvm_report_server
RUN-002635,back_to_back_program_test-002635,83436922,PASS,pass,NONE,,,,0,0,0,0,0,2.4,106.42,1920893,0,uvm_report_server
RUN-002636,random_read_test-002636,1237990960,PASS,pass,NONE,,,,0,1,0,0,0,99.73,10.14,79780811,0,uvm_report_server
RUN-002637,erase_suspend_test-002637,1653015059,FAIL,fail,DATA_MISMATCH,E_CMP_0x11,DATA_MISMATCH,2500,1,1,0,0,1,5.87,36.49,4693288,1,uvm_report_server
RUN-002638,sequential_write_test-002638,1747561275,PASS,pass,NONE,,,,0,0,0,0,0,13.38,4.97,16061876,0,uvm_report_server
RUN-002639,power_cycle_test-002639,84273855,FAIL,fail,TIMEOUT,E_TMO_0x40,TIMEOUT,1981280,2,0,1,0,0,1985.28,1.04,1985284698,1,uvm_report_server
RUN-002640,erase_suspend_test-002640,1134177273,PASS,pass,NONE,,,,0,0,0,0,0,44.63,1.43,17853786,0,uvm_report_server
RUN-002641,mixed_rw_test-002641,1306084745,FAIL,fail,DATA_MISMATCH,E_CMP_0x11,DATA_MISMATCH,2500,3,0,0,1,1,1.0,76.61,400000,1,uvm_report_server
RUN-002642,mixed_rw_test-002642,163437378,PASS,pass,NONE,,,,0,0,0,0,0,96.24,2.67,57745192,0,uvm_report_server
RUN-002643,back_to_back_program_test-002643,1486683661,FAIL,fail,TIMEOUT,E_TMO_0x40,TIMEOUT,1967620,1,0,1,0,0,1971.62,0.0,1971621863,1,uvm_report_server
RUN-002644,back_to_back_program_test-002644,1942074612,PASS,pass,NONE,,,,0,0,0,0,0,58.83,2.14,35300435,0,uvm_report_server
RUN-002645,sequential_write_test-002645,528010366,PASS,pass,NONE,,,,0,0,0,0,0,18.04,14.31,14428647,0,uvm_report_server
RUN-002646,back_to_back_program_test-002646,373289044,PASS,pass,NONE,,,,0,1,0,0,0,94.89,2.73,37957302,0,uvm_report_server
RUN-002647,mixed_rw_test-002647,269109758,PASS,pass,NONE,,,,0,0,0,0,0,59.44,2.33,47555312,0,uvm_report_server
RUN-002648,mixed_rw_test-002648,740999736,FAIL,fail,TIMEOUT,E_TMO_0x40,TIMEOUT,1970240,3,0,1,0,0,1974.24,0.02,1974236201,1,uvm_report_server
RUN-002649,read_disturb_test-002649,1129475224,PASS,pass,NONE,,,,0,0,0,0,0,1.0,123.87,800000,0,uvm_report_server
RUN-002650,mixed_rw_test-002650,199518166,PASS,pass,NONE,,,,0,0,0,0,0,245.07,34.19,294085327,0,uvm_report_server
RUN-002651,random_read_test-002651,924327858,PASS,pass,NONE,,,,0,0,0,0,0,6.65,20.9,5320683,0,uvm_report_server
RUN-002652,sequential_write_test-002652,907197308,PASS,pass,NONE,,,,0,0,0,0,0,84.67,11.53,84671700,0,uvm_report_server
RUN-002653,read_disturb_test-002653,575956925,PASS,pass,NONE,,,,0,0,0,0,0,3.33,9.41,3994839,0,uvm_report_server
RUN-002654,back_to_back_program_test-002654,197932194,FAIL,fail,FIFO_OVERFLOW,E_FIFO_0x21,FIFO_OVERFLOW,27400,3,1,0,0,0,31.4,0.76,12560041,1,uvm_report_server
RUN-002655,random_read_test-002655,821479286,PASS,pass,NONE,,,,0,1,0,0,0,15.61,69.77,6243925,0,uvm_report_server
RUN-002656,garbage_collect_test-002656,1297520008,PASS,pass,NONE,,,,0,0,0,0,0,8.25,2.01,6602723,0,uvm_report_server
RUN-002657,erase_suspend_test-002657,2130260616,PASS,pass,NONE,,,,0,0,0,0,0,3.51,74.55,4206841,0,uvm_report_server
RUN-002658,back_to_back_program_test-002658,1656893693,FAIL,fail,FIFO_OVERFLOW,E_FIFO_0x21,FIFO_OVERFLOW,63840,3,0,0,0,0,67.84,2.36,27134661,1,uvm_report_server
RUN-002659,back_to_back_program_test-002659,1002546699,PASS,pass,NONE,,,,0,0,0,0,0,130.42,3.77,104337139,0,uvm_report_server
RUN-002660,read_disturb_test-002660,147489329,FAIL,fail,PROTOCOL_VIOLATION,E_PROT_0x52,PROTOCOL_VIOLATION,2500,2,0,1,0,0,2.58,38.81,3100686,1,uvm_report_server
RUN-002661,back_to_back_program_test-002661,1450214242,PASS,pass,NONE,,,,0,0,0,0,0,129.49,0.94,129485120,0,uvm_report_server
RUN-002662,erase_suspend_test-002662,190366007,PASS,pass,NONE,,,,0,1,0,0,0,923.06,8.55,738446575,0,uvm_report_server
RUN-002663,power_cycle_test-002663,375833849,PASS,pass,NONE,,,,0,0,0,0,0,1.0,119.78,600000,0,uvm_report_server
RUN-002664,back_to_back_program_test-002664,238342671,PASS,pass,NONE,,,,0,1,0,0,0,122.9,1.15,49158811,0,uvm_report_server
RUN-002665,mixed_rw_test-002665,2034873254,PASS,pass,NONE,,,,0,0,0,0,0,3.28,19.74,2624503,0,uvm_report_server
RUN-002666,erase_suspend_test-002666,1391725868,PASS,pass,NONE,,,,0,0,0,0,0,1258.64,0.4,503454570,0,uvm_report_server
RUN-002667,mixed_rw_test-002667,7001501,PASS,pass,NONE,,,,0,1,0,0,0,8.49,28.56,10190553,0,uvm_report_server
RUN-002668,back_to_back_program_test-002668,2009396510,PASS,pass,NONE,,,,0,0,0,0,0,16.95,60.85,10172947,0,uvm_report_server
RUN-002669,back_to_back_program_test-002669,110432383,PASS,pass,NONE,,,,0,0,0,0,0,67.49,16.05,80991863,0,uvm_report_server
RUN-002670,power_cycle_test-002670,1289894259,PASS,pass,NONE,,,,0,0,0,0,0,18.66,28.17,14927332,0,uvm_report_server
RUN-002671,mixed_rw_test-002671,677963418,PASS,pass,NONE,,,,0,0,0,0,0,50.79,10.5,40632687,0,uvm_report_server
RUN-002672,sequential_write_test-002672,21801926,FAIL,fail,TIMEOUT,E_TMO_0x40,TIMEOUT,1968160,3,0,1,0,0,1972.16,0.28,1972158942,1,uvm_report_server
RUN-002673,sequential_write_test-002673,1610951069,PASS,pass,NONE,,,,0,1,0,0,0,207.84,39.98,166274573,0,uvm_report_server
RUN-002674,garbage_collect_test-002674,798248136,PASS,pass,NONE,,,,0,1,0,0,0,6.76,20.72,6760149,0,uvm_report_server
RUN-002675,power_cycle_test-002675,260571275,PASS,pass,NONE,,,,0,0,0,0,0,690.99,0.79,414594800,0,uvm_report_server
RUN-002676,random_read_test-002676,732193285,PASS,pass,NONE,,,,0,0,0,0,0,7.47,67.42,2986539,0,uvm_report_server
RUN-002677,garbage_collect_test-002677,1642374607,PASS,pass,NONE,,,,0,0,0,0,0,25.83,4.69,15499815,0,uvm_report_server
RUN-002678,erase_suspend_test-002678,1362925647,PASS,pass,NONE,,,,0,0,0,0,0,9.26,28.91,3702989,0,uvm_report_server
RUN-002679,erase_suspend_test-002679,1592590522,PASS,pass,NONE,,,,0,0,0,0,0,574.47,1.82,459578710,0,uvm_report_server
RUN-002680,garbage_collect_test-002680,865143575,FAIL,fail,TIMEOUT,E_TMO_0x40,TIMEOUT,1994460,2,0,1,1,0,1998.46,0.02,1998463071,1,uvm_report_server
RUN-002681,garbage_collect_test-002681,1143168291,PASS,pass,NONE,,,,0,0,0,0,0,1.06,62.47,1273482,0,uvm_report_server
RUN-002682,power_cycle_test-002682,1943871758,PASS,pass,NONE,,,,0,0,0,0,0,34.57,1.97,34568579,0,uvm_report_server
RUN-002683,read_disturb_test-002683,2139942746,FAIL,fail,TIMEOUT,E_TMO_0x40,TIMEOUT,1990790,2,1,1,0,0,1994.79,0.01,2393748858,1,uvm_report_server
RUN-002684,garbage_collect_test-002684,407176232,PASS,pass,NONE,,,,0,0,0,0,0,8.05,490.94,6437520,0,uvm_report_server
RUN-002685,power_cycle_test-002685,1816726054,PASS,pass,NONE,,,,0,0,0,0,0,177.46,3.12,141966579,0,uvm_report_server
RUN-002686,random_read_test-002686,1198008013,PASS,pass,NONE,,,,0,0,0,0,0,254.97,4.0,152979854,0,uvm_report_server
RUN-002687,mixed_rw_test-002687,1384662349,PASS,pass,NONE,,,,0,0,0,0,0,7.95,16.69,6359647,0,uvm_report_server
RUN-002688,erase_suspend_test-002688,158223617,PASS,pass,NONE,,,,0,1,0,0,0,14.41,36.68,5762791,0,uvm_report_server
RUN-002689,read_disturb_test-002689,812573460,FAIL,fail,PROTOCOL_VIOLATION,E_PROT_0x52,PROTOCOL_VIOLATION,16860,2,0,1,0,0,20.86,31.63,25031260,1,uvm_report_server
RUN-002690,read_disturb_test-002690,2082054307,PASS,pass,NONE,,,,0,0,0,0,0,13.66,2.21,8197541,0,uvm_report_server
RUN-002691,power_cycle_test-002691,2136382692,FAIL,fail,TIMEOUT,E_TMO_0x40,TIMEOUT,1977100,3,1,1,1,0,1981.1,0.12,2377321034,1,uvm_report_server
RUN-002692,random_read_test-002692,1576115445,PASS,pass,NONE,,,,0,0,0,0,0,1.0,273.03,1200000,0,uvm_report_server
RUN-002693,erase_suspend_test-002693,1070716020,PASS,pass,NONE,,,,0,0,0,0,0,9.22,55.32,5534990,0,uvm_report_server
RUN-002694,back_to_back_program_test-002694,427734203,PASS,pass,NONE,,,,0,1,0,0,0,463.2,4.57,277922065,0,uvm_report_server
RUN-002695,sequential_write_test-002695,185051383,PASS,pass,NONE,,,,0,0,0,0,0,27.15,37.9,10860358,0,uvm_report_server
RUN-002696,random_read_test-002696,970336740,PASS,pass,NONE,,,,0,0,0,0,0,748.64,11.07,299456567,0,uvm_report_server
RUN-002697,garbage_collect_test-002697,343035932,FAIL,fail,ASSERTION_FAIL,E_ASRT_0x60,ASSERTION_FAIL,2500,3,0,0,0,0,1.15,275.17,917694,1,uvm_report_server
RUN-002698,erase_suspend_test-002698,2021109729,PASS,pass,NONE,,,,0,1,0,0,0,6.83,9.01,6832805,0,uvm_report_server
RUN-002699,sequential_write_test-002699,2098966887,PASS,pass,NONE,,,,0,1,0,0,0,121.16,18.34,72694649,0,uvm_report_server
RUN-002700,erase_suspend_test-002700,1248691724,PASS,pass,NONE,,,,0,1,0,0,0,10.88,22.12,4351504,0,uvm_report_server
RUN-002701,mixed_rw_test-002701,1075870326,PASS,pass,NONE,,,,0,0,0,0,0,14.69,131.89,17628630,0,uvm_report_server
RUN-002702,power_cycle_test-002702,505605970,FAIL,fail,PROTOCOL_VIOLATION,E_PROT_0x52,PROTOCOL_VIOLATION,2500,3,0,1,1,0,1.26,778.23,1517028,1,uvm_report_server
RUN-002703,sequential_write_test-002703,1620076918,PASS,pass,NONE,,,,0,1,0,0,0,42.0,90.88,50403109,0,uvm_report_server
RUN-002704,random_read_test-002704,145344116,FAIL,fail,DATA_MISMATCH,E_CMP_0x11,DATA_MISMATCH,288570,2,0,0,0,1,292.57,2.4,117028408,1,uvm_report_server
RUN-002705,back_to_back_program_test-002705,1548719806,PASS,pass,NONE,,,,0,0,0,0,0,5.75,88.73,4599244,0,uvm_report_server
RUN-002706,back_to_back_program_test-002706,277574872,FAIL,fail,FIFO_OVERFLOW,E_FIFO_0x21,FIFO_OVERFLOW,47280,3,0,0,0,0,51.28,1.76,30769122,1,uvm_report_server
RUN-002707,read_disturb_test-002707,1910951210,FAIL,fail,THERMAL_SHUTDOWN,E_THRM_0x80,THERMAL_SHUTDOWN,19680,2,0,0,0,0,23.68,6.32,28418910,1,uvm_report_server
RUN-002708,back_to_back_program_test-002708,1147282260,FAIL,fail,FIFO_OVERFLOW,E_FIFO_0x21,FIFO_OVERFLOW,54440,1,1,0,0,0,58.44,0.35,35065676,1,uvm_report_server
RUN-002709,sequential_write_test-002709,1918908477,PASS,pass,NONE,,,,0,0,0,0,0,3.17,10.54,2539929,0,uvm_report_server
RUN-002710,mixed_rw_test-002710,1425959782,PASS,pass,NONE,,,,0,0,0,0,0,7.82,8.78,3126200,0,uvm_report_server
RUN-002711,power_cycle_test-002711,319941905,PASS,pass,NONE,,,,0,0,0,0,0,38.38,13.33,38377084,0,uvm_report_server
RUN-002712,sequential_write_test-002712,988797900,PASS,pass,NONE,,,,0,0,0,0,0,1.0,3.95,1000000,0,uvm_report_server
RUN-002713,sequential_write_test-002713,56926936,FAIL,fail,TIMEOUT,E_TMO_0x40,TIMEOUT,1983030,2,0,1,0,0,1987.03,0.07,1987034588,1,uvm_report_server
RUN-002714,read_disturb_test-002714,218003587,FAIL,fail,ECC_UNCORRECTABLE,E_ECC_0x33,ECC_UNCORRECTABLE,64000,1,1,0,0,1,68.0,15.22,81599596,1,uvm_report_server
RUN-002715,back_to_back_program_test-002715,449397038,FAIL,fail,RETENTION_FAIL,E_RET_0x71,RETENTION_FAIL,90230,4,1,0,1,1,94.23,24.06,75383949,1,uvm_report_server
RUN-002716,sequential_write_test-002716,443280870,PASS,pass,NONE,,,,0,0,0,0,0,3.58,36.16,2146870,0,uvm_report_server
RUN-002717,read_disturb_test-002717,816708137,PASS,pass,NONE,,,,0,0,0,0,0,18.9,28.54,15120151,0,uvm_report_server
RUN-002718,erase_suspend_test-002718,677633601,PASS,pass,NONE,,,,0,0,0,0,0,52.16,4.94,41724802,0,uvm_report_server
RUN-002719,erase_suspend_test-002719,630319333,FAIL,fail,PROTOCOL_VIOLATION,E_PROT_0x52,PROTOCOL_VIOLATION,2500,2,1,1,0,0,4.61,56.15,4606348,1,uvm_report_server
RUN-002720,power_cycle_test-002720,1596786869,PASS,pass,NONE,,,,0,1,0,0,0,405.51,0.69,162203224,0,uvm_report_server
RUN-002721,random_read_test-002721,86515415,FAIL,fail,ASSERTION_FAIL,E_ASRT_0x60,ASSERTION_FAIL,2500,2,1,0,1,0,1.0,34.29,800000,1,uvm_report_server
RUN-002722,back_to_back_program_test-002722,405690465,PASS,pass,NONE,,,,0,1,0,0,0,3.5,35.32,3499628,0,uvm_report_server
RUN-002723,read_disturb_test-002723,329001029,FAIL,fail,TIMEOUT,E_TMO_0x40,TIMEOUT,1978250,3,1,1,0,0,1982.25,0.25,1982251975,1,uvm_report_server
RUN-002724,mixed_rw_test-002724,2125631235,PASS,pass,NONE,,,,0,0,0,0,0,2.49,25.25,1995591,0,uvm_report_server
RUN-002725,mixed_rw_test-002725,515232662,PASS,pass,NONE,,,,0,1,0,0,0,169.48,3.1,169479862,0,uvm_report_server
RUN-002726,sequential_write_test-002726,316431524,PASS,pass,NONE,,,,0,0,0,0,0,35.97,7.42,28776061,0,uvm_report_server
RUN-002727,power_cycle_test-002727,349328333,PASS,pass,NONE,,,,0,0,0,0,0,21.58,2.82,17264897,0,uvm_report_server
RUN-002728,random_read_test-002728,1475859658,PASS,pass,NONE,,,,0,1,0,0,0,112.9,8.99,90319381,0,uvm_report_server
RUN-002729,back_to_back_program_test-002729,1880466769,PASS,pass,NONE,,,,0,0,0,0,0,265.37,7.86,212299240,0,uvm_report_server
RUN-002730,back_to_back_program_test-002730,690984260,PASS,pass,NONE,,,,0,0,0,0,0,45.82,2.84,36655626,0,uvm_report_server
RUN-002731,back_to_back_program_test-002731,1809980517,FAIL,fail,FIFO_OVERFLOW,E_FIFO_0x21,FIFO_OVERFLOW,2500,1,0,0,0,0,1.55,4.21,1238194,1,uvm_report_server
RUN-002732,back_to_back_program_test-002732,1913948946,PASS,pass,NONE,,,,0,1,0,0,0,44.17,2.73,26504276,0,uvm_report_server
RUN-002733,power_cycle_test-002733,1205347160,FAIL,fail,RETENTION_FAIL,E_RET_0x71,RETENTION_FAIL,55270,3,0,0,0,1,59.27,6.39,35560865,1,uvm_report_server
RUN-002734,random_read_test-002734,383541787,PASS,pass,NONE,,,,0,1,0,0,0,8.76,58.87,10510029,0,uvm_report_server
RUN-002735,sequential_write_test-002735,393597144,PASS,pass,NONE,,,,0,1,0,0,0,8.51,14.25,3404494,0,uvm_report_server
RUN-002736,back_to_back_program_test-002736,794379121,FAIL,fail,FIFO_OVERFLOW,E_FIFO_0x21,FIFO_OVERFLOW,94050,3,0,0,0,0,98.05,1.27,39219607,1,uvm_report_server
RUN-002737,read_disturb_test-002737,941836046,FAIL,fail,THERMAL_SHUTDOWN,E_THRM_0x80,THERMAL_SHUTDOWN,11670,3,0,0,0,0,15.67,4.05,9404393,1,uvm_report_server
RUN-002738,erase_suspend_test-002738,1826815539,FAIL,fail,ECC_UNCORRECTABLE,E_ECC_0x33,ECC_UNCORRECTABLE,191250,1,0,0,0,1,195.25,7.04,117151166,1,uvm_report_server
RUN-002739,random_read_test-002739,641216627,FAIL,fail,TIMEOUT,E_TMO_0x40,TIMEOUT,1995410,4,1,1,1,0,1999.41,0.0,1999411184,1,uvm_report_server
RUN-002740,power_cycle_test-002740,1509399816,PASS,pass,NONE,,,,0,0,0,0,0,19.04,29.04,15235230,0,uvm_report_server
RUN-002741,power_cycle_test-002741,1643583113,PASS,pass,NONE,,,,0,1,0,0,0,16.04,4.03,19250734,0,uvm_report_server
RUN-002742,back_to_back_program_test-002742,1903004144,FAIL,fail,FIFO_OVERFLOW,E_FIFO_0x21,FIFO_OVERFLOW,67690,1,0,0,0,0,71.69,2.74,57354483,1,uvm_report_server
RUN-002743,random_read_test-002743,1264134952,PASS,pass,NONE,,,,0,0,0,0,0,1.54,20.3,1539929,0,uvm_report_server
RUN-002744,random_read_test-002744,1371502992,PASS,pass,NONE,,,,0,0,0,0,0,25.35,19.65,15211457,0,uvm_report_server
RUN-002745,sequential_write_test-002745,1938869692,PASS,pass,NONE,,,,0,0,0,0,0,69.79,7.24,41875239,0,uvm_report_server
RUN-002746,random_read_test-002746,876086249,PASS,pass,NONE,,,,0,0,0,0,0,53.13,9.95,63754203,0,uvm_report_server
RUN-002747,mixed_rw_test-002747,54883452,PASS,pass,NONE,,,,0,1,0,0,0,3.34,39.72,4011499,0,uvm_report_server
RUN-002748,read_disturb_test-002748,1218872577,PASS,pass,NONE,,,,0,0,0,0,0,46.18,1.42,36943760,0,uvm_report_server
RUN-002749,random_read_test-002749,1646671140,PASS,pass,NONE,,,,0,1,0,0,0,1.52,39.62,1518523,0,uvm_report_server
RUN-002750,read_disturb_test-002750,2072662744,PASS,pass,NONE,,,,0,1,0,0,0,11.43,11.92,9141342,0,uvm_report_server
RUN-002751,power_cycle_test-002751,768337505,PASS,pass,NONE,,,,0,1,0,0,0,1790.46,4.61,716185656,0,uvm_report_server
RUN-002752,mixed_rw_test-002752,1902449224,PASS,pass,NONE,,,,0,0,0,0,0,4.1,15.06,4104661,0,uvm_report_server
RUN-002753,mixed_rw_test-002753,146366845,PASS,pass,NONE,,,,0,0,0,0,0,19.85,1.56,23821397,0,uvm_report_server
RUN-002754,back_to_back_program_test-002754,115031422,FAIL,fail,FIFO_OVERFLOW,E_FIFO_0x21,FIFO_OVERFLOW,104900,3,1,0,1,0,108.9,0.33,87120941,1,uvm_report_server
RUN-002755,sequential_write_test-002755,2053260069,PASS,pass,NONE,,,,0,0,0,0,0,38.25,7.32,22952164,0,uvm_report_server
RUN-002756,garbage_collect_test-002756,1487612248,PASS,pass,NONE,,,,0,0,0,0,0,238.71,17.15,143227073,0,uvm_report_server
RUN-002757,back_to_back_program_test-002757,413074061,PASS,pass,NONE,,,,0,1,0,0,0,63.83,15.23,51066437,0,uvm_report_server
RUN-002758,garbage_collect_test-002758,1899780386,PASS,pass,NONE,,,,0,0,0,0,0,63.84,0.53,25536756,0,uvm_report_server
RUN-002759,power_cycle_test-002759,264014863,PASS,pass,NONE,,,,0,1,0,0,0,5.07,3.48,5071185,0,uvm_report_server
RUN-002760,random_read_test-002760,200995495,PASS,pass,NONE,,,,0,1,0,0,0,48.87,4.99,29324563,0,uvm_report_server
RUN-002761,back_to_back_program_test-002761,937862008,PASS,pass,NONE,,,,0,0,0,0,0,19.3,28.86,7718027,0,uvm_report_server
RUN-002762,sequential_write_test-002762,924407443,PASS,pass,NONE,,,,0,0,0,0,0,10.94,11.12,8755233,0,uvm_report_server
RUN-002763,erase_suspend_test-002763,939827506,FAIL,fail,DATA_MISMATCH,E_CMP_0x11,DATA_MISMATCH,49670,4,0,0,1,1,53.67,1.4,21467643,1,uvm_report_server
RUN-002764,sequential_write_test-002764,649609953,PASS,pass,NONE,,,,0,1,0,0,0,2.35,225.01,1882833,0,uvm_report_server
RUN-002765,erase_suspend_test-002765,704825627,PASS,pass,NONE,,,,0,0,0,0,0,42.62,52.24,42620880,0,uvm_report_server
RUN-002766,mixed_rw_test-002766,923923665,FAIL,fail,THERMAL_SHUTDOWN,E_THRM_0x80,THERMAL_SHUTDOWN,7970,3,1,0,0,0,11.97,6.14,9572731,1,uvm_report_server
RUN-002767,garbage_collect_test-002767,857785262,PASS,pass,NONE,,,,0,0,0,0,0,99.19,22.76,39674260,0,uvm_report_server
RUN-002768,mixed_rw_test-002768,911190866,FAIL,fail,ASSERTION_FAIL,E_ASRT_0x60,ASSERTION_FAIL,5500,3,0,0,0,0,9.5,3.75,5700322,1,uvm_report_server
RUN-002769,read_disturb_test-002769,426690206,PASS,pass,NONE,,,,0,0,0,0,0,1.31,105.0,786564,0,uvm_report_server
RUN-002770,erase_suspend_test-002770,591044684,FAIL,fail,DATA_MISMATCH,E_CMP_0x11,DATA_MISMATCH,2500,3,0,0,1,1,3.6,60.22,3597240,1,uvm_report_server
RUN-002771,sequential_write_test-002771,2006916439,PASS,pass,NONE,,,,0,0,0,0,0,102.46,5.27,61473538,0,uvm_report_server
RUN-002772,sequential_write_test-002772,1713962868,FAIL,fail,TIMEOUT,E_TMO_0x40,TIMEOUT,1975730,3,0,1,0,0,1979.73,0.1,1979730986,1,uvm_report_server
RUN-002773,random_read_test-002773,1885226141,PASS,pass,NONE,,,,0,0,0,0,0,58.53,2.28,23411157,0,uvm_report_server
RUN-002774,sequential_write_test-002774,1591548216,FAIL,fail,THERMAL_SHUTDOWN,E_THRM_0x80,THERMAL_SHUTDOWN,2500,1,0,0,0,0,3.95,7.53,3160656,1,uvm_report_server
RUN-002775,read_disturb_test-002775,758086171,PASS,pass,NONE,,,,0,0,0,0,0,62.26,34.18,37353831,0,uvm_report_server
RUN-002776,random_read_test-002776,1329331137,PASS,pass,NONE,,,,0,0,0,0,0,47.54,10.93,38032803,0,uvm_report_server
RUN-002777,sequential_write_test-002777,1711865531,FAIL,fail,DATA_MISMATCH,E_CMP_0x11,DATA_MISMATCH,18820,3,1,0,0,1,22.82,6.03,9128434,1,uvm_report_server
RUN-002778,read_disturb_test-002778,1326463820,PASS,pass,NONE,,,,0,0,0,0,0,35.33,14.59,21200920,0,uvm_report_server
RUN-002779,random_read_test-002779,971683111,PASS,pass,NONE,,,,0,1,0,0,0,20.8,51.43,8319613,0,uvm_report_server
RUN-002780,mixed_rw_test-002780,1419450463,PASS,pass,NONE,,,,0,1,0,0,0,100.01,5.42,100014902,0,uvm_report_server
RUN-002781,power_cycle_test-002781,2089406521,PASS,pass,NONE,,,,0,1,0,0,0,15.47,8.7,9281364,0,uvm_report_server
RUN-002782,mixed_rw_test-002782,760105260,PASS,pass,NONE,,,,0,1,0,0,0,81.2,26.33,97443506,0,uvm_report_server
RUN-002783,garbage_collect_test-002783,2147335494,FAIL,fail,DATA_MISMATCH,E_CMP_0x11,DATA_MISMATCH,11680,3,0,0,1,1,15.68,10.95,18821771,1,uvm_report_server
RUN-002784,back_to_back_program_test-002784,804508034,PASS,pass,NONE,,,,0,0,0,0,0,12.59,19.36,10068619,0,uvm_report_server
RUN-002785,power_cycle_test-002785,1325917439,PASS,pass,NONE,,,,0,0,0,0,0,15.52,17.82,18619129,0,uvm_report_server
RUN-002786,back_to_back_program_test-002786,1246051875,PASS,pass,NONE,,,,0,0,0,0,0,9.05,28.87,7237902,0,uvm_report_server
RUN-002787,sequential_write_test-002787,567827498,PASS,pass,NONE,,,,0,0,0,0,0,7.71,8.03,9250858,0,uvm_report_server
RUN-002788,erase_suspend_test-002788,251675036,FAIL,fail,TIMEOUT,E_TMO_0x40,TIMEOUT,1976630,3,0,1,1,0,1980.63,1.37,1980625460,1,uvm_report_server
RUN-002789,erase_suspend_test-002789,1604640437,PASS,pass,NONE,,,,0,0,0,0,0,1.05,126.86,1263936,0,uvm_report_server
RUN-002790,erase_suspend_test-002790,89066188,PASS,pass,NONE,,,,0,0,0,0,0,13.55,41.54,10837838,0,uvm_report_server
RUN-002791,mixed_rw_test-002791,633482036,FAIL,fail,DATA_MISMATCH,E_CMP_0x11,DATA_MISMATCH,13120,2,0,0,0,1,17.12,9.49,13697575,1,uvm_report_server
RUN-002792,random_read_test-002792,938734328,PASS,pass,NONE,,,,0,0,0,0,0,273.81,7.96,219051021,0,uvm_report_server
RUN-002793,sequential_write_test-002793,727920045,PASS,pass,NONE,,,,0,0,0,0,0,7.36,507.88,8827095,0,uvm_report_server
RUN-002794,random_read_test-002794,525115193,PASS,pass,NONE,,,,0,0,0,0,0,34.73,14.41,41680979,0,uvm_report_server
RUN-002795,erase_suspend_test-002795,2130941460,PASS,pass,NONE,,,,0,1,0,0,0,1.35,44.8,1080602,0,uvm_report_server
RUN-002796,erase_suspend_test-002796,588262366,PASS,pass,NONE,,,,0,0,0,0,0,23.27,11.37,23267805,0,uvm_report_server
RUN-002797,power_cycle_test-002797,271278393,PASS,pass,NONE,,,,0,0,0,0,0,28.36,76.06,22691532,0,uvm_report_server
RUN-002798,back_to_back_program_test-002798,1669929960,PASS,pass,NONE,,,,0,0,0,0,0,127.47,1.06,76484620,0,uvm_report_server
RUN-002799,back_to_back_program_test-002799,1660010803,PASS,pass,NONE,,,,0,1,0,0,0,6.62,9.8,3971724,0,uvm_report_server
RUN-002800,power_cycle_test-002800,676057946,PASS,pass,NONE,,,,0,0,0,0,0,15.75,122.16,9447976,0,uvm_report_server
RUN-002801,mixed_rw_test-002801,1390023132,PASS,pass,NONE,,,,0,0,0,0,0,73.84,27.39,73835994,0,uvm_report_server
RUN-002802,mixed_rw_test-002802,1362964420,PASS,pass,NONE,,,,0,0,0,0,0,35.0,27.91,20997206,0,uvm_report_server
RUN-002803,sequential_write_test-002803,861338189,FAIL,fail,TIMEOUT,E_TMO_0x40,TIMEOUT,1993340,2,0,1,0,0,1997.34,0.02,2396807211,1,uvm_report_server
RUN-002804,mixed_rw_test-002804,1868743230,PASS,pass,NONE,,,,0,0,0,0,0,216.14,1.17,86456908,0,uvm_report_server
RUN-002805,sequential_write_test-002805,664056155,PASS,pass,NONE,,,,0,0,0,0,0,4.11,16.54,4114355,0,uvm_report_server
RUN-002806,back_to_back_program_test-002806,1833932588,PASS,pass,NONE,,,,0,1,0,0,0,14.65,134.41,5859549,0,uvm_report_server
RUN-002807,power_cycle_test-002807,1542286314,FAIL,fail,PROTOCOL_VIOLATION,E_PROT_0x52,PROTOCOL_VIOLATION,17260,3,0,1,1,0,21.26,134.11,12753015,1,uvm_report_server
RUN-002808,mixed_rw_test-002808,2032231223,PASS,pass,NONE,,,,0,0,0,0,0,57.09,294.28,45671418,0,uvm_report_server
RUN-002809,back_to_back_program_test-002809,1752943869,PASS,pass,NONE,,,,0,0,0,0,0,241.93,34.33,241933581,0,uvm_report_server
RUN-002810,sequential_write_test-002810,254283042,PASS,pass,NONE,,,,0,0,0,0,0,106.94,35.96,42777221,0,uvm_report_server
RUN-002811,mixed_rw_test-002811,111422029,FAIL,fail,THERMAL_SHUTDOWN,E_THRM_0x80,THERMAL_SHUTDOWN,11840,3,0,0,0,0,15.84,7.06,6334427,1,uvm_report_server
RUN-002812,read_disturb_test-002812,316732487,PASS,pass,NONE,,,,0,1,0,0,0,96.42,10.66,57851705,0,uvm_report_server
RUN-002813,erase_suspend_test-002813,1856588452,PASS,pass,NONE,,,,0,0,0,0,0,8.6,58.45,5159560,0,uvm_report_server
RUN-002814,garbage_collect_test-002814,1254150450,FAIL,fail,DATA_MISMATCH,E_CMP_0x11,DATA_MISMATCH,3050,3,0,0,0,1,7.05,2.37,7045771,1,uvm_report_server
RUN-002815,erase_suspend_test-002815,611363072,PASS,pass,NONE,,,,0,0,0,0,0,81.79,51.56,98149974,0,uvm_report_server
RUN-002816,sequential_write_test-002816,1539420082,PASS,pass,NONE,,,,0,1,0,0,0,35.03,29.35,21020635,0,uvm_report_server
RUN-002817,power_cycle_test-002817,215006029,PASS,pass,NONE,,,,0,0,0,0,0,2.78,193.49,3331860,0,uvm_report_server
RUN-002818,sequential_write_test-002818,2108259389,PASS,pass,NONE,,,,0,0,0,0,0,62.51,17.53,37508794,0,uvm_report_server
RUN-002819,read_disturb_test-002819,134059817,FAIL,fail,ASSERTION_FAIL,E_ASRT_0x60,ASSERTION_FAIL,18760,1,1,0,0,0,22.76,14.65,18210081,1,uvm_report_server
RUN-002820,read_disturb_test-002820,1467201875,PASS,pass,NONE,,,,0,0,0,0,0,72.97,116.07,87562831,0,uvm_report_server
RUN-002821,mixed_rw_test-002821,1538218374,PASS,pass,NONE,,,,0,0,0,0,0,595.56,15.09,476444760,0,uvm_report_server
RUN-002822,garbage_collect_test-002822,1570109996,PASS,pass,NONE,,,,0,1,0,0,0,13.36,77.67,13358772,0,uvm_report_server
RUN-002823,mixed_rw_test-002823,1552200129,PASS,pass,NONE,,,,0,1,0,0,0,6.35,339.71,7617422,0,uvm_report_server
RUN-002824,sequential_write_test-002824,1393324950,FAIL,fail,THERMAL_SHUTDOWN,E_THRM_0x80,THERMAL_SHUTDOWN,2500,1,0,0,0,0,4.01,12.55,4005175,1,uvm_report_server
RUN-002825,mixed_rw_test-002825,837549550,PASS,pass,NONE,,,,0,0,0,0,0,44.45,90.36,26667063,0,uvm_report_server
RUN-002826,back_to_back_program_test-002826,360857818,PASS,pass,NONE,,,,0,1,0,0,0,23.82,5.4,9526005,0,uvm_report_server
RUN-002827,back_to_back_program_test-002827,1073173766,PASS,pass,NONE,,,,0,1,0,0,0,1.0,33.72,600000,0,uvm_report_server
RUN-002828,read_disturb_test-002828,1569133098,FAIL,fail,TIMEOUT,E_TMO_0x40,TIMEOUT,1994860,3,0,1,0,0,1998.86,0.08,1998859676,1,uvm_report_server
RUN-002829,power_cycle_test-002829,432279461,PASS,pass,NONE,,,,0,0,0,0,0,11.45,5.36,9156673,0,uvm_report_server
RUN-002830,random_read_test-002830,822466914,PASS,pass,NONE,,,,0,0,0,0,0,94.24,22.5,75391350,0,uvm_report_server
RUN-002831,mixed_rw_test-002831,256148567,PASS,pass,NONE,,,,0,1,0,0,0,115.1,34.82,92082314,0,uvm_report_server
RUN-002832,erase_suspend_test-002832,1458046268,PASS,pass,NONE,,,,0,0,0,0,0,116.41,37.08,69848918,0,uvm_report_server
RUN-002833,back_to_back_program_test-002833,577795650,FAIL,fail,FIFO_OVERFLOW,E_FIFO_0x21,FIFO_OVERFLOW,361350,1,1,0,0,0,365.35,1.57,365345479,1,uvm_report_server
RUN-002834,random_read_test-002834,284124254,PASS,pass,NONE,,,,0,1,0,0,0,7.3,135.36,7304859,0,uvm_report_server
RUN-002835,back_to_back_program_test-002835,770561002,FAIL,fail,FIFO_OVERFLOW,E_FIFO_0x21,FIFO_OVERFLOW,325990,1,1,0,0,0,329.99,1.17,197993034,1,uvm_report_server
RUN-002836,mixed_rw_test-002836,140899757,PASS,pass,NONE,,,,0,1,0,0,0,35.37,28.2,35365820,0,uvm_report_server
RUN-002837,back_to_back_program_test-002837,918535924,FAIL,fail,RETENTION_FAIL,E_RET_0x71,RETENTION_FAIL,145720,1,0,0,0,1,149.72,1.09,179667527,1,uvm_report_server
RUN-002838,mixed_rw_test-002838,1928171216,PASS,pass,NONE,,,,0,0,0,0,0,493.01,34.04,197203346,0,uvm_report_server
RUN-002839,sequential_write_test-002839,847921798,FAIL,fail,ECC_UNCORRECTABLE,E_ECC_0x33,ECC_UNCORRECTABLE,174120,2,0,0,0,1,178.12,144.01,142494804,1,uvm_report_server
RUN-002840,sequential_write_test-002840,256754942,PASS,pass,NONE,,,,0,1,0,0,0,25.3,11.11,15180926,0,uvm_report_server
RUN-002841,sequential_write_test-002841,619906770,PASS,pass,NONE,,,,0,0,0,0,0,8.97,209.48,5383217,0,uvm_report_server
RUN-002842,mixed_rw_test-002842,639369670,FAIL,fail,DATA_MISMATCH,E_CMP_0x11,DATA_MISMATCH,16470,2,0,0,1,1,20.47,31.74,20474647,1,uvm_report_server
RUN-002843,garbage_collect_test-002843,295702270,FAIL,fail,TIMEOUT,E_TMO_0x40,TIMEOUT,1963400,3,0,1,0,0,1967.4,0.51,2360877203,1,uvm_report_server
RUN-002844,erase_suspend_test-002844,788683724,PASS,pass,NONE,,,,0,0,0,0,0,10.27,3.44,8218836,0,uvm_report_server
RUN-002845,sequential_write_test-002845,1894963959,PASS,pass,NONE,,,,0,0,0,0,0,14.77,147.59,11813713,0,uvm_report_server
RUN-002846,back_to_back_program_test-002846,1969327979,FAIL,fail,TIMEOUT,E_TMO_0x40,TIMEOUT,1973050,1,1,1,0,0,1977.05,0.05,1977051323,1,uvm_report_server
RUN-002847,back_to_back_program_test-002847,488354308,FAIL,fail,FIFO_OVERFLOW,E_FIFO_0x21,FIFO_OVERFLOW,42720,3,0,0,1,0,46.72,12.03,37378628,1,uvm_report_server
RUN-002848,sequential_write_test-002848,511076055,FAIL,fail,ASSERTION_FAIL,E_ASRT_0x60,ASSERTION_FAIL,178730,2,1,0,1,0,182.73,3.87,73091005,1,uvm_report_server
RUN-002849,sequential_write_test-002849,1756005678,PASS,pass,NONE,,,,0,0,0,0,0,9.69,50.19,9691817,0,uvm_report_server
RUN-002850,back_to_back_program_test-002850,1102229653,PASS,pass,NONE,,,,0,1,0,0,0,9.92,26.22,7937782,0,uvm_report_server
RUN-002851,garbage_collect_test-002851,2093734062,PASS,pass,NONE,,,,0,0,0,0,0,9.16,13.15,3663108,0,uvm_report_server
RUN-002852,erase_suspend_test-002852,1669146406,PASS,pass,NONE,,,,0,0,0,0,0,8.56,3.59,8561721,0,uvm_report_server
RUN-002853,erase_suspend_test-002853,474981980,PASS,pass,NONE,,,,0,0,0,0,0,34.43,15.93,27541662,0,uvm_report_server
RUN-002854,sequential_write_test-002854,97014224,PASS,pass,NONE,,,,0,0,0,0,0,96.73,5.53,58035252,0,uvm_report_server
RUN-002855,garbage_collect_test-002855,141189841,PASS,pass,NONE,,,,0,0,0,0,0,74.35,58.8,59481329,0,uvm_report_server
RUN-002856,random_read_test-002856,750621840,PASS,pass,NONE,,,,0,1,0,0,0,29.8,18.19,11921781,0,uvm_report_server
RUN-002857,back_to_back_program_test-002857,1658232616,FAIL,fail,DATA_MISMATCH,E_CMP_0x11,DATA_MISMATCH,2500,2,0,0,1,1,1.0,78.96,800000,1,uvm_report_server
RUN-002858,erase_suspend_test-002858,1782543352,PASS,pass,NONE,,,,0,1,0,0,0,262.92,31.66,210335064,0,uvm_report_server
RUN-002859,back_to_back_program_test-002859,1916402802,FAIL,fail,DATA_MISMATCH,E_CMP_0x11,DATA_MISMATCH,3410,2,0,0,1,1,7.41,1.33,5925548,1,uvm_report_server
RUN-002860,random_read_test-002860,560352652,PASS,pass,NONE,,,,0,1,0,0,0,3.42,4.76,4104653,0,uvm_report_server
RUN-002861,back_to_back_program_test-002861,868249321,PASS,pass,NONE,,,,0,0,0,0,0,4.11,33.23,2465248,0,uvm_report_server
RUN-002862,garbage_collect_test-002862,1995184466,PASS,pass,NONE,,,,0,0,0,0,0,11.94,21.97,9550914,0,uvm_report_server
RUN-002863,back_to_back_program_test-002863,1335998468,FAIL,fail,ASSERTION_FAIL,E_ASRT_0x60,ASSERTION_FAIL,10800,4,0,0,1,0,14.8,52.11,17759092,1,uvm_report_server
RUN-002864,read_disturb_test-002864,1512095122,PASS,pass,NONE,,,,0,0,0,0,0,42.04,11.84,42040015,0,uvm_report_server
RUN-002865,erase_suspend_test-002865,1326887406,PASS,pass,NONE,,,,0,0,0,0,0,114.43,17.83,68659783,0,uvm_report_server
RUN-002866,sequential_write_test-002866,2069417778,PASS,pass,NONE,,,,0,0,0,0,0,68.81,1.85,27523949,0,uvm_report_server
RUN-002867,power_cycle_test-002867,1529414067,PASS,pass,NONE,,,,0,1,0,0,0,78.05,3.13,93657171,0,uvm_report_server
RUN-002868,garbage_collect_test-002868,2055834591,PASS,pass,NONE,,,,0,0,0,0,0,164.86,6.43,98915485,0,uvm_report_server
RUN-002869,random_read_test-002869,231694330,PASS,pass,NONE,,,,0,1,0,0,0,32.76,1.97,32763382,0,uvm_report_server
RUN-002870,random_read_test-002870,1322201230,PASS,pass,NONE,,,,0,0,0,0,0,58.46,4.59,23384807,0,uvm_report_server
RUN-002871,mixed_rw_test-002871,443391620,FAIL,fail,DATA_MISMATCH,E_CMP_0x11,DATA_MISMATCH,110220,2,0,0,0,1,114.22,1.29,68534076,1,uvm_report_server
RUN-002872,power_cycle_test-002872,1924745496,PASS,pass,NONE,,,,0,1,0,0,0,11.87,5.34,4747997,0,uvm_report_server
RUN-002873,erase_suspend_test-002873,1361331918,FAIL,fail,ASSERTION_FAIL,E_ASRT_0x60,ASSERTION_FAIL,3260,1,0,0,0,0,7.26,27.44,5810005,1,uvm_report_server
RUN-002874,power_cycle_test-002874,1150725589,PASS,pass,NONE,,,,0,0,0,0,0,27.9,144.67,27897118,0,uvm_report_server
RUN-002875,power_cycle_test-002875,1183339691,PASS,pass,NONE,,,,0,0,0,0,0,4.46,14.45,3566711,0,uvm_report_server
RUN-002876,random_read_test-002876,88164907,PASS,pass,NONE,,,,0,0,0,0,0,42.95,97.65,34356521,0,uvm_report_server
RUN-002877,back_to_back_program_test-002877,433572,FAIL,fail,FIFO_OVERFLOW,E_FIFO_0x21,FIFO_OVERFLOW,13670,3,0,0,1,0,17.67,9.47,14134938,1,uvm_report_server
RUN-002878,sequential_write_test-002878,511833708,PASS,pass,NONE,,,,0,1,0,0,0,118.46,18.56,47385226,0,uvm_report_server
RUN-002879,mixed_rw_test-002879,840455483,PASS,pass,NONE,,,,0,0,0,0,0,58.08,1.15,23230031,0,uvm_report_server
RUN-002880,sequential_write_test-002880,1603583328,FAIL,fail,THERMAL_SHUTDOWN,E_THRM_0x80,THERMAL_SHUTDOWN,14950,1,0,0,0,0,18.95,14.99,11370403,1,uvm_report_server
RUN-002881,random_read_test-002881,838051231,PASS,pass,NONE,,,,0,0,0,0,0,39.98,26.13,31983729,0,uvm_report_server
RUN-002882,random_read_test-002882,949404522,PASS,pass,NONE,,,,0,0,0,0,0,995.18,3.98,398070791,0,uvm_report_server
RUN-002883,mixed_rw_test-002883,79834641,PASS,pass,NONE,,,,0,1,0,0,0,1010.15,1.02,404060107,0,uvm_report_server
RUN-002884,back_to_back_program_test-002884,657998740,PASS,pass,NONE,,,,0,0,0,0,0,42.48,45.92,25488161,0,uvm_report_server
RUN-002885,power_cycle_test-002885,447180330,PASS,pass,NONE,,,,0,0,0,0,0,445.2,5.01,534234677,0,uvm_report_server
RUN-002886,random_read_test-002886,55106127,PASS,pass,NONE,,,,0,0,0,0,0,16.41,29.58,9845391,0,uvm_report_server
RUN-002887,random_read_test-002887,222796906,PASS,pass,NONE,,,,0,0,0,0,0,5.7,176.42,3420935,0,uvm_report_server
RUN-002888,mixed_rw_test-002888,393588840,PASS,pass,NONE,,,,0,1,0,0,0,27.53,1.17,33041797,0,uvm_report_server
RUN-002889,mixed_rw_test-002889,690746017,PASS,pass,NONE,,,,0,0,0,0,0,102.78,10.55,82226223,0,uvm_report_server
RUN-002890,sequential_write_test-002890,673692219,PASS,pass,NONE,,,,0,0,0,0,0,3.22,41.9,3224120,0,uvm_report_server
RUN-002891,sequential_write_test-002891,1302163931,FAIL,fail,DATA_MISMATCH,E_CMP_0x11,DATA_MISMATCH,2980,1,0,0,0,1,6.98,59.23,2791615,1,uvm_report_server
RUN-002892,power_cycle_test-002892,1016864968,FAIL,fail,THERMAL_SHUTDOWN,E_THRM_0x80,THERMAL_SHUTDOWN,2500,3,1,0,0,0,4.72,15.75,1886282,1,uvm_report_server
RUN-002893,back_to_back_program_test-002893,214221624,PASS,pass,NONE,,,,0,0,0,0,0,104.53,5.04,41811519,0,uvm_report_server
RUN-002894,random_read_test-002894,1250042317,PASS,pass,NONE,,,,0,0,0,0,0,9.23,109.44,9227872,0,uvm_report_server
RUN-002895,mixed_rw_test-002895,2041405731,PASS,pass,NONE,,,,0,0,0,0,0,60.56,8.55,60557225,0,uvm_report_server
RUN-002896,back_to_back_program_test-002896,2041065519,PASS,pass,NONE,,,,0,1,0,0,0,27.19,161.94,16315454,0,uvm_report_server
RUN-002897,erase_suspend_test-002897,214107442,PASS,pass,NONE,,,,0,1,0,0,0,5.48,12.0,2192700,0,uvm_report_server
RUN-002898,sequential_write_test-002898,246903829,PASS,pass,NONE,,,,0,1,0,0,0,4.64,6.73,2785650,0,uvm_report_server
RUN-002899,random_read_test-002899,1238566401,PASS,pass,NONE,,,,0,0,0,0,0,11.3,42.94,11304007,0,uvm_report_server
RUN-002900,garbage_collect_test-002900,857426804,FAIL,fail,RETENTION_FAIL,E_RET_0x71,RETENTION_FAIL,14370,2,0,0,0,1,18.37,2.36,11021096,1,uvm_report_server
RUN-002901,mixed_rw_test-002901,686699799,FAIL,fail,DATA_MISMATCH,E_CMP_0x11,DATA_MISMATCH,2500,4,1,0,1,1,4.1,23.63,1638883,1,uvm_report_server
RUN-002902,read_disturb_test-002902,1737759134,FAIL,fail,ECC_UNCORRECTABLE,E_ECC_0x33,ECC_UNCORRECTABLE,254160,4,1,0,1,1,258.16,2.57,154896272,1,uvm_report_server
RUN-002903,sequential_write_test-002903,133639542,PASS,pass,NONE,,,,0,0,0,0,0,28.85,8.84,28852578,0,uvm_report_server
RUN-002904,back_to_back_program_test-002904,717282021,FAIL,fail,FIFO_OVERFLOW,E_FIFO_0x21,FIFO_OVERFLOW,426480,3,0,0,0,0,430.48,0.74,258288215,1,uvm_report_server
RUN-002905,back_to_back_program_test-002905,855237780,PASS,pass,NONE,,,,0,1,0,0,0,63.13,8.11,50505107,0,uvm_report_server
RUN-002906,sequential_write_test-002906,960999058,PASS,pass,NONE,,,,0,1,0,0,0,42.73,46.03,25635581,0,uvm_report_server
RUN-002907,random_read_test-002907,217525989,FAIL,fail,DATA_MISMATCH,E_CMP_0x11,DATA_MISMATCH,4119,1,1,0,0,1,8.12,9.28,8116344,1,uvm_report_server
RUN-002908,garbage_collect_test-002908,1655237421,FAIL,fail,DATA_MISMATCH,E_CMP_0x11,DATA_MISMATCH,2500,2,0,0,0,1,4.67,7.22,5604538,1,uvm_report_server
RUN-002909,read_disturb_test-002909,1638058683,FAIL,fail,PROTOCOL_VIOLATION,E_PROT_0x52,PROTOCOL_VIOLATION,2500,2,0,1,0,0,3.67,127.62,3670248,1,uvm_report_server
RUN-002910,garbage_collect_test-002910,1882331124,FAIL,fail,DATA_MISMATCH,E_CMP_0x11,DATA_MISMATCH,22120,1,0,0,0,1,26.12,118.14,15673989,1,uvm_report_server
RUN-002911,mixed_rw_test-002911,1552684213,PASS,pass,NONE,,,,0,0,0,0,0,27.32,9.79,10927909,0,uvm_report_server
RUN-002912,read_disturb_test-002912,717922986,PASS,pass,NONE,,,,0,0,0,0,0,39.57,3.29,23740260,0,uvm_report_server
RUN-002913,back_to_back_program_test-002913,376213377,PASS,pass,NONE,,,,0,1,0,0,0,2.02,15.22,809767,0,uvm_report_server
RUN-002914,erase_suspend_test-002914,1613045313,PASS,pass,NONE,,,,0,0,0,0,0,1.04,33.27,828948,0,uvm_report_server
RUN-002915,read_disturb_test-002915,1991790406,PASS,pass,NONE,,,,0,1,0,0,0,58.0,8.58,46399601,0,uvm_report_server
RUN-002916,back_to_back_program_test-002916,1696819417,FAIL,fail,FIFO_OVERFLOW,E_FIFO_0x21,FIFO_OVERFLOW,31680,4,0,0,1,0,35.68,3.46,35680833,1,uvm_report_server
RUN-002917,mixed_rw_test-002917,1364498885,FAIL,fail,THERMAL_SHUTDOWN,E_THRM_0x80,THERMAL_SHUTDOWN,2500,3,0,0,0,0,1.28,73.71,769286,1,uvm_report_server
RUN-002918,random_read_test-002918,434041968,PASS,pass,NONE,,,,0,0,0,0,0,16.58,4.25,9950375,0,uvm_report_server
RUN-002919,mixed_rw_test-002919,1142309522,FAIL,fail,ASSERTION_FAIL,E_ASRT_0x60,ASSERTION_FAIL,411980,3,1,0,1,0,415.98,5.46,166392667,1,uvm_report_server
RUN-002920,back_to_back_program_test-002920,1337972841,PASS,pass,NONE,,,,0,0,0,0,0,34.56,3.98,20737634,0,uvm_report_server
RUN-002921,sequential_write_test-002921,869348902,FAIL,fail,DATA_MISMATCH,E_CMP_0x11,DATA_MISMATCH,2500,2,1,0,1,1,3.88,46.19,1550254,1,uvm_report_server
RUN-002922,power_cycle_test-002922,1197042888,PASS,pass,NONE,,,,0,0,0,0,0,27.45,4.92,27446562,0,uvm_report_server
RUN-002923,garbage_collect_test-002923,1756576205,PASS,pass,NONE,,,,0,0,0,0,0,10.22,6.72,6129907,0,uvm_report_server
RUN-002924,power_cycle_test-002924,1801788434,PASS,pass,NONE,,,,0,0,0,0,0,168.18,1.66,67272934,0,uvm_report_server
RUN-002925,back_to_back_program_test-002925,839515468,PASS,pass,NONE,,,,0,1,0,0,0,113.77,4.89,45508713,0,uvm_report_server
RUN-002926,garbage_collect_test-002926,1415325621,PASS,pass,NONE,,,,0,0,0,0,0,3.84,31.85,3074005,0,uvm_report_server
RUN-002927,sequential_write_test-002927,833488166,PASS,pass,NONE,,,,0,1,0,0,0,15.53,4.38,6210708,0,uvm_report_server
RUN-002928,mixed_rw_test-002928,813927080,FAIL,fail,TIMEOUT,E_TMO_0x40,TIMEOUT,1976690,4,0,1,1,0,1980.69,0.0,2376830607,1,uvm_report_server
RUN-002929,random_read_test-002929,1259889640,PASS,pass,NONE,,,,0,0,0,0,0,174.35,1.44,69738046,0,uvm_report_server
RUN-002930,random_read_test-002930,1751891125,PASS,pass,NONE,,,,0,1,0,0,0,22.25,5.82,13350612,0,uvm_report_server
RUN-002931,mixed_rw_test-002931,854660334,PASS,pass,NONE,,,,0,0,0,0,0,1.35,91.73,1076236,0,uvm_report_server
RUN-002932,mixed_rw_test-002932,1594975539,PASS,pass,NONE,,,,0,1,0,0,0,68.9,3.93,27558796,0,uvm_report_server
RUN-002933,sequential_write_test-002933,1898911415,FAIL,fail,THERMAL_SHUTDOWN,E_THRM_0x80,THERMAL_SHUTDOWN,42680,4,1,0,1,0,46.68,0.82,37345033,1,uvm_report_server
RUN-002934,mixed_rw_test-002934,2109850298,PASS,pass,NONE,,,,0,0,0,0,0,3.98,65.09,3185653,0,uvm_report_server
RUN-002935,sequential_write_test-002935,1498759009,FAIL,fail,TIMEOUT,E_TMO_0x40,TIMEOUT,1978680,4,1,1,1,0,1982.68,0.7,1982679644,1,uvm_report_server
RUN-002936,back_to_back_program_test-002936,2095659542,PASS,pass,NONE,,,,0,0,0,0,0,192.59,5.16,77034661,0,uvm_report_server
RUN-002937,random_read_test-002937,1279232490,PASS,pass,NONE,,,,0,0,0,0,0,4.4,28.55,4402875,0,uvm_report_server
RUN-002938,back_to_back_program_test-002938,1513940474,PASS,pass,NONE,,,,0,1,0,0,0,39.26,109.18,39264420,0,uvm_report_server
RUN-002939,erase_suspend_test-002939,2031981639,PASS,pass,NONE,,,,0,0,0,0,0,7.33,17.73,8797367,0,uvm_report_server
RUN-002940,back_to_back_program_test-002940,413670522,FAIL,fail,FIFO_OVERFLOW,E_FIFO_0x21,FIFO_OVERFLOW,190350,4,1,0,1,0,194.35,12.86,116611789,1,uvm_report_server
RUN-002941,mixed_rw_test-002941,696489869,PASS,pass,NONE,,,,0,1,0,0,0,30.36,35.54,36435085,0,uvm_report_server
RUN-002942,mixed_rw_test-002942,1831047167,PASS,pass,NONE,,,,0,1,0,0,0,9.96,193.48,7968345,0,uvm_report_server
RUN-002943,read_disturb_test-002943,1733720575,FAIL,fail,DATA_MISMATCH,E_CMP_0x11,DATA_MISMATCH,6080,4,0,0,1,1,10.08,27.85,10082657,1,uvm_report_server
RUN-002944,erase_suspend_test-002944,837501207,PASS,pass,NONE,,,,0,1,0,0,0,27.69,2.21,22149930,0,uvm_report_server
RUN-002945,read_disturb_test-002945,1471823739,FAIL,fail,THERMAL_SHUTDOWN,E_THRM_0x80,THERMAL_SHUTDOWN,107020,2,1,0,0,0,111.02,7.86,66612417,1,uvm_report_server
RUN-002946,sequential_write_test-002946,1282271788,FAIL,fail,TIMEOUT,E_TMO_0x40,TIMEOUT,1956390,1,0,1,0,0,1960.39,0.09,1960389974,1,uvm_report_server
RUN-002947,read_disturb_test-002947,706713907,PASS,pass,NONE,,,,0,0,0,0,0,3.73,33.17,3734892,0,uvm_report_server
RUN-002948,garbage_collect_test-002948,2063396979,PASS,pass,NONE,,,,0,0,0,0,0,13.67,38.8,16401451,0,uvm_report_server
RUN-002949,power_cycle_test-002949,1500228813,PASS,pass,NONE,,,,0,1,0,0,0,22.94,5.53,13761657,0,uvm_report_server
RUN-002950,random_read_test-002950,238670517,FAIL,fail,TIMEOUT,E_TMO_0x40,TIMEOUT,1977450,2,0,1,0,0,1981.45,0.07,1981454243,1,uvm_report_server
RUN-002951,mixed_rw_test-002951,1052905222,PASS,pass,NONE,,,,0,1,0,0,0,8.19,64.23,3277846,0,uvm_report_server
RUN-002952,garbage_collect_test-002952,1438823554,PASS,pass,NONE,,,,0,0,0,0,0,5.45,49.47,5448056,0,uvm_report_server
RUN-002953,sequential_write_test-002953,75043927,PASS,pass,NONE,,,,0,1,0,0,0,21.79,97.04,17430993,0,uvm_report_server
RUN-002954,read_disturb_test-002954,1399938991,PASS,pass,NONE,,,,0,0,0,0,0,47.43,1.37,56914660,0,uvm_report_server
RUN-002955,random_read_test-002955,275342718,PASS,pass,NONE,,,,0,1,0,0,0,280.8,28.27,280804917,0,uvm_report_server
RUN-002956,garbage_collect_test-002956,1330772019,PASS,pass,NONE,,,,0,0,0,0,0,27.34,75.22,21869811,0,uvm_report_server
RUN-002957,garbage_collect_test-002957,118269393,PASS,pass,NONE,,,,0,1,0,0,0,28.39,8.52,17031522,0,uvm_report_server
RUN-002958,read_disturb_test-002958,2100261968,FAIL,fail,TIMEOUT,E_TMO_0x40,TIMEOUT,1962900,1,0,1,0,0,1966.9,0.09,1966901625,1,uvm_report_server
RUN-002959,garbage_collect_test-002959,1586765344,PASS,pass,NONE,,,,0,0,0,0,0,10.99,11.65,8789924,0,uvm_report_server
RUN-002960,power_cycle_test-002960,1639386899,PASS,pass,NONE,,,,0,0,0,0,0,4.8,53.34,3841137,0,uvm_report_server
RUN-002961,random_read_test-002961,584606078,PASS,pass,NONE,,,,0,0,0,0,0,2.93,10.52,2343255,0,uvm_report_server
RUN-002962,erase_suspend_test-002962,2055871211,PASS,pass,NONE,,,,0,0,0,0,0,70.79,14.89,56631443,0,uvm_report_server
RUN-002963,sequential_write_test-002963,1308216120,FAIL,fail,DATA_MISMATCH,E_CMP_0x11,DATA_MISMATCH,6550,3,1,0,0,1,10.55,14.83,8438837,1,uvm_report_server
RUN-002964,random_read_test-002964,1347217616,PASS,pass,NONE,,,,0,0,0,0,0,10.39,6.69,10393376,0,uvm_report_server
RUN-002965,mixed_rw_test-002965,1735684924,FAIL,fail,RETENTION_FAIL,E_RET_0x71,RETENTION_FAIL,59210,1,0,0,0,1,63.21,36.33,50568248,1,uvm_report_server
RUN-002966,random_read_test-002966,330282501,PASS,pass,NONE,,,,0,1,0,0,0,109.9,4.68,43961333,0,uvm_report_server
RUN-002967,power_cycle_test-002967,1137596362,PASS,pass,NONE,,,,0,0,0,0,0,1.04,33.31,417153,0,uvm_report_server
RUN-002968,garbage_collect_test-002968,1468587394,PASS,pass,NONE,,,,0,1,0,0,0,15.36,4.12,6143444,0,uvm_report_server
RUN-002969,random_read_test-002969,1884303294,FAIL,fail,DATA_MISMATCH,E_CMP_0x11,DATA_MISMATCH,77010,3,0,0,0,1,81.01,2.85,64804151,1,uvm_report_server
RUN-002970,random_read_test-002970,779705821,PASS,pass,NONE,,,,0,0,0,0,0,23.57,47.02,14143143,0,uvm_report_server
RUN-002971,back_to_back_program_test-002971,267817190,FAIL,fail,FIFO_OVERFLOW,E_FIFO_0x21,FIFO_OVERFLOW,21130,3,0,0,1,0,25.13,6.22,20104095,1,uvm_report_server
RUN-002972,erase_suspend_test-002972,9792812,PASS,pass,NONE,,,,0,0,0,0,0,128.5,1.03,128497435,0,uvm_report_server
RUN-002973,random_read_test-002973,530873318,FAIL,fail,ASSERTION_FAIL,E_ASRT_0x60,ASSERTION_FAIL,122360,1,0,0,0,0,126.36,4.66,50543183,1,uvm_report_server
RUN-002974,power_cycle_test-002974,763573229,PASS,pass,NONE,,,,0,0,0,0,0,70.34,32.06,56271754,0,uvm_report_server
RUN-002975,power_cycle_test-002975,129585750,PASS,pass,NONE,,,,0,1,0,0,0,4.74,12.91,3788366,0,uvm_report_server
RUN-002976,back_to_back_program_test-002976,1946376569,PASS,pass,NONE,,,,0,1,0,0,0,9.76,6.28,7804958,0,uvm_report_server
RUN-002977,read_disturb_test-002977,411199930,PASS,pass,NONE,,,,0,0,0,0,0,5.71,11.95,3426993,0,uvm_report_server
RUN-002978,back_to_back_program_test-002978,279174886,FAIL,fail,ASSERTION_FAIL,E_ASRT_0x60,ASSERTION_FAIL,7210,1,1,0,0,0,11.21,13.76,13455717,1,uvm_report_server
RUN-002979,mixed_rw_test-002979,1970613983,PASS,pass,NONE,,,,0,0,0,0,0,1.4,11.82,1116536,0,uvm_report_server
RUN-002980,sequential_write_test-002980,1343271918,PASS,pass,NONE,,,,0,0,0,0,0,1.88,63.89,1879354,0,uvm_report_server
RUN-002981,read_disturb_test-002981,515018761,PASS,pass,NONE,,,,0,1,0,0,0,4.45,109.6,5338869,0,uvm_report_server
RUN-002982,sequential_write_test-002982,775755326,PASS,pass,NONE,,,,0,0,0,0,0,48.98,10.8,39181063,0,uvm_report_server
RUN-002983,mixed_rw_test-002983,578239284,PASS,pass,NONE,,,,0,1,0,0,0,6.84,70.48,6843217,0,uvm_report_server
RUN-002984,erase_suspend_test-002984,1422429886,PASS,pass,NONE,,,,0,0,0,0,0,64.01,4.27,38403148,0,uvm_report_server
RUN-002985,back_to_back_program_test-002985,597544013,FAIL,fail,DATA_MISMATCH,E_CMP_0x11,DATA_MISMATCH,74600,2,0,0,1,1,78.6,1.7,62883644,1,uvm_report_server
RUN-002986,erase_suspend_test-002986,1608143279,PASS,pass,NONE,,,,0,1,0,0,0,2.88,44.51,2301664,0,uvm_report_server
RUN-002987,read_disturb_test-002987,218117823,PASS,pass,NONE,,,,0,0,0,0,0,80.66,198.42,80662257,0,uvm_report_server
RUN-002988,sequential_write_test-002988,385439184,PASS,pass,NONE,,,,0,1,0,0,0,8.0,33.13,9599714,0,uvm_report_server
RUN-002989,back_to_back_program_test-002989,2000636480,PASS,pass,NONE,,,,0,1,0,0,0,155.72,0.9,62289940,0,uvm_report_server
RUN-002990,erase_suspend_test-002990,201867957,PASS,pass,NONE,,,,0,0,0,0,0,79.41,3.41,95287390,0,uvm_report_server
RUN-002991,back_to_back_program_test-002991,29572910,FAIL,fail,ASSERTION_FAIL,E_ASRT_0x60,ASSERTION_FAIL,2500,2,0,0,0,0,2.13,37.25,850463,1,uvm_report_server
RUN-002992,back_to_back_program_test-002992,974591186,PASS,pass,NONE,,,,0,0,0,0,0,111.88,149.91,89507547,0,uvm_report_server
RUN-002993,mixed_rw_test-002993,1510759628,PASS,pass,NONE,,,,0,0,0,0,0,2.72,23.19,1634726,0,uvm_report_server
RUN-002994,back_to_back_program_test-002994,1620115839,FAIL,fail,DATA_MISMATCH,E_CMP_0x11,DATA_MISMATCH,2500,3,1,0,1,1,5.13,6.05,6151558,1,uvm_report_server
RUN-002995,random_read_test-002995,1352633501,PASS,pass,NONE,,,,0,0,0,0,0,3.72,32.34,2978597,0,uvm_report_server
RUN-002996,erase_suspend_test-002996,2112788145,PASS,pass,NONE,,,,0,0,0,0,0,67.54,61.4,27017814,0,uvm_report_server
RUN-002997,power_cycle_test-002997,1333995207,PASS,pass,NONE,,,,0,1,0,0,0,92.28,5.65,73825137,0,uvm_report_server
RUN-002998,power_cycle_test-002998,688192249,PASS,pass,NONE,,,,0,0,0,0,0,6.19,0.68,3716863,0,uvm_report_server
RUN-002999,garbage_collect_test-002999,943163298,FAIL,fail,ASSERTION_FAIL,E_ASRT_0x60,ASSERTION_FAIL,2500,3,1,0,1,0,4.08,81.91,3261233,1,uvm_report_server
RUN-003000,back_to_back_program_test-003000,201236017,FAIL,fail,FIFO_OVERFLOW,E_FIFO_0x21,FIFO_OVERFLOW,127290,2,0,0,1,0,131.29,5.87,105034685,1,uvm_report_server
RUN-003001,erase_suspend_test-003001,147364254,FAIL,fail,DATA_MISMATCH,E_CMP_0x11,DATA_MISMATCH,35870,4,0,0,1,1,39.87,18.57,39873409,1,uvm_report_server
RUN-003002,garbage_collect_test-003002,1486975520,FAIL,fail,ASSERTION_FAIL,E_ASRT_0x60,ASSERTION_FAIL,2500,2,0,0,0,0,1.0,67.09,600000,1,uvm_report_server
RUN-003003,power_cycle_test-003003,1844509144,FAIL,fail,TIMEOUT,E_TMO_0x40,TIMEOUT,1994490,3,0,1,0,0,1998.49,0.08,1998494869,1,uvm_report_server
RUN-003004,mixed_rw_test-003004,2078984011,PASS,pass,NONE,,,,0,0,0,0,0,6.68,20.69,4005524,0,uvm_report_server
RUN-003005,sequential_write_test-003005,229195743,PASS,pass,NONE,,,,0,0,0,0,0,6.14,20.16,6136019,0,uvm_report_server
RUN-003006,read_disturb_test-003006,795961352,PASS,pass,NONE,,,,0,0,0,0,0,2.75,24.36,1650788,0,uvm_report_server
RUN-003007,erase_suspend_test-003007,350345133,PASS,pass,NONE,,,,0,0,0,0,0,3.47,157.79,4168206,0,uvm_report_server
RUN-003008,sequential_write_test-003008,1387296821,PASS,pass,NONE,,,,0,0,0,0,0,21.66,5.61,25993418,0,uvm_report_server
RUN-003009,random_read_test-003009,1699236009,PASS,pass,NONE,,,,0,0,0,0,0,2.64,25.94,2111424,0,uvm_report_server
RUN-003010,mixed_rw_test-003010,703280321,PASS,pass,NONE,,,,0,0,0,0,0,3.48,146.07,4178725,0,uvm_report_server
RUN-003011,random_read_test-003011,1563210176,PASS,pass,NONE,,,,0,1,0,0,0,13.21,20.35,10567373,0,uvm_report_server
RUN-003012,sequential_write_test-003012,1500432056,FAIL,fail,RETENTION_FAIL,E_RET_0x71,RETENTION_FAIL,2500,1,0,0,0,1,3.45,0.76,4136815,1,uvm_report_server
RUN-003013,mixed_rw_test-003013,408199633,FAIL,fail,PROTOCOL_VIOLATION,E_PROT_0x52,PROTOCOL_VIOLATION,2500,2,0,1,0,0,3.22,174.77,1930622,1,uvm_report_server
RUN-003014,sequential_write_test-003014,1209945183,PASS,pass,NONE,,,,0,0,0,0,0,411.24,5.06,164497798,0,uvm_report_server
RUN-003015,sequential_write_test-003015,251985804,PASS,pass,NONE,,,,0,1,0,0,0,1.0,125.55,1200000,0,uvm_report_server
RUN-003016,mixed_rw_test-003016,249056105,PASS,pass,NONE,,,,0,0,0,0,0,80.7,1.69,48422125,0,uvm_report_server
RUN-003017,sequential_write_test-003017,871715733,PASS,pass,NONE,,,,0,0,0,0,0,16.28,8.57,13026613,0,uvm_report_server
RUN-003018,back_to_back_program_test-003018,70841616,PASS,pass,NONE,,,,0,0,0,0,0,3.79,35.15,2274870,0,uvm_report_server
RUN-003019,erase_suspend_test-003019,1686848172,PASS,pass,NONE,,,,0,1,0,0,0,17.79,123.15,10676337,0,uvm_report_server
RUN-003020,random_read_test-003020,561660916,FAIL,fail,THERMAL_SHUTDOWN,E_THRM_0x80,THERMAL_SHUTDOWN,26580,2,0,0,1,0,30.58,9.78,24460377,1,uvm_report_server
RUN-003021,random_read_test-003021,1352842529,PASS,pass,NONE,,,,0,1,0,0,0,25.65,2.51,25650937,0,uvm_report_server
RUN-003022,random_read_test-003022,1227728022,PASS,pass,NONE,,,,0,0,0,0,0,16.23,3.98,16229374,0,uvm_report_server
RUN-003023,power_cycle_test-003023,313069033,PASS,pass,NONE,,,,0,1,0,0,0,495.28,8.46,396222389,0,uvm_report_server
RUN-003024,power_cycle_test-003024,460202261,FAIL,fail,PROTOCOL_VIOLATION,E_PROT_0x52,PROTOCOL_VIOLATION,9270,2,0,1,0,0,13.27,265.34,13273094,1,uvm_report_server
RUN-003025,mixed_rw_test-003025,1602024264,FAIL,fail,TIMEOUT,E_TMO_0x40,TIMEOUT,1976110,2,0,1,1,0,1980.11,0.32,1980107620,1,uvm_report_server
RUN-003026,random_read_test-003026,1891466527,PASS,pass,NONE,,,,0,0,0,0,0,3.72,8.15,2229531,0,uvm_report_server
RUN-003027,back_to_back_program_test-003027,58142424,PASS,pass,NONE,,,,0,1,0,0,0,14.77,141.71,11813920,0,uvm_report_server
RUN-003028,back_to_back_program_test-003028,38432431,FAIL,fail,FIFO_OVERFLOW,E_FIFO_0x21,FIFO_OVERFLOW,133910,1,0,0,0,0,137.91,27.18,82748505,1,uvm_report_server
RUN-003029,sequential_write_test-003029,645985626,PASS,pass,NONE,,,,0,1,0,0,0,66.91,1.88,26763134,0,uvm_report_server
RUN-003030,mixed_rw_test-003030,150097007,PASS,pass,NONE,,,,0,0,0,0,0,22.65,49.33,13592510,0,uvm_report_server
RUN-003031,erase_suspend_test-003031,1244703414,PASS,pass,NONE,,,,0,1,0,0,0,20.17,25.95,12104924,0,uvm_report_server
RUN-003032,mixed_rw_test-003032,984614641,PASS,pass,NONE,,,,0,0,0,0,0,184.07,22.76,110439180,0,uvm_report_server
RUN-003033,back_to_back_program_test-003033,1516492598,PASS,pass,NONE,,,,0,0,0,0,0,6.61,5.05,6608949,0,uvm_report_server
RUN-003034,read_disturb_test-003034,298582017,PASS,pass,NONE,,,,0,0,0,0,0,21.99,22.81,17590673,0,uvm_report_server
RUN-003035,back_to_back_program_test-003035,1843750671,PASS,pass,NONE,,,,0,0,0,0,0,12.8,41.57,12802783,0,uvm_report_server
RUN-003036,random_read_test-003036,755583387,PASS,pass,NONE,,,,0,0,0,0,0,455.22,8.57,182087545,0,uvm_report_server
RUN-003037,power_cycle_test-003037,2105375647,PASS,pass,NONE,,,,0,0,0,0,0,115.35,35.94,92277705,0,uvm_report_server
RUN-003038,mixed_rw_test-003038,1489939269,PASS,pass,NONE,,,,0,1,0,0,0,9.5,14.01,7602016,0,uvm_report_server
RUN-003039,random_read_test-003039,743269823,FAIL,fail,DATA_MISMATCH,E_CMP_0x11,DATA_MISMATCH,34340,3,1,0,0,1,38.34,2.06,23006938,1,uvm_report_server
RUN-003040,garbage_collect_test-003040,1354192141,PASS,pass,NONE,,,,0,0,0,0,0,56.44,0.57,22576801,0,uvm_report_server
RUN-003041,garbage_collect_test-003041,1773180419,PASS,pass,NONE,,,,0,0,0,0,0,40.57,24.92,32458758,0,uvm_report_server
RUN-003042,mixed_rw_test-003042,266411560,PASS,pass,NONE,,,,0,1,0,0,0,21.49,91.29,25785024,0,uvm_report_server
RUN-003043,back_to_back_program_test-003043,6478641,PASS,pass,NONE,,,,0,1,0,0,0,112.89,1.1,45156531,0,uvm_report_server
RUN-003044,mixed_rw_test-003044,266881528,FAIL,fail,ASSERTION_FAIL,E_ASRT_0x60,ASSERTION_FAIL,10010,3,1,0,1,0,14.01,6.14,11208910,1,uvm_report_server
RUN-003045,sequential_write_test-003045,896854894,PASS,pass,NONE,,,,0,0,0,0,0,560.44,0.49,224175319,0,uvm_report_server
RUN-003046,random_read_test-003046,475192896,FAIL,fail,TIMEOUT,E_TMO_0x40,TIMEOUT,1976110,1,0,1,0,0,1980.11,0.02,1980112414,1,uvm_report_server
RUN-003047,back_to_back_program_test-003047,996327544,FAIL,fail,FIFO_OVERFLOW,E_FIFO_0x21,FIFO_OVERFLOW,74320,3,0,0,1,0,78.32,3.15,78315225,1,uvm_report_server
RUN-003048,read_disturb_test-003048,1370737671,PASS,pass,NONE,,,,0,0,0,0,0,13.14,0.61,10513206,0,uvm_report_server
RUN-003049,random_read_test-003049,1846898706,PASS,pass,NONE,,,,0,0,0,0,0,5.75,5.39,2298317,0,uvm_report_server
RUN-003050,sequential_write_test-003050,950783849,FAIL,fail,THERMAL_SHUTDOWN,E_THRM_0x80,THERMAL_SHUTDOWN,6520,1,0,0,0,0,10.52,9.53,6310023,1,uvm_report_server
RUN-003051,random_read_test-003051,445626363,PASS,pass,NONE,,,,0,0,0,0,0,26.87,76.54,16121481,0,uvm_report_server
RUN-003052,back_to_back_program_test-003052,1092451656,PASS,pass,NONE,,,,0,0,0,0,0,2.25,14.28,2254280,0,uvm_report_server
RUN-003053,read_disturb_test-003053,967820171,FAIL,fail,ECC_UNCORRECTABLE,E_ECC_0x33,ECC_UNCORRECTABLE,15370,4,1,0,1,1,19.37,6.18,15494313,1,uvm_report_server
RUN-003054,power_cycle_test-003054,1785445500,FAIL,fail,DATA_MISMATCH,E_CMP_0x11,DATA_MISMATCH,4620,3,0,0,0,1,8.62,6.12,6899576,1,uvm_report_server
RUN-003055,sequential_write_test-003055,1762415710,FAIL,fail,TIMEOUT,E_TMO_0x40,TIMEOUT,1994780,4,0,1,1,0,1998.78,0.0,1998782482,1,uvm_report_server
RUN-003056,read_disturb_test-003056,36477350,PASS,pass,NONE,,,,0,0,0,0,0,25.0,42.98,19999441,0,uvm_report_server
RUN-003057,random_read_test-003057,508825088,PASS,pass,NONE,,,,0,0,0,0,0,73.71,3.72,58965415,0,uvm_report_server
RUN-003058,mixed_rw_test-003058,1372907410,PASS,pass,NONE,,,,0,0,0,0,0,31.95,68.6,19169625,0,uvm_report_server
RUN-003059,random_read_test-003059,1104454730,PASS,pass,NONE,,,,0,0,0,0,0,4.34,59.77,4343058,0,uvm_report_server
RUN-003060,power_cycle_test-003060,728172580,PASS,pass,NONE,,,,0,0,0,0,0,10.86,11.29,6513468,0,uvm_report_server
RUN-003061,back_to_back_program_test-003061,354189200,FAIL,fail,DATA_MISMATCH,E_CMP_0x11,DATA_MISMATCH,2500,4,1,0,1,1,1.99,67.59,1592554,1,uvm_report_server
RUN-003062,back_to_back_program_test-003062,475006425,PASS,pass,NONE,,,,0,1,0,0,0,8.33,31.08,6666524,0,uvm_report_server
RUN-003063,read_disturb_test-003063,482542516,PASS,pass,NONE,,,,0,1,0,0,0,68.35,7.56,41012701,0,uvm_report_server
RUN-003064,mixed_rw_test-003064,815415782,PASS,pass,NONE,,,,0,0,0,0,0,37.53,6.81,37534606,0,uvm_report_server
RUN-003065,random_read_test-003065,1126688050,PASS,pass,NONE,,,,0,1,0,0,0,3.44,159.29,2754521,0,uvm_report_server
RUN-003066,back_to_back_program_test-003066,1848615806,PASS,pass,NONE,,,,0,1,0,0,0,60.42,35.25,24168881,0,uvm_report_server
RUN-003067,random_read_test-003067,1997727444,PASS,pass,NONE,,,,0,0,0,0,0,67.01,8.34,40207934,0,uvm_report_server
RUN-003068,sequential_write_test-003068,2068716189,PASS,pass,NONE,,,,0,0,0,0,0,3.73,288.84,2238299,0,uvm_report_server
RUN-003069,garbage_collect_test-003069,2145746908,PASS,pass,NONE,,,,0,0,0,0,0,157.48,3.26,62991983,0,uvm_report_server
RUN-003070,garbage_collect_test-003070,1390122590,PASS,pass,NONE,,,,0,1,0,0,0,87.54,0.2,35014875,0,uvm_report_server
RUN-003071,sequential_write_test-003071,2024437595,PASS,pass,NONE,,,,0,0,0,0,0,15.27,136.55,9164325,0,uvm_report_server
RUN-003072,power_cycle_test-003072,1439922843,PASS,pass,NONE,,,,0,1,0,0,0,45.48,89.98,27286506,0,uvm_report_server
RUN-003073,sequential_write_test-003073,1677444350,FAIL,fail,TIMEOUT,E_TMO_0x40,TIMEOUT,1990230,3,0,1,0,0,1994.23,0.01,2393081845,1,uvm_report_server
RUN-003074,random_read_test-003074,454026806,PASS,pass,NONE,,,,0,0,0,0,0,4.56,212.94,3648968,0,uvm_report_server
RUN-003075,sequential_write_test-003075,23530304,PASS,pass,NONE,,,,0,0,0,0,0,49.35,10.13,39483634,0,uvm_report_server
RUN-003076,random_read_test-003076,1228261364,PASS,pass,NONE,,,,0,0,0,0,0,13.13,4.65,13127818,0,uvm_report_server
RUN-003077,garbage_collect_test-003077,304039361,PASS,pass,NONE,,,,0,1,0,0,0,108.29,5.08,64976977,0,uvm_report_server
RUN-003078,random_read_test-003078,277619557,PASS,pass,NONE,,,,0,0,0,0,0,197.79,10.95,158230024,0,uvm_report_server
RUN-003079,random_read_test-003079,1129799214,PASS,pass,NONE,,,,0,1,0,0,0,36.06,114.2,21634030,0,uvm_report_server
RUN-003080,random_read_test-003080,1377182985,PASS,pass,NONE,,,,0,1,0,0,0,74.21,3.69,59371560,0,uvm_report_server
RUN-003081,garbage_collect_test-003081,1996139776,PASS,pass,NONE,,,,0,1,0,0,0,9.52,13.37,7619574,0,uvm_report_server
RUN-003082,power_cycle_test-003082,1806611014,PASS,pass,NONE,,,,0,1,0,0,0,17.76,30.74,17762995,0,uvm_report_server
RUN-003083,read_disturb_test-003083,1351782786,PASS,pass,NONE,,,,0,0,0,0,0,2.17,15.31,1735345,0,uvm_report_server
RUN-003084,mixed_rw_test-003084,1728836216,PASS,pass,NONE,,,,0,0,0,0,0,3.21,162.77,3213464,0,uvm_report_server
RUN-003085,mixed_rw_test-003085,842555666,PASS,pass,NONE,,,,0,0,0,0,0,39.17,108.47,39166161,0,uvm_report_server
RUN-003086,random_read_test-003086,100830053,PASS,pass,NONE,,,,0,1,0,0,0,223.81,74.31,134286605,0,uvm_report_server
RUN-003087,erase_suspend_test-003087,1545657966,PASS,pass,NONE,,,,0,0,0,0,0,956.41,1.1,1147693425,0,uvm_report_server
RUN-003088,random_read_test-003088,500661787,PASS,pass,NONE,,,,0,0,0,0,0,136.39,1.01,54554241,0,uvm_report_server
RUN-003089,erase_suspend_test-003089,1053146813,PASS,pass,NONE,,,,0,1,0,0,0,27.33,154.4,27327877,0,uvm_report_server
RUN-003090,random_read_test-003090,1284470730,PASS,pass,NONE,,,,0,0,0,0,0,10.64,3.27,8513487,0,uvm_report_server
RUN-003091,mixed_rw_test-003091,1154181785,PASS,pass,NONE,,,,0,0,0,0,0,19.92,13.35,15937481,0,uvm_report_server
RUN-003092,mixed_rw_test-003092,651370672,FAIL,fail,THERMAL_SHUTDOWN,E_THRM_0x80,THERMAL_SHUTDOWN,248040,2,0,0,1,0,252.04,11.65,100816026,1,uvm_report_server
RUN-003093,power_cycle_test-003093,1835743894,PASS,pass,NONE,,,,0,0,0,0,0,3.22,19.05,1289782,0,uvm_report_server
RUN-003094,erase_suspend_test-003094,448589188,PASS,pass,NONE,,,,0,0,0,0,0,42.62,11.56,34099069,0,uvm_report_server
RUN-003095,random_read_test-003095,2010361092,PASS,pass,NONE,,,,0,0,0,0,0,267.79,0.48,160671065,0,uvm_report_server
RUN-003096,back_to_back_program_test-003096,554593444,FAIL,fail,THERMAL_SHUTDOWN,E_THRM_0x80,THERMAL_SHUTDOWN,20840,2,1,0,0,0,24.84,5.24,19874202,1,uvm_report_server
RUN-003097,mixed_rw_test-003097,1871646830,PASS,pass,NONE,,,,0,0,0,0,0,165.93,2.99,165925572,0,uvm_report_server
RUN-003098,mixed_rw_test-003098,2040857680,PASS,pass,NONE,,,,0,0,0,0,0,74.47,28.62,44684806,0,uvm_report_server
RUN-003099,random_read_test-003099,1037284317,PASS,pass,NONE,,,,0,0,0,0,0,4.6,14.22,4601404,0,uvm_report_server
RUN-003100,mixed_rw_test-003100,431881308,PASS,pass,NONE,,,,0,1,0,0,0,182.14,2.72,145708956,0,uvm_report_server
RUN-003101,power_cycle_test-003101,752472629,PASS,pass,NONE,,,,0,0,0,0,0,3.26,39.36,2609885,0,uvm_report_server
RUN-003102,random_read_test-003102,1107963738,PASS,pass,NONE,,,,0,0,0,0,0,2.62,3.23,2094541,0,uvm_report_server
RUN-003103,read_disturb_test-003103,679449018,PASS,pass,NONE,,,,0,1,0,0,0,1.79,16.87,2149028,0,uvm_report_server
RUN-003104,erase_suspend_test-003104,1606859111,PASS,pass,NONE,,,,0,1,0,0,0,10.43,11.86,10430987,0,uvm_report_server
RUN-003105,mixed_rw_test-003105,1743039765,FAIL,fail,TIMEOUT,E_TMO_0x40,TIMEOUT,1971700,3,1,1,0,0,1975.7,0.02,1975701263,1,uvm_report_server
RUN-003106,mixed_rw_test-003106,1173009379,PASS,pass,NONE,,,,0,0,0,0,0,110.24,38.42,44096901,0,uvm_report_server
RUN-003107,back_to_back_program_test-003107,1742064373,PASS,pass,NONE,,,,0,0,0,0,0,6.83,73.71,4096014,0,uvm_report_server
RUN-003108,back_to_back_program_test-003108,627447679,PASS,pass,NONE,,,,0,0,0,0,0,16.86,16.16,16860726,0,uvm_report_server
RUN-003109,read_disturb_test-003109,1895205847,PASS,pass,NONE,,,,0,0,0,0,0,134.45,1.94,53780816,0,uvm_report_server
RUN-003110,back_to_back_program_test-003110,1962574577,PASS,pass,NONE,,,,0,0,0,0,0,128.63,3.9,154357913,0,uvm_report_server
RUN-003111,garbage_collect_test-003111,59784040,PASS,pass,NONE,,,,0,0,0,0,0,41.93,48.1,41929515,0,uvm_report_server
RUN-003112,mixed_rw_test-003112,1023141604,PASS,pass,NONE,,,,0,0,0,0,0,62.55,4.14,37527925,0,uvm_report_server
RUN-003113,sequential_write_test-003113,291914533,PASS,pass,NONE,,,,0,1,0,0,0,4.79,55.19,1914008,0,uvm_report_server
RUN-003114,sequential_write_test-003114,909893805,PASS,pass,NONE,,,,0,0,0,0,0,7.95,16.33,6360483,0,uvm_report_server
RUN-003115,power_cycle_test-003115,2035686178,FAIL,fail,DATA_MISMATCH,E_CMP_0x11,DATA_MISMATCH,2500,3,0,0,0,1,1.93,32.63,1546192,1,uvm_report_server
RUN-003116,back_to_back_program_test-003116,220159103,PASS,pass,NONE,,,,0,0,0,0,0,5.14,53.05,5138430,0,uvm_report_server
RUN-003117,back_to_back_program_test-003117,1141283910,PASS,pass,NONE,,,,0,0,0,0,0,5.53,1.48,4422791,0,uvm_report_server
RUN-003118,back_to_back_program_test-003118,464185815,PASS,pass,NONE,,,,0,1,0,0,0,13.52,77.22,5406496,0,uvm_report_server
RUN-003119,sequential_write_test-003119,678975389,PASS,pass,NONE,,,,0,0,0,0,0,71.17,27.73,42701127,0,uvm_report_server
RUN-003120,mixed_rw_test-003120,1429281875,FAIL,fail,DATA_MISMATCH,E_CMP_0x11,DATA_MISMATCH,20140,2,1,0,0,1,24.14,38.42,14482618,1,uvm_report_server
RUN-003121,erase_suspend_test-003121,1233078493,FAIL,fail,TIMEOUT,E_TMO_0x40,TIMEOUT,1978940,3,0,1,0,0,1982.94,0.04,2379524604,1,uvm_report_server
RUN-003122,back_to_back_program_test-003122,44533448,PASS,pass,NONE,,,,0,0,0,0,0,280.16,14.13,168098889,0,uvm_report_server
RUN-003123,back_to_back_program_test-003123,164215615,PASS,pass,NONE,,,,0,1,0,0,0,8.47,7.86,5079449,0,uvm_report_server
RUN-003124,mixed_rw_test-003124,1103618000,PASS,pass,NONE,,,,0,0,0,0,0,11.34,5.41,9068108,0,uvm_report_server
RUN-003125,erase_suspend_test-003125,734288163,PASS,pass,NONE,,,,0,0,0,0,0,3.33,37.31,2667316,0,uvm_report_server
RUN-003126,power_cycle_test-003126,719579681,PASS,pass,NONE,,,,0,1,0,0,0,55.4,75.79,33241567,0,uvm_report_server
RUN-003127,mixed_rw_test-003127,431273915,PASS,pass,NONE,,,,0,0,0,0,0,38.8,12.54,46558033,0,uvm_report_server
RUN-003128,sequential_write_test-003128,913164143,PASS,pass,NONE,,,,0,1,0,0,0,43.52,12.24,52225926,0,uvm_report_server
RUN-003129,sequential_write_test-003129,1288282715,PASS,pass,NONE,,,,0,1,0,0,0,12.37,39.88,12366793,0,uvm_report_server
RUN-003130,random_read_test-003130,1113737536,PASS,pass,NONE,,,,0,0,0,0,0,94.47,5.48,37789998,0,uvm_report_server
RUN-003131,back_to_back_program_test-003131,57533733,PASS,pass,NONE,,,,0,0,0,0,0,111.0,0.58,66597775,0,uvm_report_server
RUN-003132,random_read_test-003132,1945485212,PASS,pass,NONE,,,,0,1,0,0,0,279.81,7.2,223849550,0,uvm_report_server
RUN-003133,random_read_test-003133,932902222,PASS,pass,NONE,,,,0,0,0,0,0,536.24,16.59,214497432,0,uvm_report_server
RUN-003134,back_to_back_program_test-003134,1598871942,FAIL,fail,FIFO_OVERFLOW,E_FIFO_0x21,FIFO_OVERFLOW,35080,1,0,0,0,0,39.08,35.36,31266254,1,uvm_report_server
RUN-003135,erase_suspend_test-003135,865368382,FAIL,fail,TIMEOUT,E_TMO_0x40,TIMEOUT,1980900,3,1,1,1,0,1984.9,0.08,1984902707,1,uvm_report_server
RUN-003136,garbage_collect_test-003136,1088688915,PASS,pass,NONE,,,,0,0,0,0,0,14.5,8.42,5801420,0,uvm_report_server
RUN-003137,mixed_rw_test-003137,581828191,PASS,pass,NONE,,,,0,0,0,0,0,1.3,25.71,777854,0,uvm_report_server
RUN-003138,erase_suspend_test-003138,1184181563,PASS,pass,NONE,,,,0,1,0,0,0,17.67,56.13,7067491,0,uvm_report_server
RUN-003139,back_to_back_program_test-003139,1427411515,FAIL,fail,FIFO_OVERFLOW,E_FIFO_0x21,FIFO_OVERFLOW,137730,3,0,0,1,0,141.73,2.02,113387172,1,uvm_report_server
RUN-003140,back_to_back_program_test-003140,2113325546,PASS,pass,NONE,,,,0,0,0,0,0,62.27,4.0,74718938,0,uvm_report_server
RUN-003141,random_read_test-003141,1729235939,PASS,pass,NONE,,,,0,1,0,0,0,38.4,6.9,30721293,0,uvm_report_server
RUN-003142,back_to_back_program_test-003142,241955977,PASS,pass,NONE,,,,0,0,0,0,0,11.2,22.83,6718562,0,uvm_report_server
RUN-003143,back_to_back_program_test-003143,410863400,PASS,pass,NONE,,,,0,1,0,0,0,4.14,31.3,3309301,0,uvm_report_server
RUN-003144,sequential_write_test-003144,1135243896,PASS,pass,NONE,,,,0,1,0,0,0,5.44,11.37,4353362,0,uvm_report_server
RUN-003145,back_to_back_program_test-003145,1872016712,FAIL,fail,FIFO_OVERFLOW,E_FIFO_0x21,FIFO_OVERFLOW,149300,1,0,0,0,0,153.3,1.11,61318941,1,uvm_report_server
RUN-003146,power_cycle_test-003146,72941235,PASS,pass,NONE,,,,0,0,0,0,0,10.57,98.65,12688281,0,uvm_report_server
RUN-003147,mixed_rw_test-003147,1253696102,PASS,pass,NONE,,,,0,0,0,0,0,32.67,63.74,39203982,0,uvm_report_server
RUN-003148,back_to_back_program_test-003148,811265147,FAIL,fail,FIFO_OVERFLOW,E_FIFO_0x21,FIFO_OVERFLOW,38560,2,0,0,1,0,42.56,6.01,17025265,1,uvm_report_server
RUN-003149,back_to_back_program_test-003149,1058418395,PASS,pass,NONE,,,,0,1,0,0,0,9.35,27.95,9349181,0,uvm_report_server
RUN-003150,random_read_test-003150,1892595749,PASS,pass,NONE,,,,0,0,0,0,0,44.27,1.42,26561754,0,uvm_report_server
RUN-003151,back_to_back_program_test-003151,1567647585,PASS,pass,NONE,,,,0,0,0,0,0,539.8,4.1,215920576,0,uvm_report_server
RUN-003152,back_to_back_program_test-003152,1413564035,FAIL,fail,TIMEOUT,E_TMO_0x40,TIMEOUT,1993040,4,0,1,1,0,1997.04,0.07,2396451196,1,uvm_report_server
RUN-003153,random_read_test-003153,1374978518,PASS,pass,NONE,,,,0,0,0,0,0,10.57,11.52,6339214,0,uvm_report_server
RUN-003154,mixed_rw_test-003154,1150727114,FAIL,fail,ASSERTION_FAIL,E_ASRT_0x60,ASSERTION_FAIL,2500,3,0,0,1,0,3.36,21.18,3357045,1,uvm_report_server
RUN-003155,garbage_collect_test-003155,449633993,PASS,pass,NONE,,,,0,1,0,0,0,52.68,0.67,21071284,0,uvm_report_server
RUN-003156,mixed_rw_test-003156,2015404375,FAIL,fail,DATA_MISMATCH,E_CMP_0x11,DATA_MISMATCH,2500,4,0,0,1,1,4.16,21.01,3331262,1,uvm_report_server
RUN-003157,sequential_write_test-003157,400142901,PASS,pass,NONE,,,,0,1,0,0,0,70.22,15.07,56179981,0,uvm_report_server
RUN-003158,back_to_back_program_test-003158,2015412318,PASS,pass,NONE,,,,0,1,0,0,0,11.24,24.72,6746616,0,uvm_report_server
RUN-003159,read_disturb_test-003159,985868955,FAIL,fail,DATA_MISMATCH,E_CMP_0x11,DATA_MISMATCH,8110,1,0,0,0,1,12.11,11.23,12112600,1,uvm_report_server
RUN-003160,sequential_write_test-003160,2133587597,PASS,pass,NONE,,,,0,1,0,0,0,5.12,13.48,3074449,0,uvm_report_server
RUN-003161,erase_suspend_test-003161,1559293281,FAIL,fail,ECC_UNCORRECTABLE,E_ECC_0x33,ECC_UNCORRECTABLE,214870,2,0,0,0,1,218.87,16.59,218872759,1,uvm_report_server
RUN-003162,read_disturb_test-003162,739772527,PASS,pass,NONE,,,,0,0,0,0,0,8.78,14.9,8779432,0,uvm_report_server
RUN-003163,random_read_test-003163,1756734629,PASS,pass,NONE,,,,0,0,0,0,0,21.41,5.83,12847297,0,uvm_report_server
RUN-003164,erase_suspend_test-003164,551754732,PASS,pass,NONE,,,,0,0,0,0,0,4.99,24.12,4986637,0,uvm_report_server
RUN-003165,read_disturb_test-003165,403425931,FAIL,fail,RETENTION_FAIL,E_RET_0x71,RETENTION_FAIL,15320,3,0,0,0,1,19.32,6.07,11594701,1,uvm_report_server
RUN-003166,sequential_write_test-003166,997245675,PASS,pass,NONE,,,,0,0,0,0,0,63.96,16.77,76749349,0,uvm_report_server
RUN-003167,random_read_test-003167,308894670,FAIL,fail,TIMEOUT,E_TMO_0x40,TIMEOUT,1962680,1,0,1,0,0,1966.68,0.08,2360021841,1,uvm_report_server
RUN-003168,sequential_write_test-003168,1279006851,PASS,pass,NONE,,,,0,0,0,0,0,3.27,21.13,3925529,0,uvm_report_server
RUN-003169,erase_suspend_test-003169,918163076,PASS,pass,NONE,,,,0,0,0,0,0,8.5,114.44,5097632,0,uvm_report_server
RUN-003170,random_read_test-003170,821798791,PASS,pass,NONE,,,,0,0,0,0,0,3.09,161.75,3086001,0,uvm_report_server
RUN-003171,mixed_rw_test-003171,2142216275,PASS,pass,NONE,,,,0,0,0,0,0,6.88,154.66,8256733,0,uvm_report_server
RUN-003172,sequential_write_test-003172,111987727,PASS,pass,NONE,,,,0,0,0,0,0,85.11,11.32,51068572,0,uvm_report_server
RUN-003173,read_disturb_test-003173,1100726439,FAIL,fail,TIMEOUT,E_TMO_0x40,TIMEOUT,1958600,1,0,1,0,0,1962.6,0.37,1962602601,1,uvm_report_server
RUN-003174,random_read_test-003174,2099584264,PASS,pass,NONE,,,,0,1,0,0,0,1.35,25.89,538492,0,uvm_report_server
RUN-003175,read_disturb_test-003175,510565347,FAIL,fail,THERMAL_SHUTDOWN,E_THRM_0x80,THERMAL_SHUTDOWN,16130,1,0,0,0,0,20.13,15.22,12075791,1,uvm_report_server
RUN-003176,erase_suspend_test-003176,989120813,PASS,pass,NONE,,,,0,1,0,0,0,14.72,36.83,11775136,0,uvm_report_server
RUN-003177,erase_suspend_test-003177,698484584,PASS,pass,NONE,,,,0,1,0,0,0,14.6,4.82,8757526,0,uvm_report_server
RUN-003178,back_to_back_program_test-003178,567732260,PASS,pass,NONE,,,,0,0,0,0,0,24.91,5.39,14946044,0,uvm_report_server
RUN-003179,erase_suspend_test-003179,1430342563,PASS,pass,NONE,,,,0,1,0,0,0,37.07,13.68,22244620,0,uvm_report_server
RUN-003180,random_read_test-003180,976941585,PASS,pass,NONE,,,,0,0,0,0,0,57.27,9.4,22909432,0,uvm_report_server
RUN-003181,read_disturb_test-003181,1313262886,PASS,pass,NONE,,,,0,0,0,0,0,9.24,13.16,11092834,0,uvm_report_server
RUN-003182,read_disturb_test-003182,1896922074,PASS,pass,NONE,,,,0,0,0,0,0,7.39,562.39,8868145,0,uvm_report_server
RUN-003183,power_cycle_test-003183,1205202485,PASS,pass,NONE,,,,0,1,0,0,0,17.66,14.06,17664162,0,uvm_report_server
RUN-003184,sequential_write_test-003184,781552416,PASS,pass,NONE,,,,0,0,0,0,0,242.62,9.09,194098766,0,uvm_report_server
RUN-003185,erase_suspend_test-003185,1256444163,PASS,pass,NONE,,,,0,1,0,0,0,13.72,19.3,10973219,0,uvm_report_server
RUN-003186,random_read_test-003186,914163288,PASS,pass,NONE,,,,0,1,0,0,0,1.49,10.73,1485435,0,uvm_report_server
RUN-003187,power_cycle_test-003187,1585964062,PASS,pass,NONE,,,,0,0,0,0,0,331.72,1.47,199029802,0,uvm_report_server
RUN-003188,sequential_write_test-003188,1017914212,PASS,pass,NONE,,,,0,1,0,0,0,256.29,61.55,102515491,0,uvm_report_server
RUN-003189,power_cycle_test-003189,1239838834,FAIL,fail,TIMEOUT,E_TMO_0x40,TIMEOUT,1975550,2,1,1,0,0,1979.55,0.79,1979550095,1,uvm_report_server
RUN-003190,read_disturb_test-003190,493856021,PASS,pass,NONE,,,,0,0,0,0,0,17.33,7.06,17332474,0,uvm_report_server
RUN-003191,random_read_test-003191,272583509,FAIL,fail,TIMEOUT,E_TMO_0x40,TIMEOUT,1992140,3,1,1,0,0,1996.14,0.14,1996138292,1,uvm_report_server
RUN-003192,sequential_write_test-003192,1964900348,PASS,pass,NONE,,,,0,0,0,0,0,11.06,199.26,6633565,0,uvm_report_server
RUN-003193,back_to_back_program_test-003193,617707197,PASS,pass,NONE,,,,0,1,0,0,0,137.26,32.62,109805558,0,uvm_report_server
RUN-003194,mixed_rw_test-003194,958804670,FAIL,fail,TIMEOUT,E_TMO_0x40,TIMEOUT,1982950,3,0,1,0,0,1986.95,0.04,2384340185,1,uvm_report_server
RUN-003195,back_to_back_program_test-003195,741943453,FAIL,fail,FIFO_OVERFLOW,E_FIFO_0x21,FIFO_OVERFLOW,2500,1,1,0,0,0,2.97,18.58,2971774,1,uvm_report_server
RUN-003196,back_to_back_program_test-003196,361941294,FAIL,fail,FIFO_OVERFLOW,E_FIFO_0x21,FIFO_OVERFLOW,1183740,3,1,0,0,0,1187.74,0.51,712644047,1,uvm_report_server
RUN-003197,back_to_back_program_test-003197,392625322,PASS,pass,NONE,,,,0,0,0,0,0,161.86,3.11,64743314,0,uvm_report_server
RUN-003198,erase_suspend_test-003198,1496550330,PASS,pass,NONE,,,,0,1,0,0,0,3.33,40.6,4001529,0,uvm_report_server
RUN-003199,sequential_write_test-003199,1355257621,PASS,pass,NONE,,,,0,0,0,0,0,31.59,1.02,18956241,0,uvm_report_server
RUN-003200,sequential_write_test-003200,1926316846,PASS,pass,NONE,,,,0,0,0,0,0,616.27,1.8,616268343,0,uvm_report_server
RUN-003201,random_read_test-003201,495345795,PASS,pass,NONE,,,,0,1,0,0,0,4.38,8.04,1753409,0,uvm_report_server
RUN-003202,random_read_test-003202,554168067,FAIL,fail,THERMAL_SHUTDOWN,E_THRM_0x80,THERMAL_SHUTDOWN,28189,3,0,0,0,0,32.19,12.37,25749272,1,uvm_report_server
RUN-003203,read_disturb_test-003203,1953689637,PASS,pass,NONE,,,,0,1,0,0,0,3.73,267.52,2240437,0,uvm_report_server
RUN-003204,back_to_back_program_test-003204,369351296,FAIL,fail,FIFO_OVERFLOW,E_FIFO_0x21,FIFO_OVERFLOW,53700,3,1,0,0,0,57.7,1.11,23079066,1,uvm_report_server
RUN-003205,back_to_back_program_test-003205,201923121,PASS,pass,NONE,,,,0,1,0,0,0,1636.25,1.3,1308996952,0,uvm_report_server
RUN-003206,erase_suspend_test-003206,1780581803,PASS,pass,NONE,,,,0,0,0,0,0,178.83,2.94,71531345,0,uvm_report_server
RUN-003207,erase_suspend_test-003207,1672091342,PASS,pass,NONE,,,,0,0,0,0,0,125.17,4.18,100135163,0,uvm_report_server
RUN-003208,sequential_write_test-003208,260337332,PASS,pass,NONE,,,,0,0,0,0,0,90.65,23.87,72523818,0,uvm_report_server
RUN-003209,random_read_test-003209,924057467,PASS,pass,NONE,,,,0,0,0,0,0,3.78,262.98,3782504,0,uvm_report_server
RUN-003210,sequential_write_test-003210,1443570965,PASS,pass,NONE,,,,0,0,0,0,0,75.14,3.73,60109216,0,uvm_report_server
RUN-003211,mixed_rw_test-003211,156056840,FAIL,fail,DATA_MISMATCH,E_CMP_0x11,DATA_MISMATCH,9470,2,0,0,1,1,13.47,40.18,10779135,1,uvm_report_server
RUN-003212,random_read_test-003212,1659052339,PASS,pass,NONE,,,,0,0,0,0,0,128.95,3.99,128954440,0,uvm_report_server
RUN-003213,back_to_back_program_test-003213,885898452,PASS,pass,NONE,,,,0,0,0,0,0,11.07,25.36,8859123,0,uvm_report_server
RUN-003214,back_to_back_program_test-003214,1628674682,PASS,pass,NONE,,,,0,1,0,0,0,5.75,89.65,6899348,0,uvm_report_server
RUN-003215,read_disturb_test-003215,1745248370,FAIL,fail,PROTOCOL_VIOLATION,E_PROT_0x52,PROTOCOL_VIOLATION,2500,2,0,1,0,0,2.14,659.03,2571703,1,uvm_report_server
RUN-003216,power_cycle_test-003216,1920426767,FAIL,fail,DATA_MISMATCH,E_CMP_0x11,DATA_MISMATCH,2500,1,0,0,0,1,4.98,3.98,3985278,1,uvm_report_server
RUN-003217,back_to_back_program_test-003217,60016807,PASS,pass,NONE,,,,0,1,0,0,0,11.1,93.42,13317997,0,uvm_report_server
RUN-003218,random_read_test-003218,1564747171,PASS,pass,NONE,,,,0,0,0,0,0,206.8,10.78,124079354,0,uvm_report_server
RUN-003219,mixed_rw_test-003219,895360451,PASS,pass,NONE,,,,0,0,0,0,0,74.48,7.44,74475783,0,uvm_report_server
RUN-003220,erase_suspend_test-003220,1507061712,FAIL,fail,TIMEOUT,E_TMO_0x40,TIMEOUT,1984790,2,1,1,0,0,1988.79,0.28,2386544705,1,uvm_report_server
RUN-003221,mixed_rw_test-003221,1090980577,PASS,pass,NONE,,,,0,1,0,0,0,45.22,24.88,36172150,0,uvm_report_server
RUN-003222,mixed_rw_test-003222,1664915133,FAIL,fail,DATA_MISMATCH,E_CMP_0x11,DATA_MISMATCH,16380,3,1,0,0,1,20.38,0.92,8151669,1,uvm_report_server
RUN-003223,back_to_back_program_test-003223,1823564927,FAIL,fail,TIMEOUT,E_TMO_0x40,TIMEOUT,1958560,3,1,1,0,0,1962.56,0.02,2355075071,1,uvm_report_server
RUN-003224,back_to_back_program_test-003224,117128876,FAIL,fail,PROTOCOL_VIOLATION,E_PROT_0x52,PROTOCOL_VIOLATION,34770,2,0,1,0,0,38.77,45.19,23264966,1,uvm_report_server
RUN-003225,back_to_back_program_test-003225,1947644828,FAIL,fail,FIFO_OVERFLOW,E_FIFO_0x21,FIFO_OVERFLOW,168150,2,0,0,0,0,172.15,5.11,172153023,1,uvm_report_server
RUN-003226,random_read_test-003226,1099524430,FAIL,fail,PROTOCOL_VIOLATION,E_PROT_0x52,PROTOCOL_VIOLATION,2500,2,0,1,0,0,2.8,1431.64,2798764,1,uvm_report_server
RUN-003227,random_read_test-003227,1430878825,PASS,pass,NONE,,,,0,0,0,0,0,3.18,38.42,3178249,0,uvm_report_server
RUN-003228,sequential_write_test-003228,1945656688,FAIL,fail,TIMEOUT,E_TMO_0x40,TIMEOUT,1974600,1,1,1,0,0,1978.6,0.32,1978601817,1,uvm_report_server
RUN-003229,mixed_rw_test-003229,408835073,PASS,pass,NONE,,,,0,0,0,0,0,3.23,19.33,1291321,0,uvm_report_server
RUN-003230,sequential_write_test-003230,1772494254,PASS,pass,NONE,,,,0,1,0,0,0,7.69,248.02,6151565,0,uvm_report_server
RUN-003231,sequential_write_test-003231,1678550902,PASS,pass,NONE,,,,0,0,0,0,0,29.88,2.16,11952924,0,uvm_report_server
RUN-003232,random_read_test-003232,399165547,PASS,pass,NONE,,,,0,1,0,0,0,9.17,120.85,5503842,0,uvm_report_server
RUN-003233,read_disturb_test-003233,1578520812,PASS,pass,NONE,,,,0,0,0,0,0,5.3,49.52,5300469,0,uvm_report_server
RUN-003234,power_cycle_test-003234,1596573671,PASS,pass,NONE,,,,0,0,0,0,0,9.75,26.99,7801475,0,uvm_report_server
RUN-003235,power_cycle_test-003235,1907189206,FAIL,fail,TIMEOUT,E_TMO_0x40,TIMEOUT,1969340,2,0,1,1,0,1973.34,0.21,1973344570,1,uvm_report_server
RUN-003236,read_disturb_test-003236,759915957,FAIL,fail,TIMEOUT,E_TMO_0x40,TIMEOUT,1979000,2,0,1,0,0,1983.0,0.05,1983000064,1,uvm_report_server
RUN-003237,back_to_back_program_test-003237,1764246127,PASS,pass,NONE,,,,0,1,0,0,0,4.39,240.13,2634734,0,uvm_report_server
RUN-003238,mixed_rw_test-003238,327803502,PASS,pass,NONE,,,,0,1,0,0,0,27.74,20.27,16645283,0,uvm_report_server
RUN-003239,sequential_write_test-003239,225257509,PASS,pass,NONE,,,,0,0,0,0,0,1.0,134.91,1200000,0,uvm_report_server
RUN-003240,random_read_test-003240,1623096990,PASS,pass,NONE,,,,0,0,0,0,0,35.36,14.94,28288792,0,uvm_report_server
RUN-003241,sequential_write_test-003241,1862668428,PASS,pass,NONE,,,,0,0,0,0,0,757.52,1.31,454514923,0,uvm_report_server
RUN-003242,erase_suspend_test-003242,1337438981,PASS,pass,NONE,,,,0,0,0,0,0,3.32,36.18,2654479,0,uvm_report_server
RUN-003243,random_read_test-003243,1713949108,PASS,pass,NONE,,,,0,1,0,0,0,14.05,9.1,14048174,0,uvm_report_server
RUN-003244,power_cycle_test-003244,660247289,FAIL,fail,TIMEOUT,E_TMO_0x40,TIMEOUT,1957290,3,0,1,0,0,1961.29,0.04,2353543162,1,uvm_report_server
RUN-003245,mixed_rw_test-003245,1442246785,PASS,pass,NONE,,,,0,1,0,0,0,21.24,45.66,12743199,0,uvm_report_server
RUN-003246,sequential_write_test-003246,611316384,PASS,pass,NONE,,,,0,1,0,0,0,14.69,9.35,8815539,0,uvm_report_server
RUN-003247,erase_suspend_test-003247,38902821,PASS,pass,NONE,,,,0,1,0,0,0,135.11,66.47,108091598,0,uvm_report_server
RUN-003248,random_read_test-003248,1974223226,PASS,pass,NONE,,,,0,1,0,0,0,219.72,4.7,175775141,0,uvm_report_server
RUN-003249,back_to_back_program_test-003249,850555943,FAIL,fail,FIFO_OVERFLOW,E_FIFO_0x21,FIFO_OVERFLOW,80450,1,0,0,0,0,84.45,1.86,84452597,1,uvm_report_server
RUN-003250,power_cycle_test-003250,21389993,PASS,pass,NONE,,,,0,0,0,0,0,4.91,7.17,5890445,0,uvm_report_server
RUN-003251,garbage_collect_test-003251,563939658,PASS,pass,NONE,,,,0,0,0,0,0,3.91,31.16,3911098,0,uvm_report_server
RUN-003252,mixed_rw_test-003252,1471115371,FAIL,fail,DATA_MISMATCH,E_CMP_0x11,DATA_MISMATCH,2500,3,1,0,0,1,4.19,32.36,2515453,1,uvm_report_server
RUN-003253,power_cycle_test-003253,887511249,PASS,pass,NONE,,,,0,0,0,0,0,29.03,8.81,17417992,0,uvm_report_server
RUN-003254,garbage_collect_test-003254,759700735,PASS,pass,NONE,,,,0,0,0,0,0,7.23,73.21,4335281,0,uvm_report_server
RUN-003255,read_disturb_test-003255,1360431294,PASS,pass,NONE,,,,0,0,0,0,0,7.71,31.74,4624244,0,uvm_report_server
RUN-003256,back_to_back_program_test-003256,1064201529,PASS,pass,NONE,,,,0,0,0,0,0,28.63,37.88,17179205,0,uvm_report_server
RUN-003257,garbage_collect_test-003257,35390012,PASS,pass,NONE,,,,0,0,0,0,0,86.34,48.11,103604168,0,uvm_report_server
RUN-003258,sequential_write_test-003258,445212690,PASS,pass,NONE,,,,0,0,0,0,0,44.57,49.35,35658039,0,uvm_report_server
RUN-003259,mixed_rw_test-003259,1399810781,PASS,pass,NONE,,,,0,0,0,0,0,8.88,1.95,3550094,0,uvm_report_server
RUN-003260,back_to_back_program_test-003260,955834801,PASS,pass,NONE,,,,0,0,0,0,0,153.76,1.62,123006720,0,uvm_report_server
RUN-003261,mixed_rw_test-003261,54094011,PASS,pass,NONE,,,,0,1,0,0,0,62.05,4.37,24819533,0,uvm_report_server
RUN-003262,erase_suspend_test-003262,1453189603,PASS,pass,NONE,,,,0,0,0,0,0,30.71,8.08,24567651,0,uvm_report_server
RUN-003263,back_to_back_program_test-003263,2081010223,PASS,pass,NONE,,,,0,0,0,0,0,3.49,144.77,2091915,0,uvm_report_server
RUN-003264,back_to_back_program_test-003264,2132191722,FAIL,fail,FIFO_OVERFLOW,E_FIFO_0x21,FIFO_OVERFLOW,334000,2,0,0,1,0,338.0,3.92,337995174,1,uvm_report_server
RUN-003265,erase_suspend_test-003265,1327814809,PASS,pass,NONE,,,,0,0,0,0,0,6.21,10.01,4966338,0,uvm_report_server
RUN-003266,random_read_test-003266,689268434,PASS,pass,NONE,,,,0,0,0,0,0,87.57,12.79,87568453,0,uvm_report_server
RUN-003267,random_read_test-003267,493312907,PASS,pass,NONE,,,,0,1,0,0,0,4.8,13.9,3843612,0,uvm_report_server
RUN-003268,sequential_write_test-003268,1665005300,FAIL,fail,RETENTION_FAIL,E_RET_0x71,RETENTION_FAIL,272770,2,0,0,0,1,276.77,6.47,276771079,1,uvm_report_server
RUN-003269,random_read_test-003269,1877582863,FAIL,fail,TIMEOUT,E_TMO_0x40,TIMEOUT,1986540,4,0,1,1,0,1990.54,0.08,1990542351,1,uvm_report_server
RUN-003270,back_to_back_program_test-003270,1463116576,FAIL,fail,FIFO_OVERFLOW,E_FIFO_0x21,FIFO_OVERFLOW,106230,3,1,0,0,0,110.23,0.09,66135355,1,uvm_report_server
RUN-003271,mixed_rw_test-003271,1850105652,PASS,pass,NONE,,,,0,0,0,0,0,5.2,198.83,6236957,0,uvm_report_server
RUN-003272,random_read_test-003272,553575788,FAIL,fail,ASSERTION_FAIL,E_ASRT_0x60,ASSERTION_FAIL,2500,1,1,0,0,0,1.0,36.82,800000,1,uvm_report_server
RUN-003273,random_read_test-003273,2015236884,PASS,pass,NONE,,,,0,0,0,0,0,24.05,5.32,9621931,0,uvm_report_server
RUN-003274,back_to_back_program_test-003274,1614472940,PASS,pass,NONE,,,,0,0,0,0,0,14.11,1.19,5645958,0,uvm_report_server
RUN-003275,sequential_write_test-003275,33398009,PASS,pass,NONE,,,,0,0,0,0,0,9.38,51.09,7504821,0,uvm_report_server
RUN-003276,back_to_back_program_test-003276,423408293,PASS,pass,NONE,,,,0,0,0,0,0,4.27,125.41,2561502,0,uvm_report_server
RUN-003277,random_read_test-003277,597266795,PASS,pass,NONE,,,,0,0,0,0,0,19.93,54.84,7973285,0,uvm_report_server
RUN-003278,back_to_back_program_test-003278,137828873,PASS,pass,NONE,,,,0,1,0,0,0,20.11,3.05,8042503,0,uvm_report_server
RUN-003279,garbage_collect_test-003279,397818877,PASS,pass,NONE,,,,0,0,0,0,0,41.73,46.84,41732004,0,uvm_report_server
RUN-003280,garbage_collect_test-003280,707339624,PASS,pass,NONE,,,,0,0,0,0,0,275.53,30.0,165318522,0,uvm_report_server
RUN-003281,random_read_test-003281,2142443154,PASS,pass,NONE,,,,0,1,0,0,0,95.6,2.85,57358141,0,uvm_report_server
RUN-003282,power_cycle_test-003282,851072216,PASS,pass,NONE,,,,0,0,0,0,0,1.0,124.77,1200000,0,uvm_report_server
RUN-003283,sequential_write_test-003283,1989745948,PASS,pass,NONE,,,,0,1,0,0,0,8.93,27.22,7144508,0,uvm_report_server
RUN-003284,mixed_rw_test-003284,179623759,PASS,pass,NONE,,,,0,0,0,0,0,1.11,246.15,1110872,0,uvm_report_server
RUN-003285,garbage_collect_test-003285,1982010596,PASS,pass,NONE,,,,0,0,0,0,0,59.53,18.84,23811820,0,uvm_report_server
RUN-003286,erase_suspend_test-003286,27602583,PASS,pass,NONE,,,,0,0,0,0,0,12.44,20.48,7466145,0,uvm_report_server
RUN-003287,read_disturb_test-003287,1019551180,FAIL,fail,DATA_MISMATCH,E_CMP_0x11,DATA_MISMATCH,105290,3,1,0,0,1,109.29,10.95,87431481,1,uvm_report_server
RUN-003288,garbage_collect_test-003288,372887502,FAIL,fail,ASSERTION_FAIL,E_ASRT_0x60,ASSERTION_FAIL,9250,2,0,0,1,0,13.25,5.19,10602544,1,uvm_report_server
RUN-003289,garbage_collect_test-003289,1110057456,PASS,pass,NONE,,,,0,0,0,0,0,9.94,13.49,7953464,0,uvm_report_server
RUN-003290,power_cycle_test-003290,1408681983,PASS,pass,NONE,,,,0,0,0,0,0,5.56,96.1,2224156,0,uvm_report_server
RUN-003291,back_to_back_program_test-003291,872934269,FAIL,fail,ASSERTION_FAIL,E_ASRT_0x60,ASSERTION_FAIL,4870,4,0,0,1,0,8.87,29.19,7093905,1,uvm_report_server
RUN-003292,read_disturb_test-003292,1671588873,PASS,pass,NONE,,,,0,1,0,0,0,231.72,4.42,139034867,0,uvm_report_server
RUN-003293,random_read_test-003293,1491199019,PASS,pass,NONE,,,,0,1,0,0,0,100.61,2.56,80490983,0,uvm_report_server
RUN-003294,random_read_test-003294,982346846,PASS,pass,NONE,,,,0,0,0,0,0,61.62,8.99,36972274,0,uvm_report_server
RUN-003295,erase_suspend_test-003295,126390111,PASS,pass,NONE,,,,0,1,0,0,0,4.31,15.78,2586785,0,uvm_report_server
RUN-003296,back_to_back_program_test-003296,708179123,FAIL,fail,FIFO_OVERFLOW,E_FIFO_0x21,FIFO_OVERFLOW,114790,2,0,0,1,0,118.79,11.99,95032921,1,uvm_report_server
RUN-003297,back_to_back_program_test-003297,1634558175,PASS,pass,NONE,,,,0,1,0,0,0,14.81,4.47,11844426,0,uvm_report_server
RUN-003298,erase_suspend_test-003298,2060595798,PASS,pass,NONE,,,,0,1,0,0,0,11.85,10.64,7112993,0,uvm_report_server
RUN-003299,erase_suspend_test-003299,1014864482,FAIL,fail,ASSERTION_FAIL,E_ASRT_0x60,ASSERTION_FAIL,2500,2,0,0,0,0,3.72,6.0,1489718,1,uvm_report_server
RUN-003300,random_read_test-003300,1379825871,PASS,pass,NONE,,,,0,1,0,0,0,368.95,3.04,295161752,0,uvm_report_server
RUN-003301,sequential_write_test-003301,426567039,PASS,pass,NONE,,,,0,0,0,0,0,5.04,200.61,5042235,0,uvm_report_server
RUN-003302,mixed_rw_test-003302,1892206169,PASS,pass,NONE,,,,0,0,0,0,0,171.54,23.94,68615507,0,uvm_report_server
RUN-003303,power_cycle_test-003303,100901074,FAIL,fail,TIMEOUT,E_TMO_0x40,TIMEOUT,1987730,2,0,1,0,0,1991.73,0.04,2390077690,1,uvm_report_server
RUN-003304,mixed_rw_test-003304,1305543410,PASS,pass,NONE,,,,0,0,0,0,0,8.7,64.26,3478458,0,uvm_report_server
RUN-003305,erase_suspend_test-003305,493290301,FAIL,fail,TIMEOUT,E_TMO_0x40,TIMEOUT,1986020,1,1,1,0,0,1990.02,0.04,1990015114,1,uvm_report_server
RUN-003306,back_to_back_program_test-003306,1996341303,PASS,pass,NONE,,,,0,1,0,0,0,16.43,8.4,16425103,0,uvm_report_server
RUN-003307,mixed_rw_test-003307,491181552,PASS,pass,NONE,,,,0,0,0,0,0,28.57,4.71,22858450,0,uvm_report_server
RUN-003308,garbage_collect_test-003308,1860469893,PASS,pass,NONE,,,,0,1,0,0,0,1.0,68.44,800000,0,uvm_report_server
RUN-003309,back_to_back_program_test-003309,784081401,PASS,pass,NONE,,,,0,1,0,0,0,25.77,4.89,20618686,0,uvm_report_server
RUN-003310,back_to_back_program_test-003310,359278766,FAIL,fail,FIFO_OVERFLOW,E_FIFO_0x21,FIFO_OVERFLOW,884970,2,0,0,1,0,888.97,4.37,888973244,1,uvm_report_server
RUN-003311,random_read_test-003311,922896866,FAIL,fail,DATA_MISMATCH,E_CMP_0x11,DATA_MISMATCH,2500,2,0,0,0,1,2.09,8.13,2090180,1,uvm_report_server
RUN-003312,sequential_write_test-003312,839469709,PASS,pass,NONE,,,,0,1,0,0,0,12.25,44.83,14700948,0,uvm_report_server
RUN-003313,read_disturb_test-003313,859197727,FAIL,fail,TIMEOUT,E_TMO_0x40,TIMEOUT,1967470,3,0,1,0,0,1971.47,6.69,2365764373,1,uvm_report_server
RUN-003314,random_read_test-003314,494659010,PASS,pass,NONE,,,,0,0,0,0,0,3.78,145.51,3024829,0,uvm_report_server
RUN-003315,mixed_rw_test-003315,1170249302,PASS,pass,NONE,,,,0,0,0,0,0,2.67,45.23,2137616,0,uvm_report_server
RUN-003316,read_disturb_test-003316,1352461602,PASS,pass,NONE,,,,0,0,0,0,0,11.18,96.37,8947110,0,uvm_report_server
RUN-003317,back_to_back_program_test-003317,1808095327,FAIL,fail,FIFO_OVERFLOW,E_FIFO_0x21,FIFO_OVERFLOW,309130,1,0,0,0,0,313.13,3.58,375761689,1,uvm_report_server
RUN-003318,erase_suspend_test-003318,336517183,PASS,pass,NONE,,,,0,0,0,0,0,15.25,4.37,9149323,0,uvm_report_server
RUN-003319,erase_suspend_test-003319,657485313,PASS,pass,NONE,,,,0,0,0,0,0,9.75,111.89,9754407,0,uvm_report_server
RUN-003320,power_cycle_test-003320,1217721956,FAIL,fail,TIMEOUT,E_TMO_0x40,TIMEOUT,1985630,4,0,1,1,0,1989.63,0.01,1989625555,1,uvm_report_server
RUN-003321,back_to_back_program_test-003321,180311680,PASS,pass,NONE,,,,0,1,0,0,0,21.89,50.86,21887756,0,uvm_report_server
RUN-003322,mixed_rw_test-003322,201542742,FAIL,fail,TIMEOUT,E_TMO_0x40,TIMEOUT,1958910,2,0,1,0,0,1962.91,0.05,1962905018,1,uvm_report_server
RUN-003323,erase_suspend_test-003323,1111885336,PASS,pass,NONE,,,,0,1,0,0,0,13.18,18.53,7907309,0,uvm_report_server
RUN-003324,mixed_rw_test-003324,2111533060,PASS,pass,NONE,,,,0,0,0,0,0,5.32,12.17,2129702,0,uvm_report_server
RUN-003325,random_read_test-003325,2023248732,PASS,pass,NONE,,,,0,1,0,0,0,2.7,22.37,3239009,0,uvm_report_server
RUN-003326,erase_suspend_test-003326,731244679,PASS,pass,NONE,,,,0,0,0,0,0,34.63,1.87,20775494,0,uvm_report_server
RUN-003327,sequential_write_test-003327,637776755,PASS,pass,NONE,,,,0,0,0,0,0,2.85,42.83,2852080,0,uvm_report_server
RUN-003328,garbage_collect_test-003328,995841825,PASS,pass,NONE,,,,0,0,0,0,0,3.64,76.25,4370023,0,uvm_report_server
RUN-003329,garbage_collect_test-003329,1161463963,FAIL,fail,ASSERTION_FAIL,E_ASRT_0x60,ASSERTION_FAIL,2500,3,1,0,0,0,3.07,109.23,2458393,1,uvm_report_server
RUN-003330,random_read_test-003330,265850033,PASS,pass,NONE,,,,0,0,0,0,0,248.04,1.09,99216172,0,uvm_report_server
RUN-003331,garbage_collect_test-003331,1683336507,PASS,pass,NONE,,,,0,0,0,0,0,57.94,8.45,57938098,0,uvm_report_server
RUN-003332,sequential_write_test-003332,1062123459,PASS,pass,NONE,,,,0,0,0,0,0,5.44,51.2,6524284,0,uvm_report_server
RUN-003333,back_to_back_program_test-003333,1634342506,FAIL,fail,FIFO_OVERFLOW,E_FIFO_0x21,FIFO_OVERFLOW,12860,1,0,0,0,0,16.86,2.22,13484206,1,uvm_report_server
RUN-003334,random_read_test-003334,622640952,PASS,pass,NONE,,,,0,0,0,0,0,61.25,4.22,24500078,0,uvm_report_server
RUN-003335,sequential_write_test-003335,2137042300,PASS,pass,NONE,,,,0,0,0,0,0,9.49,109.4,11385911,0,uvm_report_server
RUN-003336,sequential_write_test-003336,1455111417,PASS,pass,NONE,,,,0,1,0,0,0,2.77,89.19,2768082,0,uvm_report_server
RUN-003337,power_cycle_test-003337,517687698,PASS,pass,NONE,,,,0,0,0,0,0,2.23,61.19,1781365,0,uvm_report_server
RUN-003338,erase_suspend_test-003338,1056813802,PASS,pass,NONE,,,,0,1,0,0,0,35.79,14.12,28635151,0,uvm_report_server
RUN-003339,mixed_rw_test-003339,1441749182,PASS,pass,NONE,,,,0,0,0,0,0,54.54,37.13,32725950,0,uvm_report_server
RUN-003340,sequential_write_test-003340,843603863,FAIL,fail,ECC_UNCORRECTABLE,E_ECC_0x33,ECC_UNCORRECTABLE,962820,4,1,0,1,1,966.82,1.07,386728322,1,uvm_report_server
RUN-003341,read_disturb_test-003341,661478503,FAIL,fail,TIMEOUT,E_TMO_0x40,TIMEOUT,1992760,1,0,1,0,0,1996.76,0.01,2396107659,1,uvm_report_server
RUN-003342,power_cycle_test-003342,1035470224,PASS,pass,NONE,,,,0,0,0,0,0,163.63,13.02,65452733,0,uvm_report_server
RUN-003343,mixed_rw_test-003343,2146202082,PASS,pass,NONE,,,,0,1,0,0,0,2.48,3.08,2483564,0,uvm_report_server
RUN-003344,random_read_test-003344,1857678346,FAIL,fail,ECC_UNCORRECTABLE,E_ECC_0x33,ECC_UNCORRECTABLE,105330,2,0,0,0,1,109.33,0.72,43730241,1,uvm_report_server
RUN-003345,garbage_collect_test-003345,1320306074,FAIL,fail,TIMEOUT,E_TMO_0x40,TIMEOUT,1978680,1,1,1,0,0,1982.68,0.4,1982680779,1,uvm_report_server
RUN-003346,sequential_write_test-003346,2097604435,FAIL,fail,ECC_UNCORRECTABLE,E_ECC_0x33,ECC_UNCORRECTABLE,99990,4,1,0,1,1,103.99,29.43,103990849,1,uvm_report_server
RUN-003347,mixed_rw_test-003347,21353123,PASS,pass,NONE,,,,0,1,0,0,0,3.13,152.68,2507833,0,uvm_report_server
RUN-003348,erase_suspend_test-003348,257843782,PASS,pass,NONE,,,,0,0,0,0,0,23.29,336.84,23294158,0,uvm_report_server
RUN-003349,sequential_write_test-003349,2040917407,PASS,pass,NONE,,,,0,1,0,0,0,27.37,40.24,21894693,0,uvm_report_server
RUN-003350,garbage_collect_test-003350,760348148,PASS,pass,NONE,,,,0,0,0,0,0,4.22,3.72,4222918,0,uvm_report_server
RUN-003351,back_to_back_program_test-003351,878080663,FAIL,fail,FIFO_OVERFLOW,E_FIFO_0x21,FIFO_OVERFLOW,396310,3,0,0,0,0,400.31,3.46,240188477,1,uvm_report_server
RUN-003352,sequential_write_test-003352,2057296194,FAIL,fail,TIMEOUT,E_TMO_0x40,TIMEOUT,1994430,3,0,1,0,0,1998.43,0.3,1998429139,1,uvm_report_server
RUN-003353,back_to_back_program_test-003353,1221730697,FAIL,fail,FIFO_OVERFLOW,E_FIFO_0x21,FIFO_OVERFLOW,319090,3,1,0,1,0,323.09,9.4,129236266,1,uvm_report_server
RUN-003354,read_disturb_test-003354,728081009,PASS,pass,NONE,,,,0,0,0,0,0,83.23,50.82,49937553,0,uvm_report_server
RUN-003355,power_cycle_test-003355,1020189911,FAIL,fail,ASSERTION_FAIL,E_ASRT_0x60,ASSERTION_FAIL,12090,4,1,0,1,0,16.09,2.92,12869454,1,uvm_report_server
RUN-003356,read_disturb_test-003356,1257801031,PASS,pass,NONE,,,,0,0,0,0,0,187.6,2.92,112559081,0,uvm_report_server
RUN-003357,mixed_rw_test-003357,1240873411,FAIL,fail,ASSERTION_FAIL,E_ASRT_0x60,ASSERTION_FAIL,40440,3,0,0,0,0,44.44,2.06,17777725,1,uvm_report_server
RUN-003358,sequential_write_test-003358,1524862975,PASS,pass,NONE,,,,0,0,0,0,0,11.1,47.46,13317795,0,uvm_report_server
RUN-003359,mixed_rw_test-003359,1269177393,PASS,pass,NONE,,,,0,0,0,0,0,26.55,19.01,21242493,0,uvm_report_server
RUN-003360,back_to_back_program_test-003360,1685789042,PASS,pass,NONE,,,,0,0,0,0,0,10.44,47.4,6261508,0,uvm_report_server
RUN-003361,sequential_write_test-003361,1970466015,PASS,pass,NONE,,,,0,1,0,0,0,100.99,1.27,60594388,0,uvm_report_server
RUN-003362,mixed_rw_test-003362,1036906962,PASS,pass,NONE,,,,0,0,0,0,0,99.01,42.9,79204537,0,uvm_report_server
RUN-003363,back_to_back_program_test-003363,1682241425,PASS,pass,NONE,,,,0,0,0,0,0,13.15,161.41,7888108,0,uvm_report_server
RUN-003364,sequential_write_test-003364,99182820,PASS,pass,NONE,,,,0,1,0,0,0,93.28,1.5,37311896,0,uvm_report_server
RUN-003365,power_cycle_test-003365,972293322,PASS,pass,NONE,,,,0,0,0,0,0,54.69,9.35,43748451,0,uvm_report_server
RUN-003366,garbage_collect_test-003366,1774257417,PASS,pass,NONE,,,,0,1,0,0,0,15.89,127.57,15888087,0,uvm_report_server
RUN-003367,sequential_write_test-003367,1369541390,FAIL,fail,DATA_MISMATCH,E_CMP_0x11,DATA_MISMATCH,42690,1,0,0,0,1,46.69,10.76,37355003,1,uvm_report_server
RUN-003368,sequential_write_test-003368,303299022,PASS,pass,NONE,,,,0,0,0,0,0,19.02,6.6,11411142,0,uvm_report_server
RUN-003369,random_read_test-003369,1591905081,PASS,pass,NONE,,,,0,0,0,0,0,246.69,0.56,98675048,0,uvm_report_server
RUN-003370,mixed_rw_test-003370,1926215373,PASS,pass,NONE,,,,0,0,0,0,0,8.49,14.38,3394598,0,uvm_report_server
RUN-003371,garbage_collect_test-003371,489615658,FAIL,fail,DATA_MISMATCH,E_CMP_0x11,DATA_MISMATCH,68850,2,0,0,0,1,72.85,14.54,29141152,1,uvm_report_server
RUN-003372,back_to_back_program_test-003372,1819203382,PASS,pass,NONE,,,,0,0,0,0,0,5.8,12.12,3481965,0,uvm_report_server
RUN-003373,sequential_write_test-003373,588228361,PASS,pass,NONE,,,,0,0,0,0,0,6.34,19.51,2536292,0,uvm_report_server
RUN-003374,read_disturb_test-003374,294079212,PASS,pass,NONE,,,,0,1,0,0,0,77.56,1.82,31025878,0,uvm_report_server
RUN-003375,read_disturb_test-003375,702883528,FAIL,fail,TIMEOUT,E_TMO_0x40,TIMEOUT,1966570,3,0,1,0,0,1970.57,0.05,1970565306,1,uvm_report_server
RUN-003376,mixed_rw_test-003376,256319808,PASS,pass,NONE,,,,0,0,0,0,0,172.76,6.25,103653842,0,uvm_report_server
RUN-003377,mixed_rw_test-003377,697713899,PASS,pass,NONE,,,,0,1,0,0,0,1.0,16.6,1000000,0,uvm_report_server
RUN-003378,erase_suspend_test-003378,1803369355,PASS,pass,NONE,,,,0,0,0,0,0,8.12,68.12,9744619,0,uvm_report_server
RUN-003379,random_read_test-003379,590860683,PASS,pass,NONE,,,,0,1,0,0,0,48.98,154.85,48978036,0,uvm_report_server
RUN-003380,erase_suspend_test-003380,1810157439,PASS,pass,NONE,,,,0,1,0,0,0,5.76,46.7,2304137,0,uvm_report_server
RUN-003381,random_read_test-003381,673116756,PASS,pass,NONE,,,,0,0,0,0,0,843.56,9.56,674844286,0,uvm_report_server
RUN-003382,random_read_test-003382,706153190,FAIL,fail,ASSERTION_FAIL,E_ASRT_0x60,ASSERTION_FAIL,2500,3,0,0,1,0,2.2,82.1,1320661,1,uvm_report_server
RUN-003383,mixed_rw_test-003383,249844780,PASS,pass,NONE,,,,0,0,0,0,0,23.77,46.34,19017785,0,uvm_report_server
RUN-003384,sequential_write_test-003384,1496042786,PASS,pass,NONE,,,,0,0,0,0,0,54.19,2.47,21677138,0,uvm_report_server
RUN-003385,back_to_back_program_test-003385,121547350,FAIL,fail,PROTOCOL_VIOLATION,E_PROT_0x52,PROTOCOL_VIOLATION,2500,2,1,1,0,0,2.92,451.61,2332696,1,uvm_report_server
RUN-003386,mixed_rw_test-003386,1821559185,FAIL,fail,THERMAL_SHUTDOWN,E_THRM_0x80,THERMAL_SHUTDOWN,220650,1,0,0,0,0,224.65,3.38,179719579,1,uvm_report_server
RUN-003387,erase_suspend_test-003387,69992921,PASS,pass,NONE,,,,0,1,0,0,0,40.99,52.21,16394246,0,uvm_report_server
RUN-003388,read_disturb_test-003388,470431967,PASS,pass,NONE,,,,0,0,0,0,0,3.55,4.94,2842685,0,uvm_report_server
RUN-003389,sequential_write_test-003389,1887636893,PASS,pass,NONE,,,,0,0,0,0,0,20.57,6.71,12339724,0,uvm_report_server
RUN-003390,back_to_back_program_test-003390,685041864,PASS,pass,NONE,,,,0,1,0,0,0,27.73,0.55,11092198,0,uvm_report_server
RUN-003391,random_read_test-003391,1190978514,PASS,pass,NONE,,,,0,1,0,0,0,122.91,2.18,73744072,0,uvm_report_server
RUN-003392,random_read_test-003392,1392367377,PASS,pass,NONE,,,,0,0,0,0,0,10.65,25.62,6389014,0,uvm_report_server
RUN-003393,power_cycle_test-003393,186266032,PASS,pass,NONE,,,,0,0,0,0,0,32.27,8.58,25818582,0,uvm_report_server
RUN-003394,sequential_write_test-003394,1861201886,PASS,pass,NONE,,,,0,0,0,0,0,22.56,2.68,18046179,0,uvm_report_server
RUN-003395,read_disturb_test-003395,327800014,PASS,pass,NONE,,,,0,0,0,0,0,3.8,67.16,2282269,0,uvm_report_server
RUN-003396,back_to_back_program_test-003396,1633552926,PASS,pass,NONE,,,,0,0,0,0,0,42.48,11.47,25490116,0,uvm_report_server
RUN-003397,power_cycle_test-003397,561022245,PASS,pass,NONE,,,,0,0,0,0,0,12.91,9.44,10324490,0,uvm_report_server
RUN-003398,garbage_collect_test-003398,746779602,PASS,pass,NONE,,,,0,1,0,0,0,18.68,1.89,11209854,0,uvm_report_server
RUN-003399,read_disturb_test-003399,1304268231,PASS,pass,NONE,,,,0,0,0,0,0,4.72,53.81,3774497,0,uvm_report_server
RUN-003400,read_disturb_test-003400,2069101335,FAIL,fail,TIMEOUT,E_TMO_0x40,TIMEOUT,1976780,4,0,1,1,0,1980.78,0.05,1980776432,1,uvm_report_server
RUN-003401,garbage_collect_test-003401,1901840511,PASS,pass,NONE,,,,0,0,0,0,0,1.0,30.84,1000000,0,uvm_report_server
RUN-003402,mixed_rw_test-003402,588264023,PASS,pass,NONE,,,,0,1,0,0,0,1.36,3.25,1084867,0,uvm_report_server
RUN-003403,back_to_back_program_test-003403,709044456,PASS,pass,NONE,,,,0,0,0,0,0,50.38,10.18,40304194,0,uvm_report_server
RUN-003404,mixed_rw_test-003404,1807415471,PASS,pass,NONE,,,,0,0,0,0,0,112.47,1.25,67480645,0,uvm_report_server
RUN-003405,power_cycle_test-003405,1496671256,FAIL,fail,THERMAL_SHUTDOWN,E_THRM_0x80,THERMAL_SHUTDOWN,2500,2,0,0,0,0,4.0,18.37,3996979,1,uvm_report_server
RUN-003406,mixed_rw_test-003406,1522123207,PASS,pass,NONE,,,,0,0,0,0,0,3.92,32.47,4698021,0,uvm_report_server
RUN-003407,back_to_back_program_test-003407,1308912074,PASS,pass,NONE,,,,0,1,0,0,0,3.34,153.41,4012029,0,uvm_report_server
RUN-003408,sequential_write_test-003408,1875244375,PASS,pass,NONE,,,,0,0,0,0,0,11.07,6.33,6643822,0,uvm_report_server
RUN-003409,erase_suspend_test-003409,596114064,PASS,pass,NONE,,,,0,0,0,0,0,34.99,1.73,20996063,0,uvm_report_server
RUN-003410,back_to_back_program_test-003410,1281737846,FAIL,fail,DATA_MISMATCH,E_CMP_0x11,DATA_MISMATCH,29200,1,1,0,0,1,33.2,9.49,13279870,1,uvm_report_server
RUN-003411,erase_suspend_test-003411,535818137,PASS,pass,NONE,,,,0,0,0,0,0,39.86,26.18,47836009,0,uvm_report_server
RUN-003412,back_to_back_program_test-003412,421254820,PASS,pass,NONE,,,,0,0,0,0,0,33.49,229.36,20093635,0,uvm_report_server
RUN-003413,back_to_back_program_test-003413,783795345,PASS,pass,NONE,,,,0,0,0,0,0,4.86,382.06,2917820,0,uvm_report_server
RUN-003414,back_to_back_program_test-003414,10481616,PASS,pass,NONE,,,,0,0,0,0,0,1299.69,6.23,519876375,0,uvm_report_server
RUN-003415,sequential_write_test-003415,549615289,PASS,pass,NONE,,,,0,0,0,0,0,238.0,2.12,190397400,0,uvm_report_server
RUN-003416,random_read_test-003416,1047092355,PASS,pass,NONE,,,,0,0,0,0,0,84.27,0.73,33708701,0,uvm_report_server
RUN-003417,read_disturb_test-003417,1326122702,PASS,pass,NONE,,,,0,0,0,0,0,3.63,9.05,2901383,0,uvm_report_server
RUN-003418,back_to_back_program_test-003418,1565314059,FAIL,fail,FIFO_OVERFLOW,E_FIFO_0x21,FIFO_OVERFLOW,258300,3,0,0,0,0,262.3,0.97,104918479,1,uvm_report_server
RUN-003419,random_read_test-003419,1754534413,FAIL,fail,ASSERTION_FAIL,E_ASRT_0x60,ASSERTION_FAIL,11790,2,1,0,0,0,15.79,214.49,9473482,1,uvm_report_server
RUN-003420,sequential_write_test-003420,426971865,PASS,pass,NONE,,,,0,0,0,0,0,123.19,17.47,49277261,0,uvm_report_server
RUN-003421,random_read_test-003421,698641309,FAIL,fail,ECC_UNCORRECTABLE,E_ECC_0x33,ECC_UNCORRECTABLE,105500,1,0,0,0,1,109.5,7.14,43800586,1,uvm_report_server
RUN-003422,mixed_rw_test-003422,312527339,PASS,pass,NONE,,,,0,0,0,0,0,29.99,8.83,17991873,0,uvm_report_server
RUN-003423,mixed_rw_test-003423,329243130,PASS,pass,NONE,,,,0,1,0,0,0,1.62,39.09,648979,0,uvm_report_server
RUN-003424,garbage_collect_test-003424,1461094833,PASS,pass,NONE,,,,0,1,0,0,0,104.15,1.33,104151991,0,uvm_report_server
RUN-003425,back_to_back_program_test-003425,1732112771,PASS,pass,NONE,,,,0,1,0,0,0,149.57,14.13,119659627,0,uvm_report_server
RUN-003426,mixed_rw_test-003426,1631967689,PASS,pass,NONE,,,,0,0,0,0,0,52.17,4.75,41739859,0,uvm_report_server
RUN-003427,erase_suspend_test-003427,1572940314,PASS,pass,NONE,,,,0,1,0,0,0,11.19,94.02,8954411,0,uvm_report_server
RUN-003428,random_read_test-003428,1331402371,PASS,pass,NONE,,,,0,1,0,0,0,8.25,260.42,8248240,0,uvm_report_server
RUN-003429,mixed_rw_test-003429,14090529,PASS,pass,NONE,,,,0,0,0,0,0,426.07,4.56,255643600,0,uvm_report_server
RUN-003430,sequential_write_test-003430,405446542,PASS,pass,NONE,,,,0,1,0,0,0,49.3,1.33,19718571,0,uvm_report_server
RUN-003431,garbage_collect_test-003431,883750287,PASS,pass,NONE,,,,0,1,0,0,0,15.22,15.85,6087664,0,uvm_report_server
RUN-003432,random_read_test-003432,2025012485,PASS,pass,NONE,,,,0,0,0,0,0,9.21,112.19,9208299,0,uvm_report_server
RUN-003433,garbage_collect_test-003433,1294564687,FAIL,fail,TIMEOUT,E_TMO_0x40,TIMEOUT,1966990,3,0,1,0,0,1970.99,0.02,1970987127,1,uvm_report_server
RUN-003434,power_cycle_test-003434,654049923,PASS,pass,NONE,,,,0,0,0,0,0,23.57,5.26,18856977,0,uvm_report_server
RUN-003435,random_read_test-003435,1060809153,FAIL,fail,DATA_MISMATCH,E_CMP_0x11,DATA_MISMATCH,7000,3,1,0,1,1,11.0,4.71,8798363,1,uvm_report_server
RUN-003436,power_cycle_test-003436,1653956711,PASS,pass,NONE,,,,0,0,0,0,0,44.05,45.58,35236768,0,uvm_report_server
RUN-003437,back_to_back_program_test-003437,372672607,FAIL,fail,FIFO_OVERFLOW,E_FIFO_0x21,FIFO_OVERFLOW,75420,3,0,0,1,0,79.42,25.57,63534242,1,uvm_report_server
RUN-003438,sequential_write_test-003438,1522092800,PASS,pass,NONE,,,,0,1,0,0,0,52.15,78.21,52153307,0,uvm_report_server
RUN-003439,garbage_collect_test-003439,347664337,FAIL,fail,RETENTION_FAIL,E_RET_0x71,RETENTION_FAIL,106660,3,1,0,0,1,110.66,5.7,88529825,1,uvm_report_server
RUN-003440,mixed_rw_test-003440,86054102,FAIL,fail,TIMEOUT,E_TMO_0x40,TIMEOUT,1987920,3,0,1,1,0,1991.92,0.09,2390303839,1,uvm_report_server
RUN-003441,power_cycle_test-003441,234851063,PASS,pass,NONE,,,,0,0,0,0,0,9.79,6.21,7832358,0,uvm_report_server
RUN-003442,back_to_back_program_test-003442,275175768,PASS,pass,NONE,,,,0,0,0,0,0,3.99,33.87,3189235,0,uvm_report_server
RUN-003443,mixed_rw_test-003443,1050501002,PASS,pass,NONE,,,,0,0,0,0,0,2.92,21.76,2335463,0,uvm_report_server
RUN-003444,random_read_test-003444,1616241940,PASS,pass,NONE,,,,0,1,0,0,0,507.93,1.07,609516521,0,uvm_report_server
RUN-003445,random_read_test-003445,644186161,PASS,pass,NONE,,,,0,1,0,0,0,74.83,59.87,44895703,0,uvm_report_server
RUN-003446,back_to_back_program_test-003446,1544132699,FAIL,fail,FIFO_OVERFLOW,E_FIFO_0x21,FIFO_OVERFLOW,49640,3,0,0,1,0,53.64,12.6,53636529,1,uvm_report_server
RUN-003447,erase_suspend_test-003447,1539483202,FAIL,fail,DATA_MISMATCH,E_CMP_0x11,DATA_MISMATCH,2500,2,0,0,1,1,1.0,32.09,800000,1,uvm_report_server
RUN-003448,read_disturb_test-003448,45795476,FAIL,fail,DATA_MISMATCH,E_CMP_0x11,DATA_MISMATCH,6430,2,0,0,1,1,10.43,10.5,10434775,1,uvm_report_server
RUN-003449,power_cycle_test-003449,507520474,PASS,pass,NONE,,,,0,0,0,0,0,31.0,8.14,12399759,0,uvm_report_server
RUN-003450,back_to_back_program_test-003450,595125001,PASS,pass,NONE,,,,0,1,0,0,0,5.55,24.54,4441653,0,uvm_report_server
RUN-003451,garbage_collect_test-003451,73166138,PASS,pass,NONE,,,,0,1,0,0,0,241.74,2.07,193394240,0,uvm_report_server
RUN-003452,garbage_collect_test-003452,1665042581,PASS,pass,NONE,,,,0,1,0,0,0,83.59,12.59,50155447,0,uvm_report_server
RUN-003453,random_read_test-003453,1036817638,PASS,pass,NONE,,,,0,0,0,0,0,24.03,43.34,19224055,0,uvm_report_server
RUN-003454,sequential_write_test-003454,467689829,PASS,pass,NONE,,,,0,0,0,0,0,12.96,19.61,7776457,0,uvm_report_server
RUN-003455,mixed_rw_test-003455,1690396125,PASS,pass,NONE,,,,0,0,0,0,0,32.0,4.27,19200506,0,uvm_report_server
RUN-003456,random_read_test-003456,614450763,PASS,pass,NONE,,,,0,0,0,0,0,17.83,30.67,14267495,0,uvm_report_server
RUN-003457,erase_suspend_test-003457,1840521533,PASS,pass,NONE,,,,0,0,0,0,0,3.51,18.25,3506841,0,uvm_report_server
RUN-003458,sequential_write_test-003458,1935774147,PASS,pass,NONE,,,,0,0,0,0,0,202.92,2.42,121751222,0,uvm_report_server
RUN-003459,erase_suspend_test-003459,1912534543,FAIL,fail,TIMEOUT,E_TMO_0x40,TIMEOUT,1957360,1,0,1,0,0,1961.36,0.01,2353631839,1,uvm_report_server
RUN-003460,random_read_test-003460,1588465906,PASS,pass,NONE,,,,0,0,0,0,0,103.74,2.36,82995210,0,uvm_report_server
RUN-003461,sequential_write_test-003461,1111436434,FAIL,fail,ASSERTION_FAIL,E_ASRT_0x60,ASSERTION_FAIL,3060,2,1,0,1,0,7.06,1.33,2825996,1,uvm_report_server
RUN-003462,random_read_test-003462,1574619242,PASS,pass,NONE,,,,0,0,0,0,0,46.73,42.29,28039236,0,uvm_report_server
RUN-003463,back_to_back_program_test-003463,334865147,FAIL,fail,FIFO_OVERFLOW,E_FIFO_0x21,FIFO_OVERFLOW,2500,1,1,0,0,0,3.15,35.76,2519302,1,uvm_report_server
RUN-003464,mixed_rw_test-003464,2011219361,PASS,pass,NONE,,,,0,0,0,0,0,65.87,3.84,39519341,0,uvm_report_server
RUN-003465,back_to_back_program_test-003465,1977165577,PASS,pass,NONE,,,,0,0,0,0,0,24.98,10.51,14990772,0,uvm_report_server
RUN-003466,random_read_test-003466,1010000336,FAIL,fail,ECC_UNCORRECTABLE,E_ECC_0x33,ECC_UNCORRECTABLE,292220,3,0,0,0,1,296.22,0.44,177730219,1,uvm_report_server
RUN-003467,power_cycle_test-003467,1499097390,PASS,pass,NONE,,,,0,1,0,0,0,42.14,26.53,25286732,0,uvm_report_server
RUN-003468,mixed_rw_test-003468,492863865,PASS,pass,NONE,,,,0,0,0,0,0,8.31,1.0,4987552,0,uvm_report_server
RUN-003469,sequential_write_test-003469,1759161804,PASS,pass,NONE,,,,0,0,0,0,0,49.79,9.99,49788277,0,uvm_report_server
RUN-003470,random_read_test-003470,492808285,PASS,pass,NONE,,,,0,1,0,0,0,18.58,3.57,7433203,0,uvm_report_server
RUN-003471,garbage_collect_test-003471,527086541,PASS,pass,NONE,,,,0,0,0,0,0,39.61,13.55,15844496,0,uvm_report_server
RUN-003472,sequential_write_test-003472,1711430122,FAIL,fail,ECC_UNCORRECTABLE,E_ECC_0x33,ECC_UNCORRECTABLE,98700,3,0,0,1,1,102.7,32.28,61622205,1,uvm_report_server
RUN-003473,back_to_back_program_test-003473,962550431,FAIL,fail,THERMAL_SHUTDOWN,E_THRM_0x80,THERMAL_SHUTDOWN,18790,3,1,0,1,0,22.79,7.89,22791400,1,uvm_report_server
RUN-003474,mixed_rw_test-003474,1088821387,PASS,pass,NONE,,,,0,0,0,0,0,99.48,21.7,99479323,0,uvm_report_server
RUN-003475,read_disturb_test-003475,1431135398,PASS,pass,NONE,,,,0,1,0,0,0,330.67,1.49,198400799,0,uvm_report_server
RUN-003476,back_to_back_program_test-003476,2223197,FAIL,fail,FIFO_OVERFLOW,E_FIFO_0x21,FIFO_OVERFLOW,2500,1,0,0,0,0,2.07,18.48,2074045,1,uvm_report_server
RUN-003477,erase_suspend_test-003477,707150646,PASS,pass,NONE,,,,0,0,0,0,0,76.91,50.53,46143485,0,uvm_report_server
RUN-003478,sequential_write_test-003478,514778421,PASS,pass,NONE,,,,0,0,0,0,0,15.92,8.79,15923537,0,uvm_report_server
RUN-003479,erase_suspend_test-003479,995368481,FAIL,fail,TIMEOUT,E_TMO_0x40,TIMEOUT,1959020,4,0,1,1,0,1963.02,0.02,1963017341,1,uvm_report_server
RUN-003480,mixed_rw_test-003480,1812661190,PASS,pass,NONE,,,,0,1,0,0,0,134.28,4.0,53711553,0,uvm_report_server
RUN-003481,garbage_collect_test-003481,2116298234,PASS,pass,NONE,,,,0,0,0,0,0,20.84,12.97,20835831,0,uvm_report_server
RUN-003482,power_cycle_test-003482,887636368,PASS,pass,NONE,,,,0,1,0,0,0,31.9,2.02,12758764,0,uvm_report_server
RUN-003483,random_read_test-003483,435629313,PASS,pass,NONE,,,,0,1,0,0,0,10.0,189.05,3999682,0,uvm_report_server
RUN-003484,mixed_rw_test-003484,1521514940,FAIL,fail,ASSERTION_FAIL,E_ASRT_0x60,ASSERTION_FAIL,10700,2,0,0,0,0,14.7,91.16,17641284,1,uvm_report_server
RUN-003485,read_disturb_test-003485,1940650517,PASS,pass,NONE,,,,0,0,0,0,0,14.08,75.97,16894375,0,uvm_report_server
RUN-003486,back_to_back_program_test-003486,1042376513,FAIL,fail,FIFO_OVERFLOW,E_FIFO_0x21,FIFO_OVERFLOW,2500,2,0,0,0,0,4.07,5.81,4072648,1,uvm_report_server
RUN-003487,random_read_test-003487,1728226734,PASS,pass,NONE,,,,0,0,0,0,0,21.74,23.04,17390313,0,uvm_report_server
RUN-003488,mixed_rw_test-003488,1048351711,PASS,pass,NONE,,,,0,0,0,0,0,8.1,33.46,6481820,0,uvm_report_server
RUN-003489,mixed_rw_test-003489,655195872,PASS,pass,NONE,,,,0,1,0,0,0,85.28,98.27,51167547,0,uvm_report_server
RUN-003490,mixed_rw_test-003490,1738568082,PASS,pass,NONE,,,,0,0,0,0,0,2.64,12.19,2638479,0,uvm_report_server
RUN-003491,random_read_test-003491,1872498631,PASS,pass,NONE,,,,0,0,0,0,0,14.22,4.65,11376246,0,uvm_report_server
RUN-003492,sequential_write_test-003492,653015653,FAIL,fail,ASSERTION_FAIL,E_ASRT_0x60,ASSERTION_FAIL,2500,2,0,0,0,0,3.17,183.41,1904937,1,uvm_report_server
RUN-003493,read_disturb_test-003493,68272249,PASS,pass,NONE,,,,0,0,0,0,0,51.38,2.57,61651838,0,uvm_report_server
RUN-003494,back_to_back_program_test-003494,638625911,PASS,pass,NONE,,,,0,0,0,0,0,8.7,7.29,8704351,0,uvm_report_server
RUN-003495,garbage_collect_test-003495,399904024,PASS,pass,NONE,,,,0,0,0,0,0,8.03,3.84,3212122,0,uvm_report_server
RUN-003496,random_read_test-003496,432889382,PASS,pass,NONE,,,,0,0,0,0,0,19.75,53.41,23695883,0,uvm_report_server
RUN-003497,read_disturb_test-003497,1565510473,PASS,pass,NONE,,,,0,0,0,0,0,7.12,8.99,5699944,0,uvm_report_server
RUN-003498,random_read_test-003498,1218266225,PASS,pass,NONE,,,,0,0,0,0,0,54.65,2.54,32789731,0,uvm_report_server
RUN-003499,power_cycle_test-003499,355517694,FAIL,fail,TIMEOUT,E_TMO_0x40,TIMEOUT,1966840,3,1,1,1,0,1970.84,0.03,1970840024,1,uvm_report_server
RUN-003500,erase_suspend_test-003500,1916665512,PASS,pass,NONE,,,,0,0,0,0,0,1.48,11.21,1478216,0,uvm_report_server
RUN-003501,read_disturb_test-003501,315076473,PASS,pass,NONE,,,,0,0,0,0,0,11.58,83.93,11581618,0,uvm_report_server
RUN-003502,erase_suspend_test-003502,1067071307,PASS,pass,NONE,,,,0,0,0,0,0,32.18,64.02,25747358,0,uvm_report_server
RUN-003503,sequential_write_test-003503,2031184481,FAIL,fail,ECC_UNCORRECTABLE,E_ECC_0x33,ECC_UNCORRECTABLE,73140,4,0,0,1,1,77.14,9.57,77137780,1,uvm_report_server
RUN-003504,mixed_rw_test-003504,778500945,FAIL,fail,DATA_MISMATCH,E_CMP_0x11,DATA_MISMATCH,2500,4,0,0,1,1,4.6,2.01,2760858,1,uvm_report_server
RUN-003505,read_disturb_test-003505,1945917370,PASS,pass,NONE,,,,0,0,0,0,0,3.24,306.42,2593997,0,uvm_report_server
RUN-003506,mixed_rw_test-003506,850672284,PASS,pass,NONE,,,,0,0,0,0,0,1.0,63.16,1000000,0,uvm_report_server
RUN-003507,read_disturb_test-003507,687874306,FAIL,fail,DATA_MISMATCH,E_CMP_0x11,DATA_MISMATCH,4280,3,0,0,0,1,8.28,13.58,4966432,1,uvm_report_server
RUN-003508,sequential_write_test-003508,1358164970,PASS,pass,NONE,,,,0,0,0,0,0,1.56,38.74,937250,0,uvm_report_server
RUN-003509,power_cycle_test-003509,1377009782,PASS,pass,NONE,,,,0,1,0,0,0,42.93,25.89,25757566,0,uvm_report_server
RUN-003510,sequential_write_test-003510,254437305,PASS,pass,NONE,,,,0,0,0,0,0,23.06,10.93,23058212,0,uvm_report_server
RUN-003511,read_disturb_test-003511,60611691,PASS,pass,NONE,,,,0,0,0,0,0,163.69,1.72,98212577,0,uvm_report_server
RUN-003512,read_disturb_test-003512,771624939,PASS,pass,NONE,,,,0,0,0,0,0,33.24,8.14,26590854,0,uvm_report_server
RUN-003513,mixed_rw_test-003513,885689801,PASS,pass,NONE,,,,0,1,0,0,0,17.71,56.5,14165687,0,uvm_report_server
RUN-003514,read_disturb_test-003514,736456755,PASS,pass,NONE,,,,0,1,0,0,0,1.0,65.68,800000,0,uvm_report_server
RUN-003515,erase_suspend_test-003515,2010866534,PASS,pass,NONE,,,,0,1,0,0,0,140.42,14.73,84254763,0,uvm_report_server
RUN-003516,back_to_back_program_test-003516,1491394447,FAIL,fail,ECC_UNCORRECTABLE,E_ECC_0x33,ECC_UNCORRECTABLE,119620,3,1,0,0,1,123.62,0.98,98895390,1,uvm_report_server
RUN-003517,sequential_write_test-003517,761633542,PASS,pass,NONE,,,,0,0,0,0,0,39.14,1.56,15657585,0,uvm_report_server
RUN-003518,read_disturb_test-003518,553403990,PASS,pass,NONE,,,,0,0,0,0,0,41.33,6.46,49593184,0,uvm_report_server
RUN-003519,mixed_rw_test-003519,470410604,PASS,pass,NONE,,,,0,0,0,0,0,282.99,3.41,282985220,0,uvm_report_server
RUN-003520,back_to_back_program_test-003520,685049144,PASS,pass,NONE,,,,0,1,0,0,0,9.52,6.61,3808105,0,uvm_report_server
RUN-003521,power_cycle_test-003521,1504225172,FAIL,fail,ECC_UNCORRECTABLE,E_ECC_0x33,ECC_UNCORRECTABLE,287160,1,0,0,0,1,291.16,1.36,174697403,1,uvm_report_server
RUN-003522,erase_suspend_test-003522,297417790,PASS,pass,NONE,,,,0,0,0,0,0,7.83,33.31,6266584,0,uvm_report_server
RUN-003523,random_read_test-003523,2061816379,PASS,pass,NONE,,,,0,1,0,0,0,3.55,19.52,2841461,0,uvm_report_server
RUN-003524,sequential_write_test-003524,1164311548,PASS,pass,NONE,,,,0,0,0,0,0,91.26,95.82,73007801,0,uvm_report_server
RUN-003525,back_to_back_program_test-003525,694881199,FAIL,fail,PROTOCOL_VIOLATION,E_PROT_0x52,PROTOCOL_VIOLATION,19260,3,0,1,1,0,23.26,13.17,23255786,1,uvm_report_server
RUN-003526,mixed_rw_test-003526,80059736,FAIL,fail,ECC_UNCORRECTABLE,E_ECC_0x33,ECC_UNCORRECTABLE,793260,3,1,0,0,1,797.26,4.15,956706817,1,uvm_report_server
RUN-003527,garbage_collect_test-003527,493419529,PASS,pass,NONE,,,,0,0,0,0,0,6.28,0.7,3770088,0,uvm_report_server
RUN-003528,random_read_test-003528,1542966147,PASS,pass,NONE,,,,0,1,0,0,0,9.07,109.56,3629743,0,uvm_report_server
RUN-003529,read_disturb_test-003529,881755721,PASS,pass,NONE,,,,0,0,0,0,0,11.88,5.2,11880018,0,uvm_report_server
RUN-003530,sequential_write_test-003530,880231371,PASS,pass,NONE,,,,0,1,0,0,0,47.92,5.83,28749459,0,uvm_report_server
RUN-003531,random_read_test-003531,1741220262,PASS,pass,NONE,,,,0,0,0,0,0,7.68,258.36,6140998,0,uvm_report_server
RUN-003532,sequential_write_test-003532,78915120,PASS,pass,NONE,,,,0,0,0,0,0,41.7,24.31,33358454,0,uvm_report_server
RUN-003533,random_read_test-003533,333927084,PASS,pass,NONE,,,,0,1,0,0,0,13.79,151.8,8272638,0,uvm_report_server
RUN-003534,power_cycle_test-003534,1419828322,FAIL,fail,TIMEOUT,E_TMO_0x40,TIMEOUT,1963510,1,0,1,0,0,1967.51,0.01,2361017184,1,uvm_report_server
RUN-003535,sequential_write_test-003535,2123447009,PASS,pass,NONE,,,,0,1,0,0,0,12.09,2.87,14507970,0,uvm_report_server
RUN-003536,mixed_rw_test-003536,82518432,PASS,pass,NONE,,,,0,1,0,0,0,25.12,2.71,15070127,0,uvm_report_server
RUN-003537,random_read_test-003537,16179503,PASS,pass,NONE,,,,0,1,0,0,0,32.41,0.94,32409970,0,uvm_report_server
RUN-003538,sequential_write_test-003538,973206146,PASS,pass,NONE,,,,0,0,0,0,0,32.0,62.03,25601358,0,uvm_report_server
RUN-003539,garbage_collect_test-003539,2070357582,PASS,pass,NONE,,,,0,1,0,0,0,95.89,5.74,95886633,0,uvm_report_server
RUN-003540,sequential_write_test-003540,946714026,PASS,pass,NONE,,,,0,0,0,0,0,192.56,23.08,154048245,0,uvm_report_server
RUN-003541,back_to_back_program_test-003541,1241585122,FAIL,fail,FIFO_OVERFLOW,E_FIFO_0x21,FIFO_OVERFLOW,157180,1,0,0,0,0,161.18,19.59,193419444,1,uvm_report_server
RUN-003542,sequential_write_test-003542,1871322091,PASS,pass,NONE,,,,0,1,0,0,0,15.8,62.63,9480678,0,uvm_report_server
RUN-003543,read_disturb_test-003543,1519212015,FAIL,fail,TIMEOUT,E_TMO_0x40,TIMEOUT,1975880,4,0,1,1,0,1979.88,0.51,2375856287,1,uvm_report_server
RUN-003544,power_cycle_test-003544,1206399973,PASS,pass,NONE,,,,0,0,0,0,0,25.97,10.85,31166739,0,uvm_report_server
RUN-003545,back_to_back_program_test-003545,1107899126,PASS,pass,NONE,,,,0,0,0,0,0,229.13,1.16,137479862,0,uvm_report_server
RUN-003546,garbage_collect_test-003546,1273106870,FAIL,fail,THERMAL_SHUTDOWN,E_THRM_0x80,THERMAL_SHUTDOWN,2500,3,1,0,1,0,1.1,15.28,662082,1,uvm_report_server
RUN-003547,read_disturb_test-003547,1510715975,PASS,pass,NONE,,,,0,1,0,0,0,2.38,417.43,2382330,0,uvm_report_server
RUN-003548,garbage_collect_test-003548,963978975,FAIL,fail,TIMEOUT,E_TMO_0x40,TIMEOUT,1957110,3,0,1,1,0,1961.11,0.03,2353337300,1,uvm_report_server
RUN-003549,erase_suspend_test-003549,742003721,PASS,pass,NONE,,,,0,1,0,0,0,65.2,7.86,52161212,0,uvm_report_server
RUN-003550,sequential_write_test-003550,33419377,PASS,pass,NONE,,,,0,1,0,0,0,1.0,60.5,1000000,0,uvm_report_server
RUN-003551,random_read_test-003551,2132825444,PASS,pass,NONE,,,,0,1,0,0,0,2.64,48.48,2114868,0,uvm_report_server
RUN-003552,read_disturb_test-003552,70051661,PASS,pass,NONE,,,,0,0,0,0,0,8.48,235.82,6784541,0,uvm_report_server
RUN-003553,power_cycle_test-003553,774364822,FAIL,fail,DATA_MISMATCH,E_CMP_0x11,DATA_MISMATCH,86900,3,0,0,0,1,90.9,1.11,36360658,1,uvm_report_server
RUN-003554,read_disturb_test-003554,732194191,FAIL,fail,THERMAL_SHUTDOWN,E_THRM_0x80,THERMAL_SHUTDOWN,9760,4,0,0,1,0,13.76,13.25,5505492,1,uvm_report_server
RUN-003555,back_to_back_program_test-003555,53028828,FAIL,fail,DATA_MISMATCH,E_CMP_0x11,DATA_MISMATCH,95850,1,1,0,0,1,99.85,0.79,79876188,1,uvm_report_server
RUN-003556,back_to_back_program_test-003556,1959618938,PASS,pass,NONE,,,,0,0,0,0,0,1052.51,0.53,421002716,0,uvm_report_server
RUN-003557,mixed_rw_test-003557,1621938776,PASS,pass,NONE,,,,0,0,0,0,0,26.86,20.03,16118856,0,uvm_report_server
RUN-003558,power_cycle_test-003558,900582049,FAIL,fail,THERMAL_SHUTDOWN,E_THRM_0x80,THERMAL_SHUTDOWN,24260,4,1,0,1,0,28.26,5.22,22606787,1,uvm_report_server
RUN-003559,sequential_write_test-003559,1382437318,PASS,pass,NONE,,,,0,1,0,0,0,13.32,19.27,7990712,0,uvm_report_server
RUN-003560,mixed_rw_test-003560,1821621471,FAIL,fail,TIMEOUT,E_TMO_0x40,TIMEOUT,1977090,2,1,1,0,0,1981.09,0.01,1981088315,1,uvm_report_server
RUN-003561,random_read_test-003561,61512112,PASS,pass,NONE,,,,0,0,0,0,0,1.77,38.27,1417275,0,uvm_report_server
RUN-003562,mixed_rw_test-003562,406424702,PASS,pass,NONE,,,,0,0,0,0,0,21.94,97.84,17551514,0,uvm_report_server
RUN-003563,sequential_write_test-003563,1888889860,PASS,pass,NONE,,,,0,1,0,0,0,47.49,11.4,37988938,0,uvm_report_server
RUN-003564,sequential_write_test-003564,401036610,FAIL,fail,TIMEOUT,E_TMO_0x40,TIMEOUT,1965360,1,0,1,0,0,1969.36,0.05,1969358026,1,uvm_report_server
RUN-003565,garbage_collect_test-003565,454308922,PASS,pass,NONE,,,,0,1,0,0,0,75.5,0.82,60399927,0,uvm_report_server
RUN-003566,mixed_rw_test-003566,784074864,PASS,pass,NONE,,,,0,0,0,0,0,12.74,42.36,12742239,0,uvm_report_server
RUN-003567,erase_suspend_test-003567,1402680723,PASS,pass,NONE,,,,0,0,0,0,0,15.18,36.09,12143649,0,uvm_report_server
RUN-003568,random_read_test-003568,809937593,PASS,pass,NONE,,,,0,0,0,0,0,2.16,116.16,1294687,0,uvm_report_server
RUN-003569,erase_suspend_test-003569,1530663124,PASS,pass,NONE,,,,0,0,0,0,0,8.28,16.1,4966963,0,uvm_report_server
RUN-003570,power_cycle_test-003570,397705167,FAIL,fail,THERMAL_SHUTDOWN,E_THRM_0x80,THERMAL_SHUTDOWN,2500,1,1,0,0,0,2.31,76.76,1383453,1,uvm_report_server
RUN-003571,back_to_back_program_test-003571,462478451,FAIL,fail,FIFO_OVERFLOW,E_FIFO_0x21,FIFO_OVERFLOW,2500,3,1,0,1,0,4.8,0.75,3837980,1,uvm_report_server
RUN-003572,random_read_test-003572,736416960,FAIL,fail,PROTOCOL_VIOLATION,E_PROT_0x52,PROTOCOL_VIOLATION,6900,2,0,1,0,0,10.9,190.69,8723710,1,uvm_report_server
RUN-003573,random_read_test-003573,1763604781,PASS,pass,NONE,,,,0,0,0,0,0,307.43,3.52,245941840,0,uvm_report_server
RUN-003574,mixed_rw_test-003574,188625864,FAIL,fail,RETENTION_FAIL,E_RET_0x71,RETENTION_FAIL,5710,3,0,0,0,1,9.71,19.15,11646868,1,uvm_report_server
RUN-003575,mixed_rw_test-003575,529121747,PASS,pass,NONE,,,,0,0,0,0,0,17.01,3.95,13609473,0,uvm_report_server
RUN-003576,read_disturb_test-003576,1293153847,PASS,pass,NONE,,,,0,0,0,0,0,5.13,94.04,5130769,0,uvm_report_server
RUN-003577,sequential_write_test-003577,1021762799,PASS,pass,NONE,,,,0,0,0,0,0,64.21,17.02,38525532,0,uvm_report_server
RUN-003578,power_cycle_test-003578,410015566,PASS,pass,NONE,,,,0,1,0,0,0,28.42,135.39,28415965,0,uvm_report_server
RUN-003579,back_to_back_program_test-003579,1928830883,PASS,pass,NONE,,,,0,1,0,0,0,37.27,13.45,37272247,0,uvm_report_server
RUN-003580,erase_suspend_test-003580,1135815338,PASS,pass,NONE,,,,0,0,0,0,0,57.27,9.66,57273863,0,uvm_report_server
RUN-003581,read_disturb_test-003581,1438112459,PASS,pass,NONE,,,,0,0,0,0,0,18.89,108.72,15108992,0,uvm_report_server
RUN-003582,random_read_test-003582,1766616373,PASS,pass,NONE,,,,0,0,0,0,0,4.2,30.33,3357824,0,uvm_report_server
RUN-003583,erase_suspend_test-003583,501044348,PASS,pass,NONE,,,,0,0,0,0,0,1.36,23.36,1090485,0,uvm_report_server
RUN-003584,back_to_back_program_test-003584,1297183305,PASS,pass,NONE,,,,0,0,0,0,0,20.29,108.15,24344050,0,uvm_report_server
RUN-003585,erase_suspend_test-003585,1719143589,PASS,pass,NONE,,,,0,0,0,0,0,47.04,5.6,56452670,0,uvm_report_server
RUN-003586,power_cycle_test-003586,17601716,PASS,pass,NONE,,,,0,0,0,0,0,338.92,3.09,135568643,0,uvm_report_server
RUN-003587,sequential_write_test-003587,1655742545,FAIL,fail,PROTOCOL_VIOLATION,E_PROT_0x52,PROTOCOL_VIOLATION,2500,2,1,1,0,0,1.82,151.24,2187821,1,uvm_report_server
RUN-003588,random_read_test-003588,551498841,PASS,pass,NONE,,,,0,0,0,0,0,238.0,2.06,95201295,0,uvm_report_server
RUN-003589,erase_suspend_test-003589,1805118976,PASS,pass,NONE,,,,0,0,0,0,0,5.48,46.74,5476060,0,uvm_report_server
RUN-003590,mixed_rw_test-003590,1453078472,PASS,pass,NONE,,,,0,0,0,0,0,107.95,1.27,86362460,0,uvm_report_server
RUN-003591,garbage_collect_test-003591,1382554547,PASS,pass,NONE,,,,0,0,0,0,0,3.04,22.01,3044802,0,uvm_report_server
RUN-003592,erase_suspend_test-003592,579512458,PASS,pass,NONE,,,,0,0,0,0,0,5.11,6.49,2042181,0,uvm_report_server
RUN-003593,mixed_rw_test-003593,1466787743,FAIL,fail,TIMEOUT,E_TMO_0x40,TIMEOUT,1980480,2,0,1,0,0,1984.48,0.08,2381379399,1,uvm_report_server
RUN-003594,mixed_rw_test-003594,1015314235,PASS,pass,NONE,,,,0,1,0,0,0,6.25,4.92,7504937,0,uvm_report_server
RUN-003595,random_read_test-003595,1501815496,PASS,pass,NONE,,,,0,0,0,0,0,63.45,33.0,63449840,0,uvm_report_server
RUN-003596,back_to_back_program_test-003596,712191775,PASS,pass,NONE,,,,0,1,0,0,0,38.62,26.52,30894072,0,uvm_report_server
RUN-003597,random_read_test-003597,592183478,PASS,pass,NONE,,,,0,1,0,0,0,2.88,96.31,2879922,0,uvm_report_server
RUN-003598,random_read_test-003598,495255451,PASS,pass,NONE,,,,0,0,0,0,0,15.48,71.83,6190658,0,uvm_report_server
RUN-003599,garbage_collect_test-003599,1692488186,PASS,pass,NONE,,,,0,1,0,0,0,6.65,5.08,6649918,0,uvm_report_server
RUN-003600,power_cycle_test-003600,1717485810,PASS,pass,NONE,,,,0,1,0,0,0,127.31,3.96,127313359,0,uvm_report_server
RUN-003601,mixed_rw_test-003601,1906041929,FAIL,fail,PROTOCOL_VIOLATION,E_PROT_0x52,PROTOCOL_VIOLATION,2500,3,0,1,1,0,3.79,46.27,2272298,1,uvm_report_server
RUN-003602,back_to_back_program_test-003602,760850262,FAIL,fail,PROTOCOL_VIOLATION,E_PROT_0x52,PROTOCOL_VIOLATION,2500,2,1,1,0,0,2.2,137.35,1322406,1,uvm_report_server
RUN-003603,sequential_write_test-003603,250613696,PASS,pass,NONE,,,,0,0,0,0,0,27.84,8.86,11137161,0,uvm_report_server
RUN-003604,sequential_write_test-003604,1440333998,FAIL,fail,TIMEOUT,E_TMO_0x40,TIMEOUT,1963930,2,1,1,1,0,1967.93,0.2,1967934505,1,uvm_report_server
RUN-003605,sequential_write_test-003605,488560610,PASS,pass,NONE,,,,0,0,0,0,0,82.1,49.36,65683365,0,uvm_report_server
RUN-003606,random_read_test-003606,1987347472,PASS,pass,NONE,,,,0,1,0,0,0,4.93,55.74,2957322,0,uvm_report_server
RUN-003607,erase_suspend_test-003607,16151286,PASS,pass,NONE,,,,0,0,0,0,0,20.52,12.17,16415026,0,uvm_report_server
RUN-003608,power_cycle_test-003608,265259513,PASS,pass,NONE,,,,0,0,0,0,0,117.97,9.19,94373487,0,uvm_report_server
RUN-003609,garbage_collect_test-003609,1287297704,FAIL,fail,ASSERTION_FAIL,E_ASRT_0x60,ASSERTION_FAIL,34140,3,1,0,1,0,38.14,1.83,15256282,1,uvm_report_server
RUN-003610,sequential_write_test-003610,612083709,PASS,pass,NONE,,,,0,0,0,0,0,32.45,7.67,25963301,0,uvm_report_server
RUN-003611,power_cycle_test-003611,1789793037,FAIL,fail,THERMAL_SHUTDOWN,E_THRM_0x80,THERMAL_SHUTDOWN,15250,2,0,0,1,0,19.25,0.44,15399219,1,uvm_report_server
RUN-003612,back_to_back_program_test-003612,2018738243,PASS,pass,NONE,,,,0,1,0,0,0,3.94,15.32,2362990,0,uvm_report_server
RUN-003613,garbage_collect_test-003613,1819121396,FAIL,fail,TIMEOUT,E_TMO_0x40,TIMEOUT,1980540,3,0,1,0,0,1984.54,0.02,1984540410,1,uvm_report_server
RUN-003614,read_disturb_test-003614,456794962,PASS,pass,NONE,,,,0,1,0,0,0,23.48,343.2,18786672,0,uvm_report_server
RUN-003615,random_read_test-003615,603704302,PASS,pass,NONE,,,,0,0,0,0,0,4.22,29.23,2532318,0,uvm_report_server
RUN-003616,mixed_rw_test-003616,188924965,PASS,pass,NONE,,,,0,0,0,0,0,392.53,5.72,314020837,0,uvm_report_server
RUN-003617,back_to_back_program_test-003617,2025466547,FAIL,fail,ECC_UNCORRECTABLE,E_ECC_0x33,ECC_UNCORRECTABLE,144650,4,1,0,1,1,148.65,0.54,178378014,1,uvm_report_server
RUN-003618,power_cycle_test-003618,1759145558,PASS,pass,NONE,,,,0,0,0,0,0,3.93,32.92,2355623,0,uvm_report_server
RUN-003619,power_cycle_test-003619,1823257652,FAIL,fail,DATA_MISMATCH,E_CMP_0x11,DATA_MISMATCH,2500,1,0,0,0,1,6.24,10.4,4989337,1,uvm_report_server
RUN-003620,back_to_back_program_test-003620,810464394,FAIL,fail,DATA_MISMATCH,E_CMP_0x11,DATA_MISMATCH,7420,2,0,0,0,1,11.42,6.7,9132641,1,uvm_report_server
RUN-003621,mixed_rw_test-003621,1168440168,PASS,pass,NONE,,,,0,0,0,0,0,16.35,30.98,19620141,0,uvm_report_server
RUN-003622,power_cycle_test-003622,1647589923,FAIL,fail,DATA_MISMATCH,E_CMP_0x11,DATA_MISMATCH,53780,3,1,0,0,1,57.78,3.38,34668434,1,uvm_report_server
RUN-003623,erase_suspend_test-003623,1014189134,PASS,pass,NONE,,,,0,0,0,0,0,127.75,31.79,127746570,0,uvm_report_server
RUN-003624,power_cycle_test-003624,2121181135,FAIL,fail,TIMEOUT,E_TMO_0x40,TIMEOUT,1956140,2,0,1,1,0,1960.14,0.56,2352172378,1,uvm_report_server
RUN-003625,power_cycle_test-003625,115356346,PASS,pass,NONE,,,,0,0,0,0,0,2.9,23.17,2323914,0,uvm_report_server
RUN-003626,erase_suspend_test-003626,734560389,PASS,pass,NONE,,,,0,1,0,0,0,25.85,9.39,25849837,0,uvm_report_server
RUN-003627,erase_suspend_test-003627,1027687231,PASS,pass,NONE,,,,0,1,0,0,0,22.64,24.18,13583644,0,uvm_report_server
RUN-003628,back_to_back_program_test-003628,889004225,PASS,pass,NONE,,,,0,1,0,0,0,13.54,8.92,10835018,0,uvm_report_server
RUN-003629,back_to_back_program_test-003629,164647008,PASS,pass,NONE,,,,0,0,0,0,0,93.05,23.22,93054549,0,uvm_report_server
RUN-003630,mixed_rw_test-003630,2983007,PASS,pass,NONE,,,,0,0,0,0,0,87.08,44.78,104501050,0,uvm_report_server
RUN-003631,random_read_test-003631,225767296,PASS,pass,NONE,,,,0,0,0,0,0,36.82,52.1,22094932,0,uvm_report_server
RUN-003632,mixed_rw_test-003632,197831955,PASS,pass,NONE,,,,0,0,0,0,0,22.48,5.71,13490602,0,uvm_report_server
RUN-003633,random_read_test-003633,1538990476,FAIL,fail,THERMAL_SHUTDOWN,E_THRM_0x80,THERMAL_SHUTDOWN,2500,2,0,0,0,0,5.08,9.06,4067802,1,uvm_report_server
RUN-003634,garbage_collect_test-003634,1120422886,PASS,pass,NONE,,,,0,0,0,0,0,15.28,17.6,15284159,0,uvm_report_server
RUN-003635,power_cycle_test-003635,1137922998,FAIL,fail,ASSERTION_FAIL,E_ASRT_0x60,ASSERTION_FAIL,2500,2,1,0,1,0,1.0,3.76,800000,1,uvm_report_server
RUN-003636,garbage_collect_test-003636,996231188,PASS,pass,NONE,,,,0,1,0,0,0,713.93,1.49,285570135,0,uvm_report_server
RUN-003637,erase_suspend_test-003637,250775283,PASS,pass,NONE,,,,0,0,0,0,0,1.9,4.16,1139300,0,uvm_report_server
RUN-003638,sequential_write_test-003638,2081111026,PASS,pass,NONE,,,,0,1,0,0,0,1.18,103.08,1184415,0,uvm_report_server
RUN-003639,mixed_rw_test-003639,558851182,FAIL,fail,PROTOCOL_VIOLATION,E_PROT_0x52,PROTOCOL_VIOLATION,2500,2,0,1,0,0,1.82,235.56,1815199,1,uvm_report_server
RUN-003640,random_read_test-003640,748027205,FAIL,fail,PROTOCOL_VIOLATION,E_PROT_0x52,PROTOCOL_VIOLATION,2500,2,0,1,0,0,6.12,182.2,7347440,1,uvm_report_server
RUN-003641,back_to_back_program_test-003641,561669056,FAIL,fail,FIFO_OVERFLOW,E_FIFO_0x21,FIFO_OVERFLOW,28210,1,0,0,0,0,32.21,32.88,32214947,1,uvm_report_server
RUN-003642,read_disturb_test-003642,721267512,FAIL,fail,ASSERTION_FAIL,E_ASRT_0x60,ASSERTION_FAIL,2500,3,1,0,0,0,3.24,3.72,2594290,1,uvm_report_server
RUN-003643,read_disturb_test-003643,538876591,PASS,pass,NONE,,,,0,0,0,0,0,7.33,4.51,5865453,0,uvm_report_server
RUN-003644,read_disturb_test-003644,1992426417,PASS,pass,NONE,,,,0,1,0,0,0,68.07,1.87,40840432,0,uvm_report_server
RUN-003645,erase_suspend_test-003645,408788648,PASS,pass,NONE,,,,0,1,0,0,0,109.01,19.6,87204147,0,uvm_report_server
RUN-003646,random_read_test-003646,1633903190,PASS,pass,NONE,,,,0,0,0,0,0,179.83,11.8,107897430,0,uvm_report_server
RUN-003647,erase_suspend_test-003647,1289289303,PASS,pass,NONE,,,,0,0,0,0,0,5.97,42.99,7158583,0,uvm_report_server
RUN-003648,erase_suspend_test-003648,1827185764,FAIL,fail,DATA_MISMATCH,E_CMP_0x11,DATA_MISMATCH,6350,3,0,0,1,1,10.35,19.01,6207431,1,uvm_report_server
RUN-003649,erase_suspend_test-003649,1662801302,FAIL,fail,PROTOCOL_VIOLATION,E_PROT_0x52,PROTOCOL_VIOLATION,36820,3,1,1,1,0,40.82,44.4,32652276,1,uvm_report_server
RUN-003650,sequential_write_test-003650,2023500084,PASS,pass,NONE,,,,0,1,0,0,0,52.45,79.95,52452009,0,uvm_report_server
RUN-003651,mixed_rw_test-003651,388806117,PASS,pass,NONE,,,,0,0,0,0,0,57.19,1.14,45749962,0,uvm_report_server
RUN-003652,mixed_rw_test-003652,2114570691,PASS,pass,NONE,,,,0,0,0,0,0,53.02,4.64,31810568,0,uvm_report_server
RUN-003653,garbage_collect_test-003653,1675942428,PASS,pass,NONE,,,,0,0,0,0,0,78.56,13.83,62845873,0,uvm_report_server
RUN-003654,back_to_back_program_test-003654,2068348557,PASS,pass,NONE,,,,0,0,0,0,0,28.94,4.31,34732379,0,uvm_report_server
RUN-003655,power_cycle_test-003655,1631973869,PASS,pass,NONE,,,,0,1,0,0,0,4.42,56.14,3535495,0,uvm_report_server
RUN-003656,garbage_collect_test-003656,1501492446,PASS,pass,NONE,,,,0,1,0,0,0,2.52,48.19,3025964,0,uvm_report_server
RUN-003657,back_to_back_program_test-003657,329618580,PASS,pass,NONE,,,,0,1,0,0,0,5.93,44.97,4745815,0,uvm_report_server
RUN-003658,back_to_back_program_test-003658,267175891,PASS,pass,NONE,,,,0,0,0,0,0,2.63,180.03,2630377,0,uvm_report_server
RUN-003659,back_to_back_program_test-003659,1677988649,PASS,pass,NONE,,,,0,0,0,0,0,14.01,39.25,8405778,0,uvm_report_server
RUN-003660,back_to_back_program_test-003660,742307149,PASS,pass,NONE,,,,0,0,0,0,0,7.19,4.44,2877183,0,uvm_report_server
RUN-003661,back_to_back_program_test-003661,1863089920,FAIL,fail,FIFO_OVERFLOW,E_FIFO_0x21,FIFO_OVERFLOW,148580,3,0,0,1,0,152.58,58.61,183092787,1,uvm_report_server
RUN-003662,sequential_write_test-003662,65325934,FAIL,fail,ASSERTION_FAIL,E_ASRT_0x60,ASSERTION_FAIL,4200,3,1,0,0,0,8.2,40.13,6560912,1,uvm_report_server
RUN-003663,mixed_rw_test-003663,902867801,PASS,pass,NONE,,,,0,0,0,0,0,6.96,139.9,6959873,0,uvm_report_server
RUN-003664,random_read_test-003664,747525001,PASS,pass,NONE,,,,0,0,0,0,0,3.27,82.44,3273868,0,uvm_report_server
RUN-003665,mixed_rw_test-003665,2096591724,PASS,pass,NONE,,,,0,1,0,0,0,6.54,39.19,3922605,0,uvm_report_server
RUN-003666,back_to_back_program_test-003666,129870574,PASS,pass,NONE,,,,0,0,0,0,0,19.21,53.21,11527725,0,uvm_report_server
RUN-003667,mixed_rw_test-003667,1775226427,FAIL,fail,RETENTION_FAIL,E_RET_0x71,RETENTION_FAIL,33040,3,1,0,0,1,37.04,14.8,37039531,1,uvm_report_server
RUN-003668,random_read_test-003668,709370789,PASS,pass,NONE,,,,0,1,0,0,0,275.53,7.28,220424297,0,uvm_report_server
RUN-003669,sequential_write_test-003669,907285060,PASS,pass,NONE,,,,0,0,0,0,0,1.0,65.48,1200000,0,uvm_report_server
RUN-003670,sequential_write_test-003670,2109038305,PASS,pass,NONE,,,,0,0,0,0,0,190.63,0.64,228751339,0,uvm_report_server
RUN-003671,back_to_back_program_test-003671,636175771,FAIL,fail,FIFO_OVERFLOW,E_FIFO_0x21,FIFO_OVERFLOW,4600,2,0,0,1,0,8.6,0.48,5159089,1,uvm_report_server
RUN-003672,sequential_write_test-003672,680046466,PASS,pass,NONE,,,,0,0,0,0,0,27.86,8.99,22287695,0,uvm_report_server
RUN-003673,back_to_back_program_test-003673,1700746299,FAIL,fail,TIMEOUT,E_TMO_0x40,TIMEOUT,1983420,2,1,1,0,0,1987.42,0.04,2384900318,1,uvm_report_server
RUN-003674,back_to_back_program_test-003674,831597312,PASS,pass,NONE,,,,0,0,0,0,0,40.55,24.99,40553850,0,uvm_report_server
RUN-003675,random_read_test-003675,1342517227,PASS,pass,NONE,,,,0,1,0,0,0,9.44,6.43,5661713,0,uvm_report_server
RUN-003676,garbage_collect_test-003676,1500307673,PASS,pass,NONE,,,,0,1,0,0,0,1.81,17.37,722132,0,uvm_report_server
RUN-003677,mixed_rw_test-003677,1255915307,PASS,pass,NONE,,,,0,1,0,0,0,2.07,31.72,2487977,0,uvm_report_server
RUN-003678,erase_suspend_test-003678,1512665481,FAIL,fail,TIMEOUT,E_TMO_0x40,TIMEOUT,1979220,3,0,1,0,0,1983.22,0.14,1983224165,1,uvm_report_server
RUN-003679,garbage_collect_test-003679,1360993528,FAIL,fail,TIMEOUT,E_TMO_0x40,TIMEOUT,1990690,3,1,1,1,0,1994.69,0.1,1994686450,1,uvm_report_server
RUN-003680,random_read_test-003680,2143334037,PASS,pass,NONE,,,,0,0,0,0,0,27.25,162.24,10898458,0,uvm_report_server
RUN-003681,random_read_test-003681,1654863774,PASS,pass,NONE,,,,0,0,0,0,0,13.77,17.91,8260595,0,uvm_report_server
RUN-003682,back_to_back_program_test-003682,83955190,PASS,pass,NONE,,,,0,0,0,0,0,21.36,45.53,21359799,0,uvm_report_server
RUN-003683,back_to_back_program_test-003683,1293451582,PASS,pass,NONE,,,,0,0,0,0,0,28.04,2.42,22433863,0,uvm_report_server
RUN-003684,random_read_test-003684,1244668574,PASS,pass,NONE,,,,0,0,0,0,0,14.04,2.45,16852900,0,uvm_report_server
RUN-003685,mixed_rw_test-003685,636627717,PASS,pass,NONE,,,,0,0,0,0,0,15.78,2.23,9469446,0,uvm_report_server
RUN-003686,random_read_test-003686,522337008,PASS,pass,NONE,,,,0,0,0,0,0,155.83,3.25,124664413,0,uvm_report_server
RUN-003687,random_read_test-003687,1423386843,FAIL,fail,TIMEOUT,E_TMO_0x40,TIMEOUT,1957230,3,1,1,0,0,1961.23,0.12,1961230823,1,uvm_report_server
RUN-003688,back_to_back_program_test-003688,1017732164,PASS,pass,NONE,,,,0,0,0,0,0,3.59,17.61,2875211,0,uvm_report_server
RUN-003689,power_cycle_test-003689,1234195478,PASS,pass,NONE,,,,0,0,0,0,0,298.56,14.91,119425534,0,uvm_report_server
RUN-003690,mixed_rw_test-003690,1819244375,PASS,pass,NONE,,,,0,0,0,0,0,5.8,184.36,4641569,0,uvm_report_server
RUN-003691,garbage_collect_test-003691,405964031,PASS,pass,NONE,,,,0,1,0,0,0,17.7,14.36,14160000,0,uvm_report_server
RUN-003692,sequential_write_test-003692,1653752259,PASS,pass,NONE,,,,0,0,0,0,0,76.17,28.89,76167952,0,uvm_report_server
RUN-003693,random_read_test-003693,1954840882,PASS,pass,NONE,,,,0,0,0,0,0,19.57,13.68,11741590,0,uvm_report_server
RUN-003694,random_read_test-003694,92310863,FAIL,fail,THERMAL_SHUTDOWN,E_THRM_0x80,THERMAL_SHUTDOWN,2500,1,0,0,0,0,4.09,7.02,4090263,1,uvm_report_server
RUN-003695,mixed_rw_test-003695,1302367083,PASS,pass,NONE,,,,0,0,0,0,0,2.24,3.62,1794567,0,uvm_report_server
RUN-003696,mixed_rw_test-003696,1929190646,PASS,pass,NONE,,,,0,0,0,0,0,31.44,33.38,37729054,0,uvm_report_server
RUN-003697,back_to_back_program_test-003697,2141200867,PASS,pass,NONE,,,,0,1,0,0,0,34.36,56.12,20613720,0,uvm_report_server
RUN-003698,mixed_rw_test-003698,1337018045,FAIL,fail,DATA_MISMATCH,E_CMP_0x11,DATA_MISMATCH,119910,3,1,0,0,1,123.91,0.83,123912678,1,uvm_report_server
RUN-003699,power_cycle_test-003699,2025475847,PASS,pass,NONE,,,,0,1,0,0,0,48.36,42.83,48362158,0,uvm_report_server
RUN-003700,power_cycle_test-003700,8615133,PASS,pass,NONE,,,,0,1,0,0,0,24.42,21.47,14653828,0,uvm_report_server
RUN-003701,back_to_back_program_test-003701,888388280,PASS,pass,NONE,,,,0,0,0,0,0,13.56,10.27,10849544,0,uvm_report_server
RUN-003702,erase_suspend_test-003702,97998783,FAIL,fail,DATA_MISMATCH,E_CMP_0x11,DATA_MISMATCH,2500,2,1,0,1,1,2.26,1.98,1809866,1,uvm_report_server
RUN-003703,back_to_back_program_test-003703,945744563,PASS,pass,NONE,,,,0,0,0,0,0,34.59,15.41,27671982,0,uvm_report_server
RUN-003704,power_cycle_test-003704,1713329758,FAIL,fail,ECC_UNCORRECTABLE,E_ECC_0x33,ECC_UNCORRECTABLE,13550,2,0,0,0,1,17.55,87.27,21059008,1,uvm_report_server
RUN-003705,sequential_write_test-003705,438401712,FAIL,fail,ASSERTION_FAIL,E_ASRT_0x60,ASSERTION_FAIL,55720,2,0,0,0,0,59.72,11.38,23888521,1,uvm_report_server
RUN-003706,sequential_write_test-003706,1880598663,PASS,pass,NONE,,,,0,1,0,0,0,5.06,207.88,4051470,0,uvm_report_server
RUN-003707,back_to_back_program_test-003707,1092720243,FAIL,fail,FIFO_OVERFLOW,E_FIFO_0x21,FIFO_OVERFLOW,19970,3,0,0,0,0,23.97,1.83,14380900,1,uvm_report_server
RUN-003708,mixed_rw_test-003708,1050495141,FAIL,fail,TIMEOUT,E_TMO_0x40,TIMEOUT,1992590,1,0,1,0,0,1996.59,0.06,1996585598,1,uvm_report_server
RUN-003709,back_to_back_program_test-003709,1887940675,PASS,pass,NONE,,,,0,1,0,0,0,17.16,8.06,10296445,0,uvm_report_server
RUN-003710,erase_suspend_test-003710,1895102012,FAIL,fail,DATA_MISMATCH,E_CMP_0x11,DATA_MISMATCH,21610,4,0,0,1,1,25.61,4.88,20491314,1,uvm_report_server
RUN-003711,sequential_write_test-003711,25766185,PASS,pass,NONE,,,,0,0,0,0,0,17.82,122.67,17822284,0,uvm_report_server
RUN-003712,erase_suspend_test-003712,50473240,PASS,pass,NONE,,,,0,0,0,0,0,3.22,10.38,2577994,0,uvm_report_server
RUN-003713,erase_suspend_test-003713,991206167,PASS,pass,NONE,,,,0,0,0,0,0,22.53,11.93,18020721,0,uvm_report_server
RUN-003714,garbage_collect_test-003714,1951936162,FAIL,fail,ASSERTION_FAIL,E_ASRT_0x60,ASSERTION_FAIL,2500,1,0,0,0,0,1.94,8.68,1551345,1,uvm_report_server
RUN-003715,back_to_back_program_test-003715,524368028,FAIL,fail,FIFO_OVERFLOW,E_FIFO_0x21,FIFO_OVERFLOW,8260,2,0,0,0,0,12.26,7.21,4903087,1,uvm_report_server
RUN-003716,random_read_test-003716,2060092602,FAIL,fail,THERMAL_SHUTDOWN,E_THRM_0x80,THERMAL_SHUTDOWN,167960,2,0,0,1,0,171.96,9.56,103176130,1,uvm_report_server
RUN-003717,random_read_test-003717,565562711,PASS,pass,NONE,,,,0,0,0,0,0,7.29,74.0,5833348,0,uvm_report_server
RUN-003718,mixed_rw_test-003718,530749106,FAIL,fail,ASSERTION_FAIL,E_ASRT_0x60,ASSERTION_FAIL,2500,4,0,0,1,0,5.63,34.22,4501237,1,uvm_report_server
RUN-003719,back_to_back_program_test-003719,379831801,PASS,pass,NONE,,,,0,0,0,0,0,11.0,12.6,4400111,0,uvm_report_server
RUN-003720,read_disturb_test-003720,28601713,PASS,pass,NONE,,,,0,0,0,0,0,1.1,28.55,438986,0,uvm_report_server
RUN-003721,random_read_test-003721,516794656,PASS,pass,NONE,,,,0,1,0,0,0,140.08,7.37,140078184,0,uvm_report_server
RUN-003722,power_cycle_test-003722,592625223,PASS,pass,NONE,,,,0,0,0,0,0,61.18,4.38,48942115,0,uvm_report_server
RUN-003723,sequential_write_test-003723,172006410,FAIL,fail,TIMEOUT,E_TMO_0x40,TIMEOUT,1967710,3,0,1,1,0,1971.71,0.02,2366048014,1,uvm_report_server
RUN-003724,random_read_test-003724,1205456411,FAIL,fail,ASSERTION_FAIL,E_ASRT_0x60,ASSERTION_FAIL,5630,2,1,0,0,0,9.63,5.78,7705667,1,uvm_report_server
RUN-003725,back_to_back_program_test-003725,2123870565,FAIL,fail,FIFO_OVERFLOW,E_FIFO_0x21,FIFO_OVERFLOW,140080,2,0,0,0,0,144.08,1.84,86450961,1,uvm_report_server
RUN-003726,mixed_rw_test-003726,912691411,PASS,pass,NONE,,,,0,0,0,0,0,2.69,101.01,2148240,0,uvm_report_server
RUN-003727,mixed_rw_test-003727,393130778,PASS,pass,NONE,,,,0,0,0,0,0,2.44,52.28,2929649,0,uvm_report_server
RUN-003728,mixed_rw_test-003728,1890888157,PASS,pass,NONE,,,,0,1,0,0,0,2.55,52.39,1019603,0,uvm_report_server
RUN-003729,random_read_test-003729,284978204,PASS,pass,NONE,,,,0,1,0,0,0,34.63,1.91,13852327,0,uvm_report_server
RUN-003730,random_read_test-003730,1454928499,PASS,pass,NONE,,,,0,0,0,0,0,49.18,10.41,29507829,0,uvm_report_server
RUN-003731,erase_suspend_test-003731,389125484,PASS,pass,NONE,,,,0,0,0,0,0,27.73,18.04,22180646,0,uvm_report_server
RUN-003732,erase_suspend_test-003732,365063280,PASS,pass,NONE,,,,0,0,0,0,0,377.03,5.51,301623888,0,uvm_report_server
RUN-003733,garbage_collect_test-003733,1644796711,PASS,pass,NONE,,,,0,0,0,0,0,74.86,0.85,59886834,0,uvm_report_server
RUN-003734,back_to_back_program_test-003734,850912457,PASS,pass,NONE,,,,0,1,0,0,0,66.57,4.0,53253602,0,uvm_report_server
RUN-003735,back_to_back_program_test-003735,86844840,FAIL,fail,FIFO_OVERFLOW,E_FIFO_0x21,FIFO_OVERFLOW,180580,1,0,0,0,0,184.58,0.64,73832772,1,uvm_report_server
RUN-003736,back_to_back_program_test-003736,1971228774,PASS,pass,NONE,,,,0,0,0,0,0,71.37,14.77,28548467,0,uvm_report_server
RUN-003737,mixed_rw_test-003737,1774195534,PASS,pass,NONE,,,,0,0,0,0,0,2.98,88.83,3575209,0,uvm_report_server
RUN-003738,garbage_collect_test-003738,505823834,PASS,pass,NONE,,,,0,1,0,0,0,1.0,69.66,1000000,0,uvm_report_server
RUN-003739,random_read_test-003739,1729025289,FAIL,fail,DATA_MISMATCH,E_CMP_0x11,DATA_MISMATCH,22030,3,0,0,0,1,26.03,3.16,10413665,1,uvm_report_server
RUN-003740,random_read_test-003740,1017634124,PASS,pass,NONE,,,,0,0,0,0,0,38.76,6.45,31011743,0,uvm_report_server
RUN-003741,sequential_write_test-003741,142386097,PASS,pass,NONE,,,,0,0,0,0,0,10.9,11.06,8718232,0,uvm_report_server
RUN-003742,sequential_write_test-003742,1032809451,FAIL,fail,TIMEOUT,E_TMO_0x40,TIMEOUT,1980990,4,0,1,1,0,1984.99,0.71,1984986970,1,uvm_report_server
RUN-003743,random_read_test-003743,173313863,PASS,pass,NONE,,,,0,0,0,0,0,27.43,5.07,21940857,0,uvm_report_server
RUN-003744,power_cycle_test-003744,1089378464,PASS,pass,NONE,,,,0,0,0,0,0,1.9,1.11,1518236,0,uvm_report_server
RUN-003745,erase_suspend_test-003745,1766984023,PASS,pass,NONE,,,,0,0,0,0,0,148.55,3.54,148550372,0,uvm_report_server
RUN-003746,random_read_test-003746,712134821,PASS,pass,NONE,,,,0,0,0,0,0,566.67,15.83,226667311,0,uvm_report_server
RUN-003747,random_read_test-003747,1949785450,FAIL,fail,THERMAL_SHUTDOWN,E_THRM_0x80,THERMAL_SHUTDOWN,21390,2,0,0,0,0,25.39,3.84,20314475,1,uvm_report_server
RUN-003748,mixed_rw_test-003748,1834997116,FAIL,fail,ECC_UNCORRECTABLE,E_ECC_0x33,ECC_UNCORRECTABLE,60750,1,0,0,0,1,64.75,5.94,38848603,1,uvm_report_server
RUN-003749,read_disturb_test-003749,1849107648,PASS,pass,NONE,,,,0,1,0,0,0,15.73,137.8,12580399,0,uvm_report_server
RUN-003750,mixed_rw_test-003750,1669998621,PASS,pass,NONE,,,,0,0,0,0,0,61.77,62.81,37063327,0,uvm_report_server
RUN-003751,garbage_collect_test-003751,1153223799,PASS,pass,NONE,,,,0,0,0,0,0,4.17,3.9,5002036,0,uvm_report_server
RUN-003752,random_read_test-003752,1852170089,PASS,pass,NONE,,,,0,1,0,0,0,321.33,13.41,192795829,0,uvm_report_server
RUN-003753,random_read_test-003753,984551850,PASS,pass,NONE,,,,0,0,0,0,0,535.68,0.91,321410621,0,uvm_report_server
RUN-003754,back_to_back_program_test-003754,953247163,PASS,pass,NONE,,,,0,0,0,0,0,3.6,18.93,4324872,0,uvm_report_server
RUN-003755,garbage_collect_test-003755,1061517131,FAIL,fail,TIMEOUT,E_TMO_0x40,TIMEOUT,1964440,3,1,1,0,0,1968.44,0.14,2362127288,1,uvm_report_server
RUN-003756,power_cycle_test-003756,577014158,PASS,pass,NONE,,,,0,0,0,0,0,3.55,77.62,2131836,0,uvm_report_server
RUN-003757,read_disturb_test-003757,2035139890,FAIL,fail,DATA_MISMATCH,E_CMP_0x11,DATA_MISMATCH,2500,2,1,0,1,1,3.13,16.4,3760386,1,uvm_report_server
RUN-003758,back_to_back_program_test-003758,1538224693,PASS,pass,NONE,,,,0,1,0,0,0,62.65,3.87,62650803,0,uvm_report_server
RUN-003759,sequential_write_test-003759,1697356296,PASS,pass,NONE,,,,0,0,0,0,0,2.5,95.5,1997033,0,uvm_report_server
RUN-003760,power_cycle_test-003760,75807360,PASS,pass,NONE,,,,0,1,0,0,0,15.71,8.16,12565266,0,uvm_report_server
RUN-003761,power_cycle_test-003761,11900433,PASS,pass,NONE,,,,0,0,0,0,0,53.1,18.28,63725377,0,uvm_report_server
RUN-003762,random_read_test-003762,20019393,PASS,pass,NONE,,,,0,0,0,0,0,73.85,3.47,59081872,0,uvm_report_server
RUN-003763,sequential_write_test-003763,2077391055,PASS,pass,NONE,,,,0,0,0,0,0,5.49,12.56,3291882,0,uvm_report_server
RUN-003764,read_disturb_test-003764,1803766546,PASS,pass,NONE,,,,0,1,0,0,0,1.45,168.49,1453594,0,uvm_report_server
RUN-003765,back_to_back_program_test-003765,1301235269,PASS,pass,NONE,,,,0,0,0,0,0,10.02,107.37,8012143,0,uvm_report_server
RUN-003766,mixed_rw_test-003766,1865327925,PASS,pass,NONE,,,,0,1,0,0,0,1100.83,4.02,440331361,0,uvm_report_server
RUN-003767,power_cycle_test-003767,1135120663,PASS,pass,NONE,,,,0,0,0,0,0,6.04,45.25,4834840,0,uvm_report_server
RUN-003768,mixed_rw_test-003768,55769506,PASS,pass,NONE,,,,0,0,0,0,0,226.69,2.2,136016011,0,uvm_report_server
RUN-003769,sequential_write_test-003769,1564078806,PASS,pass,NONE,,,,0,1,0,0,0,378.55,0.64,151421538,0,uvm_report_server
RUN-003770,power_cycle_test-003770,1764768344,PASS,pass,NONE,,,,0,1,0,0,0,221.79,4.53,221786031,0,uvm_report_server
RUN-003771,mixed_rw_test-003771,2145409572,PASS,pass,NONE,,,,0,0,0,0,0,49.65,22.35,49647573,0,uvm_report_server
RUN-003772,sequential_write_test-003772,1271185833,PASS,pass,NONE,,,,0,0,0,0,0,33.64,1.98,26910667,0,uvm_report_server
RUN-003773,erase_suspend_test-003773,1192699445,PASS,pass,NONE,,,,0,1,0,0,0,2.4,25.4,2395830,0,uvm_report_server
RUN-003774,erase_suspend_test-003774,1396590245,PASS,pass,NONE,,,,0,0,0,0,0,84.85,3.06,67880542,0,uvm_report_server
RUN-003775,random_read_test-003775,377550887,FAIL,fail,DATA_MISMATCH,E_CMP_0x11,DATA_MISMATCH,30160,1,0,0,0,1,34.16,16.1,27327546,1,uvm_report_server
RUN-003776,back_to_back_program_test-003776,762164516,PASS,pass,NONE,,,,0,1,0,0,0,249.83,1.12,149896560,0,uvm_report_server
RUN-003777,sequential_write_test-003777,1739662010,PASS,pass,NONE,,,,0,0,0,0,0,7.48,71.82,8974901,0,uvm_report_server
RUN-003778,back_to_back_program_test-003778,758205382,PASS,pass,NONE,,,,0,0,0,0,0,67.32,30.73,53856219,0,uvm_report_server
RUN-003779,random_read_test-003779,561064027,PASS,pass,NONE,,,,0,0,0,0,0,214.69,4.92,128814617,0,uvm_report_server
RUN-003780,sequential_write_test-003780,2145982809,PASS,pass,NONE,,,,0,0,0,0,0,37.91,117.56,30331618,0,uvm_report_server
RUN-003781,sequential_write_test-003781,524243264,PASS,pass,NONE,,,,0,0,0,0,0,31.0,16.33,37195519,0,uvm_report_server
RUN-003782,back_to_back_program_test-003782,479121685,PASS,pass,NONE,,,,0,1,0,0,0,184.14,22.82,147311288,0,uvm_report_server
RUN-003783,random_read_test-003783,983136088,FAIL,fail,ECC_UNCORRECTABLE,E_ECC_0x33,ECC_UNCORRECTABLE,55020,4,1,0,1,1,59.02,39.41,47215764,1,uvm_report_server
RUN-003784,back_to_back_program_test-003784,1933032522,FAIL,fail,FIFO_OVERFLOW,E_FIFO_0x21,FIFO_OVERFLOW,695270,1,1,0,0,0,699.27,0.14,419560725,1,uvm_report_server
RUN-003785,sequential_write_test-003785,759785374,PASS,pass,NONE,,,,0,0,0,0,0,36.48,7.37,29181796,0,uvm_report_server
RUN-003786,power_cycle_test-003786,1561418448,PASS,pass,NONE,,,,0,0,0,0,0,344.73,3.09,344733918,0,uvm_report_server
RUN-003787,random_read_test-003787,576728886,FAIL,fail,THERMAL_SHUTDOWN,E_THRM_0x80,THERMAL_SHUTDOWN,11270,2,0,0,0,0,15.27,14.96,9162541,1,uvm_report_server
RUN-003788,sequential_write_test-003788,694086098,PASS,pass,NONE,,,,0,0,0,0,0,37.95,1.86,30356216,0,uvm_report_server
RUN-003789,sequential_write_test-003789,1590435501,FAIL,fail,DATA_MISMATCH,E_CMP_0x11,DATA_MISMATCH,109740,3,1,0,0,1,113.74,9.25,113741878,1,uvm_report_server
RUN-003790,mixed_rw_test-003790,2075868452,FAIL,fail,ASSERTION_FAIL,E_ASRT_0x60,ASSERTION_FAIL,11360,2,1,0,0,0,15.36,22.4,6142912,1,uvm_report_server
RUN-003791,sequential_write_test-003791,669582063,FAIL,fail,DATA_MISMATCH,E_CMP_0x11,DATA_MISMATCH,2500,3,0,0,1,1,1.0,78.77,800000,1,uvm_report_server
RUN-003792,mixed_rw_test-003792,2070259074,PASS,pass,NONE,,,,0,0,0,0,0,47.83,1.48,28697298,0,uvm_report_server
RUN-003793,sequential_write_test-003793,1402094702,PASS,pass,NONE,,,,0,0,0,0,0,90.07,5.4,90070877,0,uvm_report_server
RUN-003794,erase_suspend_test-003794,25454903,FAIL,fail,ECC_UNCORRECTABLE,E_ECC_0x33,ECC_UNCORRECTABLE,128930,1,1,0,0,1,132.93,3.02,132930358,1,uvm_report_server
RUN-003795,garbage_collect_test-003795,1517440449,PASS,pass,NONE,,,,0,0,0,0,0,189.82,46.37,75927865,0,uvm_report_server
RUN-003796,garbage_collect_test-003796,923837240,PASS,pass,NONE,,,,0,0,0,0,0,1.81,134.59,1446807,0,uvm_report_server
RUN-003797,power_cycle_test-003797,1689867059,FAIL,fail,THERMAL_SHUTDOWN,E_THRM_0x80,THERMAL_SHUTDOWN,2500,4,0,0,1,0,3.37,7.17,4047075,1,uvm_report_server
RUN-003798,garbage_collect_test-003798,1083319809,PASS,pass,NONE,,,,0,0,0,0,0,68.51,115.91,54804344,0,uvm_report_server
RUN-003799,random_read_test-003799,934897635,PASS,pass,NONE,,,,0,0,0,0,0,14.03,1.18,5613489,0,uvm_report_server
RUN-003800,back_to_back_program_test-003800,172288208,PASS,pass,NONE,,,,0,0,0,0,0,112.96,19.48,67773181,0,uvm_report_server
RUN-003801,mixed_rw_test-003801,678741984,PASS,pass,NONE,,,,0,1,0,0,0,6.62,20.98,6615964,0,uvm_report_server
RUN-003802,power_cycle_test-003802,587316451,PASS,pass,NONE,,,,0,0,0,0,0,15.52,15.67,15521993,0,uvm_report_server
RUN-003803,mixed_rw_test-003803,589236638,FAIL,fail,DATA_MISMATCH,E_CMP_0x11,DATA_MISMATCH,2500,3,0,0,0,1,1.56,3.42,1247372,1,uvm_report_server
RUN-003804,power_cycle_test-003804,862692453,FAIL,fail,TIMEOUT,E_TMO_0x40,TIMEOUT,1983340,3,0,1,0,0,1987.34,0.26,2384812263,1,uvm_report_server
RUN-003805,erase_suspend_test-003805,545705803,FAIL,fail,DATA_MISMATCH,E_CMP_0x11,DATA_MISMATCH,2500,3,1,0,0,1,5.32,67.22,6383957,1,uvm_report_server
RUN-003806,read_disturb_test-003806,1964795910,PASS,pass,NONE,,,,0,0,0,0,0,205.16,43.2,164125780,0,uvm_report_server
RUN-003807,back_to_back_program_test-003807,1010945363,FAIL,fail,DATA_MISMATCH,E_CMP_0x11,DATA_MISMATCH,47880,4,1,0,1,1,51.88,0.66,31130219,1,uvm_report_server
RUN-003808,sequential_write_test-003808,1538678285,PASS,pass,NONE,,,,0,0,0,0,0,3.32,2.49,1992939,0,uvm_report_server
RUN-003809,back_to_back_program_test-003809,1275451996,PASS,pass,NONE,,,,0,0,0,0,0,13.4,9.23,8042593,0,uvm_report_server
RUN-003810,read_disturb_test-003810,1439218201,PASS,pass,NONE,,,,0,0,0,0,0,157.16,13.09,62865103,0,uvm_report_server
RUN-003811,sequential_write_test-003811,980815501,PASS,pass,NONE,,,,0,0,0,0,0,156.33,6.88,93798003,0,uvm_report_server
RUN-003812,sequential_write_test-003812,2077134111,PASS,pass,NONE,,,,0,0,0,0,0,446.74,17.74,268043642,0,uvm_report_server
RUN-003813,sequential_write_test-003813,1540716050,PASS,pass,NONE,,,,0,0,0,0,0,39.28,13.74,39278471,0,uvm_report_server
RUN-003814,read_disturb_test-003814,1756875081,FAIL,fail,TIMEOUT,E_TMO_0x40,TIMEOUT,1992780,2,0,1,0,0,1996.78,0.3,1996780794,1,uvm_report_server
RUN-003815,back_to_back_program_test-003815,2018342241,FAIL,fail,FIFO_OVERFLOW,E_FIFO_0x21,FIFO_OVERFLOW,4670,1,0,0,0,0,8.67,3.74,10399897,1,uvm_report_server
RUN-003816,sequential_write_test-003816,604640401,PASS,pass,NONE,,,,0,0,0,0,0,7.01,9.93,4207117,0,uvm_report_server
RUN-003817,power_cycle_test-003817,1718322217,PASS,pass,NONE,,,,0,1,0,0,0,67.86,0.5,40714630,0,uvm_report_server
RUN-003818,mixed_rw_test-003818,741861997,PASS,pass,NONE,,,,0,0,0,0,0,46.81,169.49,18722147,0,uvm_report_server
RUN-003819,power_cycle_test-003819,908040329,PASS,pass,NONE,,,,0,0,0,0,0,5.34,12.27,3203301,0,uvm_report_server
RUN-003820,back_to_back_program_test-003820,1631611076,PASS,pass,NONE,,,,0,0,0,0,0,15.55,7.97,9328682,0,uvm_report_server
RUN-003821,read_disturb_test-003821,1673371481,PASS,pass,NONE,,,,0,0,0,0,0,8.61,457.91,10326939,0,uvm_report_server
RUN-003822,read_disturb_test-003822,982225143,PASS,pass,NONE,,,,0,1,0,0,0,1.15,15.18,1377662,0,uvm_report_server
RUN-003823,back_to_back_program_test-003823,773770103,FAIL,fail,FIFO_OVERFLOW,E_FIFO_0x21,FIFO_OVERFLOW,108490,4,0,0,1,0,112.49,6.39,67494501,1,uvm_report_server
RUN-003824,garbage_collect_test-003824,56382757,FAIL,fail,DATA_MISMATCH,E_CMP_0x11,DATA_MISMATCH,34860,3,0,0,0,1,38.86,5.54,31086257,1,uvm_report_server
RUN-003825,sequential_write_test-003825,1260425967,PASS,pass,NONE,,,,0,0,0,0,0,12.22,332.13,9777865,0,uvm_report_server
RUN-003826,back_to_back_program_test-003826,1652492927,FAIL,fail,PROTOCOL_VIOLATION,E_PROT_0x52,PROTOCOL_VIOLATION,6960,2,0,1,0,0,10.96,87.97,6578944,1,uvm_report_server
RUN-003827,read_disturb_test-003827,1436631846,PASS,pass,NONE,,,,0,0,0,0,0,632.86,1.58,506290714,0,uvm_report_server
RUN-003828,erase_suspend_test-003828,305299361,PASS,pass,NONE,,,,0,0,0,0,0,36.19,28.63,28953242,0,uvm_report_server
RUN-003829,read_disturb_test-003829,1068313500,FAIL,fail,DATA_MISMATCH,E_CMP_0x11,DATA_MISMATCH,2500,2,0,0,0,1,2.73,30.29,2182893,1,uvm_report_server
RUN-003830,read_disturb_test-003830,481752453,FAIL,fail,PROTOCOL_VIOLATION,E_PROT_0x52,PROTOCOL_VIOLATION,16400,2,0,1,0,0,20.4,316.86,8160903,1,uvm_report_server
RUN-003831,random_read_test-003831,807137020,PASS,pass,NONE,,,,0,0,0,0,0,39.27,207.97,23561979,0,uvm_report_server
RUN-003832,power_cycle_test-003832,1302726444,PASS,pass,NONE,,,,0,1,0,0,0,4.75,3.67,3797370,0,uvm_report_server
RUN-003833,read_disturb_test-003833,1349100262,PASS,pass,NONE,,,,0,0,0,0,0,12.06,41.6,9648349,0,uvm_report_server
RUN-003834,power_cycle_test-003834,290586755,PASS,pass,NONE,,,,0,0,0,0,0,2.83,23.93,1130369,0,uvm_report_server
RUN-003835,erase_suspend_test-003835,103804751,PASS,pass,NONE,,,,0,0,0,0,0,87.31,6.1,52387665,0,uvm_report_server
RUN-003836,random_read_test-003836,1736510210,PASS,pass,NONE,,,,0,0,0,0,0,155.03,28.39,186041557,0,uvm_report_server
RUN-003837,back_to_back_program_test-003837,531877083,PASS,pass,NONE,,,,0,0,0,0,0,1.69,5.05,1350726,0,uvm_report_server
RUN-003838,power_cycle_test-003838,428891498,PASS,pass,NONE,,,,0,1,0,0,0,9.32,3.72,11184590,0,uvm_report_server
RUN-003839,back_to_back_program_test-003839,1182049500,FAIL,fail,FIFO_OVERFLOW,E_FIFO_0x21,FIFO_OVERFLOW,14880,3,0,0,0,0,18.88,0.85,11326292,1,uvm_report_server
RUN-003840,read_disturb_test-003840,1744842232,FAIL,fail,DATA_MISMATCH,E_CMP_0x11,DATA_MISMATCH,2500,2,0,0,0,1,1.76,12.97,1409617,1,uvm_report_server
RUN-003841,random_read_test-003841,2083775391,PASS,pass,NONE,,,,0,0,0,0,0,13.56,39.13,16273010,0,uvm_report_server
RUN-003842,mixed_rw_test-003842,886449793,PASS,pass,NONE,,,,0,0,0,0,0,2.85,6.02,2851691,0,uvm_report_server
RUN-003843,sequential_write_test-003843,52198904,PASS,pass,NONE,,,,0,1,0,0,0,64.02,1.07,51215310,0,uvm_report_server
RUN-003844,sequential_write_test-003844,37884103,PASS,pass,NONE,,,,0,0,0,0,0,152.99,53.54,152993863,0,uvm_report_server
RUN-003845,mixed_rw_test-003845,1118838929,PASS,pass,NONE,,,,0,1,0,0,0,30.37,8.33,18221765,0,uvm_report_server
RUN-003846,random_read_test-003846,1031820601,PASS,pass,NONE,,,,0,0,0,0,0,9.88,13.59,9878297,0,uvm_report_server
RUN-003847,read_disturb_test-003847,1131831312,PASS,pass,NONE,,,,0,0,0,0,0,66.32,131.09,26526637,0,uvm_report_server
RUN-003848,erase_suspend_test-003848,530849285,FAIL,fail,PROTOCOL_VIOLATION,E_PROT_0x52,PROTOCOL_VIOLATION,11690,2,1,1,0,0,15.69,13.53,12554270,1,uvm_report_server
RUN-003849,mixed_rw_test-003849,925567450,PASS,pass,NONE,,,,0,0,0,0,0,10.46,24.09,6276908,0,uvm_report_server
RUN-003850,mixed_rw_test-003850,1915098099,PASS,pass,NONE,,,,0,0,0,0,0,15.44,4.26,9263593,0,uvm_report_server
RUN-003851,back_to_back_program_test-003851,1299395543,PASS,pass,NONE,,,,0,0,0,0,0,9.98,7.06,3992605,0,uvm_report_server
RUN-003852,mixed_rw_test-003852,622280588,PASS,pass,NONE,,,,0,0,0,0,0,8.65,2.03,6923559,0,uvm_report_server
RUN-003853,back_to_back_program_test-003853,1294986182,FAIL,fail,TIMEOUT,E_TMO_0x40,TIMEOUT,1983120,3,0,1,0,0,1987.12,0.03,1987116565,1,uvm_report_server
RUN-003854,power_cycle_test-003854,587138209,PASS,pass,NONE,,,,0,0,0,0,0,751.46,5.92,601168354,0,uvm_report_server
RUN-003855,random_read_test-003855,1862319046,PASS,pass,NONE,,,,0,1,0,0,0,36.16,0.84,21693940,0,uvm_report_server
RUN-003856,read_disturb_test-003856,1483763278,PASS,pass,NONE,,,,0,0,0,0,0,8.34,16.22,8342836,0,uvm_report_server
RUN-003857,garbage_collect_test-003857,1701822220,PASS,pass,NONE,,,,0,0,0,0,0,79.99,6.3,79990986,0,uvm_report_server
RUN-003858,back_to_back_program_test-003858,978025406,FAIL,fail,FIFO_OVERFLOW,E_FIFO_0x21,FIFO_OVERFLOW,5860,2,1,0,1,0,9.86,15.18,9857176,1,uvm_report_server
RUN-003859,garbage_collect_test-003859,1858320728,FAIL,fail,THERMAL_SHUTDOWN,E_THRM_0x80,THERMAL_SHUTDOWN,168650,4,0,0,1,0,172.65,9.41,103587598,1,uvm_report_server
RUN-003860,erase_suspend_test-003860,1991071648,PASS,pass,NONE,,,,0,1,0,0,0,218.71,9.2,218712253,0,uvm_report_server
RUN-003861,random_read_test-003861,341371427,PASS,pass,NONE,,,,0,1,0,0,0,3.88,33.22,3881022,0,uvm_report_server
RUN-003862,random_read_test-003862,1970225150,PASS,pass,NONE,,,,0,0,0,0,0,55.4,80.45,55404751,0,uvm_report_server
RUN-003863,sequential_write_test-003863,704921780,PASS,pass,NONE,,,,0,0,0,0,0,127.09,7.92,127091020,0,uvm_report_server
RUN-003864,random_read_test-003864,1947852285,PASS,pass,NONE,,,,0,0,0,0,0,43.74,24.45,26245299,0,uvm_report_server
RUN-003865,mixed_rw_test-003865,402213768,PASS,pass,NONE,,,,0,0,0,0,0,12.23,2.69,7338488,0,uvm_report_server
RUN-003866,back_to_back_program_test-003866,788671623,PASS,pass,NONE,,,,0,0,0,0,0,64.83,16.08,64831636,0,uvm_report_server
RUN-003867,sequential_write_test-003867,269671680,PASS,pass,NONE,,,,0,0,0,0,0,7.16,38.13,5728889,0,uvm_report_server
RUN-003868,back_to_back_program_test-003868,1247686081,PASS,pass,NONE,,,,0,0,0,0,0,8.07,136.45,8069185,0,uvm_report_server
RUN-003869,garbage_collect_test-003869,1869060515,PASS,pass,NONE,,,,0,0,0,0,0,13.71,40.33,16455092,0,uvm_report_server
RUN-003870,read_disturb_test-003870,97343064,PASS,pass,NONE,,,,0,1,0,0,0,55.16,18.53,44128870,0,uvm_report_server
RUN-003871,garbage_collect_test-003871,744387170,FAIL,fail,THERMAL_SHUTDOWN,E_THRM_0x80,THERMAL_SHUTDOWN,51510,4,0,0,1,0,55.51,47.69,44404140,1,uvm_report_server
RUN-003872,mixed_rw_test-003872,843958482,PASS,pass,NONE,,,,0,0,0,0,0,206.5,20.18,123902150,0,uvm_report_server
RUN-003873,back_to_back_program_test-003873,818722419,PASS,pass,NONE,,,,0,1,0,0,0,39.12,55.94,31298110,0,uvm_report_server
RUN-003874,random_read_test-003874,813294806,PASS,pass,NONE,,,,0,0,0,0,0,3.61,73.01,3613767,0,uvm_report_server
RUN-003875,read_disturb_test-003875,40331847,FAIL,fail,TIMEOUT,E_TMO_0x40,TIMEOUT,1984600,4,0,1,1,0,1988.6,0.02,1988600407,1,uvm_report_server
RUN-003876,random_read_test-003876,492979349,PASS,pass,NONE,,,,0,0,0,0,0,1.39,12.73,1662345,0,uvm_report_server
RUN-003877,sequential_write_test-003877,792490802,FAIL,fail,DATA_MISMATCH,E_CMP_0x11,DATA_MISMATCH,45920,2,0,0,1,1,49.92,5.28,39938819,1,uvm_report_server
RUN-003878,sequential_write_test-003878,1171106325,PASS,pass,NONE,,,,0,1,0,0,0,225.77,2.14,90307163,0,uvm_report_server
RUN-003879,back_to_back_program_test-003879,1436157025,PASS,pass,NONE,,,,0,1,0,0,0,264.06,2.13,105625894,0,uvm_report_server
RUN-003880,sequential_write_test-003880,921232073,PASS,pass,NONE,,,,0,0,0,0,0,79.21,12.94,47528375,0,uvm_report_server
RUN-003881,random_read_test-003881,1178303832,PASS,pass,NONE,,,,0,1,0,0,0,8.81,0.93,3523689,0,uvm_report_server
RUN-003882,erase_suspend_test-003882,1962004730,PASS,pass,NONE,,,,0,1,0,0,0,29.18,8.95,23341455,0,uvm_report_server
RUN-003883,garbage_collect_test-003883,441052949,PASS,pass,NONE,,,,0,0,0,0,0,177.95,11.04,142359796,0,uvm_report_server
RUN-003884,garbage_collect_test-003884,52466531,PASS,pass,NONE,,,,0,0,0,0,0,41.98,3.05,41976629,0,uvm_report_server
RUN-003885,erase_suspend_test-003885,273854031,PASS,pass,NONE,,,,0,1,0,0,0,33.91,15.26,20344779,0,uvm_report_server
RUN-003886,garbage_collect_test-003886,470707306,PASS,pass,NONE,,,,0,1,0,0,0,19.96,26.18,19960724,0,uvm_report_server
RUN-003887,sequential_write_test-003887,1313269443,PASS,pass,NONE,,,,0,0,0,0,0,1.1,7.06,1322202,0,uvm_report_server
RUN-003888,erase_suspend_test-003888,1048616238,FAIL,fail,ASSERTION_FAIL,E_ASRT_0x60,ASSERTION_FAIL,2500,2,1,0,0,0,1.41,231.32,1692673,1,uvm_report_server
RUN-003889,garbage_collect_test-003889,1898940482,PASS,pass,NONE,,,,0,0,0,0,0,32.02,17.17,25615830,0,uvm_report_server
RUN-003890,garbage_collect_test-003890,1752641796,PASS,pass,NONE,,,,0,0,0,0,0,97.62,2.83,39049173,0,uvm_report_server
RUN-003891,sequential_write_test-003891,1823099108,PASS,pass,NONE,,,,0,0,0,0,0,2.24,58.35,1346920,0,uvm_report_server
RUN-003892,random_read_test-003892,495639014,FAIL,fail,TIMEOUT,E_TMO_0x40,TIMEOUT,1987880,2,0,1,0,0,1991.88,0.21,2390252516,1,uvm_report_server
RUN-003893,sequential_write_test-003893,1127408193,PASS,pass,NONE,,,,0,0,0,0,0,1.77,35.78,2126492,0,uvm_report_server
RUN-003894,back_to_back_program_test-003894,998087191,FAIL,fail,FIFO_OVERFLOW,E_FIFO_0x21,FIFO_OVERFLOW,566750,3,0,0,0,0,570.75,2.04,456598452,1,uvm_report_server
RUN-003895,garbage_collect_test-003895,389424200,PASS,pass,NONE,,,,0,0,0,0,0,8.43,7.74,5057145,0,uvm_report_server
RUN-003896,back_to_back_program_test-003896,403637060,PASS,pass,NONE,,,,0,0,0,0,0,5.23,12.46,3138884,0,uvm_report_server
RUN-003897,mixed_rw_test-003897,2068142626,PASS,pass,NONE,,,,0,0,0,0,0,9.78,6.73,5867138,0,uvm_report_server
RUN-003898,mixed_rw_test-003898,939128047,PASS,pass,NONE,,,,0,0,0,0,0,4.4,27.48,3517118,0,uvm_report_server
RUN-003899,sequential_write_test-003899,724925357,PASS,pass,NONE,,,,0,0,0,0,0,3.26,10.64,2607103,0,uvm_report_server
RUN-003900,mixed_rw_test-003900,1489048728,FAIL,fail,TIMEOUT,E_TMO_0x40,TIMEOUT,1974210,3,1,1,0,0,1978.21,0.09,2373849146,1,uvm_report_server
RUN-003901,erase_suspend_test-003901,1490971229,PASS,pass,NONE,,,,0,0,0,0,0,39.71,12.13,31766973,0,uvm_report_server
RUN-003902,sequential_write_test-003902,1639543456,PASS,pass,NONE,,,,0,1,0,0,0,19.35,55.23,15477387,0,uvm_report_server
RUN-003903,erase_suspend_test-003903,591488626,PASS,pass,NONE,,,,0,0,0,0,0,162.44,23.87,97463765,0,uvm_report_server
RUN-003904,random_read_test-003904,931704121,PASS,pass,NONE,,,,0,1,0,0,0,14.78,68.77,8867714,0,uvm_report_server
RUN-003905,sequential_write_test-003905,865486394,PASS,pass,NONE,,,,0,1,0,0,0,21.49,12.11,21487566,0,uvm_report_server
RUN-003906,mixed_rw_test-003906,1439682106,PASS,pass,NONE,,,,0,0,0,0,0,11.63,365.14,11626509,0,uvm_report_server
RUN-003907,erase_suspend_test-003907,1013271352,FAIL,fail,TIMEOUT,E_TMO_0x40,TIMEOUT,1961430,3,0,1,0,0,1965.43,0.88,1965426888,1,uvm_report_server
RUN-003908,random_read_test-003908,972209085,PASS,pass,NONE,,,,0,0,0,0,0,34.25,58.56,13698163,0,uvm_report_server
RUN-003909,back_to_back_program_test-003909,647953292,FAIL,fail,FIFO_OVERFLOW,E_FIFO_0x21,FIFO_OVERFLOW,9960,3,0,0,0,0,13.96,2.52,8374367,1,uvm_report_server
RUN-003910,erase_suspend_test-003910,1107083031,PASS,pass,NONE,,,,0,1,0,0,0,7.32,4.22,7317689,0,uvm_report_server
RUN-003911,erase_suspend_test-003911,2103048851,PASS,pass,NONE,,,,0,0,0,0,0,1.71,4.43,1025245,0,uvm_report_server
RUN-003912,read_disturb_test-003912,149709904,PASS,pass,NONE,,,,0,0,0,0,0,36.61,6.71,36609933,0,uvm_report_server
RUN-003913,random_read_test-003913,1598755946,PASS,pass,NONE,,,,0,0,0,0,0,14.19,1.18,11349991,0,uvm_report_server
RUN-003914,garbage_collect_test-003914,1733192825,PASS,pass,NONE,,,,0,0,0,0,0,12.47,42.58,9974386,0,uvm_report_server
RUN-003915,read_disturb_test-003915,640915944,PASS,pass,NONE,,,,0,0,0,0,0,28.74,1.05,22988127,0,uvm_report_server
RUN-003916,back_to_back_program_test-003916,748882800,PASS,pass,NONE,,,,0,0,0,0,0,4.18,60.92,2505118,0,uvm_report_server
RUN-003917,back_to_back_program_test-003917,957540194,PASS,pass,NONE,,,,0,0,0,0,0,34.95,15.36,27960629,0,uvm_report_server
RUN-003918,back_to_back_program_test-003918,1074932470,FAIL,fail,DATA_MISMATCH,E_CMP_0x11,DATA_MISMATCH,25420,2,0,0,0,1,29.42,6.62,11767471,1,uvm_report_server
RUN-003919,garbage_collect_test-003919,847176998,PASS,pass,NONE,,,,0,1,0,0,0,2.17,16.23,1732672,0,uvm_report_server
RUN-003920,random_read_test-003920,717396822,PASS,pass,NONE,,,,0,1,0,0,0,130.29,30.9,78171147,0,uvm_report_server
RUN-003921,read_disturb_test-003921,375242380,PASS,pass,NONE,,,,0,1,0,0,0,182.94,11.75,182940354,0,uvm_report_server
RUN-003922,read_disturb_test-003922,1743160692,PASS,pass,NONE,,,,0,0,0,0,0,6.04,166.03,3626412,0,uvm_report_server
RUN-003923,power_cycle_test-003923,2111760521,PASS,pass,NONE,,,,0,0,0,0,0,8.31,65.65,8312334,0,uvm_report_server
RUN-003924,erase_suspend_test-003924,1939701252,PASS,pass,NONE,,,,0,1,0,0,0,20.02,6.86,8009138,0,uvm_report_server
RUN-003925,sequential_write_test-003925,810232870,PASS,pass,NONE,,,,0,0,0,0,0,4.55,7.24,3642371,0,uvm_report_server
RUN-003926,sequential_write_test-003926,185587996,PASS,pass,NONE,,,,0,0,0,0,0,168.29,3.08,134629826,0,uvm_report_server
RUN-003927,power_cycle_test-003927,1908687949,FAIL,fail,DATA_MISMATCH,E_CMP_0x11,DATA_MISMATCH,20810,2,0,0,0,1,24.81,45.71,9925775,1,uvm_report_server
RUN-003928,mixed_rw_test-003928,1264620811,PASS,pass,NONE,,,,0,0,0,0,0,294.08,1.73,176449229,0,uvm_report_server
RUN-003929,mixed_rw_test-003929,71597347,PASS,pass,NONE,,,,0,0,0,0,0,6.22,1.38,2486958,0,uvm_report_server
RUN-003930,random_read_test-003930,1663185354,PASS,pass,NONE,,,,0,1,0,0,0,10.99,12.43,6593735,0,uvm_report_server
RUN-003931,sequential_write_test-003931,245639758,PASS,pass,NONE,,,,0,1,0,0,0,20.62,12.45,8246461,0,uvm_report_server
RUN-003932,sequential_write_test-003932,2020826968,PASS,pass,NONE,,,,0,0,0,0,0,4.12,7.93,4945348,0,uvm_report_server
RUN-003933,random_read_test-003933,466880651,PASS,pass,NONE,,,,0,0,0,0,0,78.42,3.48,62738310,0,uvm_report_server
RUN-003934,sequential_write_test-003934,549087753,PASS,pass,NONE,,,,0,0,0,0,0,18.49,29.12,11095994,0,uvm_report_server
RUN-003935,erase_suspend_test-003935,1476102772,PASS,pass,NONE,,,,0,0,0,0,0,54.81,1.21,32884552,0,uvm_report_server
RUN-003936,random_read_test-003936,433458875,PASS,pass,NONE,,,,0,1,0,0,0,1.98,31.57,790360,0,uvm_report_server
RUN-003937,mixed_rw_test-003937,128263104,PASS,pass,NONE,,,,0,0,0,0,0,85.36,11.76,34143624,0,uvm_report_server
RUN-003938,random_read_test-003938,941315830,PASS,pass,NONE,,,,0,0,0,0,0,3.73,34.05,4472233,0,uvm_report_server
RUN-003939,random_read_test-003939,443414559,PASS,pass,NONE,,,,0,1,0,0,0,76.81,27.46,46086247,0,uvm_report_server
RUN-003940,garbage_collect_test-003940,139670660,PASS,pass,NONE,,,,0,1,0,0,0,23.25,5.57,18596452,0,uvm_report_server
RUN-003941,mixed_rw_test-003941,700876540,PASS,pass,NONE,,,,0,1,0,0,0,75.14,3.76,60115657,0,uvm_report_server
RUN-003942,mixed_rw_test-003942,1002135014,FAIL,fail,RETENTION_FAIL,E_RET_0x71,RETENTION_FAIL,52570,4,1,0,1,1,56.57,0.31,33944358,1,uvm_report_server
RUN-003943,power_cycle_test-003943,441197113,PASS,pass,NONE,,,,0,1,0,0,0,80.17,13.65,80168911,0,uvm_report_server
RUN-003944,back_to_back_program_test-003944,530105531,FAIL,fail,TIMEOUT,E_TMO_0x40,TIMEOUT,1957760,3,0,1,1,0,1961.76,0.2,1961762719,1,uvm_report_server
RUN-003945,random_read_test-003945,1974595813,PASS,pass,NONE,,,,0,1,0,0,0,8.58,117.37,8580152,0,uvm_report_server
RUN-003946,back_to_back_program_test-003946,205270866,PASS,pass,NONE,,,,0,0,0,0,0,7.2,77.37,5763510,0,uvm_report_server
RUN-003947,back_to_back_program_test-003947,1977790039,FAIL,fail,FIFO_OVERFLOW,E_FIFO_0x21,FIFO_OVERFLOW,8600,2,1,0,0,0,12.6,5.74,10076839,1,uvm_report_server
RUN-003948,back_to_back_program_test-003948,1908671387,PASS,pass,NONE,,,,0,0,0,0,0,2.94,2.68,1175321,0,uvm_report_server
RUN-003949,back_to_back_program_test-003949,1157630613,FAIL,fail,FIFO_OVERFLOW,E_FIFO_0x21,FIFO_OVERFLOW,46330,1,0,0,0,0,50.33,6.21,50326719,1,uvm_report_server
RUN-003950,power_cycle_test-003950,55363881,FAIL,fail,PROTOCOL_VIOLATION,E_PROT_0x52,PROTOCOL_VIOLATION,39180,3,0,1,1,0,43.18,431.42,43178439,1,uvm_report_server
RUN-003951,read_disturb_test-003951,1736116946,PASS,pass,NONE,,,,0,1,0,0,0,387.17,5.31,232301129,0,uvm_report_server
RUN-003952,erase_suspend_test-003952,335733674,PASS,pass,NONE,,,,0,0,0,0,0,3.97,16.63,4763786,0,uvm_report_server
RUN-003953,mixed_rw_test-003953,1353076390,PASS,pass,NONE,,,,0,0,0,0,0,3.43,81.69,3429561,0,uvm_report_server
RUN-003954,read_disturb_test-003954,1596709569,PASS,pass,NONE,,,,0,0,0,0,0,116.6,2.39,93282566,0,uvm_report_server
RUN-003955,sequential_write_test-003955,1033582980,PASS,pass,NONE,,,,0,0,0,0,0,82.19,53.26,49316906,0,uvm_report_server
RUN-003956,erase_suspend_test-003956,129201066,FAIL,fail,ASSERTION_FAIL,E_ASRT_0x60,ASSERTION_FAIL,17490,3,1,0,1,0,21.49,33.7,8594420,1,uvm_report_server
RUN-003957,erase_suspend_test-003957,1445149190,PASS,pass,NONE,,,,0,0,0,0,0,32.47,17.16,19482148,0,uvm_report_server
RUN-003958,sequential_write_test-003958,742745399,PASS,pass,NONE,,,,0,0,0,0,0,1.35,90.44,1077696,0,uvm_report_server
RUN-003959,mixed_rw_test-003959,803550309,FAIL,fail,TIMEOUT,E_TMO_0x40,TIMEOUT,1989110,2,0,1,0,0,1993.11,0.0,1993113639,1,uvm_report_server
RUN-003960,back_to_back_program_test-003960,1397682793,FAIL,fail,FIFO_OVERFLOW,E_FIFO_0x21,FIFO_OVERFLOW,3800,4,0,0,1,0,7.8,30.57,7801756,1,uvm_report_server
RUN-003961,power_cycle_test-003961,655670597,PASS,pass,NONE,,,,0,1,0,0,0,384.15,22.14,307316886,0,uvm_report_server
RUN-003962,sequential_write_test-003962,565219830,PASS,pass,NONE,,,,0,0,0,0,0,481.21,18.02,192482279,0,uvm_report_server
RUN-003963,power_cycle_test-003963,17037497,FAIL,fail,TIMEOUT,E_TMO_0x40,TIMEOUT,1975640,1,0,1,0,0,1979.64,0.01,2375571130,1,uvm_report_server
RUN-003964,read_disturb_test-003964,1983277672,PASS,pass,NONE,,,,0,0,0,0,0,193.36,0.71,77345184,0,uvm_report_server
RUN-003965,sequential_write_test-003965,960614333,FAIL,fail,DATA_MISMATCH,E_CMP_0x11,DATA_MISMATCH,2500,2,0,0,0,1,5.22,18.58,2089883,1,uvm_report_server
RUN-003966,sequential_write_test-003966,1368499453,PASS,pass,NONE,,,,0,1,0,0,0,115.65,4.46,46261959,0,uvm_report_server
RUN-003967,back_to_back_program_test-003967,658585412,PASS,pass,NONE,,,,0,1,0,0,0,5.78,21.79,4622915,0,uvm_report_server
RUN-003968,erase_suspend_test-003968,771867084,PASS,pass,NONE,,,,0,0,0,0,0,200.8,9.85,160642854,0,uvm_report_server
RUN-003969,power_cycle_test-003969,1369151871,PASS,pass,NONE,,,,0,0,0,0,0,727.34,1.39,581875989,0,uvm_report_server
RUN-003970,erase_suspend_test-003970,1089035604,PASS,pass,NONE,,,,0,1,0,0,0,1384.26,0.73,1107411044,0,uvm_report_server
RUN-003971,power_cycle_test-003971,771844644,PASS,pass,NONE,,,,0,0,0,0,0,1.0,15.97,600000,0,uvm_report_server
RUN-003972,back_to_back_program_test-003972,1476411066,PASS,pass,NONE,,,,0,0,0,0,0,25.83,41.21,10332446,0,uvm_report_server
RUN-003973,power_cycle_test-003973,1562567400,PASS,pass,NONE,,,,0,0,0,0,0,1.0,17.37,1000000,0,uvm_report_server
RUN-003974,mixed_rw_test-003974,866922044,PASS,pass,NONE,,,,0,0,0,0,0,7.36,150.21,5885048,0,uvm_report_server
RUN-003975,erase_suspend_test-003975,2096516008,PASS,pass,NONE,,,,0,1,0,0,0,54.44,4.46,65333328,0,uvm_report_server
RUN-003976,mixed_rw_test-003976,241995981,FAIL,fail,TIMEOUT,E_TMO_0x40,TIMEOUT,1992630,3,1,1,0,0,1996.63,0.31,1996626526,1,uvm_report_server
RUN-003977,garbage_collect_test-003977,1648083920,FAIL,fail,DATA_MISMATCH,E_CMP_0x11,DATA_MISMATCH,23210,2,1,0,1,1,27.21,16.15,16326352,1,uvm_report_server
RUN-003978,sequential_write_test-003978,894181032,PASS,pass,NONE,,,,0,0,0,0,0,53.79,9.77,43033185,0,uvm_report_server
RUN-003979,power_cycle_test-003979,500108150,PASS,pass,NONE,,,,0,0,0,0,0,114.5,71.12,68701930,0,uvm_report_server
RUN-003980,back_to_back_program_test-003980,14868812,FAIL,fail,THERMAL_SHUTDOWN,E_THRM_0x80,THERMAL_SHUTDOWN,2500,4,0,0,1,0,1.09,352.29,652140,1,uvm_report_server
RUN-003981,random_read_test-003981,1424921144,PASS,pass,NONE,,,,0,0,0,0,0,44.04,3.15,26424953,0,uvm_report_server
RUN-003982,back_to_back_program_test-003982,871277213,PASS,pass,NONE,,,,0,0,0,0,0,4.75,106.42,3803826,0,uvm_report_server
RUN-003983,random_read_test-003983,41274129,PASS,pass,NONE,,,,0,0,0,0,0,30.68,4.28,24542393,0,uvm_report_server
RUN-003984,random_read_test-003984,1684222126,FAIL,fail,DATA_MISMATCH,E_CMP_0x11,DATA_MISMATCH,9000,2,0,0,1,1,13.0,12.11,10398460,1,uvm_report_server
RUN-003985,garbage_collect_test-003985,1291377423,PASS,pass,NONE,,,,0,0,0,0,0,6.56,38.15,6561193,0,uvm_report_server
RUN-003986,sequential_write_test-003986,549319512,FAIL,fail,ASSERTION_FAIL,E_ASRT_0x60,ASSERTION_FAIL,24860,3,0,0,0,0,28.86,11.36,11543264,1,uvm_report_server
RUN-003987,mixed_rw_test-003987,1837886577,PASS,pass,NONE,,,,0,0,0,0,0,40.06,1.63,16023092,0,uvm_report_server
RUN-003988,erase_suspend_test-003988,993019332,FAIL,fail,RETENTION_FAIL,E_RET_0x71,RETENTION_FAIL,58320,3,1,0,1,1,62.32,4.53,74779077,1,uvm_report_server
RUN-003989,back_to_back_program_test-003989,1129570108,PASS,pass,NONE,,,,0,0,0,0,0,7.36,67.54,8830895,0,uvm_report_server
RUN-003990,read_disturb_test-003990,2031196437,FAIL,fail,TIMEOUT,E_TMO_0x40,TIMEOUT,1957340,2,0,1,0,0,1961.34,0.01,1961335666,1,uvm_report_server
RUN-003991,random_read_test-003991,1788252799,PASS,pass,NONE,,,,0,1,0,0,0,4.27,3.97,2559442,0,uvm_report_server
RUN-003992,back_to_back_program_test-003992,349863612,FAIL,fail,FIFO_OVERFLOW,E_FIFO_0x21,FIFO_OVERFLOW,14600,4,0,0,1,0,18.6,4.12,18599511,1,uvm_report_server
RUN-003993,garbage_collect_test-003993,2141159629,PASS,pass,NONE,,,,0,0,0,0,0,13.31,79.5,10645413,0,uvm_report_server
RUN-003994,read_disturb_test-003994,399795814,PASS,pass,NONE,,,,0,1,0,0,0,65.88,7.34,39528465,0,uvm_report_server
RUN-003995,power_cycle_test-003995,452955887,PASS,pass,NONE,,,,0,1,0,0,0,55.26,4.39,22104144,0,uvm_report_server
RUN-003996,read_disturb_test-003996,915330936,PASS,pass,NONE,,,,0,0,0,0,0,38.17,3.16,22902986,0,uvm_report_server
RUN-003997,read_disturb_test-003997,370178550,PASS,pass,NONE,,,,0,0,0,0,0,102.65,10.34,41058376,0,uvm_report_server
RUN-003998,garbage_collect_test-003998,674278745,PASS,pass,NONE,,,,0,0,0,0,0,26.89,10.14,16133394,0,uvm_report_server
RUN-003999,mixed_rw_test-003999,1780349292,PASS,pass,NONE,,,,0,0,0,0,0,8.34,16.55,3337810,0,uvm_report_server
RUN-004000,mixed_rw_test-004000,1364195149,PASS,pass,NONE,,,,0,0,0,0,0,53.33,4.99,42660314,0,uvm_report_server
RUN-004001,mixed_rw_test-004001,894063468,PASS,pass,NONE,,,,0,0,0,0,0,5.77,23.67,5767052,0,uvm_report_server
RUN-004002,random_read_test-004002,1457550953,PASS,pass,NONE,,,,0,0,0,0,0,9.27,30.37,7419149,0,uvm_report_server
RUN-004003,read_disturb_test-004003,2111851759,PASS,pass,NONE,,,,0,1,0,0,0,135.77,3.94,108619142,0,uvm_report_server
RUN-004004,random_read_test-004004,950842392,FAIL,fail,TIMEOUT,E_TMO_0x40,TIMEOUT,1981400,4,0,1,1,0,1985.4,0.05,1985398839,1,uvm_report_server
RUN-004005,garbage_collect_test-004005,882494519,PASS,pass,NONE,,,,0,1,0,0,0,143.5,3.55,57398628,0,uvm_report_server
RUN-004006,random_read_test-004006,1409001839,FAIL,fail,ECC_UNCORRECTABLE,E_ECC_0x33,ECC_UNCORRECTABLE,592390,1,1,0,0,1,596.39,3.24,477109460,1,uvm_report_server
RUN-004007,sequential_write_test-004007,1014632685,FAIL,fail,DATA_MISMATCH,E_CMP_0x11,DATA_MISMATCH,39210,3,0,0,0,1,43.21,0.83,25923626,1,uvm_report_server
RUN-004008,erase_suspend_test-004008,1738809642,FAIL,fail,TIMEOUT,E_TMO_0x40,TIMEOUT,1962890,3,0,1,0,0,1966.89,0.01,1966885410,1,uvm_report_server
RUN-004009,power_cycle_test-004009,769376823,FAIL,fail,THERMAL_SHUTDOWN,E_THRM_0x80,THERMAL_SHUTDOWN,20460,3,1,0,1,0,24.46,10.87,29354859,1,uvm_report_server
RUN-004010,random_read_test-004010,1962029530,PASS,pass,NONE,,,,0,1,0,0,0,32.73,16.06,39275085,0,uvm_report_server
RUN-004011,random_read_test-004011,107166362,PASS,pass,NONE,,,,0,0,0,0,0,1.15,59.8,1151787,0,uvm_report_server
RUN-004012,back_to_back_program_test-004012,1640284697,FAIL,fail,ECC_UNCORRECTABLE,E_ECC_0x33,ECC_UNCORRECTABLE,26990,2,1,0,0,1,30.99,1.58,37190014,1,uvm_report_server
RUN-004013,sequential_write_test-004013,730718514,PASS,pass,NONE,,,,0,1,0,0,0,48.06,11.1,38447912,0,uvm_report_server
RUN-004014,random_read_test-004014,464667592,PASS,pass,NONE,,,,0,0,0,0,0,72.72,235.14,58175337,0,uvm_report_server
RUN-004015,read_disturb_test-004015,719456721,FAIL,fail,DATA_MISMATCH,E_CMP_0x11,DATA_MISMATCH,2500,4,0,0,1,1,1.67,12.7,1332597,1,uvm_report_server
RUN-004016,garbage_collect_test-004016,643949295,PASS,pass,NONE,,,,0,0,0,0,0,44.24,11.52,53087974,0,uvm_report_server
RUN-004017,erase_suspend_test-004017,1044643342,PASS,pass,NONE,,,,0,1,0,0,0,43.18,0.8,34540898,0,uvm_report_server
RUN-004018,garbage_collect_test-004018,303144870,FAIL,fail,ECC_UNCORRECTABLE,E_ECC_0x33,ECC_UNCORRECTABLE,667610,2,0,0,0,1,671.61,2.03,671608308,1,uvm_report_server
RUN-004019,back_to_back_program_test-004019,951943029,PASS,pass,NONE,,,,0,0,0,0,0,87.71,22.25,70167217,0,uvm_report_server
RUN-004020,sequential_write_test-004020,1625859298,PASS,pass,NONE,,,,0,1,0,0,0,15.73,32.6,12583431,0,uvm_report_server
RUN-004021,back_to_back_program_test-004021,2132562986,FAIL,fail,FIFO_OVERFLOW,E_FIFO_0x21,FIFO_OVERFLOW,2500,1,0,0,0,0,1.51,9.24,1209713,1,uvm_report_server
RUN-004022,back_to_back_program_test-004022,1813873155,PASS,pass,NONE,,,,0,0,0,0,0,44.23,45.52,44230240,0,uvm_report_server
RUN-004023,sequential_write_test-004023,567440600,PASS,pass,NONE,,,,0,0,0,0,0,3.98,33.3,3181725,0,uvm_report_server
RUN-004024,back_to_back_program_test-004024,1352319452,PASS,pass,NONE,,,,0,1,0,0,0,1.0,262.66,1000000,0,uvm_report_server
RUN-004025,power_cycle_test-004025,1017694685,PASS,pass,NONE,,,,0,0,0,0,0,200.78,2.42,120469203,0,uvm_report_server
RUN-004026,random_read_test-004026,1889005874,PASS,pass,NONE,,,,0,0,0,0,0,17.65,110.52,10587511,0,uvm_report_server
RUN-004027,sequential_write_test-004027,692321896,PASS,pass,NONE,,,,0,0,0,0,0,11.4,46.81,11399276,0,uvm_report_server
RUN-004028,erase_suspend_test-004028,1808956810,PASS,pass,NONE,,,,0,0,0,0,0,41.73,6.71,16690394,0,uvm_report_server
RUN-004029,read_disturb_test-004029,986518748,FAIL,fail,DATA_MISMATCH,E_CMP_0x11,DATA_MISMATCH,3590,3,0,0,0,1,7.59,18.8,4552340,1,uvm_report_server
RUN-004030,garbage_collect_test-004030,249605611,FAIL,fail,DATA_MISMATCH,E_CMP_0x11,DATA_MISMATCH,2500,2,0,0,0,1,5.56,19.53,4450590,1,uvm_report_server
RUN-004031,back_to_back_program_test-004031,824056636,PASS,pass,NONE,,,,0,0,0,0,0,6.38,4.8,6376051,0,uvm_report_server
RUN-004032,sequential_write_test-004032,358566844,PASS,pass,NONE,,,,0,0,0,0,0,286.37,29.12,171819612,0,uvm_report_server
RUN-004033,read_disturb_test-004033,1661667317,PASS,pass,NONE,,,,0,0,0,0,0,10.81,51.16,6483083,0,uvm_report_server
RUN-004034,random_read_test-004034,176198235,PASS,pass,NONE,,,,0,1,0,0,0,13.51,39.25,8106241,0,uvm_report_server
RUN-004035,power_cycle_test-004035,542166984,PASS,pass,NONE,,,,0,0,0,0,0,29.37,9.59,35249695,0,uvm_report_server
RUN-004036,random_read_test-004036,385465324,FAIL,fail,PROTOCOL_VIOLATION,E_PROT_0x52,PROTOCOL_VIOLATION,20090,2,0,1,0,0,24.09,441.97,28903425,1,uvm_report_server
RUN-004037,erase_suspend_test-004037,912953666,PASS,pass,NONE,,,,0,0,0,0,0,25.54,5.03,10215623,0,uvm_report_server
RUN-004038,read_disturb_test-004038,481125579,PASS,pass,NONE,,,,0,0,0,0,0,35.12,0.94,35120111,0,uvm_report_server
RUN-004039,power_cycle_test-004039,1784996076,PASS,pass,NONE,,,,0,0,0,0,0,4.74,27.89,1895875,0,uvm_report_server
RUN-004040,random_read_test-004040,439409539,FAIL,fail,THERMAL_SHUTDOWN,E_THRM_0x80,THERMAL_SHUTDOWN,10500,1,1,0,0,0,14.5,5.16,5800747,1,uvm_report_server
RUN-004041,erase_suspend_test-004041,591075786,PASS,pass,NONE,,,,0,0,0,0,0,3.61,34.04,3611841,0,uvm_report_server
RUN-004042,back_to_back_program_test-004042,1793398888,FAIL,fail,FIFO_OVERFLOW,E_FIFO_0x21,FIFO_OVERFLOW,2500,3,0,0,1,0,5.98,20.97,5979501,1,uvm_report_server
RUN-004043,mixed_rw_test-004043,1214631406,PASS,pass,NONE,,,,0,0,0,0,0,7.14,19.41,2856968,0,uvm_report_server
RUN-004044,sequential_write_test-004044,2137028484,PASS,pass,NONE,,,,0,1,0,0,0,86.59,3.03,51951077,0,uvm_report_server
RUN-004045,mixed_rw_test-004045,360341656,PASS,pass,NONE,,,,0,0,0,0,0,32.16,7.87,12862399,0,uvm_report_server
RUN-004046,back_to_back_program_test-004046,18447086,PASS,pass,NONE,,,,0,0,0,0,0,729.64,24.0,291856718,0,uvm_report_server
RUN-004047,garbage_collect_test-004047,1634771525,PASS,pass,NONE,,,,0,1,0,0,0,24.85,41.8,14912373,0,uvm_report_server
RUN-004048,back_to_back_program_test-004048,251578158,PASS,pass,NONE,,,,0,0,0,0,0,37.42,0.85,37424269,0,uvm_report_server
RUN-004049,random_read_test-004049,1108350533,PASS,pass,NONE,,,,0,0,0,0,0,9.84,3.19,5904183,0,uvm_report_server
RUN-004050,garbage_collect_test-004050,1751143639,PASS,pass,NONE,,,,0,0,0,0,0,2.63,48.03,1576022,0,uvm_report_server
RUN-004051,random_read_test-004051,894441542,PASS,pass,NONE,,,,0,0,0,0,0,114.97,17.43,114968174,0,uvm_report_server
RUN-004052,mixed_rw_test-004052,1045720335,PASS,pass,NONE,,,,0,0,0,0,0,9.43,13.79,7546930,0,uvm_report_server
RUN-004053,mixed_rw_test-004053,1805878451,PASS,pass,NONE,,,,0,0,0,0,0,15.6,252.96,18725063,0,uvm_report_server
RUN-004054,garbage_collect_test-004054,8133924,PASS,pass,NONE,,,,0,0,0,0,0,1.0,30.48,800000,0,uvm_report_server
RUN-004055,sequential_write_test-004055,148070879,PASS,pass,NONE,,,,0,1,0,0,0,35.98,27.52,21586362,0,uvm_report_server
RUN-004056,erase_suspend_test-004056,1380685072,FAIL,fail,TIMEOUT,E_TMO_0x40,TIMEOUT,1976170,2,1,1,1,0,1980.17,0.23,2376201617,1,uvm_report_server
RUN-004057,read_disturb_test-004057,1467605635,PASS,pass,NONE,,,,0,0,0,0,0,11.87,5.64,7121789,0,uvm_report_server
RUN-004058,mixed_rw_test-004058,1327820253,PASS,pass,NONE,,,,0,0,0,0,0,5.88,349.42,4703198,0,uvm_report_server
RUN-004059,sequential_write_test-004059,2021882844,PASS,pass,NONE,,,,0,0,0,0,0,16.39,16.5,16392555,0,uvm_report_server
RUN-004060,power_cycle_test-004060,1792048080,PASS,pass,NONE,,,,0,0,0,0,0,2.74,2.86,2194695,0,uvm_report_server
RUN-004061,garbage_collect_test-004061,86088136,PASS,pass,NONE,,,,0,1,0,0,0,6.76,41.06,4055803,0,uvm_report_server
RUN-004062,read_disturb_test-004062,1878422285,PASS,pass,NONE,,,,0,0,0,0,0,1.87,36.37,1870086,0,uvm_report_server
RUN-004063,back_to_back_program_test-004063,1685482199,FAIL,fail,ECC_UNCORRECTABLE,E_ECC_0x33,ECC_UNCORRECTABLE,92590,2,0,0,1,1,96.59,33.42,96592309,1,uvm_report_server
RUN-004064,random_read_test-004064,2093496740,FAIL,fail,ASSERTION_FAIL,E_ASRT_0x60,ASSERTION_FAIL,2500,1,1,0,0,0,1.67,10.69,2009946,1,uvm_report_server
RUN-004065,mixed_rw_test-004065,1582674156,PASS,pass,NONE,,,,0,0,0,0,0,7.39,8.81,4433057,0,uvm_report_server
RUN-004066,random_read_test-004066,779061091,PASS,pass,NONE,,,,0,0,0,0,0,171.26,22.66,102756944,0,uvm_report_server
RUN-004067,mixed_rw_test-004067,1369411194,PASS,pass,NONE,,,,0,1,0,0,0,10.49,5.88,8394493,0,uvm_report_server
RUN-004068,read_disturb_test-004068,446568394,PASS,pass,NONE,,,,0,1,0,0,0,203.91,10.0,163128990,0,uvm_report_server
RUN-004069,garbage_collect_test-004069,975183489,PASS,pass,NONE,,,,0,0,0,0,0,17.24,2.0,6895321,0,uvm_report_server
RUN-004070,erase_suspend_test-004070,632340757,PASS,pass,NONE,,,,0,0,0,0,0,126.11,7.92,75667917,0,uvm_report_server
RUN-004071,read_disturb_test-004071,1351413608,PASS,pass,NONE,,,,0,0,0,0,0,3.79,71.34,3034388,0,uvm_report_server
RUN-004072,sequential_write_test-004072,498047225,PASS,pass,NONE,,,,0,0,0,0,0,58.64,4.27,23457468,0,uvm_report_server
RUN-004073,erase_suspend_test-004073,236282273,PASS,pass,NONE,,,,0,1,0,0,0,65.79,126.61,52632449,0,uvm_report_server
RUN-004074,mixed_rw_test-004074,778270105,PASS,pass,NONE,,,,0,0,0,0,0,1.0,16.67,600000,0,uvm_report_server
RUN-004075,garbage_collect_test-004075,1378404005,FAIL,fail,RETENTION_FAIL,E_RET_0x71,RETENTION_FAIL,2500,3,0,0,1,1,4.91,35.4,4911966,1,uvm_report_server
RUN-004076,back_to_back_program_test-004076,518125443,PASS,pass,NONE,,,,0,1,0,0,0,144.19,3.7,144189241,0,uvm_report_server
RUN-004077,sequential_write_test-004077,163061090,PASS,pass,NONE,,,,0,0,0,0,0,35.68,3.73,28542160,0,uvm_report_server
RUN-004078,garbage_collect_test-004078,102668275,PASS,pass,NONE,,,,0,0,0,0,0,7.81,16.61,6244553,0,uvm_report_server
RUN-004079,mixed_rw_test-004079,615912036,PASS,pass,NONE,,,,0,0,0,0,0,127.35,8.16,101883027,0,uvm_report_server
RUN-004080,erase_suspend_test-004080,280498584,PASS,pass,NONE,,,,0,0,0,0,0,1.0,30.09,1000000,0,uvm_report_server
RUN-004081,mixed_rw_test-004081,1992714665,PASS,pass,NONE,,,,0,0,0,0,0,4.36,13.87,3491254,0,uvm_report_server
RUN-004082,erase_suspend_test-004082,1222724300,PASS,pass,NONE,,,,0,0,0,0,0,18.38,13.39,18380296,0,uvm_report_server
RUN-004083,read_disturb_test-004083,645339293,FAIL,fail,TIMEOUT,E_TMO_0x40,TIMEOUT,1994260,1,1,1,0,0,1998.26,0.26,2397908532,1,uvm_report_server
RUN-004084,mixed_rw_test-004084,1479803785,PASS,pass,NONE,,,,0,1,0,0,0,6.45,2.74,6446107,0,uvm_report_server
RUN-004085,back_to_back_program_test-004085,1983002959,PASS,pass,NONE,,,,0,0,0,0,0,54.26,9.25,21705599,0,uvm_report_server
RUN-004086,erase_suspend_test-004086,1925518764,PASS,pass,NONE,,,,0,1,0,0,0,46.35,178.79,18538387,0,uvm_report_server
RUN-004087,random_read_test-004087,1928505879,PASS,pass,NONE,,,,0,0,0,0,0,7.44,73.09,5951415,0,uvm_report_server
RUN-004088,erase_suspend_test-004088,129234542,PASS,pass,NONE,,,,0,0,0,0,0,173.67,6.23,104203237,0,uvm_report_server
RUN-004089,sequential_write_test-004089,1107030532,PASS,pass,NONE,,,,0,1,0,0,0,10.82,50.47,10819287,0,uvm_report_server
RUN-004090,sequential_write_test-004090,302502748,PASS,pass,NONE,,,,0,0,0,0,0,18.68,1.67,14946874,0,uvm_report_server
RUN-004091,random_read_test-004091,1313081158,PASS,pass,NONE,,,,0,0,0,0,0,101.7,75.37,61020580,0,uvm_report_server
RUN-004092,read_disturb_test-004092,1370183557,PASS,pass,NONE,,,,0,1,0,0,0,1.0,123.72,800000,0,uvm_report_server
RUN-004093,mixed_rw_test-004093,1552411018,PASS,pass,NONE,,,,0,0,0,0,0,106.99,20.36,85593250,0,uvm_report_server
RUN-004094,sequential_write_test-004094,1300659674,PASS,pass,NONE,,,,0,0,0,0,0,9.79,112.57,7830584,0,uvm_report_server
RUN-004095,sequential_write_test-004095,907830687,PASS,pass,NONE,,,,0,1,0,0,0,6.53,1.22,2610539,0,uvm_report_server
RUN-004096,random_read_test-004096,1309568677,PASS,pass,NONE,,,,0,1,0,0,0,2.87,11.97,2298118,0,uvm_report_server
RUN-004097,garbage_collect_test-004097,680419944,FAIL,fail,RETENTION_FAIL,E_RET_0x71,RETENTION_FAIL,64220,1,0,0,0,1,68.22,21.0,40931603,1,uvm_report_server
RUN-004098,sequential_write_test-004098,933026540,PASS,pass,NONE,,,,0,1,0,0,0,2.26,60.29,902003,0,uvm_report_server
RUN-004099,sequential_write_test-004099,1284155181,PASS,pass,NONE,,,,0,1,0,0,0,3.4,38.85,3404870,0,uvm_report_server
RUN-004100,sequential_write_test-004100,110600632,FAIL,fail,DATA_MISMATCH,E_CMP_0x11,DATA_MISMATCH,2500,2,0,0,0,1,1.0,5.71,600000,1,uvm_report_server
RUN-004101,random_read_test-004101,1368021389,FAIL,fail,DATA_MISMATCH,E_CMP_0x11,DATA_MISMATCH,2500,3,0,0,1,1,1.0,43.89,800000,1,uvm_report_server
RUN-004102,back_to_back_program_test-004102,841481982,PASS,pass,NONE,,,,0,0,0,0,0,103.22,37.57,61931607,0,uvm_report_server
RUN-004103,back_to_back_program_test-004103,466903876,FAIL,fail,FIFO_OVERFLOW,E_FIFO_0x21,FIFO_OVERFLOW,15570,1,0,0,0,0,19.57,0.78,11743403,1,uvm_report_server
RUN-004104,random_read_test-004104,158392875,PASS,pass,NONE,,,,0,0,0,0,0,9.29,60.13,3714145,0,uvm_report_server
RUN-004105,sequential_write_test-004105,514801080,PASS,pass,NONE,,,,0,0,0,0,0,9.76,49.3,7808288,0,uvm_report_server
RUN-004106,erase_suspend_test-004106,1681624917,PASS,pass,NONE,,,,0,0,0,0,0,10.59,50.07,6352344,0,uvm_report_server
RUN-004107,random_read_test-004107,906353932,PASS,pass,NONE,,,,0,0,0,0,0,16.0,30.73,15996050,0,uvm_report_server
RUN-004108,sequential_write_test-004108,1604981318,PASS,pass,NONE,,,,0,0,0,0,0,29.1,36.28,29096012,0,uvm_report_server
RUN-004109,read_disturb_test-004109,1486750776,PASS,pass,NONE,,,,0,1,0,0,0,10.53,11.54,8424920,0,uvm_report_server
RUN-004110,random_read_test-004110,1883329997,PASS,pass,NONE,,,,0,0,0,0,0,26.55,19.7,26545545,0,uvm_report_server
RUN-004111,garbage_collect_test-004111,650877200,PASS,pass,NONE,,,,0,0,0,0,0,28.88,67.54,23100602,0,uvm_report_server
RUN-004112,sequential_write_test-004112,1142999035,PASS,pass,NONE,,,,0,0,0,0,0,45.62,22.89,18247387,0,uvm_report_server
RUN-004113,back_to_back_program_test-004113,843903117,PASS,pass,NONE,,,,0,0,0,0,0,7.6,8.05,6079216,0,uvm_report_server
RUN-004114,erase_suspend_test-004114,2001818081,PASS,pass,NONE,,,,0,0,0,0,0,20.23,12.97,12140832,0,uvm_report_server
RUN-004115,random_read_test-004115,549859527,PASS,pass,NONE,,,,0,1,0,0,0,1.08,7.21,430105,0,uvm_report_server
RUN-004116,read_disturb_test-004116,849614828,PASS,pass,NONE,,,,0,0,0,0,0,7.73,4.49,3093132,0,uvm_report_server
RUN-004117,back_to_back_program_test-004117,1938937390,PASS,pass,NONE,,,,0,1,0,0,0,81.49,6.8,32594136,0,uvm_report_server
RUN-004118,garbage_collect_test-004118,929528558,PASS,pass,NONE,,,,0,1,0,0,0,172.71,3.11,69082959,0,uvm_report_server
RUN-004119,read_disturb_test-004119,1370052764,PASS,pass,NONE,,,,0,0,0,0,0,15.15,143.53,15150117,0,uvm_report_server
RUN-004120,sequential_write_test-004120,422114236,PASS,pass,NONE,,,,0,0,0,0,0,1048.22,1.89,838578442,0,uvm_report_server
RUN-004121,mixed_rw_test-004121,476286351,FAIL,fail,THERMAL_SHUTDOWN,E_THRM_0x80,THERMAL_SHUTDOWN,2710,3,1,0,1,0,6.71,72.52,4028113,1,uvm_report_server
RUN-004122,back_to_back_program_test-004122,896113846,PASS,pass,NONE,,,,0,0,0,0,0,6.95,8.76,8336828,0,uvm_report_server
RUN-004123,power_cycle_test-004123,894760571,PASS,pass,NONE,,,,0,0,0,0,0,14.12,9.22,16944428,0,uvm_report_server
RUN-004124,mixed_rw_test-004124,344308583,PASS,pass,NONE,,,,0,1,0,0,0,5.34,96.59,5343699,0,uvm_report_server
RUN-004125,garbage_collect_test-004125,444728862,PASS,pass,NONE,,,,0,0,0,0,0,169.51,6.58,67805814,0,uvm_report_server
RUN-004126,read_disturb_test-004126,1551087761,PASS,pass,NONE,,,,0,0,0,0,0,2.02,31.38,1613519,0,uvm_report_server
RUN-004127,garbage_collect_test-004127,1313663870,PASS,pass,NONE,,,,0,0,0,0,0,15.37,8.47,6149372,0,uvm_report_server
RUN-004128,mixed_rw_test-004128,994636222,PASS,pass,NONE,,,,0,0,0,0,0,15.94,8.15,12750667,0,uvm_report_server
RUN-004129,back_to_back_program_test-004129,383645374,FAIL,fail,FIFO_OVERFLOW,E_FIFO_0x21,FIFO_OVERFLOW,1421490,1,1,0,0,0,1425.49,8.61,570196037,1,uvm_report_server
RUN-004130,back_to_back_program_test-004130,1610883822,FAIL,fail,FIFO_OVERFLOW,E_FIFO_0x21,FIFO_OVERFLOW,15100,3,1,0,0,0,19.1,31.93,22923206,1,uvm_report_server
RUN-004131,sequential_write_test-004131,1115335363,PASS,pass,NONE,,,,0,1,0,0,0,12.03,0.64,4812667,0,uvm_report_server
RUN-004132,power_cycle_test-004132,153404010,PASS,pass,NONE,,,,0,0,0,0,0,4.29,29.08,3429218,0,uvm_report_server
RUN-004133,mixed_rw_test-004133,1602395150,FAIL,fail,TIMEOUT,E_TMO_0x40,TIMEOUT,1963620,2,1,1,1,0,1967.62,0.04,1967620916,1,uvm_report_server
RUN-004134,back_to_back_program_test-004134,1587563521,FAIL,fail,FIFO_OVERFLOW,E_FIFO_0x21,FIFO_OVERFLOW,40650,3,0,0,1,0,44.65,8.15,35722564,1,uvm_report_server
RUN-004135,back_to_back_program_test-004135,1977149891,FAIL,fail,FIFO_OVERFLOW,E_FIFO_0x21,FIFO_OVERFLOW,6230,2,0,0,0,0,10.23,16.28,8182741,1,uvm_report_server
RUN-004136,back_to_back_program_test-004136,1257678522,FAIL,fail,FIFO_OVERFLOW,E_FIFO_0x21,FIFO_OVERFLOW,3080,1,0,0,0,0,7.08,59.37,4249840,1,uvm_report_server
RUN-004137,back_to_back_program_test-004137,2071214862,PASS,pass,NONE,,,,0,0,0,0,0,3.57,4.41,2858150,0,uvm_report_server
RUN-004138,power_cycle_test-004138,847642970,PASS,pass,NONE,,,,0,0,0,0,0,30.24,8.26,24194347,0,uvm_report_server
RUN-004139,mixed_rw_test-004139,744014085,PASS,pass,NONE,,,,0,1,0,0,0,58.48,65.92,58475717,0,uvm_report_server
RUN-004140,random_read_test-004140,1473465018,FAIL,fail,DATA_MISMATCH,E_CMP_0x11,DATA_MISMATCH,9670,3,0,0,1,1,13.67,0.7,5466104,1,uvm_report_server
RUN-004141,random_read_test-004141,35370750,PASS,pass,NONE,,,,0,0,0,0,0,12.48,20.47,9984909,0,uvm_report_server
RUN-004142,erase_suspend_test-004142,893164535,FAIL,fail,DATA_MISMATCH,E_CMP_0x11,DATA_MISMATCH,20520,2,1,0,0,1,24.52,5.7,14712544,1,uvm_report_server
RUN-004143,sequential_write_test-004143,406026602,FAIL,fail,ASSERTION_FAIL,E_ASRT_0x60,ASSERTION_FAIL,2500,1,1,0,0,0,1.88,8.67,1505149,1,uvm_report_server
RUN-004144,erase_suspend_test-004144,608255000,PASS,pass,NONE,,,,0,0,0,0,0,63.39,8.29,50709342,0,uvm_report_server
RUN-004145,random_read_test-004145,1328432569,PASS,pass,NONE,,,,0,0,0,0,0,18.9,27.02,18904133,0,uvm_report_server
RUN-004146,sequential_write_test-004146,1844090075,PASS,pass,NONE,,,,0,0,0,0,0,52.03,79.15,41623642,0,uvm_report_server
RUN-004147,sequential_write_test-004147,798325719,PASS,pass,NONE,,,,0,0,0,0,0,1.72,4.79,688880,0,uvm_report_server
RUN-004148,erase_suspend_test-004148,2129275487,PASS,pass,NONE,,,,0,0,0,0,0,1.36,22.71,818373,0,uvm_report_server
RUN-004149,read_disturb_test-004149,626742145,PASS,pass,NONE,,,,0,0,0,0,0,24.97,41.59,24970734,0,uvm_report_server
RUN-004150,sequential_write_test-004150,1918748281,FAIL,fail,DATA_MISMATCH,E_CMP_0x11,DATA_MISMATCH,10730,4,0,0,1,1,14.73,19.93,14730666,1,uvm_report_server
RUN-004151,erase_suspend_test-004151,2046920991,PASS,pass,NONE,,,,0,0,0,0,0,60.07,4.35,36039802,0,uvm_report_server
RUN-004152,erase_suspend_test-004152,1116055377,PASS,pass,NONE,,,,0,0,0,0,0,12.03,42.47,7215640,0,uvm_report_server
RUN-004153,mixed_rw_test-004153,341161961,PASS,pass,NONE,,,,0,0,0,0,0,448.74,9.92,358989382,0,uvm_report_server
RUN-004154,read_disturb_test-004154,1174751639,PASS,pass,NONE,,,,0,1,0,0,0,15.5,270.75,12400471,0,uvm_report_server
RUN-004155,erase_suspend_test-004155,1814658963,FAIL,fail,RETENTION_FAIL,E_RET_0x71,RETENTION_FAIL,66770,1,0,0,0,1,70.77,1.84,56617086,1,uvm_report_server
RUN-004156,back_to_back_program_test-004156,1330913947,FAIL,fail,FIFO_OVERFLOW,E_FIFO_0x21,FIFO_OVERFLOW,190870,3,0,0,0,0,194.87,8.72,155895848,1,uvm_report_server
RUN-004157,garbage_collect_test-004157,986492596,PASS,pass,NONE,,,,0,0,0,0,0,1.48,42.84,1184948,0,uvm_report_server
RUN-004158,read_disturb_test-004158,483181279,FAIL,fail,DATA_MISMATCH,E_CMP_0x11,DATA_MISMATCH,116190,2,0,0,0,1,120.19,1.53,72111734,1,uvm_report_server
RUN-004159,mixed_rw_test-004159,813178201,PASS,pass,NONE,,,,0,1,0,0,0,65.37,8.63,39224784,0,uvm_report_server
RUN-004160,erase_suspend_test-004160,852367374,PASS,pass,NONE,,,,0,1,0,0,0,2.38,7.22,1904024,0,uvm_report_server
RUN-004161,power_cycle_test-004161,348841527,PASS,pass,NONE,,,,0,0,0,0,0,24.34,11.42,19475198,0,uvm_report_server
RUN-004162,power_cycle_test-004162,712973861,FAIL,fail,TIMEOUT,E_TMO_0x40,TIMEOUT,1994490,1,0,1,0,0,1998.49,0.1,1998488159,1,uvm_report_server
RUN-004163,read_disturb_test-004163,1526672138,PASS,pass,NONE,,,,0,0,0,0,0,170.4,1.65,102242398,0,uvm_report_server
RUN-004164,sequential_write_test-004164,236162998,PASS,pass,NONE,,,,0,0,0,0,0,112.41,2.52,67448104,0,uvm_report_server
RUN-004165,mixed_rw_test-004165,1982173993,PASS,pass,NONE,,,,0,1,0,0,0,40.12,24.09,32098230,0,uvm_report_server
RUN-004166,read_disturb_test-004166,835272538,PASS,pass,NONE,,,,0,0,0,0,0,28.34,9.43,22671021,0,uvm_report_server
RUN-004167,erase_suspend_test-004167,182574745,PASS,pass,NONE,,,,0,1,0,0,0,76.72,26.88,61375277,0,uvm_report_server
RUN-004168,sequential_write_test-004168,544599788,PASS,pass,NONE,,,,0,0,0,0,0,3.62,4.53,2174316,0,uvm_report_server
RUN-004169,mixed_rw_test-004169,806033847,PASS,pass,NONE,,,,0,0,0,0,0,4.15,132.93,4149158,0,uvm_report_server
RUN-004170,back_to_back_program_test-004170,1837559593,FAIL,fail,DATA_MISMATCH,E_CMP_0x11,DATA_MISMATCH,15410,2,0,0,1,1,19.41,61.28,19413492,1,uvm_report_server
RUN-004171,back_to_back_program_test-004171,679605650,PASS,pass,NONE,,,,0,0,0,0,0,11.2,12.43,8957247,0,uvm_report_server
RUN-004172,back_to_back_program_test-004172,729290273,PASS,pass,NONE,,,,0,1,0,0,0,11.05,92.83,8836073,0,uvm_report_server
RUN-004173,mixed_rw_test-004173,777480827,FAIL,fail,DATA_MISMATCH,E_CMP_0x11,DATA_MISMATCH,140650,4,1,0,1,1,144.65,3.94,115721588,1,uvm_report_server
RUN-004174,sequential_write_test-004174,985603228,FAIL,fail,DATA_MISMATCH,E_CMP_0x11,DATA_MISMATCH,15230,2,0,0,1,1,19.23,35.49,23080310,1,uvm_report_server
RUN-004175,back_to_back_program_test-004175,1871030929,FAIL,fail,TIMEOUT,E_TMO_0x40,TIMEOUT,1985170,3,0,1,0,0,1989.17,0.08,1989165234,1,uvm_report_server
RUN-004176,power_cycle_test-004176,587657905,PASS,pass,NONE,,,,0,0,0,0,0,2.02,263.23,1613753,0,uvm_report_server
RUN-004177,read_disturb_test-004177,856373647,PASS,pass,NONE,,,,0,0,0,0,0,3.86,33.02,3084774,0,uvm_report_server
RUN-004178,sequential_write_test-004178,1414719550,PASS,pass,NONE,,,,0,1,0,0,0,8.7,7.96,5219231,0,uvm_report_server
RUN-004179,read_disturb_test-004179,845657038,PASS,pass,NONE,,,,0,0,0,0,0,274.58,7.45,274576126,0,uvm_report_server
RUN-004180,read_disturb_test-004180,1733162024,FAIL,fail,ECC_UNCORRECTABLE,E_ECC_0x33,ECC_UNCORRECTABLE,670940,2,1,0,0,1,674.94,3.4,674942947,1,uvm_report_server
RUN-004181,back_to_back_program_test-004181,467163614,PASS,pass,NONE,,,,0,0,0,0,0,445.95,5.06,267569607,0,uvm_report_server
RUN-004182,sequential_write_test-004182,869842558,FAIL,fail,DATA_MISMATCH,E_CMP_0x11,DATA_MISMATCH,2500,3,1,0,1,1,4.99,1.88,3994836,1,uvm_report_server
RUN-004183,garbage_collect_test-004183,2045309052,PASS,pass,NONE,,,,0,1,0,0,0,35.21,14.56,28171262,0,uvm_report_server
RUN-004184,random_read_test-004184,739146492,PASS,pass,NONE,,,,0,0,0,0,0,62.14,8.77,49710869,0,uvm_report_server
RUN-004185,random_read_test-004185,1309818655,PASS,pass,NONE,,,,0,1,0,0,0,5.19,208.19,4151152,0,uvm_report_server
RUN-004186,power_cycle_test-004186,215949852,PASS,pass,NONE,,,,0,1,0,0,0,2.43,51.39,1456813,0,uvm_report_server
RUN-004187,read_disturb_test-004187,1945094520,PASS,pass,NONE,,,,0,0,0,0,0,237.49,18.89,142494923,0,uvm_report_server
RUN-004188,back_to_back_program_test-004188,987018449,PASS,pass,NONE,,,,0,0,0,0,0,27.66,19.6,11062515,0,uvm_report_server
RUN-004189,random_read_test-004189,2035988756,PASS,pass,NONE,,,,0,1,0,0,0,1.94,15.78,1166369,0,uvm_report_server
RUN-004190,random_read_test-004190,870057595,PASS,pass,NONE,,,,0,0,0,0,0,317.22,3.37,126888346,0,uvm_report_server
RUN-004191,random_read_test-004191,1065158394,FAIL,fail,RETENTION_FAIL,E_RET_0x71,RETENTION_FAIL,16270,3,0,0,0,1,20.27,0.46,12164450,1,uvm_report_server
RUN-004192,erase_suspend_test-004192,1089240680,PASS,pass,NONE,,,,0,0,0,0,0,11.99,5.04,11991412,0,uvm_report_server
RUN-004193,mixed_rw_test-004193,522251078,PASS,pass,NONE,,,,0,0,0,0,0,10.58,11.81,8464856,0,uvm_report_server
RUN-004194,mixed_rw_test-004194,1633509483,PASS,pass,NONE,,,,0,0,0,0,0,8.33,7.8,6663197,0,uvm_report_server
RUN-004195,random_read_test-004195,1878102337,PASS,pass,NONE,,,,0,1,0,0,0,3.11,11.33,2487306,0,uvm_report_server
RUN-004196,random_read_test-004196,839057994,FAIL,fail,ASSERTION_FAIL,E_ASRT_0x60,ASSERTION_FAIL,2500,3,1,0,0,0,4.79,14.76,2872385,1,uvm_report_server
RUN-004197,sequential_write_test-004197,2027557265,PASS,pass,NONE,,,,0,0,0,0,0,3.38,41.09,2028611,0,uvm_report_server
RUN-004198,mixed_rw_test-004198,2033715309,PASS,pass,NONE,,,,0,0,0,0,0,47.76,22.3,47755840,0,uvm_report_server
RUN-004199,mixed_rw_test-004199,701954628,FAIL,fail,ASSERTION_FAIL,E_ASRT_0x60,ASSERTION_FAIL,17810,3,0,0,1,0,21.81,4.19,17445782,1,uvm_report_server
RUN-004200,mixed_rw_test-004200,962539004,PASS,pass,NONE,,,,0,0,0,0,0,1.43,43.73,1714257,0,uvm_report_server
RUN-004201,back_to_back_program_test-004201,154520344,FAIL,fail,THERMAL_SHUTDOWN,E_THRM_0x80,THERMAL_SHUTDOWN,223070,2,0,0,0,0,227.07,3.18,90829130,1,uvm_report_server
RUN-004202,back_to_back_program_test-004202,850332010,PASS,pass,NONE,,,,0,0,0,0,0,35.13,7.51,35125376,0,uvm_report_server
RUN-004203,read_disturb_test-004203,1943849096,FAIL,fail,ASSERTION_FAIL,E_ASRT_0x60,ASSERTION_FAIL,10160,2,0,0,0,0,14.16,3.51,8495034,1,uvm_report_server
RUN-004204,back_to_back_program_test-004204,1179803064,PASS,pass,NONE,,,,0,0,0,0,0,3.68,273.18,3683081,0,uvm_report_server
RUN-004205,power_cycle_test-004205,2030484580,PASS,pass,NONE,,,,0,0,0,0,0,15.43,15.7,9257157,0,uvm_report_server
RUN-004206,back_to_back_program_test-004206,581400089,FAIL,fail,FIFO_OVERFLOW,E_FIFO_0x21,FIFO_OVERFLOW,2500,3,0,0,0,0,1.56,12.95,1559083,1,uvm_report_server
RUN-004207,erase_suspend_test-004207,1836977285,PASS,pass,NONE,,,,0,0,0,0,0,5.67,171.55,4539932,0,uvm_report_server
RUN-004208,mixed_rw_test-004208,955641261,PASS,pass,NONE,,,,0,0,0,0,0,54.57,8.96,43652919,0,uvm_report_server
RUN-004209,mixed_rw_test-004209,1065176327,PASS,pass,NONE,,,,0,1,0,0,0,33.67,29.37,20203345,0,uvm_report_server
RUN-004210,random_read_test-004210,217810777,PASS,pass,NONE,,,,0,0,0,0,0,49.8,10.63,39841680,0,uvm_report_server
RUN-004211,sequential_write_test-004211,1970851490,PASS,pass,NONE,,,,0,0,0,0,0,107.59,40.66,43034703,0,uvm_report_server
RUN-004212,random_read_test-004212,1939416160,PASS,pass,NONE,,,,0,0,0,0,0,118.72,16.38,71234674,0,uvm_report_server
RUN-004213,erase_suspend_test-004213,1269987061,PASS,pass,NONE,,,,0,0,0,0,0,30.93,2.04,24743224,0,uvm_report_server
RUN-004214,mixed_rw_test-004214,366677624,PASS,pass,NONE,,,,0,0,0,0,0,119.56,17.81,95650801,0,uvm_report_server
RUN-004215,random_read_test-004215,793925859,PASS,pass,NONE,,,,0,1,0,0,0,15.04,4.38,15037783,0,uvm_report_server
RUN-004216,read_disturb_test-004216,502333521,PASS,pass,NONE,,,,0,0,0,0,0,4.0,67.84,4799264,0,uvm_report_server
RUN-004217,garbage_collect_test-004217,1256445384,PASS,pass,NONE,,,,0,0,0,0,0,54.47,9.03,43572946,0,uvm_report_server
RUN-004218,back_to_back_program_test-004218,876690357,PASS,pass,NONE,,,,0,1,0,0,0,10.6,1.59,12717632,0,uvm_report_server
RUN-004219,mixed_rw_test-004219,876027429,PASS,pass,NONE,,,,0,0,0,0,0,9.33,112.58,9331258,0,uvm_report_server
RUN-004220,back_to_back_program_test-004220,1644150850,PASS,pass,NONE,,,,0,1,0,0,0,2.59,188.57,2073608,0,uvm_report_server
RUN-004221,sequential_write_test-004221,309973445,FAIL,fail,TIMEOUT,E_TMO_0x40,TIMEOUT,1959180,1,0,1,0,0,1963.18,0.11,1963184924,1,uvm_report_server
RUN-004222,random_read_test-004222,828374025,PASS,pass,NONE,,,,0,1,0,0,0,45.43,11.97,18172816,0,uvm_report_server
RUN-004223,erase_suspend_test-004223,228399288,PASS,pass,NONE,,,,0,0,0,0,0,2.3,13.35,2296486,0,uvm_report_server
RUN-004224,mixed_rw_test-004224,1689887406,PASS,pass,NONE,,,,0,0,0,0,0,28.14,9.58,22514494,0,uvm_report_server
RUN-004225,back_to_back_program_test-004225,441881677,FAIL,fail,FIFO_OVERFLOW,E_FIFO_0x21,FIFO_OVERFLOW,71000,1,0,0,0,0,75.0,2.36,60003199,1,uvm_report_server
RUN-004226,back_to_back_program_test-004226,493983785,FAIL,fail,FIFO_OVERFLOW,E_FIFO_0x21,FIFO_OVERFLOW,439410,1,0,0,0,0,443.41,0.7,266045531,1,uvm_report_server
RUN-004227,mixed_rw_test-004227,410305429,PASS,pass,NONE,,,,0,0,0,0,0,266.21,4.22,266213761,0,uvm_report_server
RUN-004228,back_to_back_program_test-004228,445874526,PASS,pass,NONE,,,,0,1,0,0,0,14.86,8.18,5942643,0,uvm_report_server
RUN-004229,sequential_write_test-004229,1083879503,FAIL,fail,ECC_UNCORRECTABLE,E_ECC_0x33,ECC_UNCORRECTABLE,44960,3,0,0,1,1,48.96,45.64,39167596,1,uvm_report_server
RUN-004230,erase_suspend_test-004230,572767177,PASS,pass,NONE,,,,0,1,0,0,0,294.2,0.91,235356750,0,uvm_report_server
RUN-004231,mixed_rw_test-004231,253905227,PASS,pass,NONE,,,,0,0,0,0,0,2.59,94.01,2069879,0,uvm_report_server
RUN-004232,read_disturb_test-004232,754377767,PASS,pass,NONE,,,,0,0,0,0,0,10.9,6.47,4359011,0,uvm_report_server
RUN-004233,garbage_collect_test-004233,1437973337,PASS,pass,NONE,,,,0,0,0,0,0,300.28,6.79,240225148,0,uvm_report_server
RUN-004234,read_disturb_test-004234,636911744,PASS,pass,NONE,,,,0,0,0,0,0,28.41,4.9,11365852,0,uvm_report_server
RUN-004235,read_disturb_test-004235,722703408,FAIL,fail,TIMEOUT,E_TMO_0x40,TIMEOUT,1973510,2,1,1,0,0,1977.51,0.09,2373017588,1,uvm_report_server
RUN-004236,mixed_rw_test-004236,2030918609,PASS,pass,NONE,,,,0,0,0,0,0,18.65,27.26,14918135,0,uvm_report_server
RUN-004237,read_disturb_test-004237,1319561107,FAIL,fail,THERMAL_SHUTDOWN,E_THRM_0x80,THERMAL_SHUTDOWN,126789,1,0,0,0,0,130.79,3.11,78475986,1,uvm_report_server
RUN-004238,mixed_rw_test-004238,1807848096,PASS,pass,NONE,,,,0,1,0,0,0,24.34,21.1,14606684,0,uvm_report_server
RUN-004239,sequential_write_test-004239,1990173733,FAIL,fail,TIMEOUT,E_TMO_0x40,TIMEOUT,1982270,1,0,1,0,0,1986.27,0.04,2383525692,1,uvm_report_server
RUN-004240,read_disturb_test-004240,823025464,PASS,pass,NONE,,,,0,0,0,0,0,1004.56,8.52,401825315,0,uvm_report_server
RUN-004241,garbage_collect_test-004241,81902296,PASS,pass,NONE,,,,0,1,0,0,0,316.39,12.35,316393865,0,uvm_report_server
RUN-004242,random_read_test-004242,1585178829,PASS,pass,NONE,,,,0,0,0,0,0,7.31,37.06,5846504,0,uvm_report_server
RUN-004243,garbage_collect_test-004243,1948828656,PASS,pass,NONE,,,,0,1,0,0,0,7.25,73.6,4347058,0,uvm_report_server
RUN-004244,back_to_back_program_test-004244,2023301095,FAIL,fail,FIFO_OVERFLOW,E_FIFO_0x21,FIFO_OVERFLOW,970300,2,1,0,0,0,974.3,6.15,974298231,1,uvm_report_server
RUN-004245,back_to_back_program_test-004245,718902347,PASS,pass,NONE,,,,0,1,0,0,0,1.61,293.86,967742,0,uvm_report_server
RUN-004246,erase_suspend_test-004246,759662223,PASS,pass,NONE,,,,0,0,0,0,0,1.0,240.08,1000000,0,uvm_report_server
RUN-004247,mixed_rw_test-004247,526865440,PASS,pass,NONE,,,,0,0,0,0,0,37.58,113.11,22549933,0,uvm_report_server
RUN-004248,random_read_test-004248,236686275,PASS,pass,NONE,,,,0,0,0,0,0,1.41,12.0,1126377,0,uvm_report_server
RUN-004249,mixed_rw_test-004249,540360780,PASS,pass,NONE,,,,0,0,0,0,0,32.01,8.17,25608725,0,uvm_report_server
RUN-004250,erase_suspend_test-004250,1453878871,PASS,pass,NONE,,,,0,1,0,0,0,27.07,5.12,16243092,0,uvm_report_server
RUN-004251,mixed_rw_test-004251,227683551,PASS,pass,NONE,,,,0,0,0,0,0,47.49,5.47,56990409,0,uvm_report_server
RUN-004252,random_read_test-004252,1062308964,PASS,pass,NONE,,,,0,0,0,0,0,3.09,21.97,1855311,0,uvm_report_server
RUN-004253,garbage_collect_test-004253,1652587615,FAIL,fail,TIMEOUT,E_TMO_0x40,TIMEOUT,1984710,2,0,1,0,0,1988.71,0.01,1988713217,1,uvm_report_server
RUN-004254,sequential_write_test-004254,1933372668,FAIL,fail,RETENTION_FAIL,E_RET_0x71,RETENTION_FAIL,41960,2,1,0,0,1,45.96,14.02,45961778,1,uvm_report_server
RUN-004255,back_to_back_program_test-004255,1682893394,FAIL,fail,ECC_UNCORRECTABLE,E_ECC_0x33,ECC_UNCORRECTABLE,79820,3,0,0,1,1,83.82,17.43,83821587,1,uvm_report_server
RUN-004256,mixed_rw_test-004256,131713471,PASS,pass,NONE,,,,0,0,0,0,0,5.76,93.43,5757061,0,uvm_report_server
RUN-004257,garbage_collect_test-004257,1662813484,PASS,pass,NONE,,,,0,0,0,0,0,18.75,13.01,15003195,0,uvm_report_server
RUN-004258,sequential_write_test-004258,1649413425,PASS,pass,NONE,,,,0,0,0,0,0,2.74,91.68,2743541,0,uvm_report_server
RUN-004259,random_read_test-004259,1718019756,PASS,pass,NONE,,,,0,0,0,0,0,5.26,23.75,3154763,0,uvm_report_server
RUN-004260,back_to_back_program_test-004260,1630676912,PASS,pass,NONE,,,,0,0,0,0,0,83.98,3.26,50389752,0,uvm_report_server
RUN-004261,back_to_back_program_test-004261,967527197,PASS,pass,NONE,,,,0,0,0,0,0,32.45,122.58,32446961,0,uvm_report_server
RUN-004262,back_to_back_program_test-004262,1911414072,PASS,pass,NONE,,,,0,1,0,0,0,3.77,145.61,3767388,0,uvm_report_server
RUN-004263,sequential_write_test-004263,1973807888,PASS,pass,NONE,,,,0,0,0,0,0,37.6,113.98,30081068,0,uvm_report_server
RUN-004264,random_read_test-004264,808953217,FAIL,fail,PROTOCOL_VIOLATION,E_PROT_0x52,PROTOCOL_VIOLATION,2500,2,0,1,0,0,3.16,60.34,2531639,1,uvm_report_server
RUN-004265,back_to_back_program_test-004265,2082907613,PASS,pass,NONE,,,,0,1,0,0,0,25.57,19.99,10227280,0,uvm_report_server
RUN-004266,garbage_collect_test-004266,605189861,PASS,pass,NONE,,,,0,1,0,0,0,2.34,13.31,1869821,0,uvm_report_server
RUN-004267,back_to_back_program_test-004267,1307379161,FAIL,fail,FIFO_OVERFLOW,E_FIFO_0x21,FIFO_OVERFLOW,40860,2,0,0,1,0,44.86,3.96,35886932,1,uvm_report_server
RUN-004268,random_read_test-004268,274852384,PASS,pass,NONE,,,,0,0,0,0,0,40.21,0.85,40207616,0,uvm_report_server
RUN-004269,erase_suspend_test-004269,484830511,PASS,pass,NONE,,,,0,1,0,0,0,177.89,3.08,142310921,0,uvm_report_server
RUN-004270,read_disturb_test-004270,1999592039,PASS,pass,NONE,,,,0,0,0,0,0,80.7,13.72,32280475,0,uvm_report_server
RUN-004271,random_read_test-004271,649596751,PASS,pass,NONE,,,,0,0,0,0,0,1.18,103.92,1176790,0,uvm_report_server
RUN-004272,sequential_write_test-004272,132055282,PASS,pass,NONE,,,,0,1,0,0,0,28.3,72.99,22636489,0,uvm_report_server
RUN-004273,sequential_write_test-004273,302738539,PASS,pass,NONE,,,,0,0,0,0,0,17.18,1.81,10307406,0,uvm_report_server
RUN-004274,sequential_write_test-004274,1636457481,PASS,pass,NONE,,,,0,1,0,0,0,5.58,23.16,3348647,0,uvm_report_server
RUN-004275,power_cycle_test-004275,1739968345,FAIL,fail,TIMEOUT,E_TMO_0x40,TIMEOUT,1978680,2,0,1,1,0,1982.68,0.85,1982681846,1,uvm_report_server
RUN-004276,back_to_back_program_test-004276,1139302238,PASS,pass,NONE,,,,0,0,0,0,0,85.08,2.97,51048750,0,uvm_report_server
RUN-004277,mixed_rw_test-004277,226510207,PASS,pass,NONE,,,,0,1,0,0,0,81.79,13.7,65429497,0,uvm_report_server
RUN-004278,back_to_back_program_test-004278,1322816275,PASS,pass,NONE,,,,0,1,0,0,0,97.36,23.07,97355312,0,uvm_report_server
RUN-004279,random_read_test-004279,1479142476,PASS,pass,NONE,,,,0,1,0,0,0,121.14,71.95,121136416,0,uvm_report_server
RUN-004280,power_cycle_test-004280,680202259,PASS,pass,NONE,,,,0,0,0,0,0,3.2,296.54,3202728,0,uvm_report_server
RUN-004281,read_disturb_test-004281,1496270773,PASS,pass,NONE,,,,0,0,0,0,0,26.13,10.52,20902456,0,uvm_report_server
RUN-004282,power_cycle_test-004282,243677201,PASS,pass,NONE,,,,0,0,0,0,0,26.98,2.52,16185639,0,uvm_report_server
RUN-004283,back_to_back_program_test-004283,524575433,FAIL,fail,RETENTION_FAIL,E_RET_0x71,RETENTION_FAIL,3420,4,0,0,1,1,7.42,0.68,4450364,1,uvm_report_server
RUN-004284,random_read_test-004284,640681643,PASS,pass,NONE,,,,0,0,0,0,0,317.78,3.25,127112386,0,uvm_report_server
RUN-004285,random_read_test-004285,1072703512,FAIL,fail,TIMEOUT,E_TMO_0x40,TIMEOUT,1972640,3,0,1,1,0,1976.64,1.02,2371969440,1,uvm_report_server
RUN-004286,read_disturb_test-004286,1106336437,PASS,pass,NONE,,,,0,0,0,0,0,10.38,12.14,8302473,0,uvm_report_server
RUN-004287,sequential_write_test-004287,1425606628,PASS,pass,NONE,,,,0,0,0,0,0,66.78,127.54,53425881,0,uvm_report_server
RUN-004288,mixed_rw_test-004288,1087181020,PASS,pass,NONE,,,,0,0,0,0,0,16.61,236.19,16606875,0,uvm_report_server
RUN-004289,sequential_write_test-004289,700101481,PASS,pass,NONE,,,,0,0,0,0,0,16.55,29.19,9932951,0,uvm_report_server
RUN-004290,random_read_test-004290,259020991,PASS,pass,NONE,,,,0,0,0,0,0,2.78,351.47,2222829,0,uvm_report_server
RUN-004291,erase_suspend_test-004291,1478920959,PASS,pass,NONE,,,,0,1,0,0,0,34.57,7.82,20742192,0,uvm_report_server
RUN-004292,read_disturb_test-004292,374491816,PASS,pass,NONE,,,,0,0,0,0,0,23.22,88.21,13932643,0,uvm_report_server
RUN-004293,power_cycle_test-004293,1970226521,PASS,pass,NONE,,,,0,0,0,0,0,93.16,0.68,93160942,0,uvm_report_server
RUN-004294,back_to_back_program_test-004294,587022837,PASS,pass,NONE,,,,0,0,0,0,0,5.2,0.82,4160972,0,uvm_report_server
RUN-004295,mixed_rw_test-004295,1475300971,PASS,pass,NONE,,,,0,0,0,0,0,16.57,31.41,13259610,0,uvm_report_server
RUN-004296,back_to_back_program_test-004296,1013328614,PASS,pass,NONE,,,,0,0,0,0,0,1.58,10.97,1262033,0,uvm_report_server
RUN-004297,sequential_write_test-004297,1225496867,PASS,pass,NONE,,,,0,0,0,0,0,5.57,43.25,6680190,0,uvm_report_server
RUN-004298,mixed_rw_test-004298,804755594,FAIL,fail,THERMAL_SHUTDOWN,E_THRM_0x80,THERMAL_SHUTDOWN,5700,3,0,0,0,0,9.7,3.66,7761955,1,uvm_report_server
RUN-004299,mixed_rw_test-004299,2074852396,PASS,pass,NONE,,,,0,0,0,0,0,3.34,4.86,3341087,0,uvm_report_server
RUN-004300,erase_suspend_test-004300,1346286270,PASS,pass,NONE,,,,0,0,0,0,0,52.11,20.23,31265261,0,uvm_report_server
RUN-004301,read_disturb_test-004301,1870437677,PASS,pass,NONE,,,,0,1,0,0,0,4.2,14.83,5042678,0,uvm_report_server
RUN-004302,mixed_rw_test-004302,216938413,FAIL,fail,ASSERTION_FAIL,E_ASRT_0x60,ASSERTION_FAIL,18330,3,0,0,0,0,22.33,41.88,22329334,1,uvm_report_server
RUN-004303,back_to_back_program_test-004303,722754082,PASS,pass,NONE,,,,0,1,0,0,0,2.65,5.88,1061261,0,uvm_report_server
RUN-004304,erase_suspend_test-004304,889025264,FAIL,fail,DATA_MISMATCH,E_CMP_0x11,DATA_MISMATCH,2500,1,1,0,0,1,1.0,44.95,800000,1,uvm_report_server
RUN-004305,read_disturb_test-004305,27033293,PASS,pass,NONE,,,,0,1,0,0,0,32.24,17.23,25792439,0,uvm_report_server
RUN-004306,sequential_write_test-004306,377674297,PASS,pass,NONE,,,,0,0,0,0,0,21.2,25.26,25435424,0,uvm_report_server
RUN-004307,power_cycle_test-004307,1527733396,PASS,pass,NONE,,,,0,0,0,0,0,22.95,180.5,27545059,0,uvm_report_server
RUN-004308,sequential_write_test-004308,1656328686,FAIL,fail,THERMAL_SHUTDOWN,E_THRM_0x80,THERMAL_SHUTDOWN,1098990,3,0,0,1,0,1102.99,0.3,661791692,1,uvm_report_server
RUN-004309,garbage_collect_test-004309,1216175999,PASS,pass,NONE,,,,0,1,0,0,0,55.22,19.92,55220235,0,uvm_report_server
RUN-004310,random_read_test-004310,1538493079,PASS,pass,NONE,,,,0,0,0,0,0,8.86,30.39,10629453,0,uvm_report_server
RUN-004311,erase_suspend_test-004311,1856998914,FAIL,fail,ASSERTION_FAIL,E_ASRT_0x60,ASSERTION_FAIL,13460,1,1,0,0,0,17.46,8.73,10475010,1,uvm_report_server
RUN-004312,sequential_write_test-004312,1978397410,PASS,pass,NONE,,,,0,0,0,0,0,17.73,30.32,14187728,0,uvm_report_server
RUN-004313,back_to_back_program_test-004313,630682974,PASS,pass,NONE,,,,0,1,0,0,0,1.34,92.36,1613576,0,uvm_report_server
RUN-004314,back_to_back_program_test-004314,854822263,FAIL,fail,DATA_MISMATCH,E_CMP_0x11,DATA_MISMATCH,2500,3,0,0,1,1,1.52,38.8,912804,1,uvm_report_server
RUN-004315,sequential_write_test-004315,578690996,PASS,pass,NONE,,,,0,1,0,0,0,9.23,219.99,5539755,0,uvm_report_server
RUN-004316,erase_suspend_test-004316,1912185387,FAIL,fail,PROTOCOL_VIOLATION,E_PROT_0x52,PROTOCOL_VIOLATION,2760,3,0,1,1,0,6.76,107.47,6759822,1,uvm_report_server
RUN-004317,erase_suspend_test-004317,643264162,PASS,pass,NONE,,,,0,0,0,0,0,2.25,6.95,2251635,0,uvm_report_server
RUN-004318,garbage_collect_test-004318,296233604,PASS,pass,NONE,,,,0,0,0,0,0,8.66,28.91,6925323,0,uvm_report_server
RUN-004319,mixed_rw_test-004319,783065191,PASS,pass,NONE,,,,0,0,0,0,0,108.72,9.59,86978253,0,uvm_report_server
RUN-004320,random_read_test-004320,215856178,PASS,pass,NONE,,,,0,0,0,0,0,44.45,25.26,26671448,0,uvm_report_server
RUN-004321,read_disturb_test-004321,685977806,PASS,pass,NONE,,,,0,0,0,0,0,8.51,1.94,3402563,0,uvm_report_server
RUN-004322,erase_suspend_test-004322,1981319900,PASS,pass,NONE,,,,0,0,0,0,0,213.75,1.19,128249087,0,uvm_report_server
RUN-004323,sequential_write_test-004323,1222630438,FAIL,fail,RETENTION_FAIL,E_RET_0x71,RETENTION_FAIL,9500,2,0,0,1,1,13.5,12.85,5400414,1,uvm_report_server
RUN-004324,garbage_collect_test-004324,1381936922,PASS,pass,NONE,,,,0,0,0,0,0,88.81,2.73,53287244,0,uvm_report_server
RUN-004325,garbage_collect_test-004325,1950396025,FAIL,fail,ECC_UNCORRECTABLE,E_ECC_0x33,ECC_UNCORRECTABLE,45060,2,0,0,0,1,49.06,60.97,39244467,1,uvm_report_server
RUN-004326,random_read_test-004326,1797829533,PASS,pass,NONE,,,,0,0,0,0,0,20.57,11.77,24681866,0,uvm_report_server
RUN-004327,erase_suspend_test-004327,179095442,PASS,pass,NONE,,,,0,1,0,0,0,50.02,10.06,30009527,0,uvm_report_server
RUN-004328,power_cycle_test-004328,549147874,FAIL,fail,TIMEOUT,E_TMO_0x40,TIMEOUT,1975090,3,0,1,1,0,1979.09,0.11,1979087935,1,uvm_report_server
RUN-004329,garbage_collect_test-004329,1480259526,PASS,pass,NONE,,,,0,1,0,0,0,3.44,151.67,2064235,0,uvm_report_server
RUN-004330,sequential_write_test-004330,1333484534,PASS,pass,NONE,,,,0,0,0,0,0,305.57,12.91,122228360,0,uvm_report_server
RUN-004331,random_read_test-004331,476413967,FAIL,fail,RETENTION_FAIL,E_RET_0x71,RETENTION_FAIL,65220,4,0,0,1,1,69.22,19.72,27687195,1,uvm_report_server
RUN-004332,random_read_test-004332,1602171615,FAIL,fail,DATA_MISMATCH,E_CMP_0x11,DATA_MISMATCH,36980,2,0,0,0,1,40.98,15.17,32781189,1,uvm_report_server
RUN-004333,erase_suspend_test-004333,855926100,PASS,pass,NONE,,,,0,0,0,0,0,16.04,128.86,16038790,0,uvm_report_server
RUN-004334,back_to_back_program_test-004334,593200231,PASS,pass,NONE,,,,0,0,0,0,0,5.52,5.57,4414699,0,uvm_report_server
RUN-004335,back_to_back_program_test-004335,1145310033,FAIL,fail,FIFO_OVERFLOW,E_FIFO_0x21,FIFO_OVERFLOW,2500,1,1,0,0,0,4.83,15.0,5801429,1,uvm_report_server
RUN-004336,sequential_write_test-004336,827225339,PASS,pass,NONE,,,,0,0,0,0,0,19.0,14.77,18997356,0,uvm_report_server
RUN-004337,mixed_rw_test-004337,15102018,PASS,pass,NONE,,,,0,0,0,0,0,12.4,40.01,7442787,0,uvm_report_server
RUN-004338,back_to_back_program_test-004338,451528052,PASS,pass,NONE,,,,0,0,0,0,0,78.15,27.42,46890834,0,uvm_report_server
RUN-004339,read_disturb_test-004339,2127224687,PASS,pass,NONE,,,,0,0,0,0,0,21.91,23.85,13148336,0,uvm_report_server
RUN-004340,back_to_back_program_test-004340,1104330399,FAIL,fail,ASSERTION_FAIL,E_ASRT_0x60,ASSERTION_FAIL,28439,3,0,0,0,0,32.44,11.41,38932997,1,uvm_report_server
RUN-004341,random_read_test-004341,2018572484,FAIL,fail,TIMEOUT,E_TMO_0x40,TIMEOUT,1963010,2,0,1,0,0,1967.01,0.34,1967006986,1,uvm_report_server
RUN-004342,random_read_test-004342,155291644,PASS,pass,NONE,,,,0,1,0,0,0,159.79,24.89,63916454,0,uvm_report_server
RUN-004343,back_to_back_program_test-004343,1907310641,PASS,pass,NONE,,,,0,1,0,0,0,9.21,7.49,5523811,0,uvm_report_server
RUN-004344,sequential_write_test-004344,1198187060,FAIL,fail,DATA_MISMATCH,E_CMP_0x11,DATA_MISMATCH,98550,2,1,0,1,1,102.55,11.13,82041182,1,uvm_report_server
RUN-004345,erase_suspend_test-004345,897063121,PASS,pass,NONE,,,,0,0,0,0,0,54.4,37.55,54404600,0,uvm_report_server
RUN-004346,power_cycle_test-004346,1082809827,PASS,pass,NONE,,,,0,0,0,0,0,90.78,49.23,36310387,0,uvm_report_server
RUN-004347,back_to_back_program_test-004347,1006800372,PASS,pass,NONE,,,,0,0,0,0,0,183.37,1.32,73349262,0,uvm_report_server
RUN-004348,garbage_collect_test-004348,124564610,FAIL,fail,THERMAL_SHUTDOWN,E_THRM_0x80,THERMAL_SHUTDOWN,21120,2,0,0,0,0,25.12,1.13,15070347,1,uvm_report_server
RUN-004349,read_disturb_test-004349,1294593418,PASS,pass,NONE,,,,0,0,0,0,0,6.78,40.16,6783538,0,uvm_report_server
RUN-004350,erase_suspend_test-004350,190607831,PASS,pass,NONE,,,,0,0,0,0,0,9.38,52.09,9378060,0,uvm_report_server
RUN-004351,back_to_back_program_test-004351,973347386,PASS,pass,NONE,,,,0,0,0,0,0,4.81,7.23,3847930,0,uvm_report_server
RUN-004352,sequential_write_test-004352,1990537090,PASS,pass,NONE,,,,0,1,0,0,0,7.44,33.7,8926751,0,uvm_report_server
RUN-004353,sequential_write_test-004353,625527284,PASS,pass,NONE,,,,0,0,0,0,0,1.0,65.75,800000,0,uvm_report_server
RUN-004354,garbage_collect_test-004354,1451582232,FAIL,fail,TIMEOUT,E_TMO_0x40,TIMEOUT,1967050,3,0,1,1,0,1971.05,0.03,2365254272,1,uvm_report_server
RUN-004355,random_read_test-004355,1882373428,FAIL,fail,TIMEOUT,E_TMO_0x40,TIMEOUT,1957240,2,0,1,0,0,1961.24,0.12,1961238877,1,uvm_report_server
RUN-004356,random_read_test-004356,977595684,FAIL,fail,ECC_UNCORRECTABLE,E_ECC_0x33,ECC_UNCORRECTABLE,212810,3,0,0,0,1,216.81,13.16,216811519,1,uvm_report_server
RUN-004357,mixed_rw_test-004357,1798175913,PASS,pass,NONE,,,,0,1,0,0,0,14.44,70.98,11550582,0,uvm_report_server
RUN-004358,mixed_rw_test-004358,787721433,PASS,pass,NONE,,,,0,0,0,0,0,9.83,3.44,11790944,0,uvm_report_server
RUN-004359,back_to_back_program_test-004359,323990816,FAIL,fail,FIFO_OVERFLOW,E_FIFO_0x21,FIFO_OVERFLOW,12620,2,0,0,0,0,16.62,1.4,19938955,1,uvm_report_server
RUN-004360,sequential_write_test-004360,1989261890,PASS,pass,NONE,,,,0,0,0,0,0,112.78,9.23,67669897,0,uvm_report_server
RUN-004361,mixed_rw_test-004361,2057070411,PASS,pass,NONE,,,,0,1,0,0,0,40.58,1.67,48693186,0,uvm_report_server
RUN-004362,random_read_test-004362,593904398,PASS,pass,NONE,,,,0,0,0,0,0,4.32,31.87,2592876,0,uvm_report_server
RUN-004363,back_to_back_program_test-004363,1347901581,FAIL,fail,FIFO_OVERFLOW,E_FIFO_0x21,FIFO_OVERFLOW,2500,4,0,0,1,0,2.45,26.24,1469199,1,uvm_report_server
RUN-004364,back_to_back_program_test-004364,995535108,PASS,pass,NONE,,,,0,1,0,0,0,6.12,41.75,4895658,0,uvm_report_server
RUN-004365,sequential_write_test-004365,2049113055,PASS,pass,NONE,,,,0,0,0,0,0,15.03,129.9,18030974,0,uvm_report_server
RUN-004366,read_disturb_test-004366,1003016537,PASS,pass,NONE,,,,0,1,0,0,0,4.71,224.11,3764915,0,uvm_report_server
RUN-004367,power_cycle_test-004367,1351041196,PASS,pass,NONE,,,,0,0,0,0,0,9.68,27.26,7747400,0,uvm_report_server
RUN-004368,sequential_write_test-004368,1652104806,PASS,pass,NONE,,,,0,0,0,0,0,12.53,22.07,15038811,0,uvm_report_server
RUN-004369,mixed_rw_test-004369,1263742568,FAIL,fail,TIMEOUT,E_TMO_0x40,TIMEOUT,1975580,1,0,1,0,0,1979.58,0.1,1979576304,1,uvm_report_server
RUN-004370,sequential_write_test-004370,2098766881,PASS,pass,NONE,,,,0,1,0,0,0,70.48,112.46,56381839,0,uvm_report_server
RUN-004371,random_read_test-004371,93615543,PASS,pass,NONE,,,,0,0,0,0,0,32.98,1.92,19789337,0,uvm_report_server
RUN-004372,read_disturb_test-004372,1653455145,PASS,pass,NONE,,,,0,0,0,0,0,5.21,6.1,2085988,0,uvm_report_server
RUN-004373,power_cycle_test-004373,2115331833,PASS,pass,NONE,,,,0,1,0,0,0,17.9,217.68,17898402,0,uvm_report_server
RUN-004374,random_read_test-004374,117327469,FAIL,fail,ECC_UNCORRECTABLE,E_ECC_0x33,ECC_UNCORRECTABLE,69560,3,0,0,1,1,73.56,6.49,29424233,1,uvm_report_server
RUN-004375,back_to_back_program_test-004375,1596170964,PASS,pass,NONE,,,,0,0,0,0,0,755.28,5.96,604227320,0,uvm_report_server
RUN-004376,back_to_back_program_test-004376,452472647,FAIL,fail,DATA_MISMATCH,E_CMP_0x11,DATA_MISMATCH,12219,4,0,0,1,1,16.22,2.3,12974064,1,uvm_report_server
RUN-004377,garbage_collect_test-004377,394249679,FAIL,fail,TIMEOUT,E_TMO_0x40,TIMEOUT,1974520,1,1,1,0,0,1978.52,0.07,2374227408,1,uvm_report_server
RUN-004378,erase_suspend_test-004378,898397918,FAIL,fail,DATA_MISMATCH,E_CMP_0x11,DATA_MISMATCH,2500,2,0,0,0,1,5.1,42.71,3057374,1,uvm_report_server
RUN-004379,power_cycle_test-004379,137743366,PASS,pass,NONE,,,,0,0,0,0,0,12.88,43.09,7730929,0,uvm_report_server
RUN-004380,sequential_write_test-004380,620539971,PASS,pass,NONE,,,,0,0,0,0,0,158.89,6.18,127115338,0,uvm_report_server
RUN-004381,random_read_test-004381,906435192,FAIL,fail,RETENTION_FAIL,E_RET_0x71,RETENTION_FAIL,21410,1,0,0,0,1,25.41,27.87,20327992,1,uvm_report_server
RUN-004382,sequential_write_test-004382,1686088914,FAIL,fail,TIMEOUT,E_TMO_0x40,TIMEOUT,1984610,3,1,1,0,0,1988.61,0.04,1988611039,1,uvm_report_server
RUN-004383,mixed_rw_test-004383,1501314139,FAIL,fail,DATA_MISMATCH,E_CMP_0x11,DATA_MISMATCH,2500,4,0,0,1,1,3.79,21.53,3035280,1,uvm_report_server
RUN-004384,sequential_write_test-004384,1915507110,PASS,pass,NONE,,,,0,0,0,0,0,2.17,14.34,1732170,0,uvm_report_server
RUN-004385,garbage_collect_test-004385,1119345871,PASS,pass,NONE,,,,0,0,0,0,0,3.68,4.37,2208336,0,uvm_report_server
RUN-004386,garbage_collect_test-004386,896657400,PASS,pass,NONE,,,,0,1,0,0,0,50.5,20.31,50498448,0,uvm_report_server
RUN-004387,sequential_write_test-004387,363503849,PASS,pass,NONE,,,,0,0,0,0,0,45.76,47.38,45760445,0,uvm_report_server
RUN-004388,read_disturb_test-004388,1217108243,FAIL,fail,TIMEOUT,E_TMO_0x40,TIMEOUT,1995280,1,1,1,0,0,1999.28,0.08,1999279067,1,uvm_report_server
RUN-004389,sequential_write_test-004389,1720604437,FAIL,fail,DATA_MISMATCH,E_CMP_0x11,DATA_MISMATCH,2500,4,0,0,1,1,1.03,163.37,620670,1,uvm_report_server
RUN-004390,back_to_back_program_test-004390,1343871465,PASS,pass,NONE,,,,0,0,0,0,0,10.78,6.31,10776025,0,uvm_report_server
RUN-004391,mixed_rw_test-004391,1039449559,FAIL,fail,DATA_MISMATCH,E_CMP_0x11,DATA_MISMATCH,24100,3,1,0,0,1,28.1,92.41,22479800,1,uvm_report_server
RUN-004392,back_to_back_program_test-004392,835789811,PASS,pass,NONE,,,,0,0,0,0,0,65.57,16.82,65573729,0,uvm_report_server
RUN-004393,erase_suspend_test-004393,359503573,FAIL,fail,TIMEOUT,E_TMO_0x40,TIMEOUT,1963590,1,0,1,0,0,1967.59,1.44,1967589367,1,uvm_report_server
RUN-004394,erase_suspend_test-004394,140014134,FAIL,fail,TIMEOUT,E_TMO_0x40,TIMEOUT,1958790,1,1,1,0,0,1962.79,0.03,1962794420,1,uvm_report_server
RUN-004395,sequential_write_test-004395,1226002804,PASS,pass,NONE,,,,0,0,0,0,0,5.1,24.13,5096676,0,uvm_report_server
RUN-004396,sequential_write_test-004396,580817190,PASS,pass,NONE,,,,0,1,0,0,0,4.22,33.26,5066667,0,uvm_report_server
RUN-004397,back_to_back_program_test-004397,619532886,FAIL,fail,FIFO_OVERFLOW,E_FIFO_0x21,FIFO_OVERFLOW,661600,1,1,0,0,0,665.6,0.83,266240380,1,uvm_report_server
RUN-004398,random_read_test-004398,177195408,FAIL,fail,TIMEOUT,E_TMO_0x40,TIMEOUT,1985350,2,0,1,1,0,1989.35,0.04,1989351236,1,uvm_report_server
RUN-004399,mixed_rw_test-004399,1459455602,PASS,pass,NONE,,,,0,0,0,0,0,102.45,9.42,102451047,0,uvm_report_server
RUN-004400,back_to_back_program_test-004400,1416030648,PASS,pass,NONE,,,,0,0,0,0,0,22.53,3.0,9013060,0,uvm_report_server
RUN-004401,read_disturb_test-004401,278634288,FAIL,fail,THERMAL_SHUTDOWN,E_THRM_0x80,THERMAL_SHUTDOWN,4830,2,1,0,0,0,8.83,33.54,7062907,1,uvm_report_server
RUN-004402,sequential_write_test-004402,1066533229,FAIL,fail,DATA_MISMATCH,E_CMP_0x11,DATA_MISMATCH,2500,2,1,0,1,1,6.11,17.89,6111275,1,uvm_report_server
RUN-004403,back_to_back_program_test-004403,1503770170,FAIL,fail,FIFO_OVERFLOW,E_FIFO_0x21,FIFO_OVERFLOW,2500,1,0,0,0,0,3.09,215.16,3094245,1,uvm_report_server
RUN-004404,mixed_rw_test-004404,1667304245,PASS,pass,NONE,,,,0,0,0,0,0,186.01,23.0,148804781,0,uvm_report_server
RUN-004405,power_cycle_test-004405,501052964,PASS,pass,NONE,,,,0,0,0,0,0,182.21,2.75,72884276,0,uvm_report_server
RUN-004406,back_to_back_program_test-004406,1683120547,FAIL,fail,FIFO_OVERFLOW,E_FIFO_0x21,FIFO_OVERFLOW,145470,1,0,0,0,0,149.47,0.37,59788403,1,uvm_report_server
RUN-004407,mixed_rw_test-004407,664558020,FAIL,fail,TIMEOUT,E_TMO_0x40,TIMEOUT,1991570,3,0,1,0,0,1995.57,0.14,2394689545,1,uvm_report_server
RUN-004408,back_to_back_program_test-004408,1635336521,PASS,pass,NONE,,,,0,1,0,0,0,87.8,2.87,35118497,0,uvm_report_server
RUN-004409,random_read_test-004409,392195589,FAIL,fail,ASSERTION_FAIL,E_ASRT_0x60,ASSERTION_FAIL,2500,2,0,0,0,0,1.0,66.53,800000,1,uvm_report_server
RUN-004410,garbage_collect_test-004410,775714867,PASS,pass,NONE,,,,0,1,0,0,0,109.26,76.19,87407409,0,uvm_report_server
RUN-004411,erase_suspend_test-004411,148202373,PASS,pass,NONE,,,,0,0,0,0,0,57.07,38.18,57065435,0,uvm_report_server
RUN-004412,garbage_collect_test-004412,1972769062,PASS,pass,NONE,,,,0,0,0,0,0,11.06,100.04,8846551,0,uvm_report_server
RUN-004413,erase_suspend_test-004413,282739529,PASS,pass,NONE,,,,0,1,0,0,0,305.22,7.05,183133677,0,uvm_report_server
RUN-004414,erase_suspend_test-004414,1386028263,PASS,pass,NONE,,,,0,0,0,0,0,35.36,3.99,42436160,0,uvm_report_server
RUN-004415,erase_suspend_test-004415,2065564490,PASS,pass,NONE,,,,0,0,0,0,0,5.34,2.97,3204655,0,uvm_report_server
RUN-004416,erase_suspend_test-004416,1292149389,PASS,pass,NONE,,,,0,0,0,0,0,7.01,19.0,2802100,0,uvm_report_server
RUN-004417,sequential_write_test-004417,1798483638,PASS,pass,NONE,,,,0,0,0,0,0,226.98,17.86,136190871,0,uvm_report_server
RUN-004418,sequential_write_test-004418,664247484,PASS,pass,NONE,,,,0,0,0,0,0,62.38,4.36,24953685,0,uvm_report_server
RUN-004419,back_to_back_program_test-004419,1536614447,PASS,pass,NONE,,,,0,0,0,0,0,10.43,26.96,6258816,0,uvm_report_server
RUN-004420,erase_suspend_test-004420,844850036,PASS,pass,NONE,,,,0,1,0,0,0,625.25,1.6,250099624,0,uvm_report_server
RUN-004421,back_to_back_program_test-004421,1914426481,FAIL,fail,DATA_MISMATCH,E_CMP_0x11,DATA_MISMATCH,2500,1,0,0,0,1,2.76,8.56,2205157,1,uvm_report_server
RUN-004422,back_to_back_program_test-004422,386941720,FAIL,fail,ECC_UNCORRECTABLE,E_ECC_0x33,ECC_UNCORRECTABLE,309060,3,0,0,0,1,313.06,2.88,313055813,1,uvm_report_server
RUN-004423,back_to_back_program_test-004423,1712568345,PASS,pass,NONE,,,,0,1,0,0,0,4.67,13.14,4669749,0,uvm_report_server
RUN-004424,back_to_back_program_test-004424,1203574075,FAIL,fail,DATA_MISMATCH,E_CMP_0x11,DATA_MISMATCH,13510,3,0,0,1,1,17.51,4.35,7004861,1,uvm_report_server
RUN-004425,mixed_rw_test-004425,1545842296,PASS,pass,NONE,,,,0,0,0,0,0,5.47,23.16,6563059,0,uvm_report_server
RUN-004426,read_disturb_test-004426,929070773,FAIL,fail,DATA_MISMATCH,E_CMP_0x11,DATA_MISMATCH,11920,3,0,0,1,1,15.92,4.87,12739791,1,uvm_report_server
RUN-004427,mixed_rw_test-004427,244592644,FAIL,fail,ASSERTION_FAIL,E_ASRT_0x60,ASSERTION_FAIL,7440,3,1,0,0,0,11.44,20.51,6862214,1,uvm_report_server
RUN-004428,sequential_write_test-004428,1102251318,FAIL,fail,RETENTION_FAIL,E_RET_0x71,RETENTION_FAIL,28189,4,0,0,1,1,32.19,0.21,12876878,1,uvm_report_server
RUN-004429,sequential_write_test-004429,782455205,PASS,pass,NONE,,,,0,1,0,0,0,2.57,6.48,3082679,0,uvm_report_server
RUN-004430,back_to_back_program_test-004430,1427045894,FAIL,fail,FIFO_OVERFLOW,E_FIFO_0x21,FIFO_OVERFLOW,49440,1,0,0,0,0,53.44,8.45,32065617,1,uvm_report_server
RUN-004431,read_disturb_test-004431,247580013,PASS,pass,NONE,,,,0,0,0,0,0,72.4,117.83,72404875,0,uvm_report_server
RUN-004432,back_to_back_program_test-004432,1932249587,PASS,pass,NONE,,,,0,0,0,0,0,479.6,0.56,383681182,0,uvm_report_server
RUN-004433,mixed_rw_test-004433,1023272124,PASS,pass,NONE,,,,0,0,0,0,0,95.26,5.15,57153540,0,uvm_report_server
RUN-004434,power_cycle_test-004434,2078194202,PASS,pass,NONE,,,,0,0,0,0,0,1.53,10.97,1837447,0,uvm_report_server
RUN-004435,back_to_back_program_test-004435,570447451,FAIL,fail,FIFO_OVERFLOW,E_FIFO_0x21,FIFO_OVERFLOW,46290,3,1,0,1,0,50.29,2.59,30173867,1,uvm_report_server
RUN-004436,read_disturb_test-004436,1443478699,FAIL,fail,TIMEOUT,E_TMO_0x40,TIMEOUT,1991100,4,0,1,1,0,1995.1,0.03,2394114749,1,uvm_report_server
RUN-004437,read_disturb_test-004437,399608214,PASS,pass,NONE,,,,0,0,0,0,0,7.63,65.02,4580362,0,uvm_report_server
RUN-004438,erase_suspend_test-004438,1421469454,PASS,pass,NONE,,,,0,0,0,0,0,72.53,30.02,58023725,0,uvm_report_server
RUN-004439,random_read_test-004439,712313503,PASS,pass,NONE,,,,0,1,0,0,0,4.92,6.62,3936790,0,uvm_report_server
RUN-004440,power_cycle_test-004440,695661409,FAIL,fail,TIMEOUT,E_TMO_0x40,TIMEOUT,1996000,1,0,1,0,0,2000.0,0.16,1999998704,1,uvm_report_server
RUN-004441,sequential_write_test-004441,65596849,PASS,pass,NONE,,,,0,0,0,0,0,4.8,13.65,2882485,0,uvm_report_server
RUN-004442,read_disturb_test-004442,232055888,FAIL,fail,PROTOCOL_VIOLATION,E_PROT_0x52,PROTOCOL_VIOLATION,111590,3,0,1,1,0,115.59,45.01,69354550,1,uvm_report_server
RUN-004443,mixed_rw_test-004443,623782207,PASS,pass,NONE,,,,0,1,0,0,0,58.27,4.72,23308890,0,uvm_report_server
RUN-004444,power_cycle_test-004444,1631215732,PASS,pass,NONE,,,,0,1,0,0,0,525.66,1.92,525659527,0,uvm_report_server
RUN-004445,random_read_test-004445,246171215,PASS,pass,NONE,,,,0,0,0,0,0,6.07,10.0,3643290,0,uvm_report_server
RUN-004446,mixed_rw_test-004446,1870542759,PASS,pass,NONE,,,,0,0,0,0,0,132.63,7.62,53053075,0,uvm_report_server
RUN-004447,random_read_test-004447,1284597872,PASS,pass,NONE,,,,0,0,0,0,0,36.79,0.9,29433399,0,uvm_report_server
RUN-004448,power_cycle_test-004448,969894284,PASS,pass,NONE,,,,0,0,0,0,0,15.91,4.09,9543211,0,uvm_report_server
RUN-004449,back_to_back_program_test-004449,51065603,FAIL,fail,FIFO_OVERFLOW,E_FIFO_0x21,FIFO_OVERFLOW,56140,3,0,0,0,0,60.14,1.07,60143318,1,uvm_report_server
RUN-004450,mixed_rw_test-004450,1157512139,PASS,pass,NONE,,,,0,1,0,0,0,100.58,21.65,120693166,0,uvm_report_server
RUN-004451,erase_suspend_test-004451,300872012,FAIL,fail,PROTOCOL_VIOLATION,E_PROT_0x52,PROTOCOL_VIOLATION,23670,3,1,1,1,0,27.67,355.49,22134863,1,uvm_report_server
RUN-004452,random_read_test-004452,1662658396,PASS,pass,NONE,,,,0,1,0,0,0,65.67,116.79,65671804,0,uvm_report_server
RUN-004453,erase_suspend_test-004453,422222076,FAIL,fail,TIMEOUT,E_TMO_0x40,TIMEOUT,1991810,2,0,1,0,0,1995.81,0.17,2394972226,1,uvm_report_server
RUN-004454,power_cycle_test-004454,1282080775,FAIL,fail,DATA_MISMATCH,E_CMP_0x11,DATA_MISMATCH,170250,2,0,0,1,1,174.25,32.68,104550616,1,uvm_report_server
RUN-004455,random_read_test-004455,298475466,PASS,pass,NONE,,,,0,1,0,0,0,32.28,30.0,25822056,0,uvm_report_server
RUN-004456,mixed_rw_test-004456,300577466,PASS,pass,NONE,,,,0,0,0,0,0,68.75,16.22,68748307,0,uvm_report_server
RUN-004457,back_to_back_program_test-004457,1204124339,FAIL,fail,PROTOCOL_VIOLATION,E_PROT_0x52,PROTOCOL_VIOLATION,2730,2,0,1,0,0,6.73,79.6,4039163,1,uvm_report_server
RUN-004458,mixed_rw_test-004458,625582436,PASS,pass,NONE,,,,0,1,0,0,0,62.1,1.02,24838882,0,uvm_report_server
RUN-004459,back_to_back_program_test-004459,1716283513,FAIL,fail,FIFO_OVERFLOW,E_FIFO_0x21,FIFO_OVERFLOW,2500,1,0,0,0,0,5.65,193.32,6775877,1,uvm_report_server
RUN-004460,random_read_test-004460,489299366,PASS,pass,NONE,,,,0,0,0,0,0,18.68,7.2,11210003,0,uvm_report_server
RUN-004461,power_cycle_test-004461,1321019769,PASS,pass,NONE,,,,0,0,0,0,0,15.03,8.61,12023747,0,uvm_report_server
RUN-004462,erase_suspend_test-004462,1965101867,FAIL,fail,DATA_MISMATCH,E_CMP_0x11,DATA_MISMATCH,2500,2,0,0,0,1,1.0,33.26,600000,1,uvm_report_server
RUN-004463,random_read_test-004463,2062437670,PASS,pass,NONE,,,,0,0,0,0,0,1.0,266.13,1000000,0,uvm_report_server
RUN-004464,back_to_back_program_test-004464,210201434,PASS,pass,NONE,,,,0,0,0,0,0,14.84,18.43,8904014,0,uvm_report_server
RUN-004465,sequential_write_test-004465,1899884064,FAIL,fail,TIMEOUT,E_TMO_0x40,TIMEOUT,1960170,2,0,1,0,0,1964.17,0.06,1964171864,1,uvm_report_server
RUN-004466,garbage_collect_test-004466,1537941412,PASS,pass,NONE,,,,0,0,0,0,0,173.88,11.55,139105206,0,uvm_report_server
RUN-004467,back_to_back_program_test-004467,1600487983,FAIL,fail,FIFO_OVERFLOW,E_FIFO_0x21,FIFO_OVERFLOW,12840,2,1,0,1,0,16.84,32.24,13470308,1,uvm_report_server
RUN-004468,back_to_back_program_test-004468,1414544354,PASS,pass,NONE,,,,0,1,0,0,0,18.03,7.42,18033803,0,uvm_report_server
RUN-004469,sequential_write_test-004469,1932232540,PASS,pass,NONE,,,,0,0,0,0,0,18.03,28.79,10818260,0,uvm_report_server
RUN-004470,back_to_back_program_test-004470,375345729,FAIL,fail,FIFO_OVERFLOW,E_FIFO_0x21,FIFO_OVERFLOW,109260,2,0,0,1,0,113.26,1.5,113261235,1,uvm_report_server
RUN-004471,random_read_test-004471,433140419,FAIL,fail,ASSERTION_FAIL,E_ASRT_0x60,ASSERTION_FAIL,21770,2,0,0,1,0,25.77,14.55,25767099,1,uvm_report_server
RUN-004472,read_disturb_test-004472,2106119786,PASS,pass,NONE,,,,0,0,0,0,0,21.72,5.71,8689087,0,uvm_report_server
RUN-004473,garbage_collect_test-004473,602149554,PASS,pass,NONE,,,,0,0,0,0,0,114.38,4.84,91501218,0,uvm_report_server
RUN-004474,power_cycle_test-004474,1168653664,PASS,pass,NONE,,,,0,0,0,0,0,272.7,15.03,218158306,0,uvm_report_server
RUN-004475,erase_suspend_test-004475,346407144,PASS,pass,NONE,,,,0,0,0,0,0,1.92,34.78,2299804,0,uvm_report_server
RUN-004476,back_to_back_program_test-004476,1468862275,PASS,pass,NONE,,,,0,1,0,0,0,10.02,3.18,6012509,0,uvm_report_server
RUN-004477,erase_suspend_test-004477,1649250045,FAIL,fail,RETENTION_FAIL,E_RET_0x71,RETENTION_FAIL,52860,4,0,0,1,1,56.86,1.04,45484325,1,uvm_report_server
RUN-004478,power_cycle_test-004478,1078573049,PASS,pass,NONE,,,,0,0,0,0,0,1.0,17.32,600000,0,uvm_report_server
RUN-004479,mixed_rw_test-004479,1714573649,PASS,pass,NONE,,,,0,0,0,0,0,14.66,9.05,11727769,0,uvm_report_server
RUN-004480,garbage_collect_test-004480,290669078,PASS,pass,NONE,,,,0,0,0,0,0,1.98,67.3,1981957,0,uvm_report_server
RUN-004481,power_cycle_test-004481,199397107,PASS,pass,NONE,,,,0,0,0,0,0,1.64,147.3,655791,0,uvm_report_server
RUN-004482,read_disturb_test-004482,688182286,PASS,pass,NONE,,,,0,1,0,0,0,60.21,35.25,72257650,0,uvm_report_server
RUN-004483,random_read_test-004483,1912959772,PASS,pass,NONE,,,,0,0,0,0,0,1.69,161.65,1348310,0,uvm_report_server
RUN-004484,sequential_write_test-004484,1162911334,PASS,pass,NONE,,,,0,0,0,0,0,4.57,7.13,4571578,0,uvm_report_server
RUN-004485,erase_suspend_test-004485,14365247,PASS,pass,NONE,,,,0,1,0,0,0,10.2,13.3,8162734,0,uvm_report_server
RUN-004486,mixed_rw_test-004486,2021925520,FAIL,fail,TIMEOUT,E_TMO_0x40,TIMEOUT,1987740,2,0,1,0,0,1991.74,0.12,1991741891,1,uvm_report_server
RUN-004487,garbage_collect_test-004487,1056480818,PASS,pass,NONE,,,,0,1,0,0,0,32.73,64.29,32732890,0,uvm_report_server
RUN-004488,random_read_test-004488,1881402882,PASS,pass,NONE,,,,0,0,0,0,0,311.63,0.9,186976000,0,uvm_report_server
RUN-004489,read_disturb_test-004489,1916790444,PASS,pass,NONE,,,,0,1,0,0,0,2.2,61.31,2639066,0,uvm_report_server
RUN-004490,back_to_back_program_test-004490,1381926587,FAIL,fail,FIFO_OVERFLOW,E_FIFO_0x21,FIFO_OVERFLOW,229870,4,1,0,1,0,233.87,1.58,187096748,1,uvm_report_server
RUN-004491,sequential_write_test-004491,1153341856,PASS,pass,NONE,,,,0,1,0,0,0,109.2,4.57,43681806,0,uvm_report_server
RUN-004492,power_cycle_test-004492,1333530613,PASS,pass,NONE,,,,0,0,0,0,0,99.15,10.76,59487083,0,uvm_report_server
RUN-004493,back_to_back_program_test-004493,2007201996,FAIL,fail,FIFO_OVERFLOW,E_FIFO_0x21,FIFO_OVERFLOW,104150,2,0,0,1,0,108.15,2.4,64891999,1,uvm_report_server
RUN-004494,random_read_test-004494,2017177248,PASS,pass,NONE,,,,0,0,0,0,0,67.48,4.12,67480570,0,uvm_report_server
RUN-004495,sequential_write_test-004495,1712665585,PASS,pass,NONE,,,,0,0,0,0,0,6.31,39.3,6309206,0,uvm_report_server
RUN-004496,erase_suspend_test-004496,1976762244,PASS,pass,NONE,,,,0,0,0,0,0,22.76,1.38,13653586,0,uvm_report_server
RUN-004497,read_disturb_test-004497,399045220,PASS,pass,NONE,,,,0,0,0,0,0,3.74,145.07,3735474,0,uvm_report_server
RUN-004498,random_read_test-004498,1739083585,PASS,pass,NONE,,,,0,0,0,0,0,113.13,4.62,90507131,0,uvm_report_server
RUN-004499,erase_suspend_test-004499,1173216559,PASS,pass,NONE,,,,0,1,0,0,0,3.77,18.59,3770810,0,uvm_report_server
RUN-004500,erase_suspend_test-004500,280332188,PASS,pass,NONE,,,,0,0,0,0,0,112.4,19.6,44959284,0,uvm_report_server
RUN-004501,sequential_write_test-004501,288065845,FAIL,fail,TIMEOUT,E_TMO_0x40,TIMEOUT,1993260,2,1,1,0,0,1997.26,0.03,1997262443,1,uvm_report_server
RUN-004502,erase_suspend_test-004502,1265194286,PASS,pass,NONE,,,,0,0,0,0,0,538.94,7.17,538942954,0,uvm_report_server
RUN-004503,read_disturb_test-004503,1329252197,FAIL,fail,ASSERTION_FAIL,E_ASRT_0x60,ASSERTION_FAIL,3560,3,0,0,1,0,7.56,19.08,6045353,1,uvm_report_server
RUN-004504,erase_suspend_test-004504,1971627270,PASS,pass,NONE,,,,0,0,0,0,0,7.92,8.35,4750011,0,uvm_report_server
RUN-004505,sequential_write_test-004505,818758040,FAIL,fail,PROTOCOL_VIOLATION,E_PROT_0x52,PROTOCOL_VIOLATION,2500,3,0,1,1,0,4.26,43.34,3407659,1,uvm_report_server
RUN-004506,sequential_write_test-004506,1490667861,PASS,pass,NONE,,,,0,1,0,0,0,5.08,12.11,6091992,0,uvm_report_server
RUN-004507,random_read_test-004507,580165585,PASS,pass,NONE,,,,0,0,0,0,0,54.78,38.0,43820137,0,uvm_report_server
RUN-004508,power_cycle_test-004508,76035673,PASS,pass,NONE,,,,0,1,0,0,0,36.07,6.73,43279686,0,uvm_report_server
RUN-004509,read_disturb_test-004509,1944590461,PASS,pass,NONE,,,,0,0,0,0,0,7.16,33.83,8594329,0,uvm_report_server
RUN-004510,back_to_back_program_test-004510,2098763126,PASS,pass,NONE,,,,0,1,0,0,0,4.51,55.86,1805755,0,uvm_report_server
RUN-004511,back_to_back_program_test-004511,1427761124,PASS,pass,NONE,,,,0,0,0,0,0,10.49,23.78,8395878,0,uvm_report_server
RUN-004512,sequential_write_test-004512,1485857416,PASS,pass,NONE,,,,0,0,0,0,0,50.11,2.73,40085096,0,uvm_report_server
RUN-004513,read_disturb_test-004513,534190187,FAIL,fail,TIMEOUT,E_TMO_0x40,TIMEOUT,1966640,3,0,1,0,0,1970.64,0.0,1970635875,1,uvm_report_server
RUN-004514,back_to_back_program_test-004514,1081454095,PASS,pass,NONE,,,,0,0,0,0,0,91.32,48.98,91317873,0,uvm_report_server
RUN-004515,random_read_test-004515,1894489711,PASS,pass,NONE,,,,0,0,0,0,0,46.13,11.79,36906906,0,uvm_report_server
RUN-004516,garbage_collect_test-004516,157714920,PASS,pass,NONE,,,,0,0,0,0,0,59.15,72.83,47322696,0,uvm_report_server
RUN-004517,mixed_rw_test-004517,1776350600,FAIL,fail,TIMEOUT,E_TMO_0x40,TIMEOUT,1977540,1,0,1,0,0,1981.54,0.0,1981541018,1,uvm_report_server
RUN-004518,erase_suspend_test-004518,333571394,PASS,pass,NONE,,,,0,1,0,0,0,1.58,40.09,1260739,0,uvm_report_server
RUN-004519,garbage_collect_test-004519,2056572447,FAIL,fail,DATA_MISMATCH,E_CMP_0x11,DATA_MISMATCH,18010,1,0,0,0,1,22.01,0.71,13208500,1,uvm_report_server
RUN-004520,mixed_rw_test-004520,907971206,FAIL,fail,DATA_MISMATCH,E_CMP_0x11,DATA_MISMATCH,112920,2,0,0,1,1,116.92,2.43,93536075,1,uvm_report_server
RUN-004521,random_read_test-004521,281403154,PASS,pass,NONE,,,,0,0,0,0,0,6.67,4.73,2667222,0,uvm_report_server
RUN-004522,sequential_write_test-004522,721687787,FAIL,fail,DATA_MISMATCH,E_CMP_0x11,DATA_MISMATCH,2500,3,0,0,0,1,4.2,19.1,2517837,1,uvm_report_server
RUN-004523,back_to_back_program_test-004523,512453916,FAIL,fail,FIFO_OVERFLOW,E_FIFO_0x21,FIFO_OVERFLOW,2500,1,0,0,0,0,3.44,89.23,4124699,1,uvm_report_server
RUN-004524,power_cycle_test-004524,1701788453,FAIL,fail,DATA_MISMATCH,E_CMP_0x11,DATA_MISMATCH,12079,2,0,0,1,1,16.08,8.03,6433671,1,uvm_report_server
RUN-004525,erase_suspend_test-004525,50836473,FAIL,fail,ASSERTION_FAIL,E_ASRT_0x60,ASSERTION_FAIL,2500,3,1,0,1,0,3.46,269.13,4153844,1,uvm_report_server
RUN-004526,random_read_test-004526,1329057389,PASS,pass,NONE,,,,0,0,0,0,0,3.24,20.14,1945890,0,uvm_report_server
RUN-004527,erase_suspend_test-004527,266605783,FAIL,fail,THERMAL_SHUTDOWN,E_THRM_0x80,THERMAL_SHUTDOWN,195060,3,0,0,0,0,199.06,11.74,119436620,1,uvm_report_server
RUN-004528,sequential_write_test-004528,226592489,FAIL,fail,ECC_UNCORRECTABLE,E_ECC_0x33,ECC_UNCORRECTABLE,103940,4,0,0,1,1,107.94,4.4,64763807,1,uvm_report_server
RUN-004529,garbage_collect_test-004529,2012085437,PASS,pass,NONE,,,,0,1,0,0,0,42.55,25.15,25529544,0,uvm_report_server
RUN-004530,random_read_test-004530,1555613177,PASS,pass,NONE,,,,0,1,0,0,0,92.53,2.63,55520152,0,uvm_report_server
RUN-004531,back_to_back_program_test-004531,935322224,PASS,pass,NONE,,,,0,0,0,0,0,1.39,12.09,1388317,0,uvm_report_server
RUN-004532,erase_suspend_test-004532,1031867396,PASS,pass,NONE,,,,0,0,0,0,0,237.52,1.18,142514639,0,uvm_report_server
RUN-004533,read_disturb_test-004533,1113500432,PASS,pass,NONE,,,,0,1,0,0,0,12.98,38.28,15580253,0,uvm_report_server
RUN-004534,sequential_write_test-004534,1708242324,PASS,pass,NONE,,,,0,0,0,0,0,49.23,10.71,59080189,0,uvm_report_server
RUN-004535,sequential_write_test-004535,1133266368,PASS,pass,NONE,,,,0,0,0,0,0,17.32,118.87,17318294,0,uvm_report_server
RUN-004536,random_read_test-004536,104793658,PASS,pass,NONE,,,,0,0,0,0,0,13.02,164.02,13019186,0,uvm_report_server
RUN-004537,garbage_collect_test-004537,1743394138,PASS,pass,NONE,,,,0,0,0,0,0,4.25,62.06,5097794,0,uvm_report_server
RUN-004538,power_cycle_test-004538,489662022,FAIL,fail,TIMEOUT,E_TMO_0x40,TIMEOUT,1993080,2,0,1,0,0,1997.08,0.09,1997082053,1,uvm_report_server
RUN-004539,back_to_back_program_test-004539,293704561,FAIL,fail,FIFO_OVERFLOW,E_FIFO_0x21,FIFO_OVERFLOW,2500,1,1,0,0,0,5.09,12.77,5092666,1,uvm_report_server
RUN-004540,random_read_test-004540,1614063509,PASS,pass,NONE,,,,0,0,0,0,0,20.32,12.12,16256017,0,uvm_report_server
RUN-004541,sequential_write_test-004541,276805094,PASS,pass,NONE,,,,0,0,0,0,0,21.37,96.68,21368429,0,uvm_report_server
RUN-004542,random_read_test-004542,1617755505,PASS,pass,NONE,,,,0,0,0,0,0,116.16,18.51,69698518,0,uvm_report_server
RUN-004543,back_to_back_program_test-004543,2082440976,FAIL,fail,FIFO_OVERFLOW,E_FIFO_0x21,FIFO_OVERFLOW,90100,3,0,0,1,0,94.1,2.34,75280637,1,uvm_report_server
RUN-004544,random_read_test-004544,1669468742,FAIL,fail,ECC_UNCORRECTABLE,E_ECC_0x33,ECC_UNCORRECTABLE,329290,4,0,0,1,1,333.29,6.24,333290789,1,uvm_report_server
RUN-004545,erase_suspend_test-004545,145226096,PASS,pass,NONE,,,,0,0,0,0,0,49.48,20.42,19791851,0,uvm_report_server
RUN-004546,back_to_back_program_test-004546,605659192,FAIL,fail,FIFO_OVERFLOW,E_FIFO_0x21,FIFO_OVERFLOW,432270,4,0,0,1,0,436.27,1.83,174509786,1,uvm_report_server
RUN-004547,garbage_collect_test-004547,1202465030,FAIL,fail,DATA_MISMATCH,E_CMP_0x11,DATA_MISMATCH,42020,3,1,0,1,1,46.02,7.22,36813819,1,uvm_report_server
RUN-004548,mixed_rw_test-004548,160453405,PASS,pass,NONE,,,,0,0,0,0,0,57.12,19.17,57117308,0,uvm_report_server
RUN-004549,random_read_test-004549,86016202,PASS,pass,NONE,,,,0,0,0,0,0,72.64,7.29,43586323,0,uvm_report_server
RUN-004550,erase_suspend_test-004550,875049507,PASS,pass,NONE,,,,0,0,0,0,0,4.92,14.35,4915604,0,uvm_report_server
RUN-004551,random_read_test-004551,868272474,PASS,pass,NONE,,,,0,1,0,0,0,1.85,37.28,740409,0,uvm_report_server
RUN-004552,sequential_write_test-004552,1487648782,PASS,pass,NONE,,,,0,0,0,0,0,27.08,9.47,27076476,0,uvm_report_server
RUN-004553,mixed_rw_test-004553,1319510984,PASS,pass,NONE,,,,0,0,0,0,0,1.06,32.31,638585,0,uvm_report_server
RUN-004554,read_disturb_test-004554,105683614,PASS,pass,NONE,,,,0,0,0,0,0,143.36,221.94,86017273,0,uvm_report_server
RUN-004555,back_to_back_program_test-004555,764503110,FAIL,fail,PROTOCOL_VIOLATION,E_PROT_0x52,PROTOCOL_VIOLATION,10290,2,1,1,0,0,14.29,277.51,5717809,1,uvm_report_server
RUN-004556,back_to_back_program_test-004556,1921323108,PASS,pass,NONE,,,,0,0,0,0,0,9.17,27.37,10999897,0,uvm_report_server
RUN-004557,random_read_test-004557,768554245,PASS,pass,NONE,,,,0,0,0,0,0,28.12,2.36,11248839,0,uvm_report_server
RUN-004558,mixed_rw_test-004558,226195891,PASS,pass,NONE,,,,0,0,0,0,0,10.73,12.91,10729397,0,uvm_report_server
RUN-004559,power_cycle_test-004559,1309926640,PASS,pass,NONE,,,,0,1,0,0,0,7.06,18.81,5646284,0,uvm_report_server
RUN-004560,sequential_write_test-004560,1663922856,PASS,pass,NONE,,,,0,0,0,0,0,4.64,14.93,2786019,0,uvm_report_server
RUN-004561,random_read_test-004561,2137349775,PASS,pass,NONE,,,,0,0,0,0,0,62.2,2.13,37318456,0,uvm_report_server
RUN-004562,power_cycle_test-004562,1142307333,FAIL,fail,TIMEOUT,E_TMO_0x40,TIMEOUT,1961630,2,1,1,0,0,1965.63,0.08,2358760341,1,uvm_report_server
RUN-004563,random_read_test-004563,1398370321,PASS,pass,NONE,,,,0,0,0,0,0,5.2,12.05,3117733,0,uvm_report_server
RUN-004564,erase_suspend_test-004564,161564925,PASS,pass,NONE,,,,0,0,0,0,0,150.0,6.98,120000265,0,uvm_report_server
RUN-004565,erase_suspend_test-004565,5072290,PASS,pass,NONE,,,,0,0,0,0,0,38.86,0.39,15545716,0,uvm_report_server
RUN-004566,sequential_write_test-004566,1761498683,FAIL,fail,RETENTION_FAIL,E_RET_0x71,RETENTION_FAIL,84760,4,0,0,1,1,88.76,1.77,71008610,1,uvm_report_server
RUN-004567,read_disturb_test-004567,1631571530,PASS,pass,NONE,,,,0,0,0,0,0,145.76,14.62,87453984,0,uvm_report_server
RUN-004568,sequential_write_test-004568,2126444223,PASS,pass,NONE,,,,0,0,0,0,0,22.32,5.93,17859263,0,uvm_report_server
RUN-004569,random_read_test-004569,613073784,PASS,pass,NONE,,,,0,0,0,0,0,32.48,261.83,12992045,0,uvm_report_server
RUN-004570,erase_suspend_test-004570,1012194379,PASS,pass,NONE,,,,0,1,0,0,0,8.35,7.46,8351082,0,uvm_report_server
RUN-004571,sequential_write_test-004571,95534487,FAIL,fail,ASSERTION_FAIL,E_ASRT_0x60,ASSERTION_FAIL,2500,4,0,0,1,0,1.0,32.71,800000,1,uvm_report_server
RUN-004572,power_cycle_test-004572,2032122622,PASS,pass,NONE,,,,0,0,0,0,0,8.09,16.49,3236428,0,uvm_report_server
RUN-004573,random_read_test-004573,1596597434,PASS,pass,NONE,,,,0,0,0,0,0,2.65,11.74,2122686,0,uvm_report_server
RUN-004574,back_to_back_program_test-004574,1715274667,FAIL,fail,FIFO_OVERFLOW,E_FIFO_0x21,FIFO_OVERFLOW,21960,3,0,0,1,0,25.96,1.48,15575796,1,uvm_report_server
RUN-004575,back_to_back_program_test-004575,1814887171,PASS,pass,NONE,,,,0,0,0,0,0,105.71,77.96,63424578,0,uvm_report_server
RUN-004576,back_to_back_program_test-004576,1950553351,FAIL,fail,PROTOCOL_VIOLATION,E_PROT_0x52,PROTOCOL_VIOLATION,4670,3,0,1,1,0,8.67,179.84,6933782,1,uvm_report_server
RUN-004577,sequential_write_test-004577,723980029,FAIL,fail,ECC_UNCORRECTABLE,E_ECC_0x33,ECC_UNCORRECTABLE,82970,2,0,0,0,1,86.97,6.59,86967974,1,uvm_report_server
RUN-004578,erase_suspend_test-004578,1374905149,FAIL,fail,THERMAL_SHUTDOWN,E_THRM_0x80,THERMAL_SHUTDOWN,57450,2,0,0,1,0,61.45,5.02,49157996,1,uvm_report_server
RUN-004579,random_read_test-004579,765643631,FAIL,fail,ASSERTION_FAIL,E_ASRT_0x60,ASSERTION_FAIL,258410,1,0,0,0,0,262.41,2.68,157448604,1,uvm_report_server
RUN-004580,random_read_test-004580,977536403,PASS,pass,NONE,,,,0,0,0,0,0,232.41,2.08,185930787,0,uvm_report_server
RUN-004581,random_read_test-004581,130810377,PASS,pass,NONE,,,,0,0,0,0,0,45.8,22.87,36637990,0,uvm_report_server
RUN-004582,random_read_test-004582,696517284,PASS,pass,NONE,,,,0,1,0,0,0,11.09,24.29,8872255,0,uvm_report_server
RUN-004583,random_read_test-004583,1079749126,PASS,pass,NONE,,,,0,0,0,0,0,73.15,27.23,58516241,0,uvm_report_server
RUN-004584,erase_suspend_test-004584,1210092757,PASS,pass,NONE,,,,0,0,0,0,0,117.74,68.39,94190418,0,uvm_report_server
RUN-004585,sequential_write_test-004585,1047916537,PASS,pass,NONE,,,,0,0,0,0,0,65.45,32.73,52359070,0,uvm_report_server
RUN-004586,power_cycle_test-004586,1567502094,FAIL,fail,TIMEOUT,E_TMO_0x40,TIMEOUT,1988480,1,1,1,0,0,1992.48,5.81,2390975192,1,uvm_report_server
RUN-004587,read_disturb_test-004587,906397583,PASS,pass,NONE,,,,0,0,0,0,0,14.65,279.6,8789252,0,uvm_report_server
RUN-004588,mixed_rw_test-004588,1981918243,PASS,pass,NONE,,,,0,0,0,0,0,21.99,100.86,21985322,0,uvm_report_server
RUN-004589,mixed_rw_test-004589,144128129,PASS,pass,NONE,,,,0,0,0,0,0,1.0,32.67,1000000,0,uvm_report_server
RUN-004590,random_read_test-004590,1133403160,FAIL,fail,ASSERTION_FAIL,E_ASRT_0x60,ASSERTION_FAIL,2500,2,0,0,0,0,2.77,55.0,2217411,1,uvm_report_server
RUN-004591,random_read_test-004591,204128842,PASS,pass,NONE,,,,0,1,0,0,0,6.51,149.44,7806339,0,uvm_report_server
RUN-004592,mixed_rw_test-004592,1669090242,PASS,pass,NONE,,,,0,0,0,0,0,3.9,8.75,4682001,0,uvm_report_server
RUN-004593,sequential_write_test-004593,1236421354,PASS,pass,NONE,,,,0,0,0,0,0,23.22,2.61,13933569,0,uvm_report_server
RUN-004594,erase_suspend_test-004594,1449926898,PASS,pass,NONE,,,,0,0,0,0,0,38.64,111.86,30908505,0,uvm_report_server
RUN-004595,back_to_back_program_test-004595,521678717,FAIL,fail,FIFO_OVERFLOW,E_FIFO_0x21,FIFO_OVERFLOW,4500,2,0,0,1,0,8.5,8.46,5099081,1,uvm_report_server
RUN-004596,mixed_rw_test-004596,39013866,PASS,pass,NONE,,,,0,1,0,0,0,13.2,150.54,10557860,0,uvm_report_server
RUN-004597,sequential_write_test-004597,1531588670,FAIL,fail,TIMEOUT,E_TMO_0x40,TIMEOUT,1987190,2,1,1,0,0,1991.19,0.07,1991194262,1,uvm_report_server
RUN-004598,sequential_write_test-004598,428644831,PASS,pass,NONE,,,,0,0,0,0,0,8.25,15.13,4952361,0,uvm_report_server
RUN-004599,back_to_back_program_test-004599,1216716996,FAIL,fail,FIFO_OVERFLOW,E_FIFO_0x21,FIFO_OVERFLOW,34200,4,0,0,1,0,38.2,5.37,30559583,1,uvm_report_server
RUN-004600,sequential_write_test-004600,366763936,PASS,pass,NONE,,,,0,1,0,0,0,8.01,34.01,6409567,0,uvm_report_server
RUN-004601,sequential_write_test-004601,339071948,PASS,pass,NONE,,,,0,0,0,0,0,1.0,485.54,1000000,0,uvm_report_server
RUN-004602,erase_suspend_test-004602,2119287070,PASS,pass,NONE,,,,0,0,0,0,0,13.56,145.86,16269972,0,uvm_report_server
RUN-004603,mixed_rw_test-004603,1035918509,PASS,pass,NONE,,,,0,1,0,0,0,64.87,8.29,51898290,0,uvm_report_server
RUN-004604,random_read_test-004604,1851687579,PASS,pass,NONE,,,,0,0,0,0,0,64.31,4.1,38585253,0,uvm_report_server
RUN-004605,mixed_rw_test-004605,1320955112,FAIL,fail,DATA_MISMATCH,E_CMP_0x11,DATA_MISMATCH,3160,4,0,0,1,1,7.16,5.61,4293193,1,uvm_report_server
RUN-004606,read_disturb_test-004606,1116147122,PASS,pass,NONE,,,,0,0,0,0,0,7.67,133.95,6133155,0,uvm_report_server
RUN-004607,read_disturb_test-004607,109819975,PASS,pass,NONE,,,,0,0,0,0,0,14.09,9.81,16907565,0,uvm_report_server
RUN-004608,erase_suspend_test-004608,93426778,FAIL,fail,DATA_MISMATCH,E_CMP_0x11,DATA_MISMATCH,19160,3,0,0,0,1,23.16,119.34,18527066,1,uvm_report_server
RUN-004609,back_to_back_program_test-004609,1710866938,PASS,pass,NONE,,,,0,0,0,0,0,11.73,2.71,9385755,0,uvm_report_server
RUN-004610,random_read_test-004610,46497065,PASS,pass,NONE,,,,0,0,0,0,0,6.56,5.24,5251603,0,uvm_report_server
RUN-004611,mixed_rw_test-004611,951887326,FAIL,fail,ASSERTION_FAIL,E_ASRT_0x60,ASSERTION_FAIL,2500,4,0,0,1,0,1.0,6.6,800000,1,uvm_report_server
RUN-004612,random_read_test-004612,1733432752,PASS,pass,NONE,,,,0,1,0,0,0,30.75,136.06,36898209,0,uvm_report_server
RUN-004613,back_to_back_program_test-004613,1669039048,PASS,pass,NONE,,,,0,0,0,0,0,36.15,27.92,36147404,0,uvm_report_server
RUN-004614,sequential_write_test-004614,694349164,FAIL,fail,ASSERTION_FAIL,E_ASRT_0x60,ASSERTION_FAIL,9500,4,1,0,1,0,13.5,43.13,13498232,1,uvm_report_server
RUN-004615,read_disturb_test-004615,17187187,PASS,pass,NONE,,,,0,0,0,0,0,43.1,12.33,43097566,0,uvm_report_server
RUN-004616,power_cycle_test-004616,1640381066,PASS,pass,NONE,,,,0,0,0,0,0,2.38,27.04,1428050,0,uvm_report_server
RUN-004617,random_read_test-004617,608156014,PASS,pass,NONE,,,,0,0,0,0,0,10.83,3.05,6497438,0,uvm_report_server
RUN-004618,sequential_write_test-004618,1635171260,FAIL,fail,DATA_MISMATCH,E_CMP_0x11,DATA_MISMATCH,471260,4,0,0,1,1,475.26,4.46,380206076,1,uvm_report_server
RUN-004619,mixed_rw_test-004619,239772681,FAIL,fail,DATA_MISMATCH,E_CMP_0x11,DATA_MISMATCH,39040,1,1,0,0,1,43.04,4.42,25822592,1,uvm_report_server
RUN-004620,random_read_test-004620,1363584818,PASS,pass,NONE,,,,0,0,0,0,0,22.75,47.09,18197835,0,uvm_report_server
RUN-004621,random_read_test-004621,1193253946,PASS,pass,NONE,,,,0,0,0,0,0,2.77,11.29,2218289,0,uvm_report_server
RUN-004622,back_to_back_program_test-004622,1167144056,PASS,pass,NONE,,,,0,0,0,0,0,35.15,3.56,28117631,0,uvm_report_server
RUN-004623,mixed_rw_test-004623,1640069404,PASS,pass,NONE,,,,0,0,0,0,0,1.0,138.32,800000,0,uvm_report_server
RUN-004624,mixed_rw_test-004624,1777863501,PASS,pass,NONE,,,,0,0,0,0,0,50.19,44.37,40149524,0,uvm_report_server
RUN-004625,erase_suspend_test-004625,986432332,FAIL,fail,DATA_MISMATCH,E_CMP_0x11,DATA_MISMATCH,16220,3,0,0,0,1,20.22,3.57,16178474,1,uvm_report_server
RUN-004626,back_to_back_program_test-004626,1506017446,FAIL,fail,THERMAL_SHUTDOWN,E_THRM_0x80,THERMAL_SHUTDOWN,1159620,2,0,0,1,0,1163.62,2.68,465447938,1,uvm_report_server
RUN-004627,random_read_test-004627,1786832098,FAIL,fail,RETENTION_FAIL,E_RET_0x71,RETENTION_FAIL,519799,2,1,0,1,1,523.8,2.13,314279601,1,uvm_report_server
RUN-004628,garbage_collect_test-004628,591811330,PASS,pass,NONE,,,,0,0,0,0,0,23.39,44.1,28067939,0,uvm_report_server
RUN-004629,power_cycle_test-004629,1847540551,PASS,pass,NONE,,,,0,0,0,0,0,15.48,62.69,15484434,0,uvm_report_server
RUN-004630,erase_suspend_test-004630,2115924632,PASS,pass,NONE,,,,0,0,0,0,0,58.45,17.52,23379693,0,uvm_report_server
RUN-004631,back_to_back_program_test-004631,1298186240,PASS,pass,NONE,,,,0,0,0,0,0,5.35,12.31,2141022,0,uvm_report_server
RUN-004632,sequential_write_test-004632,1922130918,FAIL,fail,DATA_MISMATCH,E_CMP_0x11,DATA_MISMATCH,4090,3,0,0,0,1,8.09,368.9,6475660,1,uvm_report_server
RUN-004633,erase_suspend_test-004633,1769997566,PASS,pass,NONE,,,,0,0,0,0,0,86.24,3.1,68995059,0,uvm_report_server
RUN-004634,random_read_test-004634,1578267169,PASS,pass,NONE,,,,0,0,0,0,0,1.93,33.0,1546737,0,uvm_report_server
RUN-004635,mixed_rw_test-004635,758872737,PASS,pass,NONE,,,,0,0,0,0,0,44.3,6.34,35439293,0,uvm_report_server
RUN-004636,random_read_test-004636,1711610013,PASS,pass,NONE,,,,0,1,0,0,0,2.59,3.1,2069228,0,uvm_report_server
RUN-004637,mixed_rw_test-004637,1862891836,PASS,pass,NONE,,,,0,1,0,0,0,1.21,113.66,1212121,0,uvm_report_server
RUN-004638,erase_suspend_test-004638,1962476432,PASS,pass,NONE,,,,0,0,0,0,0,6.2,41.01,4958891,0,uvm_report_server
RUN-004639,sequential_write_test-004639,2061839000,PASS,pass,NONE,,,,0,0,0,0,0,127.28,124.21,50913132,0,uvm_report_server
RUN-004640,mixed_rw_test-004640,775363900,PASS,pass,NONE,,,,0,1,0,0,0,21.04,6.13,16830253,0,uvm_report_server
RUN-004641,mixed_rw_test-004641,526230686,PASS,pass,NONE,,,,0,1,0,0,0,161.66,54.87,64663462,0,uvm_report_server
RUN-004642,sequential_write_test-004642,400663488,PASS,pass,NONE,,,,0,0,0,0,0,154.79,1.72,123833229,0,uvm_report_server
RUN-004643,garbage_collect_test-004643,1197868037,PASS,pass,NONE,,,,0,1,0,0,0,1.3,6.54,1299039,0,uvm_report_server
RUN-004644,power_cycle_test-004644,646078543,PASS,pass,NONE,,,,0,0,0,0,0,6.72,9.99,4030504,0,uvm_report_server
RUN-004645,garbage_collect_test-004645,1672675270,PASS,pass,NONE,,,,0,1,0,0,0,13.79,4.89,8273166,0,uvm_report_server
RUN-004646,mixed_rw_test-004646,1454287576,PASS,pass,NONE,,,,0,0,0,0,0,163.53,25.86,163533401,0,uvm_report_server
RUN-004647,erase_suspend_test-004647,2090825230,PASS,pass,NONE,,,,0,0,0,0,0,210.26,1.31,168209807,0,uvm_report_server
RUN-004648,mixed_rw_test-004648,2113439078,PASS,pass,NONE,,,,0,0,0,0,0,26.95,2.27,21558794,0,uvm_report_server
RUN-004649,sequential_write_test-004649,116272729,PASS,pass,NONE,,,,0,1,0,0,0,61.52,2.3,24606323,0,uvm_report_server
RUN-004650,power_cycle_test-004650,358895340,PASS,pass,NONE,,,,0,0,0,0,0,6.32,21.44,5055111,0,uvm_report_server
RUN-004651,power_cycle_test-004651,1388975233,PASS,pass,NONE,,,,0,1,0,0,0,1.0,33.39,600000,0,uvm_report_server
RUN-004652,random_read_test-004652,1628808833,PASS,pass,NONE,,,,0,0,0,0,0,8.57,60.32,6856745,0,uvm_report_server
RUN-004653,back_to_back_program_test-004653,218298168,FAIL,fail,PROTOCOL_VIOLATION,E_PROT_0x52,PROTOCOL_VIOLATION,39040,2,0,1,0,0,43.04,60.92,34429065,1,uvm_report_server
RUN-004654,back_to_back_program_test-004654,566217837,PASS,pass,NONE,,,,0,0,0,0,0,33.91,4.15,13565511,0,uvm_report_server
RUN-004655,mixed_rw_test-004655,1113679240,FAIL,fail,DATA_MISMATCH,E_CMP_0x11,DATA_MISMATCH,2590,1,0,0,0,1,6.59,4.11,3951514,1,uvm_report_server
RUN-004656,erase_suspend_test-004656,300132768,FAIL,fail,ECC_UNCORRECTABLE,E_ECC_0x33,ECC_UNCORRECTABLE,38820,3,0,0,0,1,42.82,15.61,34252946,1,uvm_report_server
RUN-004657,back_to_back_program_test-004657,1749359128,FAIL,fail,DATA_MISMATCH,E_CMP_0x11,DATA_MISMATCH,2500,1,0,0,0,1,2.42,16.5,1937717,1,uvm_report_server
RUN-004658,back_to_back_program_test-004658,1161795792,FAIL,fail,FIFO_OVERFLOW,E_FIFO_0x21,FIFO_OVERFLOW,247530,3,1,0,0,0,251.53,0.65,150915593,1,uvm_report_server
RUN-004659,read_disturb_test-004659,1937690232,PASS,pass,NONE,,,,0,1,0,0,0,100.42,41.95,40167616,0,uvm_report_server
RUN-004660,random_read_test-004660,1286404470,PASS,pass,NONE,,,,0,0,0,0,0,74.09,7.28,44456779,0,uvm_report_server
RUN-004661,sequential_write_test-004661,1668354509,PASS,pass,NONE,,,,0,0,0,0,0,18.59,13.54,14872713,0,uvm_report_server
RUN-004662,erase_suspend_test-004662,344770773,PASS,pass,NONE,,,,0,1,0,0,0,5.83,11.84,3495261,0,uvm_report_server
RUN-004663,garbage_collect_test-004663,1749457795,PASS,pass,NONE,,,,0,0,0,0,0,38.99,6.68,46792628,0,uvm_report_server
RUN-004664,read_disturb_test-004664,1560258273,PASS,pass,NONE,,,,0,0,0,0,0,320.08,6.52,192048597,0,uvm_report_server
RUN-004665,power_cycle_test-004665,292248786,PASS,pass,NONE,,,,0,0,0,0,0,1.24,3.48,990955,0,uvm_report_server
RUN-004666,power_cycle_test-004666,1402806288,PASS,pass,NONE,,,,0,1,0,0,0,29.64,2.1,17781202,0,uvm_report_server
RUN-004667,mixed_rw_test-004667,1792076121,PASS,pass,NONE,,,,0,0,0,0,0,6.56,2.62,5244307,0,uvm_report_server
RUN-004668,mixed_rw_test-004668,1675808909,PASS,pass,NONE,,,,0,0,0,0,0,21.37,45.92,8547346,0,uvm_report_server
RUN-004669,power_cycle_test-004669,1554111762,PASS,pass,NONE,,,,0,0,0,0,0,47.17,5.85,28304581,0,uvm_report_server
RUN-004670,garbage_collect_test-004670,425008090,FAIL,fail,ASSERTION_FAIL,E_ASRT_0x60,ASSERTION_FAIL,2500,1,0,0,0,0,2.74,29.02,1097732,1,uvm_report_server
RUN-004671,erase_suspend_test-004671,1694260066,FAIL,fail,RETENTION_FAIL,E_RET_0x71,RETENTION_FAIL,86930,4,0,0,1,1,90.93,12.09,72741528,1,uvm_report_server
RUN-004672,back_to_back_program_test-004672,824684959,FAIL,fail,FIFO_OVERFLOW,E_FIFO_0x21,FIFO_OVERFLOW,57010,1,0,0,0,0,61.01,0.62,24405319,1,uvm_report_server
RUN-004673,back_to_back_program_test-004673,2008212991,FAIL,fail,FIFO_OVERFLOW,E_FIFO_0x21,FIFO_OVERFLOW,37760,1,0,0,0,0,41.76,2.69,16704249,1,uvm_report_server
RUN-004674,sequential_write_test-004674,1284216643,PASS,pass,NONE,,,,0,0,0,0,0,451.22,2.35,270734100,0,uvm_report_server
RUN-004675,power_cycle_test-004675,1424033167,FAIL,fail,ASSERTION_FAIL,E_ASRT_0x60,ASSERTION_FAIL,88730,4,0,0,1,0,92.73,1.46,74187010,1,uvm_report_server
RUN-004676,random_read_test-004676,1703986054,FAIL,fail,THERMAL_SHUTDOWN,E_THRM_0x80,THERMAL_SHUTDOWN,6410,1,1,0,0,0,10.41,35.03,4163342,1,uvm_report_server
RUN-004677,power_cycle_test-004677,324504908,PASS,pass,NONE,,,,0,0,0,0,0,231.85,4.73,231845498,0,uvm_report_server
RUN-004678,back_to_back_program_test-004678,737377847,PASS,pass,NONE,,,,0,0,0,0,0,24.96,44.5,19971417,0,uvm_report_server
RUN-004679,random_read_test-004679,1526191500,PASS,pass,NONE,,,,0,0,0,0,0,29.28,2.06,29284734,0,uvm_report_server
RUN-004680,random_read_test-004680,1654105360,PASS,pass,NONE,,,,0,1,0,0,0,7.69,16.72,9224619,0,uvm_report_server
RUN-004681,sequential_write_test-004681,585448366,PASS,pass,NONE,,,,0,0,0,0,0,55.9,1.17,44721484,0,uvm_report_server
RUN-004682,sequential_write_test-004682,2021086940,PASS,pass,NONE,,,,0,1,0,0,0,18.62,14.84,18616802,0,uvm_report_server
RUN-004683,random_read_test-004683,1310390309,PASS,pass,NONE,,,,0,0,0,0,0,68.3,16.08,68297087,0,uvm_report_server
RUN-004684,mixed_rw_test-004684,1206952174,PASS,pass,NONE,,,,0,0,0,0,0,36.22,56.83,43462990,0,uvm_report_server
RUN-004685,sequential_write_test-004685,1229678314,FAIL,fail,PROTOCOL_VIOLATION,E_PROT_0x52,PROTOCOL_VIOLATION,265760,2,0,1,0,0,269.76,21.31,161858900,1,uvm_report_server
RUN-004686,random_read_test-004686,948488801,PASS,pass,NONE,,,,0,1,0,0,0,2.88,2.89,2302056,0,uvm_report_server
RUN-004687,power_cycle_test-004687,990822826,PASS,pass,NONE,,,,0,0,0,0,0,7.08,8.99,5666156,0,uvm_report_server
RUN-004688,back_to_back_program_test-004688,290827478,PASS,pass,NONE,,,,0,0,0,0,0,618.19,0.79,370911201,0,uvm_report_server
RUN-004689,random_read_test-004689,287380629,PASS,pass,NONE,,,,0,0,0,0,0,2.13,7.65,2127449,0,uvm_report_server
RUN-004690,sequential_write_test-004690,525906820,PASS,pass,NONE,,,,0,0,0,0,0,3.38,4.96,2029199,0,uvm_report_server
RUN-004691,read_disturb_test-004691,424049675,PASS,pass,NONE,,,,0,1,0,0,0,514.71,69.03,308825853,0,uvm_report_server
RUN-004692,erase_suspend_test-004692,1968939435,PASS,pass,NONE,,,,0,0,0,0,0,11.91,175.13,11912405,0,uvm_report_server
RUN-004693,back_to_back_program_test-004693,688827542,PASS,pass,NONE,,,,0,1,0,0,0,2.92,11.88,2921938,0,uvm_report_server
RUN-004694,read_disturb_test-004694,801476241,PASS,pass,NONE,,,,0,1,0,0,0,29.05,37.25,11620949,0,uvm_report_server
RUN-004695,mixed_rw_test-004695,641019437,FAIL,fail,DATA_MISMATCH,E_CMP_0x11,DATA_MISMATCH,9450,3,0,0,1,1,13.45,12.95,10762564,1,uvm_report_server
RUN-004696,garbage_collect_test-004696,333634679,FAIL,fail,THERMAL_SHUTDOWN,E_THRM_0x80,THERMAL_SHUTDOWN,4980,2,0,0,0,0,8.98,7.72,5385260,1,uvm_report_server
RUN-004697,back_to_back_program_test-004697,1812632048,PASS,pass,NONE,,,,0,1,0,0,0,27.94,19.56,27938215,0,uvm_report_server
RUN-004698,random_read_test-004698,1931823851,FAIL,fail,DATA_MISMATCH,E_CMP_0x11,DATA_MISMATCH,191250,3,0,0,1,1,195.25,31.73,156199901,1,uvm_report_server
RUN-004699,mixed_rw_test-004699,962407959,PASS,pass,NONE,,,,0,0,0,0,0,34.65,7.49,20792077,0,uvm_report_server
RUN-004700,garbage_collect_test-004700,530235300,FAIL,fail,ECC_UNCORRECTABLE,E_ECC_0x33,ECC_UNCORRECTABLE,186990,3,0,0,1,1,190.99,0.39,76395903,1,uvm_report_server
RUN-004701,sequential_write_test-004701,1811566275,PASS,pass,NONE,,,,0,0,0,0,0,19.98,52.38,19984892,0,uvm_report_server
RUN-004702,mixed_rw_test-004702,1553151269,PASS,pass,NONE,,,,0,1,0,0,0,43.88,12.35,35104630,0,uvm_report_server
RUN-004703,back_to_back_program_test-004703,1454036397,PASS,pass,NONE,,,,0,0,0,0,0,1.0,66.14,800000,0,uvm_report_server
RUN-004704,random_read_test-004704,1954178219,FAIL,fail,TIMEOUT,E_TMO_0x40,TIMEOUT,1956380,3,0,1,0,0,1960.38,0.18,2352458753,1,uvm_report_server
RUN-004705,mixed_rw_test-004705,1279725650,FAIL,fail,DATA_MISMATCH,E_CMP_0x11,DATA_MISMATCH,3190,3,0,0,0,1,7.19,30.48,7193822,1,uvm_report_server
RUN-004706,random_read_test-004706,1063894984,PASS,pass,NONE,,,,0,1,0,0,0,5.14,47.67,5144912,0,uvm_report_server
RUN-004707,random_read_test-004707,186897902,PASS,pass,NONE,,,,0,1,0,0,0,125.8,62.15,100640942,0,uvm_report_server
RUN-004708,sequential_write_test-004708,288689891,PASS,pass,NONE,,,,0,1,0,0,0,15.86,4.44,19027502,0,uvm_report_server
RUN-004709,garbage_collect_test-004709,2067979948,FAIL,fail,DATA_MISMATCH,E_CMP_0x11,DATA_MISMATCH,138660,2,0,0,0,1,142.66,25.05,114130083,1,uvm_report_server
RUN-004710,read_disturb_test-004710,1252755049,FAIL,fail,TIMEOUT,E_TMO_0x40,TIMEOUT,1958820,2,1,1,1,0,1962.82,0.01,1962816319,1,uvm_report_server
RUN-004711,erase_suspend_test-004711,180870681,PASS,pass,NONE,,,,0,0,0,0,0,144.72,28.44,115777062,0,uvm_report_server
RUN-004712,mixed_rw_test-004712,1125969423,PASS,pass,NONE,,,,0,0,0,0,0,21.13,12.54,16902751,0,uvm_report_server
RUN-004713,power_cycle_test-004713,1712978329,FAIL,fail,PROTOCOL_VIOLATION,E_PROT_0x52,PROTOCOL_VIOLATION,2500,3,1,1,1,0,4.96,347.24,4959862,1,uvm_report_server
RUN-004714,sequential_write_test-004714,1205583993,FAIL,fail,TIMEOUT,E_TMO_0x40,TIMEOUT,1957400,2,1,1,0,0,1961.4,0.0,1961401932,1,uvm_report_server
RUN-004715,back_to_back_program_test-004715,992902137,PASS,pass,NONE,,,,0,0,0,0,0,19.32,202.98,7728931,0,uvm_report_server
RUN-004716,random_read_test-004716,559441955,FAIL,fail,ECC_UNCORRECTABLE,E_ECC_0x33,ECC_UNCORRECTABLE,292740,4,1,0,1,1,296.74,8.4,356090568,1,uvm_report_server
RUN-004717,random_read_test-004717,303809021,PASS,pass,NONE,,,,0,0,0,0,0,3.71,73.94,2970507,0,uvm_report_server
RUN-004718,mixed_rw_test-004718,1641081910,FAIL,fail,ASSERTION_FAIL,E_ASRT_0x60,ASSERTION_FAIL,11440,2,0,0,1,0,15.44,60.29,12353859,1,uvm_report_server
RUN-004719,erase_suspend_test-004719,11347906,PASS,pass,NONE,,,,0,1,0,0,0,7.41,68.38,2962270,0,uvm_report_server
RUN-004720,garbage_collect_test-004720,273312745,PASS,pass,NONE,,,,0,0,0,0,0,188.2,11.41,112918130,0,uvm_report_server
RUN-004721,sequential_write_test-004721,664441343,PASS,pass,NONE,,,,0,0,0,0,0,21.3,101.3,12779450,0,uvm_report_server
RUN-004722,back_to_back_program_test-004722,188924797,PASS,pass,NONE,,,,0,1,0,0,0,8.78,113.43,5266496,0,uvm_report_server
RUN-004723,erase_suspend_test-004723,1675931295,PASS,pass,NONE,,,,0,1,0,0,0,46.72,21.68,46722697,0,uvm_report_server
RUN-004724,power_cycle_test-004724,2061267652,PASS,pass,NONE,,,,0,0,0,0,0,3.13,5.64,2506251,0,uvm_report_server
RUN-004725,garbage_collect_test-004725,1999158272,FAIL,fail,ECC_UNCORRECTABLE,E_ECC_0x33,ECC_UNCORRECTABLE,86360,2,0,0,0,1,90.36,4.42,72284349,1,uvm_report_server
RUN-004726,back_to_back_program_test-004726,2028976678,PASS,pass,NONE,,,,0,0,0,0,0,7.07,70.07,7071377,0,uvm_report_server
RUN-004727,read_disturb_test-004727,145101709,PASS,pass,NONE,,,,0,0,0,0,0,8.77,57.38,7014164,0,uvm_report_server
RUN-004728,random_read_test-004728,1917803487,FAIL,fail,DATA_MISMATCH,E_CMP_0x11,DATA_MISMATCH,2500,4,0,0,1,1,1.0,22.59,800000,1,uvm_report_server
RUN-004729,erase_suspend_test-004729,1128945424,PASS,pass,NONE,,,,0,0,0,0,0,22.54,22.92,13525007,0,uvm_report_server
RUN-004730,garbage_collect_test-004730,1106104938,PASS,pass,NONE,,,,0,0,0,0,0,23.53,47.7,18825825,0,uvm_report_server
RUN-004731,random_read_test-004731,1001145420,PASS,pass,NONE,,,,0,0,0,0,0,4.81,99.85,3847136,0,uvm_report_server
RUN-004732,read_disturb_test-004732,2123562474,PASS,pass,NONE,,,,0,0,0,0,0,4.96,52.04,3968366,0,uvm_report_server
RUN-004733,power_cycle_test-004733,2025407819,PASS,pass,NONE,,,,0,0,0,0,0,26.49,38.87,26492523,0,uvm_report_server
RUN-004734,sequential_write_test-004734,1075671633,PASS,pass,NONE,,,,0,1,0,0,0,13.28,18.47,5310222,0,uvm_report_server
RUN-004735,read_disturb_test-004735,701966806,PASS,pass,NONE,,,,0,0,0,0,0,6.36,19.03,5088332,0,uvm_report_server
RUN-004736,erase_suspend_test-004736,982917041,FAIL,fail,THERMAL_SHUTDOWN,E_THRM_0x80,THERMAL_SHUTDOWN,25920,3,1,0,1,0,29.92,175.6,35902154,1,uvm_report_server
RUN-004737,sequential_write_test-004737,1218492716,PASS,pass,NONE,,,,0,0,0,0,0,101.59,38.3,81270401,0,uvm_report_server
RUN-004738,random_read_test-004738,535529794,FAIL,fail,ECC_UNCORRECTABLE,E_ECC_0x33,ECC_UNCORRECTABLE,398570,3,0,0,0,1,402.57,3.42,322053869,1,uvm_report_server
RUN-004739,sequential_write_test-004739,500330716,FAIL,fail,TIMEOUT,E_TMO_0x40,TIMEOUT,1962980,3,0,1,1,0,1966.98,0.13,1966978483,1,uvm_report_server
RUN-004740,random_read_test-004740,1442777073,FAIL,fail,TIMEOUT,E_TMO_0x40,TIMEOUT,1964680,3,0,1,0,0,1968.68,0.01,1968680616,1,uvm_report_server
RUN-004741,mixed_rw_test-004741,907758138,PASS,pass,NONE,,,,0,0,0,0,0,2.06,8.49,1238298,0,uvm_report_server
RUN-004742,power_cycle_test-004742,2105276850,FAIL,fail,DATA_MISMATCH,E_CMP_0x11,DATA_MISMATCH,2500,3,0,0,0,1,5.26,5.8,5256040,1,uvm_report_server
RUN-004743,random_read_test-004743,1279528723,PASS,pass,NONE,,,,0,0,0,0,0,59.2,4.42,35517797,0,uvm_report_server
RUN-004744,mixed_rw_test-004744,1167214424,FAIL,fail,DATA_MISMATCH,E_CMP_0x11,DATA_MISMATCH,22610,3,1,0,1,1,26.61,23.52,21287488,1,uvm_report_server
RUN-004745,garbage_collect_test-004745,1613448312,PASS,pass,NONE,,,,0,0,0,0,0,249.58,1.04,249575229,0,uvm_report_server
RUN-004746,erase_suspend_test-004746,2137708774,PASS,pass,NONE,,,,0,0,0,0,0,9.39,26.77,7515336,0,uvm_report_server
RUN-004747,erase_suspend_test-004747,1015278438,PASS,pass,NONE,,,,0,1,0,0,0,8.9,3.7,8895813,0,uvm_report_server
RUN-004748,random_read_test-004748,538605854,PASS,pass,NONE,,,,0,0,0,0,0,11.66,2.7,13989534,0,uvm_report_server
RUN-004749,back_to_back_program_test-004749,625965033,FAIL,fail,FIFO_OVERFLOW,E_FIFO_0x21,FIFO_OVERFLOW,32810,3,1,0,1,0,36.81,3.77,22086809,1,uvm_report_server
RUN-004750,mixed_rw_test-004750,30896647,PASS,pass,NONE,,,,0,0,0,0,0,46.93,20.56,37542554,0,uvm_report_server
RUN-004751,sequential_write_test-004751,776864484,PASS,pass,NONE,,,,0,0,0,0,0,232.65,17.05,186116893,0,uvm_report_server
RUN-004752,mixed_rw_test-004752,934282954,PASS,pass,NONE,,,,0,1,0,0,0,100.67,4.85,40268157,0,uvm_report_server
RUN-004753,power_cycle_test-004753,1785804690,PASS,pass,NONE,,,,0,0,0,0,0,24.41,42.01,24409587,0,uvm_report_server
RUN-004754,back_to_back_program_test-004754,872592902,FAIL,fail,FIFO_OVERFLOW,E_FIFO_0x21,FIFO_OVERFLOW,32990,2,1,0,0,0,36.99,43.09,29591974,1,uvm_report_server
RUN-004755,back_to_back_program_test-004755,1193221284,FAIL,fail,FIFO_OVERFLOW,E_FIFO_0x21,FIFO_OVERFLOW,2500,3,0,0,0,0,5.84,8.11,3502832,1,uvm_report_server
RUN-004756,erase_suspend_test-004756,87009211,PASS,pass,NONE,,,,0,0,0,0,0,82.01,3.17,49207084,0,uvm_report_server
RUN-004757,sequential_write_test-004757,1866385559,FAIL,fail,RETENTION_FAIL,E_RET_0x71,RETENTION_FAIL,2500,4,0,0,1,1,4.88,17.34,2927613,1,uvm_report_server
RUN-004758,sequential_write_test-004758,2134397946,PASS,pass,NONE,,,,0,0,0,0,0,8.16,4.27,4898561,0,uvm_report_server
RUN-004759,random_read_test-004759,242058347,FAIL,fail,ECC_UNCORRECTABLE,E_ECC_0x33,ECC_UNCORRECTABLE,84870,2,0,0,0,1,88.87,1.08,53319838,1,uvm_report_server
RUN-004760,sequential_write_test-004760,111585427,PASS,pass,NONE,,,,0,0,0,0,0,6.25,161.28,6251615,0,uvm_report_server
RUN-004761,sequential_write_test-004761,1298759914,PASS,pass,NONE,,,,0,0,0,0,0,60.43,2.03,36258167,0,uvm_report_server
RUN-004762,random_read_test-004762,1767967494,PASS,pass,NONE,,,,0,0,0,0,0,21.4,6.31,8561854,0,uvm_report_server
RUN-004763,back_to_back_program_test-004763,2000601696,FAIL,fail,FIFO_OVERFLOW,E_FIFO_0x21,FIFO_OVERFLOW,347420,4,0,0,1,0,351.42,1.77,140567166,1,uvm_report_server
RUN-004764,sequential_write_test-004764,321438749,FAIL,fail,ASSERTION_FAIL,E_ASRT_0x60,ASSERTION_FAIL,21100,3,0,0,0,0,25.1,8.43,10039022,1,uvm_report_server
RUN-004765,power_cycle_test-004765,1429793931,PASS,pass,NONE,,,,0,1,0,0,0,4.29,32.07,2571632,0,uvm_report_server
RUN-004766,random_read_test-004766,388032721,FAIL,fail,TIMEOUT,E_TMO_0x40,TIMEOUT,1967190,1,0,1,0,0,1971.19,0.09,2365428289,1,uvm_report_server
RUN-004767,random_read_test-004767,1383437064,PASS,pass,NONE,,,,0,0,0,0,0,994.04,2.0,795234406,0,uvm_report_server
RUN-004768,mixed_rw_test-004768,507079963,PASS,pass,NONE,,,,0,1,0,0,0,6.78,18.18,4069530,0,uvm_report_server
RUN-004769,mixed_rw_test-004769,1713359774,PASS,pass,NONE,,,,0,1,0,0,0,2.17,7.91,1299431,0,uvm_report_server
RUN-004770,sequential_write_test-004770,1710539164,PASS,pass,NONE,,,,0,1,0,0,0,1.6,41.46,1277492,0,uvm_report_server
RUN-004771,back_to_back_program_test-004771,1515717927,PASS,pass,NONE,,,,0,0,0,0,0,186.2,10.89,223440858,0,uvm_report_server
RUN-004772,garbage_collect_test-004772,641619131,PASS,pass,NONE,,,,0,0,0,0,0,187.35,11.44,187350197,0,uvm_report_server
RUN-004773,garbage_collect_test-004773,681823701,PASS,pass,NONE,,,,0,1,0,0,0,1.78,295.5,712340,0,uvm_report_server
RUN-004774,sequential_write_test-004774,1972859642,FAIL,fail,TIMEOUT,E_TMO_0x40,TIMEOUT,1959620,2,0,1,1,0,1963.62,0.02,1963624267,1,uvm_report_server
RUN-004775,sequential_write_test-004775,799173173,PASS,pass,NONE,,,,0,1,0,0,0,79.94,25.73,31976479,0,uvm_report_server
RUN-004776,sequential_write_test-004776,201601514,PASS,pass,NONE,,,,0,1,0,0,0,96.96,0.64,58178792,0,uvm_report_server
RUN-004777,sequential_write_test-004777,1527019696,PASS,pass,NONE,,,,0,1,0,0,0,312.06,1.69,124825611,0,uvm_report_server
RUN-004778,sequential_write_test-004778,1881724641,PASS,pass,NONE,,,,0,0,0,0,0,13.11,160.28,15730548,0,uvm_report_server
RUN-004779,mixed_rw_test-004779,887034095,PASS,pass,NONE,,,,0,1,0,0,0,4.12,16.31,3299631,0,uvm_report_server
RUN-004780,mixed_rw_test-004780,1630288375,PASS,pass,NONE,,,,0,0,0,0,0,83.6,11.9,83595066,0,uvm_report_server
RUN-004781,mixed_rw_test-004781,20667690,PASS,pass,NONE,,,,0,0,0,0,0,24.65,0.63,29577070,0,uvm_report_server
RUN-004782,random_read_test-004782,1598515374,FAIL,fail,TIMEOUT,E_TMO_0x40,TIMEOUT,1989860,4,1,1,1,0,1993.86,0.07,2392635491,1,uvm_report_server
RUN-004783,back_to_back_program_test-004783,165671396,FAIL,fail,TIMEOUT,E_TMO_0x40,TIMEOUT,1957220,4,1,1,1,0,1961.22,0.08,2353466474,1,uvm_report_server
RUN-004784,power_cycle_test-004784,582879371,PASS,pass,NONE,,,,0,0,0,0,0,637.91,3.29,382747320,0,uvm_report_server
RUN-004785,erase_suspend_test-004785,946655204,FAIL,fail,THERMAL_SHUTDOWN,E_THRM_0x80,THERMAL_SHUTDOWN,21660,4,1,0,1,0,25.66,42.11,20529181,1,uvm_report_server
RUN-004786,sequential_write_test-004786,1181281313,PASS,pass,NONE,,,,0,0,0,0,0,99.87,38.72,119847477,0,uvm_report_server
RUN-004787,random_read_test-004787,1267628930,FAIL,fail,DATA_MISMATCH,E_CMP_0x11,DATA_MISMATCH,6220,4,0,0,1,1,10.22,2.21,4086427,1,uvm_report_server
RUN-004788,random_read_test-004788,1725116238,PASS,pass,NONE,,,,0,0,0,0,0,117.42,2.24,140908690,0,uvm_report_server
RUN-004789,back_to_back_program_test-004789,2140739812,PASS,pass,NONE,,,,0,0,0,0,0,32.27,32.07,25818835,0,uvm_report_server
RUN-004790,mixed_rw_test-004790,332730717,PASS,pass,NONE,,,,0,0,0,0,0,8.17,16.04,9808188,0,uvm_report_server
RUN-004791,back_to_back_program_test-004791,2123635174,FAIL,fail,FIFO_OVERFLOW,E_FIFO_0x21,FIFO_OVERFLOW,135690,3,0,0,1,0,139.69,4.47,139690314,1,uvm_report_server
RUN-004792,back_to_back_program_test-004792,1425027569,FAIL,fail,PROTOCOL_VIOLATION,E_PROT_0x52,PROTOCOL_VIOLATION,26950,2,1,1,0,0,30.95,209.25,24757663,1,uvm_report_server
RUN-004793,back_to_back_program_test-004793,1167374713,FAIL,fail,FIFO_OVERFLOW,E_FIFO_0x21,FIFO_OVERFLOW,26620,4,0,0,1,0,30.62,0.75,30618098,1,uvm_report_server
RUN-004794,erase_suspend_test-004794,38384689,PASS,pass,NONE,,,,0,0,0,0,0,1.45,87.77,1158637,0,uvm_report_server
RUN-004795,random_read_test-004795,139422496,PASS,pass,NONE,,,,0,0,0,0,0,49.27,5.21,59123244,0,uvm_report_server
RUN-004796,garbage_collect_test-004796,115562016,PASS,pass,NONE,,,,0,0,0,0,0,20.32,6.42,16253099,0,uvm_report_server
RUN-004797,mixed_rw_test-004797,845025614,PASS,pass,NONE,,,,0,0,0,0,0,12.35,11.21,7411038,0,uvm_report_server
RUN-004798,read_disturb_test-004798,2112455116,FAIL,fail,TIMEOUT,E_TMO_0x40,TIMEOUT,1984440,2,0,1,0,0,1988.44,0.04,1988440703,1,uvm_report_server
RUN-004799,garbage_collect_test-004799,412065216,PASS,pass,NONE,,,,0,0,0,0,0,32.82,0.52,13127384,0,uvm_report_server
RUN-004800,erase_suspend_test-004800,1055356889,PASS,pass,NONE,,,,0,0,0,0,0,73.22,1.68,73220669,0,uvm_report_server
RUN-004801,power_cycle_test-004801,2088077564,PASS,pass,NONE,,,,0,1,0,0,0,592.59,13.16,237035944,0,uvm_report_server
RUN-004802,back_to_back_program_test-004802,2087065496,FAIL,fail,ASSERTION_FAIL,E_ASRT_0x60,ASSERTION_FAIL,18110,2,0,0,0,0,22.11,23.37,13267730,1,uvm_report_server
RUN-004803,random_read_test-004803,606080226,FAIL,fail,TIMEOUT,E_TMO_0x40,TIMEOUT,1980420,4,1,1,1,0,1984.42,0.05,1984424113,1,uvm_report_server
RUN-004804,read_disturb_test-004804,1950298919,PASS,pass,NONE,,,,0,1,0,0,0,20.54,12.99,24645666,0,uvm_report_server
RUN-004805,back_to_back_program_test-004805,1424187425,PASS,pass,NONE,,,,0,0,0,0,0,6.36,80.26,5087409,0,uvm_report_server
RUN-004806,sequential_write_test-004806,2113739191,PASS,pass,NONE,,,,0,0,0,0,0,58.12,8.29,34873514,0,uvm_report_server
RUN-004807,random_read_test-004807,2142631633,PASS,pass,NONE,,,,0,0,0,0,0,1.05,119.04,1258095,0,uvm_report_server
RUN-004808,random_read_test-004808,1447093075,FAIL,fail,ASSERTION_FAIL,E_ASRT_0x60,ASSERTION_FAIL,2500,2,0,0,0,0,1.0,16.17,800000,1,uvm_report_server
RUN-004809,read_disturb_test-004809,1873493376,PASS,pass,NONE,,,,0,0,0,0,0,6.37,41.65,2546688,0,uvm_report_server
RUN-004810,back_to_back_program_test-004810,376714434,FAIL,fail,FIFO_OVERFLOW,E_FIFO_0x21,FIFO_OVERFLOW,25390,1,1,0,0,0,29.39,24.9,17633772,1,uvm_report_server
RUN-004811,back_to_back_program_test-004811,2016216766,PASS,pass,NONE,,,,0,1,0,0,0,15.62,4.29,6247396,0,uvm_report_server
RUN-004812,random_read_test-004812,1421155466,PASS,pass,NONE,,,,0,1,0,0,0,2.33,26.02,1395959,0,uvm_report_server
RUN-004813,back_to_back_program_test-004813,289886284,PASS,pass,NONE,,,,0,1,0,0,0,28.98,16.84,17389386,0,uvm_report_server
RUN-004814,mixed_rw_test-004814,85670582,PASS,pass,NONE,,,,0,0,0,0,0,1.0,32.87,800000,0,uvm_report_server
RUN-004815,garbage_collect_test-004815,1561787137,PASS,pass,NONE,,,,0,0,0,0,0,262.55,17.18,105018186,0,uvm_report_server
RUN-004816,sequential_write_test-004816,899265717,PASS,pass,NONE,,,,0,1,0,0,0,13.45,80.31,16144292,0,uvm_report_server
RUN-004817,garbage_collect_test-004817,2056546074,PASS,pass,NONE,,,,0,1,0,0,0,4.78,6.7,5741328,0,uvm_report_server
RUN-004818,back_to_back_program_test-004818,1544565221,PASS,pass,NONE,,,,0,0,0,0,0,42.13,53.39,25277915,0,uvm_report_server
RUN-004819,mixed_rw_test-004819,1183971243,PASS,pass,NONE,,,,0,0,0,0,0,2.49,13.91,2488671,0,uvm_report_server
RUN-004820,power_cycle_test-004820,1933221574,PASS,pass,NONE,,,,0,1,0,0,0,69.42,8.05,83301005,0,uvm_report_server
RUN-004821,mixed_rw_test-004821,1352910746,PASS,pass,NONE,,,,0,0,0,0,0,9.13,27.09,5478890,0,uvm_report_server
RUN-004822,sequential_write_test-004822,2114308939,PASS,pass,NONE,,,,0,0,0,0,0,1.0,124.4,800000,0,uvm_report_server
RUN-004823,read_disturb_test-004823,1973217708,PASS,pass,NONE,,,,0,0,0,0,0,102.81,21.47,41125924,0,uvm_report_server
RUN-004824,garbage_collect_test-004824,1183732101,FAIL,fail,TIMEOUT,E_TMO_0x40,TIMEOUT,1974640,2,0,1,0,0,1978.64,0.0,1978644446,1,uvm_report_server
RUN-004825,read_disturb_test-004825,1291693537,PASS,pass,NONE,,,,0,0,0,0,0,10.59,12.08,8472525,0,uvm_report_server
RUN-004826,power_cycle_test-004826,1488708975,PASS,pass,NONE,,,,0,0,0,0,0,7.55,36.14,4529737,0,uvm_report_server
RUN-004827,mixed_rw_test-004827,1257665564,FAIL,fail,TIMEOUT,E_TMO_0x40,TIMEOUT,1970310,4,0,1,1,0,1974.31,0.01,1974306065,1,uvm_report_server
RUN-004828,random_read_test-004828,1247198403,PASS,pass,NONE,,,,0,0,0,0,0,4.64,27.78,5571297,0,uvm_report_server
RUN-004829,mixed_rw_test-004829,1237298917,FAIL,fail,THERMAL_SHUTDOWN,E_THRM_0x80,THERMAL_SHUTDOWN,2500,3,1,0,0,0,2.7,9.33,2159133,1,uvm_report_server
RUN-004830,mixed_rw_test-004830,1025359900,PASS,pass,NONE,,,,0,0,0,0,0,249.65,32.0,199718913,0,uvm_report_server
RUN-004831,random_read_test-004831,1138069704,PASS,pass,NONE,,,,0,0,0,0,0,198.53,21.49,119116205,0,uvm_report_server
RUN-004832,sequential_write_test-004832,549339931,PASS,pass,NONE,,,,0,1,0,0,0,270.78,7.59,162468675,0,uvm_report_server
RUN-004833,random_read_test-004833,537219967,FAIL,fail,TIMEOUT,E_TMO_0x40,TIMEOUT,1961430,1,0,1,0,0,1965.43,0.05,1965430392,1,uvm_report_server
RUN-004834,power_cycle_test-004834,1902286139,PASS,pass,NONE,,,,0,1,0,0,0,1.0,129.65,1000000,0,uvm_report_server
RUN-004835,mixed_rw_test-004835,457300110,PASS,pass,NONE,,,,0,0,0,0,0,1.69,72.93,2023098,0,uvm_report_server
RUN-004836,back_to_back_program_test-004836,62089345,FAIL,fail,FIFO_OVERFLOW,E_FIFO_0x21,FIFO_OVERFLOW,276140,2,0,0,1,0,280.14,20.36,280141769,1,uvm_report_server
RUN-004837,mixed_rw_test-004837,76083206,PASS,pass,NONE,,,,0,0,0,0,0,28.47,9.92,17081660,0,uvm_report_server
RUN-004838,power_cycle_test-004838,766038754,PASS,pass,NONE,,,,0,0,0,0,0,5.93,44.47,3557136,0,uvm_report_server
RUN-004839,random_read_test-004839,1063742467,PASS,pass,NONE,,,,0,0,0,0,0,1.17,28.69,1169921,0,uvm_report_server
RUN-004840,mixed_rw_test-004840,806334150,PASS,pass,NONE,,,,0,0,0,0,0,17.74,7.38,10643227,0,uvm_report_server
RUN-004841,mixed_rw_test-004841,378482753,FAIL,fail,DATA_MISMATCH,E_CMP_0x11,DATA_MISMATCH,2500,3,0,0,0,1,2.23,13.78,1338240,1,uvm_report_server
RUN-004842,erase_suspend_test-004842,67581001,PASS,pass,NONE,,,,0,0,0,0,0,1.44,11.67,1150352,0,uvm_report_server
RUN-004843,random_read_test-004843,1803454228,PASS,pass,NONE,,,,0,1,0,0,0,13.98,10.08,8389245,0,uvm_report_server
RUN-004844,back_to_back_program_test-004844,656147423,FAIL,fail,FIFO_OVERFLOW,E_FIFO_0x21,FIFO_OVERFLOW,26830,3,0,0,1,0,30.83,6.79,36998561,1,uvm_report_server
RUN-004845,mixed_rw_test-004845,924149689,PASS,pass,NONE,,,,0,1,0,0,0,3.88,267.94,3107993,0,uvm_report_server
RUN-004846,random_read_test-004846,142983410,PASS,pass,NONE,,,,0,1,0,0,0,6.06,21.54,7270143,0,uvm_report_server
RUN-004847,erase_suspend_test-004847,1264518357,PASS,pass,NONE,,,,0,0,0,0,0,1.04,119.58,1253635,0,uvm_report_server
RUN-004848,read_disturb_test-004848,381778840,PASS,pass,NONE,,,,0,0,0,0,0,96.81,5.72,96809542,0,uvm_report_server
RUN-004849,back_to_back_program_test-004849,1755553135,PASS,pass,NONE,,,,0,0,0,0,0,29.98,34.13,29982814,0,uvm_report_server
RUN-004850,garbage_collect_test-004850,56529770,FAIL,fail,RETENTION_FAIL,E_RET_0x71,RETENTION_FAIL,2500,3,1,0,0,1,1.0,63.71,600000,1,uvm_report_server
RUN-004851,sequential_write_test-004851,1281059007,PASS,pass,NONE,,,,0,0,0,0,0,46.84,5.16,28103761,0,uvm_report_server
RUN-004852,mixed_rw_test-004852,382201458,FAIL,fail,ECC_UNCORRECTABLE,E_ECC_0x33,ECC_UNCORRECTABLE,104300,2,0,0,1,1,108.3,17.08,86643236,1,uvm_report_server
RUN-004853,sequential_write_test-004853,409908167,PASS,pass,NONE,,,,0,0,0,0,0,1.0,269.46,800000,0,uvm_report_server
RUN-004854,mixed_rw_test-004854,2128052790,PASS,pass,NONE,,,,0,0,0,0,0,333.01,11.96,399616844,0,uvm_report_server
RUN-004855,read_disturb_test-004855,1282032225,PASS,pass,NONE,,,,0,0,0,0,0,2.06,117.01,1236224,0,uvm_report_server
RUN-004856,mixed_rw_test-004856,833735289,PASS,pass,NONE,,,,0,0,0,0,0,20.76,1.53,16605034,0,uvm_report_server
RUN-004857,back_to_back_program_test-004857,1083217965,FAIL,fail,FIFO_OVERFLOW,E_FIFO_0x21,FIFO_OVERFLOW,48280,4,0,0,1,0,52.28,12.8,52277297,1,uvm_report_server
RUN-004858,mixed_rw_test-004858,2107275276,FAIL,fail,RETENTION_FAIL,E_RET_0x71,RETENTION_FAIL,438720,3,1,0,1,1,442.72,1.99,177089782,1,uvm_report_server
RUN-004859,sequential_write_test-004859,1806044001,PASS,pass,NONE,,,,0,1,0,0,0,1338.53,0.83,803117707,0,uvm_report_server
RUN-004860,power_cycle_test-004860,1402024429,PASS,pass,NONE,,,,0,0,0,0,0,1.93,34.08,1540180,0,uvm_report_server
RUN-004861,garbage_collect_test-004861,2005595446,PASS,pass,NONE,,,,0,0,0,0,0,2.21,219.75,1323786,0,uvm_report_server
RUN-004862,random_read_test-004862,1434205203,PASS,pass,NONE,,,,0,0,0,0,0,54.78,38.69,43826033,0,uvm_report_server
RUN-004863,mixed_rw_test-004863,666891319,PASS,pass,NONE,,,,0,0,0,0,0,13.07,9.54,10455863,0,uvm_report_server
RUN-004864,random_read_test-004864,599247817,PASS,pass,NONE,,,,0,0,0,0,0,16.78,15.79,6710751,0,uvm_report_server
RUN-004865,garbage_collect_test-004865,695231829,FAIL,fail,THERMAL_SHUTDOWN,E_THRM_0x80,THERMAL_SHUTDOWN,2500,2,1,0,0,0,4.76,49.57,2858302,1,uvm_report_server
RUN-004866,mixed_rw_test-004866,17487455,FAIL,fail,THERMAL_SHUTDOWN,E_THRM_0x80,THERMAL_SHUTDOWN,87750,3,1,0,0,0,91.75,2.06,55051963,1,uvm_report_server
RUN-004867,mixed_rw_test-004867,1885880640,PASS,pass,NONE,,,,0,0,0,0,0,1.0,60.36,1200000,0,uvm_report_server
RUN-004868,back_to_back_program_test-004868,3215322,PASS,pass,NONE,,,,0,1,0,0,0,3.08,22.47,3695184,0,uvm_report_server
RUN-004869,power_cycle_test-004869,1730253694,PASS,pass,NONE,,,,0,0,0,0,0,1.0,30.59,1000000,0,uvm_report_server
RUN-004870,erase_suspend_test-004870,1925529802,FAIL,fail,TIMEOUT,E_TMO_0x40,TIMEOUT,1977230,3,0,1,0,0,1981.23,0.02,1981230611,1,uvm_report_server
RUN-004871,random_read_test-004871,1479365540,PASS,pass,NONE,,,,0,1,0,0,0,11.08,6.08,8860403,0,uvm_report_server
RUN-004872,erase_suspend_test-004872,49914688,PASS,pass,NONE,,,,0,0,0,0,0,5.68,89.12,4545156,0,uvm_report_server
RUN-004873,back_to_back_program_test-004873,1344276205,FAIL,fail,THERMAL_SHUTDOWN,E_THRM_0x80,THERMAL_SHUTDOWN,2500,1,0,0,0,0,1.08,36.62,1301356,1,uvm_report_server
RUN-004874,random_read_test-004874,1758471798,FAIL,fail,PROTOCOL_VIOLATION,E_PROT_0x52,PROTOCOL_VIOLATION,116850,3,0,1,1,0,120.85,50.43,145018853,1,uvm_report_server
RUN-004875,sequential_write_test-004875,1422175815,PASS,pass,NONE,,,,0,1,0,0,0,12.38,10.88,9902417,0,uvm_report_server
RUN-004876,mixed_rw_test-004876,738630786,FAIL,fail,THERMAL_SHUTDOWN,E_THRM_0x80,THERMAL_SHUTDOWN,2500,2,1,0,0,0,1.19,8.35,712830,1,uvm_report_server
RUN-004877,sequential_write_test-004877,27312107,PASS,pass,NONE,,,,0,1,0,0,0,16.61,16.46,19932981,0,uvm_report_server
RUN-004878,power_cycle_test-004878,1753186875,PASS,pass,NONE,,,,0,0,0,0,0,14.85,36.76,11878154,0,uvm_report_server
RUN-004879,read_disturb_test-004879,733098892,FAIL,fail,PROTOCOL_VIOLATION,E_PROT_0x52,PROTOCOL_VIOLATION,25420,2,0,1,0,0,29.42,6.65,11766440,1,uvm_report_server
RUN-004880,sequential_write_test-004880,1062976708,PASS,pass,NONE,,,,0,0,0,0,0,2.22,57.12,1333402,0,uvm_report_server
RUN-004881,erase_suspend_test-004881,2146707936,PASS,pass,NONE,,,,0,1,0,0,0,143.27,0.49,57306549,0,uvm_report_server
RUN-004882,read_disturb_test-004882,1170304840,PASS,pass,NONE,,,,0,0,0,0,0,59.99,132.61,71992510,0,uvm_report_server
RUN-004883,back_to_back_program_test-004883,1357722585,FAIL,fail,FIFO_OVERFLOW,E_FIFO_0x21,FIFO_OVERFLOW,2500,2,0,0,1,0,1.0,9.54,1000000,1,uvm_report_server
RUN-004884,mixed_rw_test-004884,771719297,FAIL,fail,DATA_MISMATCH,E_CMP_0x11,DATA_MISMATCH,3130,1,0,0,0,1,7.13,19.29,5705653,1,uvm_report_server
RUN-004885,back_to_back_program_test-004885,521223381,PASS,pass,NONE,,,,0,1,0,0,0,282.15,1.9,169287980,0,uvm_report_server
RUN-004886,erase_suspend_test-004886,1790330753,PASS,pass,NONE,,,,0,1,0,0,0,79.98,109.39,79982351,0,uvm_report_server
RUN-004887,mixed_rw_test-004887,303372258,PASS,pass,NONE,,,,0,0,0,0,0,4.3,29.72,3438039,0,uvm_report_server
RUN-004888,sequential_write_test-004888,2029229484,PASS,pass,NONE,,,,0,1,0,0,0,26.31,2.4,15785012,0,uvm_report_server
RUN-004889,read_disturb_test-004889,1703758839,PASS,pass,NONE,,,,0,0,0,0,0,4.58,105.23,5501208,0,uvm_report_server
RUN-004890,back_to_back_program_test-004890,855001569,PASS,pass,NONE,,,,0,0,0,0,0,38.93,26.57,38926397,0,uvm_report_server
RUN-004891,erase_suspend_test-004891,532250293,FAIL,fail,ECC_UNCORRECTABLE,E_ECC_0x33,ECC_UNCORRECTABLE,41480,2,0,0,1,1,45.48,3.96,27289134,1,uvm_report_server
RUN-004892,mixed_rw_test-004892,1146119924,PASS,pass,NONE,,,,0,1,0,0,0,14.31,135.82,14308773,0,uvm_report_server
RUN-004893,mixed_rw_test-004893,488668755,PASS,pass,NONE,,,,0,1,0,0,0,236.21,16.38,94484473,0,uvm_report_server
RUN-004894,power_cycle_test-004894,1893422723,PASS,pass,NONE,,,,0,1,0,0,0,73.31,0.88,29325532,0,uvm_report_server
RUN-004895,mixed_rw_test-004895,1548057322,FAIL,fail,DATA_MISMATCH,E_CMP_0x11,DATA_MISMATCH,15510,2,0,0,0,1,19.51,1.04,15609804,1,uvm_report_server
RUN-004896,mixed_rw_test-004896,283006744,PASS,pass,NONE,,,,0,0,0,0,0,29.8,17.91,23841954,0,uvm_report_server
RUN-004897,power_cycle_test-004897,1872173029,FAIL,fail,DATA_MISMATCH,E_CMP_0x11,DATA_MISMATCH,300090,1,0,0,0,1,304.09,48.91,121637713,1,uvm_report_server
RUN-004898,back_to_back_program_test-004898,1216269987,PASS,pass,NONE,,,,0,1,0,0,0,65.58,4.06,78697295,0,uvm_report_server
RUN-004899,mixed_rw_test-004899,1724638365,PASS,pass,NONE,,,,0,1,0,0,0,7.51,1.15,4504214,0,uvm_report_server
RUN-004900,mixed_rw_test-004900,1289264119,PASS,pass,NONE,,,,0,0,0,0,0,1.57,335.98,1567384,0,uvm_report_server
RUN-004901,sequential_write_test-004901,2145015315,PASS,pass,NONE,,,,0,0,0,0,0,2.04,64.93,1222834,0,uvm_report_server
RUN-004902,garbage_collect_test-004902,415240303,PASS,pass,NONE,,,,0,0,0,0,0,337.15,12.76,337148549,0,uvm_report_server
RUN-004903,back_to_back_program_test-004903,811592994,FAIL,fail,FIFO_OVERFLOW,E_FIFO_0x21,FIFO_OVERFLOW,46430,2,1,0,1,0,50.43,34.18,40346163,1,uvm_report_server
RUN-004904,read_disturb_test-004904,296900158,PASS,pass,NONE,,,,0,1,0,0,0,51.24,19.11,40991590,0,uvm_report_server
RUN-004905,read_disturb_test-004905,2042017148,PASS,pass,NONE,,,,0,1,0,0,0,7.74,16.38,4642570,0,uvm_report_server
RUN-004906,erase_suspend_test-004906,1734042122,FAIL,fail,DATA_MISMATCH,E_CMP_0x11,DATA_MISMATCH,44920,3,0,0,1,1,48.92,80.01,39139092,1,uvm_report_server
RUN-004907,back_to_back_program_test-004907,76789889,FAIL,fail,FIFO_OVERFLOW,E_FIFO_0x21,FIFO_OVERFLOW,705070,2,1,0,1,0,709.07,1.77,425439825,1,uvm_report_server
RUN-004908,erase_suspend_test-004908,46798204,PASS,pass,NONE,,,,0,0,0,0,0,29.78,68.33,29776270,0,uvm_report_server
RUN-004909,sequential_write_test-004909,1143378593,PASS,pass,NONE,,,,0,0,0,0,0,41.96,52.73,41961580,0,uvm_report_server
RUN-004910,power_cycle_test-004910,1799967788,FAIL,fail,TIMEOUT,E_TMO_0x40,TIMEOUT,1990750,2,0,1,0,0,1994.75,1.28,2393703819,1,uvm_report_server
RUN-004911,back_to_back_program_test-004911,726688277,PASS,pass,NONE,,,,0,1,0,0,0,1.59,39.38,1593590,0,uvm_report_server
RUN-004912,erase_suspend_test-004912,1308869385,PASS,pass,NONE,,,,0,1,0,0,0,17.17,126.24,10304753,0,uvm_report_server
RUN-004913,sequential_write_test-004913,635688382,PASS,pass,NONE,,,,0,0,0,0,0,73.83,6.65,59063569,0,uvm_report_server
RUN-004914,garbage_collect_test-004914,335552542,PASS,pass,NONE,,,,0,0,0,0,0,4.45,1.96,5340443,0,uvm_report_server
RUN-004915,read_disturb_test-004915,1358693792,FAIL,fail,TIMEOUT,E_TMO_0x40,TIMEOUT,1995430,3,0,1,0,0,1999.43,0.21,1999425542,1,uvm_report_server
RUN-004916,sequential_write_test-004916,549765319,FAIL,fail,DATA_MISMATCH,E_CMP_0x11,DATA_MISMATCH,12490,3,0,0,0,1,16.49,4.86,13192887,1,uvm_report_server
RUN-004917,sequential_write_test-004917,220934600,PASS,pass,NONE,,,,0,0,0,0,0,2.36,6.85,1417340,0,uvm_report_server
RUN-004918,sequential_write_test-004918,396199464,PASS,pass,NONE,,,,0,0,0,0,0,16.81,29.95,13447219,0,uvm_report_server
RUN-004919,sequential_write_test-004919,575784306,PASS,pass,NONE,,,,0,0,0,0,0,11.0,11.86,8800906,0,uvm_report_server
RUN-004920,power_cycle_test-004920,166055374,FAIL,fail,DATA_MISMATCH,E_CMP_0x11,DATA_MISMATCH,2500,1,1,0,0,1,1.0,15.38,800000,1,uvm_report_server
RUN-004921,power_cycle_test-004921,2067846871,PASS,pass,NONE,,,,0,1,0,0,0,25.21,0.65,25211769,0,uvm_report_server
RUN-004922,power_cycle_test-004922,257026883,PASS,pass,NONE,,,,0,0,0,0,0,7.97,15.91,7969054,0,uvm_report_server
RUN-004923,sequential_write_test-004923,1221188346,PASS,pass,NONE,,,,0,1,0,0,0,86.71,44.78,104055110,0,uvm_report_server
RUN-004924,garbage_collect_test-004924,812115555,PASS,pass,NONE,,,,0,1,0,0,0,8.59,31.57,6869898,0,uvm_report_server
RUN-004925,sequential_write_test-004925,436402571,FAIL,fail,PROTOCOL_VIOLATION,E_PROT_0x52,PROTOCOL_VIOLATION,2500,2,0,1,0,0,4.29,34.71,3429728,1,uvm_report_server
RUN-004926,back_to_back_program_test-004926,910207861,PASS,pass,NONE,,,,0,0,0,0,0,27.15,9.26,16290107,0,uvm_report_server
RUN-004927,back_to_back_program_test-004927,1188317389,PASS,pass,NONE,,,,0,0,0,0,0,38.51,224.74,23106589,0,uvm_report_server
RUN-004928,back_to_back_program_test-004928,145538209,PASS,pass,NONE,,,,0,0,0,0,0,18.97,223.71,15173040,0,uvm_report_server
RUN-004929,erase_suspend_test-004929,320448971,PASS,pass,NONE,,,,0,1,0,0,0,16.14,33.78,12912761,0,uvm_report_server
RUN-004930,mixed_rw_test-004930,1545076192,FAIL,fail,PROTOCOL_VIOLATION,E_PROT_0x52,PROTOCOL_VIOLATION,48280,2,0,1,0,0,52.28,543.81,20912301,1,uvm_report_server
RUN-004931,random_read_test-004931,517012086,PASS,pass,NONE,,,,0,0,0,0,0,345.2,5.92,207119088,0,uvm_report_server
RUN-004932,random_read_test-004932,517586933,FAIL,fail,TIMEOUT,E_TMO_0x40,TIMEOUT,1984770,2,0,1,1,0,1988.77,2.74,2386520033,1,uvm_report_server
RUN-004933,mixed_rw_test-004933,891623507,FAIL,fail,ASSERTION_FAIL,E_ASRT_0x60,ASSERTION_FAIL,2500,3,0,0,0,0,4.07,172.92,3258931,1,uvm_report_server
RUN-004934,power_cycle_test-004934,365438333,PASS,pass,NONE,,,,0,1,0,0,0,7.58,34.97,6065092,0,uvm_report_server
RUN-004935,erase_suspend_test-004935,1370499224,PASS,pass,NONE,,,,0,1,0,0,0,5.83,12.02,6994476,0,uvm_report_server
RUN-004936,back_to_back_program_test-004936,1471156185,PASS,pass,NONE,,,,0,1,0,0,0,1.0,264.43,1000000,0,uvm_report_server
RUN-004937,read_disturb_test-004937,89139743,PASS,pass,NONE,,,,0,0,0,0,0,2.78,94.13,1669048,0,uvm_report_server
RUN-004938,back_to_back_program_test-004938,852249893,FAIL,fail,FIFO_OVERFLOW,E_FIFO_0x21,FIFO_OVERFLOW,14860,3,0,0,1,0,18.86,8.76,11315895,1,uvm_report_server
RUN-004939,mixed_rw_test-004939,1635922469,PASS,pass,NONE,,,,0,0,0,0,0,58.87,33.82,58872653,0,uvm_report_server
RUN-004940,random_read_test-004940,312698562,PASS,pass,NONE,,,,0,1,0,0,0,46.61,21.71,55926499,0,uvm_report_server
RUN-004941,random_read_test-004941,2058669979,FAIL,fail,DATA_MISMATCH,E_CMP_0x11,DATA_MISMATCH,2500,2,0,0,0,1,1.34,6.38,805092,1,uvm_report_server
RUN-004942,power_cycle_test-004942,1282825019,PASS,pass,NONE,,,,0,1,0,0,0,12.98,1.17,10381008,0,uvm_report_server
RUN-004943,random_read_test-004943,1911147998,FAIL,fail,DATA_MISMATCH,E_CMP_0x11,DATA_MISMATCH,2500,3,0,0,1,1,3.74,18.1,3743063,1,uvm_report_server
RUN-004944,random_read_test-004944,1682727294,PASS,pass,NONE,,,,0,0,0,0,0,8.04,252.46,4825634,0,uvm_report_server
RUN-004945,garbage_collect_test-004945,1084569810,PASS,pass,NONE,,,,0,0,0,0,0,1.49,174.84,1493675,0,uvm_report_server
RUN-004946,random_read_test-004946,1386642175,PASS,pass,NONE,,,,0,0,0,0,0,17.65,29.1,10591417,0,uvm_report_server
RUN-004947,sequential_write_test-004947,1211764766,PASS,pass,NONE,,,,0,0,0,0,0,11.87,43.89,9498060,0,uvm_report_server
RUN-004948,sequential_write_test-004948,1866593225,PASS,pass,NONE,,,,0,0,0,0,0,1.49,44.31,1488716,0,uvm_report_server
RUN-004949,mixed_rw_test-004949,748751881,FAIL,fail,DATA_MISMATCH,E_CMP_0x11,DATA_MISMATCH,2500,3,0,0,0,1,4.58,32.5,3665881,1,uvm_report_server
RUN-004950,back_to_back_program_test-004950,1317036042,FAIL,fail,THERMAL_SHUTDOWN,E_THRM_0x80,THERMAL_SHUTDOWN,3010,2,1,0,0,0,7.01,11.39,5607893,1,uvm_report_server
RUN-004951,read_disturb_test-004951,130301812,PASS,pass,NONE,,,,0,0,0,0,0,3.43,2.25,2747693,0,uvm_report_server
RUN-004952,back_to_back_program_test-004952,234043395,FAIL,fail,FIFO_OVERFLOW,E_FIFO_0x21,FIFO_OVERFLOW,4390,3,0,0,1,0,8.39,43.12,5035314,1,uvm_report_server
RUN-004953,mixed_rw_test-004953,1525407338,PASS,pass,NONE,,,,0,0,0,0,0,29.3,9.27,23440273,0,uvm_report_server
RUN-004954,mixed_rw_test-004954,2109825905,PASS,pass,NONE,,,,0,1,0,0,0,182.33,48.41,182332086,0,uvm_report_server
RUN-004955,garbage_collect_test-004955,218744437,FAIL,fail,TIMEOUT,E_TMO_0x40,TIMEOUT,1966630,2,0,1,0,0,1970.63,0.03,1970631951,1,uvm_report_server
RUN-004956,read_disturb_test-004956,1297906904,FAIL,fail,ECC_UNCORRECTABLE,E_ECC_0x33,ECC_UNCORRECTABLE,410240,4,1,0,1,1,414.24,0.74,331392228,1,uvm_report_server
RUN-004957,back_to_back_program_test-004957,252783654,FAIL,fail,DATA_MISMATCH,E_CMP_0x11,DATA_MISMATCH,2500,1,0,0,0,1,1.0,13.42,1000000,1,uvm_report_server
RUN-004958,erase_suspend_test-004958,2041434061,PASS,pass,NONE,,,,0,0,0,0,0,16.17,32.46,12933333,0,uvm_report_server
RUN-004959,garbage_collect_test-004959,385421487,PASS,pass,NONE,,,,0,1,0,0,0,8.43,16.64,3372785,0,uvm_report_server
RUN-004960,sequential_write_test-004960,680337963,PASS,pass,NONE,,,,0,1,0,0,0,78.35,3.6,62680361,0,uvm_report_server
RUN-004961,power_cycle_test-004961,30236096,FAIL,fail,THERMAL_SHUTDOWN,E_THRM_0x80,THERMAL_SHUTDOWN,4890,1,1,0,0,0,8.89,4.07,5333332,1,uvm_report_server
RUN-004962,back_to_back_program_test-004962,1665082947,PASS,pass,NONE,,,,0,0,0,0,0,4.0,17.25,3197885,0,uvm_report_server
RUN-004963,sequential_write_test-004963,378298774,PASS,pass,NONE,,,,0,0,0,0,0,12.34,43.24,7406674,0,uvm_report_server
RUN-004964,power_cycle_test-004964,490928645,PASS,pass,NONE,,,,0,1,0,0,0,1.93,17.52,1929904,0,uvm_report_server
RUN-004965,erase_suspend_test-004965,1559823537,FAIL,fail,THERMAL_SHUTDOWN,E_THRM_0x80,THERMAL_SHUTDOWN,9250,1,0,0,0,0,13.25,3.17,7949678,1,uvm_report_server
RUN-004966,read_disturb_test-004966,1700289223,PASS,pass,NONE,,,,0,0,0,0,0,11.06,22.93,11055969,0,uvm_report_server
RUN-004967,random_read_test-004967,2128209113,PASS,pass,NONE,,,,0,0,0,0,0,74.89,6.96,59909061,0,uvm_report_server
RUN-004968,erase_suspend_test-004968,875470818,PASS,pass,NONE,,,,0,0,0,0,0,30.16,9.05,18097714,0,uvm_report_server
RUN-004969,mixed_rw_test-004969,834296145,PASS,pass,NONE,,,,0,1,0,0,0,1.9,32.15,1902630,0,uvm_report_server
RUN-004970,back_to_back_program_test-004970,2056121750,PASS,pass,NONE,,,,0,1,0,0,0,34.69,58.56,20812261,0,uvm_report_server
RUN-004971,mixed_rw_test-004971,1064262894,PASS,pass,NONE,,,,0,0,0,0,0,117.85,4.5,47140669,0,uvm_report_server
RUN-004972,read_disturb_test-004972,884913056,FAIL,fail,THERMAL_SHUTDOWN,E_THRM_0x80,THERMAL_SHUTDOWN,2500,4,1,0,1,0,2.07,2.67,2069694,1,uvm_report_server
RUN-004973,mixed_rw_test-004973,23007461,PASS,pass,NONE,,,,0,0,0,0,0,1.0,249.13,800000,0,uvm_report_server
RUN-004974,read_disturb_test-004974,1018785948,FAIL,fail,DATA_MISMATCH,E_CMP_0x11,DATA_MISMATCH,2500,4,0,0,1,1,2.99,58.24,2986951,1,uvm_report_server
RUN-004975,back_to_back_program_test-004975,2131666188,FAIL,fail,FIFO_OVERFLOW,E_FIFO_0x21,FIFO_OVERFLOW,13820,4,0,0,1,0,17.82,0.99,17821568,1,uvm_report_server
RUN-004976,erase_suspend_test-004976,2135691976,PASS,pass,NONE,,,,0,0,0,0,0,82.21,93.48,49327128,0,uvm_report_server
RUN-004977,back_to_back_program_test-004977,1669618397,PASS,pass,NONE,,,,0,1,0,0,0,31.57,35.52,25255788,0,uvm_report_server
RUN-004978,garbage_collect_test-004978,1287205743,PASS,pass,NONE,,,,0,0,0,0,0,1.1,56.36,876930,0,uvm_report_server
RUN-004979,read_disturb_test-004979,1730888064,PASS,pass,NONE,,,,0,0,0,0,0,7.89,7.93,4736197,0,uvm_report_server
RUN-004980,random_read_test-004980,33410694,PASS,pass,NONE,,,,0,1,0,0,0,2.91,11.82,2907735,0,uvm_report_server
RUN-004981,sequential_write_test-004981,1465872154,FAIL,fail,DATA_MISMATCH,E_CMP_0x11,DATA_MISMATCH,2500,2,0,0,0,1,1.71,86.46,1369614,1,uvm_report_server
RUN-004982,sequential_write_test-004982,818044035,PASS,pass,NONE,,,,0,0,0,0,0,92.89,1.41,74308418,0,uvm_report_server
RUN-004983,back_to_back_program_test-004983,931935395,FAIL,fail,DATA_MISMATCH,E_CMP_0x11,DATA_MISMATCH,46890,3,1,0,0,1,50.89,16.98,40708444,1,uvm_report_server
RUN-004984,sequential_write_test-004984,259323884,PASS,pass,NONE,,,,0,0,0,0,0,91.36,5.31,91359049,0,uvm_report_server
RUN-004985,mixed_rw_test-004985,1409190299,PASS,pass,NONE,,,,0,1,0,0,0,71.7,28.77,71696448,0,uvm_report_server
RUN-004986,garbage_collect_test-004986,530875200,PASS,pass,NONE,,,,0,1,0,0,0,6.23,42.03,6226499,0,uvm_report_server
RUN-004987,sequential_write_test-004987,1358281125,PASS,pass,NONE,,,,0,1,0,0,0,30.39,1.03,24308909,0,uvm_report_server
RUN-004988,back_to_back_program_test-004988,2001882098,FAIL,fail,FIFO_OVERFLOW,E_FIFO_0x21,FIFO_OVERFLOW,408620,1,0,0,0,0,412.62,3.23,330098408,1,uvm_report_server
RUN-004989,erase_suspend_test-004989,98847412,PASS,pass,NONE,,,,0,0,0,0,0,371.82,2.6,297453469,0,uvm_report_server
RUN-004990,random_read_test-004990,172092721,FAIL,fail,DATA_MISMATCH,E_CMP_0x11,DATA_MISMATCH,23910,1,0,0,0,1,27.91,38.98,22329186,1,uvm_report_server
RUN-004991,erase_suspend_test-004991,1813112650,FAIL,fail,DATA_MISMATCH,E_CMP_0x11,DATA_MISMATCH,2500,4,0,0,1,1,1.95,60.19,1167321,1,uvm_report_server
RUN-004992,sequential_write_test-004992,1268203506,PASS,pass,NONE,,,,0,1,0,0,0,24.75,2.79,14847083,0,uvm_report_server
RUN-004993,back_to_back_program_test-004993,1129547611,PASS,pass,NONE,,,,0,0,0,0,0,53.89,40.9,21556246,0,uvm_report_server
RUN-004994,read_disturb_test-004994,1928123404,FAIL,fail,ASSERTION_FAIL,E_ASRT_0x60,ASSERTION_FAIL,2500,3,0,0,0,0,1.23,3.96,986611,1,uvm_report_server
RUN-004995,garbage_collect_test-004995,106755066,PASS,pass,NONE,,,,0,0,0,0,0,139.49,3.52,55795448,0,uvm_report_server
RUN-004996,back_to_back_program_test-004996,1095710386,PASS,pass,NONE,,,,0,1,0,0,0,8.42,29.15,10102738,0,uvm_report_server
RUN-004997,power_cycle_test-004997,2024973285,PASS,pass,NONE,,,,0,0,0,0,0,53.06,83.48,42451559,0,uvm_report_server
RUN-004998,power_cycle_test-004998,577942346,PASS,pass,NONE,,,,0,0,0,0,0,654.54,1.51,785453134,0,uvm_report_server
RUN-004999,back_to_back_program_test-004999,1873605148,PASS,pass,NONE,,,,0,0,0,0,0,18.75,59.78,11252586,0,uvm_report_server
RUN-005000,power_cycle_test-005000,1267863446,PASS,pass,NONE,,,,0,1,0,0,0,12.08,23.08,12078697,0,uvm_report_server
RUN-005001,back_to_back_program_test-005001,1135818638,PASS,pass,NONE,,,,0,1,0,0,0,3.52,17.7,1409838,0,uvm_report_server
RUN-005002,sequential_write_test-005002,1537558039,PASS,pass,NONE,,,,0,0,0,0,0,3.63,33.64,2906375,0,uvm_report_server
RUN-005003,back_to_back_program_test-005003,1670554440,PASS,pass,NONE,,,,0,0,0,0,0,106.47,41.61,85173370,0,uvm_report_server
RUN-005004,erase_suspend_test-005004,1715882181,FAIL,fail,ECC_UNCORRECTABLE,E_ECC_0x33,ECC_UNCORRECTABLE,33770,1,0,0,0,1,37.77,11.6,45322806,1,uvm_report_server
RUN-005005,read_disturb_test-005005,157067152,PASS,pass,NONE,,,,0,0,0,0,0,58.21,75.78,23284227,0,uvm_report_server
RUN-005006,random_read_test-005006,571768645,PASS,pass,NONE,,,,0,1,0,0,0,270.23,128.55,162136652,0,uvm_report_server
RUN-005007,back_to_back_program_test-005007,1857757184,PASS,pass,NONE,,,,0,1,0,0,0,43.27,2.8,34615722,0,uvm_report_server
RUN-005008,mixed_rw_test-005008,804070468,PASS,pass,NONE,,,,0,0,0,0,0,62.53,8.79,37520401,0,uvm_report_server
RUN-005009,random_read_test-005009,1267399035,PASS,pass,NONE,,,,0,0,0,0,0,68.04,1.91,27215344,0,uvm_report_server
RUN-005010,power_cycle_test-005010,1064705032,PASS,pass,NONE,,,,0,0,0,0,0,14.54,70.69,8726911,0,uvm_report_server
RUN-005011,mixed_rw_test-005011,745526038,FAIL,fail,TIMEOUT,E_TMO_0x40,TIMEOUT,1970110,3,1,1,0,0,1974.11,0.04,1974105958,1,uvm_report_server
RUN-005012,garbage_collect_test-005012,207447490,FAIL,fail,DATA_MISMATCH,E_CMP_0x11,DATA_MISMATCH,2500,2,0,0,1,1,4.87,4.51,3895218,1,uvm_report_server
RUN-005013,mixed_rw_test-005013,922166460,FAIL,fail,TIMEOUT,E_TMO_0x40,TIMEOUT,1971220,1,1,1,0,0,1975.22,0.17,2370266903,1,uvm_report_server
RUN-005014,sequential_write_test-005014,1403885091,FAIL,fail,DATA_MISMATCH,E_CMP_0x11,DATA_MISMATCH,2500,2,0,0,1,1,1.0,16.21,800000,1,uvm_report_server
RUN-005015,sequential_write_test-005015,1391149156,PASS,pass,NONE,,,,0,0,0,0,0,237.42,4.65,237424217,0,uvm_report_server
RUN-005016,back_to_back_program_test-005016,114118588,PASS,pass,NONE,,,,0,0,0,0,0,27.28,4.52,10910851,0,uvm_report_server
RUN-005017,random_read_test-005017,335428615,FAIL,fail,ASSERTION_FAIL,E_ASRT_0x60,ASSERTION_FAIL,2990,1,0,0,0,0,6.99,24.3,2795301,1,uvm_report_server
RUN-005018,sequential_write_test-005018,1784495536,PASS,pass,NONE,,,,0,0,0,0,0,28.53,2.35,17120153,0,uvm_report_server
RUN-005019,sequential_write_test-005019,15639867,PASS,pass,NONE,,,,0,0,0,0,0,10.77,22.9,12926594,0,uvm_report_server
RUN-005020,power_cycle_test-005020,609324019,PASS,pass,NONE,,,,0,0,0,0,0,26.96,41.69,21565035,0,uvm_report_server
RUN-005021,mixed_rw_test-005021,979827676,PASS,pass,NONE,,,,0,0,0,0,0,3.37,4.72,1348896,0,uvm_report_server
RUN-005022,sequential_write_test-005022,1228590752,PASS,pass,NONE,,,,0,0,0,0,0,11.69,22.45,4675341,0,uvm_report_server
RUN-005023,sequential_write_test-005023,457887716,PASS,pass,NONE,,,,0,0,0,0,0,14.01,20.03,16807200,0,uvm_report_server
RUN-005024,back_to_back_program_test-005024,1298975509,PASS,pass,NONE,,,,0,0,0,0,0,29.62,17.36,11848291,0,uvm_report_server
RUN-005025,power_cycle_test-005025,1915791964,PASS,pass,NONE,,,,0,0,0,0,0,52.85,40.32,42279347,0,uvm_report_server
RUN-005026,erase_suspend_test-005026,1097160824,PASS,pass,NONE,,,,0,0,0,0,0,104.8,19.15,83840793,0,uvm_report_server
RUN-005027,mixed_rw_test-005027,4127083,PASS,pass,NONE,,,,0,0,0,0,0,39.99,6.08,15996016,0,uvm_report_server
RUN-005028,sequential_write_test-005028,1343919865,PASS,pass,NONE,,,,0,1,0,0,0,6.88,4.41,5506504,0,uvm_report_server
RUN-005029,garbage_collect_test-005029,565323138,PASS,pass,NONE,,,,0,1,0,0,0,2.13,31.12,1702063,0,uvm_report_server
RUN-005030,random_read_test-005030,1185606666,PASS,pass,NONE,,,,0,1,0,0,0,37.24,456.91,44691331,0,uvm_report_server
RUN-005031,sequential_write_test-005031,205611917,FAIL,fail,DATA_MISMATCH,E_CMP_0x11,DATA_MISMATCH,16900,1,0,0,0,1,20.9,78.56,16721615,1,uvm_report_server
RUN-005032,mixed_rw_test-005032,1213008167,PASS,pass,NONE,,,,0,0,0,0,0,59.91,72.21,59906621,0,uvm_report_server
RUN-005033,power_cycle_test-005033,414469226,PASS,pass,NONE,,,,0,0,0,0,0,41.32,106.44,33057998,0,uvm_report_server
RUN-005034,garbage_collect_test-005034,1504581035,PASS,pass,NONE,,,,0,0,0,0,0,11.44,24.28,9148505,0,uvm_report_server
RUN-005035,back_to_back_program_test-005035,2041837474,FAIL,fail,DATA_MISMATCH,E_CMP_0x11,DATA_MISMATCH,2500,4,1,0,1,1,2.65,35.74,1592575,1,uvm_report_server
RUN-005036,back_to_back_program_test-005036,1568214471,FAIL,fail,TIMEOUT,E_TMO_0x40,TIMEOUT,1959790,1,1,1,0,0,1963.79,0.03,1963792571,1,uvm_report_server
RUN-005037,erase_suspend_test-005037,1960652493,PASS,pass,NONE,,,,0,1,0,0,0,17.22,1.78,10333629,0,uvm_report_server
RUN-005038,read_disturb_test-005038,282100697,PASS,pass,NONE,,,,0,0,0,0,0,100.98,10.96,100979394,0,uvm_report_server
RUN-005039,sequential_write_test-005039,438551945,FAIL,fail,DATA_MISMATCH,E_CMP_0x11,DATA_MISMATCH,2500,4,1,0,1,1,1.92,44.53,1535375,1,uvm_report_server
RUN-005040,erase_suspend_test-005040,1124929312,PASS,pass,NONE,,,,0,0,0,0,0,12.4,10.05,14874914,0,uvm_report_server
RUN-005041,erase_suspend_test-005041,1429636233,PASS,pass,NONE,,,,0,0,0,0,0,31.74,4.26,31744156,0,uvm_report_server
RUN-005042,mixed_rw_test-005042,2036697281,PASS,pass,NONE,,,,0,0,0,0,0,1.0,267.9,1000000,0,uvm_report_server
RUN-005043,sequential_write_test-005043,985057430,PASS,pass,NONE,,,,0,0,0,0,0,49.91,10.7,19962533,0,uvm_report_server
RUN-005044,mixed_rw_test-005044,2110316317,PASS,pass,NONE,,,,0,1,0,0,0,11.96,2.57,7173415,0,uvm_report_server
RUN-005045,garbage_collect_test-005045,660986520,PASS,pass,NONE,,,,0,0,0,0,0,9.13,14.02,7303674,0,uvm_report_server
RUN-005046,garbage_collect_test-005046,6584698,FAIL,fail,RETENTION_FAIL,E_RET_0x71,RETENTION_FAIL,521600,1,0,0,0,1,525.6,0.15,210238965,1,uvm_report_server
RUN-005047,random_read_test-005047,1197006192,PASS,pass,NONE,,,,0,0,0,0,0,7.02,76.26,2807171,0,uvm_report_server
RUN-005048,sequential_write_test-005048,917778833,PASS,pass,NONE,,,,0,1,0,0,0,33.4,240.5,20042806,0,uvm_report_server
RUN-005049,random_read_test-005049,1294058143,PASS,pass,NONE,,,,0,0,0,0,0,2.12,15.89,1270345,0,uvm_report_server
RUN-005050,random_read_test-005050,197281077,PASS,pass,NONE,,,,0,1,0,0,0,211.66,1.17,169324592,0,uvm_report_server
RUN-005051,mixed_rw_test-005051,1132263541,PASS,pass,NONE,,,,0,1,0,0,0,195.08,20.01,156064149,0,uvm_report_server
RUN-005052,random_read_test-005052,1456280268,PASS,pass,NONE,,,,0,1,0,0,0,112.34,79.22,112342573,0,uvm_report_server
RUN-005053,sequential_write_test-005053,1432423211,FAIL,fail,ASSERTION_FAIL,E_ASRT_0x60,ASSERTION_FAIL,69070,2,1,0,1,0,73.07,4.92,58458342,1,uvm_report_server
RUN-005054,mixed_rw_test-005054,1149790161,PASS,pass,NONE,,,,0,1,0,0,0,58.47,76.66,23388090,0,uvm_report_server
RUN-005055,sequential_write_test-005055,1121966443,PASS,pass,NONE,,,,0,1,0,0,0,34.44,8.12,20662014,0,uvm_report_server
RUN-005056,random_read_test-005056,1769360587,PASS,pass,NONE,,,,0,0,0,0,0,14.2,4.52,11359294,0,uvm_report_server
RUN-005057,mixed_rw_test-005057,1714998625,PASS,pass,NONE,,,,0,1,0,0,0,21.88,48.88,21879078,0,uvm_report_server
RUN-005058,random_read_test-005058,2229978,PASS,pass,NONE,,,,0,1,0,0,0,118.38,4.27,71028891,0,uvm_report_server
RUN-005059,erase_suspend_test-005059,264840839,PASS,pass,NONE,,,,0,0,0,0,0,83.9,26.77,67120542,0,uvm_report_server
RUN-005060,read_disturb_test-005060,1689299154,FAIL,fail,DATA_MISMATCH,E_CMP_0x11,DATA_MISMATCH,88270,4,1,0,1,1,92.27,65.54,73814094,1,uvm_report_server
RUN-005061,random_read_test-005061,974117079,PASS,pass,NONE,,,,0,0,0,0,0,38.48,14.51,46181647,0,uvm_report_server
RUN-005062,sequential_write_test-005062,297562457,PASS,pass,NONE,,,,0,0,0,0,0,19.05,3.61,11429868,0,uvm_report_server
RUN-005063,garbage_collect_test-005063,1499199707,FAIL,fail,TIMEOUT,E_TMO_0x40,TIMEOUT,1977030,3,0,1,1,0,1981.03,0.16,2377235810,1,uvm_report_server
RUN-005064,erase_suspend_test-005064,78375040,PASS,pass,NONE,,,,0,1,0,0,0,5.86,45.93,4688361,0,uvm_report_server
RUN-005065,read_disturb_test-005065,181463816,PASS,pass,NONE,,,,0,0,0,0,0,3.03,19.91,3028307,0,uvm_report_server
RUN-005066,erase_suspend_test-005066,1850726740,PASS,pass,NONE,,,,0,0,0,0,0,15.7,15.5,12556317,0,uvm_report_server
RUN-005067,read_disturb_test-005067,1116785525,FAIL,fail,RETENTION_FAIL,E_RET_0x71,RETENTION_FAIL,13380,3,0,0,0,1,17.38,1.11,10428558,1,uvm_report_server
RUN-005068,power_cycle_test-005068,509336196,FAIL,fail,PROTOCOL_VIOLATION,E_PROT_0x52,PROTOCOL_VIOLATION,57920,2,0,1,0,0,61.92,704.82,49536842,1,uvm_report_server
RUN-005069,erase_suspend_test-005069,2066333146,PASS,pass,NONE,,,,0,0,0,0,0,13.89,2.36,11115751,0,uvm_report_server
RUN-005070,erase_suspend_test-005070,1233804508,FAIL,fail,THERMAL_SHUTDOWN,E_THRM_0x80,THERMAL_SHUTDOWN,42830,1,1,0,0,0,46.83,1.8,18732036,1,uvm_report_server
RUN-005071,garbage_collect_test-005071,884788440,PASS,pass,NONE,,,,0,0,0,0,0,31.49,61.18,25190259,0,uvm_report_server
RUN-005072,random_read_test-005072,260489985,PASS,pass,NONE,,,,0,0,0,0,0,24.58,2.77,19666773,0,uvm_report_server
RUN-005073,sequential_write_test-005073,504140355,PASS,pass,NONE,,,,0,0,0,0,0,4.39,58.64,2635470,0,uvm_report_server
RUN-005074,read_disturb_test-005074,497759224,PASS,pass,NONE,,,,0,0,0,0,0,2.61,12.69,3131687,0,uvm_report_server
RUN-005075,read_disturb_test-005075,1302386492,PASS,pass,NONE,,,,0,0,0,0,0,53.89,18.22,64667106,0,uvm_report_server
RUN-005076,read_disturb_test-005076,2124687017,PASS,pass,NONE,,,,0,1,0,0,0,13.58,81.83,10861342,0,uvm_report_server
RUN-005077,mixed_rw_test-005077,1180252223,FAIL,fail,DATA_MISMATCH,E_CMP_0x11,DATA_MISMATCH,2500,3,0,0,0,1,3.89,100.56,3115933,1,uvm_report_server
RUN-005078,erase_suspend_test-005078,1538886592,PASS,pass,NONE,,,,0,0,0,0,0,5.56,358.21,3337639,0,uvm_report_server
RUN-005079,power_cycle_test-005079,281127407,FAIL,fail,TIMEOUT,E_TMO_0x40,TIMEOUT,1986340,3,1,1,0,0,1990.34,0.04,1990341469,1,uvm_report_server
RUN-005080,power_cycle_test-005080,512789769,PASS,pass,NONE,,,,0,0,0,0,0,20.65,6.07,20652696,0,uvm_report_server
RUN-005081,random_read_test-005081,366190578,PASS,pass,NONE,,,,0,1,0,0,0,18.86,7.22,18861820,0,uvm_report_server
RUN-005082,back_to_back_program_test-005082,1599778994,PASS,pass,NONE,,,,0,0,0,0,0,1.0,70.11,1000000,0,uvm_report_server
RUN-005083,back_to_back_program_test-005083,352787271,PASS,pass,NONE,,,,0,0,0,0,0,20.48,0.82,12289534,0,uvm_report_server
RUN-005084,random_read_test-005084,672200937,FAIL,fail,TIMEOUT,E_TMO_0x40,TIMEOUT,1971450,4,0,1,1,0,1975.45,0.03,1975446484,1,uvm_report_server
RUN-005085,garbage_collect_test-005085,713843017,PASS,pass,NONE,,,,0,0,0,0,0,22.51,95.3,13503868,0,uvm_report_server
RUN-005086,read_disturb_test-005086,1159006183,PASS,pass,NONE,,,,0,0,0,0,0,2.95,11.6,1179765,0,uvm_report_server
RUN-005087,erase_suspend_test-005087,795443305,FAIL,fail,TIMEOUT,E_TMO_0x40,TIMEOUT,1982730,4,0,1,1,0,1986.73,0.76,2384071097,1,uvm_report_server
RUN-005088,mixed_rw_test-005088,44709488,PASS,pass,NONE,,,,0,1,0,0,0,4.34,15.26,5213972,0,uvm_report_server
RUN-005089,back_to_back_program_test-005089,2059482787,PASS,pass,NONE,,,,0,0,0,0,0,3.89,17.35,2335410,0,uvm_report_server
RUN-005090,back_to_back_program_test-005090,257158564,PASS,pass,NONE,,,,0,0,0,0,0,63.9,3.8,25559233,0,uvm_report_server
RUN-005091,mixed_rw_test-005091,1017134163,PASS,pass,NONE,,,,0,1,0,0,0,12.28,10.51,4912118,0,uvm_report_server
RUN-005092,erase_suspend_test-005092,1582522465,PASS,pass,NONE,,,,0,1,0,0,0,33.82,1.92,27058895,0,uvm_report_server
RUN-005093,mixed_rw_test-005093,1628081997,PASS,pass,NONE,,,,0,0,0,0,0,1.0,31.2,1200000,0,uvm_report_server
RUN-005094,power_cycle_test-005094,844882727,PASS,pass,NONE,,,,0,0,0,0,0,9.4,3.37,5638463,0,uvm_report_server
RUN-005095,sequential_write_test-005095,652940107,PASS,pass,NONE,,,,0,0,0,0,0,153.8,57.61,61518293,0,uvm_report_server
RUN-005096,read_disturb_test-005096,1429141840,FAIL,fail,DATA_MISMATCH,E_CMP_0x11,DATA_MISMATCH,2500,2,0,0,0,1,3.72,2.26,2977551,1,uvm_report_server
RUN-005097,power_cycle_test-005097,1977980029,PASS,pass,NONE,,,,0,1,0,0,0,1153.79,0.92,1153787471,0,uvm_report_server
RUN-005098,erase_suspend_test-005098,1845268944,PASS,pass,NONE,,,,0,0,0,0,0,7.58,33.0,6064339,0,uvm_report_server
RUN-005099,back_to_back_program_test-005099,429490067,FAIL,fail,PROTOCOL_VIOLATION,E_PROT_0x52,PROTOCOL_VIOLATION,236870,3,1,1,1,0,240.87,11.09,240865727,1,uvm_report_server
RUN-005100,sequential_write_test-005100,1385095315,PASS,pass,NONE,,,,0,0,0,0,0,1.0,17.54,1200000,0,uvm_report_server
RUN-005101,erase_suspend_test-005101,271764481,PASS,pass,NONE,,,,0,1,0,0,0,19.5,26.45,19495808,0,uvm_report_server
RUN-005102,back_to_back_program_test-005102,745216052,PASS,pass,NONE,,,,0,1,0,0,0,47.67,5.79,57205488,0,uvm_report_server
RUN-005103,erase_suspend_test-005103,599501679,PASS,pass,NONE,,,,0,0,0,0,0,1.25,395.98,747774,0,uvm_report_server
RUN-005104,sequential_write_test-005104,60354122,PASS,pass,NONE,,,,0,0,0,0,0,54.28,9.95,43427444,0,uvm_report_server
RUN-005105,power_cycle_test-005105,1108464367,FAIL,fail,RETENTION_FAIL,E_RET_0x71,RETENTION_FAIL,59000,2,0,0,1,1,63.0,11.86,75597199,1,uvm_report_server
RUN-005106,sequential_write_test-005106,429595898,PASS,pass,NONE,,,,0,0,0,0,0,8.03,16.22,9636638,0,uvm_report_server
RUN-005107,garbage_collect_test-005107,738125491,PASS,pass,NONE,,,,0,0,0,0,0,17.54,59.19,21053942,0,uvm_report_server
RUN-005108,back_to_back_program_test-005108,1694541089,PASS,pass,NONE,,,,0,0,0,0,0,541.88,15.38,433504073,0,uvm_report_server
RUN-005109,back_to_back_program_test-005109,1619739105,FAIL,fail,FIFO_OVERFLOW,E_FIFO_0x21,FIFO_OVERFLOW,4109,3,0,0,1,0,8.11,17.08,9736849,1,uvm_report_server
RUN-005110,random_read_test-005110,909988174,PASS,pass,NONE,,,,0,1,0,0,0,33.83,4.07,20295550,0,uvm_report_server
RUN-005111,erase_suspend_test-005111,1815048190,FAIL,fail,ECC_UNCORRECTABLE,E_ECC_0x33,ECC_UNCORRECTABLE,544280,1,1,0,0,1,548.28,3.96,548278300,1,uvm_report_server
RUN-005112,erase_suspend_test-005112,425991786,PASS,pass,NONE,,,,0,1,0,0,0,3.98,8.75,3184586,0,uvm_report_server
RUN-005113,random_read_test-005113,1616592312,PASS,pass,NONE,,,,0,0,0,0,0,16.83,3.86,16825312,0,uvm_report_server
RUN-005114,back_to_back_program_test-005114,1413100213,PASS,pass,NONE,,,,0,0,0,0,0,22.13,50.51,26558039,0,uvm_report_server
RUN-005115,back_to_back_program_test-005115,1157712664,PASS,pass,NONE,,,,0,0,0,0,0,15.53,4.4,9320657,0,uvm_report_server
RUN-005116,erase_suspend_test-005116,1538728030,PASS,pass,NONE,,,,0,1,0,0,0,4.05,31.37,1621320,0,uvm_report_server
RUN-005117,garbage_collect_test-005117,795742030,PASS,pass,NONE,,,,0,1,0,0,0,7.67,4.44,4601602,0,uvm_report_server
RUN-005118,erase_suspend_test-005118,1492118362,PASS,pass,NONE,,,,0,1,0,0,0,125.94,0.53,50377033,0,uvm_report_server
RUN-005119,mixed_rw_test-005119,1748312412,PASS,pass,NONE,,,,0,1,0,0,0,74.43,3.74,44655019,0,uvm_report_server
RUN-005120,sequential_write_test-005120,138412648,PASS,pass,NONE,,,,0,0,0,0,0,5.39,25.3,5385415,0,uvm_report_server
RUN-005121,mixed_rw_test-005121,848942804,PASS,pass,NONE,,,,0,0,0,0,0,67.9,8.19,54322640,0,uvm_report_server
RUN-005122,mixed_rw_test-005122,826493996,PASS,pass,NONE,,,,0,0,0,0,0,96.0,5.75,38399299,0,uvm_report_server
RUN-005123,power_cycle_test-005123,1056348074,PASS,pass,NONE,,,,0,1,0,0,0,6.69,146.04,6694590,0,uvm_report_server
RUN-005124,sequential_write_test-005124,2085005417,PASS,pass,NONE,,,,0,1,0,0,0,135.82,15.53,108658607,0,uvm_report_server
RUN-005125,back_to_back_program_test-005125,490400181,FAIL,fail,ECC_UNCORRECTABLE,E_ECC_0x33,ECC_UNCORRECTABLE,150500,3,0,0,0,1,154.5,5.32,61801464,1,uvm_report_server
RUN-005126,read_disturb_test-005126,821044428,FAIL,fail,TIMEOUT,E_TMO_0x40,TIMEOUT,1988340,1,0,1,0,0,1992.34,0.64,1992339127,1,uvm_report_server
RUN-005127,power_cycle_test-005127,1431018735,PASS,pass,NONE,,,,0,0,0,0,0,186.59,5.79,149274021,0,uvm_report_server
RUN-005128,read_disturb_test-005128,1945086894,PASS,pass,NONE,,,,0,1,0,0,0,4.91,6.63,4909840,0,uvm_report_server
RUN-005129,garbage_collect_test-005129,298964725,PASS,pass,NONE,,,,0,1,0,0,0,28.42,18.64,17053236,0,uvm_report_server
RUN-005130,back_to_back_program_test-005130,391647269,PASS,pass,NONE,,,,0,0,0,0,0,5.39,12.53,5391915,0,uvm_report_server
RUN-005131,erase_suspend_test-005131,1860550405,PASS,pass,NONE,,,,0,0,0,0,0,63.21,8.42,37928681,0,uvm_report_server
RUN-005132,random_read_test-005132,1527017474,PASS,pass,NONE,,,,0,1,0,0,0,22.73,94.58,18186001,0,uvm_report_server
RUN-005133,back_to_back_program_test-005133,479616862,FAIL,fail,FIFO_OVERFLOW,E_FIFO_0x21,FIFO_OVERFLOW,9080,3,1,0,0,0,13.08,0.9,5231970,1,uvm_report_server
RUN-005134,random_read_test-005134,1686617267,PASS,pass,NONE,,,,0,0,0,0,0,1.0,131.21,600000,0,uvm_report_server
RUN-005135,erase_suspend_test-005135,2000141611,FAIL,fail,DATA_MISMATCH,E_CMP_0x11,DATA_MISMATCH,9810,1,0,0,0,1,13.81,3.36,8285361,1,uvm_report_server
RUN-005136,power_cycle_test-005136,311855743,PASS,pass,NONE,,,,0,0,0,0,0,41.63,26.25,24978097,0,uvm_report_server
RUN-005137,power_cycle_test-005137,1628323011,PASS,pass,NONE,,,,0,0,0,0,0,1.11,462.3,1112853,0,uvm_report_server
RUN-005138,random_read_test-005138,39360067,PASS,pass,NONE,,,,0,0,0,0,0,2.99,86.73,1796879,0,uvm_report_server
RUN-005139,mixed_rw_test-005139,592164667,PASS,pass,NONE,,,,0,0,0,0,0,2.13,31.22,2126667,0,uvm_report_server
RUN-005140,sequential_write_test-005140,420605402,FAIL,fail,TIMEOUT,E_TMO_0x40,TIMEOUT,1977480,2,0,1,1,0,1981.48,0.41,1981477666,1,uvm_report_server
RUN-005141,read_disturb_test-005141,913684488,PASS,pass,NONE,,,,0,0,0,0,0,24.85,10.28,24847460,0,uvm_report_server
RUN-005142,mixed_rw_test-005142,1336368342,PASS,pass,NONE,,,,0,0,0,0,0,100.4,5.59,100397741,0,uvm_report_server
RUN-005143,random_read_test-005143,1548686680,PASS,pass,NONE,,,,0,0,0,0,0,169.1,5.9,67638148,0,uvm_report_server
RUN-005144,garbage_collect_test-005144,1864174098,PASS,pass,NONE,,,,0,0,0,0,0,48.51,11.46,48510614,0,uvm_report_server
RUN-005145,random_read_test-005145,524203032,PASS,pass,NONE,,,,0,0,0,0,0,9.4,1.87,3759008,0,uvm_report_server
RUN-005146,mixed_rw_test-005146,731121816,PASS,pass,NONE,,,,0,1,0,0,0,25.34,38.98,25337070,0,uvm_report_server
RUN-005147,garbage_collect_test-005147,969301667,PASS,pass,NONE,,,,0,1,0,0,0,50.33,81.3,40264553,0,uvm_report_server
RUN-005148,back_to_back_program_test-005148,1845745663,PASS,pass,NONE,,,,0,0,0,0,0,416.39,19.58,249836330,0,uvm_report_server
RUN-005149,sequential_write_test-005149,1760585441,PASS,pass,NONE,,,,0,1,0,0,0,59.75,17.98,35849250,0,uvm_report_server
RUN-005150,erase_suspend_test-005150,28411740,PASS,pass,NONE,,,,0,0,0,0,0,45.44,24.56,18176377,0,uvm_report_server
RUN-005151,random_read_test-005151,16155523,PASS,pass,NONE,,,,0,1,0,0,0,27.77,4.4,11108308,0,uvm_report_server
RUN-005152,garbage_collect_test-005152,1850085778,PASS,pass,NONE,,,,0,1,0,0,0,12.31,21.25,9844482,0,uvm_report_server
RUN-005153,erase_suspend_test-005153,1292111576,PASS,pass,NONE,,,,0,0,0,0,0,9.39,53.74,9387055,0,uvm_report_server
RUN-005154,garbage_collect_test-005154,219205148,PASS,pass,NONE,,,,0,1,0,0,0,4.37,57.71,2623321,0,uvm_report_server
RUN-005155,back_to_back_program_test-005155,2113957287,PASS,pass,NONE,,,,0,0,0,0,0,64.32,60.31,25729073,0,uvm_report_server
RUN-005156,sequential_write_test-005156,1618068263,PASS,pass,NONE,,,,0,0,0,0,0,4.9,13.13,1959254,0,uvm_report_server
RUN-005157,erase_suspend_test-005157,1395892408,PASS,pass,NONE,,,,0,0,0,0,0,5.79,1.4,5788221,0,uvm_report_server
RUN-005158,power_cycle_test-005158,247242585,PASS,pass,NONE,,,,0,0,0,0,0,123.45,66.74,74070246,0,uvm_report_server
RUN-005159,read_disturb_test-005159,1029599062,PASS,pass,NONE,,,,0,0,0,0,0,1.0,8.31,600000,0,uvm_report_server
RUN-005160,mixed_rw_test-005160,1565571540,FAIL,fail,TIMEOUT,E_TMO_0x40,TIMEOUT,1964530,3,0,1,1,0,1968.53,0.14,1968527431,1,uvm_report_server
RUN-005161,read_disturb_test-005161,996760362,PASS,pass,NONE,,,,0,1,0,0,0,2.96,85.61,1775959,0,uvm_report_server
RUN-005162,mixed_rw_test-005162,1612690060,PASS,pass,NONE,,,,0,0,0,0,0,561.59,31.19,561588233,0,uvm_report_server
RUN-005163,erase_suspend_test-005163,1684629362,PASS,pass,NONE,,,,0,1,0,0,0,2.33,116.29,1865281,0,uvm_report_server
RUN-005164,erase_suspend_test-005164,1679922583,FAIL,fail,ASSERTION_FAIL,E_ASRT_0x60,ASSERTION_FAIL,260460,2,1,0,0,0,264.46,11.28,105783952,1,uvm_report_server
RUN-005165,erase_suspend_test-005165,151258813,PASS,pass,NONE,,,,0,1,0,0,0,10.62,189.6,12747177,0,uvm_report_server
RUN-005166,back_to_back_program_test-005166,1805466854,PASS,pass,NONE,,,,0,1,0,0,0,3.27,10.5,1960661,0,uvm_report_server
RUN-005167,erase_suspend_test-005167,1516893798,PASS,pass,NONE,,,,0,1,0,0,0,4.94,13.88,2961682,0,uvm_report_server
RUN-005168,sequential_write_test-005168,517001274,FAIL,fail,TIMEOUT,E_TMO_0x40,TIMEOUT,1995870,1,0,1,0,0,1999.87,0.14,2399843695,1,uvm_report_server
RUN-005169,back_to_back_program_test-005169,1270214042,PASS,pass,NONE,,,,0,0,0,0,0,201.27,19.96,161019635,0,uvm_report_server
RUN-005170,mixed_rw_test-005170,339442873,FAIL,fail,DATA_MISMATCH,E_CMP_0x11,DATA_MISMATCH,2500,1,0,0,0,1,5.4,6.85,3240431,1,uvm_report_server
RUN-005171,mixed_rw_test-005171,391717254,FAIL,fail,TIMEOUT,E_TMO_0x40,TIMEOUT,1968790,3,0,1,1,0,1972.79,0.09,1972787905,1,uvm_report_server
RUN-005172,sequential_write_test-005172,1092926795,PASS,pass,NONE,,,,0,0,0,0,0,75.4,29.26,60321393,0,uvm_report_server
RUN-005173,erase_suspend_test-005173,1485254070,PASS,pass,NONE,,,,0,0,0,0,0,52.79,42.64,42230655,0,uvm_report_server
RUN-005174,sequential_write_test-005174,2020258742,PASS,pass,NONE,,,,0,0,0,0,0,10.93,11.29,4372740,0,uvm_report_server
RUN-005175,back_to_back_program_test-005175,1696679743,FAIL,fail,FIFO_OVERFLOW,E_FIFO_0x21,FIFO_OVERFLOW,7480,2,0,0,0,0,11.48,1.58,9181255,1,uvm_report_server
RUN-005176,erase_suspend_test-005176,1709195330,PASS,pass,NONE,,,,0,0,0,0,0,148.26,26.29,177906352,0,uvm_report_server
RUN-005177,mixed_rw_test-005177,2039701123,PASS,pass,NONE,,,,0,0,0,0,0,9.81,1.73,5886643,0,uvm_report_server
RUN-005178,random_read_test-005178,1565486477,FAIL,fail,ECC_UNCORRECTABLE,E_ECC_0x33,ECC_UNCORRECTABLE,277000,2,0,0,1,1,281.0,33.85,337195550,1,uvm_report_server
RUN-005179,mixed_rw_test-005179,2104974644,PASS,pass,NONE,,,,0,0,0,0,0,1.33,6.34,798679,0,uvm_report_server
RUN-005180,random_read_test-005180,290152612,PASS,pass,NONE,,,,0,0,0,0,0,12.11,44.74,9684861,0,uvm_report_server
RUN-005181,sequential_write_test-005181,1647363416,PASS,pass,NONE,,,,0,0,0,0,0,21.8,51.07,13082605,0,uvm_report_server
RUN-005182,random_read_test-005182,790773522,PASS,pass,NONE,,,,0,0,0,0,0,1.12,108.19,1121456,0,uvm_report_server
RUN-005183,erase_suspend_test-005183,509869424,FAIL,fail,TIMEOUT,E_TMO_0x40,TIMEOUT,1965250,3,1,1,1,0,1969.25,0.1,1969248807,1,uvm_report_server
RUN-005184,random_read_test-005184,1229770118,PASS,pass,NONE,,,,0,0,0,0,0,7.8,32.7,4682642,0,uvm_report_server
RUN-005185,back_to_back_program_test-005185,87796739,PASS,pass,NONE,,,,0,0,0,0,0,233.94,2.13,233942235,0,uvm_report_server
RUN-005186,back_to_back_program_test-005186,687401422,PASS,pass,NONE,,,,0,1,0,0,0,7.2,134.39,4320526,0,uvm_report_server
RUN-005187,power_cycle_test-005187,5349400,FAIL,fail,TIMEOUT,E_TMO_0x40,TIMEOUT,1967940,1,1,1,0,0,1971.94,0.13,1971937985,1,uvm_report_server
RUN-005188,sequential_write_test-005188,1802772295,PASS,pass,NONE,,,,0,0,0,0,0,4.67,106.63,3739981,0,uvm_report_server
RUN-005189,read_disturb_test-005189,1384364365,PASS,pass,NONE,,,,0,0,0,0,0,3.85,279.77,3083229,0,uvm_report_server
RUN-005190,read_disturb_test-005190,1625925684,PASS,pass,NONE,,,,0,0,0,0,0,10.79,5.71,12946793,0,uvm_report_server
RUN-005191,random_read_test-005191,160916864,FAIL,fail,TIMEOUT,E_TMO_0x40,TIMEOUT,1956710,3,1,1,0,0,1960.71,0.66,1960707841,1,uvm_report_server
RUN-005192,random_read_test-005192,383485852,FAIL,fail,PROTOCOL_VIOLATION,E_PROT_0x52,PROTOCOL_VIOLATION,17090,3,0,1,1,0,21.09,176.98,21088966,1,uvm_report_server
RUN-005193,mixed_rw_test-005193,1068535187,PASS,pass,NONE,,,,0,0,0,0,0,17.22,60.9,6888861,0,uvm_report_server
RUN-005194,garbage_collect_test-005194,742024525,PASS,pass,NONE,,,,0,0,0,0,0,10.89,24.22,6536072,0,uvm_report_server
RUN-005195,power_cycle_test-005195,812341396,PASS,pass,NONE,,,,0,1,0,0,0,11.18,95.69,8943909,0,uvm_report_server
RUN-005196,sequential_write_test-005196,2135225455,PASS,pass,NONE,,,,0,0,0,0,0,1.0,124.92,1200000,0,uvm_report_server
RUN-005197,sequential_write_test-005197,1970100470,PASS,pass,NONE,,,,0,0,0,0,0,75.68,7.02,90813213,0,uvm_report_server
RUN-005198,back_to_back_program_test-005198,438249253,FAIL,fail,FIFO_OVERFLOW,E_FIFO_0x21,FIFO_OVERFLOW,29390,3,0,0,1,0,33.39,8.71,13356166,1,uvm_report_server
RUN-005199,power_cycle_test-005199,619134239,PASS,pass,NONE,,,,0,0,0,0,0,2.75,44.67,2197661,0,uvm_report_server
RUN-005200,erase_suspend_test-005200,1132494308,PASS,pass,NONE,,,,0,0,0,0,0,14.89,4.45,8934378,0,uvm_report_server
RUN-005201,back_to_back_program_test-005201,1189243462,FAIL,fail,TIMEOUT,E_TMO_0x40,TIMEOUT,1970390,3,1,1,0,0,1974.39,0.18,1974393390,1,uvm_report_server
RUN-005202,random_read_test-005202,2114372464,PASS,pass,NONE,,,,0,1,0,0,0,6.43,79.5,5141905,0,uvm_report_server
RUN-005203,back_to_back_program_test-005203,38768836,FAIL,fail,ASSERTION_FAIL,E_ASRT_0x60,ASSERTION_FAIL,34050,2,0,0,0,0,38.05,154.23,30440551,1,uvm_report_server
RUN-005204,sequential_write_test-005204,313715088,PASS,pass,NONE,,,,0,1,0,0,0,37.4,1.73,37403655,0,uvm_report_server
RUN-005205,back_to_back_program_test-005205,413041770,PASS,pass,NONE,,,,0,0,0,0,0,24.97,21.38,14984028,0,uvm_report_server
RUN-005206,back_to_back_program_test-005206,677143229,FAIL,fail,FIFO_OVERFLOW,E_FIFO_0x21,FIFO_OVERFLOW,2500,3,0,0,1,0,3.74,46.3,4486876,1,uvm_report_server
RUN-005207,random_read_test-005207,785000344,FAIL,fail,ASSERTION_FAIL,E_ASRT_0x60,ASSERTION_FAIL,7320,3,0,0,1,0,11.32,55.08,4528195,1,uvm_report_server
RUN-005208,sequential_write_test-005208,1141579165,PASS,pass,NONE,,,,0,1,0,0,0,11.77,92.04,9419477,0,uvm_report_server
RUN-005209,mixed_rw_test-005209,1131252309,PASS,pass,NONE,,,,0,0,0,0,0,1.0,133.89,800000,0,uvm_report_server
RUN-005210,random_read_test-005210,161242118,PASS,pass,NONE,,,,0,1,0,0,0,9.85,12.95,9852931,0,uvm_report_server
RUN-005211,back_to_back_program_test-005211,464623967,PASS,pass,NONE,,,,0,0,0,0,0,100.58,5.28,80461234,0,uvm_report_server
RUN-005212,mixed_rw_test-005212,1830779035,PASS,pass,NONE,,,,0,1,0,0,0,540.23,1.91,216093847,0,uvm_report_server
RUN-005213,mixed_rw_test-005213,1212425090,PASS,pass,NONE,,,,0,0,0,0,0,22.52,177.9,18013012,0,uvm_report_server
RUN-005214,sequential_write_test-005214,698615492,PASS,pass,NONE,,,,0,0,0,0,0,4.91,12.37,2946091,0,uvm_report_server
RUN-005215,power_cycle_test-005215,762888040,PASS,pass,NONE,,,,0,0,0,0,0,73.42,1.91,44054489,0,uvm_report_server
RUN-005216,mixed_rw_test-005216,805522976,PASS,pass,NONE,,,,0,0,0,0,0,5.54,11.4,4435143,0,uvm_report_server
RUN-005217,back_to_back_program_test-005217,865785690,PASS,pass,NONE,,,,0,1,0,0,0,4.8,55.85,3843555,0,uvm_report_server
RUN-005218,back_to_back_program_test-005218,1492988564,FAIL,fail,FIFO_OVERFLOW,E_FIFO_0x21,FIFO_OVERFLOW,4330,2,0,0,1,0,8.33,87.23,8332244,1,uvm_report_server
RUN-005219,sequential_write_test-005219,207337787,PASS,pass,NONE,,,,0,1,0,0,0,193.25,1.43,193253634,0,uvm_report_server
RUN-005220,random_read_test-005220,254060379,PASS,pass,NONE,,,,0,1,0,0,0,1.51,43.12,1204083,0,uvm_report_server
RUN-005221,random_read_test-005221,681832004,PASS,pass,NONE,,,,0,0,0,0,0,36.6,56.32,43925243,0,uvm_report_server
RUN-005222,mixed_rw_test-005222,1685494609,PASS,pass,NONE,,,,0,0,0,0,0,52.1,9.33,52095242,0,uvm_report_server
RUN-005223,back_to_back_program_test-005223,1558645953,FAIL,fail,FIFO_OVERFLOW,E_FIFO_0x21,FIFO_OVERFLOW,156450,2,1,0,1,0,160.45,25.92,128363669,1,uvm_report_server
RUN-005224,mixed_rw_test-005224,356998597,PASS,pass,NONE,,,,0,1,0,0,0,77.16,12.53,61728691,0,uvm_report_server
RUN-005225,garbage_collect_test-005225,783337639,PASS,pass,NONE,,,,0,1,0,0,0,23.95,21.07,19161721,0,uvm_report_server
RUN-005226,back_to_back_program_test-005226,2096659627,PASS,pass,NONE,,,,0,0,0,0,0,15.63,67.39,9378517,0,uvm_report_server
RUN-005227,back_to_back_program_test-005227,855318291,FAIL,fail,THERMAL_SHUTDOWN,E_THRM_0x80,THERMAL_SHUTDOWN,7310,2,0,0,0,0,11.31,15.72,4524225,1,uvm_report_server
RUN-005228,random_read_test-005228,1554791875,PASS,pass,NONE,,,,0,1,0,0,0,94.52,2.92,56714263,0,uvm_report_server
RUN-005229,back_to_back_program_test-005229,1972009706,FAIL,fail,FIFO_OVERFLOW,E_FIFO_0x21,FIFO_OVERFLOW,22900,1,0,0,0,0,26.9,5.7,26895366,1,uvm_report_server
RUN-005230,erase_suspend_test-005230,2057692662,PASS,pass,NONE,,,,0,0,0,0,0,17.12,15.61,20541564,0,uvm_report_server
RUN-005231,random_read_test-005231,840159461,PASS,pass,NONE,,,,0,1,0,0,0,35.27,7.71,21163585,0,uvm_report_server
RUN-005232,back_to_back_program_test-005232,707546610,FAIL,fail,FIFO_OVERFLOW,E_FIFO_0x21,FIFO_OVERFLOW,10900,3,1,0,1,0,14.9,2.57,8939916,1,uvm_report_server
RUN-005233,random_read_test-005233,828780314,PASS,pass,NONE,,,,0,1,0,0,0,46.93,86.07,28157968,0,uvm_report_server
RUN-005234,random_read_test-005234,1811801153,PASS,pass,NONE,,,,0,1,0,0,0,73.05,28.25,58442851,0,uvm_report_server
RUN-005235,sequential_write_test-005235,204548221,PASS,pass,NONE,,,,0,0,0,0,0,19.05,52.86,11427401,0,uvm_report_server
RUN-005236,erase_suspend_test-005236,616873403,PASS,pass,NONE,,,,0,1,0,0,0,8.53,3.56,8527679,0,uvm_report_server
RUN-005237,back_to_back_program_test-005237,1593395033,FAIL,fail,FIFO_OVERFLOW,E_FIFO_0x21,FIFO_OVERFLOW,10940,1,0,0,0,0,14.94,93.19,14941038,1,uvm_report_server
RUN-005238,garbage_collect_test-005238,1183035965,PASS,pass,NONE,,,,0,1,0,0,0,23.44,10.92,18753253,0,uvm_report_server
RUN-005239,power_cycle_test-005239,820433641,PASS,pass,NONE,,,,0,1,0,0,0,84.72,0.39,33886496,0,uvm_report_server
RUN-005240,sequential_write_test-005240,1668713661,PASS,pass,NONE,,,,0,1,0,0,0,3.59,78.09,4303124,0,uvm_report_server
RUN-005241,random_read_test-005241,1290068641,PASS,pass,NONE,,,,0,0,0,0,0,62.26,0.25,37353311,0,uvm_report_server
RUN-005242,read_disturb_test-005242,1100549363,PASS,pass,NONE,,,,0,0,0,0,0,86.14,3.14,86140545,0,uvm_report_server
RUN-005243,random_read_test-005243,2041772872,PASS,pass,NONE,,,,0,0,0,0,0,3.46,9.98,2078435,0,uvm_report_server
RUN-005244,back_to_back_program_test-005244,379931120,FAIL,fail,FIFO_OVERFLOW,E_FIFO_0x21,FIFO_OVERFLOW,60010,4,1,0,1,0,64.01,8.29,25603848,1,uvm_report_server
RUN-005245,back_to_back_program_test-005245,1199264769,PASS,pass,NONE,,,,0,1,0,0,0,2.94,23.21,2944577,0,uvm_report_server
RUN-005246,power_cycle_test-005246,1444916383,PASS,pass,NONE,,,,0,1,0,0,0,3.52,296.91,2113484,0,uvm_report_server
RUN-005247,back_to_back_program_test-005247,1352126004,PASS,pass,NONE,,,,0,1,0,0,0,17.63,63.0,7050170,0,uvm_report_server
RUN-005248,random_read_test-005248,669688973,PASS,pass,NONE,,,,0,0,0,0,0,68.25,7.39,68249378,0,uvm_report_server
RUN-005249,power_cycle_test-005249,1278896183,PASS,pass,NONE,,,,0,1,0,0,0,25.42,10.04,20338510,0,uvm_report_server
RUN-005250,back_to_back_program_test-005250,1594203547,PASS,pass,NONE,,,,0,0,0,0,0,11.78,1.49,7069406,0,uvm_report_server
RUN-005251,read_disturb_test-005251,1738055389,FAIL,fail,ASSERTION_FAIL,E_ASRT_0x60,ASSERTION_FAIL,2500,2,0,0,0,0,1.0,257.26,800000,1,uvm_report_server
RUN-005252,read_disturb_test-005252,1380526659,FAIL,fail,ECC_UNCORRECTABLE,E_ECC_0x33,ECC_UNCORRECTABLE,647730,3,0,0,1,1,651.73,15.82,651734463,1,uvm_report_server
RUN-005253,garbage_collect_test-005253,1810736684,PASS,pass,NONE,,,,0,0,0,0,0,25.48,38.06,20381338,0,uvm_report_server
RUN-005254,random_read_test-005254,834415340,PASS,pass,NONE,,,,0,0,0,0,0,132.32,0.94,52926671,0,uvm_report_server
RUN-005255,back_to_back_program_test-005255,1535323080,PASS,pass,NONE,,,,0,1,0,0,0,626.45,3.37,375872569,0,uvm_report_server
RUN-005256,erase_suspend_test-005256,1173478825,PASS,pass,NONE,,,,0,1,0,0,0,583.87,3.33,583868084,0,uvm_report_server
RUN-005257,garbage_collect_test-005257,1013429908,PASS,pass,NONE,,,,0,0,0,0,0,8.48,31.6,3393336,0,uvm_report_server
RUN-005258,erase_suspend_test-005258,1812176849,FAIL,fail,TIMEOUT,E_TMO_0x40,TIMEOUT,1990480,3,0,1,0,0,1994.48,0.02,2393379072,1,uvm_report_server
RUN-005259,mixed_rw_test-005259,131424236,PASS,pass,NONE,,,,0,0,0,0,0,6.81,2.22,4083349,0,uvm_report_server
RUN-005260,garbage_collect_test-005260,1083754285,PASS,pass,NONE,,,,0,0,0,0,0,100.22,78.03,80175563,0,uvm_report_server
RUN-005261,sequential_write_test-005261,1779547222,PASS,pass,NONE,,,,0,0,0,0,0,5.95,46.2,5954978,0,uvm_report_server
RUN-005262,garbage_collect_test-005262,429977801,PASS,pass,NONE,,,,0,0,0,0,0,18.11,15.56,10865291,0,uvm_report_server
RUN-005263,read_disturb_test-005263,1262577506,FAIL,fail,DATA_MISMATCH,E_CMP_0x11,DATA_MISMATCH,2500,1,0,0,0,1,4.09,43.83,2456182,1,uvm_report_server
RUN-005264,back_to_back_program_test-005264,2014114393,FAIL,fail,FIFO_OVERFLOW,E_FIFO_0x21,FIFO_OVERFLOW,20510,2,0,0,1,0,24.51,1.47,24511800,1,uvm_report_server
RUN-005265,erase_suspend_test-005265,1502491628,FAIL,fail,PROTOCOL_VIOLATION,E_PROT_0x52,PROTOCOL_VIOLATION,74690,3,0,1,1,0,78.69,13.59,31476755,1,uvm_report_server
RUN-005266,mixed_rw_test-005266,1169511051,PASS,pass,NONE,,,,0,1,0,0,0,8.38,132.55,6707590,0,uvm_report_server
RUN-005267,power_cycle_test-005267,1121100935,FAIL,fail,THERMAL_SHUTDOWN,E_THRM_0x80,THERMAL_SHUTDOWN,24500,3,0,0,0,0,28.5,2.45,34204123,1,uvm_report_server
RUN-005268,erase_suspend_test-005268,1707389470,PASS,pass,NONE,,,,0,0,0,0,0,4.71,28.94,1883791,0,uvm_report_server
RUN-005269,sequential_write_test-005269,674139551,PASS,pass,NONE,,,,0,0,0,0,0,1.64,39.41,1973233,0,uvm_report_server
RUN-005270,mixed_rw_test-005270,745396865,PASS,pass,NONE,,,,0,1,0,0,0,9.52,29.14,7615060,0,uvm_report_server
RUN-005271,power_cycle_test-005271,2112115841,PASS,pass,NONE,,,,0,0,0,0,0,12.98,157.44,12984481,0,uvm_report_server
RUN-005272,mixed_rw_test-005272,2063693331,PASS,pass,NONE,,,,0,1,0,0,0,77.25,3.53,46347867,0,uvm_report_server
RUN-005273,sequential_write_test-005273,1021965866,PASS,pass,NONE,,,,0,0,0,0,0,8.48,1.01,3391755,0,uvm_report_server
RUN-005274,sequential_write_test-005274,978692049,FAIL,fail,TIMEOUT,E_TMO_0x40,TIMEOUT,1995650,2,1,1,0,0,1999.65,0.25,1999650366,1,uvm_report_server
RUN-005275,random_read_test-005275,1615604639,PASS,pass,NONE,,,,0,0,0,0,0,35.65,59.83,14261103,0,uvm_report_server
RUN-005276,random_read_test-005276,1247476968,PASS,pass,NONE,,,,0,0,0,0,0,4.57,14.3,2741333,0,uvm_report_server
RUN-005277,sequential_write_test-005277,925488778,FAIL,fail,PROTOCOL_VIOLATION,E_PROT_0x52,PROTOCOL_VIOLATION,2500,3,1,1,1,0,1.0,110.78,1200000,1,uvm_report_server
RUN-005278,garbage_collect_test-005278,315240345,FAIL,fail,TIMEOUT,E_TMO_0x40,TIMEOUT,1986200,2,0,1,0,0,1990.2,0.15,1990200262,1,uvm_report_server
RUN-005279,power_cycle_test-005279,550658613,PASS,pass,NONE,,,,0,1,0,0,0,10.65,22.6,6391736,0,uvm_report_server
RUN-005280,back_to_back_program_test-005280,1074970795,FAIL,fail,PROTOCOL_VIOLATION,E_PROT_0x52,PROTOCOL_VIOLATION,4010,2,0,1,0,0,8.01,80.5,6410938,1,uvm_report_server
RUN-005281,random_read_test-005281,1656224069,PASS,pass,NONE,,,,0,0,0,0,0,38.21,6.8,15285624,0,uvm_report_server
RUN-005282,sequential_write_test-005282,154437782,FAIL,fail,DATA_MISMATCH,E_CMP_0x11,DATA_MISMATCH,2500,1,0,0,0,1,1.0,22.44,1200000,1,uvm_report_server
RUN-005283,mixed_rw_test-005283,358931832,PASS,pass,NONE,,,,0,1,0,0,0,44.07,2.78,44070705,0,uvm_report_server
RUN-005284,mixed_rw_test-005284,959970028,PASS,pass,NONE,,,,0,0,0,0,0,155.23,7.24,62090795,0,uvm_report_server
RUN-005285,back_to_back_program_test-005285,965469793,PASS,pass,NONE,,,,0,1,0,0,0,34.46,15.65,34458276,0,uvm_report_server
RUN-005286,back_to_back_program_test-005286,257163437,FAIL,fail,FIFO_OVERFLOW,E_FIFO_0x21,FIFO_OVERFLOW,118850,2,0,0,0,0,122.85,0.96,73707152,1,uvm_report_server
RUN-005287,back_to_back_program_test-005287,1854994287,FAIL,fail,FIFO_OVERFLOW,E_FIFO_0x21,FIFO_OVERFLOW,11170,3,1,0,1,0,15.17,12.56,9100475,1,uvm_report_server
RUN-005288,sequential_write_test-005288,266765234,PASS,pass,NONE,,,,0,1,0,0,0,17.92,7.03,14333571,0,uvm_report_server
RUN-005289,power_cycle_test-005289,401075206,PASS,pass,NONE,,,,0,0,0,0,0,6.23,10.96,4981072,0,uvm_report_server
RUN-005290,erase_suspend_test-005290,1001526657,PASS,pass,NONE,,,,0,0,0,0,0,15.12,33.47,18147049,0,uvm_report_server
RUN-005291,back_to_back_program_test-005291,1814618715,PASS,pass,NONE,,,,0,0,0,0,0,8.72,222.94,6972409,0,uvm_report_server
RUN-005292,mixed_rw_test-005292,1039414245,PASS,pass,NONE,,,,0,0,0,0,0,1.23,199.69,1226060,0,uvm_report_server
RUN-005293,power_cycle_test-005293,1532275324,PASS,pass,NONE,,,,0,0,0,0,0,51.87,1.17,20746961,0,uvm_report_server
RUN-005294,read_disturb_test-005294,1329796172,FAIL,fail,ECC_UNCORRECTABLE,E_ECC_0x33,ECC_UNCORRECTABLE,47230,1,1,0,0,1,51.23,3.72,20490389,1,uvm_report_server
RUN-005295,erase_suspend_test-005295,1213869061,PASS,pass,NONE,,,,0,0,0,0,0,248.1,35.39,198476736,0,uvm_report_server
RUN-005296,mixed_rw_test-005296,373623212,PASS,pass,NONE,,,,0,0,0,0,0,3.25,155.61,3903645,0,uvm_report_server
RUN-005297,sequential_write_test-005297,1005997294,PASS,pass,NONE,,,,0,0,0,0,0,24.16,80.02,24160441,0,uvm_report_server
RUN-005298,random_read_test-005298,654285856,FAIL,fail,DATA_MISMATCH,E_CMP_0x11,DATA_MISMATCH,2500,2,0,0,0,1,3.37,5.65,3371200,1,uvm_report_server
RUN-005299,back_to_back_program_test-005299,1581594500,PASS,pass,NONE,,,,0,1,0,0,0,135.52,8.03,54206751,0,uvm_report_server
RUN-005300,erase_suspend_test-005300,1945280764,PASS,pass,NONE,,,,0,1,0,0,0,525.65,7.79,525650896,0,uvm_report_server
RUN-005301,random_read_test-005301,1718118878,PASS,pass,NONE,,,,0,0,0,0,0,16.73,8.33,13386545,0,uvm_report_server
RUN-005302,garbage_collect_test-005302,370096011,PASS,pass,NONE,,,,0,1,0,0,0,90.25,5.64,36099365,0,uvm_report_server
RUN-005303,sequential_write_test-005303,10478483,FAIL,fail,TIMEOUT,E_TMO_0x40,TIMEOUT,1975020,2,0,1,0,0,1979.02,0.04,1979018486,1,uvm_report_server
RUN-005304,back_to_back_program_test-005304,1974309500,FAIL,fail,FIFO_OVERFLOW,E_FIFO_0x21,FIFO_OVERFLOW,27400,1,0,0,0,0,31.4,32.52,25118191,1,uvm_report_server
RUN-005305,sequential_write_test-005305,12184208,PASS,pass,NONE,,,,0,0,0,0,0,1.71,140.42,1714902,0,uvm_report_server
RUN-005306,garbage_collect_test-005306,1759042884,PASS,pass,NONE,,,,0,0,0,0,0,87.55,12.61,87548581,0,uvm_report_server
RUN-005307,erase_suspend_test-005307,305196310,FAIL,fail,RETENTION_FAIL,E_RET_0x71,RETENTION_FAIL,11720,2,0,0,0,1,15.72,22.86,9429134,1,uvm_report_server
RUN-005308,random_read_test-005308,1133534832,FAIL,fail,ASSERTION_FAIL,E_ASRT_0x60,ASSERTION_FAIL,2500,2,0,0,0,0,2.98,114.04,1789024,1,uvm_report_server
RUN-005309,random_read_test-005309,765249171,FAIL,fail,TIMEOUT,E_TMO_0x40,TIMEOUT,1962440,2,0,1,1,0,1966.44,0.2,2359730989,1,uvm_report_server
RUN-005310,random_read_test-005310,1504863765,PASS,pass,NONE,,,,0,1,0,0,0,19.68,26.48,7870689,0,uvm_report_server
RUN-005311,back_to_back_program_test-005311,1315356750,FAIL,fail,FIFO_OVERFLOW,E_FIFO_0x21,FIFO_OVERFLOW,9560,1,0,0,0,0,13.56,92.59,16275541,1,uvm_report_server
RUN-005312,erase_suspend_test-005312,2140193469,PASS,pass,NONE,,,,0,0,0,0,0,36.21,30.25,36209231,0,uvm_report_server
RUN-005313,mixed_rw_test-005313,1717100808,PASS,pass,NONE,,,,0,0,0,0,0,8.68,15.99,5209698,0,uvm_report_server
RUN-005314,mixed_rw_test-005314,858428797,PASS,pass,NONE,,,,0,0,0,0,0,23.85,23.38,14310890,0,uvm_report_server
RUN-005315,read_disturb_test-005315,1417667985,PASS,pass,NONE,,,,0,0,0,0,0,16.74,62.68,20087755,0,uvm_report_server
RUN-005316,erase_suspend_test-005316,1587954955,PASS,pass,NONE,,,,0,1,0,0,0,9.78,6.77,9783064,0,uvm_report_server
RUN-005317,back_to_back_program_test-005317,1996099191,FAIL,fail,FIFO_OVERFLOW,E_FIFO_0x21,FIFO_OVERFLOW,59630,2,0,0,0,0,63.63,2.01,63630097,1,uvm_report_server
RUN-005318,back_to_back_program_test-005318,471917688,PASS,pass,NONE,,,,0,1,0,0,0,2.63,48.71,3161159,0,uvm_report_server
RUN-005319,back_to_back_program_test-005319,850481076,FAIL,fail,FIFO_OVERFLOW,E_FIFO_0x21,FIFO_OVERFLOW,23610,4,0,0,1,0,27.61,54.95,27614780,1,uvm_report_server
RUN-005320,mixed_rw_test-005320,197176930,PASS,pass,NONE,,,,0,0,0,0,0,22.72,24.29,22716882,0,uvm_report_server
RUN-005321,mixed_rw_test-005321,180297973,PASS,pass,NONE,,,,0,0,0,0,0,129.41,7.65,103529774,0,uvm_report_server
RUN-005322,random_read_test-005322,538122149,PASS,pass,NONE,,,,0,0,0,0,0,10.94,6.34,4377402,0,uvm_report_server
RUN-005323,mixed_rw_test-005323,1099767527,PASS,pass,NONE,,,,0,1,0,0,0,323.67,12.71,388402689,0,uvm_report_server
RUN-005324,random_read_test-005324,16139154,PASS,pass,NONE,,,,0,0,0,0,0,3.32,2.55,2658430,0,uvm_report_server
RUN-005325,garbage_collect_test-005325,697916070,PASS,pass,NONE,,,,0,0,0,0,0,11.78,92.81,9427550,0,uvm_report_server
RUN-005326,back_to_back_program_test-005326,999333799,FAIL,fail,FIFO_OVERFLOW,E_FIFO_0x21,FIFO_OVERFLOW,171060,3,0,0,0,0,175.06,0.23,70024366,1,uvm_report_server
RUN-005327,back_to_back_program_test-005327,257245649,FAIL,fail,FIFO_OVERFLOW,E_FIFO_0x21,FIFO_OVERFLOW,28340,2,1,0,1,0,32.34,0.8,32343818,1,uvm_report_server
RUN-005328,sequential_write_test-005328,2121080032,PASS,pass,NONE,,,,0,1,0,0,0,42.75,3.0,17100994,0,uvm_report_server
RUN-005329,back_to_back_program_test-005329,178554841,FAIL,fail,FIFO_OVERFLOW,E_FIFO_0x21,FIFO_OVERFLOW,62060,1,0,0,0,0,66.06,2.57,39637959,1,uvm_report_server
RUN-005330,sequential_write_test-005330,319416151,PASS,pass,NONE,,,,0,1,0,0,0,8.41,61.73,6729021,0,uvm_report_server
RUN-005331,garbage_collect_test-005331,1736798965,PASS,pass,NONE,,,,0,0,0,0,0,46.28,11.13,18511583,0,uvm_report_server
RUN-005332,random_read_test-005332,447007867,PASS,pass,NONE,,,,0,0,0,0,0,11.12,23.52,8898155,0,uvm_report_server
RUN-005333,back_to_back_program_test-005333,457640513,FAIL,fail,FIFO_OVERFLOW,E_FIFO_0x21,FIFO_OVERFLOW,2500,4,0,0,1,0,3.37,47.2,3374986,1,uvm_report_server
RUN-005334,sequential_write_test-005334,1662970636,PASS,pass,NONE,,,,0,0,0,0,0,16.29,4.07,6517269,0,uvm_report_server
RUN-005335,back_to_back_program_test-005335,303147827,FAIL,fail,PROTOCOL_VIOLATION,E_PROT_0x52,PROTOCOL_VIOLATION,22190,2,0,1,0,0,26.19,45.62,26192047,1,uvm_report_server
RUN-005336,back_to_back_program_test-005336,601236124,PASS,pass,NONE,,,,0,0,0,0,0,22.61,97.67,22609095,0,uvm_report_server
RUN-005337,sequential_write_test-005337,1543246988,PASS,pass,NONE,,,,0,0,0,0,0,22.94,165.18,13766258,0,uvm_report_server
RUN-005338,erase_suspend_test-005338,1349623496,PASS,pass,NONE,,,,0,1,0,0,0,1275.49,3.28,765292668,0,uvm_report_server
RUN-005339,mixed_rw_test-005339,973135960,PASS,pass,NONE,,,,0,1,0,0,0,19.55,112.66,19552069,0,uvm_report_server
RUN-005340,mixed_rw_test-005340,592464574,PASS,pass,NONE,,,,0,0,0,0,0,10.59,48.08,8470972,0,uvm_report_server
RUN-005341,random_read_test-005341,1946110538,PASS,pass,NONE,,,,0,0,0,0,0,20.28,25.83,16226927,0,uvm_report_server
RUN-005342,read_disturb_test-005342,414796824,PASS,pass,NONE,,,,0,0,0,0,0,2.31,1.76,1388534,0,uvm_report_server
RUN-005343,sequential_write_test-005343,1879885265,PASS,pass,NONE,,,,0,0,0,0,0,12.13,163.49,14558655,0,uvm_report_server
RUN-005344,garbage_collect_test-005344,1162831070,PASS,pass,NONE,,,,0,0,0,0,0,17.99,7.51,14390356,0,uvm_report_server
RUN-005345,random_read_test-005345,1450171692,PASS,pass,NONE,,,,0,1,0,0,0,13.57,149.34,10859943,0,uvm_report_server
RUN-005346,random_read_test-005346,1225686447,PASS,pass,NONE,,,,0,0,0,0,0,14.56,35.33,11651765,0,uvm_report_server
RUN-005347,power_cycle_test-005347,1073243704,PASS,pass,NONE,,,,0,1,0,0,0,318.93,0.88,255146235,0,uvm_report_server
RUN-005348,erase_suspend_test-005348,843053050,PASS,pass,NONE,,,,0,1,0,0,0,5.91,10.51,4730140,0,uvm_report_server
RUN-005349,power_cycle_test-005349,1567017223,PASS,pass,NONE,,,,0,1,0,0,0,34.29,15.62,34294642,0,uvm_report_server
RUN-005350,back_to_back_program_test-005350,830096586,PASS,pass,NONE,,,,0,0,0,0,0,6.86,76.57,5490576,0,uvm_report_server
RUN-005351,power_cycle_test-005351,268560720,PASS,pass,NONE,,,,0,1,0,0,0,46.36,10.82,46359597,0,uvm_report_server
RUN-005352,back_to_back_program_test-005352,722256571,PASS,pass,NONE,,,,0,1,0,0,0,25.55,5.5,20442418,0,uvm_report_server
RUN-005353,read_disturb_test-005353,1019800561,PASS,pass,NONE,,,,0,1,0,0,0,10.9,25.42,10904534,0,uvm_report_server
RUN-005354,random_read_test-005354,272485129,PASS,pass,NONE,,,,0,0,0,0,0,616.12,1.64,492895687,0,uvm_report_server
RUN-005355,erase_suspend_test-005355,2072796879,PASS,pass,NONE,,,,0,1,0,0,0,72.15,13.73,72147104,0,uvm_report_server
RUN-005356,garbage_collect_test-005356,609590124,PASS,pass,NONE,,,,0,0,0,0,0,30.07,2.15,24058951,0,uvm_report_server
RUN-005357,erase_suspend_test-005357,1122400571,PASS,pass,NONE,,,,0,1,0,0,0,1.11,217.46,885081,0,uvm_report_server
RUN-005358,garbage_collect_test-005358,656249237,FAIL,fail,DATA_MISMATCH,E_CMP_0x11,DATA_MISMATCH,2500,3,0,0,1,1,1.0,248.4,600000,1,uvm_report_server
RUN-005359,sequential_write_test-005359,2090448883,FAIL,fail,TIMEOUT,E_TMO_0x40,TIMEOUT,1981200,4,1,1,1,0,1985.2,0.08,2382244989,1,uvm_report_server
RUN-005360,random_read_test-005360,172860647,PASS,pass,NONE,,,,0,1,0,0,0,513.24,4.21,205296579,0,uvm_report_server
RUN-005361,back_to_back_program_test-005361,1579974383,FAIL,fail,FIFO_OVERFLOW,E_FIFO_0x21,FIFO_OVERFLOW,141280,1,0,0,0,0,145.28,4.22,145283406,1,uvm_report_server
RUN-005362,random_read_test-005362,1600666407,PASS,pass,NONE,,,,0,0,0,0,0,22.68,21.63,13606687,0,uvm_report_server
RUN-005363,mixed_rw_test-005363,823062281,PASS,pass,NONE,,,,0,0,0,0,0,30.87,7.99,30867094,0,uvm_report_server
RUN-005364,back_to_back_program_test-005364,988707256,PASS,pass,NONE,,,,0,1,0,0,0,23.57,44.66,23568118,0,uvm_report_server
RUN-005365,random_read_test-005365,1990025404,PASS,pass,NONE,,,,0,1,0,0,0,10.94,12.58,8752006,0,uvm_report_server
RUN-005366,erase_suspend_test-005366,1609969161,PASS,pass,NONE,,,,0,0,0,0,0,1.04,115.6,621959,0,uvm_report_server
RUN-005367,back_to_back_program_test-005367,1830463951,PASS,pass,NONE,,,,0,1,0,0,0,3.18,78.32,3177749,0,uvm_report_server
RUN-005368,garbage_collect_test-005368,543359561,PASS,pass,NONE,,,,0,0,0,0,0,125.9,7.69,50358295,0,uvm_report_server
RUN-005369,sequential_write_test-005369,210824059,PASS,pass,NONE,,,,0,1,0,0,0,8.17,34.35,9808747,0,uvm_report_server
RUN-005370,back_to_back_program_test-005370,164674420,PASS,pass,NONE,,,,0,1,0,0,0,71.74,7.74,71735245,0,uvm_report_server
RUN-005371,mixed_rw_test-005371,1592134475,PASS,pass,NONE,,,,0,1,0,0,0,4.91,12.4,3926540,0,uvm_report_server
RUN-005372,random_read_test-005372,287104175,PASS,pass,NONE,,,,0,0,0,0,0,29.82,18.49,29820439,0,uvm_report_server
RUN-005373,mixed_rw_test-005373,66596649,PASS,pass,NONE,,,,0,1,0,0,0,8.07,60.86,4841052,0,uvm_report_server
RUN-005374,sequential_write_test-005374,71299081,PASS,pass,NONE,,,,0,1,0,0,0,4.83,12.72,3865470,0,uvm_report_server
RUN-005375,garbage_collect_test-005375,1768214987,PASS,pass,NONE,,,,0,1,0,0,0,891.15,20.19,356461634,0,uvm_report_server
RUN-005376,random_read_test-005376,1705562733,PASS,pass,NONE,,,,0,0,0,0,0,1.77,149.0,1415117,0,uvm_report_server
RUN-005377,sequential_write_test-005377,1098461076,PASS,pass,NONE,,,,0,0,0,0,0,301.13,58.26,120452370,0,uvm_report_server
RUN-005378,sequential_write_test-005378,1007129406,PASS,pass,NONE,,,,0,0,0,0,0,176.93,5.54,176926354,0,uvm_report_server
RUN-005379,sequential_write_test-005379,473168327,PASS,pass,NONE,,,,0,0,0,0,0,5.96,5.15,5962048,0,uvm_report_server
RUN-005380,mixed_rw_test-005380,576144583,PASS,pass,NONE,,,,0,0,0,0,0,165.43,6.73,99256017,0,uvm_report_server
RUN-005381,back_to_back_program_test-005381,2117473166,FAIL,fail,FIFO_OVERFLOW,E_FIFO_0x21,FIFO_OVERFLOW,30260,2,1,0,1,0,34.26,0.33,27411980,1,uvm_report_server
RUN-005382,power_cycle_test-005382,1744529377,PASS,pass,NONE,,,,0,0,0,0,0,27.58,36.32,11031632,0,uvm_report_server
RUN-005383,read_disturb_test-005383,1706738542,FAIL,fail,ECC_UNCORRECTABLE,E_ECC_0x33,ECC_UNCORRECTABLE,124440,1,0,0,0,1,128.44,8.94,154129681,1,uvm_report_server
RUN-005384,random_read_test-005384,506705731,PASS,pass,NONE,,,,0,1,0,0,0,82.56,5.98,33023202,0,uvm_report_server
RUN-005385,random_read_test-005385,461657070,PASS,pass,NONE,,,,0,0,0,0,0,20.64,94.6,20638458,0,uvm_report_server
RUN-005386,read_disturb_test-005386,902583661,PASS,pass,NONE,,,,0,0,0,0,0,17.4,16.13,20879454,0,uvm_report_server
RUN-005387,back_to_back_program_test-005387,419309037,PASS,pass,NONE,,,,0,0,0,0,0,144.46,14.44,57785188,0,uvm_report_server
RUN-005388,read_disturb_test-005388,1294318644,FAIL,fail,DATA_MISMATCH,E_CMP_0x11,DATA_MISMATCH,44610,3,1,0,0,1,48.61,2.99,19443282,1,uvm_report_server
RUN-005389,back_to_back_program_test-005389,1578986099,PASS,pass,NONE,,,,0,0,0,0,0,1.05,16.37,1257133,0,uvm_report_server
RUN-005390,sequential_write_test-005390,703994421,PASS,pass,NONE,,,,0,1,0,0,0,14.49,73.9,11589564,0,uvm_report_server
RUN-005391,back_to_back_program_test-005391,2000790472,PASS,pass,NONE,,,,0,0,0,0,0,38.1,428.9,38103377,0,uvm_report_server
RUN-005392,back_to_back_program_test-005392,523139887,PASS,pass,NONE,,,,0,0,0,0,0,37.66,57.33,37658197,0,uvm_report_server
RUN-005393,back_to_back_program_test-005393,742891080,FAIL,fail,FIFO_OVERFLOW,E_FIFO_0x21,FIFO_OVERFLOW,23690,2,0,0,0,0,27.69,3.74,22149044,1,uvm_report_server
RUN-005394,mixed_rw_test-005394,1537377571,PASS,pass,NONE,,,,0,0,0,0,0,32.21,15.96,12884767,0,uvm_report_server
RUN-005395,erase_suspend_test-005395,309069184,PASS,pass,NONE,,,,0,1,0,0,0,40.06,55.72,16024638,0,uvm_report_server
RUN-005396,back_to_back_program_test-005396,1502791893,FAIL,fail,ECC_UNCORRECTABLE,E_ECC_0x33,ECC_UNCORRECTABLE,52820,2,0,0,1,1,56.82,25.98,56824123,1,uvm_report_server
RUN-005397,random_read_test-005397,1375372325,PASS,pass,NONE,,,,0,0,0,0,0,21.34,26.19,17070351,0,uvm_report_server
RUN-005398,mixed_rw_test-005398,1268937492,PASS,pass,NONE,,,,0,0,0,0,0,11.52,11.92,11516263,0,uvm_report_server
RUN-005399,random_read_test-005399,2056229660,PASS,pass,NONE,,,,0,1,0,0,0,4.53,13.88,4525938,0,uvm_report_server
RUN-005400,power_cycle_test-005400,1171905169,PASS,pass,NONE,,,,0,0,0,0,0,14.46,18.64,14457063,0,uvm_report_server
RUN-005401,back_to_back_program_test-005401,1661471253,PASS,pass,NONE,,,,0,0,0,0,0,478.34,8.7,287001183,0,uvm_report_server
RUN-005402,sequential_write_test-005402,1721342930,FAIL,fail,RETENTION_FAIL,E_RET_0x71,RETENTION_FAIL,72600,2,0,0,0,1,76.6,0.86,45958209,1,uvm_report_server
RUN-005403,sequential_write_test-005403,2002632103,PASS,pass,NONE,,,,0,1,0,0,0,1.0,66.51,1000000,0,uvm_report_server
RUN-005404,erase_suspend_test-005404,103422492,PASS,pass,NONE,,,,0,1,0,0,0,27.27,144.14,21813370,0,uvm_report_server
RUN-005405,random_read_test-005405,927798376,PASS,pass,NONE,,,,0,0,0,0,0,16.29,15.94,19547144,0,uvm_report_server
RUN-005406,garbage_collect_test-005406,1621478182,PASS,pass,NONE,,,,0,0,0,0,0,22.01,23.94,13205117,0,uvm_report_server
RUN-005407,sequential_write_test-005407,335158050,PASS,pass,NONE,,,,0,0,0,0,0,47.08,2.58,18831365,0,uvm_report_server
RUN-005408,mixed_rw_test-005408,1078282325,PASS,pass,NONE,,,,0,0,0,0,0,138.5,15.51,55401786,0,uvm_report_server
RUN-005409,garbage_collect_test-005409,337537261,PASS,pass,NONE,,,,0,1,0,0,0,3.69,73.31,2212762,0,uvm_report_server
RUN-005410,back_to_back_program_test-005410,2085941767,FAIL,fail,FIFO_OVERFLOW,E_FIFO_0x21,FIFO_OVERFLOW,72240,1,0,0,0,0,76.24,1.74,30497671,1,uvm_report_server
RUN-005411,sequential_write_test-005411,1600987325,PASS,pass,NONE,,,,0,0,0,0,0,45.41,43.26,18162915,0,uvm_report_server
RUN-005412,back_to_back_program_test-005412,1419699082,PASS,pass,NONE,,,,0,0,0,0,0,1.92,8.9,1923773,0,uvm_report_server
RUN-005413,sequential_write_test-005413,1271725369,PASS,pass,NONE,,,,0,0,0,0,0,31.96,1.07,19173867,0,uvm_report_server
RUN-005414,back_to_back_program_test-005414,1409416576,FAIL,fail,FIFO_OVERFLOW,E_FIFO_0x21,FIFO_OVERFLOW,75660,2,0,0,0,0,79.66,46.7,95595536,1,uvm_report_server
RUN-005415,power_cycle_test-005415,1952099458,FAIL,fail,ECC_UNCORRECTABLE,E_ECC_0x33,ECC_UNCORRECTABLE,115870,1,0,0,0,1,119.87,1.18,143849071,1,uvm_report_server
RUN-005416,read_disturb_test-005416,100194653,FAIL,fail,TIMEOUT,E_TMO_0x40,TIMEOUT,1979070,4,0,1,1,0,1983.07,0.01,2379680020,1,uvm_report_server
RUN-005417,erase_suspend_test-005417,1457194023,FAIL,fail,THERMAL_SHUTDOWN,E_THRM_0x80,THERMAL_SHUTDOWN,102330,2,0,0,0,0,106.33,16.82,63800685,1,uvm_report_server
RUN-005418,erase_suspend_test-005418,637606678,PASS,pass,NONE,,,,0,1,0,0,0,1.0,61.18,800000,0,uvm_report_server
RUN-005419,mixed_rw_test-005419,205917591,PASS,pass,NONE,,,,0,1,0,0,0,63.33,61.19,63330236,0,uvm_report_server
RUN-005420,read_disturb_test-005420,111167079,PASS,pass,NONE,,,,0,0,0,0,0,7.81,68.64,6250842,0,uvm_report_server
RUN-005421,mixed_rw_test-005421,160238861,PASS,pass,NONE,,,,0,0,0,0,0,9.05,55.75,10863690,0,uvm_report_server
RUN-005422,sequential_write_test-005422,1752009920,FAIL,fail,RETENTION_FAIL,E_RET_0x71,RETENTION_FAIL,265140,2,0,0,0,1,269.14,0.31,161486327,1,uvm_report_server
RUN-005423,mixed_rw_test-005423,858677214,PASS,pass,NONE,,,,0,0,0,0,0,32.34,2.03,19401663,0,uvm_report_server
RUN-005424,back_to_back_program_test-005424,1388887590,FAIL,fail,FIFO_OVERFLOW,E_FIFO_0x21,FIFO_OVERFLOW,99450,2,0,0,0,0,103.45,5.83,103449027,1,uvm_report_server
RUN-005425,sequential_write_test-005425,1190898295,FAIL,fail,THERMAL_SHUTDOWN,E_THRM_0x80,THERMAL_SHUTDOWN,59460,2,0,0,0,0,63.46,5.75,50769170,1,uvm_report_server
RUN-005426,back_to_back_program_test-005426,1225729933,FAIL,fail,FIFO_OVERFLOW,E_FIFO_0x21,FIFO_OVERFLOW,12610,3,1,0,0,0,16.61,178.88,19935575,1,uvm_report_server
RUN-005427,read_disturb_test-005427,319154925,PASS,pass,NONE,,,,0,0,0,0,0,52.76,4.77,31658618,0,uvm_report_server
RUN-005428,power_cycle_test-005428,345135904,FAIL,fail,ASSERTION_FAIL,E_ASRT_0x60,ASSERTION_FAIL,2500,3,0,0,0,0,4.06,93.07,3248452,1,uvm_report_server
RUN-005429,erase_suspend_test-005429,190941243,PASS,pass,NONE,,,,0,0,0,0,0,2.5,398.94,2001539,0,uvm_report_server
RUN-005430,back_to_back_program_test-005430,387223219,FAIL,fail,FIFO_OVERFLOW,E_FIFO_0x21,FIFO_OVERFLOW,149880,3,1,0,1,0,153.88,1.01,92326229,1,uvm_report_server
RUN-005431,read_disturb_test-005431,1360171744,PASS,pass,NONE,,,,0,0,0,0,0,128.94,66.59,77366674,0,uvm_report_server
RUN-005432,back_to_back_program_test-005432,1695832580,FAIL,fail,FIFO_OVERFLOW,E_FIFO_0x21,FIFO_OVERFLOW,2500,4,1,0,1,0,4.69,27.77,3755142,1,uvm_report_server
RUN-005433,power_cycle_test-005433,903603556,FAIL,fail,DATA_MISMATCH,E_CMP_0x11,DATA_MISMATCH,2500,3,0,0,1,1,2.39,145.24,2870588,1,uvm_report_server
RUN-005434,random_read_test-005434,998464132,PASS,pass,NONE,,,,0,0,0,0,0,17.97,1.83,17966742,0,uvm_report_server
RUN-005435,sequential_write_test-005435,1279817054,PASS,pass,NONE,,,,0,0,0,0,0,105.81,9.54,42324282,0,uvm_report_server
RUN-005436,mixed_rw_test-005436,24734530,PASS,pass,NONE,,,,0,0,0,0,0,8.41,29.1,6729015,0,uvm_report_server
RUN-005437,read_disturb_test-005437,1167283767,PASS,pass,NONE,,,,0,1,0,0,0,8.33,32.47,3330901,0,uvm_report_server
RUN-005438,power_cycle_test-005438,2096647863,PASS,pass,NONE,,,,0,1,0,0,0,1.78,18.35,1778966,0,uvm_report_server
RUN-005439,back_to_back_program_test-005439,1902407820,PASS,pass,NONE,,,,0,0,0,0,0,3.86,135.06,3085095,0,uvm_report_server
RUN-005440,back_to_back_program_test-005440,2045000287,FAIL,fail,FIFO_OVERFLOW,E_FIFO_0x21,FIFO_OVERFLOW,3230,1,0,0,0,0,7.23,35.73,5787525,1,uvm_report_server
RUN-005441,erase_suspend_test-005441,2103357401,PASS,pass,NONE,,,,0,0,0,0,0,2.38,53.07,1428280,0,uvm_report_server
RUN-005442,back_to_back_program_test-005442,1010034750,PASS,pass,NONE,,,,0,1,0,0,0,1.0,136.11,800000,0,uvm_report_server
RUN-005443,back_to_back_program_test-005443,663534767,PASS,pass,NONE,,,,0,1,0,0,0,747.92,2.69,299168435,0,uvm_report_server
RUN-005444,mixed_rw_test-005444,38091924,PASS,pass,NONE,,,,0,0,0,0,0,1.04,467.16,1250600,0,uvm_report_server
RUN-005445,mixed_rw_test-005445,1946822657,FAIL,fail,ECC_UNCORRECTABLE,E_ECC_0x33,ECC_UNCORRECTABLE,803980,4,0,0,1,1,807.98,2.97,646386575,1,uvm_report_server
RUN-005446,erase_suspend_test-005446,47642972,PASS,pass,NONE,,,,0,0,0,0,0,8.93,7.01,3571960,0,uvm_report_server
RUN-005447,random_read_test-005447,1894408893,PASS,pass,NONE,,,,0,0,0,0,0,13.0,80.71,10403946,0,uvm_report_server
RUN-005448,random_read_test-005448,742705598,PASS,pass,NONE,,,,0,0,0,0,0,16.39,31.14,9833773,0,uvm_report_server
RUN-005449,power_cycle_test-005449,1089613859,PASS,pass,NONE,,,,0,1,0,0,0,34.54,16.25,34540141,0,uvm_report_server
RUN-005450,power_cycle_test-005450,1641272881,PASS,pass,NONE,,,,0,0,0,0,0,43.22,181.08,25933778,0,uvm_report_server
RUN-005451,erase_suspend_test-005451,716593676,FAIL,fail,ECC_UNCORRECTABLE,E_ECC_0x33,ECC_UNCORRECTABLE,120060,3,0,0,0,1,124.06,3.85,148866174,1,uvm_report_server
RUN-005452,read_disturb_test-005452,1599395006,PASS,pass,NONE,,,,0,0,0,0,0,123.96,8.55,99164009,0,uvm_report_server
RUN-005453,sequential_write_test-005453,801244290,FAIL,fail,TIMEOUT,E_TMO_0x40,TIMEOUT,1984570,2,0,1,1,0,1988.57,0.01,1988572876,1,uvm_report_server
RUN-005454,random_read_test-005454,210616472,PASS,pass,NONE,,,,0,1,0,0,0,17.45,15.14,13956776,0,uvm_report_server
RUN-005455,back_to_back_program_test-005455,367241352,PASS,pass,NONE,,,,0,0,0,0,0,296.44,15.13,296437006,0,uvm_report_server
RUN-005456,back_to_back_program_test-005456,644227855,PASS,pass,NONE,,,,0,0,0,0,0,7.04,75.85,8449356,0,uvm_report_server
RUN-005457,sequential_write_test-005457,1040950389,PASS,pass,NONE,,,,0,0,0,0,0,17.42,3.66,17421178,0,uvm_report_server
RUN-005458,erase_suspend_test-005458,1083947044,PASS,pass,NONE,,,,0,1,0,0,0,5.19,364.49,4154451,0,uvm_report_server
RUN-005459,power_cycle_test-005459,835958044,PASS,pass,NONE,,,,0,0,0,0,0,15.34,62.61,9205932,0,uvm_report_server
RUN-005460,erase_suspend_test-005460,502559349,FAIL,fail,DATA_MISMATCH,E_CMP_0x11,DATA_MISMATCH,2500,4,0,0,1,1,5.28,17.84,4224222,1,uvm_report_server
RUN-005461,erase_suspend_test-005461,1060904435,FAIL,fail,DATA_MISMATCH,E_CMP_0x11,DATA_MISMATCH,55060,2,1,0,0,1,59.06,19.02,47246209,1,uvm_report_server
RUN-005462,power_cycle_test-005462,1567565144,PASS,pass,NONE,,,,0,0,0,0,0,13.37,9.79,10696185,0,uvm_report_server
RUN-005463,back_to_back_program_test-005463,676074877,PASS,pass,NONE,,,,0,0,0,0,0,2.92,5.23,1168138,0,uvm_report_server
RUN-005464,sequential_write_test-005464,26214125,PASS,pass,NONE,,,,0,0,0,0,0,22.23,5.44,13335371,0,uvm_report_server
RUN-005465,mixed_rw_test-005465,1130378765,PASS,pass,NONE,,,,0,1,0,0,0,374.22,5.28,299372959,0,uvm_report_server
RUN-005466,back_to_back_program_test-005466,779598483,FAIL,fail,FIFO_OVERFLOW,E_FIFO_0x21,FIFO_OVERFLOW,3820,2,1,0,0,0,7.82,4.49,4694159,1,uvm_report_server
RUN-005467,back_to_back_program_test-005467,986079087,FAIL,fail,FIFO_OVERFLOW,E_FIFO_0x21,FIFO_OVERFLOW,77770,3,1,0,0,0,81.77,3.99,98122143,1,uvm_report_server
RUN-005468,random_read_test-005468,1887941044,FAIL,fail,DATA_MISMATCH,E_CMP_0x11,DATA_MISMATCH,2500,2,0,0,1,1,1.0,57.76,1000000,1,uvm_report_server
RUN-005469,mixed_rw_test-005469,892919067,PASS,pass,NONE,,,,0,0,0,0,0,60.94,8.15,48750294,0,uvm_report_server
RUN-005470,back_to_back_program_test-005470,1431447866,FAIL,fail,FIFO_OVERFLOW,E_FIFO_0x21,FIFO_OVERFLOW,6320,2,0,0,1,0,10.32,0.37,8256949,1,uvm_report_server
RUN-005471,erase_suspend_test-005471,1910679379,PASS,pass,NONE,,,,0,0,0,0,0,2.44,28.79,2927777,0,uvm_report_server
RUN-005472,erase_suspend_test-005472,1645426422,FAIL,fail,DATA_MISMATCH,E_CMP_0x11,DATA_MISMATCH,6870,3,0,0,1,1,10.87,14.33,8696849,1,uvm_report_server
RUN-005473,read_disturb_test-005473,920591698,PASS,pass,NONE,,,,0,1,0,0,0,4.93,55.23,4932563,0,uvm_report_server
RUN-005474,erase_suspend_test-005474,1310218997,PASS,pass,NONE,,,,0,0,0,0,0,11.12,48.82,8896440,0,uvm_report_server
RUN-005475,garbage_collect_test-005475,1815053193,FAIL,fail,DATA_MISMATCH,E_CMP_0x11,DATA_MISMATCH,26230,4,0,0,1,1,30.23,51.86,12091365,1,uvm_report_server
RUN-005476,erase_suspend_test-005476,145521826,FAIL,fail,DATA_MISMATCH,E_CMP_0x11,DATA_MISMATCH,11710,4,1,0,1,1,15.71,2.65,15714849,1,uvm_report_server
RUN-005477,power_cycle_test-005477,1752197814,PASS,pass,NONE,,,,0,1,0,0,0,20.86,12.84,16689213,0,uvm_report_server
RUN-005478,random_read_test-005478,158467989,FAIL,fail,DATA_MISMATCH,E_CMP_0x11,DATA_MISMATCH,45560,4,0,0,1,1,49.56,26.87,39646685,1,uvm_report_server
RUN-005479,garbage_collect_test-005479,624190684,FAIL,fail,TIMEOUT,E_TMO_0x40,TIMEOUT,1966560,4,0,1,1,0,1970.56,0.01,1970559651,1,uvm_report_server
RUN-005480,erase_suspend_test-005480,1788792320,PASS,pass,NONE,,,,0,0,0,0,0,4.24,59.08,5091840,0,uvm_report_server
RUN-005481,back_to_back_program_test-005481,878614222,PASS,pass,NONE,,,,0,1,0,0,0,280.32,29.22,280322498,0,uvm_report_server
RUN-005482,power_cycle_test-005482,966260080,PASS,pass,NONE,,,,0,1,0,0,0,85.3,101.61,68238782,0,uvm_report_server
RUN-005483,garbage_collect_test-005483,981629800,PASS,pass,NONE,,,,0,0,0,0,0,61.18,0.56,24471175,0,uvm_report_server
RUN-005484,mixed_rw_test-005484,223256853,FAIL,fail,ASSERTION_FAIL,E_ASRT_0x60,ASSERTION_FAIL,8540,3,1,0,1,0,12.54,12.94,10035615,1,uvm_report_server
RUN-005485,garbage_collect_test-005485,794249249,FAIL,fail,DATA_MISMATCH,E_CMP_0x11,DATA_MISMATCH,43540,2,0,0,0,1,47.54,14.62,47544313,1,uvm_report_server
RUN-005486,erase_suspend_test-005486,576041727,FAIL,fail,ASSERTION_FAIL,E_ASRT_0x60,ASSERTION_FAIL,5880,4,0,0,1,0,9.88,1.37,3953099,1,uvm_report_server
RUN-005487,power_cycle_test-005487,1936079301,PASS,pass,NONE,,,,0,0,0,0,0,3.52,4.7,2816494,0,uvm_report_server
RUN-005488,garbage_collect_test-005488,1736926852,PASS,pass,NONE,,,,0,1,0,0,0,67.8,28.47,40682596,0,uvm_report_server
RUN-005489,back_to_back_program_test-005489,1024839177,PASS,pass,NONE,,,,0,0,0,0,0,3.02,86.11,1813264,0,uvm_report_server
RUN-005490,sequential_write_test-005490,461805273,PASS,pass,NONE,,,,0,1,0,0,0,10.2,5.92,10203933,0,uvm_report_server
RUN-005491,erase_suspend_test-005491,1863687948,PASS,pass,NONE,,,,0,0,0,0,0,7.98,515.15,9574571,0,uvm_report_server
RUN-005492,garbage_collect_test-005492,1463406579,PASS,pass,NONE,,,,0,1,0,0,0,12.35,39.38,12354554,0,uvm_report_server
RUN-005493,mixed_rw_test-005493,1991740360,PASS,pass,NONE,,,,0,1,0,0,0,34.79,14.34,13914031,0,uvm_report_server
RUN-005494,read_disturb_test-005494,691165436,PASS,pass,NONE,,,,0,0,0,0,0,1.0,15.2,600000,0,uvm_report_server
RUN-005495,sequential_write_test-005495,378574243,FAIL,fail,TIMEOUT,E_TMO_0x40,TIMEOUT,1990470,2,1,1,1,0,1994.47,0.39,2393358896,1,uvm_report_server
RUN-005496,random_read_test-005496,1703323964,PASS,pass,NONE,,,,0,0,0,0,0,917.71,2.46,550625936,0,uvm_report_server
RUN-005497,garbage_collect_test-005497,1355864276,PASS,pass,NONE,,,,0,1,0,0,0,6.68,20.15,5342530,0,uvm_report_server
RUN-005498,mixed_rw_test-005498,617460323,PASS,pass,NONE,,,,0,1,0,0,0,20.62,3.38,16498801,0,uvm_report_server
RUN-005499,mixed_rw_test-005499,1021206200,FAIL,fail,DATA_MISMATCH,E_CMP_0x11,DATA_MISMATCH,2500,2,0,0,1,1,2.68,81.38,1609504,1,uvm_report_server
RUN-005500,mixed_rw_test-005500,1593165547,FAIL,fail,DATA_MISMATCH,E_CMP_0x11,DATA_MISMATCH,113120,2,1,0,1,1,117.12,48.98,70274366,1,uvm_report_server
RUN-005501,mixed_rw_test-005501,1019417016,PASS,pass,NONE,,,,0,1,0,0,0,138.23,14.17,165875510,0,uvm_report_server
RUN-005502,sequential_write_test-005502,108853374,FAIL,fail,ECC_UNCORRECTABLE,E_ECC_0x33,ECC_UNCORRECTABLE,39150,1,1,0,0,1,43.15,13.8,51783978,1,uvm_report_server
RUN-005503,garbage_collect_test-005503,650400878,PASS,pass,NONE,,,,0,0,0,0,0,20.21,0.78,12128602,0,uvm_report_server
RUN-005504,erase_suspend_test-005504,22354758,PASS,pass,NONE,,,,0,0,0,0,0,19.28,50.52,7711535,0,uvm_report_server
RUN-005505,power_cycle_test-005505,1156308202,FAIL,fail,DATA_MISMATCH,E_CMP_0x11,DATA_MISMATCH,44130,3,0,0,0,1,48.13,24.21,38500137,1,uvm_report_server
RUN-005506,random_read_test-005506,2006370281,PASS,pass,NONE,,,,0,0,0,0,0,1.75,275.95,1050642,0,uvm_report_server
RUN-005507,garbage_collect_test-005507,1172419159,FAIL,fail,THERMAL_SHUTDOWN,E_THRM_0x80,THERMAL_SHUTDOWN,2500,3,0,0,1,0,2.55,3.13,2040103,1,uvm_report_server
RUN-005508,read_disturb_test-005508,281971895,PASS,pass,NONE,,,,0,0,0,0,0,7.83,33.33,6261932,0,uvm_report_server
RUN-005509,garbage_collect_test-005509,1718586377,PASS,pass,NONE,,,,0,0,0,0,0,115.79,33.23,115794620,0,uvm_report_server
RUN-005510,sequential_write_test-005510,1266303036,FAIL,fail,ASSERTION_FAIL,E_ASRT_0x60,ASSERTION_FAIL,2500,3,0,0,0,0,3.05,2.56,2440147,1,uvm_report_server
RUN-005511,back_to_back_program_test-005511,1283709339,FAIL,fail,FIFO_OVERFLOW,E_FIFO_0x21,FIFO_OVERFLOW,134020,3,0,0,1,0,138.02,13.7,165621372,1,uvm_report_server
RUN-005512,random_read_test-005512,1663270218,PASS,pass,NONE,,,,0,1,0,0,0,11.97,20.59,9572612,0,uvm_report_server
RUN-005513,sequential_write_test-005513,1469412809,FAIL,fail,TIMEOUT,E_TMO_0x40,TIMEOUT,1972040,2,1,1,0,0,1976.04,0.01,2371253545,1,uvm_report_server
RUN-005514,read_disturb_test-005514,1485672287,FAIL,fail,ECC_UNCORRECTABLE,E_ECC_0x33,ECC_UNCORRECTABLE,254140,3,0,0,1,1,258.14,2.95,206510442,1,uvm_report_server
RUN-005515,sequential_write_test-005515,70638425,PASS,pass,NONE,,,,0,0,0,0,0,136.27,7.86,81759922,0,uvm_report_server
RUN-005516,back_to_back_program_test-005516,515825371,FAIL,fail,FIFO_OVERFLOW,E_FIFO_0x21,FIFO_OVERFLOW,7160,3,0,0,0,0,11.16,10.99,6698165,1,uvm_report_server
RUN-005517,erase_suspend_test-005517,172385182,PASS,pass,NONE,,,,0,0,0,0,0,17.17,31.15,13738815,0,uvm_report_server
RUN-005518,erase_suspend_test-005518,1761036589,FAIL,fail,DATA_MISMATCH,E_CMP_0x11,DATA_MISMATCH,3730,2,0,0,1,1,7.73,86.62,4639825,1,uvm_report_server
RUN-005519,back_to_back_program_test-005519,1464889778,PASS,pass,NONE,,,,0,0,0,0,0,7.46,4.73,4474178,0,uvm_report_server
RUN-005520,back_to_back_program_test-005520,1253982257,PASS,pass,NONE,,,,0,0,0,0,0,16.26,4.13,9758140,0,uvm_report_server
RUN-005521,erase_suspend_test-005521,723600094,PASS,pass,NONE,,,,0,0,0,0,0,67.18,238.22,67179169,0,uvm_report_server
RUN-005522,random_read_test-005522,48431962,PASS,pass,NONE,,,,0,0,0,0,0,4.22,7.35,2529261,0,uvm_report_server
RUN-005523,garbage_collect_test-005523,2097720825,PASS,pass,NONE,,,,0,1,0,0,0,134.21,127.59,161047416,0,uvm_report_server
RUN-005524,sequential_write_test-005524,762368222,PASS,pass,NONE,,,,0,1,0,0,0,10.07,53.51,6043189,0,uvm_report_server
RUN-005525,random_read_test-005525,441155716,PASS,pass,NONE,,,,0,0,0,0,0,30.81,4.07,12324262,0,uvm_report_server
RUN-005526,erase_suspend_test-005526,763522312,PASS,pass,NONE,,,,0,1,0,0,0,5.66,45.4,2262421,0,uvm_report_server
RUN-005527,mixed_rw_test-005527,866450968,PASS,pass,NONE,,,,0,1,0,0,0,15.17,17.97,18202254,0,uvm_report_server
RUN-005528,back_to_back_program_test-005528,2137635849,FAIL,fail,ASSERTION_FAIL,E_ASRT_0x60,ASSERTION_FAIL,2550,3,0,0,0,0,6.55,30.16,6554151,1,uvm_report_server
RUN-005529,random_read_test-005529,339757299,FAIL,fail,ASSERTION_FAIL,E_ASRT_0x60,ASSERTION_FAIL,10190,1,1,0,0,0,14.19,136.19,8514424,1,uvm_report_server
RUN-005530,erase_suspend_test-005530,229164303,PASS,pass,NONE,,,,0,0,0,0,0,5.48,46.87,6579231,0,uvm_report_server
RUN-005531,back_to_back_program_test-005531,1269091070,FAIL,fail,ECC_UNCORRECTABLE,E_ECC_0x33,ECC_UNCORRECTABLE,96700,3,0,0,0,1,100.7,0.2,40279786,1,uvm_report_server
RUN-005532,erase_suspend_test-005532,644018588,PASS,pass,NONE,,,,0,0,0,0,0,4.74,54.73,4742686,0,uvm_report_server
RUN-005533,back_to_back_program_test-005533,872319887,PASS,pass,NONE,,,,0,0,0,0,0,15.18,1.07,12147764,0,uvm_report_server
RUN-005534,mixed_rw_test-005534,1854204892,PASS,pass,NONE,,,,0,0,0,0,0,1.44,42.66,866327,0,uvm_report_server
RUN-005535,back_to_back_program_test-005535,1494672300,PASS,pass,NONE,,,,0,0,0,0,0,278.74,14.97,111494124,0,uvm_report_server
RUN-005536,power_cycle_test-005536,1960104325,FAIL,fail,ASSERTION_FAIL,E_ASRT_0x60,ASSERTION_FAIL,2500,2,0,0,1,0,5.27,234.33,3162975,1,uvm_report_server
RUN-005537,sequential_write_test-005537,258757755,PASS,pass,NONE,,,,0,1,0,0,0,1.45,12.03,870544,0,uvm_report_server
RUN-005538,sequential_write_test-005538,1486186541,PASS,pass,NONE,,,,0,0,0,0,0,31.09,16.77,18651770,0,uvm_report_server
RUN-005539,mixed_rw_test-005539,1282290287,PASS,pass,NONE,,,,0,0,0,0,0,74.34,29.96,44601982,0,uvm_report_server
RUN-005540,mixed_rw_test-005540,1851252595,PASS,pass,NONE,,,,0,0,0,0,0,44.68,12.53,26806694,0,uvm_report_server
RUN-005541,garbage_collect_test-005541,839837711,PASS,pass,NONE,,,,0,0,0,0,0,53.84,80.43,21534921,0,uvm_report_server
RUN-005542,random_read_test-005542,61433593,PASS,pass,NONE,,,,0,0,0,0,0,271.36,15.98,217091871,0,uvm_report_server
RUN-005543,random_read_test-005543,1964765961,PASS,pass,NONE,,,,0,0,0,0,0,199.05,10.72,199048394,0,uvm_report_server
RUN-005544,garbage_collect_test-005544,1067012398,FAIL,fail,RETENTION_FAIL,E_RET_0x71,RETENTION_FAIL,11810,2,1,0,1,1,15.81,5.32,9483319,1,uvm_report_server
RUN-005545,read_disturb_test-005545,1001509534,PASS,pass,NONE,,,,0,1,0,0,0,41.37,6.58,24821059,0,uvm_report_server
RUN-005546,mixed_rw_test-005546,1894026980,PASS,pass,NONE,,,,0,1,0,0,0,2.42,6.28,1453748,0,uvm_report_server
RUN-005547,erase_suspend_test-005547,1809703335,FAIL,fail,TIMEOUT,E_TMO_0x40,TIMEOUT,1972430,2,1,1,1,0,1976.43,0.35,1976432863,1,uvm_report_server
RUN-005548,mixed_rw_test-005548,1239546168,PASS,pass,NONE,,,,0,0,0,0,0,293.12,1.93,175873638,0,uvm_report_server
RUN-005549,mixed_rw_test-005549,489540085,PASS,pass,NONE,,,,0,0,0,0,0,17.33,7.73,17331884,0,uvm_report_server
RUN-005550,random_read_test-005550,1850602222,FAIL,fail,TIMEOUT,E_TMO_0x40,TIMEOUT,1991470,1,0,1,0,0,1995.47,3.04,1995474624,1,uvm_report_server
RUN-005551,sequential_write_test-005551,1794341345,PASS,pass,NONE,,,,0,0,0,0,0,1.98,31.83,1190436,0,uvm_report_server
RUN-005552,garbage_collect_test-005552,1353269015,FAIL,fail,DATA_MISMATCH,E_CMP_0x11,DATA_MISMATCH,2500,2,0,0,1,1,1.0,260.44,800000,1,uvm_report_server
RUN-005553,mixed_rw_test-005553,1766943249,FAIL,fail,ASSERTION_FAIL,E_ASRT_0x60,ASSERTION_FAIL,10130,2,1,0,0,0,14.13,9.85,5653273,1,uvm_report_server
RUN-005554,back_to_back_program_test-005554,1849520469,PASS,pass,NONE,,,,0,0,0,0,0,2.27,14.21,1359504,0,uvm_report_server
RUN-005555,back_to_back_program_test-005555,557416205,PASS,pass,NONE,,,,0,0,0,0,0,102.17,20.05,61300374,0,uvm_report_server
RUN-005556,mixed_rw_test-005556,1962391019,PASS,pass,NONE,,,,0,0,0,0,0,21.53,11.62,17224837,0,uvm_report_server
RUN-005557,garbage_collect_test-005557,1298850574,PASS,pass,NONE,,,,0,1,0,0,0,25.19,2.55,20151005,0,uvm_report_server
RUN-005558,random_read_test-005558,1521851098,PASS,pass,NONE,,,,0,0,0,0,0,28.19,297.97,22553266,0,uvm_report_server
RUN-005559,mixed_rw_test-005559,1851338317,FAIL,fail,TIMEOUT,E_TMO_0x40,TIMEOUT,1966890,1,1,1,0,0,1970.89,0.01,1970891254,1,uvm_report_server
RUN-005560,back_to_back_program_test-005560,664017112,FAIL,fail,THERMAL_SHUTDOWN,E_THRM_0x80,THERMAL_SHUTDOWN,2500,1,1,0,0,0,5.91,14.32,2365150,1,uvm_report_server
RUN-005561,mixed_rw_test-005561,908621053,FAIL,fail,DATA_MISMATCH,E_CMP_0x11,DATA_MISMATCH,2500,2,0,0,0,1,1.12,76.97,1123874,1,uvm_report_server
RUN-005562,read_disturb_test-005562,452767222,PASS,pass,NONE,,,,0,0,0,0,0,14.78,32.98,11821719,0,uvm_report_server
RUN-005563,sequential_write_test-005563,1397130064,PASS,pass,NONE,,,,0,1,0,0,0,10.77,179.19,10765544,0,uvm_report_server
RUN-005564,random_read_test-005564,1820277816,PASS,pass,NONE,,,,0,0,0,0,0,1.95,33.27,1561601,0,uvm_report_server
RUN-005565,back_to_back_program_test-005565,1950342393,PASS,pass,NONE,,,,0,1,0,0,0,9.96,25.81,7968546,0,uvm_report_server
RUN-005566,garbage_collect_test-005566,1898068018,FAIL,fail,ECC_UNCORRECTABLE,E_ECC_0x33,ECC_UNCORRECTABLE,155830,2,0,0,0,1,159.83,43.36,95897166,1,uvm_report_server
RUN-005567,mixed_rw_test-005567,1122857509,PASS,pass,NONE,,,,0,0,0,0,0,138.01,31.19,110409067,0,uvm_report_server
RUN-005568,power_cycle_test-005568,1173944316,PASS,pass,NONE,,,,0,1,0,0,0,1.81,18.58,2174055,0,uvm_report_server
RUN-005569,power_cycle_test-005569,1566567017,PASS,pass,NONE,,,,0,0,0,0,0,65.63,3.85,39379574,0,uvm_report_server
RUN-005570,random_read_test-005570,679323380,PASS,pass,NONE,,,,0,0,0,0,0,65.86,16.03,65861553,0,uvm_report_server
RUN-005571,sequential_write_test-005571,1581077242,PASS,pass,NONE,,,,0,0,0,0,0,150.25,29.13,120197670,0,uvm_report_server
RUN-005572,power_cycle_test-005572,873552206,FAIL,fail,ASSERTION_FAIL,E_ASRT_0x60,ASSERTION_FAIL,2500,4,0,0,1,0,5.1,36.83,2040735,1,uvm_report_server
RUN-005573,mixed_rw_test-005573,1705400057,PASS,pass,NONE,,,,0,0,0,0,0,19.28,111.86,11565755,0,uvm_report_server
RUN-005574,random_read_test-005574,1677207081,PASS,pass,NONE,,,,0,0,0,0,0,158.81,26.94,158805798,0,uvm_report_server
RUN-005575,random_read_test-005575,1845920742,PASS,pass,NONE,,,,0,0,0,0,0,5.77,189.71,4616069,0,uvm_report_server
RUN-005576,back_to_back_program_test-005576,164848606,FAIL,fail,FIFO_OVERFLOW,E_FIFO_0x21,FIFO_OVERFLOW,106020,2,1,0,1,0,110.02,0.82,110020608,1,uvm_report_server
RUN-005577,sequential_write_test-005577,1533106959,PASS,pass,NONE,,,,0,1,0,0,0,2.42,13.15,2424595,0,uvm_report_server
RUN-005578,back_to_back_program_test-005578,821050498,FAIL,fail,FIFO_OVERFLOW,E_FIFO_0x21,FIFO_OVERFLOW,77250,4,0,0,1,0,81.25,4.74,64997781,1,uvm_report_server
RUN-005579,random_read_test-005579,1253795070,PASS,pass,NONE,,,,0,0,0,0,0,9.91,12.67,7924726,0,uvm_report_server
RUN-005580,garbage_collect_test-005580,2091718088,PASS,pass,NONE,,,,0,0,0,0,0,18.52,1.87,7408789,0,uvm_report_server
RUN-005581,back_to_back_program_test-005581,1491498911,FAIL,fail,DATA_MISMATCH,E_CMP_0x11,DATA_MISMATCH,5160,4,0,0,1,1,9.16,0.47,3663253,1,uvm_report_server
RUN-005582,back_to_back_program_test-005582,1402920296,PASS,pass,NONE,,,,0,1,0,0,0,40.0,49.85,23998918,0,uvm_report_server
RUN-005583,random_read_test-005583,1331533960,FAIL,fail,DATA_MISMATCH,E_CMP_0x11,DATA_MISMATCH,172780,2,0,0,1,1,176.78,2.07,70713379,1,uvm_report_server
RUN-005584,random_read_test-005584,870008208,FAIL,fail,TIMEOUT,E_TMO_0x40,TIMEOUT,1986760,3,0,1,1,0,1990.76,0.08,1990760314,1,uvm_report_server
RUN-005585,mixed_rw_test-005585,342449606,PASS,pass,NONE,,,,0,0,0,0,0,1.0,7.99,1200000,0,uvm_report_server
RUN-005586,garbage_collect_test-005586,310093454,PASS,pass,NONE,,,,0,0,0,0,0,173.98,0.74,104385006,0,uvm_report_server
RUN-005587,mixed_rw_test-005587,448628639,PASS,pass,NONE,,,,0,0,0,0,0,244.54,8.7,97816560,0,uvm_report_server
RUN-005588,garbage_collect_test-005588,722333712,PASS,pass,NONE,,,,0,0,0,0,0,57.58,4.51,34546225,0,uvm_report_server
RUN-005589,erase_suspend_test-005589,181387882,PASS,pass,NONE,,,,0,0,0,0,0,50.27,0.33,20108637,0,uvm_report_server
RUN-005590,random_read_test-005590,323010937,PASS,pass,NONE,,,,0,1,0,0,0,2.13,7.57,2129920,0,uvm_report_server
RUN-005591,mixed_rw_test-005591,692335204,PASS,pass,NONE,,,,0,0,0,0,0,49.94,85.47,29963669,0,uvm_report_server
RUN-005592,back_to_back_program_test-005592,723060202,PASS,pass,NONE,,,,0,0,0,0,0,21.98,89.31,21978205,0,uvm_report_server
RUN-005593,random_read_test-005593,1146242599,PASS,pass,NONE,,,,0,0,0,0,0,7.18,39.16,5743699,0,uvm_report_server
RUN-005594,erase_suspend_test-005594,1141316983,PASS,pass,NONE,,,,0,0,0,0,0,7.34,8.84,2936395,0,uvm_report_server
RUN-005595,sequential_write_test-005595,717698579,PASS,pass,NONE,,,,0,1,0,0,0,26.17,9.24,26165294,0,uvm_report_server
RUN-005596,garbage_collect_test-005596,1544128526,FAIL,fail,THERMAL_SHUTDOWN,E_THRM_0x80,THERMAL_SHUTDOWN,2500,2,0,0,0,0,1.0,39.89,1200000,1,uvm_report_server
RUN-005597,read_disturb_test-005597,171692586,PASS,pass,NONE,,,,0,0,0,0,0,441.2,0.59,176479157,0,uvm_report_server
RUN-005598,random_read_test-005598,1973810535,FAIL,fail,TIMEOUT,E_TMO_0x40,TIMEOUT,1962980,4,0,1,1,0,1966.98,0.38,1966982393,1,uvm_report_server
RUN-005599,read_disturb_test-005599,1554494763,FAIL,fail,THERMAL_SHUTDOWN,E_THRM_0x80,THERMAL_SHUTDOWN,335620,3,0,0,0,0,339.62,8.77,271697449,1,uvm_report_server
RUN-005600,back_to_back_program_test-005600,684820736,PASS,pass,NONE,,,,0,0,0,0,0,86.18,46.0,34472856,0,uvm_report_server
RUN-005601,power_cycle_test-005601,176838179,FAIL,fail,THERMAL_SHUTDOWN,E_THRM_0x80,THERMAL_SHUTDOWN,22370,3,0,0,1,0,26.37,2.44,31638856,1,uvm_report_server
RUN-005602,back_to_back_program_test-005602,628691681,FAIL,fail,ECC_UNCORRECTABLE,E_ECC_0x33,ECC_UNCORRECTABLE,42320,2,1,0,0,1,46.32,29.8,46321453,1,uvm_report_server
RUN-005603,back_to_back_program_test-005603,1054068695,PASS,pass,NONE,,,,0,0,0,0,0,303.97,3.63,243175772,0,uvm_report_server
RUN-005604,back_to_back_program_test-005604,368615076,PASS,pass,NONE,,,,0,1,0,0,0,99.21,4.99,79367343,0,uvm_report_server
RUN-005605,mixed_rw_test-005605,184524422,FAIL,fail,RETENTION_FAIL,E_RET_0x71,RETENTION_FAIL,21080,2,0,0,0,1,25.08,7.41,25082676,1,uvm_report_server
RUN-005606,power_cycle_test-005606,1453406431,FAIL,fail,PROTOCOL_VIOLATION,E_PROT_0x52,PROTOCOL_VIOLATION,61940,3,0,1,1,0,65.94,135.03,79131805,1,uvm_report_server
RUN-005607,garbage_collect_test-005607,1040516604,PASS,pass,NONE,,,,0,0,0,0,0,3.43,77.84,2059100,0,uvm_report_server
RUN-005608,garbage_collect_test-005608,1941895908,FAIL,fail,DATA_MISMATCH,E_CMP_0x11,DATA_MISMATCH,2500,2,1,0,1,1,6.29,8.73,3771252,1,uvm_report_server
RUN-005609,read_disturb_test-005609,690706847,PASS,pass,NONE,,,,0,0,0,0,0,134.52,7.31,134519634,0,uvm_report_server
RUN-005610,erase_suspend_test-005610,1049082526,FAIL,fail,TIMEOUT,E_TMO_0x40,TIMEOUT,1966560,3,1,1,0,0,1970.56,0.0,1970564789,1,uvm_report_server
RUN-005611,erase_suspend_test-005611,612201697,PASS,pass,NONE,,,,0,0,0,0,0,4.12,58.13,4120577,0,uvm_report_server
RUN-005612,erase_suspend_test-005612,1620218610,PASS,pass,NONE,,,,0,1,0,0,0,1.0,30.48,600000,0,uvm_report_server
RUN-005613,read_disturb_test-005613,1902653130,PASS,pass,NONE,,,,0,1,0,0,0,925.29,18.04,370117148,0,uvm_report_server
RUN-005614,read_disturb_test-005614,1507963853,PASS,pass,NONE,,,,0,0,0,0,0,158.82,13.05,127055046,0,uvm_report_server
RUN-005615,erase_suspend_test-005615,1103663954,PASS,pass,NONE,,,,0,1,0,0,0,64.45,15.93,51562364,0,uvm_report_server
RUN-005616,random_read_test-005616,216084046,PASS,pass,NONE,,,,0,1,0,0,0,9.23,215.69,7385181,0,uvm_report_server
RUN-005617,power_cycle_test-005617,670711397,PASS,pass,NONE,,,,0,0,0,0,0,1.0,33.1,800000,0,uvm_report_server
RUN-005618,garbage_collect_test-005618,841641937,PASS,pass,NONE,,,,0,0,0,0,0,10.88,12.46,10879438,0,uvm_report_server
RUN-005619,random_read_test-005619,1149592879,FAIL,fail,DATA_MISMATCH,E_CMP_0x11,DATA_MISMATCH,7620,3,0,0,0,1,11.62,153.88,6972009,1,uvm_report_server
RUN-005620,random_read_test-005620,1678677041,FAIL,fail,RETENTION_FAIL,E_RET_0x71,RETENTION_FAIL,63110,1,0,0,0,1,67.11,4.42,53691478,1,uvm_report_server
RUN-005621,garbage_collect_test-005621,2119318286,PASS,pass,NONE,,,,0,1,0,0,0,13.76,18.77,13762645,0,uvm_report_server
RUN-005622,sequential_write_test-005622,1847301188,PASS,pass,NONE,,,,0,0,0,0,0,5.45,88.77,4356536,0,uvm_report_server
RUN-005623,random_read_test-005623,567586625,PASS,pass,NONE,,,,0,0,0,0,0,7.85,16.36,6282386,0,uvm_report_server
RUN-005624,back_to_back_program_test-005624,407134508,FAIL,fail,ASSERTION_FAIL,E_ASRT_0x60,ASSERTION_FAIL,19000,2,1,0,1,0,23.0,122.37,13798719,1,uvm_report_server
RUN-005625,erase_suspend_test-005625,1556951699,FAIL,fail,THERMAL_SHUTDOWN,E_THRM_0x80,THERMAL_SHUTDOWN,2500,1,0,0,0,0,4.51,2.89,1805918,1,uvm_report_server
RUN-005626,back_to_back_program_test-005626,1780371905,FAIL,fail,FIFO_OVERFLOW,E_FIFO_0x21,FIFO_OVERFLOW,8770,3,1,0,0,0,12.77,5.98,10218214,1,uvm_report_server
RUN-005627,back_to_back_program_test-005627,1653462139,FAIL,fail,FIFO_OVERFLOW,E_FIFO_0x21,FIFO_OVERFLOW,4700,3,0,0,1,0,8.7,8.56,5218721,1,uvm_report_server
RUN-005628,power_cycle_test-005628,1977163392,PASS,pass,NONE,,,,0,0,0,0,0,22.07,12.27,13244732,0,uvm_report_server
RUN-005629,mixed_rw_test-005629,999967916,PASS,pass,NONE,,,,0,0,0,0,0,80.85,6.34,64676713,0,uvm_report_server
RUN-005630,sequential_write_test-005630,1580050480,PASS,pass,NONE,,,,0,0,0,0,0,39.73,53.07,23835074,0,uvm_report_server
RUN-005631,mixed_rw_test-005631,607377105,PASS,pass,NONE,,,,0,0,0,0,0,158.07,3.29,158073723,0,uvm_report_server
RUN-005632,sequential_write_test-005632,1421460215,PASS,pass,NONE,,,,0,0,0,0,0,186.85,11.43,149476751,0,uvm_report_server
RUN-005633,read_disturb_test-005633,1596580709,PASS,pass,NONE,,,,0,0,0,0,0,23.6,45.06,18880007,0,uvm_report_server
RUN-005634,read_disturb_test-005634,1914660131,PASS,pass,NONE,,,,0,0,0,0,0,196.25,4.98,78499733,0,uvm_report_server
RUN-005635,back_to_back_program_test-005635,709695364,PASS,pass,NONE,,,,0,0,0,0,0,60.46,8.07,48365657,0,uvm_report_server
RUN-005636,back_to_back_program_test-005636,130691653,FAIL,fail,FIFO_OVERFLOW,E_FIFO_0x21,FIFO_OVERFLOW,72010,2,1,0,0,0,76.01,0.82,76013678,1,uvm_report_server
RUN-005637,power_cycle_test-005637,242105343,FAIL,fail,ECC_UNCORRECTABLE,E_ECC_0x33,ECC_UNCORRECTABLE,30360,2,0,0,0,1,34.36,59.28,27488087,1,uvm_report_server
RUN-005638,random_read_test-005638,1013436166,PASS,pass,NONE,,,,0,1,0,0,0,9.5,14.83,3800878,0,uvm_report_server
RUN-005639,sequential_write_test-005639,689038071,PASS,pass,NONE,,,,0,1,0,0,0,3.77,276.25,2260270,0,uvm_report_server
RUN-005640,back_to_back_program_test-005640,1792860045,FAIL,fail,FIFO_OVERFLOW,E_FIFO_0x21,FIFO_OVERFLOW,9570,2,1,0,0,0,13.57,28.58,10854308,1,uvm_report_server
RUN-005641,garbage_collect_test-005641,333554958,FAIL,fail,ASSERTION_FAIL,E_ASRT_0x60,ASSERTION_FAIL,43490,2,1,0,0,0,47.49,2.5,28494354,1,uvm_report_server
RUN-005642,power_cycle_test-005642,833842321,PASS,pass,NONE,,,,0,1,0,0,0,4.45,13.75,3556250,0,uvm_report_server
RUN-005643,sequential_write_test-005643,1890291694,PASS,pass,NONE,,,,0,0,0,0,0,110.78,5.04,66469679,0,uvm_report_server
RUN-005644,garbage_collect_test-005644,617279094,PASS,pass,NONE,,,,0,0,0,0,0,5.39,22.55,3231426,0,uvm_report_server
RUN-005645,back_to_back_program_test-005645,279019385,FAIL,fail,TIMEOUT,E_TMO_0x40,TIMEOUT,1985980,3,1,1,0,0,1989.98,0.02,1989980458,1,uvm_report_server
RUN-005646,garbage_collect_test-005646,1247836431,PASS,pass,NONE,,,,0,0,0,0,0,2.47,27.48,2469152,0,uvm_report_server
RUN-005647,erase_suspend_test-005647,651267278,PASS,pass,NONE,,,,0,0,0,0,0,35.35,14.65,28276677,0,uvm_report_server
RUN-005648,sequential_write_test-005648,564690785,FAIL,fail,TIMEOUT,E_TMO_0x40,TIMEOUT,1958950,4,0,1,1,0,1962.95,0.0,1962953621,1,uvm_report_server
RUN-005649,back_to_back_program_test-005649,576317337,PASS,pass,NONE,,,,0,1,0,0,0,160.75,24.78,160746393,0,uvm_report_server
RUN-005650,read_disturb_test-005650,550289591,PASS,pass,NONE,,,,0,0,0,0,0,2.23,57.13,1781390,0,uvm_report_server
RUN-005651,mixed_rw_test-005651,1091225065,PASS,pass,NONE,,,,0,1,0,0,0,22.55,24.14,27064268,0,uvm_report_server
RUN-005652,back_to_back_program_test-005652,1884229292,PASS,pass,NONE,,,,0,0,0,0,0,2.12,16.59,849024,0,uvm_report_server
RUN-005653,back_to_back_program_test-005653,472281323,FAIL,fail,FIFO_OVERFLOW,E_FIFO_0x21,FIFO_OVERFLOW,46970,4,1,0,1,0,50.97,25.63,30584531,1,uvm_report_server
RUN-005654,back_to_back_program_test-005654,616188766,FAIL,fail,TIMEOUT,E_TMO_0x40,TIMEOUT,1995410,1,0,1,0,0,1999.41,0.18,1999410282,1,uvm_report_server
RUN-005655,random_read_test-005655,518440892,PASS,pass,NONE,,,,0,0,0,0,0,37.54,7.19,22525116,0,uvm_report_server
RUN-005656,power_cycle_test-005656,1530542657,PASS,pass,NONE,,,,0,0,0,0,0,1.0,63.13,800000,0,uvm_report_server
RUN-005657,garbage_collect_test-005657,809470929,PASS,pass,NONE,,,,0,0,0,0,0,22.35,48.1,17878603,0,uvm_report_server
RUN-005658,back_to_back_program_test-005658,1341095924,PASS,pass,NONE,,,,0,1,0,0,0,24.37,2.56,19494862,0,uvm_report_server
RUN-005659,back_to_back_program_test-005659,1423571797,PASS,pass,NONE,,,,0,0,0,0,0,1.0,255.26,1000000,0,uvm_report_server
RUN-005660,erase_suspend_test-005660,1609368965,PASS,pass,NONE,,,,0,1,0,0,0,272.36,4.0,108943770,0,uvm_report_server
RUN-005661,garbage_collect_test-005661,1580827481,PASS,pass,NONE,,,,0,0,0,0,0,11.36,2.65,9089525,0,uvm_report_server
RUN-005662,back_to_back_program_test-005662,335032659,FAIL,fail,ASSERTION_FAIL,E_ASRT_0x60,ASSERTION_FAIL,12800,4,0,0,1,0,16.8,16.61,10077450,1,uvm_report_server
RUN-005663,read_disturb_test-005663,342334274,FAIL,fail,RETENTION_FAIL,E_RET_0x71,RETENTION_FAIL,99890,2,0,0,0,1,103.89,2.18,62334783,1,uvm_report_server
RUN-005664,sequential_write_test-005664,908212759,PASS,pass,NONE,,,,0,0,0,0,0,31.38,8.09,31379970,0,uvm_report_server
RUN-005665,sequential_write_test-005665,101567840,PASS,pass,NONE,,,,0,0,0,0,0,1.0,67.03,1000000,0,uvm_report_server
RUN-005666,back_to_back_program_test-005666,472731378,FAIL,fail,ASSERTION_FAIL,E_ASRT_0x60,ASSERTION_FAIL,6230,3,0,0,0,0,10.23,84.37,4092481,1,uvm_report_server
RUN-005667,power_cycle_test-005667,1212309416,PASS,pass,NONE,,,,0,0,0,0,0,29.11,72.15,17465482,0,uvm_report_server
RUN-005668,sequential_write_test-005668,2010301706,PASS,pass,NONE,,,,0,0,0,0,0,3.39,4.48,3389539,0,uvm_report_server
RUN-005669,mixed_rw_test-005669,846438041,FAIL,fail,THERMAL_SHUTDOWN,E_THRM_0x80,THERMAL_SHUTDOWN,2500,2,0,0,0,0,4.31,21.12,2587586,1,uvm_report_server
RUN-005670,mixed_rw_test-005670,1938614587,FAIL,fail,TIMEOUT,E_TMO_0x40,TIMEOUT,1982570,2,0,1,1,0,1986.57,0.07,1986571783,1,uvm_report_server
RUN-005671,back_to_back_program_test-005671,176956530,PASS,pass,NONE,,,,0,1,0,0,0,18.92,104.71,22702722,0,uvm_report_server
RUN-005672,random_read_test-005672,1002672355,PASS,pass,NONE,,,,0,0,0,0,0,112.4,1.14,112395835,0,uvm_report_server
RUN-005673,read_disturb_test-005673,761014500,FAIL,fail,ASSERTION_FAIL,E_ASRT_0x60,ASSERTION_FAIL,56160,3,0,0,1,0,60.16,5.3,48127307,1,uvm_report_server
RUN-005674,mixed_rw_test-005674,431856766,FAIL,fail,TIMEOUT,E_TMO_0x40,TIMEOUT,1994420,2,0,1,0,0,1998.42,0.04,2398109294,1,uvm_report_server
RUN-005675,mixed_rw_test-005675,1594279654,PASS,pass,NONE,,,,0,0,0,0,0,142.53,3.54,142527309,0,uvm_report_server
RUN-005676,garbage_collect_test-005676,206651698,FAIL,fail,THERMAL_SHUTDOWN,E_THRM_0x80,THERMAL_SHUTDOWN,23620,2,0,0,0,0,27.62,194.44,27619923,1,uvm_report_server
RUN-005677,read_disturb_test-005677,236082664,PASS,pass,NONE,,,,0,1,0,0,0,10.24,108.18,6144785,0,uvm_report_server
RUN-005678,sequential_write_test-005678,548226812,FAIL,fail,TIMEOUT,E_TMO_0x40,TIMEOUT,1976460,3,0,1,1,0,1980.46,0.03,2376549899,1,uvm_report_server
RUN-005679,back_to_back_program_test-005679,813039567,PASS,pass,NONE,,,,0,1,0,0,0,334.7,12.67,267763526,0,uvm_report_server
RUN-005680,power_cycle_test-005680,2095857801,PASS,pass,NONE,,,,0,0,0,0,0,225.59,2.25,180468819,0,uvm_report_server
RUN-005681,mixed_rw_test-005681,1829996507,PASS,pass,NONE,,,,0,0,0,0,0,9.8,25.69,7836971,0,uvm_report_server
RUN-005682,sequential_write_test-005682,825626369,PASS,pass,NONE,,,,0,0,0,0,0,7.62,18.52,7621212,0,uvm_report_server
RUN-005683,back_to_back_program_test-005683,1819634878,PASS,pass,NONE,,,,0,0,0,0,0,20.77,25.78,16619968,0,uvm_report_server
RUN-005684,back_to_back_program_test-005684,37590658,FAIL,fail,FIFO_OVERFLOW,E_FIFO_0x21,FIFO_OVERFLOW,43660,2,0,0,0,0,47.66,0.21,28594987,1,uvm_report_server
RUN-005685,back_to_back_program_test-005685,1375465482,PASS,pass,NONE,,,,0,0,0,0,0,20.91,194.14,20914971,0,uvm_report_server
RUN-005686,read_disturb_test-005686,1911088382,PASS,pass,NONE,,,,0,1,0,0,0,6.58,9.3,6580424,0,uvm_report_server
RUN-005687,back_to_back_program_test-005687,1279427153,PASS,pass,NONE,,,,0,1,0,0,0,8.1,124.23,9716876,0,uvm_report_server
RUN-005688,back_to_back_program_test-005688,1238983936,PASS,pass,NONE,,,,0,1,0,0,0,1.2,57.01,1439857,0,uvm_report_server
RUN-005689,sequential_write_test-005689,2089521387,PASS,pass,NONE,,,,0,0,0,0,0,30.26,63.6,18156686,0,uvm_report_server
RUN-005690,back_to_back_program_test-005690,500291389,PASS,pass,NONE,,,,0,0,0,0,0,6.36,39.45,5088714,0,uvm_report_server
RUN-005691,erase_suspend_test-005691,1506004056,PASS,pass,NONE,,,,0,1,0,0,0,3.33,82.23,2660292,0,uvm_report_server
RUN-005692,erase_suspend_test-005692,323151541,PASS,pass,NONE,,,,0,1,0,0,0,4.14,14.54,2484506,0,uvm_report_server
RUN-005693,random_read_test-005693,1256858402,FAIL,fail,TIMEOUT,E_TMO_0x40,TIMEOUT,1963130,4,0,1,1,0,1967.13,0.71,1967133357,1,uvm_report_server
RUN-005694,sequential_write_test-005694,1453415954,FAIL,fail,THERMAL_SHUTDOWN,E_THRM_0x80,THERMAL_SHUTDOWN,2500,1,1,0,0,0,2.75,4.64,2199807,1,uvm_report_server
RUN-005695,read_disturb_test-005695,1934257729,PASS,pass,NONE,,,,0,1,0,0,0,2.02,65.75,1211975,0,uvm_report_server
RUN-005696,sequential_write_test-005696,711719611,PASS,pass,NONE,,,,0,1,0,0,0,6.73,9.15,5384974,0,uvm_report_server
RUN-005697,read_disturb_test-005697,567970703,PASS,pass,NONE,,,,0,0,0,0,0,28.44,4.82,17061265,0,uvm_report_server
RUN-005698,erase_suspend_test-005698,96437802,PASS,pass,NONE,,,,0,0,0,0,0,19.2,404.05,11522458,0,uvm_report_server
RUN-005699,read_disturb_test-005699,131819669,PASS,pass,NONE,,,,0,0,0,0,0,8.55,7.8,5130037,0,uvm_report_server
RUN-005700,back_to_back_program_test-005700,1968248642,FAIL,fail,FIFO_OVERFLOW,E_FIFO_0x21,FIFO_OVERFLOW,10220,2,0,0,1,0,14.22,0.49,11375907,1,uvm_report_server
RUN-005701,mixed_rw_test-005701,1696522707,FAIL,fail,DATA_MISMATCH,E_CMP_0x11,DATA_MISMATCH,85320,3,1,0,1,1,89.32,12.49,71454343,1,uvm_report_server
RUN-005702,erase_suspend_test-005702,774905481,FAIL,fail,TIMEOUT,E_TMO_0x40,TIMEOUT,1962820,3,0,1,1,0,1966.82,0.02,1966822842,1,uvm_report_server
RUN-005703,sequential_write_test-005703,406410617,PASS,pass,NONE,,,,0,0,0,0,0,1.0,32.28,800000,0,uvm_report_server
RUN-005704,read_disturb_test-005704,1745203615,PASS,pass,NONE,,,,0,0,0,0,0,25.38,42.36,20300322,0,uvm_report_server
RUN-005705,garbage_collect_test-005705,126557509,PASS,pass,NONE,,,,0,1,0,0,0,39.79,12.64,31832321,0,uvm_report_server
RUN-005706,random_read_test-005706,2144467069,PASS,pass,NONE,,,,0,1,0,0,0,57.86,16.85,34714486,0,uvm_report_server
RUN-005707,read_disturb_test-005707,1814647146,PASS,pass,NONE,,,,0,1,0,0,0,3.73,18.69,3728461,0,uvm_report_server
RUN-005708,random_read_test-005708,1906312431,PASS,pass,NONE,,,,0,0,0,0,0,350.11,2.93,350107114,0,uvm_report_server
RUN-005709,sequential_write_test-005709,448276742,PASS,pass,NONE,,,,0,1,0,0,0,3.96,468.18,3961211,0,uvm_report_server
RUN-005710,random_read_test-005710,911417892,FAIL,fail,THERMAL_SHUTDOWN,E_THRM_0x80,THERMAL_SHUTDOWN,2500,3,0,0,1,0,2.43,1.14,970002,1,uvm_report_server
RUN-005711,mixed_rw_test-005711,1570679078,PASS,pass,NONE,,,,0,0,0,0,0,3.33,37.6,2662742,0,uvm_report_server
RUN-005712,random_read_test-005712,1846408309,FAIL,fail,DATA_MISMATCH,E_CMP_0x11,DATA_MISMATCH,2500,2,0,0,0,1,2.26,5.34,1354585,1,uvm_report_server
RUN-005713,read_disturb_test-005713,25754188,PASS,pass,NONE,,,,0,1,0,0,0,2.77,3.17,2772354,0,uvm_report_server
RUN-005714,sequential_write_test-005714,59844824,PASS,pass,NONE,,,,0,1,0,0,0,41.06,12.33,24637409,0,uvm_report_server
RUN-005715,power_cycle_test-005715,1569072608,PASS,pass,NONE,,,,0,0,0,0,0,1215.57,1.67,1215572740,0,uvm_report_server
RUN-005716,mixed_rw_test-005716,1350751365,FAIL,fail,TIMEOUT,E_TMO_0x40,TIMEOUT,1994830,2,0,1,0,0,1998.83,0.32,1998831608,1,uvm_report_server
RUN-005717,erase_suspend_test-005717,1682747134,FAIL,fail,TIMEOUT,E_TMO_0x40,TIMEOUT,1972840,3,1,1,1,0,1976.84,0.08,1976839116,1,uvm_report_server
RUN-005718,random_read_test-005718,1669381961,PASS,pass,NONE,,,,0,0,0,0,0,27.84,17.55,16706567,0,uvm_report_server
RUN-005719,erase_suspend_test-005719,1218206133,PASS,pass,NONE,,,,0,0,0,0,0,15.56,4.21,15556551,0,uvm_report_server
RUN-005720,erase_suspend_test-005720,1433247785,PASS,pass,NONE,,,,0,0,0,0,0,2.09,14.56,1668779,0,uvm_report_server
RUN-005721,random_read_test-005721,2003600229,PASS,pass,NONE,,,,0,0,0,0,0,51.33,87.15,41064702,0,uvm_report_server
RUN-005722,sequential_write_test-005722,1124329339,PASS,pass,NONE,,,,0,0,0,0,0,158.44,0.77,126751864,0,uvm_report_server
RUN-005723,sequential_write_test-005723,870027563,PASS,pass,NONE,,,,0,0,0,0,0,29.99,268.95,29985407,0,uvm_report_server
RUN-005724,random_read_test-005724,1044529988,PASS,pass,NONE,,,,0,0,0,0,0,1238.14,7.2,742884636,0,uvm_report_server
RUN-005725,back_to_back_program_test-005725,780681156,PASS,pass,NONE,,,,0,0,0,0,0,5.29,25.7,3171903,0,uvm_report_server
RUN-005726,read_disturb_test-005726,1183578555,FAIL,fail,THERMAL_SHUTDOWN,E_THRM_0x80,THERMAL_SHUTDOWN,9120,3,0,0,0,0,13.12,96.81,13123527,1,uvm_report_server
RUN-005727,back_to_back_program_test-005727,1444571489,FAIL,fail,DATA_MISMATCH,E_CMP_0x11,DATA_MISMATCH,4840,3,0,0,0,1,8.84,19.48,3536276,1,uvm_report_server
RUN-005728,erase_suspend_test-005728,970159154,PASS,pass,NONE,,,,0,1,0,0,0,1.69,19.68,1354660,0,uvm_report_server
RUN-005729,back_to_back_program_test-005729,1806009794,PASS,pass,NONE,,,,0,0,0,0,0,1.56,42.37,1555422,0,uvm_report_server
RUN-005730,mixed_rw_test-005730,702016276,PASS,pass,NONE,,,,0,0,0,0,0,12.83,85.94,7698549,0,uvm_report_server
RUN-005731,back_to_back_program_test-005731,1019943151,FAIL,fail,FIFO_OVERFLOW,E_FIFO_0x21,FIFO_OVERFLOW,291070,2,0,0,0,0,295.07,0.67,118029033,1,uvm_report_server
RUN-005732,mixed_rw_test-005732,651205243,PASS,pass,NONE,,,,0,0,0,0,0,18.47,6.63,14779667,0,uvm_report_server
RUN-005733,power_cycle_test-005733,1407576701,PASS,pass,NONE,,,,0,0,0,0,0,5.8,10.71,4642556,0,uvm_report_server
RUN-005734,power_cycle_test-005734,455713065,PASS,pass,NONE,,,,0,0,0,0,0,95.41,41.05,114486592,0,uvm_report_server
RUN-005735,read_disturb_test-005735,1031022961,PASS,pass,NONE,,,,0,0,0,0,0,13.91,10.16,16689267,0,uvm_report_server
RUN-005736,back_to_back_program_test-005736,329942513,FAIL,fail,FIFO_OVERFLOW,E_FIFO_0x21,FIFO_OVERFLOW,17350,4,1,0,1,0,21.35,32.16,25615833,1,uvm_report_server
RUN-005737,read_disturb_test-005737,460838010,PASS,pass,NONE,,,,0,0,0,0,0,163.84,6.46,98301510,0,uvm_report_server
RUN-005738,power_cycle_test-005738,197605103,PASS,pass,NONE,,,,0,0,0,0,0,9.8,6.2,3919502,0,uvm_report_server
RUN-005739,erase_suspend_test-005739,1358311614,FAIL,fail,DATA_MISMATCH,E_CMP_0x11,DATA_MISMATCH,125820,2,1,0,1,1,129.82,26.43,103855144,1,uvm_report_server
RUN-005740,back_to_back_program_test-005740,1940775473,PASS,pass,NONE,,,,0,0,0,0,0,383.72,1.27,230231331,0,uvm_report_server
RUN-005741,mixed_rw_test-005741,821981031,PASS,pass,NONE,,,,0,0,0,0,0,3.85,8.31,3077398,0,uvm_report_server
RUN-005742,read_disturb_test-005742,1145087768,PASS,pass,NONE,,,,0,0,0,0,0,7.68,17.47,9218207,0,uvm_report_server
RUN-005743,sequential_write_test-005743,941899526,PASS,pass,NONE,,,,0,0,0,0,0,84.51,24.57,67609800,0,uvm_report_server
RUN-005744,back_to_back_program_test-005744,1047641993,PASS,pass,NONE,,,,0,0,0,0,0,4.93,109.04,3942478,0,uvm_report_server
RUN-005745,garbage_collect_test-005745,1856257258,PASS,pass,NONE,,,,0,1,0,0,0,3.6,68.21,2162712,0,uvm_report_server
RUN-005746,random_read_test-005746,69932491,FAIL,fail,PROTOCOL_VIOLATION,E_PROT_0x52,PROTOCOL_VIOLATION,2500,3,0,1,1,0,3.22,193.55,2574686,1,uvm_report_server
RUN-005747,power_cycle_test-005747,1128927851,PASS,pass,NONE,,,,0,1,0,0,0,42.29,13.02,25374199,0,uvm_report_server
RUN-005748,back_to_back_program_test-005748,273094086,FAIL,fail,ASSERTION_FAIL,E_ASRT_0x60,ASSERTION_FAIL,2500,3,1,0,1,0,3.38,9.07,2703066,1,uvm_report_server
RUN-005749,read_disturb_test-005749,1699255496,PASS,pass,NONE,,,,0,1,0,0,0,15.33,4.48,6133932,0,uvm_report_server
RUN-005750,back_to_back_program_test-005750,1566046261,PASS,pass,NONE,,,,0,0,0,0,0,136.31,118.56,109048028,0,uvm_report_server
RUN-005751,random_read_test-005751,1415449366,FAIL,fail,DATA_MISMATCH,E_CMP_0x11,DATA_MISMATCH,29310,1,1,0,0,1,33.31,115.18,26650970,1,uvm_report_server
RUN-005752,sequential_write_test-005752,943422926,PASS,pass,NONE,,,,0,0,0,0,0,2.66,12.08,2661464,0,uvm_report_server
RUN-005753,erase_suspend_test-005753,1115326299,PASS,pass,NONE,,,,0,0,0,0,0,54.97,4.43,21987733,0,uvm_report_server
RUN-005754,sequential_write_test-005754,1740121032,FAIL,fail,ECC_UNCORRECTABLE,E_ECC_0x33,ECC_UNCORRECTABLE,299750,1,0,0,0,1,303.75,8.08,364504182,1,uvm_report_server
RUN-005755,garbage_collect_test-005755,1365167385,FAIL,fail,RETENTION_FAIL,E_RET_0x71,RETENTION_FAIL,17250,1,1,0,0,1,21.25,42.98,17002713,1,uvm_report_server
RUN-005756,sequential_write_test-005756,1259088140,PASS,pass,NONE,,,,0,0,0,0,0,1.12,56.98,898307,0,uvm_report_server
RUN-005757,erase_suspend_test-005757,232273277,PASS,pass,NONE,,,,0,0,0,0,0,105.65,156.16,63387091,0,uvm_report_server
RUN-005758,back_to_back_program_test-005758,1878008516,FAIL,fail,FIFO_OVERFLOW,E_FIFO_0x21,FIFO_OVERFLOW,9450,2,0,0,0,0,13.45,1.62,10756732,1,uvm_report_server
RUN-005759,erase_suspend_test-005759,413084421,PASS,pass,NONE,,,,0,0,0,0,0,168.55,1.43,67421412,0,uvm_report_server
RUN-005760,garbage_collect_test-005760,10959998,FAIL,fail,TIMEOUT,E_TMO_0x40,TIMEOUT,1995760,3,0,1,0,0,1999.76,0.05,2399715634,1,uvm_report_server
RUN-005761,mixed_rw_test-005761,594389856,FAIL,fail,DATA_MISMATCH,E_CMP_0x11,DATA_MISMATCH,2500,1,0,0,0,1,1.51,297.69,903373,1,uvm_report_server
RUN-005762,read_disturb_test-005762,2123107847,FAIL,fail,PROTOCOL_VIOLATION,E_PROT_0x52,PROTOCOL_VIOLATION,45490,2,0,1,0,0,49.49,54.85,49491736,1,uvm_report_server
RUN-005763,read_disturb_test-005763,888129899,PASS,pass,NONE,,,,0,0,0,0,0,3.65,8.74,2189896,0,uvm_report_server
RUN-005764,garbage_collect_test-005764,848483530,FAIL,fail,DATA_MISMATCH,E_CMP_0x11,DATA_MISMATCH,8300,3,0,0,1,1,12.3,32.78,9838037,1,uvm_report_server
RUN-005765,mixed_rw_test-005765,96405835,PASS,pass,NONE,,,,0,1,0,0,0,47.61,10.73,38085499,0,uvm_report_server
RUN-005766,garbage_collect_test-005766,1209596011,PASS,pass,NONE,,,,0,1,0,0,0,177.69,12.28,106616232,0,uvm_report_server
RUN-005767,sequential_write_test-005767,931455992,PASS,pass,NONE,,,,0,1,0,0,0,10.04,27.55,12048367,0,uvm_report_server
RUN-005768,back_to_back_program_test-005768,1261582232,FAIL,fail,ASSERTION_FAIL,E_ASRT_0x60,ASSERTION_FAIL,2500,2,0,0,1,0,6.16,86.92,3694217,1,uvm_report_server
RUN-005769,sequential_write_test-005769,1877208092,PASS,pass,NONE,,,,0,0,0,0,0,60.0,16.11,23998164,0,uvm_report_server
RUN-005770,mixed_rw_test-005770,211742032,PASS,pass,NONE,,,,0,0,0,0,0,51.38,10.43,20552894,0,uvm_report_server
RUN-005771,random_read_test-005771,2029959826,PASS,pass,NONE,,,,0,0,0,0,0,1.61,39.78,1611326,0,uvm_report_server
RUN-005772,random_read_test-005772,1646025901,FAIL,fail,TIMEOUT,E_TMO_0x40,TIMEOUT,1973490,4,0,1,1,0,1977.49,0.7,1977489182,1,uvm_report_server
RUN-005773,back_to_back_program_test-005773,1188719530,FAIL,fail,FIFO_OVERFLOW,E_FIFO_0x21,FIFO_OVERFLOW,16890,2,0,0,1,0,20.89,36.57,12535184,1,uvm_report_server
RUN-005774,back_to_back_program_test-005774,1848011968,PASS,pass,NONE,,,,0,0,0,0,0,136.37,3.68,109093203,0,uvm_report_server
RUN-005775,back_to_back_program_test-005775,904570456,FAIL,fail,FIFO_OVERFLOW,E_FIFO_0x21,FIFO_OVERFLOW,2500,2,1,0,1,0,2.5,10.67,2499562,1,uvm_report_server
RUN-005776,random_read_test-005776,1253540600,FAIL,fail,DATA_MISMATCH,E_CMP_0x11,DATA_MISMATCH,80910,1,0,0,0,1,84.91,3.99,50947601,1,uvm_report_server
RUN-005777,erase_suspend_test-005777,1534031416,FAIL,fail,DATA_MISMATCH,E_CMP_0x11,DATA_MISMATCH,2500,1,0,0,0,1,3.38,41.72,2030944,1,uvm_report_server
RUN-005778,mixed_rw_test-005778,1267225354,PASS,pass,NONE,,,,0,0,0,0,0,410.1,9.43,164040481,0,uvm_report_server
RUN-005779,power_cycle_test-005779,785664463,PASS,pass,NONE,,,,0,0,0,0,0,223.45,18.35,134071495,0,uvm_report_server
RUN-005780,back_to_back_program_test-005780,242063886,PASS,pass,NONE,,,,0,1,0,0,0,14.86,4.13,14862487,0,uvm_report_server
RUN-005781,read_disturb_test-005781,769900379,PASS,pass,NONE,,,,0,1,0,0,0,18.86,12.99,15091959,0,uvm_report_server
RUN-005782,power_cycle_test-005782,452097242,PASS,pass,NONE,,,,0,0,0,0,0,112.23,141.76,67339120,0,uvm_report_server
RUN-005783,sequential_write_test-005783,276826825,PASS,pass,NONE,,,,0,0,0,0,0,37.71,27.77,22626665,0,uvm_report_server
RUN-005784,read_disturb_test-005784,628329060,PASS,pass,NONE,,,,0,1,0,0,0,13.26,5.32,5305676,0,uvm_report_server
RUN-005785,random_read_test-005785,1039010837,FAIL,fail,TIMEOUT,E_TMO_0x40,TIMEOUT,1971200,2,0,1,1,0,1975.2,0.02,2370237373,1,uvm_report_server
RUN-005786,mixed_rw_test-005786,584214691,PASS,pass,NONE,,,,0,0,0,0,0,91.71,12.12,73369199,0,uvm_report_server
RUN-005787,sequential_write_test-005787,1115496233,PASS,pass,NONE,,,,0,0,0,0,0,2.34,13.69,1405709,0,uvm_report_server
RUN-005788,power_cycle_test-005788,1571079839,PASS,pass,NONE,,,,0,0,0,0,0,18.24,7.55,10945837,0,uvm_report_server
RUN-005789,mixed_rw_test-005789,1274945544,FAIL,fail,DATA_MISMATCH,E_CMP_0x11,DATA_MISMATCH,33220,4,1,0,1,1,37.22,9.19,14889006,1,uvm_report_server
RUN-005790,back_to_back_program_test-005790,2008866210,FAIL,fail,FIFO_OVERFLOW,E_FIFO_0x21,FIFO_OVERFLOW,1032010,1,0,0,0,0,1036.01,0.27,414403421,1,uvm_report_server
RUN-005791,mixed_rw_test-005791,815342315,FAIL,fail,THERMAL_SHUTDOWN,E_THRM_0x80,THERMAL_SHUTDOWN,2500,3,0,0,1,0,2.51,8.42,2009768,1,uvm_report_server
RUN-005792,back_to_back_program_test-005792,1441454492,PASS,pass,NONE,,,,0,1,0,0,0,5.79,11.56,5786621,0,uvm_report_server
RUN-005793,random_read_test-005793,1362383549,PASS,pass,NONE,,,,0,0,0,0,0,601.9,3.29,601897681,0,uvm_report_server
RUN-005794,sequential_write_test-005794,1318374956,PASS,pass,NONE,,,,0,0,0,0,0,8.27,7.68,4960053,0,uvm_report_server
RUN-005795,erase_suspend_test-005795,318131784,PASS,pass,NONE,,,,0,0,0,0,0,19.15,12.7,15322290,0,uvm_report_server
RUN-005796,read_disturb_test-005796,355165878,PASS,pass,NONE,,,,0,1,0,0,0,19.23,6.96,7690521,0,uvm_report_server
RUN-005797,mixed_rw_test-005797,1953422586,FAIL,fail,ASSERTION_FAIL,E_ASRT_0x60,ASSERTION_FAIL,2500,2,0,0,0,0,3.86,8.02,1544396,1,uvm_report_server
RUN-005798,garbage_collect_test-005798,1334250350,PASS,pass,NONE,,,,0,0,0,0,0,137.65,15.58,165182025,0,uvm_report_server
RUN-005799,mixed_rw_test-005799,2053557890,PASS,pass,NONE,,,,0,1,0,0,0,22.72,6.08,27267496,0,uvm_report_server
RUN-005800,mixed_rw_test-005800,575143797,PASS,pass,NONE,,,,0,0,0,0,0,20.5,26.26,24595136,0,uvm_report_server
RUN-005801,random_read_test-005801,495606676,PASS,pass,NONE,,,,0,0,0,0,0,2.59,49.69,3108680,0,uvm_report_server
RUN-005802,garbage_collect_test-005802,1204237943,PASS,pass,NONE,,,,0,0,0,0,0,14.26,67.89,11409669,0,uvm_report_server
RUN-005803,mixed_rw_test-005803,10988018,PASS,pass,NONE,,,,0,1,0,0,0,27.79,34.61,16673323,0,uvm_report_server
RUN-005804,sequential_write_test-005804,59566379,PASS,pass,NONE,,,,0,0,0,0,0,7.06,278.35,5650010,0,uvm_report_server
RUN-005805,read_disturb_test-005805,1168292277,FAIL,fail,DATA_MISMATCH,E_CMP_0x11,DATA_MISMATCH,6510,1,1,0,0,1,10.51,59.5,4203794,1,uvm_report_server
RUN-005806,random_read_test-005806,265897532,FAIL,fail,TIMEOUT,E_TMO_0x40,TIMEOUT,1961250,3,0,1,0,0,1965.25,0.02,1965253711,1,uvm_report_server
RUN-005807,mixed_rw_test-005807,1013347278,PASS,pass,NONE,,,,0,0,0,0,0,92.1,48.23,110522513,0,uvm_report_server
RUN-005808,mixed_rw_test-005808,1379804112,PASS,pass,NONE,,,,0,1,0,0,0,8.19,493.04,8193172,0,uvm_report_server
RUN-005809,power_cycle_test-005809,146885863,PASS,pass,NONE,,,,0,0,0,0,0,7.45,282.69,4467475,0,uvm_report_server
RUN-005810,mixed_rw_test-005810,1504979285,PASS,pass,NONE,,,,0,1,0,0,0,1.0,120.3,1200000,0,uvm_report_server
RUN-005811,read_disturb_test-005811,525396030,PASS,pass,NONE,,,,0,0,0,0,0,21.78,1.54,8710141,0,uvm_report_server
RUN-005812,garbage_collect_test-005812,1206519750,FAIL,fail,ASSERTION_FAIL,E_ASRT_0x60,ASSERTION_FAIL,2500,4,1,0,1,0,3.26,5.3,2609748,1,uvm_report_server
RUN-005813,sequential_write_test-005813,1174192368,PASS,pass,NONE,,,,0,1,0,0,0,5.28,11.49,3166782,0,uvm_report_server
RUN-005814,power_cycle_test-005814,159022860,PASS,pass,NONE,,,,0,1,0,0,0,5.32,12.35,5319829,0,uvm_report_server
RUN-005815,garbage_collect_test-005815,1202392315,PASS,pass,NONE,,,,0,0,0,0,0,65.84,64.93,65842578,0,uvm_report_server
RUN-005816,power_cycle_test-005816,565645115,PASS,pass,NONE,,,,0,0,0,0,0,168.12,2.99,100874473,0,uvm_report_server
RUN-005817,read_disturb_test-005817,1168724880,PASS,pass,NONE,,,,0,0,0,0,0,17.3,7.94,10381107,0,uvm_report_server
RUN-005818,random_read_test-005818,1646099119,PASS,pass,NONE,,,,0,1,0,0,0,4.06,468.01,4874687,0,uvm_report_server
RUN-005819,mixed_rw_test-005819,303547589,PASS,pass,NONE,,,,0,0,0,0,0,4.25,1.87,2547594,0,uvm_report_server
RUN-005820,back_to_back_program_test-005820,915078432,FAIL,fail,FIFO_OVERFLOW,E_FIFO_0x21,FIFO_OVERFLOW,459640,2,0,0,1,0,463.64,0.23,278185684,1,uvm_report_server
RUN-005821,random_read_test-005821,69017333,PASS,pass,NONE,,,,0,1,0,0,0,29.43,33.73,35311934,0,uvm_report_server
RUN-005822,back_to_back_program_test-005822,419550082,PASS,pass,NONE,,,,0,0,0,0,0,23.26,5.76,18609572,0,uvm_report_server
RUN-005823,garbage_collect_test-005823,1894523860,PASS,pass,NONE,,,,0,0,0,0,0,22.28,11.87,17822061,0,uvm_report_server
RUN-005824,garbage_collect_test-005824,1661387794,PASS,pass,NONE,,,,0,0,0,0,0,36.75,14.37,29397475,0,uvm_report_server
RUN-005825,read_disturb_test-005825,391717250,FAIL,fail,TIMEOUT,E_TMO_0x40,TIMEOUT,1981090,2,1,1,1,0,1985.09,0.03,2382103622,1,uvm_report_server
RUN-005826,mixed_rw_test-005826,1846855576,PASS,pass,NONE,,,,0,0,0,0,0,5.34,11.83,5341502,0,uvm_report_server
RUN-005827,back_to_back_program_test-005827,612036685,FAIL,fail,TIMEOUT,E_TMO_0x40,TIMEOUT,1958310,3,0,1,1,0,1962.31,0.06,2354766244,1,uvm_report_server
RUN-005828,read_disturb_test-005828,1239458850,FAIL,fail,DATA_MISMATCH,E_CMP_0x11,DATA_MISMATCH,2500,2,0,0,0,1,1.48,242.79,592319,1,uvm_report_server
RUN-005829,power_cycle_test-005829,1017801505,PASS,pass,NONE,,,,0,1,0,0,0,4.93,13.18,1973925,0,uvm_report_server
RUN-005830,random_read_test-005830,412763235,PASS,pass,NONE,,,,0,0,0,0,0,47.48,10.49,56979398,0,uvm_report_server
RUN-005831,erase_suspend_test-005831,129799892,PASS,pass,NONE,,,,0,1,0,0,0,94.2,0.64,56518296,0,uvm_report_server
RUN-005832,read_disturb_test-005832,1587217788,PASS,pass,NONE,,,,0,0,0,0,0,453.57,8.95,362857487,0,uvm_report_server
RUN-005833,erase_suspend_test-005833,1049560194,PASS,pass,NONE,,,,0,1,0,0,0,30.88,8.96,18526867,0,uvm_report_server
RUN-005834,mixed_rw_test-005834,904559,PASS,pass,NONE,,,,0,0,0,0,0,5.46,11.98,3274587,0,uvm_report_server
RUN-005835,read_disturb_test-005835,1442743803,PASS,pass,NONE,,,,0,0,0,0,0,40.17,24.0,32134207,0,uvm_report_server
RUN-005836,random_read_test-005836,524924813,PASS,pass,NONE,,,,0,0,0,0,0,1.0,31.41,800000,0,uvm_report_server
RUN-005837,mixed_rw_test-005837,2069109081,PASS,pass,NONE,,,,0,1,0,0,0,14.02,4.98,8413475,0,uvm_report_server
RUN-005838,back_to_back_program_test-005838,1742595793,PASS,pass,NONE,,,,0,0,0,0,0,10.92,24.28,8738004,0,uvm_report_server
RUN-005839,mixed_rw_test-005839,1059410713,PASS,pass,NONE,,,,0,0,0,0,0,39.6,54.37,23758932,0,uvm_report_server
RUN-005840,garbage_collect_test-005840,1205080274,PASS,pass,NONE,,,,0,1,0,0,0,8.16,33.73,8161353,0,uvm_report_server
RUN-005841,erase_suspend_test-005841,906648232,FAIL,fail,THERMAL_SHUTDOWN,E_THRM_0x80,THERMAL_SHUTDOWN,184830,2,0,0,0,0,188.83,14.22,75530310,1,uvm_report_server
RUN-005842,power_cycle_test-005842,2007017185,FAIL,fail,RETENTION_FAIL,E_RET_0x71,RETENTION_FAIL,198680,4,1,0,1,1,202.68,1.29,162145709,1,uvm_report_server
RUN-005843,mixed_rw_test-005843,762945453,PASS,pass,NONE,,,,0,1,0,0,0,39.19,28.24,15675081,0,uvm_report_server
RUN-005844,mixed_rw_test-005844,1824083139,PASS,pass,NONE,,,,0,0,0,0,0,86.41,12.12,103694385,0,uvm_report_server
RUN-005845,back_to_back_program_test-005845,739913617,PASS,pass,NONE,,,,0,0,0,0,0,129.95,4.02,77970259,0,uvm_report_server
RUN-005846,read_disturb_test-005846,1062259771,PASS,pass,NONE,,,,0,1,0,0,0,5.47,23.56,3280013,0,uvm_report_server
RUN-005847,back_to_back_program_test-005847,1341228951,PASS,pass,NONE,,,,0,0,0,0,0,73.46,1.73,58765363,0,uvm_report_server
RUN-005848,random_read_test-005848,1344790276,PASS,pass,NONE,,,,0,0,0,0,0,240.64,4.62,288770531,0,uvm_report_server
RUN-005849,garbage_collect_test-005849,50196015,PASS,pass,NONE,,,,0,0,0,0,0,30.95,32.8,24763271,0,uvm_report_server
RUN-005850,read_disturb_test-005850,1108614179,PASS,pass,NONE,,,,0,1,0,0,0,2.88,45.03,2300870,0,uvm_report_server
RUN-005851,sequential_write_test-005851,1902089128,PASS,pass,NONE,,,,0,0,0,0,0,3.57,37.53,2856359,0,uvm_report_server
RUN-005852,garbage_collect_test-005852,1247552656,PASS,pass,NONE,,,,0,0,0,0,0,4.27,28.55,2559610,0,uvm_report_server
RUN-005853,back_to_back_program_test-005853,1793869932,PASS,pass,NONE,,,,0,1,0,0,0,9.08,13.56,3633059,0,uvm_report_server
RUN-005854,read_disturb_test-005854,631427479,PASS,pass,NONE,,,,0,0,0,0,0,20.8,11.83,8321460,0,uvm_report_server
RUN-005855,garbage_collect_test-005855,479640401,PASS,pass,NONE,,,,0,0,0,0,0,52.76,2.55,42209279,0,uvm_report_server
RUN-005856,garbage_collect_test-005856,1816635045,FAIL,fail,DATA_MISMATCH,E_CMP_0x11,DATA_MISMATCH,3580,4,0,0,1,1,7.58,66.83,4547525,1,uvm_report_server
RUN-005857,garbage_collect_test-005857,428919803,FAIL,fail,DATA_MISMATCH,E_CMP_0x11,DATA_MISMATCH,11240,2,1,0,0,1,15.24,4.53,15237659,1,uvm_report_server
RUN-005858,power_cycle_test-005858,490173209,FAIL,fail,PROTOCOL_VIOLATION,E_PROT_0x52,PROTOCOL_VIOLATION,2500,2,0,1,0,0,1.23,57.28,987667,1,uvm_report_server
RUN-005859,power_cycle_test-005859,1596152777,PASS,pass,NONE,,,,0,0,0,0,0,15.88,240.75,9527601,0,uvm_report_server
RUN-005860,sequential_write_test-005860,831323189,PASS,pass,NONE,,,,0,0,0,0,0,1.0,15.73,1000000,0,uvm_report_server
RUN-005861,mixed_rw_test-005861,91678982,PASS,pass,NONE,,,,0,1,0,0,0,33.6,1.05,26882565,0,uvm_report_server
RUN-005862,power_cycle_test-005862,977664210,FAIL,fail,TIMEOUT,E_TMO_0x40,TIMEOUT,1985150,3,0,1,0,0,1989.15,0.19,1989146590,1,uvm_report_server
RUN-005863,random_read_test-005863,171367483,PASS,pass,NONE,,,,0,0,0,0,0,31.11,8.58,18667481,0,uvm_report_server
RUN-005864,random_read_test-005864,1450463120,PASS,pass,NONE,,,,0,0,0,0,0,31.95,15.07,38343969,0,uvm_report_server
RUN-005865,random_read_test-005865,50270285,FAIL,fail,ECC_UNCORRECTABLE,E_ECC_0x33,ECC_UNCORRECTABLE,290690,2,0,0,0,1,294.69,13.67,294692445,1,uvm_report_server
RUN-005866,power_cycle_test-005866,535702951,PASS,pass,NONE,,,,0,1,0,0,0,18.32,7.63,10991376,0,uvm_report_server
RUN-005867,erase_suspend_test-005867,1916668377,FAIL,fail,RETENTION_FAIL,E_RET_0x71,RETENTION_FAIL,44980,4,0,0,1,1,48.98,20.74,48975142,1,uvm_report_server
RUN-005868,random_read_test-005868,677274598,PASS,pass,NONE,,,,0,1,0,0,0,38.37,1.59,23024624,0,uvm_report_server
RUN-005869,mixed_rw_test-005869,1065628876,PASS,pass,NONE,,,,0,0,0,0,0,17.55,29.92,14041695,0,uvm_report_server
RUN-005870,garbage_collect_test-005870,405625921,PASS,pass,NONE,,,,0,0,0,0,0,96.37,2.57,38547159,0,uvm_report_server
RUN-005871,power_cycle_test-005871,595473339,PASS,pass,NONE,,,,0,0,0,0,0,1.18,219.83,947604,0,uvm_report_server
RUN-005872,random_read_test-005872,1226525783,FAIL,fail,PROTOCOL_VIOLATION,E_PROT_0x52,PROTOCOL_VIOLATION,19450,2,1,1,0,0,23.45,46.02,18758731,1,uvm_report_server
RUN-005873,power_cycle_test-005873,88765405,PASS,pass,NONE,,,,0,1,0,0,0,3.55,71.03,2842775,0,uvm_report_server
RUN-005874,erase_suspend_test-005874,361340379,PASS,pass,NONE,,,,0,0,0,0,0,1.0,31.89,800000,0,uvm_report_server
RUN-005875,sequential_write_test-005875,1142907057,PASS,pass,NONE,,,,0,0,0,0,0,9.99,96.7,5996109,0,uvm_report_server
RUN-005876,sequential_write_test-005876,1920999739,PASS,pass,NONE,,,,0,1,0,0,0,6.14,2.47,4910639,0,uvm_report_server
RUN-005877,back_to_back_program_test-005877,562648139,FAIL,fail,TIMEOUT,E_TMO_0x40,TIMEOUT,1969500,4,1,1,1,0,1973.5,0.08,1973501980,1,uvm_report_server
RUN-005878,sequential_write_test-005878,1071075997,PASS,pass,NONE,,,,0,0,0,0,0,6.38,21.44,5106529,0,uvm_report_server
RUN-005879,read_disturb_test-005879,886187318,PASS,pass,NONE,,,,0,0,0,0,0,15.97,4.19,15967131,0,uvm_report_server
RUN-005880,garbage_collect_test-005880,390012492,PASS,pass,NONE,,,,0,0,0,0,0,4.37,56.45,4372714,0,uvm_report_server
RUN-005881,sequential_write_test-005881,674870193,PASS,pass,NONE,,,,0,0,0,0,0,12.75,19.61,10197053,0,uvm_report_server
RUN-005882,sequential_write_test-005882,285115176,FAIL,fail,DATA_MISMATCH,E_CMP_0x11,DATA_MISMATCH,2500,2,0,0,1,1,1.77,16.05,1768942,1,uvm_report_server
RUN-005883,garbage_collect_test-005883,2009738209,PASS,pass,NONE,,,,0,1,0,0,0,115.32,17.76,69194818,0,uvm_report_server
RUN-005884,back_to_back_program_test-005884,1769695673,PASS,pass,NONE,,,,0,0,0,0,0,47.44,10.83,37955757,0,uvm_report_server
RUN-005885,back_to_back_program_test-005885,1622050135,PASS,pass,NONE,,,,0,1,0,0,0,1.8,19.55,1080802,0,uvm_report_server
RUN-005886,random_read_test-005886,1507383799,PASS,pass,NONE,,,,0,1,0,0,0,60.07,9.12,48056951,0,uvm_report_server
RUN-005887,back_to_back_program_test-005887,1430291621,FAIL,fail,FIFO_OVERFLOW,E_FIFO_0x21,FIFO_OVERFLOW,18460,3,0,0,0,0,22.46,4.39,13474905,1,uvm_report_server
RUN-005888,power_cycle_test-005888,40758855,PASS,pass,NONE,,,,0,0,0,0,0,6.28,4.88,6280112,0,uvm_report_server
RUN-005889,power_cycle_test-005889,1856693704,PASS,pass,NONE,,,,0,1,0,0,0,112.8,4.96,45121109,0,uvm_report_server
RUN-005890,mixed_rw_test-005890,828028597,PASS,pass,NONE,,,,0,1,0,0,0,184.78,5.58,73911229,0,uvm_report_server
RUN-005891,power_cycle_test-005891,311652766,PASS,pass,NONE,,,,0,0,0,0,0,11.84,11.14,9470273,0,uvm_report_server
RUN-005892,mixed_rw_test-005892,1415328506,FAIL,fail,DATA_MISMATCH,E_CMP_0x11,DATA_MISMATCH,2500,3,0,0,1,1,2.05,7.85,1640241,1,uvm_report_server
RUN-005893,back_to_back_program_test-005893,127889217,PASS,pass,NONE,,,,0,0,0,0,0,308.3,13.71,369961333,0,uvm_report_server
RUN-005894,back_to_back_program_test-005894,2093944123,PASS,pass,NONE,,,,0,0,0,0,0,25.63,87.21,25626367,0,uvm_report_server
RUN-005895,random_read_test-005895,568426052,PASS,pass,NONE,,,,0,0,0,0,0,13.04,2.31,13040274,0,uvm_report_server
RUN-005896,back_to_back_program_test-005896,123964454,PASS,pass,NONE,,,,0,1,0,0,0,121.36,8.85,97088763,0,uvm_report_server
RUN-005897,sequential_write_test-005897,1471602466,PASS,pass,NONE,,,,0,0,0,0,0,25.69,10.39,10275729,0,uvm_report_server
RUN-005898,erase_suspend_test-005898,2146289189,PASS,pass,NONE,,,,0,0,0,0,0,164.35,1.48,131482564,0,uvm_report_server
RUN-005899,back_to_back_program_test-005899,1941256513,PASS,pass,NONE,,,,0,0,0,0,0,94.41,22.22,56648553,0,uvm_report_server
RUN-005900,random_read_test-005900,1112080452,PASS,pass,NONE,,,,0,0,0,0,0,4.21,28.6,3371868,0,uvm_report_server
RUN-005901,mixed_rw_test-005901,1240095312,PASS,pass,NONE,,,,0,0,0,0,0,5.01,0.88,4009423,0,uvm_report_server
RUN-005902,sequential_write_test-005902,567870692,PASS,pass,NONE,,,,0,0,0,0,0,5.83,10.46,4667073,0,uvm_report_server
RUN-005903,power_cycle_test-005903,1765718774,PASS,pass,NONE,,,,0,0,0,0,0,13.62,39.95,13621552,0,uvm_report_server
RUN-005904,erase_suspend_test-005904,317958681,PASS,pass,NONE,,,,0,1,0,0,0,3.47,78.6,2779730,0,uvm_report_server
RUN-005905,erase_suspend_test-005905,697522301,PASS,pass,NONE,,,,0,1,0,0,0,7.27,4.82,7271281,0,uvm_report_server
RUN-005906,erase_suspend_test-005906,464572340,FAIL,fail,TIMEOUT,E_TMO_0x40,TIMEOUT,1990560,3,0,1,0,0,1994.56,0.8,1994564999,1,uvm_report_server
RUN-005907,erase_suspend_test-005907,880760341,FAIL,fail,DATA_MISMATCH,E_CMP_0x11,DATA_MISMATCH,2870,2,0,0,1,1,6.87,33.42,5493169,1,uvm_report_server
RUN-005908,back_to_back_program_test-005908,1728500749,FAIL,fail,FIFO_OVERFLOW,E_FIFO_0x21,FIFO_OVERFLOW,80470,3,1,0,0,0,84.47,54.35,67574404,1,uvm_report_server
RUN-005909,mixed_rw_test-005909,1498267442,PASS,pass,NONE,,,,0,1,0,0,0,1.01,69.22,1210030,0,uvm_report_server
RUN-005910,mixed_rw_test-005910,1695866533,PASS,pass,NONE,,,,0,0,0,0,0,1.0,67.63,800000,0,uvm_report_server
RUN-005911,back_to_back_program_test-005911,1705398105,PASS,pass,NONE,,,,0,0,0,0,0,36.37,0.43,21820604,0,uvm_report_server
RUN-005912,back_to_back_program_test-005912,157475558,PASS,pass,NONE,,,,0,1,0,0,0,24.01,20.11,14403826,0,uvm_report_server
RUN-005913,mixed_rw_test-005913,26052745,PASS,pass,NONE,,,,0,0,0,0,0,3.26,9.97,2607142,0,uvm_report_server
RUN-005914,sequential_write_test-005914,570491293,PASS,pass,NONE,,,,0,0,0,0,0,23.75,10.87,18998097,0,uvm_report_server
RUN-005915,sequential_write_test-005915,1107140688,PASS,pass,NONE,,,,0,1,0,0,0,12.99,10.79,12988761,0,uvm_report_server
RUN-005916,sequential_write_test-005916,1215469532,PASS,pass,NONE,,,,0,0,0,0,0,65.51,8.39,26205626,0,uvm_report_server
RUN-005917,sequential_write_test-005917,1080570012,PASS,pass,NONE,,,,0,1,0,0,0,128.39,17.09,154063028,0,uvm_report_server
RUN-005918,read_disturb_test-005918,255563180,PASS,pass,NONE,,,,0,1,0,0,0,8.26,7.97,3302876,0,uvm_report_server
RUN-005919,sequential_write_test-005919,961835949,FAIL,fail,THERMAL_SHUTDOWN,E_THRM_0x80,THERMAL_SHUTDOWN,32910,3,0,0,0,0,36.91,138.08,14763733,1,uvm_report_server
RUN-005920,power_cycle_test-005920,1838187486,FAIL,fail,ECC_UNCORRECTABLE,E_ECC_0x33,ECC_UNCORRECTABLE,155710,1,0,0,0,1,159.71,21.71,95823560,1,uvm_report_server
RUN-005921,sequential_write_test-005921,465388062,PASS,pass,NONE,,,,0,1,0,0,0,369.63,1.48,221779598,0,uvm_report_server
RUN-005922,sequential_write_test-005922,1473986661,PASS,pass,NONE,,,,0,1,0,0,0,1.0,134.78,600000,0,uvm_report_server
RUN-005923,back_to_back_program_test-005923,1095581940,PASS,pass,NONE,,,,0,1,0,0,0,20.5,49.15,20498628,0,uvm_report_server
RUN-005924,erase_suspend_test-005924,1897350682,FAIL,fail,TIMEOUT,E_TMO_0x40,TIMEOUT,1990000,2,0,1,0,0,1994.0,0.01,1994001388,1,uvm_report_server
RUN-005925,read_disturb_test-005925,149587059,PASS,pass,NONE,,,,0,0,0,0,0,95.52,5.5,57314342,0,uvm_report_server
RUN-005926,read_disturb_test-005926,1548079420,PASS,pass,NONE,,,,0,0,0,0,0,5.07,385.89,5067775,0,uvm_report_server
RUN-005927,power_cycle_test-005927,145450963,FAIL,fail,DATA_MISMATCH,E_CMP_0x11,DATA_MISMATCH,3960,3,0,0,1,1,7.96,112.83,7961521,1,uvm_report_server
RUN-005928,back_to_back_program_test-005928,1943570272,PASS,pass,NONE,,,,0,1,0,0,0,143.15,3.62,143153829,0,uvm_report_server
RUN-005929,sequential_write_test-005929,340648649,PASS,pass,NONE,,,,0,0,0,0,0,515.27,2.18,412216630,0,uvm_report_server
RUN-005930,read_disturb_test-005930,1072833860,PASS,pass,NONE,,,,0,0,0,0,0,50.94,9.49,40752768,0,uvm_report_server
RUN-005931,erase_suspend_test-005931,1458489365,FAIL,fail,THERMAL_SHUTDOWN,E_THRM_0x80,THERMAL_SHUTDOWN,3540,3,0,0,1,0,7.54,50.75,9049305,1,uvm_report_server
RUN-005932,random_read_test-005932,1742232887,PASS,pass,NONE,,,,0,1,0,0,0,71.42,3.67,71417569,0,uvm_report_server
RUN-005933,sequential_write_test-005933,769208250,FAIL,fail,DATA_MISMATCH,E_CMP_0x11,DATA_MISMATCH,2500,1,1,0,0,1,1.0,1.9,600000,1,uvm_report_server
RUN-005934,random_read_test-005934,564601799,PASS,pass,NONE,,,,0,0,0,0,0,13.24,37.61,7943575,0,uvm_report_server
RUN-005935,read_disturb_test-005935,460202055,PASS,pass,NONE,,,,0,0,0,0,0,7.36,149.81,7361725,0,uvm_report_server
RUN-005936,sequential_write_test-005936,993901142,PASS,pass,NONE,,,,0,0,0,0,0,120.18,34.6,96146941,0,uvm_report_server
RUN-005937,garbage_collect_test-005937,390406653,FAIL,fail,TIMEOUT,E_TMO_0x40,TIMEOUT,1959010,2,0,1,0,0,1963.01,0.08,1963011897,1,uvm_report_server
RUN-005938,random_read_test-005938,316622702,PASS,pass,NONE,,,,0,0,0,0,0,37.97,111.35,15186647,0,uvm_report_server
RUN-005939,erase_suspend_test-005939,453066014,PASS,pass,NONE,,,,0,0,0,0,0,184.26,10.56,221116891,0,uvm_report_server
RUN-005940,back_to_back_program_test-005940,2034433848,FAIL,fail,ASSERTION_FAIL,E_ASRT_0x60,ASSERTION_FAIL,2500,3,0,0,0,0,5.62,10.96,3373536,1,uvm_report_server
RUN-005941,read_disturb_test-005941,156061775,FAIL,fail,TIMEOUT,E_TMO_0x40,TIMEOUT,1984840,2,0,1,0,0,1988.84,0.14,1988837653,1,uvm_report_server
RUN-005942,read_disturb_test-005942,1945448995,PASS,pass,NONE,,,,0,1,0,0,0,22.03,91.73,17626896,0,uvm_report_server
RUN-005943,sequential_write_test-005943,183321862,PASS,pass,NONE,,,,0,1,0,0,0,52.33,10.56,41867904,0,uvm_report_server
RUN-005944,power_cycle_test-005944,1966763820,PASS,pass,NONE,,,,0,0,0,0,0,18.9,6.48,18900660,0,uvm_report_server
RUN-005945,garbage_collect_test-005945,274884729,PASS,pass,NONE,,,,0,1,0,0,0,1113.12,8.05,667869854,0,uvm_report_server
RUN-005946,sequential_write_test-005946,846883623,PASS,pass,NONE,,,,0,0,0,0,0,94.9,10.48,37959500,0,uvm_report_server
RUN-005947,mixed_rw_test-005947,1433767445,PASS,pass,NONE,,,,0,0,0,0,0,14.47,70.19,17368583,0,uvm_report_server
RUN-005948,back_to_back_program_test-005948,167958733,FAIL,fail,FIFO_OVERFLOW,E_FIFO_0x21,FIFO_OVERFLOW,2500,4,1,0,1,0,6.23,89.87,7476040,1,uvm_report_server
RUN-005949,back_to_back_program_test-005949,1980579346,PASS,pass,NONE,,,,0,1,0,0,0,14.99,17.25,11989400,0,uvm_report_server
RUN-005950,back_to_back_program_test-005950,1777734348,PASS,pass,NONE,,,,0,0,0,0,0,3.02,20.46,2414255,0,uvm_report_server
RUN-005951,mixed_rw_test-005951,1837406714,PASS,pass,NONE,,,,0,0,0,0,0,21.77,49.47,8708998,0,uvm_report_server
RUN-005952,sequential_write_test-005952,2146942521,FAIL,fail,ASSERTION_FAIL,E_ASRT_0x60,ASSERTION_FAIL,2500,2,0,0,0,0,1.0,34.12,1000000,1,uvm_report_server
RUN-005953,sequential_write_test-005953,198275950,PASS,pass,NONE,,,,0,0,0,0,0,87.75,12.56,87751306,0,uvm_report_server
RUN-005954,mixed_rw_test-005954,887912861,PASS,pass,NONE,,,,0,0,0,0,0,80.47,1.52,32186732,0,uvm_report_server
RUN-005955,random_read_test-005955,1552720360,PASS,pass,NONE,,,,0,1,0,0,0,25.08,10.93,10031995,0,uvm_report_server
RUN-005956,erase_suspend_test-005956,1335762725,PASS,pass,NONE,,,,0,0,0,0,0,7.9,8.47,7901273,0,uvm_report_server
RUN-005957,erase_suspend_test-005957,1335447245,PASS,pass,NONE,,,,0,0,0,0,0,42.36,11.71,33886072,0,uvm_report_server
RUN-005958,garbage_collect_test-005958,98958280,PASS,pass,NONE,,,,0,1,0,0,0,13.76,39.12,11010958,0,uvm_report_server
RUN-005959,erase_suspend_test-005959,970545038,PASS,pass,NONE,,,,0,0,0,0,0,8.8,59.06,3518249,0,uvm_report_server
RUN-005960,mixed_rw_test-005960,1021055832,FAIL,fail,THERMAL_SHUTDOWN,E_THRM_0x80,THERMAL_SHUTDOWN,4840,1,0,0,0,0,8.84,4.45,10611160,1,uvm_report_server
RUN-005961,mixed_rw_test-005961,424297417,PASS,pass,NONE,,,,0,0,0,0,0,86.56,11.29,86563812,0,uvm_report_server
RUN-005962,erase_suspend_test-005962,21585816,PASS,pass,NONE,,,,0,0,0,0,0,159.43,6.11,63770868,0,uvm_report_server
RUN-005963,erase_suspend_test-005963,194967322,PASS,pass,NONE,,,,0,0,0,0,0,167.51,1.68,100506024,0,uvm_report_server
RUN-005964,random_read_test-005964,1281028788,PASS,pass,NONE,,,,0,0,0,0,0,154.75,0.21,61900071,0,uvm_report_server
RUN-005965,back_to_back_program_test-005965,12941204,PASS,pass,NONE,,,,0,0,0,0,0,198.76,5.11,119255703,0,uvm_report_server
RUN-005966,erase_suspend_test-005966,145096322,PASS,pass,NONE,,,,0,0,0,0,0,9.34,6.59,9338332,0,uvm_report_server
RUN-005967,garbage_collect_test-005967,863317248,FAIL,fail,PROTOCOL_VIOLATION,E_PROT_0x52,PROTOCOL_VIOLATION,14370,2,1,1,0,0,18.37,180.71,18372632,1,uvm_report_server
RUN-005968,back_to_back_program_test-005968,611649389,FAIL,fail,THERMAL_SHUTDOWN,E_THRM_0x80,THERMAL_SHUTDOWN,2500,1,1,0,0,0,6.03,54.5,4824836,1,uvm_report_server
RUN-005969,random_read_test-005969,524611485,FAIL,fail,RETENTION_FAIL,E_RET_0x71,RETENTION_FAIL,2500,3,0,0,0,1,6.23,1.52,7472579,1,uvm_report_server
RUN-005970,random_read_test-005970,979783693,FAIL,fail,ASSERTION_FAIL,E_ASRT_0x60,ASSERTION_FAIL,41240,1,0,0,0,0,45.24,29.86,18097361,1,uvm_report_server
RUN-005971,read_disturb_test-005971,441377626,PASS,pass,NONE,,,,0,0,0,0,0,77.8,13.97,31118392,0,uvm_report_server
RUN-005972,mixed_rw_test-005972,457674533,PASS,pass,NONE,,,,0,1,0,0,0,9.53,403.04,7625190,0,uvm_report_server
RUN-005973,erase_suspend_test-005973,1040861185,PASS,pass,NONE,,,,0,0,0,0,0,143.53,1.7,57412273,0,uvm_report_server
RUN-005974,random_read_test-005974,2017281863,PASS,pass,NONE,,,,0,0,0,0,0,2.3,3.84,2304773,0,uvm_report_server
RUN-005975,back_to_back_program_test-005975,463595865,PASS,pass,NONE,,,,0,0,0,0,0,21.6,25.54,12958500,0,uvm_report_server
RUN-005976,sequential_write_test-005976,1449474089,PASS,pass,NONE,,,,0,0,0,0,0,4.09,1.07,4087988,0,uvm_report_server
RUN-005977,back_to_back_program_test-005977,1168394082,PASS,pass,NONE,,,,0,1,0,0,0,2.27,441.84,1363382,0,uvm_report_server
RUN-005978,mixed_rw_test-005978,1972061866,FAIL,fail,DATA_MISMATCH,E_CMP_0x11,DATA_MISMATCH,51490,1,0,0,0,1,55.49,125.3,33292726,1,uvm_report_server
RUN-005979,back_to_back_program_test-005979,1908492257,PASS,pass,NONE,,,,0,0,0,0,0,50.49,4.92,30295216,0,uvm_report_server
RUN-005980,random_read_test-005980,1460072957,FAIL,fail,DATA_MISMATCH,E_CMP_0x11,DATA_MISMATCH,5020,2,0,0,0,1,9.02,5.44,5410874,1,uvm_report_server
RUN-005981,power_cycle_test-005981,1105598088,PASS,pass,NONE,,,,0,1,0,0,0,112.84,1.19,45137972,0,uvm_report_server
RUN-005982,read_disturb_test-005982,935242554,PASS,pass,NONE,,,,0,1,0,0,0,1.96,34.9,1570928,0,uvm_report_server
RUN-005983,sequential_write_test-005983,344041379,PASS,pass,NONE,,,,0,0,0,0,0,12.18,5.64,12182575,0,uvm_report_server
RUN-005984,power_cycle_test-005984,1267584589,PASS,pass,NONE,,,,0,0,0,0,0,2.71,12.28,2171258,0,uvm_report_server
RUN-005985,erase_suspend_test-005985,500965365,PASS,pass,NONE,,,,0,0,0,0,0,9.04,14.28,9036912,0,uvm_report_server
RUN-005986,random_read_test-005986,1549642500,PASS,pass,NONE,,,,0,0,0,0,0,61.72,18.2,24688761,0,uvm_report_server
RUN-005987,garbage_collect_test-005987,1928513515,PASS,pass,NONE,,,,0,1,0,0,0,10.0,104.59,7998398,0,uvm_report_server
RUN-005988,mixed_rw_test-005988,508122144,PASS,pass,NONE,,,,0,1,0,0,0,47.84,11.44,38271716,0,uvm_report_server
RUN-005989,random_read_test-005989,347476708,PASS,pass,NONE,,,,0,0,0,0,0,26.1,20.88,15657385,0,uvm_report_server
RUN-005990,sequential_write_test-005990,2100780886,FAIL,fail,DATA_MISMATCH,E_CMP_0x11,DATA_MISMATCH,2500,2,0,0,0,1,1.0,3.36,800000,1,uvm_report_server
RUN-005991,garbage_collect_test-005991,1787575093,FAIL,fail,TIMEOUT,E_TMO_0x40,TIMEOUT,1975610,1,0,1,0,0,1979.61,0.48,1979614928,1,uvm_report_server
RUN-005992,power_cycle_test-005992,312894876,PASS,pass,NONE,,,,0,0,0,0,0,139.69,3.77,83813235,0,uvm_report_server
RUN-005993,sequential_write_test-005993,1980052600,PASS,pass,NONE,,,,0,0,0,0,0,3.06,21.69,1223583,0,uvm_report_server
RUN-005994,sequential_write_test-005994,88274562,FAIL,fail,DATA_MISMATCH,E_CMP_0x11,DATA_MISMATCH,35040,3,0,0,1,1,39.04,62.18,39035939,1,uvm_report_server
RUN-005995,erase_suspend_test-005995,279991679,FAIL,fail,TIMEOUT,E_TMO_0x40,TIMEOUT,1975890,3,1,1,1,0,1979.89,0.86,1979892228,1,uvm_report_server
RUN-005996,sequential_write_test-005996,1457170978,PASS,pass,NONE,,,,0,0,0,0,0,2.45,6.96,2448857,0,uvm_report_server
RUN-005997,back_to_back_program_test-005997,250289083,FAIL,fail,FIFO_OVERFLOW,E_FIFO_0x21,FIFO_OVERFLOW,475580,2,0,0,0,0,479.58,0.52,287750986,1,uvm_report_server
RUN-005998,sequential_write_test-005998,297523365,FAIL,fail,PROTOCOL_VIOLATION,E_PROT_0x52,PROTOCOL_VIOLATION,2500,2,0,1,0,0,3.21,223.45,1925675,1,uvm_report_server
RUN-005999,garbage_collect_test-005999,1448471542,PASS,pass,NONE,,,,0,0,0,0,0,3.33,37.24,3332554,0,uvm_report_server
RUN-006000,read_disturb_test-006000,1755301011,FAIL,fail,TIMEOUT,E_TMO_0x40,TIMEOUT,1977030,3,0,1,0,0,1981.03,0.01,1981030517,1,uvm_report_server
