test_name,pcie_gen_speed,pcie_lanes,nvme_queue_depth,lba_format_bytes,ftl_wear_leveling,hmb_enabled,power_state,voltage_mv,temperature_c,seed,run_id,execution_time_ms,throughput_mbps,cycles,uvm_error_count,uvm_fatal_count,verdict,pass_fail,uvm_error_total,uvm_fatal_total,uvm_warning_total,primary_error_tag,distinct_error_tags,trace_fingerprint,error_trace
NVMe_Flush_Cache,Gen5_32GTs,4,256,512,Dynamic,0,PS2_LowPower,1200.3,83.1,70276058,RUN-NVME-000001,530.65,3967.39,53065000,0,0,PASSED,pass,0,0,0,NONE,0,CLEAN,
PCIe_Link_Retrain_Stress,Gen5_32GTs,2,64,512,Dynamic,1,PS0_MaxPerformance,1122.8,75.9,85050471,RUN-NVME-000002,388.06,3473.28,38806000,0,0,PASSED,pass,0,0,0,NONE,0,CLEAN,
NVMe_Random_4K_Write,Gen4_16GTs,2,1024,512,Static,1,PS0_MaxPerformance,1201.9,42.8,76332854,RUN-NVME-000003,94.76,4385.59,9476000,0,0,PASSED,pass,0,0,0,NONE,0,CLEAN,
PCIe_Link_Retrain_Stress,Gen5_32GTs,4,256,512,Static,1,PS0_MaxPerformance,1173.8,32.6,88259139,RUN-NVME-000004,102.96,5167.43,10296000,0,0,PASSED,pass,0,0,0,NONE,0,CLEAN,
NVMe_Random_4K_Write,Gen5_32GTs,2,256,4096,Dynamic,1,PS2_LowPower,1284.9,97.1,56351449,RUN-NVME-000005,432.92,2757.87,43292000,0,0,PASSED,pass,0,0,0,NONE,0,CLEAN,
PCIe_Link_Retrain_Stress,Gen3_8GTs,2,16,4096,Static,1,PS2_LowPower,1139.2,51.1,86957451,RUN-NVME-000006,537.66,4356.24,53766000,0,0,PASSED,pass,0,0,0,NONE,0,CLEAN,
NVMe_Sequential_Read,Gen5_32GTs,1,4096,4096,Dynamic,0,PS2_LowPower,1226.7,84.7,20773619,RUN-NVME-000007,220.76,6284.42,22076000,1,1,FAILED,fail,1,1,0,NVME_COMMAND_TIMEOUT,2,NVMe Submission Queue <N> starved host memory buffer (HMB=<N>) at address <ADDR> || Test sequence terminated,NVMe Submission Queue 4096 starved host memory buffer (HMB=0) at address 0x013cfaf3 Test sequence terminated
NVMe_Sequential_Read,Gen4_16GTs,1,1024,4096,Dynamic,0,PS0_MaxPerformance,1131.3,84.7,78685421,RUN-NVME-000008,54.93,5041.87,5493000,0,0,PASSED,pass,0,0,0,NONE,0,CLEAN,
NVMe_FDP_Placement_Test,Gen4_16GTs,1,1024,4096,Static,1,PS1_Balanced,1180.7,62.1,30795243,RUN-NVME-000009,583.26,4017.14,58326000,0,0,PASSED,pass,0,0,0,NONE,0,CLEAN,
NVMe_Sequential_Read,Gen3_8GTs,4,256,4096,Disabled,0,PS0_MaxPerformance,1238.9,47.2,69099834,RUN-NVME-000010,435.21,6676.09,43521000,0,0,PASSED,pass,0,0,0,NONE,0,CLEAN,
NVMe_Random_4K_Write,Gen3_8GTs,4,1024,4096,Aggressive,1,PS0_MaxPerformance,1273.1,70.5,84814300,RUN-NVME-000011,494.95,3158.8,49495000,0,0,PASSED,pass,0,0,0,NONE,0,CLEAN,
NVMe_FDP_Placement_Test,Gen4_16GTs,1,64,4096,Aggressive,1,PS0_MaxPerformance,1177.7,61.3,27768787,RUN-NVME-000012,128.99,2434.75,12899000,0,0,PASSED,pass,0,0,0,NONE,0,CLEAN,
NVMe_Sequential_Read,Gen4_16GTs,4,256,4096,Aggressive,1,PS3_ThermalThrottle,1290.6,48.9,32287909,RUN-NVME-000013,365.39,7132.08,36539000,0,0,PASSED,pass,0,0,0,NONE,0,CLEAN,
NVMe_Random_4K_Write,Gen4_16GTs,1,256,4096,Dynamic,1,PS3_ThermalThrottle,1109.9,40.9,25420550,RUN-NVME-000014,196.69,4133.69,19669000,0,0,PASSED,pass,0,0,0,NONE,0,CLEAN,
PCIe_Link_Retrain_Stress,Gen4_16GTs,4,1024,512,Aggressive,1,PS1_Balanced,1208.4,70.2,33380203,RUN-NVME-000015,587.59,2425.43,58759000,0,0,PASSED,pass,0,0,0,NONE,0,CLEAN,
NVMe_Power_State_Transition,Gen4_16GTs,2,16,4096,Static,0,PS1_Balanced,1106.6,78.4,69767914,RUN-NVME-000016,447.59,2954.78,44759000,0,0,PASSED,pass,0,0,0,NONE,0,CLEAN,
NVMe_Thermal_Throttle_Stress,Gen4_16GTs,4,64,4096,Dynamic,1,PS2_LowPower,1114.5,79.5,37414099,RUN-NVME-000017,193.75,2046.07,19375000,0,0,PASSED,pass,0,0,0,NONE,0,CLEAN,
NVMe_Deallocate_Trim,Gen4_16GTs,2,16,4096,Disabled,1,PS0_MaxPerformance,1137.3,84.4,15898297,RUN-NVME-000018,115.99,5520.44,11599000,0,0,PASSED,pass,0,0,0,NONE,0,CLEAN,
NVMe_FDP_Placement_Test,Gen5_32GTs,4,16,512,Aggressive,1,PS0_MaxPerformance,1075.4,79.8,32983648,RUN-NVME-000019,230.93,2065.38,23093000,1,1,FAILED,fail,1,1,0,NVME_INTERNAL_ERROR,2,Controller state machine deadlock at cycle <ADDR> || Test sequence terminated,Controller state machine deadlock at cycle 0x01f74a60 Test sequence terminated
NVMe_Sequential_Read,Gen4_16GTs,4,1024,512,Aggressive,0,PS0_MaxPerformance,1236.6,78.7,59334786,RUN-NVME-000020,194.05,1736.43,19405000,0,0,PASSED,pass,0,0,0,NONE,0,CLEAN,
NVMe_Thermal_Throttle_Stress,Gen4_16GTs,1,256,512,Dynamic,1,PS0_MaxPerformance,1273.0,77.3,38188770,RUN-NVME-000021,279.82,3298.69,27982000,0,0,PASSED,pass,0,0,0,NONE,0,CLEAN,
NVMe_Deallocate_Trim,Gen4_16GTs,2,64,4096,Dynamic,0,PS1_Balanced,1094.3,100.5,15841723,RUN-NVME-000022,242.63,3665.69,24263000,0,0,PASSED,pass,0,0,0,NONE,0,CLEAN,
NVMe_FDP_Placement_Test,Gen4_16GTs,1,4096,4096,Disabled,1,PS2_LowPower,1123.6,58.9,30648529,RUN-NVME-000023,218.67,3993.74,21867000,0,0,PASSED,pass,0,0,0,NONE,0,CLEAN,
NVMe_Random_4K_Write,Gen3_8GTs,4,4096,4096,Static,0,PS1_Balanced,1297.5,40.5,29383608,RUN-NVME-000024,77.89,3439.33,7789000,0,0,PASSED,pass,0,0,0,NONE,0,CLEAN,
NVMe_FDP_Placement_Test,Gen5_32GTs,4,1024,4096,Dynamic,1,PS2_LowPower,1266.8,98.5,66838165,RUN-NVME-000025,227.75,3049.56,22775000,0,0,PASSED,pass,0,0,0,NONE,0,CLEAN,
NVMe_Deallocate_Trim,Gen5_32GTs,4,1024,4096,Aggressive,1,PS0_MaxPerformance,1073.5,73.4,63007230,RUN-NVME-000026,506.89,2247.5,50689000,0,0,PASSED,pass,0,0,0,NONE,0,CLEAN,
NVMe_Flush_Cache,Gen4_16GTs,2,256,512,Dynamic,1,PS0_MaxPerformance,1081.8,69.2,18787103,RUN-NVME-000027,82.84,5392.12,8284000,0,0,PASSED,pass,0,0,0,NONE,0,CLEAN,
NVMe_Random_4K_Write,Gen5_32GTs,1,16,4096,Static,1,PS1_Balanced,1294.0,68.7,56812996,RUN-NVME-000028,117.9,2377.3,11790000,0,0,PASSED,pass,0,0,0,NONE,0,CLEAN,
NVMe_Power_State_Transition,Gen4_16GTs,2,16,512,Disabled,1,PS1_Balanced,1152.2,43.0,20860191,RUN-NVME-000029,387.33,1663.48,38733000,0,0,PASSED,pass,0,0,0,NONE,0,CLEAN,
NVMe_Random_4K_Write,Gen4_16GTs,4,1024,512,Disabled,1,PS1_Balanced,1202.9,61.5,20885782,RUN-NVME-000030,79.38,4865.65,7938000,0,0,PASSED,pass,0,0,0,NONE,0,CLEAN,
NVMe_Random_4K_Write,Gen5_32GTs,1,64,512,Dynamic,1,PS1_Balanced,1168.5,37.3,56788852,RUN-NVME-000031,382.14,5925.75,38214000,0,0,PASSED,pass,0,0,0,NONE,0,CLEAN,
NVMe_Flush_Cache,Gen3_8GTs,2,256,4096,Static,0,PS0_MaxPerformance,1206.5,67.7,96065146,RUN-NVME-000032,304.26,4190.69,30426000,0,0,PASSED,pass,0,0,0,NONE,0,CLEAN,
NVMe_Thermal_Throttle_Stress,Gen3_8GTs,1,256,512,Static,1,PS1_Balanced,1147.0,78.2,43248526,RUN-NVME-000033,148.44,4671.9,14844000,0,0,PASSED,pass,0,0,0,NONE,0,CLEAN,
NVMe_Deallocate_Trim,Gen5_32GTs,2,4096,4096,Dynamic,0,PS0_MaxPerformance,1054.6,37.1,36598553,RUN-NVME-000034,117.96,2492.13,11796000,1,1,FAILED,fail,1,1,0,NVME_COMMAND_TIMEOUT,2,NVMe Submission Queue <N> starved host memory buffer (HMB=<N>) at address <ADDR> || Test sequence terminated,NVMe Submission Queue 4096 starved host memory buffer (HMB=0) at address 0x022e7319 Test sequence terminated
NVMe_Sequential_Read,Gen4_16GTs,4,16,4096,Dynamic,0,PS1_Balanced,1207.2,95.8,53471220,RUN-NVME-000035,406.41,4356.96,40641000,0,0,PASSED,pass,0,0,0,NONE,0,CLEAN,
NVMe_Power_State_Transition,Gen4_16GTs,2,1024,4096,Disabled,1,PS0_MaxPerformance,1244.1,55.6,42053157,RUN-NVME-000036,575.31,6092.59,57530999,0,0,PASSED,pass,0,0,0,NONE,0,CLEAN,
NVMe_FDP_Placement_Test,Gen4_16GTs,4,1024,512,Disabled,1,PS2_LowPower,1130.0,97.2,68500953,RUN-NVME-000037,84.04,6026.77,8404000,0,0,PASSED,pass,0,0,0,NONE,0,CLEAN,
NVMe_Sequential_Read,Gen5_32GTs,1,256,4096,Disabled,1,PS1_Balanced,1162.1,52.0,67824212,RUN-NVME-000038,457.4,5782.04,45740000,0,0,PASSED,pass,0,0,0,NONE,0,CLEAN,
NVMe_Thermal_Throttle_Stress,Gen5_32GTs,4,1024,512,Static,0,PS1_Balanced,1160.4,96.6,54785567,RUN-NVME-000039,96.7,6557.39,9670000,0,0,PASSED,pass,0,0,0,NONE,0,CLEAN,
NVMe_Sequential_Read,Gen3_8GTs,4,256,512,Dynamic,1,PS0_MaxPerformance,1255.5,83.0,80408329,RUN-NVME-000040,144.58,3007.85,14458000,0,0,PASSED,pass,0,0,0,NONE,0,CLEAN,
NVMe_Sequential_Read,Gen5_32GTs,2,256,4096,Disabled,1,PS2_LowPower,1144.1,36.3,47615227,RUN-NVME-000041,123.52,6531.55,12352000,0,0,PASSED,pass,0,0,0,NONE,0,CLEAN,
NVMe_Deallocate_Trim,Gen4_16GTs,4,64,4096,Dynamic,1,PS0_MaxPerformance,1079.7,38.8,17870116,RUN-NVME-000042,499.43,5336.65,49943000,0,0,PASSED,pass,0,0,0,NONE,0,CLEAN,
NVMe_Power_State_Transition,Gen4_16GTs,4,256,512,Aggressive,0,PS3_ThermalThrottle,1053.0,102.7,94401771,RUN-NVME-000043,226.19,4968.39,22619000,1,1,FAILED,fail,1,1,0,NAND_RETENTION_CORRUPTION,2,NAND die junction temperature 102.7C caused block erase retention failure || Test sequence terminated,NAND die junction temperature 102.7C caused block erase retention failure Test sequence terminated
NVMe_FDP_Placement_Test,Gen4_16GTs,4,16,4096,Disabled,1,PS1_Balanced,1223.9,64.1,56308932,RUN-NVME-000044,474.04,2575.26,47404000,0,0,PASSED,pass,0,0,0,NONE,0,CLEAN,
NVMe_Deallocate_Trim,Gen5_32GTs,1,64,4096,Aggressive,1,PS1_Balanced,1119.3,44.1,24104761,RUN-NVME-000045,490.3,5001.35,49030000,0,0,PASSED,pass,0,0,0,NONE,0,CLEAN,
NVMe_Random_4K_Write,Gen4_16GTs,1,4096,4096,Static,1,PS0_MaxPerformance,1253.4,81.4,21029126,RUN-NVME-000046,234.62,6303.07,23462000,0,0,PASSED,pass,0,0,0,NONE,0,CLEAN,
NVMe_FDP_Placement_Test,Gen5_32GTs,4,1024,4096,Static,1,PS2_LowPower,1061.3,32.0,93502973,RUN-NVME-000047,113.85,1583.37,11385000,0,0,PASSED,pass,0,0,0,NONE,0,CLEAN,
NVMe_Power_State_Transition,Gen5_32GTs,2,256,4096,Disabled,1,PS2_LowPower,1167.2,61.1,38428504,RUN-NVME-000048,571.06,6969.38,57105999,0,0,PASSED,pass,0,0,0,NONE,0,CLEAN,
NVMe_Sequential_Read,Gen5_32GTs,4,4096,4096,Static,1,PS3_ThermalThrottle,1262.4,48.6,24042553,RUN-NVME-000049,521.09,2798.94,52109000,0,0,PASSED,pass,0,0,0,NONE,0,CLEAN,
NVMe_Sequential_Read,Gen5_32GTs,4,64,4096,Static,1,PS0_MaxPerformance,1217.9,69.0,48871930,RUN-NVME-000050,83.21,1754.5,8320999,0,0,PASSED,pass,0,0,0,NONE,0,CLEAN,
NVMe_Deallocate_Trim,Gen5_32GTs,4,256,4096,Static,0,PS0_MaxPerformance,1238.8,76.5,57931342,RUN-NVME-000051,486.08,3348.08,48608000,0,0,PASSED,pass,0,0,0,NONE,0,CLEAN,
NVMe_Random_4K_Write,Gen3_8GTs,1,256,4096,Static,1,PS3_ThermalThrottle,1137.1,68.5,54453690,RUN-NVME-000052,539.8,6883.32,53979999,0,0,PASSED,pass,0,0,0,NONE,0,CLEAN,
NVMe_Flush_Cache,Gen5_32GTs,4,4096,512,Disabled,1,PS0_MaxPerformance,1164.8,103.5,40899755,RUN-NVME-000053,532.54,2408.7,53254000,0,0,PASSED,pass,0,0,0,NONE,0,CLEAN,
NVMe_Random_4K_Write,Gen5_32GTs,2,16,512,Dynamic,0,PS0_MaxPerformance,1210.2,43.6,23253575,RUN-NVME-000054,175.34,4592.88,17534000,0,0,PASSED,pass,0,0,0,NONE,0,CLEAN,
NVMe_FDP_Placement_Test,Gen4_16GTs,4,64,512,Dynamic,0,PS0_MaxPerformance,1094.3,36.7,55617019,RUN-NVME-000055,530.02,2709.35,53002000,0,0,PASSED,pass,0,0,0,NONE,0,CLEAN,
NVMe_Flush_Cache,Gen4_16GTs,2,256,4096,Dynamic,1,PS1_Balanced,1070.4,95.5,12233122,RUN-NVME-000056,122.62,5911.66,12262000,0,0,PASSED,pass,0,0,0,NONE,0,CLEAN,
NVMe_Sequential_Read,Gen4_16GTs,4,1024,512,Dynamic,1,PS1_Balanced,1204.6,57.7,60567564,RUN-NVME-000057,212.55,5786.63,21255000,0,0,PASSED,pass,0,0,0,NONE,0,CLEAN,
NVMe_Power_State_Transition,Gen3_8GTs,2,1024,4096,Static,1,PS0_MaxPerformance,1161.9,69.9,10373229,RUN-NVME-000058,65.79,5492.05,6579000,0,0,PASSED,pass,0,0,0,NONE,0,CLEAN,
NVMe_Random_4K_Write,Gen4_16GTs,1,256,512,Dynamic,0,PS2_LowPower,1198.4,80.9,76542299,RUN-NVME-000059,461.11,4796.47,46111000,0,0,PASSED,pass,0,0,0,NONE,0,CLEAN,
NVMe_Flush_Cache,Gen3_8GTs,4,256,4096,Static,0,PS0_MaxPerformance,1140.8,78.4,83748158,RUN-NVME-000060,148.76,5327.12,14876000,0,0,PASSED,pass,0,0,0,NONE,0,CLEAN,
NVMe_Random_4K_Write,Gen5_32GTs,4,64,512,Dynamic,0,PS0_MaxPerformance,1096.6,51.4,32576716,RUN-NVME-000061,412.54,5124.35,41254000,0,0,PASSED,pass,0,0,0,NONE,0,CLEAN,
NVMe_FDP_Placement_Test,Gen3_8GTs,4,256,4096,Dynamic,1,PS3_ThermalThrottle,1266.4,91.3,21864782,RUN-NVME-000062,329.5,6237.89,32950000,0,0,PASSED,pass,0,0,0,NONE,0,CLEAN,
NVMe_Sequential_Read,Gen5_32GTs,4,256,4096,Dynamic,1,PS0_MaxPerformance,1130.9,61.9,73507361,RUN-NVME-000063,387.39,5803.21,38739000,0,0,PASSED,pass,0,0,0,NONE,0,CLEAN,
NVMe_Random_4K_Write,Gen3_8GTs,4,64,4096,Dynamic,1,PS1_Balanced,1063.0,55.2,51597069,RUN-NVME-000064,278.27,2519.74,27827000,0,0,PASSED,pass,0,0,0,NONE,0,CLEAN,
NVMe_Sequential_Read,Gen5_32GTs,2,1024,512,Static,1,PS1_Balanced,1167.9,60.9,38263370,RUN-NVME-000065,506.89,3912.94,50689000,0,0,PASSED,pass,0,0,0,NONE,0,CLEAN,
PCIe_Link_Retrain_Stress,Gen5_32GTs,4,64,4096,Disabled,0,PS0_MaxPerformance,1235.3,73.1,94043311,RUN-NVME-000066,200.04,2676.02,20004000,0,0,PASSED,pass,0,0,0,NONE,0,CLEAN,
NVMe_Sequential_Read,Gen5_32GTs,2,64,512,Aggressive,1,PS1_Balanced,1139.7,95.8,68668210,RUN-NVME-000067,76.34,4249.57,7634000,1,1,FAILED,fail,1,1,0,NAND_RETENTION_CORRUPTION,2,NAND die junction temperature 95.8C caused block erase retention failure || Test sequence terminated,NAND die junction temperature 95.8C caused block erase retention failure Test sequence terminated
NVMe_Power_State_Transition,Gen4_16GTs,2,256,4096,Aggressive,1,PS0_MaxPerformance,1274.9,58.8,36402944,RUN-NVME-000068,322.51,4470.52,32251000,0,0,PASSED,pass,0,0,0,NONE,0,CLEAN,
NVMe_FDP_Placement_Test,Gen5_32GTs,1,4096,4096,Dynamic,0,PS2_LowPower,1205.0,70.0,42996926,RUN-NVME-000069,588.39,3667.05,58839000,0,0,PASSED,pass,0,0,0,NONE,0,CLEAN,
NVMe_Power_State_Transition,Gen3_8GTs,2,64,4096,Dynamic,1,PS2_LowPower,1269.2,55.7,73457566,RUN-NVME-000070,205.58,3517.22,20558000,0,0,PASSED,pass,0,0,0,NONE,0,CLEAN,
NVMe_Sequential_Read,Gen5_32GTs,1,256,4096,Dynamic,0,PS1_Balanced,1230.0,78.1,93258059,RUN-NVME-000071,300.9,7062.7,30089999,0,0,PASSED,pass,0,0,0,NONE,0,CLEAN,
NVMe_Deallocate_Trim,Gen4_16GTs,2,64,4096,Static,1,PS1_Balanced,1286.8,41.5,39924514,RUN-NVME-000072,309.83,3311.21,30983000,0,0,PASSED,pass,0,0,0,NONE,0,CLEAN,
NVMe_Deallocate_Trim,Gen5_32GTs,1,1024,4096,Static,1,PS3_ThermalThrottle,1226.8,41.4,67334589,RUN-NVME-000073,383.48,4123.54,38348000,0,0,PASSED,pass,0,0,0,NONE,0,CLEAN,
NVMe_Deallocate_Trim,Gen4_16GTs,4,4096,4096,Static,0,PS3_ThermalThrottle,1259.7,39.3,82542516,RUN-NVME-000074,502.81,5246.58,50281000,0,0,PASSED,pass,0,0,0,NONE,0,CLEAN,
NVMe_FDP_Placement_Test,Gen4_16GTs,4,256,512,Dynamic,1,PS0_MaxPerformance,1133.4,59.9,85975803,RUN-NVME-000075,526.53,5994.59,52653000,0,0,PASSED,pass,0,0,0,NONE,0,CLEAN,
NVMe_FDP_Placement_Test,Gen4_16GTs,2,1024,4096,Dynamic,1,PS0_MaxPerformance,1094.1,67.4,29576306,RUN-NVME-000076,266.61,3244.53,26661000,0,0,PASSED,pass,0,0,0,NONE,0,CLEAN,
NVMe_FDP_Placement_Test,Gen4_16GTs,4,256,512,Static,0,PS3_ThermalThrottle,1087.2,61.1,24208271,RUN-NVME-000077,469.07,2266.64,46907000,0,0,PASSED,pass,0,0,0,NONE,0,CLEAN,
PCIe_Link_Retrain_Stress,Gen4_16GTs,4,16,4096,Dynamic,1,PS0_MaxPerformance,1097.7,32.7,37573190,RUN-NVME-000078,322.64,3156.84,32264000,0,0,PASSED,pass,0,0,0,NONE,0,CLEAN,
NVMe_Deallocate_Trim,Gen3_8GTs,4,256,4096,Static,1,PS1_Balanced,1088.8,43.6,73569694,RUN-NVME-000079,155.15,2491.82,15515000,0,0,PASSED,pass,0,0,0,NONE,0,CLEAN,
PCIe_Link_Retrain_Stress,Gen4_16GTs,2,256,4096,Dynamic,0,PS1_Balanced,1214.7,32.0,22752652,RUN-NVME-000080,453.54,4441.09,45354000,0,0,PASSED,pass,0,0,0,NONE,0,CLEAN,
NVMe_Random_4K_Write,Gen5_32GTs,1,64,4096,Dynamic,1,PS0_MaxPerformance,1074.9,48.2,11968887,RUN-NVME-000081,452.16,3071.9,45216000,0,0,PASSED,pass,0,0,0,NONE,0,CLEAN,
NVMe_FDP_Placement_Test,Gen5_32GTs,2,1024,512,Dynamic,1,PS0_MaxPerformance,1071.4,45.6,53629270,RUN-NVME-000082,579.17,5592.66,57916999,0,0,PASSED,pass,0,0,0,NONE,0,CLEAN,
NVMe_Random_4K_Write,Gen4_16GTs,2,1024,4096,Dynamic,1,PS0_MaxPerformance,1197.6,50.1,45915403,RUN-NVME-000083,451.18,4795.09,45118000,0,0,PASSED,pass,0,0,0,NONE,0,CLEAN,
NVMe_Flush_Cache,Gen4_16GTs,2,64,4096,Aggressive,0,PS2_LowPower,1171.9,97.1,77563080,RUN-NVME-000084,538.03,2609.31,53803000,0,0,PASSED,pass,0,0,0,NONE,0,CLEAN,
NVMe_Flush_Cache,Gen3_8GTs,2,256,4096,Dynamic,0,PS2_LowPower,1296.1,69.4,87333254,RUN-NVME-000085,361.69,6719.78,36169000,0,0,PASSED,pass,0,0,0,NONE,0,CLEAN,
NVMe_Random_4K_Write,Gen3_8GTs,4,64,4096,Dynamic,1,PS1_Balanced,1257.4,45.5,73931688,RUN-NVME-000086,190.97,4004.35,19097000,1,1,FAILED,fail,1,1,0,NVME_INTERNAL_ERROR,2,Controller state machine deadlock at cycle <ADDR> || Test sequence terminated,Controller state machine deadlock at cycle 0x04681ba8 Test sequence terminated
NVMe_Sequential_Read,Gen5_32GTs,4,256,4096,Static,0,PS3_ThermalThrottle,1154.7,58.7,94332136,RUN-NVME-000087,471.33,4330.72,47133000,0,0,PASSED,pass,0,0,0,NONE,0,CLEAN,
NVMe_Sequential_Read,Gen3_8GTs,4,16,4096,Dynamic,1,PS0_MaxPerformance,1138.9,83.9,19834457,RUN-NVME-000088,312.79,5376.88,31279000,0,0,PASSED,pass,0,0,0,NONE,0,CLEAN,
NVMe_Deallocate_Trim,Gen4_16GTs,4,4096,4096,Dynamic,0,PS0_MaxPerformance,1198.8,33.9,85121487,RUN-NVME-000089,153.1,4985.07,15310000,0,0,PASSED,pass,0,0,0,NONE,0,CLEAN,
NVMe_Deallocate_Trim,Gen4_16GTs,4,64,512,Aggressive,1,PS1_Balanced,1158.7,48.5,10048846,RUN-NVME-000090,226.2,4780.84,22620000,0,0,PASSED,pass,0,0,0,NONE,0,CLEAN,
NVMe_Power_State_Transition,Gen5_32GTs,2,256,4096,Dynamic,1,PS0_MaxPerformance,1287.6,63.5,21097037,RUN-NVME-000091,482.82,2589.46,48282000,0,0,PASSED,pass,0,0,0,NONE,0,CLEAN,
NVMe_Deallocate_Trim,Gen5_32GTs,4,1024,4096,Static,1,PS0_MaxPerformance,1172.4,46.6,91263252,RUN-NVME-000092,489.59,3606.99,48959000,0,0,PASSED,pass,0,0,0,NONE,0,CLEAN,
PCIe_Link_Retrain_Stress,Gen3_8GTs,4,4096,512,Static,1,PS0_MaxPerformance,1224.4,52.3,25456615,RUN-NVME-000093,591.79,3839.71,59179000,0,0,PASSED,pass,0,0,0,NONE,0,CLEAN,
PCIe_Link_Retrain_Stress,Gen5_32GTs,2,1024,4096,Dynamic,1,PS0_MaxPerformance,1199.1,47.3,34879926,RUN-NVME-000094,286.95,5370.74,28695000,0,0,PASSED,pass,0,0,0,NONE,0,CLEAN,
NVMe_Sequential_Read,Gen5_32GTs,2,1024,512,Dynamic,1,PS2_LowPower,1129.7,76.9,21729474,RUN-NVME-000095,434.24,3250.07,43424000,0,0,PASSED,pass,0,0,0,NONE,0,CLEAN,
NVMe_Deallocate_Trim,Gen4_16GTs,1,1024,512,Aggressive,1,PS3_ThermalThrottle,1249.7,104.8,18915476,RUN-NVME-000096,526.49,1557.15,52649000,1,1,FAILED,fail,1,1,0,NAND_RETENTION_CORRUPTION,2,NAND die junction temperature 104.8C caused block erase retention failure || Test sequence terminated,NAND die junction temperature 104.8C caused block erase retention failure Test sequence terminated
NVMe_Power_State_Transition,Gen4_16GTs,2,256,4096,Disabled,1,PS0_MaxPerformance,1155.3,85.3,71105985,RUN-NVME-000097,375.5,6490.68,37550000,0,0,PASSED,pass,0,0,0,NONE,0,CLEAN,
NVMe_Sequential_Read,Gen4_16GTs,2,64,512,Dynamic,0,PS3_ThermalThrottle,1156.9,58.8,69386442,RUN-NVME-000098,590.89,2357.2,59089000,0,0,PASSED,pass,0,0,0,NONE,0,CLEAN,
NVMe_Random_4K_Write,Gen5_32GTs,4,16,4096,Aggressive,1,PS1_Balanced,1203.4,42.5,99332503,RUN-NVME-000099,576.52,5652.36,57652000,0,0,PASSED,pass,0,0,0,NONE,0,CLEAN,
NVMe_Random_4K_Write,Gen5_32GTs,4,256,4096,Dynamic,0,PS0_MaxPerformance,1096.6,88.5,95754894,RUN-NVME-000100,73.92,2520.73,7392000,0,0,PASSED,pass,0,0,0,NONE,0,CLEAN,
NVMe_Sequential_Read,Gen5_32GTs,4,4096,4096,Dynamic,1,PS2_LowPower,1224.0,41.5,66563982,RUN-NVME-000101,272.51,4501.93,27251000,0,0,PASSED,pass,0,0,0,NONE,0,CLEAN,
NVMe_Random_4K_Write,Gen4_16GTs,4,256,4096,Dynamic,1,PS0_MaxPerformance,1082.4,96.7,99849930,RUN-NVME-000102,366.39,6084.8,36639000,0,0,PASSED,pass,0,0,0,NONE,0,CLEAN,
NVMe_FDP_Placement_Test,Gen5_32GTs,4,256,512,Static,1,PS0_MaxPerformance,1230.9,67.2,29095160,RUN-NVME-000103,55.45,2507.11,5545000,0,0,PASSED,pass,0,0,0,NONE,0,CLEAN,
NVMe_Random_4K_Write,Gen5_32GTs,1,1024,4096,Static,1,PS2_LowPower,1137.0,80.9,95180209,RUN-NVME-000104,479.0,4339.91,47900000,0,0,PASSED,pass,0,0,0,NONE,0,CLEAN,
NVMe_Random_4K_Write,Gen5_32GTs,4,1024,4096,Aggressive,1,PS2_LowPower,1224.4,81.0,18673242,RUN-NVME-000105,328.59,1867.19,32858999,0,0,PASSED,pass,0,0,0,NONE,0,CLEAN,
NVMe_Power_State_Transition,Gen3_8GTs,4,1024,512,Aggressive,0,PS0_MaxPerformance,1235.9,42.1,28729551,RUN-NVME-000106,140.35,1534.22,14035000,0,0,PASSED,pass,0,0,0,NONE,0,CLEAN,
NVMe_Power_State_Transition,Gen4_16GTs,1,64,4096,Disabled,1,PS0_MaxPerformance,1208.5,70.5,55604862,RUN-NVME-000107,449.59,3291.96,44959000,0,0,PASSED,pass,0,0,0,NONE,0,CLEAN,
NVMe_Sequential_Read,Gen5_32GTs,4,4096,4096,Static,1,PS0_MaxPerformance,1284.3,81.6,18125267,RUN-NVME-000108,192.71,1836.56,19271000,0,0,PASSED,pass,0,0,0,NONE,0,CLEAN,
NVMe_Random_4K_Write,Gen5_32GTs,1,256,4096,Static,0,PS2_LowPower,1293.4,102.7,81875794,RUN-NVME-000109,435.57,2159.46,43557000,0,0,PASSED,pass,0,0,0,NONE,0,CLEAN,
NVMe_Sequential_Read,Gen5_32GTs,1,16,4096,Static,1,PS1_Balanced,1161.5,50.5,51780382,RUN-NVME-000110,251.23,5374.27,25123000,0,0,PASSED,pass,0,0,0,NONE,0,CLEAN,
NVMe_Flush_Cache,Gen4_16GTs,2,1024,4096,Dynamic,0,PS1_Balanced,1213.6,50.5,58358509,RUN-NVME-000111,544.85,1604.19,54485000,0,0,PASSED,pass,0,0,0,NONE,0,CLEAN,
NVMe_Sequential_Read,Gen4_16GTs,4,256,4096,Static,1,PS3_ThermalThrottle,1152.3,97.1,85967548,RUN-NVME-000112,440.48,1996.89,44048000,0,0,PASSED,pass,0,0,0,NONE,0,CLEAN,
NVMe_Random_4K_Write,Gen3_8GTs,4,256,4096,Static,1,PS0_MaxPerformance,1267.2,88.2,18324944,RUN-NVME-000113,302.67,3258.86,30267000,0,0,PASSED,pass,0,0,0,NONE,0,CLEAN,
NVMe_FDP_Placement_Test,Gen5_32GTs,4,64,512,Disabled,1,PS2_LowPower,1170.4,38.8,52159161,RUN-NVME-000114,599.36,2727.97,59936000,0,0,PASSED,pass,0,0,0,NONE,0,CLEAN,
NVMe_Thermal_Throttle_Stress,Gen4_16GTs,2,256,512,Static,1,PS2_LowPower,1127.6,64.1,17915199,RUN-NVME-000115,542.35,7001.26,54235000,1,1,FAILED,fail,1,1,0,NVME_INTERNAL_ERROR,2,Controller state machine deadlock at cycle <ADDR> || Test sequence terminated,Controller state machine deadlock at cycle 0x01115d3f Test sequence terminated
NVMe_Sequential_Read,Gen4_16GTs,2,256,512,Static,1,PS2_LowPower,1059.9,66.0,34461527,RUN-NVME-000116,455.55,4276.85,45555000,0,0,PASSED,pass,0,0,0,NONE,0,CLEAN,
NVMe_Random_4K_Write,Gen5_32GTs,1,256,4096,Aggressive,1,PS0_MaxPerformance,1131.6,68.8,71889006,RUN-NVME-000117,66.1,4898.85,6609999,0,0,PASSED,pass,0,0,0,NONE,0,CLEAN,
NVMe_Random_4K_Write,Gen3_8GTs,1,256,512,Static,1,PS2_LowPower,1100.0,42.6,27794862,RUN-NVME-000118,312.18,3008.05,31218000,0,0,PASSED,pass,0,0,0,NONE,0,CLEAN,
NVMe_Thermal_Throttle_Stress,Gen5_32GTs,1,4096,512,Static,1,PS2_LowPower,1228.5,90.1,76260488,RUN-NVME-000119,213.42,6653.08,21342000,0,0,PASSED,pass,0,0,0,NONE,0,CLEAN,
NVMe_Power_State_Transition,Gen3_8GTs,4,256,4096,Static,1,PS1_Balanced,1232.9,36.1,27948454,RUN-NVME-000120,573.67,4778.28,57366999,0,0,PASSED,pass,0,0,0,NONE,0,CLEAN,
NVMe_Random_4K_Write,Gen3_8GTs,4,64,4096,Dynamic,0,PS2_LowPower,1214.7,67.4,68329263,RUN-NVME-000121,375.85,4410.66,37585000,0,0,PASSED,pass,0,0,0,NONE,0,CLEAN,
NVMe_Thermal_Throttle_Stress,Gen4_16GTs,4,4096,4096,Dynamic,1,PS0_MaxPerformance,1057.7,49.3,51028920,RUN-NVME-000122,478.42,6321.09,47842000,0,0,PASSED,pass,0,0,0,NONE,0,CLEAN,
NVMe_FDP_Placement_Test,Gen5_32GTs,4,256,4096,Static,1,PS0_MaxPerformance,1266.8,73.4,10991660,RUN-NVME-000123,255.4,1836.14,25540000,0,0,PASSED,pass,0,0,0,NONE,0,CLEAN,
NVMe_Thermal_Throttle_Stress,Gen4_16GTs,4,4096,4096,Dynamic,1,PS3_ThermalThrottle,1102.7,76.7,31896295,RUN-NVME-000124,470.42,6185.76,47042000,0,0,PASSED,pass,0,0,0,NONE,0,CLEAN,
NVMe_Thermal_Throttle_Stress,Gen3_8GTs,4,4096,512,Dynamic,1,PS0_MaxPerformance,1263.6,66.9,85305109,RUN-NVME-000125,53.78,1758.84,5378000,0,0,PASSED,pass,0,0,0,NONE,0,CLEAN,
NVMe_FDP_Placement_Test,Gen4_16GTs,4,256,4096,Dynamic,1,PS3_ThermalThrottle,1114.5,79.3,55898527,RUN-NVME-000126,511.79,2936.58,51179000,0,0,PASSED,pass,0,0,0,NONE,0,CLEAN,
NVMe_Power_State_Transition,Gen3_8GTs,4,256,512,Dynamic,0,PS1_Balanced,1134.3,92.2,55802757,RUN-NVME-000127,278.94,5590.07,27894000,0,0,PASSED,pass,0,0,0,NONE,0,CLEAN,
NVMe_Random_4K_Write,Gen5_32GTs,4,64,512,Dynamic,1,PS1_Balanced,1168.7,93.3,40617201,RUN-NVME-000128,186.1,3729.73,18610000,0,0,PASSED,pass,0,0,0,NONE,0,CLEAN,
NVMe_Deallocate_Trim,Gen5_32GTs,2,64,512,Dynamic,1,PS3_ThermalThrottle,1059.8,39.2,60384186,RUN-NVME-000129,407.34,6694.23,40734000,0,0,PASSED,pass,0,0,0,NONE,0,CLEAN,
PCIe_Link_Retrain_Stress,Gen4_16GTs,4,16,512,Disabled,1,PS0_MaxPerformance,1288.0,77.9,52262143,RUN-NVME-000130,275.9,4286.0,27589999,0,0,PASSED,pass,0,0,0,NONE,0,CLEAN,
NVMe_Flush_Cache,Gen4_16GTs,2,1024,512,Dynamic,1,PS1_Balanced,1100.5,80.5,14987604,RUN-NVME-000131,561.95,1972.54,56195000,0,0,PASSED,pass,0,0,0,NONE,0,CLEAN,
NVMe_Sequential_Read,Gen5_32GTs,2,1024,512,Static,1,PS3_ThermalThrottle,1220.8,67.3,20555819,RUN-NVME-000132,397.78,5131.73,39778000,0,0,PASSED,pass,0,0,0,NONE,0,CLEAN,
NVMe_FDP_Placement_Test,Gen4_16GTs,1,4096,4096,Static,0,PS1_Balanced,1148.5,78.8,39760502,RUN-NVME-000133,203.87,2154.29,20387000,0,0,PASSED,pass,0,0,0,NONE,0,CLEAN,
NVMe_Thermal_Throttle_Stress,Gen5_32GTs,1,4096,4096,Aggressive,1,PS1_Balanced,1234.6,95.9,74863625,RUN-NVME-000134,409.93,2983.81,40993000,1,1,FAILED,fail,1,1,0,NAND_RETENTION_CORRUPTION,2,NAND die junction temperature 95.9C caused block erase retention failure || Test sequence terminated,NAND die junction temperature 95.9C caused block erase retention failure Test sequence terminated
NVMe_Random_4K_Write,Gen5_32GTs,4,1024,4096,Static,1,PS0_MaxPerformance,1186.1,30.4,53649222,RUN-NVME-000135,360.38,3719.67,36038000,0,0,PASSED,pass,0,0,0,NONE,0,CLEAN,
NVMe_Flush_Cache,Gen4_16GTs,4,256,4096,Dynamic,1,PS0_MaxPerformance,1068.3,75.3,14455294,RUN-NVME-000136,529.13,1788.65,52913000,0,0,PASSED,pass,0,0,0,NONE,0,CLEAN,
NVMe_Deallocate_Trim,Gen4_16GTs,2,1024,4096,Static,0,PS0_MaxPerformance,1145.0,59.9,21534974,RUN-NVME-000137,52.54,3361.13,5254000,0,0,PASSED,pass,0,0,0,NONE,0,CLEAN,
NVMe_Deallocate_Trim,Gen5_32GTs,4,1024,4096,Disabled,0,PS0_MaxPerformance,1051.9,78.6,35254327,RUN-NVME-000138,183.93,4461.51,18393000,0,0,PASSED,pass,0,0,0,NONE,0,CLEAN,
NVMe_Random_4K_Write,Gen5_32GTs,1,4096,4096,Dynamic,1,PS0_MaxPerformance,1121.2,53.0,71815687,RUN-NVME-000139,530.26,4936.46,53026000,0,0,PASSED,pass,0,0,0,NONE,0,CLEAN,
NVMe_Deallocate_Trim,Gen4_16GTs,4,1024,512,Static,0,PS0_MaxPerformance,1220.3,43.6,75485644,RUN-NVME-000140,355.25,3102.8,35525000,0,0,PASSED,pass,0,0,0,NONE,0,CLEAN,
NVMe_Thermal_Throttle_Stress,Gen3_8GTs,4,64,4096,Static,1,PS1_Balanced,1060.9,77.5,12071215,RUN-NVME-000141,599.25,6218.52,59925000,0,0,PASSED,pass,0,0,0,NONE,0,CLEAN,
NVMe_Deallocate_Trim,Gen5_32GTs,4,64,512,Static,1,PS2_LowPower,1275.0,56.5,27977238,RUN-NVME-000142,407.64,3152.58,40764000,0,0,PASSED,pass,0,0,0,NONE,0,CLEAN,
NVMe_Power_State_Transition,Gen4_16GTs,4,256,4096,Dynamic,1,PS1_Balanced,1196.7,42.6,27708718,RUN-NVME-000143,209.16,4079.24,20916000,0,0,PASSED,pass,0,0,0,NONE,0,CLEAN,
NVMe_FDP_Placement_Test,Gen4_16GTs,1,16,4096,Static,1,PS0_MaxPerformance,1147.7,74.6,91646107,RUN-NVME-000144,345.77,2749.39,34577000,0,0,PASSED,pass,0,0,0,NONE,0,CLEAN,
PCIe_Link_Retrain_Stress,Gen3_8GTs,4,256,4096,Aggressive,1,PS3_ThermalThrottle,1082.1,37.8,15751578,RUN-NVME-000145,497.03,2396.5,49703000,1,1,FAILED,fail,1,1,0,PCIE_AER_PROTOCOL_ERROR,2,PCIe Advanced Error Reporting: Link retrain framing error during power transition || Test sequence terminated,PCIe Advanced Error Reporting: Link retrain framing error during power transition Test sequence terminated
NVMe_Deallocate_Trim,Gen4_16GTs,1,16,4096,Dynamic,1,PS0_MaxPerformance,1138.7,35.2,71509094,RUN-NVME-000146,79.46,6226.49,7945999,0,0,PASSED,pass,0,0,0,NONE,0,CLEAN,
NVMe_Sequential_Read,Gen5_32GTs,2,256,4096,Static,1,PS0_MaxPerformance,1133.3,80.2,92793240,RUN-NVME-000147,294.09,1563.42,29408999,0,0,PASSED,pass,0,0,0,NONE,0,CLEAN,
NVMe_Thermal_Throttle_Stress,Gen4_16GTs,4,256,512,Static,1,PS0_MaxPerformance,1222.5,45.1,69077828,RUN-NVME-000148,460.85,5885.95,46085000,0,0,PASSED,pass,0,0,0,NONE,0,CLEAN,
NVMe_Sequential_Read,Gen4_16GTs,4,256,4096,Aggressive,1,PS0_MaxPerformance,1149.8,41.4,22910927,RUN-NVME-000149,530.19,4470.72,53019000,0,0,PASSED,pass,0,0,0,NONE,0,CLEAN,
PCIe_Link_Retrain_Stress,Gen4_16GTs,4,256,4096,Dynamic,1,PS0_MaxPerformance,1256.5,88.7,46357265,RUN-NVME-000150,141.86,5831.91,14186000,0,0,PASSED,pass,0,0,0,NONE,0,CLEAN,
NVMe_Sequential_Read,Gen4_16GTs,2,256,512,Disabled,1,PS0_MaxPerformance,1149.2,63.5,17258677,RUN-NVME-000151,337.91,1659.44,33791000,0,0,PASSED,pass,0,0,0,NONE,0,CLEAN,
NVMe_Deallocate_Trim,Gen5_32GTs,2,4096,4096,Dynamic,1,PS0_MaxPerformance,1254.4,58.5,77280159,RUN-NVME-000152,571.88,6025.99,57188000,0,0,PASSED,pass,0,0,0,NONE,0,CLEAN,
NVMe_FDP_Placement_Test,Gen5_32GTs,4,256,512,Static,0,PS1_Balanced,1136.5,103.2,33037149,RUN-NVME-000153,172.04,6198.24,17204000,0,0,PASSED,pass,0,0,0,NONE,0,CLEAN,
NVMe_Power_State_Transition,Gen3_8GTs,4,4096,4096,Static,1,PS0_MaxPerformance,1175.6,59.9,17659359,RUN-NVME-000154,316.21,4611.89,31620999,0,0,PASSED,pass,0,0,0,NONE,0,CLEAN,
NVMe_Flush_Cache,Gen3_8GTs,1,64,4096,Static,1,PS0_MaxPerformance,1128.0,68.0,80239347,RUN-NVME-000155,533.17,2173.36,53316999,0,0,PASSED,pass,0,0,0,NONE,0,CLEAN,
NVMe_Sequential_Read,Gen5_32GTs,2,256,4096,Dynamic,0,PS2_LowPower,1165.0,34.4,97615880,RUN-NVME-000156,492.52,2944.68,49252000,0,0,PASSED,pass,0,0,0,NONE,0,CLEAN,
NVMe_Sequential_Read,Gen5_32GTs,4,64,512,Dynamic,1,PS0_MaxPerformance,1223.0,34.7,17151205,RUN-NVME-000157,586.51,1752.64,58651000,0,0,PASSED,pass,0,0,0,NONE,0,CLEAN,
PCIe_Link_Retrain_Stress,Gen5_32GTs,4,256,4096,Static,1,PS0_MaxPerformance,1271.7,63.7,12831902,RUN-NVME-000158,260.41,4841.21,26041000,0,0,PASSED,pass,0,0,0,NONE,0,CLEAN,
NVMe_Flush_Cache,Gen4_16GTs,4,1024,4096,Dynamic,1,PS1_Balanced,1054.8,49.5,51809701,RUN-NVME-000159,111.75,5900.78,11175000,0,0,PASSED,pass,0,0,0,NONE,0,CLEAN,
NVMe_Sequential_Read,Gen4_16GTs,2,16,512,Disabled,1,PS3_ThermalThrottle,1172.0,38.2,54594495,RUN-NVME-000160,564.78,5395.34,56478000,0,0,PASSED,pass,0,0,0,NONE,0,CLEAN,
NVMe_Flush_Cache,Gen5_32GTs,1,256,512,Dynamic,1,PS1_Balanced,1144.0,59.6,92723746,RUN-NVME-000161,210.29,7048.87,21029000,0,0,PASSED,pass,0,0,0,NONE,0,CLEAN,
NVMe_Power_State_Transition,Gen5_32GTs,4,1024,4096,Static,1,PS0_MaxPerformance,1260.2,32.9,83370252,RUN-NVME-000162,286.97,4951.8,28697000,0,0,PASSED,pass,0,0,0,NONE,0,CLEAN,
NVMe_Flush_Cache,Gen5_32GTs,4,1024,4096,Static,0,PS1_Balanced,1087.5,85.3,47684590,RUN-NVME-000163,302.81,3469.28,30281000,0,0,PASSED,pass,0,0,0,NONE,0,CLEAN,
NVMe_Thermal_Throttle_Stress,Gen3_8GTs,1,1024,512,Dynamic,0,PS3_ThermalThrottle,1234.4,56.5,61589697,RUN-NVME-000164,217.39,7178.98,21739000,0,0,PASSED,pass,0,0,0,NONE,0,CLEAN,
NVMe_Random_4K_Write,Gen5_32GTs,4,64,512,Dynamic,1,PS2_LowPower,1116.3,31.6,38471621,RUN-NVME-000165,334.49,4749.55,33449000,0,0,PASSED,pass,0,0,0,NONE,0,CLEAN,
PCIe_Link_Retrain_Stress,Gen4_16GTs,4,256,4096,Dynamic,0,PS1_Balanced,1243.7,78.3,99981609,RUN-NVME-000166,247.4,1799.44,24740000,0,0,PASSED,pass,0,0,0,NONE,0,CLEAN,
NVMe_Sequential_Read,Gen5_32GTs,4,64,4096,Static,1,PS1_Balanced,1252.9,79.2,20815193,RUN-NVME-000167,88.29,3192.68,8829000,0,0,PASSED,pass,0,0,0,NONE,0,CLEAN,
NVMe_Random_4K_Write,Gen5_32GTs,2,256,4096,Static,1,PS3_ThermalThrottle,1110.2,39.1,63754722,RUN-NVME-000168,448.83,5270.34,44883000,0,0,PASSED,pass,0,0,0,NONE,0,CLEAN,
NVMe_FDP_Placement_Test,Gen5_32GTs,2,1024,4096,Aggressive,1,PS0_MaxPerformance,1238.8,64.5,61219804,RUN-NVME-000169,558.49,1932.14,55849000,0,0,PASSED,pass,0,0,0,NONE,0,CLEAN,
NVMe_Thermal_Throttle_Stress,Gen5_32GTs,4,64,4096,Disabled,1,PS0_MaxPerformance,1091.2,39.9,23722333,RUN-NVME-000170,99.28,1741.51,9928000,0,0,PASSED,pass,0,0,0,NONE,0,CLEAN,
NVMe_Power_State_Transition,Gen4_16GTs,4,1024,4096,Static,1,PS1_Balanced,1124.4,72.4,88301706,RUN-NVME-000171,195.0,2769.16,19500000,0,0,PASSED,pass,0,0,0,NONE,0,CLEAN,
NVMe_FDP_Placement_Test,Gen5_32GTs,4,64,4096,Dynamic,0,PS1_Balanced,1298.0,37.4,53403390,RUN-NVME-000172,176.19,4153.88,17619000,0,0,PASSED,pass,0,0,0,NONE,0,CLEAN,
NVMe_Power_State_Transition,Gen4_16GTs,4,1024,4096,Dynamic,1,PS2_LowPower,1188.6,30.4,96158410,RUN-NVME-000173,262.09,3066.53,26208999,0,0,PASSED,pass,0,0,0,NONE,0,CLEAN,
NVMe_Sequential_Read,Gen5_32GTs,2,4096,4096,Dynamic,0,PS0_MaxPerformance,1269.2,104.7,81401399,RUN-NVME-000174,190.85,5466.04,19085000,1,1,FAILED,fail,1,1,0,NVME_COMMAND_TIMEOUT,2,NVMe Submission Queue <N> starved host memory buffer (HMB=<N>) at address <ADDR> || Test sequence terminated,NVMe Submission Queue 4096 starved host memory buffer (HMB=0) at address 0x04da1637 Test sequence terminated
NVMe_Flush_Cache,Gen5_32GTs,4,256,4096,Static,1,PS0_MaxPerformance,1204.9,56.7,45138579,RUN-NVME-000175,284.68,5371.57,28468000,0,0,PASSED,pass,0,0,0,NONE,0,CLEAN,
NVMe_Sequential_Read,Gen4_16GTs,2,256,512,Static,1,PS1_Balanced,1200.9,80.7,94202161,RUN-NVME-000176,473.95,5050.16,47395000,0,0,PASSED,pass,0,0,0,NONE,0,CLEAN,
NVMe_Random_4K_Write,Gen5_32GTs,2,16,512,Dynamic,1,PS1_Balanced,1247.2,68.8,14737431,RUN-NVME-000177,479.62,7022.58,47962000,0,0,PASSED,pass,0,0,0,NONE,0,CLEAN,
NVMe_Sequential_Read,Gen4_16GTs,2,16,512,Static,1,PS3_ThermalThrottle,1283.3,78.2,77223787,RUN-NVME-000178,441.26,6013.41,44126000,0,0,PASSED,pass,0,0,0,NONE,0,CLEAN,
NVMe_Thermal_Throttle_Stress,Gen5_32GTs,1,256,4096,Static,1,PS1_Balanced,1096.1,57.2,22521004,RUN-NVME-000179,299.88,4182.14,29988000,0,0,PASSED,pass,0,0,0,NONE,0,CLEAN,
NVMe_Sequential_Read,Gen3_8GTs,4,64,4096,Dynamic,1,PS0_MaxPerformance,1157.4,95.5,93983845,RUN-NVME-000180,233.29,2087.72,23329000,0,0,PASSED,pass,0,0,0,NONE,0,CLEAN,
NVMe_Random_4K_Write,Gen5_32GTs,2,256,512,Dynamic,1,PS1_Balanced,1159.2,84.7,79655242,RUN-NVME-000181,124.08,1895.46,12408000,0,0,PASSED,pass,0,0,0,NONE,0,CLEAN,
NVMe_Sequential_Read,Gen5_32GTs,1,1024,4096,Disabled,0,PS0_MaxPerformance,1120.5,49.6,56612324,RUN-NVME-000182,412.44,6508.32,41244000,0,0,PASSED,pass,0,0,0,NONE,0,CLEAN,
NVMe_FDP_Placement_Test,Gen4_16GTs,2,1024,4096,Aggressive,0,PS1_Balanced,1058.4,34.7,72270259,RUN-NVME-000183,182.82,4878.37,18282000,0,0,PASSED,pass,0,0,0,NONE,0,CLEAN,
NVMe_Sequential_Read,Gen4_16GTs,2,256,4096,Dynamic,1,PS3_ThermalThrottle,1190.0,100.3,55827647,RUN-NVME-000184,87.71,5434.56,8771000,0,0,PASSED,pass,0,0,0,NONE,0,CLEAN,
NVMe_Flush_Cache,Gen4_16GTs,4,4096,512,Static,0,PS1_Balanced,1166.0,102.9,57599760,RUN-NVME-000185,192.01,6542.55,19201000,0,0,PASSED,pass,0,0,0,NONE,0,CLEAN,
NVMe_Random_4K_Write,Gen3_8GTs,2,64,512,Aggressive,1,PS1_Balanced,1078.7,94.5,76596379,RUN-NVME-000186,186.25,5923.89,18625000,0,0,PASSED,pass,0,0,0,NONE,0,CLEAN,
NVMe_Sequential_Read,Gen5_32GTs,4,16,4096,Static,0,PS3_ThermalThrottle,1262.5,80.2,72654566,RUN-NVME-000187,93.69,5018.37,9369000,0,0,PASSED,pass,0,0,0,NONE,0,CLEAN,
NVMe_Flush_Cache,Gen5_32GTs,4,16,4096,Aggressive,1,PS0_MaxPerformance,1246.6,45.1,15502017,RUN-NVME-000188,300.78,3009.5,30077999,0,0,PASSED,pass,0,0,0,NONE,0,CLEAN,
NVMe_Sequential_Read,Gen4_16GTs,4,256,512,Aggressive,1,PS2_LowPower,1109.7,63.8,97483400,RUN-NVME-000189,407.18,6899.75,40718000,0,0,PASSED,pass,0,0,0,NONE,0,CLEAN,
NVMe_Power_State_Transition,Gen3_8GTs,1,256,4096,Static,1,PS0_MaxPerformance,1214.2,91.7,80152902,RUN-NVME-000190,295.3,5080.06,29530000,0,0,PASSED,pass,0,0,0,NONE,0,CLEAN,
NVMe_Power_State_Transition,Gen5_32GTs,2,256,512,Aggressive,1,PS1_Balanced,1249.5,59.7,93334102,RUN-NVME-000191,214.04,6880.43,21404000,0,0,PASSED,pass,0,0,0,NONE,0,CLEAN,
NVMe_Deallocate_Trim,Gen3_8GTs,4,1024,4096,Aggressive,1,PS0_MaxPerformance,1295.9,40.6,95760614,RUN-NVME-000192,81.99,4365.53,8198999,0,0,PASSED,pass,0,0,0,NONE,0,CLEAN,
NVMe_Random_4K_Write,Gen5_32GTs,4,64,4096,Static,0,PS2_LowPower,1250.9,67.9,73260265,RUN-NVME-000193,388.02,2390.95,38802000,0,0,PASSED,pass,0,0,0,NONE,0,CLEAN,
NVMe_Flush_Cache,Gen5_32GTs,4,256,512,Aggressive,1,PS0_MaxPerformance,1053.2,72.0,57281535,RUN-NVME-000194,196.2,6927.92,19620000,0,0,PASSED,pass,0,0,0,NONE,0,CLEAN,
NVMe_Thermal_Throttle_Stress,Gen5_32GTs,1,1024,512,Aggressive,1,PS1_Balanced,1227.6,53.6,70592159,RUN-NVME-000195,472.09,6286.13,47209000,0,0,PASSED,pass,0,0,0,NONE,0,CLEAN,
NVMe_Power_State_Transition,Gen4_16GTs,2,256,4096,Dynamic,0,PS1_Balanced,1256.5,37.5,77878804,RUN-NVME-000196,253.96,2547.73,25396000,0,0,PASSED,pass,0,0,0,NONE,0,CLEAN,
NVMe_Sequential_Read,Gen4_16GTs,2,1024,4096,Static,1,PS2_LowPower,1167.8,103.4,37685753,RUN-NVME-000197,542.2,5204.51,54220000,0,0,PASSED,pass,0,0,0,NONE,0,CLEAN,
NVMe_Sequential_Read,Gen5_32GTs,2,1024,512,Dynamic,1,PS0_MaxPerformance,1259.3,50.9,55652287,RUN-NVME-000198,456.27,6099.54,45627000,0,0,PASSED,pass,0,0,0,NONE,0,CLEAN,
NVMe_Thermal_Throttle_Stress,Gen4_16GTs,2,64,512,Dynamic,1,PS3_ThermalThrottle,1267.8,87.5,53996607,RUN-NVME-000199,434.51,3513.88,43451000,0,0,PASSED,pass,0,0,0,NONE,0,CLEAN,
NVMe_Thermal_Throttle_Stress,Gen4_16GTs,4,1024,4096,Dynamic,1,PS1_Balanced,1266.1,71.0,31096749,RUN-NVME-000200,152.98,5540.29,15297999,0,0,PASSED,pass,0,0,0,NONE,0,CLEAN,
PCIe_Link_Retrain_Stress,Gen3_8GTs,2,16,4096,Disabled,1,PS2_LowPower,1123.1,98.3,86642140,RUN-NVME-000201,244.39,5435.5,24439000,0,0,PASSED,pass,0,0,0,NONE,0,CLEAN,
NVMe_Power_State_Transition,Gen3_8GTs,4,1024,4096,Aggressive,1,PS2_LowPower,1078.1,82.8,21873627,RUN-NVME-000202,531.07,4884.96,53107000,0,0,PASSED,pass,0,0,0,NONE,0,CLEAN,
NVMe_Sequential_Read,Gen4_16GTs,1,256,4096,Static,1,PS0_MaxPerformance,1235.8,33.6,71236263,RUN-NVME-000203,186.23,4113.35,18623000,0,0,PASSED,pass,0,0,0,NONE,0,CLEAN,
NVMe_FDP_Placement_Test,Gen5_32GTs,4,1024,512,Dynamic,0,PS2_LowPower,1058.7,73.7,92161478,RUN-NVME-000204,594.1,6696.95,59410000,0,0,PASSED,pass,0,0,0,NONE,0,CLEAN,
NVMe_FDP_Placement_Test,Gen4_16GTs,1,1024,4096,Dynamic,0,PS3_ThermalThrottle,1217.3,92.2,47586355,RUN-NVME-000205,347.86,5402.77,34786000,0,0,PASSED,pass,0,0,0,NONE,0,CLEAN,
NVMe_Deallocate_Trim,Gen4_16GTs,2,256,4096,Aggressive,1,PS2_LowPower,1160.8,75.5,74042837,RUN-NVME-000206,346.66,6869.73,34666000,0,0,PASSED,pass,0,0,0,NONE,0,CLEAN,
NVMe_Deallocate_Trim,Gen5_32GTs,2,256,512,Static,1,PS1_Balanced,1287.6,75.0,67962300,RUN-NVME-000207,166.7,3039.63,16669999,0,0,PASSED,pass,0,0,0,NONE,0,CLEAN,
NVMe_Deallocate_Trim,Gen5_32GTs,1,64,4096,Static,0,PS0_MaxPerformance,1119.2,102.9,10745048,RUN-NVME-000208,89.34,2302.73,8934000,0,0,PASSED,pass,0,0,0,NONE,0,CLEAN,
NVMe_Flush_Cache,Gen3_8GTs,4,64,512,Static,0,PS0_MaxPerformance,1104.8,32.8,37202792,RUN-NVME-000209,598.63,2881.21,59863000,0,0,PASSED,pass,0,0,0,NONE,0,CLEAN,
NVMe_Random_4K_Write,Gen5_32GTs,4,256,512,Disabled,1,PS0_MaxPerformance,1204.3,38.5,55335328,RUN-NVME-000210,288.32,4061.05,28832000,0,0,PASSED,pass,0,0,0,NONE,0,CLEAN,
NVMe_Deallocate_Trim,Gen5_32GTs,2,1024,4096,Dynamic,1,PS0_MaxPerformance,1155.5,60.8,85574656,RUN-NVME-000211,137.12,5510.93,13712000,0,0,PASSED,pass,0,0,0,NONE,0,CLEAN,
NVMe_Thermal_Throttle_Stress,Gen5_32GTs,2,1024,4096,Aggressive,0,PS1_Balanced,1062.8,49.3,61887977,RUN-NVME-000212,328.67,5390.01,32867000,0,0,PASSED,pass,0,0,0,NONE,0,CLEAN,
NVMe_Deallocate_Trim,Gen5_32GTs,1,256,4096,Static,0,PS0_MaxPerformance,1237.8,35.3,57119687,RUN-NVME-000213,91.51,4536.0,9151000,0,0,PASSED,pass,0,0,0,NONE,0,CLEAN,
NVMe_Random_4K_Write,Gen5_32GTs,4,1024,4096,Static,0,PS1_Balanced,1278.3,75.9,76908501,RUN-NVME-000214,374.21,1904.06,37421000,0,0,PASSED,pass,0,0,0,NONE,0,CLEAN,
NVMe_Thermal_Throttle_Stress,Gen3_8GTs,4,16,4096,Dynamic,0,PS0_MaxPerformance,1123.8,66.5,98749830,RUN-NVME-000215,441.45,5277.59,44145000,0,0,PASSED,pass,0,0,0,NONE,0,CLEAN,
NVMe_Sequential_Read,Gen3_8GTs,4,256,4096,Static,1,PS1_Balanced,1157.5,80.5,12833920,RUN-NVME-000216,382.02,6502.82,38202000,0,0,PASSED,pass,0,0,0,NONE,0,CLEAN,
NVMe_Random_4K_Write,Gen5_32GTs,2,1024,4096,Aggressive,1,PS0_MaxPerformance,1129.7,73.7,38066976,RUN-NVME-000217,132.05,3858.78,13205000,0,0,PASSED,pass,0,0,0,NONE,0,CLEAN,
NVMe_Deallocate_Trim,Gen5_32GTs,4,256,512,Static,0,PS2_LowPower,1136.5,41.6,73973422,RUN-NVME-000218,108.59,4998.09,10859000,0,0,PASSED,pass,0,0,0,NONE,0,CLEAN,
NVMe_Thermal_Throttle_Stress,Gen5_32GTs,2,16,4096,Dynamic,1,PS1_Balanced,1141.1,46.3,59280387,RUN-NVME-000219,488.01,5286.56,48801000,0,0,PASSED,pass,0,0,0,NONE,0,CLEAN,
NVMe_Flush_Cache,Gen5_32GTs,1,256,512,Static,1,PS0_MaxPerformance,1059.7,32.3,62611300,RUN-NVME-000220,328.76,6840.57,32876000,0,0,PASSED,pass,0,0,0,NONE,0,CLEAN,
NVMe_Sequential_Read,Gen3_8GTs,4,256,512,Disabled,0,PS3_ThermalThrottle,1128.5,96.6,11672310,RUN-NVME-000221,552.79,6845.68,55279000,0,0,PASSED,pass,0,0,0,NONE,0,CLEAN,
NVMe_Power_State_Transition,Gen5_32GTs,2,4096,4096,Static,1,PS1_Balanced,1088.5,71.5,89942556,RUN-NVME-000222,283.71,2302.92,28370999,0,0,PASSED,pass,0,0,0,NONE,0,CLEAN,
NVMe_Power_State_Transition,Gen5_32GTs,2,256,512,Dynamic,0,PS0_MaxPerformance,1117.6,102.5,35694829,RUN-NVME-000223,313.85,1580.96,31385000,0,0,PASSED,pass,0,0,0,NONE,0,CLEAN,
NVMe_Random_4K_Write,Gen4_16GTs,1,256,4096,Static,1,PS3_ThermalThrottle,1270.1,76.8,71465176,RUN-NVME-000224,589.18,2958.45,58917999,0,0,PASSED,pass,0,0,0,NONE,0,CLEAN,
NVMe_Thermal_Throttle_Stress,Gen4_16GTs,2,16,4096,Static,0,PS3_ThermalThrottle,1277.4,84.2,71977422,RUN-NVME-000225,114.93,5534.01,11493000,0,0,PASSED,pass,0,0,0,NONE,0,CLEAN,
NVMe_FDP_Placement_Test,Gen3_8GTs,4,64,4096,Dynamic,1,PS3_ThermalThrottle,1087.2,64.7,75761335,RUN-NVME-000226,488.39,6440.22,48839000,0,0,PASSED,pass,0,0,0,NONE,0,CLEAN,
NVMe_Flush_Cache,Gen5_32GTs,4,256,512,Dynamic,1,PS0_MaxPerformance,1177.8,66.9,88430964,RUN-NVME-000227,192.3,2762.01,19230000,0,0,PASSED,pass,0,0,0,NONE,0,CLEAN,
NVMe_FDP_Placement_Test,Gen5_32GTs,2,1024,4096,Static,1,PS0_MaxPerformance,1077.3,94.0,60021717,RUN-NVME-000228,358.52,2123.0,35852000,0,0,PASSED,pass,0,0,0,NONE,0,CLEAN,
NVMe_FDP_Placement_Test,Gen5_32GTs,1,1024,4096,Static,1,PS3_ThermalThrottle,1054.8,65.8,22944519,RUN-NVME-000229,384.34,3645.46,38434000,0,0,PASSED,pass,0,0,0,NONE,0,CLEAN,
NVMe_Thermal_Throttle_Stress,Gen5_32GTs,1,64,4096,Aggressive,1,PS0_MaxPerformance,1289.4,30.7,69744022,RUN-NVME-000230,333.17,3031.88,33317000,0,0,PASSED,pass,0,0,0,NONE,0,CLEAN,
NVMe_Thermal_Throttle_Stress,Gen5_32GTs,2,16,4096,Aggressive,1,PS0_MaxPerformance,1238.4,87.7,50538498,RUN-NVME-000231,491.52,1802.36,49152000,0,0,PASSED,pass,0,0,0,NONE,0,CLEAN,
NVMe_Power_State_Transition,Gen5_32GTs,4,16,4096,Dynamic,1,PS0_MaxPerformance,1066.5,56.2,16339111,RUN-NVME-000232,213.58,3195.12,21358000,0,0,PASSED,pass,0,0,0,NONE,0,CLEAN,
NVMe_Power_State_Transition,Gen5_32GTs,1,4096,4096,Dynamic,0,PS1_Balanced,1248.6,83.0,30530556,RUN-NVME-000233,387.07,5483.05,38707000,1,1,FAILED,fail,1,1,0,NVME_COMMAND_TIMEOUT,2,NVMe Submission Queue <N> starved host memory buffer (HMB=<N>) at address <ADDR> || Test sequence terminated,NVMe Submission Queue 4096 starved host memory buffer (HMB=0) at address 0x01d1dbfc Test sequence terminated
NVMe_Sequential_Read,Gen4_16GTs,2,64,512,Aggressive,1,PS0_MaxPerformance,1276.5,54.1,95738846,RUN-NVME-000234,164.9,3360.03,16490000,0,0,PASSED,pass,0,0,0,NONE,0,CLEAN,
NVMe_Random_4K_Write,Gen5_32GTs,4,256,4096,Static,0,PS2_LowPower,1175.8,63.7,87786989,RUN-NVME-000235,71.56,2895.66,7156000,0,0,PASSED,pass,0,0,0,NONE,0,CLEAN,
NVMe_Thermal_Throttle_Stress,Gen3_8GTs,4,64,4096,Aggressive,1,PS1_Balanced,1180.0,40.7,73814648,RUN-NVME-000236,349.85,6766.61,34985000,0,0,PASSED,pass,0,0,0,NONE,0,CLEAN,
NVMe_Random_4K_Write,Gen4_16GTs,2,64,4096,Dynamic,1,PS0_MaxPerformance,1050.0,68.3,93477148,RUN-NVME-000237,281.41,5031.32,28141000,0,0,PASSED,pass,0,0,0,NONE,0,CLEAN,
NVMe_Random_4K_Write,Gen5_32GTs,1,1024,512,Dynamic,1,PS0_MaxPerformance,1075.5,57.0,19012608,RUN-NVME-000238,184.88,1766.99,18488000,0,0,PASSED,pass,0,0,0,NONE,0,CLEAN,
NVMe_FDP_Placement_Test,Gen4_16GTs,4,1024,4096,Disabled,1,PS3_ThermalThrottle,1072.3,81.5,57973389,RUN-NVME-000239,184.59,4953.06,18459000,0,0,PASSED,pass,0,0,0,NONE,0,CLEAN,
NVMe_Flush_Cache,Gen5_32GTs,4,16,512,Aggressive,1,PS3_ThermalThrottle,1240.3,101.3,81005717,RUN-NVME-000240,204.95,1555.57,20495000,1,1,FAILED,fail,1,1,0,NAND_RETENTION_CORRUPTION,2,NAND die junction temperature 101.3C caused block erase retention failure || Test sequence terminated,NAND die junction temperature 101.3C caused block erase retention failure Test sequence terminated
NVMe_Random_4K_Write,Gen3_8GTs,4,256,512,Static,1,PS1_Balanced,1158.2,64.3,31301333,RUN-NVME-000241,85.97,6548.88,8597000,0,0,PASSED,pass,0,0,0,NONE,0,CLEAN,
NVMe_Flush_Cache,Gen4_16GTs,1,1024,4096,Aggressive,1,PS0_MaxPerformance,1214.3,65.4,93732699,RUN-NVME-000242,166.68,3088.96,16668000,0,0,PASSED,pass,0,0,0,NONE,0,CLEAN,
NVMe_Random_4K_Write,Gen5_32GTs,4,64,512,Static,1,PS0_MaxPerformance,1211.2,59.6,50238477,RUN-NVME-000243,343.49,7014.72,34349000,0,0,PASSED,pass,0,0,0,NONE,0,CLEAN,
NVMe_Random_4K_Write,Gen5_32GTs,2,256,512,Dynamic,1,PS0_MaxPerformance,1258.9,31.1,23676442,RUN-NVME-000244,186.52,2470.31,18652000,0,0,PASSED,pass,0,0,0,NONE,0,CLEAN,
NVMe_Random_4K_Write,Gen3_8GTs,1,256,4096,Static,1,PS1_Balanced,1052.5,64.8,82637229,RUN-NVME-000245,449.67,7053.46,44967000,0,0,PASSED,pass,0,0,0,NONE,0,CLEAN,
NVMe_Deallocate_Trim,Gen5_32GTs,2,1024,4096,Static,1,PS0_MaxPerformance,1054.2,87.8,14375467,RUN-NVME-000246,94.61,4974.86,9461000,0,0,PASSED,pass,0,0,0,NONE,0,CLEAN,
NVMe_Sequential_Read,Gen4_16GTs,1,64,4096,Static,1,PS0_MaxPerformance,1050.3,52.5,41481333,RUN-NVME-000247,293.93,3572.6,29393000,0,0,PASSED,pass,0,0,0,NONE,0,CLEAN,
PCIe_Link_Retrain_Stress,Gen5_32GTs,1,1024,4096,Aggressive,1,PS0_MaxPerformance,1125.7,34.9,90457997,RUN-NVME-000248,596.42,4014.72,59641999,0,0,PASSED,pass,0,0,0,NONE,0,CLEAN,
NVMe_Random_4K_Write,Gen4_16GTs,4,256,512,Disabled,1,PS2_LowPower,1297.8,70.8,90235522,RUN-NVME-000249,380.27,6480.69,38027000,0,0,PASSED,pass,0,0,0,NONE,0,CLEAN,
NVMe_Sequential_Read,Gen4_16GTs,2,64,512,Static,1,PS1_Balanced,1086.7,90.8,85240739,RUN-NVME-000250,195.35,6306.65,19535000,0,0,PASSED,pass,0,0,0,NONE,0,CLEAN,
NVMe_Flush_Cache,Gen5_32GTs,2,256,4096,Dynamic,1,PS2_LowPower,1226.9,34.7,91802896,RUN-NVME-000251,346.1,5705.48,34610000,0,0,PASSED,pass,0,0,0,NONE,0,CLEAN,
NVMe_Sequential_Read,Gen5_32GTs,2,64,4096,Static,0,PS1_Balanced,1219.9,35.7,52218202,RUN-NVME-000252,284.56,6066.05,28456000,0,0,PASSED,pass,0,0,0,NONE,0,CLEAN,
NVMe_Power_State_Transition,Gen4_16GTs,4,256,512,Dynamic,1,PS0_MaxPerformance,1062.5,93.3,48630548,RUN-NVME-000253,189.41,3998.51,18941000,0,0,PASSED,pass,0,0,0,NONE,0,CLEAN,
NVMe_Power_State_Transition,Gen5_32GTs,2,4096,512,Disabled,1,PS1_Balanced,1295.3,72.7,14441310,RUN-NVME-000254,52.98,6294.79,5298000,0,0,PASSED,pass,0,0,0,NONE,0,CLEAN,
NVMe_Flush_Cache,Gen4_16GTs,1,256,4096,Dynamic,1,PS3_ThermalThrottle,1285.9,102.0,47614568,RUN-NVME-000255,554.4,2602.03,55440000,0,0,PASSED,pass,0,0,0,NONE,0,CLEAN,
PCIe_Link_Retrain_Stress,Gen5_32GTs,2,256,4096,Dynamic,1,PS1_Balanced,1090.7,72.4,32070253,RUN-NVME-000256,553.63,3804.93,55363000,0,0,PASSED,pass,0,0,0,NONE,0,CLEAN,
NVMe_Flush_Cache,Gen3_8GTs,1,256,4096,Dynamic,1,PS0_MaxPerformance,1130.4,93.6,49967171,RUN-NVME-000257,134.21,2308.37,13421000,0,0,PASSED,pass,0,0,0,NONE,0,CLEAN,
NVMe_Sequential_Read,Gen4_16GTs,1,256,4096,Dynamic,1,PS0_MaxPerformance,1279.9,104.5,38295617,RUN-NVME-000258,466.18,6265.94,46618000,0,0,PASSED,pass,0,0,0,NONE,0,CLEAN,
NVMe_Power_State_Transition,Gen4_16GTs,2,1024,4096,Disabled,1,PS0_MaxPerformance,1246.9,48.8,70844094,RUN-NVME-000259,510.73,6910.54,51073000,0,0,PASSED,pass,0,0,0,NONE,0,CLEAN,
NVMe_Random_4K_Write,Gen5_32GTs,2,64,4096,Dynamic,1,PS0_MaxPerformance,1059.7,32.7,59670484,RUN-NVME-000260,531.89,4345.45,53189000,0,0,PASSED,pass,0,0,0,NONE,0,CLEAN,
NVMe_FDP_Placement_Test,Gen4_16GTs,4,256,4096,Static,1,PS2_LowPower,1120.6,56.5,39388442,RUN-NVME-000261,70.73,5061.98,7073000,0,0,PASSED,pass,0,0,0,NONE,0,CLEAN,
PCIe_Link_Retrain_Stress,Gen5_32GTs,2,1024,4096,Static,0,PS1_Balanced,1096.5,54.9,66847789,RUN-NVME-000262,129.22,5118.1,12922000,0,0,PASSED,pass,0,0,0,NONE,0,CLEAN,
NVMe_Random_4K_Write,Gen3_8GTs,1,4096,4096,Static,1,PS2_LowPower,1133.0,82.0,23642932,RUN-NVME-000263,416.54,3896.09,41654000,0,0,PASSED,pass,0,0,0,NONE,0,CLEAN,
NVMe_Thermal_Throttle_Stress,Gen3_8GTs,4,256,512,Static,0,PS0_MaxPerformance,1241.4,30.0,19691207,RUN-NVME-000264,409.9,2257.05,40990000,0,0,PASSED,pass,0,0,0,NONE,0,CLEAN,
NVMe_Deallocate_Trim,Gen3_8GTs,4,64,4096,Dynamic,0,PS0_MaxPerformance,1232.3,102.5,92654419,RUN-NVME-000265,220.54,3907.63,22054000,0,0,PASSED,pass,0,0,0,NONE,0,CLEAN,
NVMe_Thermal_Throttle_Stress,Gen5_32GTs,4,256,4096,Dynamic,1,PS2_LowPower,1095.4,57.8,91435555,RUN-NVME-000266,201.44,5992.34,20144000,0,0,PASSED,pass,0,0,0,NONE,0,CLEAN,
NVMe_Power_State_Transition,Gen5_32GTs,4,256,4096,Static,0,PS1_Balanced,1227.3,42.5,43423148,RUN-NVME-000267,105.95,2754.68,10595000,0,0,PASSED,pass,0,0,0,NONE,0,CLEAN,
NVMe_Deallocate_Trim,Gen5_32GTs,1,64,4096,Dynamic,1,PS2_LowPower,1075.6,68.5,10054540,RUN-NVME-000268,595.02,4982.66,59502000,0,0,PASSED,pass,0,0,0,NONE,0,CLEAN,
NVMe_Flush_Cache,Gen5_32GTs,4,1024,4096,Static,1,PS1_Balanced,1232.2,94.6,71106557,RUN-NVME-000269,494.8,5432.32,49480000,0,0,PASSED,pass,0,0,0,NONE,0,CLEAN,
NVMe_Power_State_Transition,Gen3_8GTs,2,256,4096,Aggressive,1,PS1_Balanced,1190.5,101.0,60591879,RUN-NVME-000270,260.74,5006.09,26074000,1,1,FAILED,fail,1,1,0,NAND_RETENTION_CORRUPTION,2,NAND die junction temperature 101.0C caused block erase retention failure || Test sequence terminated,NAND die junction temperature 101.0C caused block erase retention failure Test sequence terminated
NVMe_Flush_Cache,Gen3_8GTs,4,1024,4096,Dynamic,1,PS0_MaxPerformance,1225.9,102.8,12981077,RUN-NVME-000271,344.39,3942.76,34439000,0,0,PASSED,pass,0,0,0,NONE,0,CLEAN,
NVMe_Random_4K_Write,Gen5_32GTs,4,256,4096,Dynamic,1,PS1_Balanced,1265.7,43.4,76791477,RUN-NVME-000272,248.51,2234.83,24851000,0,0,PASSED,pass,0,0,0,NONE,0,CLEAN,
NVMe_Deallocate_Trim,Gen4_16GTs,1,1024,512,Dynamic,1,PS2_LowPower,1218.2,89.8,57772602,RUN-NVME-000273,70.95,5643.55,7095000,0,0,PASSED,pass,0,0,0,NONE,0,CLEAN,
NVMe_Thermal_Throttle_Stress,Gen4_16GTs,4,4096,512,Static,0,PS1_Balanced,1121.9,53.0,87458584,RUN-NVME-000274,467.77,2040.68,46777000,0,0,PASSED,pass,0,0,0,NONE,0,CLEAN,
NVMe_Thermal_Throttle_Stress,Gen4_16GTs,4,256,512,Aggressive,1,PS0_MaxPerformance,1221.4,54.9,95956356,RUN-NVME-000275,203.2,4995.45,20320000,0,0,PASSED,pass,0,0,0,NONE,0,CLEAN,
NVMe_Flush_Cache,Gen5_32GTs,4,1024,4096,Dynamic,1,PS2_LowPower,1075.3,50.8,47279998,RUN-NVME-000276,351.0,5243.16,35100000,0,0,PASSED,pass,0,0,0,NONE,0,CLEAN,
NVMe_Flush_Cache,Gen5_32GTs,1,256,512,Disabled,0,PS0_MaxPerformance,1234.5,82.8,66932612,RUN-NVME-000277,57.49,1957.55,5749000,0,0,PASSED,pass,0,0,0,NONE,0,CLEAN,
NVMe_Random_4K_Write,Gen4_16GTs,2,64,4096,Dynamic,1,PS1_Balanced,1292.1,75.3,34017473,RUN-NVME-000278,122.4,5501.91,12240000,0,0,PASSED,pass,0,0,0,NONE,0,CLEAN,
NVMe_Sequential_Read,Gen5_32GTs,2,16,4096,Static,1,PS0_MaxPerformance,1053.8,102.4,88205929,RUN-NVME-000279,98.56,2252.15,9856000,0,0,PASSED,pass,0,0,0,NONE,0,CLEAN,
NVMe_Thermal_Throttle_Stress,Gen5_32GTs,4,256,512,Static,1,PS3_ThermalThrottle,1076.5,41.6,40443256,RUN-NVME-000280,372.35,2225.69,37235000,0,0,PASSED,pass,0,0,0,NONE,0,CLEAN,
NVMe_Thermal_Throttle_Stress,Gen5_32GTs,2,256,4096,Static,1,PS0_MaxPerformance,1195.7,49.0,28778465,RUN-NVME-000281,358.69,3224.98,35869000,0,0,PASSED,pass,0,0,0,NONE,0,CLEAN,
PCIe_Link_Retrain_Stress,Gen4_16GTs,4,64,4096,Disabled,0,PS0_MaxPerformance,1158.4,36.9,72951322,RUN-NVME-000282,243.92,1813.95,24392000,0,0,PASSED,pass,0,0,0,NONE,0,CLEAN,
NVMe_FDP_Placement_Test,Gen4_16GTs,2,256,4096,Dynamic,1,PS1_Balanced,1209.4,48.2,86856227,RUN-NVME-000283,200.01,2492.7,20001000,0,0,PASSED,pass,0,0,0,NONE,0,CLEAN,
NVMe_Sequential_Read,Gen3_8GTs,4,1024,512,Dynamic,0,PS0_MaxPerformance,1111.9,34.7,90797227,RUN-NVME-000284,404.87,3970.4,40487000,0,0,PASSED,pass,0,0,0,NONE,0,CLEAN,
NVMe_Thermal_Throttle_Stress,Gen5_32GTs,4,16,4096,Aggressive,1,PS2_LowPower,1283.2,70.8,34620009,RUN-NVME-000285,235.19,3636.3,23519000,0,0,PASSED,pass,0,0,0,NONE,0,CLEAN,
NVMe_Deallocate_Trim,Gen5_32GTs,4,256,512,Static,1,PS1_Balanced,1184.6,50.2,98009566,RUN-NVME-000286,527.18,3890.22,52717999,0,0,PASSED,pass,0,0,0,NONE,0,CLEAN,
NVMe_FDP_Placement_Test,Gen5_32GTs,4,256,4096,Dynamic,1,PS0_MaxPerformance,1160.6,78.7,25143856,RUN-NVME-000287,281.54,2850.78,28154000,0,0,PASSED,pass,0,0,0,NONE,0,CLEAN,
NVMe_Sequential_Read,Gen5_32GTs,2,256,512,Dynamic,1,PS0_MaxPerformance,1172.8,99.5,48338661,RUN-NVME-000288,443.84,7153.63,44384000,0,0,PASSED,pass,0,0,0,NONE,0,CLEAN,
NVMe_Power_State_Transition,Gen4_16GTs,4,64,512,Dynamic,0,PS0_MaxPerformance,1216.1,96.1,77919196,RUN-NVME-000289,540.02,6237.1,54002000,0,0,PASSED,pass,0,0,0,NONE,0,CLEAN,
NVMe_Thermal_Throttle_Stress,Gen3_8GTs,2,256,512,Static,1,PS0_MaxPerformance,1138.4,92.1,45301674,RUN-NVME-000290,546.02,1994.79,54602000,0,0,PASSED,pass,0,0,0,NONE,0,CLEAN,
NVMe_Random_4K_Write,Gen5_32GTs,4,256,4096,Static,1,PS2_LowPower,1075.6,59.5,54687960,RUN-NVME-000291,320.7,4262.88,32070000,0,0,PASSED,pass,0,0,0,NONE,0,CLEAN,
NVMe_Deallocate_Trim,Gen3_8GTs,4,1024,4096,Aggressive,1,PS0_MaxPerformance,1202.6,42.0,62844863,RUN-NVME-000292,303.79,2147.41,30379000,0,0,PASSED,pass,0,0,0,NONE,0,CLEAN,
NVMe_Sequential_Read,Gen5_32GTs,2,64,512,Dynamic,1,PS1_Balanced,1178.7,42.1,54973847,RUN-NVME-000293,524.09,3916.02,52409000,0,0,PASSED,pass,0,0,0,NONE,0,CLEAN,
NVMe_Sequential_Read,Gen3_8GTs,4,64,4096,Dynamic,0,PS1_Balanced,1201.9,48.4,97502702,RUN-NVME-000294,425.67,3814.29,42567000,0,0,PASSED,pass,0,0,0,NONE,0,CLEAN,
NVMe_Flush_Cache,Gen4_16GTs,2,4096,4096,Static,1,PS0_MaxPerformance,1185.2,82.2,25624031,RUN-NVME-000295,479.18,7161.1,47918000,0,0,PASSED,pass,0,0,0,NONE,0,CLEAN,
NVMe_Sequential_Read,Gen4_16GTs,2,1024,4096,Static,0,PS1_Balanced,1079.3,55.3,42330113,RUN-NVME-000296,190.88,5838.95,19088000,0,0,PASSED,pass,0,0,0,NONE,0,CLEAN,
NVMe_Thermal_Throttle_Stress,Gen4_16GTs,2,1024,512,Static,1,PS0_MaxPerformance,1248.2,35.2,16216483,RUN-NVME-000297,183.27,3471.15,18327000,0,0,PASSED,pass,0,0,0,NONE,0,CLEAN,
NVMe_Deallocate_Trim,Gen5_32GTs,4,64,512,Aggressive,1,PS2_LowPower,1255.3,93.2,11578410,RUN-NVME-000298,268.46,5081.38,26845999,0,0,PASSED,pass,0,0,0,NONE,0,CLEAN,
NVMe_Random_4K_Write,Gen5_32GTs,2,64,4096,Aggressive,1,PS0_MaxPerformance,1147.0,90.3,88687373,RUN-NVME-000299,71.9,2319.04,7190000,0,0,PASSED,pass,0,0,0,NONE,0,CLEAN,
NVMe_Random_4K_Write,Gen3_8GTs,4,256,4096,Disabled,0,PS1_Balanced,1068.5,58.2,20817111,RUN-NVME-000300,376.81,2969.98,37681000,0,0,PASSED,pass,0,0,0,NONE,0,CLEAN,
NVMe_Flush_Cache,Gen5_32GTs,4,256,512,Static,1,PS0_MaxPerformance,1142.4,64.8,86550812,RUN-NVME-000301,229.64,6102.07,22964000,0,0,PASSED,pass,0,0,0,NONE,0,CLEAN,
NVMe_Thermal_Throttle_Stress,Gen5_32GTs,1,64,4096,Static,0,PS2_LowPower,1243.2,71.1,75811036,RUN-NVME-000302,160.09,5013.42,16009000,0,0,PASSED,pass,0,0,0,NONE,0,CLEAN,
NVMe_Power_State_Transition,Gen4_16GTs,4,1024,4096,Static,0,PS1_Balanced,1205.1,85.7,14641510,RUN-NVME-000303,512.1,5349.5,51210000,0,0,PASSED,pass,0,0,0,NONE,0,CLEAN,
NVMe_Random_4K_Write,Gen5_32GTs,4,4096,4096,Static,1,PS2_LowPower,1194.7,77.4,62130867,RUN-NVME-000304,436.12,5599.18,43612000,0,0,PASSED,pass,0,0,0,NONE,0,CLEAN,
NVMe_Flush_Cache,Gen5_32GTs,2,64,4096,Dynamic,0,PS0_MaxPerformance,1277.0,68.0,80935112,RUN-NVME-000305,84.18,4944.76,8418000,0,0,PASSED,pass,0,0,0,NONE,0,CLEAN,
NVMe_Sequential_Read,Gen5_32GTs,2,1024,4096,Aggressive,1,PS1_Balanced,1116.0,100.4,27597449,RUN-NVME-000306,110.69,6188.04,11069000,1,1,FAILED,fail,1,1,0,NAND_RETENTION_CORRUPTION,2,NAND die junction temperature 100.4C caused block erase retention failure || Test sequence terminated,NAND die junction temperature 100.4C caused block erase retention failure Test sequence terminated
NVMe_Random_4K_Write,Gen4_16GTs,2,1024,512,Static,1,PS1_Balanced,1253.7,88.4,26254027,RUN-NVME-000307,479.68,5228.28,47968000,0,0,PASSED,pass,0,0,0,NONE,0,CLEAN,
NVMe_Random_4K_Write,Gen3_8GTs,4,256,4096,Dynamic,1,PS0_MaxPerformance,1269.8,48.3,15198228,RUN-NVME-000308,321.33,6886.17,32133000,0,0,PASSED,pass,0,0,0,NONE,0,CLEAN,
NVMe_Sequential_Read,Gen5_32GTs,2,1024,4096,Dynamic,1,PS3_ThermalThrottle,1256.4,93.4,63177567,RUN-NVME-000309,497.95,5235.6,49795000,0,0,PASSED,pass,0,0,0,NONE,0,CLEAN,
NVMe_Deallocate_Trim,Gen3_8GTs,1,4096,4096,Aggressive,1,PS2_LowPower,1299.4,48.1,55384272,RUN-NVME-000310,307.94,4730.08,30794000,0,0,PASSED,pass,0,0,0,NONE,0,CLEAN,
NVMe_Flush_Cache,Gen3_8GTs,1,256,4096,Static,1,PS1_Balanced,1108.0,31.1,99351523,RUN-NVME-000311,417.23,4948.2,41723000,0,0,PASSED,pass,0,0,0,NONE,0,CLEAN,
NVMe_Thermal_Throttle_Stress,Gen5_32GTs,1,1024,4096,Static,1,PS2_LowPower,1196.7,73.6,27080520,RUN-NVME-000312,126.9,2607.4,12690000,0,0,PASSED,pass,0,0,0,NONE,0,CLEAN,
NVMe_Power_State_Transition,Gen4_16GTs,4,256,512,Static,1,PS3_ThermalThrottle,1135.5,69.6,33571422,RUN-NVME-000313,586.79,5318.33,58679000,0,0,PASSED,pass,0,0,0,NONE,0,CLEAN,
PCIe_Link_Retrain_Stress,Gen5_32GTs,4,1024,4096,Static,0,PS1_Balanced,1218.7,80.8,24944562,RUN-NVME-000314,352.79,6277.6,35279000,0,0,PASSED,pass,0,0,0,NONE,0,CLEAN,
PCIe_Link_Retrain_Stress,Gen3_8GTs,4,1024,4096,Static,1,PS0_MaxPerformance,1209.0,74.9,23822641,RUN-NVME-000315,214.75,2775.14,21475000,0,0,PASSED,pass,0,0,0,NONE,0,CLEAN,
NVMe_Thermal_Throttle_Stress,Gen4_16GTs,4,1024,512,Dynamic,1,PS1_Balanced,1224.9,92.9,87066159,RUN-NVME-000316,339.3,5128.23,33930000,0,0,PASSED,pass,0,0,0,NONE,0,CLEAN,
PCIe_Link_Retrain_Stress,Gen4_16GTs,2,256,512,Static,1,PS3_ThermalThrottle,1195.8,74.5,16163633,RUN-NVME-000317,218.36,6619.59,21836000,1,1,FAILED,fail,1,1,0,PCIE_AER_PROTOCOL_ERROR,2,PCIe Advanced Error Reporting: Link retrain framing error during power transition || Test sequence terminated,PCIe Advanced Error Reporting: Link retrain framing error during power transition Test sequence terminated
NVMe_Sequential_Read,Gen3_8GTs,2,16,4096,Aggressive,1,PS1_Balanced,1102.8,94.7,41964849,RUN-NVME-000318,84.57,5031.09,8457000,0,0,PASSED,pass,0,0,0,NONE,0,CLEAN,
NVMe_Random_4K_Write,Gen5_32GTs,2,1024,4096,Dynamic,1,PS1_Balanced,1293.3,64.9,90932589,RUN-NVME-000319,437.19,7182.41,43719000,0,0,PASSED,pass,0,0,0,NONE,0,CLEAN,
NVMe_Sequential_Read,Gen4_16GTs,1,4096,4096,Aggressive,1,PS0_MaxPerformance,1146.4,35.3,42721087,RUN-NVME-000320,369.33,1717.25,36933000,0,0,PASSED,pass,0,0,0,NONE,0,CLEAN,
NVMe_Random_4K_Write,Gen4_16GTs,2,64,512,Dynamic,1,PS2_LowPower,1291.9,63.0,51831366,RUN-NVME-000321,256.35,4788.5,25635000,0,0,PASSED,pass,0,0,0,NONE,0,CLEAN,
NVMe_Power_State_Transition,Gen4_16GTs,2,64,512,Dynamic,1,PS1_Balanced,1065.6,45.8,56225236,RUN-NVME-000322,232.53,1787.01,23253000,0,0,PASSED,pass,0,0,0,NONE,0,CLEAN,
NVMe_Sequential_Read,Gen4_16GTs,4,64,512,Static,1,PS1_Balanced,1251.0,40.3,88452979,RUN-NVME-000323,257.57,2787.21,25757000,0,0,PASSED,pass,0,0,0,NONE,0,CLEAN,
NVMe_Deallocate_Trim,Gen3_8GTs,4,64,4096,Dynamic,1,PS0_MaxPerformance,1255.6,34.3,37533603,RUN-NVME-000324,59.7,5049.99,5970000,0,0,PASSED,pass,0,0,0,NONE,0,CLEAN,
NVMe_Flush_Cache,Gen5_32GTs,4,1024,4096,Aggressive,1,PS1_Balanced,1260.0,104.2,30990664,RUN-NVME-000325,394.1,6680.38,39410000,0,0,PASSED,pass,0,0,0,NONE,0,CLEAN,
NVMe_Flush_Cache,Gen3_8GTs,2,1024,4096,Static,1,PS0_MaxPerformance,1264.9,60.5,45131037,RUN-NVME-000326,132.65,6741.67,13265000,0,0,PASSED,pass,0,0,0,NONE,0,CLEAN,
NVMe_Flush_Cache,Gen5_32GTs,1,64,4096,Dynamic,1,PS1_Balanced,1172.4,78.4,88618153,RUN-NVME-000327,339.98,1893.62,33998000,0,0,PASSED,pass,0,0,0,NONE,0,CLEAN,
NVMe_Deallocate_Trim,Gen4_16GTs,4,64,4096,Dynamic,1,PS0_MaxPerformance,1095.7,91.9,28962471,RUN-NVME-000328,415.51,4886.93,41551000,0,0,PASSED,pass,0,0,0,NONE,0,CLEAN,
PCIe_Link_Retrain_Stress,Gen5_32GTs,4,64,4096,Aggressive,1,PS0_MaxPerformance,1189.2,93.4,33180918,RUN-NVME-000329,443.28,6626.71,44328000,0,0,PASSED,pass,0,0,0,NONE,0,CLEAN,
NVMe_Sequential_Read,Gen5_32GTs,2,64,4096,Dynamic,1,PS0_MaxPerformance,1267.7,89.4,93696965,RUN-NVME-000330,460.38,7189.8,46038000,0,0,PASSED,pass,0,0,0,NONE,0,CLEAN,
NVMe_Power_State_Transition,Gen3_8GTs,2,256,512,Static,1,PS0_MaxPerformance,1122.9,45.6,15066938,RUN-NVME-000331,597.7,3365.62,59770000,0,0,PASSED,pass,0,0,0,NONE,0,CLEAN,
NVMe_FDP_Placement_Test,Gen4_16GTs,2,1024,512,Static,1,PS1_Balanced,1299.9,87.7,46964220,RUN-NVME-000332,284.69,4301.69,28469000,0,0,PASSED,pass,0,0,0,NONE,0,CLEAN,
NVMe_Power_State_Transition,Gen3_8GTs,1,64,4096,Static,1,PS3_ThermalThrottle,1177.5,67.6,46505742,RUN-NVME-000333,544.47,1811.86,54447000,0,0,PASSED,pass,0,0,0,NONE,0,CLEAN,
NVMe_Sequential_Read,Gen4_16GTs,2,1024,512,Dynamic,1,PS0_MaxPerformance,1062.4,84.3,14939182,RUN-NVME-000334,423.19,5269.18,42319000,0,0,PASSED,pass,0,0,0,NONE,0,CLEAN,
NVMe_Deallocate_Trim,Gen4_16GTs,2,256,4096,Static,1,PS0_MaxPerformance,1243.2,47.8,26630663,RUN-NVME-000335,598.55,6355.41,59854999,0,0,PASSED,pass,0,0,0,NONE,0,CLEAN,
NVMe_Deallocate_Trim,Gen5_32GTs,2,16,512,Aggressive,1,PS2_LowPower,1108.6,55.9,24327478,RUN-NVME-000336,351.3,4983.01,35130000,0,0,PASSED,pass,0,0,0,NONE,0,CLEAN,
PCIe_Link_Retrain_Stress,Gen5_32GTs,4,64,4096,Static,1,PS2_LowPower,1286.8,96.4,34338214,RUN-NVME-000337,407.81,2493.14,40781000,0,0,PASSED,pass,0,0,0,NONE,0,CLEAN,
NVMe_Random_4K_Write,Gen4_16GTs,4,16,4096,Aggressive,1,PS3_ThermalThrottle,1128.0,55.5,17361895,RUN-NVME-000338,136.75,3509.4,13675000,0,0,PASSED,pass,0,0,0,NONE,0,CLEAN,
NVMe_Flush_Cache,Gen4_16GTs,2,1024,4096,Dynamic,1,PS3_ThermalThrottle,1065.5,36.9,28263106,RUN-NVME-000339,98.59,4077.6,9859000,0,0,PASSED,pass,0,0,0,NONE,0,CLEAN,
NVMe_Deallocate_Trim,Gen3_8GTs,4,256,4096,Dynamic,1,PS1_Balanced,1237.8,86.5,83112408,RUN-NVME-000340,511.0,6330.42,51100000,0,0,PASSED,pass,0,0,0,NONE,0,CLEAN,
NVMe_FDP_Placement_Test,Gen5_32GTs,4,16,512,Dynamic,1,PS0_MaxPerformance,1150.6,96.3,13981339,RUN-NVME-000341,50.43,3488.4,5043000,0,0,PASSED,pass,0,0,0,NONE,0,CLEAN,
NVMe_FDP_Placement_Test,Gen4_16GTs,4,64,512,Dynamic,1,PS0_MaxPerformance,1257.7,39.0,56305436,RUN-NVME-000342,285.13,6337.6,28513000,0,0,PASSED,pass,0,0,0,NONE,0,CLEAN,
NVMe_Deallocate_Trim,Gen4_16GTs,2,64,4096,Static,0,PS0_MaxPerformance,1186.7,97.7,28160105,RUN-NVME-000343,446.21,4571.02,44621000,0,0,PASSED,pass,0,0,0,NONE,0,CLEAN,
NVMe_Thermal_Throttle_Stress,Gen5_32GTs,4,1024,4096,Static,1,PS0_MaxPerformance,1131.7,30.8,50701291,RUN-NVME-000344,598.32,5690.32,59832000,0,0,PASSED,pass,0,0,0,NONE,0,CLEAN,
NVMe_Power_State_Transition,Gen3_8GTs,4,256,512,Disabled,0,PS0_MaxPerformance,1198.7,85.4,82891740,RUN-NVME-000345,436.02,1954.83,43602000,0,0,PASSED,pass,0,0,0,NONE,0,CLEAN,
NVMe_Thermal_Throttle_Stress,Gen4_16GTs,1,64,4096,Dynamic,1,PS2_LowPower,1295.9,49.5,80836705,RUN-NVME-000346,283.95,5329.58,28395000,0,0,PASSED,pass,0,0,0,NONE,0,CLEAN,
NVMe_Flush_Cache,Gen4_16GTs,1,16,4096,Static,0,PS1_Balanced,1113.2,73.3,91411789,RUN-NVME-000347,553.12,3690.78,55312000,0,0,PASSED,pass,0,0,0,NONE,0,CLEAN,
NVMe_Power_State_Transition,Gen5_32GTs,2,256,4096,Aggressive,1,PS0_MaxPerformance,1071.2,65.0,46913094,RUN-NVME-000348,429.93,3637.77,42993000,0,0,PASSED,pass,0,0,0,NONE,0,CLEAN,
NVMe_FDP_Placement_Test,Gen4_16GTs,2,1024,4096,Static,1,PS0_MaxPerformance,1283.1,38.9,51920793,RUN-NVME-000349,446.04,4089.48,44604000,0,0,PASSED,pass,0,0,0,NONE,0,CLEAN,
NVMe_Thermal_Throttle_Stress,Gen4_16GTs,1,256,4096,Dynamic,1,PS3_ThermalThrottle,1190.5,83.6,35519895,RUN-NVME-000350,464.83,1923.91,46483000,0,0,PASSED,pass,0,0,0,NONE,0,CLEAN,
NVMe_Flush_Cache,Gen3_8GTs,4,4096,4096,Dynamic,1,PS1_Balanced,1150.8,92.5,38578256,RUN-NVME-000351,85.23,2371.25,8523000,0,0,PASSED,pass,0,0,0,NONE,0,CLEAN,
NVMe_Deallocate_Trim,Gen4_16GTs,2,64,4096,Static,1,PS1_Balanced,1067.5,59.6,44104692,RUN-NVME-000352,128.48,6140.75,12847999,0,0,PASSED,pass,0,0,0,NONE,0,CLEAN,
NVMe_Sequential_Read,Gen5_32GTs,1,256,512,Aggressive,1,PS0_MaxPerformance,1175.6,84.9,42509469,RUN-NVME-000353,117.48,3413.95,11748000,0,0,PASSED,pass,0,0,0,NONE,0,CLEAN,
NVMe_Random_4K_Write,Gen5_32GTs,4,4096,4096,Static,1,PS2_LowPower,1182.8,80.8,47839180,RUN-NVME-000354,117.59,6221.66,11759000,0,0,PASSED,pass,0,0,0,NONE,0,CLEAN,
NVMe_Thermal_Throttle_Stress,Gen5_32GTs,1,1024,4096,Aggressive,1,PS0_MaxPerformance,1278.8,48.8,92099128,RUN-NVME-000355,461.61,4732.94,46161000,0,0,PASSED,pass,0,0,0,NONE,0,CLEAN,
NVMe_Flush_Cache,Gen4_16GTs,2,256,4096,Dynamic,1,PS0_MaxPerformance,1294.6,102.4,18343606,RUN-NVME-000356,112.69,5729.18,11269000,0,0,PASSED,pass,0,0,0,NONE,0,CLEAN,
NVMe_Thermal_Throttle_Stress,Gen4_16GTs,4,1024,4096,Static,1,PS0_MaxPerformance,1297.6,31.9,49391488,RUN-NVME-000357,258.97,2543.23,25897000,0,0,PASSED,pass,0,0,0,NONE,0,CLEAN,
NVMe_Thermal_Throttle_Stress,Gen5_32GTs,1,4096,512,Static,0,PS0_MaxPerformance,1186.6,61.3,53081585,RUN-NVME-000358,559.72,2004.55,55972000,1,1,FAILED,fail,1,1,0,NVME_COMMAND_TIMEOUT,2,NVMe Submission Queue <N> starved host memory buffer (HMB=<N>) at address <ADDR> || Test sequence terminated,NVMe Submission Queue 4096 starved host memory buffer (HMB=0) at address 0x0329f5f1 Test sequence terminated
NVMe_Sequential_Read,Gen4_16GTs,4,1024,512,Static,0,PS0_MaxPerformance,1215.4,75.2,27441200,RUN-NVME-000359,253.16,5729.39,25316000,0,0,PASSED,pass,0,0,0,NONE,0,CLEAN,
NVMe_Random_4K_Write,Gen3_8GTs,4,4096,512,Dynamic,1,PS3_ThermalThrottle,1154.9,33.8,77092628,RUN-NVME-000360,212.6,7047.81,21260000,0,0,PASSED,pass,0,0,0,NONE,0,CLEAN,
NVMe_Deallocate_Trim,Gen4_16GTs,1,256,512,Aggressive,1,PS0_MaxPerformance,1197.1,59.8,43341315,RUN-NVME-000361,144.66,5545.29,14466000,0,0,PASSED,pass,0,0,0,NONE,0,CLEAN,
NVMe_Deallocate_Trim,Gen4_16GTs,4,64,4096,Static,1,PS0_MaxPerformance,1156.5,92.4,34218412,RUN-NVME-000362,279.7,5370.11,27970000,0,0,PASSED,pass,0,0,0,NONE,0,CLEAN,
NVMe_Random_4K_Write,Gen4_16GTs,4,4096,512,Static,1,PS2_LowPower,1070.9,45.8,51549012,RUN-NVME-000363,471.18,6356.53,47118000,0,0,PASSED,pass,0,0,0,NONE,0,CLEAN,
NVMe_Sequential_Read,Gen4_16GTs,2,256,4096,Static,0,PS1_Balanced,1251.4,87.0,16713933,RUN-NVME-000364,122.33,7182.14,12233000,0,0,PASSED,pass,0,0,0,NONE,0,CLEAN,
NVMe_Sequential_Read,Gen4_16GTs,2,256,4096,Dynamic,0,PS0_MaxPerformance,1224.3,44.5,96063957,RUN-NVME-000365,193.61,1884.68,19361000,0,0,PASSED,pass,0,0,0,NONE,0,CLEAN,
NVMe_Random_4K_Write,Gen5_32GTs,4,64,512,Static,0,PS1_Balanced,1256.5,80.5,28631430,RUN-NVME-000366,104.76,7015.55,10476000,0,0,PASSED,pass,0,0,0,NONE,0,CLEAN,
NVMe_Flush_Cache,Gen3_8GTs,4,256,4096,Dynamic,0,PS3_ThermalThrottle,1089.1,104.1,84624428,RUN-NVME-000367,482.4,3611.92,48240000,0,0,PASSED,pass,0,0,0,NONE,0,CLEAN,
NVMe_Power_State_Transition,Gen5_32GTs,4,1024,512,Static,1,PS0_MaxPerformance,1156.9,54.8,45667538,RUN-NVME-000368,566.73,5708.62,56673000,0,0,PASSED,pass,0,0,0,NONE,0,CLEAN,
NVMe_FDP_Placement_Test,Gen4_16GTs,4,1024,4096,Static,1,PS0_MaxPerformance,1254.6,33.0,30024470,RUN-NVME-000369,74.64,4592.06,7464000,0,0,PASSED,pass,0,0,0,NONE,0,CLEAN,
PCIe_Link_Retrain_Stress,Gen4_16GTs,2,1024,512,Aggressive,0,PS0_MaxPerformance,1294.8,80.5,44915258,RUN-NVME-000370,579.3,2467.01,57929999,0,0,PASSED,pass,0,0,0,NONE,0,CLEAN,
NVMe_Random_4K_Write,Gen5_32GTs,4,256,4096,Static,1,PS0_MaxPerformance,1242.1,47.0,58436645,RUN-NVME-000371,541.35,6858.86,54135000,0,0,PASSED,pass,0,0,0,NONE,0,CLEAN,
NVMe_Random_4K_Write,Gen5_32GTs,4,64,512,Dynamic,1,PS2_LowPower,1061.2,85.1,21004062,RUN-NVME-000372,552.38,4990.79,55238000,0,0,PASSED,pass,0,0,0,NONE,0,CLEAN,
NVMe_Flush_Cache,Gen5_32GTs,2,256,512,Dynamic,1,PS0_MaxPerformance,1207.8,62.0,11767726,RUN-NVME-000373,542.82,2624.2,54282000,0,0,PASSED,pass,0,0,0,NONE,0,CLEAN,
NVMe_Sequential_Read,Gen4_16GTs,4,4096,512,Aggressive,1,PS1_Balanced,1175.1,35.2,49159621,RUN-NVME-000374,350.81,1806.45,35081000,0,0,PASSED,pass,0,0,0,NONE,0,CLEAN,
NVMe_Deallocate_Trim,Gen4_16GTs,4,256,512,Aggressive,1,PS1_Balanced,1224.5,97.5,16309956,RUN-NVME-000375,304.39,7084.44,30439000,0,0,PASSED,pass,0,0,0,NONE,0,CLEAN,
NVMe_Thermal_Throttle_Stress,Gen5_32GTs,4,64,512,Dynamic,0,PS1_Balanced,1208.4,74.5,50015240,RUN-NVME-000376,550.64,5389.65,55064000,0,0,PASSED,pass,0,0,0,NONE,0,CLEAN,
NVMe_Thermal_Throttle_Stress,Gen4_16GTs,4,256,4096,Dynamic,0,PS2_LowPower,1279.6,78.7,33835556,RUN-NVME-000377,269.67,2024.38,26967000,0,0,PASSED,pass,0,0,0,NONE,0,CLEAN,
NVMe_Flush_Cache,Gen5_32GTs,4,64,512,Aggressive,1,PS0_MaxPerformance,1053.2,70.5,56131906,RUN-NVME-000378,265.9,3954.39,26589999,0,0,PASSED,pass,0,0,0,NONE,0,CLEAN,
PCIe_Link_Retrain_Stress,Gen4_16GTs,4,16,4096,Static,1,PS0_MaxPerformance,1110.1,37.1,51677375,RUN-NVME-000379,453.98,1728.59,45398000,0,0,PASSED,pass,0,0,0,NONE,0,CLEAN,
NVMe_Sequential_Read,Gen3_8GTs,4,256,4096,Aggressive,1,PS1_Balanced,1253.1,54.5,51538384,RUN-NVME-000380,465.07,2725.84,46507000,0,0,PASSED,pass,0,0,0,NONE,0,CLEAN,
NVMe_Flush_Cache,Gen5_32GTs,4,256,512,Static,0,PS1_Balanced,1223.4,82.5,85759925,RUN-NVME-000381,443.25,4370.41,44325000,0,0,PASSED,pass,0,0,0,NONE,0,CLEAN,
NVMe_FDP_Placement_Test,Gen4_16GTs,4,256,512,Dynamic,1,PS0_MaxPerformance,1204.3,93.7,60753264,RUN-NVME-000382,505.28,6169.57,50528000,0,0,PASSED,pass,0,0,0,NONE,0,CLEAN,
NVMe_Sequential_Read,Gen5_32GTs,1,256,4096,Static,0,PS0_MaxPerformance,1076.4,73.9,46531742,RUN-NVME-000383,184.82,4514.97,18482000,0,0,PASSED,pass,0,0,0,NONE,0,CLEAN,
NVMe_Random_4K_Write,Gen5_32GTs,4,16,4096,Static,1,PS0_MaxPerformance,1203.4,97.3,84475841,RUN-NVME-000384,416.14,2766.41,41614000,0,0,PASSED,pass,0,0,0,NONE,0,CLEAN,
NVMe_Deallocate_Trim,Gen5_32GTs,2,256,4096,Dynamic,1,PS1_Balanced,1139.7,98.4,88039365,RUN-NVME-000385,505.39,6894.75,50539000,0,0,PASSED,pass,0,0,0,NONE,0,CLEAN,
NVMe_Random_4K_Write,Gen3_8GTs,4,1024,4096,Static,1,PS2_LowPower,1163.5,60.9,70621866,RUN-NVME-000386,539.28,3613.94,53928000,0,0,PASSED,pass,0,0,0,NONE,0,CLEAN,
NVMe_Random_4K_Write,Gen3_8GTs,4,4096,4096,Dynamic,1,PS1_Balanced,1090.5,79.4,47096799,RUN-NVME-000387,272.34,1561.27,27233999,0,0,PASSED,pass,0,0,0,NONE,0,CLEAN,
NVMe_Flush_Cache,Gen4_16GTs,2,64,4096,Static,1,PS1_Balanced,1160.5,78.6,46582623,RUN-NVME-000388,119.33,6483.65,11933000,0,0,PASSED,pass,0,0,0,NONE,0,CLEAN,
NVMe_Power_State_Transition,Gen5_32GTs,4,4096,512,Static,1,PS1_Balanced,1150.4,55.4,40776847,RUN-NVME-000389,248.14,2579.09,24814000,0,0,PASSED,pass,0,0,0,NONE,0,CLEAN,
NVMe_Flush_Cache,Gen3_8GTs,4,64,512,Static,1,PS2_LowPower,1194.2,55.9,15824862,RUN-NVME-000390,311.34,4039.31,31133999,0,0,PASSED,pass,0,0,0,NONE,0,CLEAN,
NVMe_Deallocate_Trim,Gen3_8GTs,4,4096,4096,Dynamic,0,PS0_MaxPerformance,1158.2,74.7,53551522,RUN-NVME-000391,315.85,6923.49,31585000,0,0,PASSED,pass,0,0,0,NONE,0,CLEAN,
PCIe_Link_Retrain_Stress,Gen5_32GTs,4,1024,512,Static,1,PS2_LowPower,1245.9,50.8,97386199,RUN-NVME-000392,242.07,4397.12,24207000,0,0,PASSED,pass,0,0,0,NONE,0,CLEAN,
NVMe_Sequential_Read,Gen5_32GTs,4,64,4096,Dynamic,1,PS1_Balanced,1195.2,100.2,43298462,RUN-NVME-000393,85.67,6392.32,8567000,0,0,PASSED,pass,0,0,0,NONE,0,CLEAN,
NVMe_Flush_Cache,Gen5_32GTs,4,16,4096,Dynamic,1,PS0_MaxPerformance,1083.0,63.0,75271711,RUN-NVME-000394,238.47,5497.8,23847000,0,0,PASSED,pass,0,0,0,NONE,0,CLEAN,
NVMe_Flush_Cache,Gen3_8GTs,4,4096,4096,Dynamic,1,PS0_MaxPerformance,1255.1,92.0,18973886,RUN-NVME-000395,479.99,6483.74,47999000,0,0,PASSED,pass,0,0,0,NONE,0,CLEAN,
NVMe_Random_4K_Write,Gen5_32GTs,4,1024,4096,Aggressive,1,PS0_MaxPerformance,1289.5,70.6,69848473,RUN-NVME-000396,69.44,1629.69,6944000,0,0,PASSED,pass,0,0,0,NONE,0,CLEAN,
NVMe_Random_4K_Write,Gen5_32GTs,4,64,512,Static,1,PS1_Balanced,1106.7,80.0,24909719,RUN-NVME-000397,566.17,2672.94,56616999,0,0,PASSED,pass,0,0,0,NONE,0,CLEAN,
NVMe_Flush_Cache,Gen3_8GTs,2,64,4096,Dynamic,1,PS1_Balanced,1170.8,58.7,92412766,RUN-NVME-000398,520.38,5279.9,52038000,0,0,PASSED,pass,0,0,0,NONE,0,CLEAN,
NVMe_Sequential_Read,Gen4_16GTs,1,16,4096,Static,1,PS1_Balanced,1289.9,33.7,86128731,RUN-NVME-000399,335.08,6306.6,33508000,0,0,PASSED,pass,0,0,0,NONE,0,CLEAN,
NVMe_Sequential_Read,Gen3_8GTs,4,256,512,Disabled,1,PS0_MaxPerformance,1069.3,42.7,35215001,RUN-NVME-000400,319.81,2386.58,31981000,0,0,PASSED,pass,0,0,0,NONE,0,CLEAN,
NVMe_Sequential_Read,Gen4_16GTs,2,256,4096,Static,1,PS0_MaxPerformance,1145.5,71.6,45403091,RUN-NVME-000401,583.47,4393.1,58347000,0,0,PASSED,pass,0,0,0,NONE,0,CLEAN,
NVMe_Sequential_Read,Gen5_32GTs,4,256,4096,Static,0,PS0_MaxPerformance,1094.3,37.4,63052606,RUN-NVME-000402,535.66,2458.54,53566000,0,0,PASSED,pass,0,0,0,NONE,0,CLEAN,
NVMe_Deallocate_Trim,Gen5_32GTs,2,256,512,Dynamic,0,PS2_LowPower,1219.4,71.0,47918803,RUN-NVME-000403,69.12,3237.37,6912000,0,0,PASSED,pass,0,0,0,NONE,0,CLEAN,
PCIe_Link_Retrain_Stress,Gen3_8GTs,2,256,4096,Disabled,0,PS2_LowPower,1257.7,46.8,42464386,RUN-NVME-000404,281.89,3813.93,28189000,0,0,PASSED,pass,0,0,0,NONE,0,CLEAN,
NVMe_Flush_Cache,Gen5_32GTs,2,1024,4096,Aggressive,1,PS1_Balanced,1258.2,90.3,61218609,RUN-NVME-000405,73.82,3258.71,7381999,0,0,PASSED,pass,0,0,0,NONE,0,CLEAN,
NVMe_Sequential_Read,Gen5_32GTs,1,256,4096,Static,1,PS3_ThermalThrottle,1083.8,80.7,36915854,RUN-NVME-000406,316.46,6559.49,31645999,0,0,PASSED,pass,0,0,0,NONE,0,CLEAN,
NVMe_Sequential_Read,Gen3_8GTs,4,1024,4096,Disabled,0,PS0_MaxPerformance,1217.3,66.3,68709844,RUN-NVME-000407,337.98,2981.59,33798000,0,0,PASSED,pass,0,0,0,NONE,0,CLEAN,
NVMe_Random_4K_Write,Gen4_16GTs,4,64,4096,Static,1,PS0_MaxPerformance,1235.6,31.9,49951778,RUN-NVME-000408,346.47,2824.43,34647000,0,0,PASSED,pass,0,0,0,NONE,0,CLEAN,
NVMe_Power_State_Transition,Gen4_16GTs,2,1024,4096,Aggressive,1,PS1_Balanced,1172.0,40.0,41033370,RUN-NVME-000409,503.44,6772.8,50344000,0,0,PASSED,pass,0,0,0,NONE,0,CLEAN,
NVMe_Flush_Cache,Gen4_16GTs,4,64,512,Static,1,PS1_Balanced,1056.0,73.9,75323802,RUN-NVME-000410,224.37,4436.55,22437000,0,0,PASSED,pass,0,0,0,NONE,0,CLEAN,
NVMe_Sequential_Read,Gen4_16GTs,1,256,4096,Static,1,PS2_LowPower,1099.1,31.7,11410574,RUN-NVME-000411,335.99,2404.37,33599000,0,0,PASSED,pass,0,0,0,NONE,0,CLEAN,
NVMe_Deallocate_Trim,Gen5_32GTs,4,1024,4096,Aggressive,1,PS1_Balanced,1095.2,50.2,54406822,RUN-NVME-000412,306.18,6519.19,30618000,0,0,PASSED,pass,0,0,0,NONE,0,CLEAN,
NVMe_Random_4K_Write,Gen4_16GTs,4,256,4096,Static,0,PS0_MaxPerformance,1093.0,68.9,98372558,RUN-NVME-000413,466.07,5476.69,46607000,0,0,PASSED,pass,0,0,0,NONE,0,CLEAN,
NVMe_Random_4K_Write,Gen4_16GTs,4,16,4096,Static,1,PS3_ThermalThrottle,1055.0,41.5,56104341,RUN-NVME-000414,209.18,3601.35,20918000,0,0,PASSED,pass,0,0,0,NONE,0,CLEAN,
NVMe_Flush_Cache,Gen4_16GTs,4,1024,4096,Disabled,1,PS0_MaxPerformance,1269.9,33.7,46438397,RUN-NVME-000415,214.52,1622.49,21452000,0,0,PASSED,pass,0,0,0,NONE,0,CLEAN,
NVMe_FDP_Placement_Test,Gen4_16GTs,2,64,4096,Static,1,PS0_MaxPerformance,1239.5,87.0,91419103,RUN-NVME-000416,213.1,2369.22,21310000,0,0,PASSED,pass,0,0,0,NONE,0,CLEAN,
NVMe_Flush_Cache,Gen4_16GTs,4,256,4096,Dynamic,1,PS2_LowPower,1222.9,102.4,45418566,RUN-NVME-000417,400.26,6520.79,40026000,0,0,PASSED,pass,0,0,0,NONE,0,CLEAN,
NVMe_Sequential_Read,Gen5_32GTs,4,256,512,Static,1,PS0_MaxPerformance,1211.3,85.9,67634793,RUN-NVME-000418,359.96,1534.36,35996000,0,0,PASSED,pass,0,0,0,NONE,0,CLEAN,
NVMe_Flush_Cache,Gen4_16GTs,2,1024,4096,Static,1,PS2_LowPower,1261.5,43.7,13766751,RUN-NVME-000419,534.69,2781.1,53469000,0,0,PASSED,pass,0,0,0,NONE,0,CLEAN,
NVMe_Flush_Cache,Gen4_16GTs,1,256,512,Dynamic,1,PS2_LowPower,1268.9,52.7,76027271,RUN-NVME-000420,172.06,1784.67,17206000,0,0,PASSED,pass,0,0,0,NONE,0,CLEAN,
NVMe_FDP_Placement_Test,Gen5_32GTs,1,1024,4096,Static,1,PS1_Balanced,1211.4,68.3,29953847,RUN-NVME-000421,433.82,5159.63,43382000,0,0,PASSED,pass,0,0,0,NONE,0,CLEAN,
NVMe_Random_4K_Write,Gen5_32GTs,4,64,4096,Dynamic,1,PS2_LowPower,1253.0,100.9,94968015,RUN-NVME-000422,229.61,4501.49,22961000,0,0,PASSED,pass,0,0,0,NONE,0,CLEAN,
NVMe_FDP_Placement_Test,Gen3_8GTs,4,1024,4096,Dynamic,1,PS0_MaxPerformance,1063.4,83.8,35905792,RUN-NVME-000423,428.83,6149.57,42883000,0,0,PASSED,pass,0,0,0,NONE,0,CLEAN,
NVMe_FDP_Placement_Test,Gen4_16GTs,2,1024,4096,Dynamic,1,PS1_Balanced,1201.1,64.6,76241101,RUN-NVME-000424,75.05,1782.83,7505000,0,0,PASSED,pass,0,0,0,NONE,0,CLEAN,
NVMe_Power_State_Transition,Gen5_32GTs,1,1024,4096,Static,1,PS2_LowPower,1231.3,38.4,44712402,RUN-NVME-000425,281.19,5979.73,28119000,0,0,PASSED,pass,0,0,0,NONE,0,CLEAN,
NVMe_FDP_Placement_Test,Gen3_8GTs,4,1024,4096,Dynamic,0,PS3_ThermalThrottle,1124.6,88.2,93655987,RUN-NVME-000426,582.69,3047.14,58269000,0,0,PASSED,pass,0,0,0,NONE,0,CLEAN,
NVMe_Sequential_Read,Gen3_8GTs,4,4096,4096,Static,1,PS1_Balanced,1160.2,96.0,39417750,RUN-NVME-000427,381.2,3343.77,38120000,0,0,PASSED,pass,0,0,0,NONE,0,CLEAN,
NVMe_Deallocate_Trim,Gen3_8GTs,4,64,512,Static,1,PS0_MaxPerformance,1155.5,88.9,66704753,RUN-NVME-000428,426.77,4572.35,42677000,0,0,PASSED,pass,0,0,0,NONE,0,CLEAN,
NVMe_Power_State_Transition,Gen5_32GTs,2,256,512,Aggressive,1,PS0_MaxPerformance,1199.0,104.7,66025274,RUN-NVME-000429,230.78,4376.99,23078000,1,1,FAILED,fail,1,1,0,NAND_RETENTION_CORRUPTION,2,NAND die junction temperature 104.7C caused block erase retention failure || Test sequence terminated,NAND die junction temperature 104.7C caused block erase retention failure Test sequence terminated
PCIe_Link_Retrain_Stress,Gen4_16GTs,1,64,4096,Dynamic,0,PS3_ThermalThrottle,1261.0,85.7,40859960,RUN-NVME-000430,137.19,2378.44,13719000,1,1,FAILED,fail,1,1,0,PCIE_AER_PROTOCOL_ERROR,2,PCIe Advanced Error Reporting: Link retrain framing error during power transition || Test sequence terminated,PCIe Advanced Error Reporting: Link retrain framing error during power transition Test sequence terminated
NVMe_Sequential_Read,Gen3_8GTs,4,4096,4096,Dynamic,1,PS0_MaxPerformance,1143.7,76.6,15617172,RUN-NVME-000431,64.67,6731.65,6467000,0,0,PASSED,pass,0,0,0,NONE,0,CLEAN,
NVMe_Sequential_Read,Gen3_8GTs,4,64,512,Dynamic,0,PS0_MaxPerformance,1250.6,55.6,93100768,RUN-NVME-000432,523.5,2294.96,52350000,0,0,PASSED,pass,0,0,0,NONE,0,CLEAN,
NVMe_Thermal_Throttle_Stress,Gen4_16GTs,4,1024,512,Aggressive,1,PS3_ThermalThrottle,1170.8,104.0,71491980,RUN-NVME-000433,359.44,6255.12,35944000,0,0,PASSED,pass,0,0,0,NONE,0,CLEAN,
NVMe_Random_4K_Write,Gen4_16GTs,4,1024,512,Aggressive,1,PS0_MaxPerformance,1150.9,47.6,40597797,RUN-NVME-000434,221.88,5173.81,22188000,0,0,PASSED,pass,0,0,0,NONE,0,CLEAN,
NVMe_Random_4K_Write,Gen5_32GTs,1,256,512,Dynamic,0,PS0_MaxPerformance,1188.9,51.9,77562147,RUN-NVME-000435,122.84,4847.24,12284000,0,0,PASSED,pass,0,0,0,NONE,0,CLEAN,
NVMe_Flush_Cache,Gen5_32GTs,4,256,4096,Dynamic,1,PS0_MaxPerformance,1124.4,52.4,96423663,RUN-NVME-000436,268.69,3422.09,26869000,0,0,PASSED,pass,0,0,0,NONE,0,CLEAN,
NVMe_Sequential_Read,Gen5_32GTs,1,256,512,Dynamic,1,PS0_MaxPerformance,1255.3,70.8,63472874,RUN-NVME-000437,272.63,4370.44,27263000,0,0,PASSED,pass,0,0,0,NONE,0,CLEAN,
PCIe_Link_Retrain_Stress,Gen4_16GTs,4,64,4096,Dynamic,1,PS2_LowPower,1283.7,98.2,23789137,RUN-NVME-000438,291.7,6802.46,29170000,0,0,PASSED,pass,0,0,0,NONE,0,CLEAN,
NVMe_FDP_Placement_Test,Gen3_8GTs,2,64,4096,Static,1,PS0_MaxPerformance,1222.8,42.6,54423707,RUN-NVME-000439,268.47,5539.59,26847000,0,0,PASSED,pass,0,0,0,NONE,0,CLEAN,
NVMe_Deallocate_Trim,Gen5_32GTs,4,256,512,Static,0,PS0_MaxPerformance,1153.4,33.0,68759214,RUN-NVME-000440,404.11,4829.84,40411000,0,0,PASSED,pass,0,0,0,NONE,0,CLEAN,
PCIe_Link_Retrain_Stress,Gen5_32GTs,2,16,512,Static,1,PS0_MaxPerformance,1240.9,38.2,90366444,RUN-NVME-000441,75.12,6605.38,7512000,0,0,PASSED,pass,0,0,0,NONE,0,CLEAN,
NVMe_Flush_Cache,Gen5_32GTs,2,256,512,Dynamic,1,PS3_ThermalThrottle,1271.9,76.9,43357175,RUN-NVME-000442,599.65,2343.27,59965000,0,0,PASSED,pass,0,0,0,NONE,0,CLEAN,
NVMe_Sequential_Read,Gen4_16GTs,2,256,4096,Dynamic,1,PS2_LowPower,1145.5,39.9,29568693,RUN-NVME-000443,468.82,5757.09,46882000,0,0,PASSED,pass,0,0,0,NONE,0,CLEAN,
NVMe_Random_4K_Write,Gen4_16GTs,4,256,4096,Static,1,PS0_MaxPerformance,1167.3,90.1,80856605,RUN-NVME-000444,408.72,2558.97,40872000,0,0,PASSED,pass,0,0,0,NONE,0,CLEAN,
NVMe_Sequential_Read,Gen5_32GTs,2,1024,512,Static,1,PS0_MaxPerformance,1202.5,48.1,40117505,RUN-NVME-000445,112.52,3103.25,11252000,0,0,PASSED,pass,0,0,0,NONE,0,CLEAN,
NVMe_Sequential_Read,Gen3_8GTs,2,16,4096,Dynamic,1,PS0_MaxPerformance,1126.9,99.5,88854818,RUN-NVME-000446,581.57,3230.69,58157000,0,0,PASSED,pass,0,0,0,NONE,0,CLEAN,
PCIe_Link_Retrain_Stress,Gen4_16GTs,4,256,4096,Static,1,PS0_MaxPerformance,1091.6,98.7,80320840,RUN-NVME-000447,275.5,1717.33,27550000,0,0,PASSED,pass,0,0,0,NONE,0,CLEAN,
NVMe_Flush_Cache,Gen5_32GTs,2,4096,4096,Static,1,PS0_MaxPerformance,1114.3,64.9,88433059,RUN-NVME-000448,306.85,2411.93,30685000,0,0,PASSED,pass,0,0,0,NONE,0,CLEAN,
NVMe_Power_State_Transition,Gen5_32GTs,2,256,4096,Static,1,PS0_MaxPerformance,1277.4,72.7,83649421,RUN-NVME-000449,287.19,1755.56,28719000,0,0,PASSED,pass,0,0,0,NONE,0,CLEAN,
NVMe_Power_State_Transition,Gen4_16GTs,2,1024,4096,Aggressive,1,PS1_Balanced,1235.4,90.4,32794932,RUN-NVME-000450,191.15,2738.78,19115000,0,0,PASSED,pass,0,0,0,NONE,0,CLEAN,
NVMe_Flush_Cache,Gen3_8GTs,2,1024,4096,Aggressive,1,PS1_Balanced,1096.6,86.2,52165129,RUN-NVME-000451,485.59,5677.67,48559000,0,0,PASSED,pass,0,0,0,NONE,0,CLEAN,
NVMe_Random_4K_Write,Gen4_16GTs,4,256,512,Disabled,1,PS3_ThermalThrottle,1156.8,65.6,65950187,RUN-NVME-000452,263.13,6484.8,26313000,0,0,PASSED,pass,0,0,0,NONE,0,CLEAN,
NVMe_Deallocate_Trim,Gen5_32GTs,2,256,512,Dynamic,0,PS0_MaxPerformance,1294.3,48.2,17557864,RUN-NVME-000453,360.38,2767.42,36038000,0,0,PASSED,pass,0,0,0,NONE,0,CLEAN,
NVMe_Power_State_Transition,Gen4_16GTs,2,1024,4096,Aggressive,1,PS3_ThermalThrottle,1193.4,55.6,28180451,RUN-NVME-000454,411.16,1676.39,41116000,0,0,PASSED,pass,0,0,0,NONE,0,CLEAN,
NVMe_Sequential_Read,Gen5_32GTs,1,256,4096,Static,1,PS1_Balanced,1263.6,55.5,44348937,RUN-NVME-000455,265.02,1617.24,26502000,0,0,PASSED,pass,0,0,0,NONE,0,CLEAN,
NVMe_Sequential_Read,Gen5_32GTs,4,64,4096,Dynamic,1,PS1_Balanced,1208.8,44.7,89907245,RUN-NVME-000456,434.31,4181.14,43431000,0,0,PASSED,pass,0,0,0,NONE,0,CLEAN,
NVMe_Sequential_Read,Gen4_16GTs,4,1024,4096,Static,1,PS1_Balanced,1282.5,69.6,17661369,RUN-NVME-000457,499.8,6223.38,49980000,0,0,PASSED,pass,0,0,0,NONE,0,CLEAN,
NVMe_Sequential_Read,Gen5_32GTs,1,256,4096,Static,1,PS0_MaxPerformance,1144.9,76.3,51764511,RUN-NVME-000458,155.42,6092.17,15541999,0,0,PASSED,pass,0,0,0,NONE,0,CLEAN,
NVMe_Thermal_Throttle_Stress,Gen5_32GTs,4,256,512,Static,1,PS1_Balanced,1172.4,69.6,98311533,RUN-NVME-000459,373.31,3812.67,37331000,0,0,PASSED,pass,0,0,0,NONE,0,CLEAN,
NVMe_Deallocate_Trim,Gen3_8GTs,4,64,512,Static,1,PS0_MaxPerformance,1119.2,71.9,33472583,RUN-NVME-000460,385.4,4338.0,38540000,0,0,PASSED,pass,0,0,0,NONE,0,CLEAN,
PCIe_Link_Retrain_Stress,Gen5_32GTs,4,256,4096,Dynamic,1,PS0_MaxPerformance,1280.1,30.9,97456897,RUN-NVME-000461,567.37,3913.99,56737000,0,0,PASSED,pass,0,0,0,NONE,0,CLEAN,
NVMe_Power_State_Transition,Gen4_16GTs,1,4096,4096,Static,0,PS1_Balanced,1157.3,35.6,27842514,RUN-NVME-000462,181.71,6128.12,18171000,0,0,PASSED,pass,0,0,0,NONE,0,CLEAN,
NVMe_Power_State_Transition,Gen4_16GTs,2,256,4096,Dynamic,1,PS0_MaxPerformance,1059.1,34.0,89977086,RUN-NVME-000463,310.22,6083.22,31022000,0,0,PASSED,pass,0,0,0,NONE,0,CLEAN,
NVMe_Sequential_Read,Gen3_8GTs,2,1024,512,Static,0,PS0_MaxPerformance,1194.4,72.8,70759936,RUN-NVME-000464,584.99,6761.2,58499000,0,0,PASSED,pass,0,0,0,NONE,0,CLEAN,
NVMe_Random_4K_Write,Gen3_8GTs,2,16,4096,Disabled,1,PS2_LowPower,1200.2,82.6,60415472,RUN-NVME-000465,179.25,1877.43,17925000,0,0,PASSED,pass,0,0,0,NONE,0,CLEAN,
NVMe_Thermal_Throttle_Stress,Gen4_16GTs,2,1024,512,Dynamic,1,PS0_MaxPerformance,1171.4,98.5,29647314,RUN-NVME-000466,349.25,6970.64,34925000,0,0,PASSED,pass,0,0,0,NONE,0,CLEAN,
NVMe_Deallocate_Trim,Gen4_16GTs,2,1024,4096,Static,0,PS0_MaxPerformance,1290.9,58.3,44754561,RUN-NVME-000467,69.73,1512.37,6973000,0,0,PASSED,pass,0,0,0,NONE,0,CLEAN,
NVMe_Sequential_Read,Gen5_32GTs,4,256,512,Static,1,PS0_MaxPerformance,1270.0,78.7,49094490,RUN-NVME-000468,233.1,4821.37,23310000,0,0,PASSED,pass,0,0,0,NONE,0,CLEAN,
NVMe_Thermal_Throttle_Stress,Gen3_8GTs,2,64,4096,Aggressive,1,PS0_MaxPerformance,1096.0,86.7,93687559,RUN-NVME-000469,472.82,5374.7,47282000,0,0,PASSED,pass,0,0,0,NONE,0,CLEAN,
NVMe_Random_4K_Write,Gen5_32GTs,1,256,4096,Dynamic,1,PS0_MaxPerformance,1082.6,45.3,81219776,RUN-NVME-000470,454.29,3915.94,45429000,0,0,PASSED,pass,0,0,0,NONE,0,CLEAN,
NVMe_Flush_Cache,Gen4_16GTs,1,16,4096,Aggressive,1,PS0_MaxPerformance,1184.6,98.5,95593793,RUN-NVME-000471,377.32,4086.32,37732000,1,1,FAILED,fail,1,1,0,NAND_RETENTION_CORRUPTION,2,NAND die junction temperature 98.5C caused block erase retention failure || Test sequence terminated,NAND die junction temperature 98.5C caused block erase retention failure Test sequence terminated
NVMe_Power_State_Transition,Gen3_8GTs,4,1024,4096,Static,1,PS3_ThermalThrottle,1118.9,54.9,50968613,RUN-NVME-000472,210.29,3788.23,21029000,0,0,PASSED,pass,0,0,0,NONE,0,CLEAN,
NVMe_Power_State_Transition,Gen5_32GTs,2,1024,4096,Dynamic,1,PS0_MaxPerformance,1126.1,103.7,33876343,RUN-NVME-000473,71.04,1969.57,7104000,0,0,PASSED,pass,0,0,0,NONE,0,CLEAN,
NVMe_Thermal_Throttle_Stress,Gen5_32GTs,2,1024,4096,Aggressive,0,PS3_ThermalThrottle,1104.7,54.5,40090578,RUN-NVME-000474,298.81,4966.87,29881000,0,0,PASSED,pass,0,0,0,NONE,0,CLEAN,
NVMe_Flush_Cache,Gen5_32GTs,2,1024,512,Dynamic,1,PS1_Balanced,1092.0,56.6,55622793,RUN-NVME-000475,316.68,4681.61,31668000,0,0,PASSED,pass,0,0,0,NONE,0,CLEAN,
NVMe_Sequential_Read,Gen4_16GTs,4,64,4096,Static,1,PS1_Balanced,1152.7,67.8,71469696,RUN-NVME-000476,393.61,2855.71,39361000,1,1,FAILED,fail,1,1,0,NVME_INTERNAL_ERROR,2,Controller state machine deadlock at cycle <ADDR> || Test sequence terminated,Controller state machine deadlock at cycle 0x04428a80 Test sequence terminated
NVMe_Thermal_Throttle_Stress,Gen5_32GTs,1,256,4096,Static,1,PS3_ThermalThrottle,1229.3,73.7,41954382,RUN-NVME-000477,186.4,7165.42,18640000,0,0,PASSED,pass,0,0,0,NONE,0,CLEAN,
NVMe_FDP_Placement_Test,Gen4_16GTs,2,256,4096,Static,0,PS2_LowPower,1170.1,35.2,69489555,RUN-NVME-000478,231.09,6971.33,23109000,0,0,PASSED,pass,0,0,0,NONE,0,CLEAN,
NVMe_Flush_Cache,Gen5_32GTs,2,1024,4096,Dynamic,1,PS1_Balanced,1122.7,65.2,94480661,RUN-NVME-000479,458.27,2614.76,45827000,0,0,PASSED,pass,0,0,0,NONE,0,CLEAN,
NVMe_Random_4K_Write,Gen3_8GTs,1,64,4096,Static,0,PS0_MaxPerformance,1133.2,100.5,72467020,RUN-NVME-000480,442.89,6505.27,44289000,0,0,PASSED,pass,0,0,0,NONE,0,CLEAN,
PCIe_Link_Retrain_Stress,Gen4_16GTs,2,1024,4096,Aggressive,1,PS0_MaxPerformance,1074.2,84.0,28000267,RUN-NVME-000481,587.72,7183.79,58772000,0,0,PASSED,pass,0,0,0,NONE,0,CLEAN,
NVMe_Random_4K_Write,Gen3_8GTs,1,1024,512,Static,1,PS0_MaxPerformance,1056.8,88.8,56204164,RUN-NVME-000482,592.07,5526.9,59207000,1,1,FAILED,fail,1,1,0,NVME_INTERNAL_ERROR,2,Controller state machine deadlock at cycle <ADDR> || Test sequence terminated,Controller state machine deadlock at cycle 0x03599b84 Test sequence terminated
NVMe_Power_State_Transition,Gen5_32GTs,2,256,4096,Static,1,PS2_LowPower,1134.0,76.1,65397236,RUN-NVME-000483,79.72,4619.13,7972000,0,0,PASSED,pass,0,0,0,NONE,0,CLEAN,
PCIe_Link_Retrain_Stress,Gen4_16GTs,2,64,4096,Dynamic,1,PS0_MaxPerformance,1119.8,60.4,13811852,RUN-NVME-000484,563.97,2855.82,56397000,0,0,PASSED,pass,0,0,0,NONE,0,CLEAN,
NVMe_Sequential_Read,Gen4_16GTs,1,64,4096,Static,1,PS0_MaxPerformance,1071.7,52.7,49522596,RUN-NVME-000485,169.95,3820.87,16995000,0,0,PASSED,pass,0,0,0,NONE,0,CLEAN,
PCIe_Link_Retrain_Stress,Gen4_16GTs,4,4096,512,Aggressive,1,PS0_MaxPerformance,1090.4,102.1,48147266,RUN-NVME-000486,318.77,5253.15,31877000,1,1,FAILED,fail,1,1,0,NAND_RETENTION_CORRUPTION,2,NAND die junction temperature 102.1C caused block erase retention failure || Test sequence terminated,NAND die junction temperature 102.1C caused block erase retention failure Test sequence terminated
NVMe_Sequential_Read,Gen4_16GTs,2,1024,4096,Disabled,1,PS1_Balanced,1183.3,60.4,60046102,RUN-NVME-000487,523.91,5068.98,52391000,0,0,PASSED,pass,0,0,0,NONE,0,CLEAN,
PCIe_Link_Retrain_Stress,Gen5_32GTs,2,256,512,Static,1,PS1_Balanced,1297.6,75.9,98729187,RUN-NVME-000488,443.09,4531.42,44309000,0,0,PASSED,pass,0,0,0,NONE,0,CLEAN,
NVMe_Power_State_Transition,Gen3_8GTs,2,256,4096,Aggressive,1,PS2_LowPower,1194.1,55.7,86856608,RUN-NVME-000489,136.79,4669.77,13679000,0,0,PASSED,pass,0,0,0,NONE,0,CLEAN,
NVMe_Random_4K_Write,Gen4_16GTs,4,64,512,Static,1,PS0_MaxPerformance,1291.7,72.8,83390679,RUN-NVME-000490,69.55,6908.15,6955000,0,0,PASSED,pass,0,0,0,NONE,0,CLEAN,
NVMe_Sequential_Read,Gen4_16GTs,4,256,4096,Static,0,PS1_Balanced,1148.6,95.0,99639814,RUN-NVME-000491,406.85,4489.32,40685000,0,0,PASSED,pass,0,0,0,NONE,0,CLEAN,
PCIe_Link_Retrain_Stress,Gen5_32GTs,2,256,4096,Disabled,1,PS0_MaxPerformance,1181.5,81.6,46763080,RUN-NVME-000492,177.31,6455.03,17731000,0,0,PASSED,pass,0,0,0,NONE,0,CLEAN,
NVMe_Thermal_Throttle_Stress,Gen3_8GTs,1,256,4096,Dynamic,1,PS0_MaxPerformance,1098.1,53.2,58525047,RUN-NVME-000493,436.36,5331.45,43636000,0,0,PASSED,pass,0,0,0,NONE,0,CLEAN,
NVMe_Flush_Cache,Gen4_16GTs,4,4096,512,Static,1,PS1_Balanced,1072.1,80.8,12351457,RUN-NVME-000494,591.12,2392.8,59112000,0,0,PASSED,pass,0,0,0,NONE,0,CLEAN,
NVMe_Deallocate_Trim,Gen5_32GTs,2,1024,512,Aggressive,1,PS0_MaxPerformance,1083.4,101.5,82239670,RUN-NVME-000495,526.83,6983.95,52683000,1,1,FAILED,fail,1,1,0,NAND_RETENTION_CORRUPTION,2,NAND die junction temperature 101.5C caused block erase retention failure || Test sequence terminated,NAND die junction temperature 101.5C caused block erase retention failure Test sequence terminated
NVMe_Random_4K_Write,Gen4_16GTs,4,256,512,Dynamic,0,PS0_MaxPerformance,1152.8,82.8,50943553,RUN-NVME-000496,84.04,5268.23,8404000,0,0,PASSED,pass,0,0,0,NONE,0,CLEAN,
NVMe_Flush_Cache,Gen4_16GTs,4,4096,4096,Dynamic,0,PS0_MaxPerformance,1116.7,67.9,19561254,RUN-NVME-000497,558.52,3623.05,55852000,0,0,PASSED,pass,0,0,0,NONE,0,CLEAN,
NVMe_FDP_Placement_Test,Gen5_32GTs,2,1024,4096,Dynamic,1,PS0_MaxPerformance,1152.3,54.7,43064816,RUN-NVME-000498,274.84,2761.4,27483999,0,0,PASSED,pass,0,0,0,NONE,0,CLEAN,
NVMe_Power_State_Transition,Gen4_16GTs,4,64,4096,Aggressive,1,PS3_ThermalThrottle,1106.3,79.7,77103322,RUN-NVME-000499,440.11,5807.38,44011000,0,0,PASSED,pass,0,0,0,NONE,0,CLEAN,
NVMe_FDP_Placement_Test,Gen3_8GTs,4,256,512,Static,1,PS1_Balanced,1272.3,72.7,18963905,RUN-NVME-000500,191.42,3429.24,19142000,0,0,PASSED,pass,0,0,0,NONE,0,CLEAN,
NVMe_Deallocate_Trim,Gen3_8GTs,2,256,4096,Dynamic,1,PS0_MaxPerformance,1114.5,64.8,54717455,RUN-NVME-000501,331.55,5531.34,33155000,0,0,PASSED,pass,0,0,0,NONE,0,CLEAN,
PCIe_Link_Retrain_Stress,Gen5_32GTs,4,64,4096,Aggressive,1,PS0_MaxPerformance,1211.0,92.6,37141084,RUN-NVME-000502,142.26,5469.13,14226000,0,0,PASSED,pass,0,0,0,NONE,0,CLEAN,
NVMe_Thermal_Throttle_Stress,Gen4_16GTs,4,16,4096,Dynamic,1,PS0_MaxPerformance,1186.4,40.0,86189328,RUN-NVME-000503,210.51,6192.9,21051000,0,0,PASSED,pass,0,0,0,NONE,0,CLEAN,
NVMe_Power_State_Transition,Gen3_8GTs,1,64,4096,Static,1,PS0_MaxPerformance,1212.4,95.1,39388508,RUN-NVME-000504,255.32,6106.8,25532000,0,0,PASSED,pass,0,0,0,NONE,0,CLEAN,
NVMe_Thermal_Throttle_Stress,Gen3_8GTs,1,16,512,Dynamic,1,PS0_MaxPerformance,1285.7,75.8,65494894,RUN-NVME-000505,327.36,1645.98,32736000,0,0,PASSED,pass,0,0,0,NONE,0,CLEAN,
NVMe_Thermal_Throttle_Stress,Gen3_8GTs,4,64,4096,Dynamic,1,PS0_MaxPerformance,1119.8,99.8,94316386,RUN-NVME-000506,284.26,4156.74,28426000,0,0,PASSED,pass,0,0,0,NONE,0,CLEAN,
NVMe_Thermal_Throttle_Stress,Gen5_32GTs,4,4096,4096,Dynamic,1,PS1_Balanced,1211.8,39.6,71483752,RUN-NVME-000507,197.79,2978.85,19779000,0,0,PASSED,pass,0,0,0,NONE,0,CLEAN,
PCIe_Link_Retrain_Stress,Gen5_32GTs,2,16,4096,Aggressive,1,PS1_Balanced,1063.8,62.0,26175692,RUN-NVME-000508,165.27,2932.6,16527000,0,0,PASSED,pass,0,0,0,NONE,0,CLEAN,
PCIe_Link_Retrain_Stress,Gen5_32GTs,2,256,512,Disabled,1,PS1_Balanced,1138.8,81.2,82306054,RUN-NVME-000509,400.2,3019.94,40020000,0,0,PASSED,pass,0,0,0,NONE,0,CLEAN,
NVMe_Thermal_Throttle_Stress,Gen4_16GTs,2,64,4096,Dynamic,1,PS2_LowPower,1272.7,63.7,89257838,RUN-NVME-000510,149.84,1705.45,14984000,0,0,PASSED,pass,0,0,0,NONE,0,CLEAN,
NVMe_Sequential_Read,Gen5_32GTs,4,64,4096,Aggressive,1,PS0_MaxPerformance,1187.6,44.4,96976834,RUN-NVME-000511,336.74,4199.16,33674000,0,0,PASSED,pass,0,0,0,NONE,0,CLEAN,
NVMe_FDP_Placement_Test,Gen5_32GTs,4,16,4096,Static,1,PS1_Balanced,1072.8,86.7,93006306,RUN-NVME-000512,294.12,4767.74,29412000,0,0,PASSED,pass,0,0,0,NONE,0,CLEAN,
NVMe_Random_4K_Write,Gen3_8GTs,2,16,4096,Aggressive,0,PS0_MaxPerformance,1193.2,91.5,91635698,RUN-NVME-000513,350.35,5402.0,35035000,0,0,PASSED,pass,0,0,0,NONE,0,CLEAN,
NVMe_Random_4K_Write,Gen4_16GTs,2,16,4096,Static,1,PS1_Balanced,1218.8,45.4,29074776,RUN-NVME-000514,513.76,4211.45,51376000,0,0,PASSED,pass,0,0,0,NONE,0,CLEAN,
NVMe_Sequential_Read,Gen3_8GTs,4,1024,4096,Static,0,PS0_MaxPerformance,1253.2,73.4,49438260,RUN-NVME-000515,169.09,7093.85,16909000,0,0,PASSED,pass,0,0,0,NONE,0,CLEAN,
NVMe_Power_State_Transition,Gen5_32GTs,4,16,4096,Aggressive,1,PS1_Balanced,1128.5,101.8,30790703,RUN-NVME-000516,284.8,4671.6,28480000,1,1,FAILED,fail,1,1,0,NAND_RETENTION_CORRUPTION,2,NAND die junction temperature 101.8C caused block erase retention failure || Test sequence terminated,NAND die junction temperature 101.8C caused block erase retention failure Test sequence terminated
NVMe_Deallocate_Trim,Gen3_8GTs,4,64,512,Static,1,PS0_MaxPerformance,1086.1,86.9,97764273,RUN-NVME-000517,566.56,5377.33,56655999,0,0,PASSED,pass,0,0,0,NONE,0,CLEAN,
NVMe_FDP_Placement_Test,Gen3_8GTs,4,64,512,Static,1,PS2_LowPower,1127.4,63.6,79503323,RUN-NVME-000518,489.7,4794.23,48970000,0,0,PASSED,pass,0,0,0,NONE,0,CLEAN,
PCIe_Link_Retrain_Stress,Gen4_16GTs,2,256,4096,Dynamic,1,PS0_MaxPerformance,1274.0,37.8,47172145,RUN-NVME-000519,65.86,5636.03,6586000,0,0,PASSED,pass,0,0,0,NONE,0,CLEAN,
NVMe_FDP_Placement_Test,Gen3_8GTs,4,256,4096,Static,1,PS0_MaxPerformance,1125.9,37.0,88914942,RUN-NVME-000520,183.19,4263.16,18319000,0,0,PASSED,pass,0,0,0,NONE,0,CLEAN,
NVMe_Sequential_Read,Gen4_16GTs,4,64,512,Static,0,PS0_MaxPerformance,1091.7,99.3,43109625,RUN-NVME-000521,251.3,6508.64,25130000,0,0,PASSED,pass,0,0,0,NONE,0,CLEAN,
NVMe_Random_4K_Write,Gen5_32GTs,4,1024,4096,Static,1,PS0_MaxPerformance,1163.9,96.8,26599862,RUN-NVME-000522,213.41,6477.89,21341000,0,0,PASSED,pass,0,0,0,NONE,0,CLEAN,
NVMe_Power_State_Transition,Gen5_32GTs,2,1024,4096,Disabled,1,PS1_Balanced,1110.9,89.9,96832392,RUN-NVME-000523,566.29,6810.67,56629000,0,0,PASSED,pass,0,0,0,NONE,0,CLEAN,
NVMe_Power_State_Transition,Gen5_32GTs,2,256,4096,Static,1,PS2_LowPower,1284.0,100.6,50113791,RUN-NVME-000524,298.05,3413.55,29805000,0,0,PASSED,pass,0,0,0,NONE,0,CLEAN,
NVMe_FDP_Placement_Test,Gen5_32GTs,2,16,512,Disabled,1,PS1_Balanced,1114.3,84.0,77109098,RUN-NVME-000525,51.28,6782.69,5128000,0,0,PASSED,pass,0,0,0,NONE,0,CLEAN,
NVMe_Flush_Cache,Gen5_32GTs,1,1024,512,Static,1,PS1_Balanced,1076.9,31.3,66817874,RUN-NVME-000526,383.84,6638.39,38384000,0,0,PASSED,pass,0,0,0,NONE,0,CLEAN,
NVMe_Random_4K_Write,Gen5_32GTs,4,64,512,Static,1,PS3_ThermalThrottle,1175.7,89.6,87390046,RUN-NVME-000527,252.25,5541.85,25225000,0,0,PASSED,pass,0,0,0,NONE,0,CLEAN,
PCIe_Link_Retrain_Stress,Gen5_32GTs,2,64,512,Dynamic,1,PS0_MaxPerformance,1072.1,55.7,52852569,RUN-NVME-000528,496.35,6180.47,49635000,0,0,PASSED,pass,0,0,0,NONE,0,CLEAN,
NVMe_Thermal_Throttle_Stress,Gen4_16GTs,2,4096,4096,Dynamic,0,PS0_MaxPerformance,1080.1,73.6,21650514,RUN-NVME-000529,52.31,4454.0,5231000,0,0,PASSED,pass,0,0,0,NONE,0,CLEAN,
NVMe_Flush_Cache,Gen5_32GTs,2,1024,4096,Dynamic,1,PS1_Balanced,1067.7,57.1,88058272,RUN-NVME-000530,560.55,2204.83,56054999,0,0,PASSED,pass,0,0,0,NONE,0,CLEAN,
PCIe_Link_Retrain_Stress,Gen4_16GTs,4,256,4096,Static,1,PS0_MaxPerformance,1201.1,77.3,25289341,RUN-NVME-000531,584.7,1681.23,58470000,0,0,PASSED,pass,0,0,0,NONE,0,CLEAN,
NVMe_Sequential_Read,Gen3_8GTs,1,1024,512,Dynamic,1,PS0_MaxPerformance,1176.5,42.2,61970482,RUN-NVME-000532,407.86,1838.57,40786000,0,0,PASSED,pass,0,0,0,NONE,0,CLEAN,
NVMe_FDP_Placement_Test,Gen5_32GTs,2,1024,512,Dynamic,0,PS1_Balanced,1163.8,68.9,23711476,RUN-NVME-000533,507.6,3410.71,50760000,1,1,FAILED,fail,1,1,0,NVME_INTERNAL_ERROR,2,Controller state machine deadlock at cycle <ADDR> || Test sequence terminated,Controller state machine deadlock at cycle 0x0169cef4 Test sequence terminated
NVMe_Flush_Cache,Gen5_32GTs,2,1024,512,Aggressive,1,PS0_MaxPerformance,1109.2,77.1,61858744,RUN-NVME-000534,594.07,6734.69,59407000,0,0,PASSED,pass,0,0,0,NONE,0,CLEAN,
NVMe_Flush_Cache,Gen4_16GTs,4,1024,4096,Static,0,PS1_Balanced,1139.7,104.7,62812496,RUN-NVME-000535,261.29,6001.68,26129000,0,0,PASSED,pass,0,0,0,NONE,0,CLEAN,
NVMe_Flush_Cache,Gen4_16GTs,4,1024,4096,Aggressive,1,PS1_Balanced,1098.1,64.8,89543578,RUN-NVME-000536,275.34,4637.77,27533999,0,0,PASSED,pass,0,0,0,NONE,0,CLEAN,
NVMe_FDP_Placement_Test,Gen4_16GTs,4,256,4096,Static,0,PS0_MaxPerformance,1074.8,76.7,47518939,RUN-NVME-000537,305.44,1611.83,30544000,0,0,PASSED,pass,0,0,0,NONE,0,CLEAN,
NVMe_Power_State_Transition,Gen4_16GTs,2,256,4096,Aggressive,1,PS1_Balanced,1071.1,103.8,46012023,RUN-NVME-000538,89.15,3145.54,8915000,1,1,FAILED,fail,1,1,0,NAND_RETENTION_CORRUPTION,2,NAND die junction temperature 103.8C caused block erase retention failure || Test sequence terminated,NAND die junction temperature 103.8C caused block erase retention failure Test sequence terminated
NVMe_Random_4K_Write,Gen4_16GTs,1,4096,512,Static,0,PS1_Balanced,1244.2,80.5,36392355,RUN-NVME-000539,467.14,3540.87,46714000,0,0,PASSED,pass,0,0,0,NONE,0,CLEAN,
NVMe_FDP_Placement_Test,Gen3_8GTs,2,64,4096,Static,1,PS1_Balanced,1103.0,47.9,24352084,RUN-NVME-000540,368.85,2194.63,36885000,0,0,PASSED,pass,0,0,0,NONE,0,CLEAN,
NVMe_Flush_Cache,Gen4_16GTs,1,1024,4096,Dynamic,1,PS0_MaxPerformance,1220.1,91.9,71692373,RUN-NVME-000541,350.81,4432.51,35081000,0,0,PASSED,pass,0,0,0,NONE,0,CLEAN,
NVMe_Sequential_Read,Gen5_32GTs,4,16,4096,Dynamic,1,PS2_LowPower,1252.7,60.0,16986048,RUN-NVME-000542,134.84,1774.95,13484000,0,0,PASSED,pass,0,0,0,NONE,0,CLEAN,
NVMe_Flush_Cache,Gen5_32GTs,2,1024,4096,Dynamic,1,PS2_LowPower,1247.8,45.1,67689839,RUN-NVME-000543,81.64,4224.96,8164000,0,0,PASSED,pass,0,0,0,NONE,0,CLEAN,
NVMe_FDP_Placement_Test,Gen4_16GTs,4,16,512,Static,1,PS1_Balanced,1054.2,102.0,60322614,RUN-NVME-000544,402.53,1946.81,40253000,0,0,PASSED,pass,0,0,0,NONE,0,CLEAN,
NVMe_Sequential_Read,Gen3_8GTs,4,4096,4096,Aggressive,0,PS1_Balanced,1164.9,67.4,97802100,RUN-NVME-000545,172.17,3143.07,17217000,0,0,PASSED,pass,0,0,0,NONE,0,CLEAN,
NVMe_Thermal_Throttle_Stress,Gen4_16GTs,4,256,512,Static,0,PS2_LowPower,1203.3,41.8,64722428,RUN-NVME-000546,318.85,2695.97,31885000,0,0,PASSED,pass,0,0,0,NONE,0,CLEAN,
NVMe_Deallocate_Trim,Gen3_8GTs,4,64,4096,Aggressive,1,PS1_Balanced,1163.7,86.5,29084530,RUN-NVME-000547,144.84,4859.61,14484000,0,0,PASSED,pass,0,0,0,NONE,0,CLEAN,
NVMe_Deallocate_Trim,Gen4_16GTs,1,256,4096,Aggressive,0,PS0_MaxPerformance,1115.7,95.6,61933679,RUN-NVME-000548,355.61,6649.24,35561000,1,1,FAILED,fail,1,1,0,NAND_RETENTION_CORRUPTION,2,NAND die junction temperature 95.6C caused block erase retention failure || Test sequence terminated,NAND die junction temperature 95.6C caused block erase retention failure Test sequence terminated
NVMe_Thermal_Throttle_Stress,Gen3_8GTs,4,256,4096,Dynamic,1,PS0_MaxPerformance,1228.4,95.5,81339513,RUN-NVME-000549,100.89,6481.23,10089000,0,0,PASSED,pass,0,0,0,NONE,0,CLEAN,
NVMe_FDP_Placement_Test,Gen4_16GTs,1,256,512,Aggressive,1,PS0_MaxPerformance,1176.5,91.1,94371736,RUN-NVME-000550,52.68,4941.18,5268000,0,0,PASSED,pass,0,0,0,NONE,0,CLEAN,
NVMe_Deallocate_Trim,Gen5_32GTs,4,256,4096,Static,1,PS1_Balanced,1261.7,92.4,12241988,RUN-NVME-000551,224.77,4876.38,22477000,0,0,PASSED,pass,0,0,0,NONE,0,CLEAN,
NVMe_Random_4K_Write,Gen4_16GTs,4,64,4096,Static,1,PS0_MaxPerformance,1109.7,101.2,63749130,RUN-NVME-000552,511.87,2710.68,51187000,0,0,PASSED,pass,0,0,0,NONE,0,CLEAN,
NVMe_Sequential_Read,Gen4_16GTs,2,16,4096,Static,1,PS0_MaxPerformance,1161.8,102.4,55869070,RUN-NVME-000553,81.61,1588.45,8161000,0,0,PASSED,pass,0,0,0,NONE,0,CLEAN,
NVMe_Random_4K_Write,Gen4_16GTs,2,1024,512,Aggressive,0,PS0_MaxPerformance,1244.0,55.4,85095770,RUN-NVME-000554,100.65,5762.9,10065000,0,0,PASSED,pass,0,0,0,NONE,0,CLEAN,
NVMe_Random_4K_Write,Gen5_32GTs,1,1024,512,Aggressive,1,PS1_Balanced,1129.8,97.9,13487952,RUN-NVME-000555,77.28,4663.54,7728000,1,1,FAILED,fail,1,1,0,NAND_RETENTION_CORRUPTION,2,NAND die junction temperature 97.9C caused block erase retention failure || Test sequence terminated,NAND die junction temperature 97.9C caused block erase retention failure Test sequence terminated
NVMe_Sequential_Read,Gen4_16GTs,1,64,4096,Disabled,1,PS3_ThermalThrottle,1186.2,50.2,87876590,RUN-NVME-000556,61.21,5159.18,6121000,0,0,PASSED,pass,0,0,0,NONE,0,CLEAN,
NVMe_Thermal_Throttle_Stress,Gen5_32GTs,2,1024,512,Dynamic,0,PS3_ThermalThrottle,1250.6,89.0,62711283,RUN-NVME-000557,591.03,4188.24,59103000,0,0,PASSED,pass,0,0,0,NONE,0,CLEAN,
NVMe_Random_4K_Write,Gen3_8GTs,2,256,4096,Static,0,PS0_MaxPerformance,1075.6,60.8,54871061,RUN-NVME-000558,569.57,6643.13,56957000,0,0,PASSED,pass,0,0,0,NONE,0,CLEAN,
NVMe_Thermal_Throttle_Stress,Gen5_32GTs,2,256,512,Aggressive,1,PS0_MaxPerformance,1178.1,66.6,93541713,RUN-NVME-000559,86.15,5855.28,8615000,0,0,PASSED,pass,0,0,0,NONE,0,CLEAN,
PCIe_Link_Retrain_Stress,Gen4_16GTs,4,16,512,Dynamic,0,PS1_Balanced,1230.8,40.2,42132026,RUN-NVME-000560,549.73,3192.36,54973000,0,0,PASSED,pass,0,0,0,NONE,0,CLEAN,
NVMe_Sequential_Read,Gen4_16GTs,2,256,512,Static,1,PS3_ThermalThrottle,1064.0,40.7,95150814,RUN-NVME-000561,362.61,2963.68,36261000,0,0,PASSED,pass,0,0,0,NONE,0,CLEAN,
NVMe_Thermal_Throttle_Stress,Gen3_8GTs,4,256,4096,Static,0,PS0_MaxPerformance,1129.7,74.5,79691750,RUN-NVME-000562,206.04,2911.18,20604000,0,0,PASSED,pass,0,0,0,NONE,0,CLEAN,
NVMe_Sequential_Read,Gen5_32GTs,1,1024,4096,Dynamic,0,PS0_MaxPerformance,1224.4,78.2,74273515,RUN-NVME-000563,168.31,2598.96,16831000,0,0,PASSED,pass,0,0,0,NONE,0,CLEAN,
PCIe_Link_Retrain_Stress,Gen5_32GTs,2,64,4096,Dynamic,0,PS1_Balanced,1150.6,99.0,43414897,RUN-NVME-000564,319.28,3689.83,31927999,0,0,PASSED,pass,0,0,0,NONE,0,CLEAN,
NVMe_Sequential_Read,Gen5_32GTs,2,256,4096,Dynamic,1,PS0_MaxPerformance,1150.2,56.3,75583577,RUN-NVME-000565,352.66,5183.23,35266000,0,0,PASSED,pass,0,0,0,NONE,0,CLEAN,
NVMe_Power_State_Transition,Gen3_8GTs,2,256,512,Aggressive,1,PS0_MaxPerformance,1141.7,37.9,97022491,RUN-NVME-000566,123.41,6055.09,12341000,0,0,PASSED,pass,0,0,0,NONE,0,CLEAN,
NVMe_Sequential_Read,Gen5_32GTs,4,256,4096,Disabled,1,PS0_MaxPerformance,1144.7,93.2,81907350,RUN-NVME-000567,584.15,1967.5,58415000,0,0,PASSED,pass,0,0,0,NONE,0,CLEAN,
NVMe_Thermal_Throttle_Stress,Gen5_32GTs,4,4096,512,Static,1,PS2_LowPower,1201.7,42.5,22192103,RUN-NVME-000568,395.61,4046.66,39561000,0,0,PASSED,pass,0,0,0,NONE,0,CLEAN,
NVMe_Thermal_Throttle_Stress,Gen3_8GTs,2,64,4096,Dynamic,1,PS1_Balanced,1204.9,79.8,61480417,RUN-NVME-000569,368.92,2019.28,36892000,0,0,PASSED,pass,0,0,0,NONE,0,CLEAN,
NVMe_Random_4K_Write,Gen3_8GTs,4,64,4096,Aggressive,1,PS3_ThermalThrottle,1074.3,52.7,10194305,RUN-NVME-000570,68.02,6601.5,6802000,0,0,PASSED,pass,0,0,0,NONE,0,CLEAN,
NVMe_Random_4K_Write,Gen5_32GTs,1,256,4096,Static,1,PS0_MaxPerformance,1260.9,44.6,45100963,RUN-NVME-000571,253.25,4408.03,25325000,0,0,PASSED,pass,0,0,0,NONE,0,CLEAN,
NVMe_Deallocate_Trim,Gen5_32GTs,4,64,4096,Aggressive,1,PS3_ThermalThrottle,1163.1,40.7,38191033,RUN-NVME-000572,349.62,5899.66,34962000,0,0,PASSED,pass,0,0,0,NONE,0,CLEAN,
PCIe_Link_Retrain_Stress,Gen4_16GTs,4,1024,4096,Dynamic,1,PS0_MaxPerformance,1245.7,63.2,57755064,RUN-NVME-000573,334.6,2243.36,33460000,0,0,PASSED,pass,0,0,0,NONE,0,CLEAN,
NVMe_Power_State_Transition,Gen4_16GTs,2,256,4096,Static,1,PS0_MaxPerformance,1181.1,80.3,20561498,RUN-NVME-000574,217.13,3773.29,21713000,0,0,PASSED,pass,0,0,0,NONE,0,CLEAN,
NVMe_Random_4K_Write,Gen5_32GTs,4,256,4096,Dynamic,1,PS1_Balanced,1186.4,57.0,90589083,RUN-NVME-000575,578.79,3804.0,57879000,0,0,PASSED,pass,0,0,0,NONE,0,CLEAN,
NVMe_Random_4K_Write,Gen5_32GTs,2,256,512,Dynamic,1,PS1_Balanced,1177.2,48.2,23884932,RUN-NVME-000576,536.21,5961.36,53621000,0,0,PASSED,pass,0,0,0,NONE,0,CLEAN,
NVMe_Sequential_Read,Gen3_8GTs,2,64,512,Static,1,PS2_LowPower,1154.4,35.5,39730664,RUN-NVME-000577,354.51,6227.89,35451000,0,0,PASSED,pass,0,0,0,NONE,0,CLEAN,
PCIe_Link_Retrain_Stress,Gen4_16GTs,4,16,4096,Dynamic,1,PS3_ThermalThrottle,1292.1,70.5,51533286,RUN-NVME-000578,162.88,4192.87,16288000,1,1,FAILED,fail,1,1,0,PCIE_AER_PROTOCOL_ERROR,2,PCIe Advanced Error Reporting: Link retrain framing error during power transition || Test sequence terminated,PCIe Advanced Error Reporting: Link retrain framing error during power transition Test sequence terminated
PCIe_Link_Retrain_Stress,Gen5_32GTs,1,256,512,Static,1,PS1_Balanced,1139.2,42.3,79652664,RUN-NVME-000579,218.25,3703.25,21825000,0,0,PASSED,pass,0,0,0,NONE,0,CLEAN,
NVMe_Power_State_Transition,Gen5_32GTs,2,4096,4096,Dynamic,0,PS1_Balanced,1256.9,102.6,80122584,RUN-NVME-000580,286.58,4412.95,28658000,0,0,PASSED,pass,0,0,0,NONE,0,CLEAN,
NVMe_Deallocate_Trim,Gen4_16GTs,1,64,4096,Static,1,PS1_Balanced,1119.9,72.4,44579470,RUN-NVME-000581,330.82,5481.45,33082000,0,0,PASSED,pass,0,0,0,NONE,0,CLEAN,
NVMe_Flush_Cache,Gen5_32GTs,4,4096,512,Static,1,PS0_MaxPerformance,1264.2,81.3,59349477,RUN-NVME-000582,138.77,2534.4,13877000,0,0,PASSED,pass,0,0,0,NONE,0,CLEAN,
NVMe_Random_4K_Write,Gen5_32GTs,1,1024,4096,Dynamic,1,PS3_ThermalThrottle,1061.9,56.4,77516187,RUN-NVME-000583,580.59,3333.68,58059000,0,0,PASSED,pass,0,0,0,NONE,0,CLEAN,
NVMe_Flush_Cache,Gen3_8GTs,2,256,4096,Aggressive,1,PS3_ThermalThrottle,1166.3,34.4,68901836,RUN-NVME-000584,257.1,3335.14,25710000,0,0,PASSED,pass,0,0,0,NONE,0,CLEAN,
NVMe_Flush_Cache,Gen3_8GTs,4,1024,512,Static,1,PS3_ThermalThrottle,1270.4,68.6,87536658,RUN-NVME-000585,588.57,2761.96,58857000,0,0,PASSED,pass,0,0,0,NONE,0,CLEAN,
NVMe_Deallocate_Trim,Gen4_16GTs,1,64,4096,Dynamic,0,PS1_Balanced,1058.1,74.6,63888084,RUN-NVME-000586,122.83,2731.53,12283000,0,0,PASSED,pass,0,0,0,NONE,0,CLEAN,
PCIe_Link_Retrain_Stress,Gen4_16GTs,1,256,4096,Disabled,1,PS0_MaxPerformance,1276.7,44.3,40644018,RUN-NVME-000587,240.15,5189.27,24015000,0,0,PASSED,pass,0,0,0,NONE,0,CLEAN,
NVMe_Flush_Cache,Gen3_8GTs,2,64,4096,Disabled,1,PS2_LowPower,1063.8,70.4,76390639,RUN-NVME-000588,200.28,6083.77,20028000,0,0,PASSED,pass,0,0,0,NONE,0,CLEAN,
PCIe_Link_Retrain_Stress,Gen5_32GTs,4,1024,4096,Disabled,1,PS3_ThermalThrottle,1179.3,38.8,52331650,RUN-NVME-000589,596.06,1542.53,59605999,1,1,FAILED,fail,1,1,0,PCIE_AER_PROTOCOL_ERROR,2,PCIe Advanced Error Reporting: Link retrain framing error during power transition || Test sequence terminated,PCIe Advanced Error Reporting: Link retrain framing error during power transition Test sequence terminated
NVMe_Sequential_Read,Gen4_16GTs,2,256,512,Dynamic,1,PS3_ThermalThrottle,1145.9,61.8,25860825,RUN-NVME-000590,402.47,4558.5,40247000,0,0,PASSED,pass,0,0,0,NONE,0,CLEAN,
NVMe_Deallocate_Trim,Gen4_16GTs,2,64,4096,Dynamic,1,PS0_MaxPerformance,1105.4,88.5,61738038,RUN-NVME-000591,258.26,2615.35,25826000,0,0,PASSED,pass,0,0,0,NONE,0,CLEAN,
NVMe_Sequential_Read,Gen4_16GTs,1,16,4096,Aggressive,1,PS2_LowPower,1220.8,33.9,35239171,RUN-NVME-000592,349.39,6888.41,34939000,0,0,PASSED,pass,0,0,0,NONE,0,CLEAN,
NVMe_FDP_Placement_Test,Gen5_32GTs,4,64,4096,Aggressive,1,PS0_MaxPerformance,1106.4,45.9,63751323,RUN-NVME-000593,396.98,4697.68,39698000,0,0,PASSED,pass,0,0,0,NONE,0,CLEAN,
NVMe_Random_4K_Write,Gen3_8GTs,4,16,4096,Static,1,PS1_Balanced,1275.4,99.5,80970767,RUN-NVME-000594,371.05,4889.5,37105000,1,1,FAILED,fail,1,1,0,NVME_INTERNAL_ERROR,2,Controller state machine deadlock at cycle <ADDR> || Test sequence terminated,Controller state machine deadlock at cycle 0x04d3840f Test sequence terminated
NVMe_Sequential_Read,Gen4_16GTs,4,1024,4096,Static,0,PS2_LowPower,1291.8,50.1,77866064,RUN-NVME-000595,554.32,6725.02,55432000,0,0,PASSED,pass,0,0,0,NONE,0,CLEAN,
NVMe_Sequential_Read,Gen4_16GTs,4,64,4096,Dynamic,1,PS1_Balanced,1052.1,87.1,59346099,RUN-NVME-000596,559.61,3737.74,55961000,0,0,PASSED,pass,0,0,0,NONE,0,CLEAN,
NVMe_Flush_Cache,Gen3_8GTs,4,4096,512,Dynamic,0,PS1_Balanced,1088.7,56.7,72326303,RUN-NVME-000597,382.49,5763.07,38249000,0,0,PASSED,pass,0,0,0,NONE,0,CLEAN,
NVMe_Deallocate_Trim,Gen4_16GTs,2,256,512,Dynamic,1,PS0_MaxPerformance,1226.7,99.0,13729744,RUN-NVME-000598,57.42,4966.84,5742000,0,0,PASSED,pass,0,0,0,NONE,0,CLEAN,
NVMe_Flush_Cache,Gen4_16GTs,4,4096,4096,Dynamic,1,PS0_MaxPerformance,1167.7,33.7,30746778,RUN-NVME-000599,507.8,2203.88,50780000,0,0,PASSED,pass,0,0,0,NONE,0,CLEAN,
NVMe_Power_State_Transition,Gen4_16GTs,2,256,4096,Aggressive,1,PS0_MaxPerformance,1113.0,99.1,55840537,RUN-NVME-000600,284.05,2248.48,28405000,1,1,FAILED,fail,1,1,0,NAND_RETENTION_CORRUPTION,2,NAND die junction temperature 99.1C caused block erase retention failure || Test sequence terminated,NAND die junction temperature 99.1C caused block erase retention failure Test sequence terminated
NVMe_Deallocate_Trim,Gen4_16GTs,2,1024,4096,Dynamic,0,PS1_Balanced,1284.1,53.1,10520835,RUN-NVME-000601,533.28,1737.35,53328000,0,0,PASSED,pass,0,0,0,NONE,0,CLEAN,
NVMe_Power_State_Transition,Gen4_16GTs,1,64,4096,Dynamic,1,PS1_Balanced,1231.4,38.5,88023039,RUN-NVME-000602,310.32,5077.1,31032000,0,0,PASSED,pass,0,0,0,NONE,0,CLEAN,
NVMe_Flush_Cache,Gen4_16GTs,4,64,4096,Static,1,PS1_Balanced,1153.0,40.4,55067988,RUN-NVME-000603,166.95,4814.57,16694999,0,0,PASSED,pass,0,0,0,NONE,0,CLEAN,
NVMe_Deallocate_Trim,Gen5_32GTs,2,4096,4096,Dynamic,1,PS2_LowPower,1248.5,67.1,19167607,RUN-NVME-000604,464.38,3183.45,46438000,0,0,PASSED,pass,0,0,0,NONE,0,CLEAN,
NVMe_Random_4K_Write,Gen4_16GTs,4,1024,4096,Aggressive,0,PS2_LowPower,1130.2,43.4,17704610,RUN-NVME-000605,62.82,1754.84,6282000,0,0,PASSED,pass,0,0,0,NONE,0,CLEAN,
NVMe_Flush_Cache,Gen4_16GTs,2,64,512,Static,1,PS0_MaxPerformance,1236.6,97.0,90230552,RUN-NVME-000606,398.32,6650.1,39832000,0,0,PASSED,pass,0,0,0,NONE,0,CLEAN,
NVMe_Random_4K_Write,Gen5_32GTs,2,64,4096,Aggressive,0,PS0_MaxPerformance,1082.9,94.4,89017758,RUN-NVME-000607,190.55,3460.46,19055000,0,0,PASSED,pass,0,0,0,NONE,0,CLEAN,
NVMe_Random_4K_Write,Gen4_16GTs,4,1024,512,Aggressive,1,PS1_Balanced,1054.0,57.9,77639090,RUN-NVME-000608,84.18,6349.39,8418000,0,0,PASSED,pass,0,0,0,NONE,0,CLEAN,
NVMe_Deallocate_Trim,Gen3_8GTs,4,64,4096,Aggressive,1,PS1_Balanced,1215.5,56.7,99665622,RUN-NVME-000609,404.51,5778.58,40451000,0,0,PASSED,pass,0,0,0,NONE,0,CLEAN,
NVMe_Random_4K_Write,Gen4_16GTs,4,256,4096,Static,1,PS3_ThermalThrottle,1186.3,79.6,25717739,RUN-NVME-000610,89.1,1910.08,8910000,0,0,PASSED,pass,0,0,0,NONE,0,CLEAN,
NVMe_Sequential_Read,Gen4_16GTs,4,1024,4096,Static,0,PS0_MaxPerformance,1107.7,51.8,24497327,RUN-NVME-000611,133.47,4487.4,13347000,0,0,PASSED,pass,0,0,0,NONE,0,CLEAN,
NVMe_Sequential_Read,Gen5_32GTs,2,256,512,Dynamic,0,PS3_ThermalThrottle,1251.8,64.5,33229077,RUN-NVME-000612,379.82,3223.2,37982000,0,0,PASSED,pass,0,0,0,NONE,0,CLEAN,
PCIe_Link_Retrain_Stress,Gen4_16GTs,2,256,4096,Dynamic,0,PS3_ThermalThrottle,1092.8,38.5,40666980,RUN-NVME-000613,443.02,2726.97,44302000,1,1,FAILED,fail,1,1,0,PCIE_AER_PROTOCOL_ERROR,2,PCIe Advanced Error Reporting: Link retrain framing error during power transition || Test sequence terminated,PCIe Advanced Error Reporting: Link retrain framing error during power transition Test sequence terminated
NVMe_FDP_Placement_Test,Gen4_16GTs,4,1024,512,Disabled,1,PS0_MaxPerformance,1189.5,52.8,61362834,RUN-NVME-000614,539.01,3575.24,53901000,0,0,PASSED,pass,0,0,0,NONE,0,CLEAN,
NVMe_Sequential_Read,Gen4_16GTs,4,256,4096,Dynamic,1,PS0_MaxPerformance,1091.0,51.4,91129018,RUN-NVME-000615,423.91,4497.83,42391000,0,0,PASSED,pass,0,0,0,NONE,0,CLEAN,
NVMe_FDP_Placement_Test,Gen5_32GTs,2,1024,4096,Dynamic,1,PS1_Balanced,1091.2,62.2,58786550,RUN-NVME-000616,401.38,6189.11,40138000,0,0,PASSED,pass,0,0,0,NONE,0,CLEAN,
NVMe_Thermal_Throttle_Stress,Gen4_16GTs,4,16,4096,Static,1,PS0_MaxPerformance,1232.3,95.6,27383966,RUN-NVME-000617,341.66,6602.31,34166000,0,0,PASSED,pass,0,0,0,NONE,0,CLEAN,
NVMe_Power_State_Transition,Gen5_32GTs,4,1024,4096,Static,1,PS1_Balanced,1121.4,102.1,73701677,RUN-NVME-000618,514.31,4760.75,51430999,0,0,PASSED,pass,0,0,0,NONE,0,CLEAN,
NVMe_Sequential_Read,Gen4_16GTs,1,64,512,Static,1,PS2_LowPower,1234.9,62.0,66828138,RUN-NVME-000619,412.46,3940.5,41246000,0,0,PASSED,pass,0,0,0,NONE,0,CLEAN,
NVMe_Random_4K_Write,Gen5_32GTs,1,16,4096,Static,0,PS0_MaxPerformance,1283.1,94.5,81847260,RUN-NVME-000620,73.93,5547.16,7393000,0,0,PASSED,pass,0,0,0,NONE,0,CLEAN,
NVMe_Flush_Cache,Gen4_16GTs,4,4096,512,Aggressive,0,PS0_MaxPerformance,1219.0,60.4,12680981,RUN-NVME-000621,105.59,6955.75,10559000,0,0,PASSED,pass,0,0,0,NONE,0,CLEAN,
NVMe_Sequential_Read,Gen4_16GTs,4,4096,512,Static,1,PS0_MaxPerformance,1292.0,98.6,78427621,RUN-NVME-000622,210.35,4781.79,21035000,0,0,PASSED,pass,0,0,0,NONE,0,CLEAN,
NVMe_Sequential_Read,Gen3_8GTs,4,64,4096,Static,1,PS0_MaxPerformance,1106.7,99.9,58352492,RUN-NVME-000623,327.08,3043.01,32708000,0,0,PASSED,pass,0,0,0,NONE,0,CLEAN,
NVMe_Power_State_Transition,Gen3_8GTs,2,256,512,Disabled,1,PS0_MaxPerformance,1277.3,101.8,35676517,RUN-NVME-000624,540.64,4774.77,54064000,0,0,PASSED,pass,0,0,0,NONE,0,CLEAN,
NVMe_Deallocate_Trim,Gen4_16GTs,2,64,4096,Disabled,1,PS0_MaxPerformance,1205.0,55.5,38396462,RUN-NVME-000625,283.17,3198.78,28317000,0,0,PASSED,pass,0,0,0,NONE,0,CLEAN,
NVMe_Flush_Cache,Gen3_8GTs,2,1024,512,Aggressive,0,PS0_MaxPerformance,1166.4,100.7,13896503,RUN-NVME-000626,343.37,4184.29,34337000,0,0,PASSED,pass,0,0,0,NONE,0,CLEAN,
NVMe_Random_4K_Write,Gen4_16GTs,1,256,4096,Disabled,1,PS0_MaxPerformance,1172.9,97.2,91892849,RUN-NVME-000627,423.4,2511.73,42340000,0,0,PASSED,pass,0,0,0,NONE,0,CLEAN,
NVMe_Sequential_Read,Gen4_16GTs,2,64,512,Dynamic,1,PS0_MaxPerformance,1063.1,47.3,32604833,RUN-NVME-000628,548.64,3345.86,54864000,0,0,PASSED,pass,0,0,0,NONE,0,CLEAN,
NVMe_FDP_Placement_Test,Gen4_16GTs,2,4096,512,Dynamic,1,PS0_MaxPerformance,1144.8,98.3,81431847,RUN-NVME-000629,325.12,6683.25,32512000,0,0,PASSED,pass,0,0,0,NONE,0,CLEAN,
NVMe_Flush_Cache,Gen5_32GTs,1,64,4096,Static,0,PS0_MaxPerformance,1212.3,82.4,10966651,RUN-NVME-000630,206.74,1946.28,20674000,0,0,PASSED,pass,0,0,0,NONE,0,CLEAN,
NVMe_Random_4K_Write,Gen3_8GTs,2,64,4096,Static,1,PS2_LowPower,1174.5,53.3,80050846,RUN-NVME-000631,54.45,4487.8,5445000,0,0,PASSED,pass,0,0,0,NONE,0,CLEAN,
NVMe_FDP_Placement_Test,Gen5_32GTs,1,256,4096,Dynamic,0,PS2_LowPower,1055.0,86.5,31633391,RUN-NVME-000632,516.61,6346.94,51661000,0,0,PASSED,pass,0,0,0,NONE,0,CLEAN,
NVMe_Flush_Cache,Gen3_8GTs,4,256,4096,Static,1,PS3_ThermalThrottle,1182.8,60.0,83373822,RUN-NVME-000633,278.42,6854.92,27842000,0,0,PASSED,pass,0,0,0,NONE,0,CLEAN,
NVMe_Thermal_Throttle_Stress,Gen4_16GTs,1,1024,4096,Static,1,PS0_MaxPerformance,1200.4,34.6,82298404,RUN-NVME-000634,109.4,3031.14,10940000,0,0,PASSED,pass,0,0,0,NONE,0,CLEAN,
NVMe_Deallocate_Trim,Gen4_16GTs,4,1024,4096,Dynamic,0,PS1_Balanced,1283.7,92.6,62684676,RUN-NVME-000635,462.47,1715.43,46247000,0,0,PASSED,pass,0,0,0,NONE,0,CLEAN,
NVMe_Random_4K_Write,Gen4_16GTs,2,64,512,Disabled,0,PS0_MaxPerformance,1070.8,99.6,52478417,RUN-NVME-000636,134.25,4006.93,13425000,0,0,PASSED,pass,0,0,0,NONE,0,CLEAN,
NVMe_Thermal_Throttle_Stress,Gen5_32GTs,2,256,512,Dynamic,1,PS2_LowPower,1137.7,58.3,94732914,RUN-NVME-000637,178.41,4395.44,17841000,0,0,PASSED,pass,0,0,0,NONE,0,CLEAN,
NVMe_Sequential_Read,Gen4_16GTs,2,64,4096,Dynamic,0,PS1_Balanced,1266.4,48.1,34581249,RUN-NVME-000638,277.87,2526.26,27787000,0,0,PASSED,pass,0,0,0,NONE,0,CLEAN,
NVMe_Random_4K_Write,Gen5_32GTs,4,1024,4096,Aggressive,1,PS1_Balanced,1060.0,103.8,89755205,RUN-NVME-000639,60.08,6850.58,6008000,1,1,FAILED,fail,1,1,0,NAND_RETENTION_CORRUPTION,2,NAND die junction temperature 103.8C caused block erase retention failure || Test sequence terminated,NAND die junction temperature 103.8C caused block erase retention failure Test sequence terminated
NVMe_Sequential_Read,Gen5_32GTs,2,256,4096,Static,1,PS0_MaxPerformance,1162.2,70.3,45225765,RUN-NVME-000640,352.61,4983.31,35261000,0,0,PASSED,pass,0,0,0,NONE,0,CLEAN,
NVMe_Power_State_Transition,Gen4_16GTs,4,64,4096,Static,1,PS0_MaxPerformance,1101.3,66.5,39073386,RUN-NVME-000641,94.67,1954.87,9467000,0,0,PASSED,pass,0,0,0,NONE,0,CLEAN,
NVMe_Deallocate_Trim,Gen5_32GTs,2,256,512,Aggressive,0,PS2_LowPower,1277.7,100.7,16642636,RUN-NVME-000642,53.53,4512.25,5353000,1,1,FAILED,fail,1,1,0,NAND_RETENTION_CORRUPTION,2,NAND die junction temperature 100.7C caused block erase retention failure || Test sequence terminated,NAND die junction temperature 100.7C caused block erase retention failure Test sequence terminated
NVMe_Thermal_Throttle_Stress,Gen5_32GTs,1,256,512,Static,0,PS0_MaxPerformance,1141.3,62.4,55175693,RUN-NVME-000643,557.85,2156.06,55785000,0,0,PASSED,pass,0,0,0,NONE,0,CLEAN,
NVMe_Sequential_Read,Gen4_16GTs,2,256,4096,Static,1,PS0_MaxPerformance,1241.3,62.5,76687649,RUN-NVME-000644,378.01,3312.25,37801000,0,0,PASSED,pass,0,0,0,NONE,0,CLEAN,
NVMe_Thermal_Throttle_Stress,Gen3_8GTs,4,256,4096,Dynamic,0,PS3_ThermalThrottle,1222.3,39.5,64174656,RUN-NVME-000645,495.64,5338.93,49564000,0,0,PASSED,pass,0,0,0,NONE,0,CLEAN,
NVMe_Deallocate_Trim,Gen5_32GTs,1,64,4096,Dynamic,0,PS3_ThermalThrottle,1203.4,49.6,33715084,RUN-NVME-000646,63.9,5646.34,6390000,0,0,PASSED,pass,0,0,0,NONE,0,CLEAN,
NVMe_Sequential_Read,Gen4_16GTs,4,256,4096,Disabled,1,PS0_MaxPerformance,1179.3,98.1,93540146,RUN-NVME-000647,368.93,5800.29,36893000,0,0,PASSED,pass,0,0,0,NONE,0,CLEAN,
NVMe_Sequential_Read,Gen5_32GTs,4,4096,512,Static,1,PS0_MaxPerformance,1170.5,35.3,15636025,RUN-NVME-000648,116.85,4149.95,11685000,0,0,PASSED,pass,0,0,0,NONE,0,CLEAN,
NVMe_Random_4K_Write,Gen5_32GTs,2,256,4096,Dynamic,1,PS1_Balanced,1266.7,77.0,88545906,RUN-NVME-000649,365.92,6548.72,36592000,0,0,PASSED,pass,0,0,0,NONE,0,CLEAN,
NVMe_Sequential_Read,Gen5_32GTs,1,1024,512,Disabled,1,PS2_LowPower,1104.8,63.2,65349819,RUN-NVME-000650,374.28,4942.62,37428000,0,0,PASSED,pass,0,0,0,NONE,0,CLEAN,
NVMe_Power_State_Transition,Gen3_8GTs,4,1024,512,Aggressive,1,PS1_Balanced,1128.6,73.6,19894528,RUN-NVME-000651,338.49,6866.04,33849000,0,0,PASSED,pass,0,0,0,NONE,0,CLEAN,
NVMe_Flush_Cache,Gen5_32GTs,4,1024,512,Aggressive,1,PS0_MaxPerformance,1110.4,66.2,25444510,RUN-NVME-000652,134.95,2461.69,13494999,0,0,PASSED,pass,0,0,0,NONE,0,CLEAN,
NVMe_Flush_Cache,Gen5_32GTs,1,256,4096,Aggressive,0,PS1_Balanced,1108.4,60.7,33162318,RUN-NVME-000653,258.38,4386.27,25838000,0,0,PASSED,pass,0,0,0,NONE,0,CLEAN,
NVMe_Power_State_Transition,Gen4_16GTs,4,256,4096,Static,1,PS1_Balanced,1171.6,67.9,66324823,RUN-NVME-000654,253.98,6172.34,25398000,0,0,PASSED,pass,0,0,0,NONE,0,CLEAN,
NVMe_Power_State_Transition,Gen4_16GTs,1,1024,4096,Disabled,1,PS0_MaxPerformance,1179.6,38.4,10189308,RUN-NVME-000655,422.5,4822.69,42250000,0,0,PASSED,pass,0,0,0,NONE,0,CLEAN,
NVMe_Random_4K_Write,Gen4_16GTs,2,256,4096,Static,0,PS0_MaxPerformance,1177.3,41.1,40386482,RUN-NVME-000656,190.39,6135.3,19039000,0,0,PASSED,pass,0,0,0,NONE,0,CLEAN,
NVMe_Deallocate_Trim,Gen5_32GTs,4,4096,4096,Dynamic,0,PS0_MaxPerformance,1273.8,102.9,28001641,RUN-NVME-000657,296.39,3742.42,29639000,0,0,PASSED,pass,0,0,0,NONE,0,CLEAN,
NVMe_Sequential_Read,Gen5_32GTs,2,16,4096,Dynamic,1,PS0_MaxPerformance,1168.4,76.0,67157644,RUN-NVME-000658,440.86,6501.22,44086000,0,0,PASSED,pass,0,0,0,NONE,0,CLEAN,
NVMe_Thermal_Throttle_Stress,Gen4_16GTs,4,4096,512,Static,1,PS0_MaxPerformance,1217.1,94.7,93989455,RUN-NVME-000659,271.53,2903.45,27152999,0,0,PASSED,pass,0,0,0,NONE,0,CLEAN,
NVMe_Power_State_Transition,Gen5_32GTs,4,64,4096,Dynamic,1,PS0_MaxPerformance,1061.0,84.0,57688369,RUN-NVME-000660,79.9,2123.26,7990000,0,0,PASSED,pass,0,0,0,NONE,0,CLEAN,
NVMe_Random_4K_Write,Gen3_8GTs,4,16,4096,Dynamic,0,PS0_MaxPerformance,1171.2,56.6,13756000,RUN-NVME-000661,416.68,5353.46,41668000,0,0,PASSED,pass,0,0,0,NONE,0,CLEAN,
PCIe_Link_Retrain_Stress,Gen5_32GTs,1,256,4096,Dynamic,0,PS2_LowPower,1201.5,72.8,35777355,RUN-NVME-000662,467.21,6757.32,46721000,0,0,PASSED,pass,0,0,0,NONE,0,CLEAN,
NVMe_Sequential_Read,Gen5_32GTs,2,256,4096,Dynamic,1,PS2_LowPower,1230.6,35.8,25268847,RUN-NVME-000663,565.09,5645.61,56509000,0,0,PASSED,pass,0,0,0,NONE,0,CLEAN,
NVMe_Flush_Cache,Gen3_8GTs,4,64,4096,Static,1,PS0_MaxPerformance,1157.6,50.6,43242616,RUN-NVME-000664,104.62,6831.35,10462000,0,0,PASSED,pass,0,0,0,NONE,0,CLEAN,
NVMe_Sequential_Read,Gen5_32GTs,4,64,4096,Dynamic,1,PS1_Balanced,1125.8,57.2,89856037,RUN-NVME-000665,310.25,6030.31,31025000,0,0,PASSED,pass,0,0,0,NONE,0,CLEAN,
PCIe_Link_Retrain_Stress,Gen3_8GTs,4,256,4096,Dynamic,1,PS1_Balanced,1225.7,35.1,49178541,RUN-NVME-000666,431.84,4870.9,43184000,0,0,PASSED,pass,0,0,0,NONE,0,CLEAN,
NVMe_Random_4K_Write,Gen5_32GTs,2,256,512,Aggressive,1,PS1_Balanced,1138.1,47.6,67468703,RUN-NVME-000667,197.98,6114.96,19798000,0,0,PASSED,pass,0,0,0,NONE,0,CLEAN,
NVMe_Random_4K_Write,Gen5_32GTs,4,4096,4096,Static,1,PS1_Balanced,1116.9,64.1,66651828,RUN-NVME-000668,532.11,4671.57,53211000,0,0,PASSED,pass,0,0,0,NONE,0,CLEAN,
NVMe_Thermal_Throttle_Stress,Gen5_32GTs,2,16,4096,Static,0,PS2_LowPower,1296.2,100.9,31863308,RUN-NVME-000669,325.93,1693.72,32593000,0,0,PASSED,pass,0,0,0,NONE,0,CLEAN,
NVMe_FDP_Placement_Test,Gen5_32GTs,2,256,4096,Static,1,PS1_Balanced,1194.8,44.2,81594028,RUN-NVME-000670,386.42,5895.46,38642000,0,0,PASSED,pass,0,0,0,NONE,0,CLEAN,
NVMe_Thermal_Throttle_Stress,Gen5_32GTs,1,256,512,Dynamic,1,PS0_MaxPerformance,1197.2,36.7,58549258,RUN-NVME-000671,592.18,4703.33,59217999,0,0,PASSED,pass,0,0,0,NONE,0,CLEAN,
NVMe_Sequential_Read,Gen5_32GTs,4,1024,4096,Dynamic,1,PS0_MaxPerformance,1156.0,78.7,27519576,RUN-NVME-000672,224.47,2125.9,22447000,0,0,PASSED,pass,0,0,0,NONE,0,CLEAN,
NVMe_Power_State_Transition,Gen4_16GTs,2,16,512,Aggressive,1,PS0_MaxPerformance,1066.4,81.8,28335747,RUN-NVME-000673,308.62,4708.33,30862000,0,0,PASSED,pass,0,0,0,NONE,0,CLEAN,
NVMe_Flush_Cache,Gen4_16GTs,2,1024,4096,Dynamic,1,PS0_MaxPerformance,1161.7,49.1,94382444,RUN-NVME-000674,581.57,2915.01,58157000,0,0,PASSED,pass,0,0,0,NONE,0,CLEAN,
NVMe_Flush_Cache,Gen4_16GTs,2,64,512,Aggressive,0,PS1_Balanced,1147.6,61.2,28482800,RUN-NVME-000675,471.39,4615.04,47139000,0,0,PASSED,pass,0,0,0,NONE,0,CLEAN,
NVMe_Flush_Cache,Gen3_8GTs,2,1024,4096,Dynamic,1,PS0_MaxPerformance,1102.6,31.7,45782348,RUN-NVME-000676,99.44,2048.15,9944000,0,0,PASSED,pass,0,0,0,NONE,0,CLEAN,
NVMe_Random_4K_Write,Gen4_16GTs,2,64,4096,Dynamic,0,PS1_Balanced,1134.9,83.1,88325183,RUN-NVME-000677,248.9,2873.01,24890000,0,0,PASSED,pass,0,0,0,NONE,0,CLEAN,
NVMe_Random_4K_Write,Gen5_32GTs,1,256,4096,Dynamic,1,PS2_LowPower,1299.7,75.6,10454875,RUN-NVME-000678,232.75,5887.35,23275000,0,0,PASSED,pass,0,0,0,NONE,0,CLEAN,
NVMe_Random_4K_Write,Gen4_16GTs,2,256,4096,Static,1,PS0_MaxPerformance,1259.2,78.8,57389351,RUN-NVME-000679,238.14,2774.4,23814000,0,0,PASSED,pass,0,0,0,NONE,0,CLEAN,
NVMe_Random_4K_Write,Gen5_32GTs,1,1024,4096,Static,1,PS1_Balanced,1053.2,95.4,66326650,RUN-NVME-000680,489.97,6782.38,48997000,0,0,PASSED,pass,0,0,0,NONE,0,CLEAN,
NVMe_Random_4K_Write,Gen3_8GTs,2,256,4096,Static,1,PS3_ThermalThrottle,1199.8,90.6,65721307,RUN-NVME-000681,441.52,4320.99,44152000,0,0,PASSED,pass,0,0,0,NONE,0,CLEAN,
NVMe_Flush_Cache,Gen4_16GTs,4,1024,512,Dynamic,1,PS0_MaxPerformance,1217.2,70.7,12933196,RUN-NVME-000682,402.59,4755.09,40259000,0,0,PASSED,pass,0,0,0,NONE,0,CLEAN,
NVMe_Sequential_Read,Gen3_8GTs,4,4096,4096,Dynamic,1,PS3_ThermalThrottle,1259.2,104.7,47694865,RUN-NVME-000683,320.11,6785.6,32011000,0,0,PASSED,pass,0,0,0,NONE,0,CLEAN,
NVMe_Sequential_Read,Gen5_32GTs,4,64,512,Aggressive,0,PS0_MaxPerformance,1176.5,72.0,45572445,RUN-NVME-000684,183.13,7046.84,18313000,0,0,PASSED,pass,0,0,0,NONE,0,CLEAN,
NVMe_Random_4K_Write,Gen5_32GTs,4,256,4096,Dynamic,0,PS0_MaxPerformance,1106.1,67.5,99725035,RUN-NVME-000685,222.76,5681.03,22276000,0,0,PASSED,pass,0,0,0,NONE,0,CLEAN,
NVMe_Thermal_Throttle_Stress,Gen5_32GTs,2,256,4096,Dynamic,0,PS1_Balanced,1297.3,42.5,60745178,RUN-NVME-000686,587.01,6519.29,58701000,0,0,PASSED,pass,0,0,0,NONE,0,CLEAN,
NVMe_Power_State_Transition,Gen4_16GTs,4,1024,4096,Static,1,PS1_Balanced,1207.6,63.7,81132600,RUN-NVME-000687,561.68,1567.99,56167999,0,0,PASSED,pass,0,0,0,NONE,0,CLEAN,
NVMe_Deallocate_Trim,Gen4_16GTs,4,1024,4096,Dynamic,1,PS1_Balanced,1273.5,99.0,41808355,RUN-NVME-000688,348.08,3018.67,34808000,0,0,PASSED,pass,0,0,0,NONE,0,CLEAN,
NVMe_Power_State_Transition,Gen3_8GTs,2,256,512,Aggressive,0,PS0_MaxPerformance,1195.2,83.6,29232094,RUN-NVME-000689,405.5,6415.95,40550000,0,0,PASSED,pass,0,0,0,NONE,0,CLEAN,
NVMe_Thermal_Throttle_Stress,Gen5_32GTs,2,16,512,Static,1,PS0_MaxPerformance,1232.7,69.1,46192290,RUN-NVME-000690,369.14,3987.92,36914000,0,0,PASSED,pass,0,0,0,NONE,0,CLEAN,
NVMe_Random_4K_Write,Gen5_32GTs,4,1024,512,Disabled,0,PS0_MaxPerformance,1299.4,51.1,47139569,RUN-NVME-000691,596.1,4653.8,59610000,0,0,PASSED,pass,0,0,0,NONE,0,CLEAN,
NVMe_Sequential_Read,Gen4_16GTs,4,256,4096,Dynamic,1,PS0_MaxPerformance,1102.8,53.5,16200952,RUN-NVME-000692,349.5,2965.94,34950000,0,0,PASSED,pass,0,0,0,NONE,0,CLEAN,
NVMe_FDP_Placement_Test,Gen4_16GTs,2,256,4096,Aggressive,1,PS0_MaxPerformance,1265.3,72.4,55451230,RUN-NVME-000693,509.96,4228.2,50996000,0,0,PASSED,pass,0,0,0,NONE,0,CLEAN,
NVMe_Thermal_Throttle_Stress,Gen4_16GTs,4,1024,4096,Disabled,1,PS1_Balanced,1200.8,54.4,56496747,RUN-NVME-000694,103.64,3452.41,10364000,0,0,PASSED,pass,0,0,0,NONE,0,CLEAN,
NVMe_Thermal_Throttle_Stress,Gen3_8GTs,2,256,512,Dynamic,1,PS0_MaxPerformance,1159.6,49.7,24789090,RUN-NVME-000695,310.9,3620.06,31089999,0,0,PASSED,pass,0,0,0,NONE,0,CLEAN,
NVMe_Thermal_Throttle_Stress,Gen4_16GTs,2,256,4096,Dynamic,0,PS0_MaxPerformance,1253.1,86.4,57595237,RUN-NVME-000696,401.44,1897.45,40144000,0,0,PASSED,pass,0,0,0,NONE,0,CLEAN,
NVMe_Thermal_Throttle_Stress,Gen5_32GTs,2,256,512,Static,1,PS1_Balanced,1139.4,50.8,99972952,RUN-NVME-000697,409.06,2218.03,40906000,0,0,PASSED,pass,0,0,0,NONE,0,CLEAN,
NVMe_Thermal_Throttle_Stress,Gen5_32GTs,2,1024,4096,Aggressive,1,PS1_Balanced,1194.5,86.2,41876375,RUN-NVME-000698,527.11,5010.85,52711000,0,0,PASSED,pass,0,0,0,NONE,0,CLEAN,
NVMe_Sequential_Read,Gen3_8GTs,4,256,4096,Static,0,PS2_LowPower,1236.8,53.4,87101477,RUN-NVME-000699,310.88,3201.91,31088000,0,0,PASSED,pass,0,0,0,NONE,0,CLEAN,
NVMe_Power_State_Transition,Gen3_8GTs,4,64,4096,Disabled,1,PS0_MaxPerformance,1222.4,55.8,68730305,RUN-NVME-000700,294.53,3523.81,29452999,0,0,PASSED,pass,0,0,0,NONE,0,CLEAN,
PCIe_Link_Retrain_Stress,Gen5_32GTs,4,256,512,Dynamic,1,PS2_LowPower,1184.3,93.1,34308456,RUN-NVME-000701,591.16,3698.21,59116000,0,0,PASSED,pass,0,0,0,NONE,0,CLEAN,
NVMe_Flush_Cache,Gen4_16GTs,2,16,4096,Dynamic,1,PS0_MaxPerformance,1296.4,71.6,86616489,RUN-NVME-000702,259.1,1789.47,25910000,0,0,PASSED,pass,0,0,0,NONE,0,CLEAN,
NVMe_Sequential_Read,Gen5_32GTs,4,64,512,Static,1,PS1_Balanced,1181.9,40.6,41243156,RUN-NVME-000703,68.01,1594.34,6801000,1,1,FAILED,fail,1,1,0,NVME_INTERNAL_ERROR,2,Controller state machine deadlock at cycle <ADDR> || Test sequence terminated,Controller state machine deadlock at cycle 0x02755214 Test sequence terminated
NVMe_Power_State_Transition,Gen3_8GTs,4,4096,512,Static,0,PS1_Balanced,1091.0,85.2,42255058,RUN-NVME-000704,553.46,5957.84,55346000,0,0,PASSED,pass,0,0,0,NONE,0,CLEAN,
NVMe_Flush_Cache,Gen4_16GTs,2,1024,4096,Static,0,PS1_Balanced,1082.0,61.9,90381924,RUN-NVME-000705,234.42,2402.45,23442000,0,0,PASSED,pass,0,0,0,NONE,0,CLEAN,
NVMe_Power_State_Transition,Gen4_16GTs,4,1024,512,Static,0,PS0_MaxPerformance,1228.3,79.5,97955760,RUN-NVME-000706,79.11,4766.92,7911000,0,0,PASSED,pass,0,0,0,NONE,0,CLEAN,
NVMe_Random_4K_Write,Gen4_16GTs,1,1024,4096,Aggressive,0,PS0_MaxPerformance,1133.6,31.9,11516532,RUN-NVME-000707,434.36,5240.39,43436000,0,0,PASSED,pass,0,0,0,NONE,0,CLEAN,
NVMe_Power_State_Transition,Gen5_32GTs,4,256,512,Aggressive,0,PS3_ThermalThrottle,1172.3,55.6,51951214,RUN-NVME-000708,471.54,6677.79,47154000,0,0,PASSED,pass,0,0,0,NONE,0,CLEAN,
NVMe_Sequential_Read,Gen4_16GTs,4,64,4096,Static,1,PS0_MaxPerformance,1284.2,42.3,53535311,RUN-NVME-000709,479.14,2974.28,47914000,0,0,PASSED,pass,0,0,0,NONE,0,CLEAN,
NVMe_Random_4K_Write,Gen3_8GTs,1,4096,4096,Dynamic,0,PS1_Balanced,1263.6,49.3,46224239,RUN-NVME-000710,300.05,1719.8,30005000,0,0,PASSED,pass,0,0,0,NONE,0,CLEAN,
NVMe_Random_4K_Write,Gen3_8GTs,1,256,512,Static,1,PS3_ThermalThrottle,1276.5,72.5,72865926,RUN-NVME-000711,520.09,4636.91,52009000,0,0,PASSED,pass,0,0,0,NONE,0,CLEAN,
NVMe_Flush_Cache,Gen4_16GTs,4,256,4096,Disabled,1,PS1_Balanced,1073.8,45.0,63645963,RUN-NVME-000712,72.17,2117.71,7217000,0,0,PASSED,pass,0,0,0,NONE,0,CLEAN,
NVMe_Random_4K_Write,Gen5_32GTs,2,256,4096,Static,1,PS2_LowPower,1192.1,63.0,78485854,RUN-NVME-000713,277.72,2223.98,27772000,0,0,PASSED,pass,0,0,0,NONE,0,CLEAN,
NVMe_Flush_Cache,Gen5_32GTs,4,1024,4096,Dynamic,0,PS0_MaxPerformance,1224.5,89.3,73941120,RUN-NVME-000714,289.91,3027.02,28991000,0,0,PASSED,pass,0,0,0,NONE,0,CLEAN,
NVMe_Flush_Cache,Gen4_16GTs,2,64,512,Dynamic,0,PS0_MaxPerformance,1052.3,77.0,29219549,RUN-NVME-000715,318.24,5785.37,31824000,0,0,PASSED,pass,0,0,0,NONE,0,CLEAN,
PCIe_Link_Retrain_Stress,Gen3_8GTs,2,256,512,Aggressive,0,PS3_ThermalThrottle,1273.0,70.2,58219009,RUN-NVME-000716,409.79,2791.5,40979000,1,1,FAILED,fail,1,1,0,PCIE_AER_PROTOCOL_ERROR,2,PCIe Advanced Error Reporting: Link retrain framing error during power transition || Test sequence terminated,PCIe Advanced Error Reporting: Link retrain framing error during power transition Test sequence terminated
NVMe_Thermal_Throttle_Stress,Gen4_16GTs,4,16,512,Static,1,PS2_LowPower,1076.2,91.7,44440181,RUN-NVME-000717,422.34,5288.0,42234000,0,0,PASSED,pass,0,0,0,NONE,0,CLEAN,
NVMe_Flush_Cache,Gen4_16GTs,2,64,4096,Aggressive,1,PS1_Balanced,1262.2,83.0,49445134,RUN-NVME-000718,332.48,3384.27,33248000,0,0,PASSED,pass,0,0,0,NONE,0,CLEAN,
NVMe_Random_4K_Write,Gen5_32GTs,4,64,512,Aggressive,0,PS3_ThermalThrottle,1082.6,89.7,47507608,RUN-NVME-000719,310.8,1898.77,31080000,0,0,PASSED,pass,0,0,0,NONE,0,CLEAN,
NVMe_Flush_Cache,Gen5_32GTs,2,256,512,Dynamic,0,PS1_Balanced,1080.3,38.5,71159053,RUN-NVME-000720,402.48,3077.26,40248000,0,0,PASSED,pass,0,0,0,NONE,0,CLEAN,
NVMe_Thermal_Throttle_Stress,Gen5_32GTs,2,16,4096,Dynamic,1,PS2_LowPower,1243.1,42.7,83137619,RUN-NVME-000721,325.81,5757.72,32581000,0,0,PASSED,pass,0,0,0,NONE,0,CLEAN,
NVMe_Power_State_Transition,Gen4_16GTs,2,64,512,Static,1,PS0_MaxPerformance,1168.8,57.3,27600467,RUN-NVME-000722,299.8,4788.64,29980000,0,0,PASSED,pass,0,0,0,NONE,0,CLEAN,
NVMe_FDP_Placement_Test,Gen3_8GTs,2,64,4096,Aggressive,1,PS0_MaxPerformance,1287.6,34.7,36979888,RUN-NVME-000723,157.92,2182.96,15791999,0,0,PASSED,pass,0,0,0,NONE,0,CLEAN,
NVMe_Sequential_Read,Gen5_32GTs,4,1024,4096,Dynamic,0,PS2_LowPower,1128.7,39.7,83250902,RUN-NVME-000724,547.18,6924.42,54717999,0,0,PASSED,pass,0,0,0,NONE,0,CLEAN,
NVMe_Deallocate_Trim,Gen3_8GTs,2,16,4096,Aggressive,1,PS1_Balanced,1090.4,97.9,80222100,RUN-NVME-000725,445.94,1709.48,44594000,1,1,FAILED,fail,1,1,0,NAND_RETENTION_CORRUPTION,2,NAND die junction temperature 97.9C caused block erase retention failure || Test sequence terminated,NAND die junction temperature 97.9C caused block erase retention failure Test sequence terminated
NVMe_Sequential_Read,Gen5_32GTs,4,1024,4096,Dynamic,0,PS1_Balanced,1104.9,62.9,44468829,RUN-NVME-000726,594.12,4214.08,59412000,0,0,PASSED,pass,0,0,0,NONE,0,CLEAN,
NVMe_Power_State_Transition,Gen4_16GTs,4,1024,4096,Dynamic,1,PS0_MaxPerformance,1079.2,50.5,23242656,RUN-NVME-000727,153.29,2523.4,15329000,0,0,PASSED,pass,0,0,0,NONE,0,CLEAN,
NVMe_Flush_Cache,Gen5_32GTs,1,1024,4096,Dynamic,1,PS1_Balanced,1140.9,86.7,21427358,RUN-NVME-000728,450.96,7133.67,45096000,0,0,PASSED,pass,0,0,0,NONE,0,CLEAN,
NVMe_Thermal_Throttle_Stress,Gen3_8GTs,4,256,4096,Dynamic,1,PS2_LowPower,1168.3,76.3,37286348,RUN-NVME-000729,256.19,4148.19,25619000,0,0,PASSED,pass,0,0,0,NONE,0,CLEAN,
NVMe_FDP_Placement_Test,Gen4_16GTs,4,1024,4096,Dynamic,1,PS2_LowPower,1106.9,69.3,74812536,RUN-NVME-000730,146.26,3841.18,14626000,0,0,PASSED,pass,0,0,0,NONE,0,CLEAN,
NVMe_Random_4K_Write,Gen5_32GTs,2,64,4096,Dynamic,1,PS2_LowPower,1136.6,103.0,33182669,RUN-NVME-000731,127.84,6308.4,12784000,0,0,PASSED,pass,0,0,0,NONE,0,CLEAN,
NVMe_Random_4K_Write,Gen3_8GTs,4,256,512,Aggressive,0,PS2_LowPower,1084.7,39.5,73427638,RUN-NVME-000732,363.22,2431.72,36322000,0,0,PASSED,pass,0,0,0,NONE,0,CLEAN,
PCIe_Link_Retrain_Stress,Gen5_32GTs,4,256,4096,Dynamic,1,PS1_Balanced,1207.9,49.3,85491422,RUN-NVME-000733,530.95,3038.35,53095000,0,0,PASSED,pass,0,0,0,NONE,0,CLEAN,
NVMe_Sequential_Read,Gen5_32GTs,1,256,4096,Static,1,PS0_MaxPerformance,1153.7,85.0,24670746,RUN-NVME-000734,216.99,2568.58,21699000,0,0,PASSED,pass,0,0,0,NONE,0,CLEAN,
NVMe_Power_State_Transition,Gen4_16GTs,4,256,4096,Static,1,PS0_MaxPerformance,1103.5,37.9,17072109,RUN-NVME-000735,291.36,6226.2,29136000,0,0,PASSED,pass,0,0,0,NONE,0,CLEAN,
NVMe_Thermal_Throttle_Stress,Gen5_32GTs,4,16,4096,Aggressive,1,PS1_Balanced,1294.0,69.9,13865948,RUN-NVME-000736,396.85,5836.1,39685000,0,0,PASSED,pass,0,0,0,NONE,0,CLEAN,
NVMe_Sequential_Read,Gen3_8GTs,2,256,4096,Disabled,1,PS0_MaxPerformance,1250.3,75.3,88282523,RUN-NVME-000737,420.36,2755.03,42036000,0,0,PASSED,pass,0,0,0,NONE,0,CLEAN,
NVMe_Flush_Cache,Gen5_32GTs,4,256,4096,Disabled,1,PS0_MaxPerformance,1120.1,84.8,84594866,RUN-NVME-000738,321.75,6151.68,32175000,0,0,PASSED,pass,0,0,0,NONE,0,CLEAN,
NVMe_Sequential_Read,Gen4_16GTs,2,256,512,Static,1,PS0_MaxPerformance,1081.7,100.0,31903213,RUN-NVME-000739,70.15,5139.67,7015000,0,0,PASSED,pass,0,0,0,NONE,0,CLEAN,
NVMe_Random_4K_Write,Gen5_32GTs,4,4096,4096,Static,0,PS0_MaxPerformance,1291.0,70.4,36395978,RUN-NVME-000740,178.67,5953.83,17867000,1,1,FAILED,fail,1,1,0,NVME_COMMAND_TIMEOUT,2,NVMe Submission Queue <N> starved host memory buffer (HMB=<N>) at address <ADDR> || Test sequence terminated,NVMe Submission Queue 4096 starved host memory buffer (HMB=0) at address 0x022b5bca Test sequence terminated
NVMe_Sequential_Read,Gen5_32GTs,4,256,4096,Dynamic,1,PS3_ThermalThrottle,1130.2,48.9,94840052,RUN-NVME-000741,330.9,4673.28,33089999,0,0,PASSED,pass,0,0,0,NONE,0,CLEAN,
NVMe_Power_State_Transition,Gen3_8GTs,4,1024,512,Aggressive,1,PS0_MaxPerformance,1245.8,102.2,75096745,RUN-NVME-000742,147.88,4636.75,14788000,1,1,FAILED,fail,1,1,0,NAND_RETENTION_CORRUPTION,2,NAND die junction temperature 102.2C caused block erase retention failure || Test sequence terminated,NAND die junction temperature 102.2C caused block erase retention failure Test sequence terminated
NVMe_Flush_Cache,Gen4_16GTs,2,256,512,Static,1,PS0_MaxPerformance,1254.0,90.2,43998934,RUN-NVME-000743,492.96,5734.08,49296000,0,0,PASSED,pass,0,0,0,NONE,0,CLEAN,
NVMe_Random_4K_Write,Gen5_32GTs,2,64,4096,Dynamic,0,PS0_MaxPerformance,1088.2,35.2,99761384,RUN-NVME-000744,236.69,2767.9,23669000,0,0,PASSED,pass,0,0,0,NONE,0,CLEAN,
NVMe_Random_4K_Write,Gen3_8GTs,2,4096,4096,Static,1,PS0_MaxPerformance,1133.8,45.5,85026625,RUN-NVME-000745,191.62,5014.77,19162000,0,0,PASSED,pass,0,0,0,NONE,0,CLEAN,
NVMe_Random_4K_Write,Gen5_32GTs,2,256,512,Dynamic,1,PS3_ThermalThrottle,1144.3,79.8,97074670,RUN-NVME-000746,243.89,5957.67,24389000,0,0,PASSED,pass,0,0,0,NONE,0,CLEAN,
NVMe_Sequential_Read,Gen3_8GTs,2,64,512,Aggressive,0,PS1_Balanced,1144.9,68.0,67385874,RUN-NVME-000747,138.11,5753.32,13811000,0,0,PASSED,pass,0,0,0,NONE,0,CLEAN,
NVMe_Random_4K_Write,Gen4_16GTs,4,1024,512,Dynamic,1,PS0_MaxPerformance,1187.8,57.0,87451485,RUN-NVME-000748,208.27,6940.71,20827000,0,0,PASSED,pass,0,0,0,NONE,0,CLEAN,
NVMe_Deallocate_Trim,Gen4_16GTs,2,256,4096,Static,0,PS1_Balanced,1225.7,89.5,59690061,RUN-NVME-000749,526.34,3429.42,52634000,0,0,PASSED,pass,0,0,0,NONE,0,CLEAN,
NVMe_Sequential_Read,Gen5_32GTs,4,16,4096,Dynamic,1,PS0_MaxPerformance,1197.7,98.5,42625173,RUN-NVME-000750,203.34,5041.51,20334000,0,0,PASSED,pass,0,0,0,NONE,0,CLEAN,
PCIe_Link_Retrain_Stress,Gen5_32GTs,1,256,4096,Aggressive,1,PS3_ThermalThrottle,1203.4,89.5,25649846,RUN-NVME-000751,176.38,1642.74,17638000,1,1,FAILED,fail,1,1,0,PCIE_AER_PROTOCOL_ERROR,2,PCIe Advanced Error Reporting: Link retrain framing error during power transition || Test sequence terminated,PCIe Advanced Error Reporting: Link retrain framing error during power transition Test sequence terminated
NVMe_Random_4K_Write,Gen5_32GTs,1,1024,512,Static,1,PS1_Balanced,1224.0,55.7,38728324,RUN-NVME-000752,465.87,3723.27,46587000,0,0,PASSED,pass,0,0,0,NONE,0,CLEAN,
NVMe_Sequential_Read,Gen4_16GTs,4,1024,4096,Static,1,PS0_MaxPerformance,1133.9,103.2,26251700,RUN-NVME-000753,384.97,2991.34,38497000,0,0,PASSED,pass,0,0,0,NONE,0,CLEAN,
NVMe_Random_4K_Write,Gen4_16GTs,4,256,512,Dynamic,1,PS3_ThermalThrottle,1223.3,35.3,79861979,RUN-NVME-000754,138.4,5125.35,13840000,0,0,PASSED,pass,0,0,0,NONE,0,CLEAN,
NVMe_Power_State_Transition,Gen5_32GTs,4,256,512,Aggressive,1,PS0_MaxPerformance,1227.2,46.1,69444568,RUN-NVME-000755,88.75,2878.57,8875000,0,0,PASSED,pass,0,0,0,NONE,0,CLEAN,
NVMe_Random_4K_Write,Gen3_8GTs,2,256,4096,Static,1,PS0_MaxPerformance,1201.3,59.7,60544383,RUN-NVME-000756,439.84,6778.57,43984000,0,0,PASSED,pass,0,0,0,NONE,0,CLEAN,
NVMe_FDP_Placement_Test,Gen5_32GTs,4,256,512,Static,0,PS0_MaxPerformance,1066.3,91.9,16807357,RUN-NVME-000757,214.06,4337.69,21406000,0,0,PASSED,pass,0,0,0,NONE,0,CLEAN,
NVMe_FDP_Placement_Test,Gen5_32GTs,2,1024,4096,Aggressive,1,PS2_LowPower,1165.6,100.6,62264995,RUN-NVME-000758,192.31,2482.7,19231000,1,1,FAILED,fail,1,1,0,NAND_RETENTION_CORRUPTION,2,NAND die junction temperature 100.6C caused block erase retention failure || Test sequence terminated,NAND die junction temperature 100.6C caused block erase retention failure Test sequence terminated
NVMe_Flush_Cache,Gen5_32GTs,4,256,512,Static,1,PS2_LowPower,1252.8,32.5,18815437,RUN-NVME-000759,90.75,4227.2,9075000,0,0,PASSED,pass,0,0,0,NONE,0,CLEAN,
NVMe_Thermal_Throttle_Stress,Gen5_32GTs,1,1024,4096,Dynamic,1,PS0_MaxPerformance,1182.7,33.9,63099950,RUN-NVME-000760,539.23,6263.4,53923000,0,0,PASSED,pass,0,0,0,NONE,0,CLEAN,
NVMe_Power_State_Transition,Gen3_8GTs,2,256,4096,Aggressive,1,PS2_LowPower,1204.6,38.5,41563378,RUN-NVME-000761,276.3,6483.24,27630000,0,0,PASSED,pass,0,0,0,NONE,0,CLEAN,
NVMe_Flush_Cache,Gen4_16GTs,4,256,4096,Dynamic,0,PS1_Balanced,1155.9,68.6,78935022,RUN-NVME-000762,374.27,4793.42,37427000,0,0,PASSED,pass,0,0,0,NONE,0,CLEAN,
NVMe_Thermal_Throttle_Stress,Gen5_32GTs,2,256,4096,Dynamic,1,PS0_MaxPerformance,1201.5,36.7,59359061,RUN-NVME-000763,373.53,4404.89,37353000,0,0,PASSED,pass,0,0,0,NONE,0,CLEAN,
NVMe_Thermal_Throttle_Stress,Gen5_32GTs,4,256,4096,Aggressive,1,PS1_Balanced,1282.9,73.7,10608724,RUN-NVME-000764,414.0,2493.55,41400000,0,0,PASSED,pass,0,0,0,NONE,0,CLEAN,
NVMe_Flush_Cache,Gen4_16GTs,1,64,4096,Static,1,PS3_ThermalThrottle,1137.6,63.9,82335426,RUN-NVME-000765,462.43,3221.27,46243000,0,0,PASSED,pass,0,0,0,NONE,0,CLEAN,
NVMe_Sequential_Read,Gen5_32GTs,4,1024,512,Static,1,PS0_MaxPerformance,1052.9,39.8,15780632,RUN-NVME-000766,181.25,7100.78,18125000,0,0,PASSED,pass,0,0,0,NONE,0,CLEAN,
NVMe_Sequential_Read,Gen5_32GTs,2,64,512,Static,0,PS2_LowPower,1290.4,48.5,51484538,RUN-NVME-000767,467.94,3729.79,46794000,0,0,PASSED,pass,0,0,0,NONE,0,CLEAN,
NVMe_Sequential_Read,Gen5_32GTs,2,64,512,Static,1,PS0_MaxPerformance,1222.3,72.4,58842736,RUN-NVME-000768,428.76,3437.85,42876000,0,0,PASSED,pass,0,0,0,NONE,0,CLEAN,
NVMe_Sequential_Read,Gen5_32GTs,4,64,4096,Static,1,PS0_MaxPerformance,1210.7,58.6,24551725,RUN-NVME-000769,271.23,4347.24,27123000,0,0,PASSED,pass,0,0,0,NONE,0,CLEAN,
NVMe_Random_4K_Write,Gen5_32GTs,4,64,4096,Disabled,1,PS0_MaxPerformance,1180.0,52.1,84942930,RUN-NVME-000770,94.32,3051.67,9432000,0,0,PASSED,pass,0,0,0,NONE,0,CLEAN,
NVMe_Random_4K_Write,Gen4_16GTs,2,64,4096,Aggressive,0,PS1_Balanced,1213.4,101.7,79846898,RUN-NVME-000771,125.87,4185.17,12587000,1,1,FAILED,fail,1,1,0,NAND_RETENTION_CORRUPTION,2,NAND die junction temperature 101.7C caused block erase retention failure || Test sequence terminated,NAND die junction temperature 101.7C caused block erase retention failure Test sequence terminated
NVMe_Random_4K_Write,Gen5_32GTs,4,1024,4096,Dynamic,1,PS0_MaxPerformance,1095.3,90.8,38482338,RUN-NVME-000772,202.17,6668.27,20217000,0,0,PASSED,pass,0,0,0,NONE,0,CLEAN,
NVMe_Flush_Cache,Gen5_32GTs,2,4096,4096,Static,0,PS0_MaxPerformance,1156.1,53.2,78806558,RUN-NVME-000773,129.72,6275.09,12972000,1,1,FAILED,fail,1,1,0,NVME_COMMAND_TIMEOUT,2,NVMe Submission Queue <N> starved host memory buffer (HMB=<N>) at address <ADDR> || Test sequence terminated,NVMe Submission Queue 4096 starved host memory buffer (HMB=0) at address 0x04b27e1e Test sequence terminated
PCIe_Link_Retrain_Stress,Gen3_8GTs,4,16,4096,Disabled,1,PS0_MaxPerformance,1212.9,83.4,82238512,RUN-NVME-000774,100.09,6565.22,10009000,0,0,PASSED,pass,0,0,0,NONE,0,CLEAN,
NVMe_Random_4K_Write,Gen4_16GTs,4,4096,4096,Aggressive,1,PS0_MaxPerformance,1089.2,62.0,18185087,RUN-NVME-000775,550.26,5353.46,55026000,0,0,PASSED,pass,0,0,0,NONE,0,CLEAN,
NVMe_Sequential_Read,Gen4_16GTs,4,1024,4096,Disabled,0,PS1_Balanced,1246.8,70.6,16230260,RUN-NVME-000776,312.72,4502.71,31272000,0,0,PASSED,pass,0,0,0,NONE,0,CLEAN,
NVMe_Sequential_Read,Gen5_32GTs,2,1024,4096,Static,1,PS1_Balanced,1149.5,68.5,55728950,RUN-NVME-000777,71.45,3394.8,7145000,0,0,PASSED,pass,0,0,0,NONE,0,CLEAN,
NVMe_Flush_Cache,Gen4_16GTs,1,4096,512,Static,1,PS0_MaxPerformance,1219.9,35.0,92123755,RUN-NVME-000778,501.62,6576.21,50162000,0,0,PASSED,pass,0,0,0,NONE,0,CLEAN,
NVMe_Power_State_Transition,Gen5_32GTs,2,1024,4096,Aggressive,1,PS1_Balanced,1279.8,97.5,98821627,RUN-NVME-000779,417.76,6361.17,41776000,1,1,FAILED,fail,1,1,0,NAND_RETENTION_CORRUPTION,2,NAND die junction temperature 97.5C caused block erase retention failure || Test sequence terminated,NAND die junction temperature 97.5C caused block erase retention failure Test sequence terminated
NVMe_Random_4K_Write,Gen4_16GTs,2,64,512,Aggressive,0,PS1_Balanced,1093.2,55.8,17822370,RUN-NVME-000780,170.48,1501.32,17048000,0,0,PASSED,pass,0,0,0,NONE,0,CLEAN,
NVMe_Random_4K_Write,Gen5_32GTs,4,64,4096,Static,1,PS2_LowPower,1178.3,80.3,40241706,RUN-NVME-000781,359.43,3747.85,35943000,0,0,PASSED,pass,0,0,0,NONE,0,CLEAN,
NVMe_Sequential_Read,Gen4_16GTs,4,1024,4096,Static,1,PS1_Balanced,1213.8,61.4,52330589,RUN-NVME-000782,304.18,2588.29,30418000,0,0,PASSED,pass,0,0,0,NONE,0,CLEAN,
NVMe_FDP_Placement_Test,Gen3_8GTs,2,256,4096,Dynamic,1,PS2_LowPower,1154.5,98.3,87385352,RUN-NVME-000783,268.21,6667.01,26820999,0,0,PASSED,pass,0,0,0,NONE,0,CLEAN,
NVMe_Sequential_Read,Gen4_16GTs,4,4096,512,Dynamic,0,PS3_ThermalThrottle,1095.0,67.7,21872669,RUN-NVME-000784,319.58,3810.91,31958000,0,0,PASSED,pass,0,0,0,NONE,0,CLEAN,
NVMe_Sequential_Read,Gen5_32GTs,2,1024,512,Static,1,PS0_MaxPerformance,1058.7,60.7,63218879,RUN-NVME-000785,121.66,6032.7,12166000,0,0,PASSED,pass,0,0,0,NONE,0,CLEAN,
NVMe_Power_State_Transition,Gen5_32GTs,2,256,4096,Aggressive,1,PS0_MaxPerformance,1116.3,70.2,30977824,RUN-NVME-000786,397.46,5650.9,39746000,0,0,PASSED,pass,0,0,0,NONE,0,CLEAN,
NVMe_Flush_Cache,Gen3_8GTs,4,64,512,Static,0,PS1_Balanced,1142.9,63.7,18205992,RUN-NVME-000787,383.26,3103.08,38326000,0,0,PASSED,pass,0,0,0,NONE,0,CLEAN,
NVMe_Random_4K_Write,Gen3_8GTs,4,256,4096,Dynamic,1,PS1_Balanced,1189.7,83.0,98766266,RUN-NVME-000788,582.29,4376.3,58229000,0,0,PASSED,pass,0,0,0,NONE,0,CLEAN,
NVMe_Random_4K_Write,Gen5_32GTs,4,64,4096,Dynamic,0,PS0_MaxPerformance,1085.9,83.2,39450881,RUN-NVME-000789,503.99,2329.7,50399000,0,0,PASSED,pass,0,0,0,NONE,0,CLEAN,
NVMe_Sequential_Read,Gen3_8GTs,4,64,4096,Dynamic,1,PS0_MaxPerformance,1071.7,46.7,81418063,RUN-NVME-000790,428.35,4652.54,42835000,0,0,PASSED,pass,0,0,0,NONE,0,CLEAN,
NVMe_Flush_Cache,Gen5_32GTs,2,16,4096,Static,1,PS1_Balanced,1167.8,73.0,32286664,RUN-NVME-000791,334.58,1629.62,33458000,0,0,PASSED,pass,0,0,0,NONE,0,CLEAN,
NVMe_Power_State_Transition,Gen4_16GTs,2,64,4096,Aggressive,1,PS0_MaxPerformance,1230.9,90.4,60015838,RUN-NVME-000792,165.56,4290.4,16556000,0,0,PASSED,pass,0,0,0,NONE,0,CLEAN,
NVMe_Thermal_Throttle_Stress,Gen4_16GTs,4,1024,4096,Static,1,PS1_Balanced,1128.3,86.5,20502286,RUN-NVME-000793,68.19,2501.73,6819000,0,0,PASSED,pass,0,0,0,NONE,0,CLEAN,
NVMe_Flush_Cache,Gen5_32GTs,4,256,512,Static,1,PS0_MaxPerformance,1235.8,48.9,16410737,RUN-NVME-000794,181.28,6114.26,18128000,0,0,PASSED,pass,0,0,0,NONE,0,CLEAN,
NVMe_Flush_Cache,Gen5_32GTs,2,16,512,Static,1,PS0_MaxPerformance,1158.0,34.0,38429085,RUN-NVME-000795,335.35,6393.08,33535000,0,0,PASSED,pass,0,0,0,NONE,0,CLEAN,
NVMe_Deallocate_Trim,Gen3_8GTs,1,64,512,Static,0,PS0_MaxPerformance,1093.4,101.8,63690737,RUN-NVME-000796,202.37,4437.6,20237000,0,0,PASSED,pass,0,0,0,NONE,0,CLEAN,
NVMe_Random_4K_Write,Gen4_16GTs,2,256,512,Static,1,PS2_LowPower,1091.1,90.3,75617114,RUN-NVME-000797,355.65,1585.27,35565000,0,0,PASSED,pass,0,0,0,NONE,0,CLEAN,
NVMe_Sequential_Read,Gen4_16GTs,2,64,512,Static,1,PS3_ThermalThrottle,1081.6,103.0,84919310,RUN-NVME-000798,265.13,2241.49,26513000,0,0,PASSED,pass,0,0,0,NONE,0,CLEAN,
NVMe_Power_State_Transition,Gen4_16GTs,1,1024,4096,Static,1,PS1_Balanced,1174.0,84.9,11495365,RUN-NVME-000799,95.05,5769.44,9505000,0,0,PASSED,pass,0,0,0,NONE,0,CLEAN,
NVMe_Thermal_Throttle_Stress,Gen5_32GTs,1,64,4096,Static,1,PS0_MaxPerformance,1176.7,39.5,62867016,RUN-NVME-000800,422.66,2913.45,42266000,0,0,PASSED,pass,0,0,0,NONE,0,CLEAN,
NVMe_Power_State_Transition,Gen4_16GTs,2,4096,4096,Aggressive,1,PS2_LowPower,1060.1,39.2,71001468,RUN-NVME-000801,419.19,1671.28,41919000,0,0,PASSED,pass,0,0,0,NONE,0,CLEAN,
NVMe_Flush_Cache,Gen5_32GTs,2,1024,4096,Static,1,PS1_Balanced,1135.6,36.3,30690886,RUN-NVME-000802,350.33,5273.76,35033000,0,0,PASSED,pass,0,0,0,NONE,0,CLEAN,
NVMe_Sequential_Read,Gen3_8GTs,4,256,4096,Dynamic,1,PS0_MaxPerformance,1135.8,60.8,58398704,RUN-NVME-000803,80.52,5252.14,8052000,0,0,PASSED,pass,0,0,0,NONE,0,CLEAN,
NVMe_Deallocate_Trim,Gen5_32GTs,1,256,4096,Disabled,0,PS1_Balanced,1263.4,48.1,47912836,RUN-NVME-000804,459.2,4543.59,45920000,0,0,PASSED,pass,0,0,0,NONE,0,CLEAN,
NVMe_Sequential_Read,Gen5_32GTs,4,1024,4096,Dynamic,1,PS1_Balanced,1057.2,81.7,66369279,RUN-NVME-000805,107.65,5252.34,10765000,0,0,PASSED,pass,0,0,0,NONE,0,CLEAN,
NVMe_Sequential_Read,Gen4_16GTs,1,256,4096,Static,1,PS2_LowPower,1203.9,31.0,74149829,RUN-NVME-000806,175.73,4517.07,17573000,0,0,PASSED,pass,0,0,0,NONE,0,CLEAN,
NVMe_Flush_Cache,Gen4_16GTs,4,256,4096,Dynamic,1,PS0_MaxPerformance,1281.2,38.4,82317957,RUN-NVME-000807,211.34,3291.78,21134000,0,0,PASSED,pass,0,0,0,NONE,0,CLEAN,
NVMe_Random_4K_Write,Gen4_16GTs,2,256,4096,Dynamic,1,PS2_LowPower,1222.4,84.4,19260170,RUN-NVME-000808,366.98,4440.58,36698000,0,0,PASSED,pass,0,0,0,NONE,0,CLEAN,
NVMe_Random_4K_Write,Gen3_8GTs,2,1024,4096,Static,0,PS0_MaxPerformance,1130.5,73.4,95490038,RUN-NVME-000809,270.59,6693.87,27058999,0,0,PASSED,pass,0,0,0,NONE,0,CLEAN,
PCIe_Link_Retrain_Stress,Gen4_16GTs,4,1024,4096,Static,1,PS1_Balanced,1207.2,71.5,61659776,RUN-NVME-000810,166.97,2675.84,16697000,0,0,PASSED,pass,0,0,0,NONE,0,CLEAN,
NVMe_Thermal_Throttle_Stress,Gen5_32GTs,4,64,512,Static,1,PS2_LowPower,1160.9,72.8,48143205,RUN-NVME-000811,531.82,6939.94,53182000,0,0,PASSED,pass,0,0,0,NONE,0,CLEAN,
NVMe_Sequential_Read,Gen5_32GTs,4,64,4096,Static,0,PS0_MaxPerformance,1295.0,59.5,70195357,RUN-NVME-000812,435.31,5648.6,43531000,0,0,PASSED,pass,0,0,0,NONE,0,CLEAN,
NVMe_Sequential_Read,Gen5_32GTs,4,256,512,Aggressive,1,PS0_MaxPerformance,1165.6,59.3,84948020,RUN-NVME-000813,352.32,1793.06,35232000,0,0,PASSED,pass,0,0,0,NONE,0,CLEAN,
PCIe_Link_Retrain_Stress,Gen4_16GTs,4,1024,4096,Dynamic,1,PS0_MaxPerformance,1256.0,30.4,33484241,RUN-NVME-000814,363.3,3889.61,36330000,0,0,PASSED,pass,0,0,0,NONE,0,CLEAN,
NVMe_Random_4K_Write,Gen4_16GTs,4,1024,4096,Aggressive,1,PS1_Balanced,1162.6,30.9,85350733,RUN-NVME-000815,489.81,5531.19,48981000,0,0,PASSED,pass,0,0,0,NONE,0,CLEAN,
NVMe_Thermal_Throttle_Stress,Gen4_16GTs,4,256,512,Dynamic,1,PS0_MaxPerformance,1069.9,62.2,43695320,RUN-NVME-000816,399.9,5588.22,39990000,0,0,PASSED,pass,0,0,0,NONE,0,CLEAN,
NVMe_Random_4K_Write,Gen5_32GTs,4,256,4096,Static,1,PS1_Balanced,1052.8,82.2,79657532,RUN-NVME-000817,587.29,5433.78,58729000,0,0,PASSED,pass,0,0,0,NONE,0,CLEAN,
PCIe_Link_Retrain_Stress,Gen5_32GTs,4,64,512,Dynamic,1,PS0_MaxPerformance,1178.7,42.4,70809705,RUN-NVME-000818,393.7,2625.32,39370000,0,0,PASSED,pass,0,0,0,NONE,0,CLEAN,
NVMe_Sequential_Read,Gen5_32GTs,4,256,4096,Static,1,PS0_MaxPerformance,1125.3,73.4,10926013,RUN-NVME-000819,238.22,2230.62,23822000,0,0,PASSED,pass,0,0,0,NONE,0,CLEAN,
NVMe_Deallocate_Trim,Gen4_16GTs,2,16,512,Dynamic,0,PS0_MaxPerformance,1253.2,32.9,66837402,RUN-NVME-000820,483.88,2492.79,48388000,0,0,PASSED,pass,0,0,0,NONE,0,CLEAN,
NVMe_Random_4K_Write,Gen5_32GTs,2,256,4096,Static,1,PS0_MaxPerformance,1299.2,61.9,46415483,RUN-NVME-000821,301.3,2213.59,30130000,0,0,PASSED,pass,0,0,0,NONE,0,CLEAN,
NVMe_Thermal_Throttle_Stress,Gen4_16GTs,4,256,4096,Dynamic,1,PS1_Balanced,1102.9,40.9,67039373,RUN-NVME-000822,576.43,6582.89,57642999,0,0,PASSED,pass,0,0,0,NONE,0,CLEAN,
PCIe_Link_Retrain_Stress,Gen4_16GTs,2,16,4096,Static,1,PS1_Balanced,1254.8,71.0,33203008,RUN-NVME-000823,335.24,3893.78,33524000,0,0,PASSED,pass,0,0,0,NONE,0,CLEAN,
NVMe_Random_4K_Write,Gen4_16GTs,4,1024,512,Dynamic,0,PS3_ThermalThrottle,1263.2,88.1,42718830,RUN-NVME-000824,405.02,2107.94,40502000,0,0,PASSED,pass,0,0,0,NONE,0,CLEAN,
NVMe_Deallocate_Trim,Gen4_16GTs,2,256,512,Dynamic,1,PS2_LowPower,1155.7,68.8,45387335,RUN-NVME-000825,161.76,3977.14,16176000,0,0,PASSED,pass,0,0,0,NONE,0,CLEAN,
NVMe_Power_State_Transition,Gen5_32GTs,4,1024,512,Dynamic,1,PS0_MaxPerformance,1238.7,54.7,19796885,RUN-NVME-000826,372.37,3722.27,37237000,0,0,PASSED,pass,0,0,0,NONE,0,CLEAN,
NVMe_Flush_Cache,Gen5_32GTs,2,256,4096,Dynamic,1,PS1_Balanced,1178.3,95.4,90130114,RUN-NVME-000827,240.03,2203.85,24003000,0,0,PASSED,pass,0,0,0,NONE,0,CLEAN,
NVMe_Sequential_Read,Gen5_32GTs,2,256,4096,Dynamic,1,PS0_MaxPerformance,1122.8,40.9,66570603,RUN-NVME-000828,488.66,7066.71,48866000,0,0,PASSED,pass,0,0,0,NONE,0,CLEAN,
NVMe_Random_4K_Write,Gen5_32GTs,4,256,4096,Static,1,PS1_Balanced,1200.7,103.9,35768146,RUN-NVME-000829,523.24,2491.06,52324000,0,0,PASSED,pass,0,0,0,NONE,0,CLEAN,
NVMe_FDP_Placement_Test,Gen5_32GTs,2,1024,4096,Static,1,PS0_MaxPerformance,1200.3,83.2,61743418,RUN-NVME-000830,316.58,7095.3,31658000,0,0,PASSED,pass,0,0,0,NONE,0,CLEAN,
NVMe_Random_4K_Write,Gen5_32GTs,4,64,4096,Static,1,PS0_MaxPerformance,1170.3,76.3,81279947,RUN-NVME-000831,386.05,4214.97,38605000,0,0,PASSED,pass,0,0,0,NONE,0,CLEAN,
NVMe_Random_4K_Write,Gen5_32GTs,4,1024,4096,Static,1,PS0_MaxPerformance,1186.0,70.8,17058868,RUN-NVME-000832,356.27,3437.68,35627000,0,0,PASSED,pass,0,0,0,NONE,0,CLEAN,
NVMe_Sequential_Read,Gen4_16GTs,2,64,4096,Static,1,PS0_MaxPerformance,1277.2,77.8,87009655,RUN-NVME-000833,90.07,3453.19,9007000,0,0,PASSED,pass,0,0,0,NONE,0,CLEAN,
NVMe_Flush_Cache,Gen5_32GTs,4,1024,512,Dynamic,1,PS0_MaxPerformance,1263.9,32.4,46868199,RUN-NVME-000834,439.5,4501.53,43950000,0,0,PASSED,pass,0,0,0,NONE,0,CLEAN,
NVMe_Random_4K_Write,Gen3_8GTs,2,1024,4096,Dynamic,1,PS0_MaxPerformance,1078.5,80.7,86940989,RUN-NVME-000835,366.09,4562.08,36609000,0,0,PASSED,pass,0,0,0,NONE,0,CLEAN,
NVMe_Thermal_Throttle_Stress,Gen5_32GTs,1,4096,4096,Disabled,0,PS3_ThermalThrottle,1252.4,92.8,81095838,RUN-NVME-000836,59.72,1680.76,5972000,1,1,FAILED,fail,1,1,0,NVME_COMMAND_TIMEOUT,2,NVMe Submission Queue <N> starved host memory buffer (HMB=<N>) at address <ADDR> || Test sequence terminated,NVMe Submission Queue 4096 starved host memory buffer (HMB=0) at address 0x04d56c9e Test sequence terminated
NVMe_Thermal_Throttle_Stress,Gen5_32GTs,4,256,4096,Static,1,PS1_Balanced,1283.2,35.7,77539901,RUN-NVME-000837,463.76,4506.69,46376000,0,0,PASSED,pass,0,0,0,NONE,0,CLEAN,
NVMe_Thermal_Throttle_Stress,Gen5_32GTs,4,4096,4096,Dynamic,1,PS0_MaxPerformance,1132.4,70.3,69673994,RUN-NVME-000838,215.79,5760.66,21579000,0,0,PASSED,pass,0,0,0,NONE,0,CLEAN,
NVMe_FDP_Placement_Test,Gen3_8GTs,1,256,4096,Dynamic,1,PS3_ThermalThrottle,1150.7,96.8,33901789,RUN-NVME-000839,284.09,2933.94,28408999,0,0,PASSED,pass,0,0,0,NONE,0,CLEAN,
NVMe_Thermal_Throttle_Stress,Gen4_16GTs,1,4096,4096,Aggressive,1,PS0_MaxPerformance,1075.1,67.2,56513446,RUN-NVME-000840,256.49,6888.48,25649000,0,0,PASSED,pass,0,0,0,NONE,0,CLEAN,
NVMe_Random_4K_Write,Gen5_32GTs,4,1024,4096,Disabled,1,PS1_Balanced,1099.8,53.1,39799786,RUN-NVME-000841,525.22,4342.73,52522000,0,0,PASSED,pass,0,0,0,NONE,0,CLEAN,
NVMe_Thermal_Throttle_Stress,Gen4_16GTs,2,1024,4096,Dynamic,0,PS2_LowPower,1082.4,64.0,67403673,RUN-NVME-000842,592.78,3908.6,59278000,0,0,PASSED,pass,0,0,0,NONE,0,CLEAN,
NVMe_Thermal_Throttle_Stress,Gen5_32GTs,4,16,512,Dynamic,0,PS0_MaxPerformance,1127.4,69.1,75606820,RUN-NVME-000843,284.7,4750.62,28470000,0,0,PASSED,pass,0,0,0,NONE,0,CLEAN,
NVMe_Flush_Cache,Gen5_32GTs,2,64,4096,Dynamic,0,PS0_MaxPerformance,1285.7,84.1,67627550,RUN-NVME-000844,368.12,2975.45,36812000,0,0,PASSED,pass,0,0,0,NONE,0,CLEAN,
NVMe_FDP_Placement_Test,Gen5_32GTs,4,1024,4096,Dynamic,1,PS1_Balanced,1184.6,72.4,66661983,RUN-NVME-000845,225.27,3943.28,22527000,0,0,PASSED,pass,0,0,0,NONE,0,CLEAN,
NVMe_FDP_Placement_Test,Gen5_32GTs,4,4096,512,Dynamic,1,PS2_LowPower,1176.3,86.1,15579375,RUN-NVME-000846,104.08,4618.09,10408000,0,0,PASSED,pass,0,0,0,NONE,0,CLEAN,
NVMe_Random_4K_Write,Gen5_32GTs,2,256,512,Dynamic,1,PS0_MaxPerformance,1188.8,37.5,89415978,RUN-NVME-000847,452.78,4438.13,45278000,0,0,PASSED,pass,0,0,0,NONE,0,CLEAN,
NVMe_Flush_Cache,Gen5_32GTs,4,64,4096,Static,1,PS0_MaxPerformance,1285.6,86.6,77669619,RUN-NVME-000848,124.33,5198.13,12433000,0,0,PASSED,pass,0,0,0,NONE,0,CLEAN,
NVMe_Random_4K_Write,Gen5_32GTs,4,1024,4096,Aggressive,1,PS0_MaxPerformance,1208.2,103.2,69906881,RUN-NVME-000849,511.78,5331.0,51178000,1,1,FAILED,fail,1,1,0,NAND_RETENTION_CORRUPTION,2,NAND die junction temperature 103.2C caused block erase retention failure || Test sequence terminated,NAND die junction temperature 103.2C caused block erase retention failure Test sequence terminated
NVMe_Flush_Cache,Gen5_32GTs,4,1024,4096,Dynamic,1,PS2_LowPower,1266.0,78.8,34322244,RUN-NVME-000850,251.23,2409.11,25123000,0,0,PASSED,pass,0,0,0,NONE,0,CLEAN,
NVMe_Sequential_Read,Gen4_16GTs,4,64,512,Aggressive,1,PS0_MaxPerformance,1263.6,81.5,64170997,RUN-NVME-000851,461.02,5231.4,46102000,0,0,PASSED,pass,0,0,0,NONE,0,CLEAN,
NVMe_Power_State_Transition,Gen4_16GTs,2,64,4096,Static,1,PS2_LowPower,1195.3,88.6,28251602,RUN-NVME-000852,390.18,1784.29,39018000,0,0,PASSED,pass,0,0,0,NONE,0,CLEAN,
NVMe_Sequential_Read,Gen5_32GTs,1,64,4096,Static,1,PS0_MaxPerformance,1053.0,52.5,18294911,RUN-NVME-000853,247.57,1981.45,24757000,0,0,PASSED,pass,0,0,0,NONE,0,CLEAN,
NVMe_Flush_Cache,Gen4_16GTs,4,4096,512,Static,1,PS3_ThermalThrottle,1299.7,47.7,88946934,RUN-NVME-000854,190.94,2320.76,19094000,0,0,PASSED,pass,0,0,0,NONE,0,CLEAN,
NVMe_Flush_Cache,Gen3_8GTs,1,256,4096,Dynamic,1,PS0_MaxPerformance,1190.0,52.6,85675844,RUN-NVME-000855,56.66,6072.56,5666000,0,0,PASSED,pass,0,0,0,NONE,0,CLEAN,
NVMe_Flush_Cache,Gen4_16GTs,4,64,4096,Dynamic,1,PS2_LowPower,1077.6,65.1,82638539,RUN-NVME-000856,94.53,2397.66,9453000,0,0,PASSED,pass,0,0,0,NONE,0,CLEAN,
NVMe_Deallocate_Trim,Gen4_16GTs,4,256,4096,Static,1,PS0_MaxPerformance,1287.3,88.3,26416296,RUN-NVME-000857,334.2,3119.69,33420000,0,0,PASSED,pass,0,0,0,NONE,0,CLEAN,
NVMe_FDP_Placement_Test,Gen4_16GTs,4,1024,512,Aggressive,1,PS0_MaxPerformance,1124.1,84.4,74970259,RUN-NVME-000858,401.92,2875.06,40192000,0,0,PASSED,pass,0,0,0,NONE,0,CLEAN,
NVMe_Sequential_Read,Gen5_32GTs,2,64,512,Static,1,PS0_MaxPerformance,1292.6,83.7,15206486,RUN-NVME-000859,409.36,3611.9,40936000,0,0,PASSED,pass,0,0,0,NONE,0,CLEAN,
NVMe_Random_4K_Write,Gen4_16GTs,4,64,512,Aggressive,1,PS0_MaxPerformance,1267.8,79.7,73580758,RUN-NVME-000860,207.4,6997.38,20740000,0,0,PASSED,pass,0,0,0,NONE,0,CLEAN,
NVMe_Thermal_Throttle_Stress,Gen3_8GTs,4,256,4096,Disabled,1,PS3_ThermalThrottle,1178.0,57.0,52227334,RUN-NVME-000861,107.18,5124.69,10718000,0,0,PASSED,pass,0,0,0,NONE,0,CLEAN,
NVMe_Thermal_Throttle_Stress,Gen5_32GTs,2,4096,4096,Disabled,1,PS0_MaxPerformance,1076.5,38.4,75751533,RUN-NVME-000862,597.49,5175.77,59749000,0,0,PASSED,pass,0,0,0,NONE,0,CLEAN,
NVMe_Deallocate_Trim,Gen5_32GTs,4,256,512,Dynamic,0,PS0_MaxPerformance,1175.3,33.3,76248563,RUN-NVME-000863,599.25,1863.36,59925000,0,0,PASSED,pass,0,0,0,NONE,0,CLEAN,
NVMe_Sequential_Read,Gen5_32GTs,2,256,4096,Disabled,0,PS1_Balanced,1234.0,71.8,37283360,RUN-NVME-000864,218.86,1860.74,21886000,0,0,PASSED,pass,0,0,0,NONE,0,CLEAN,
NVMe_Flush_Cache,Gen4_16GTs,1,256,512,Dynamic,1,PS1_Balanced,1069.0,82.4,15584940,RUN-NVME-000865,259.32,2178.22,25932000,0,0,PASSED,pass,0,0,0,NONE,0,CLEAN,
NVMe_Random_4K_Write,Gen4_16GTs,4,256,4096,Dynamic,1,PS3_ThermalThrottle,1217.9,35.6,79841869,RUN-NVME-000866,234.32,5707.35,23432000,0,0,PASSED,pass,0,0,0,NONE,0,CLEAN,
NVMe_FDP_Placement_Test,Gen3_8GTs,4,4096,512,Disabled,1,PS2_LowPower,1154.6,63.1,73414471,RUN-NVME-000867,258.73,4525.69,25873000,0,0,PASSED,pass,0,0,0,NONE,0,CLEAN,
NVMe_Power_State_Transition,Gen3_8GTs,4,64,4096,Dynamic,1,PS0_MaxPerformance,1076.8,40.9,10213644,RUN-NVME-000868,455.02,4452.65,45502000,0,0,PASSED,pass,0,0,0,NONE,0,CLEAN,
NVMe_Flush_Cache,Gen5_32GTs,1,4096,4096,Static,1,PS2_LowPower,1076.7,67.9,88019834,RUN-NVME-000869,260.71,5128.87,26070999,0,0,PASSED,pass,0,0,0,NONE,0,CLEAN,
NVMe_Deallocate_Trim,Gen5_32GTs,1,1024,4096,Static,1,PS1_Balanced,1272.7,67.2,46488235,RUN-NVME-000870,319.88,4738.99,31988000,0,0,PASSED,pass,0,0,0,NONE,0,CLEAN,
NVMe_Flush_Cache,Gen3_8GTs,1,16,4096,Dynamic,1,PS1_Balanced,1062.7,46.6,66190190,RUN-NVME-000871,71.71,4659.13,7170999,0,0,PASSED,pass,0,0,0,NONE,0,CLEAN,
NVMe_Deallocate_Trim,Gen3_8GTs,1,4096,4096,Dynamic,1,PS0_MaxPerformance,1247.8,68.3,50731896,RUN-NVME-000872,152.17,2303.04,15216999,0,0,PASSED,pass,0,0,0,NONE,0,CLEAN,
NVMe_Thermal_Throttle_Stress,Gen4_16GTs,2,256,4096,Dynamic,0,PS0_MaxPerformance,1054.8,87.9,62611140,RUN-NVME-000873,139.38,1925.89,13938000,0,0,PASSED,pass,0,0,0,NONE,0,CLEAN,
NVMe_Sequential_Read,Gen5_32GTs,4,1024,4096,Dynamic,1,PS1_Balanced,1111.6,97.8,83729423,RUN-NVME-000874,166.79,6581.29,16679000,0,0,PASSED,pass,0,0,0,NONE,0,CLEAN,
PCIe_Link_Retrain_Stress,Gen5_32GTs,4,4096,4096,Dynamic,1,PS0_MaxPerformance,1147.4,85.6,28299671,RUN-NVME-000875,389.43,4971.78,38943000,0,0,PASSED,pass,0,0,0,NONE,0,CLEAN,
NVMe_Random_4K_Write,Gen4_16GTs,4,16,4096,Dynamic,1,PS0_MaxPerformance,1216.2,51.5,19366929,RUN-NVME-000876,422.66,6383.31,42266000,0,0,PASSED,pass,0,0,0,NONE,0,CLEAN,
PCIe_Link_Retrain_Stress,Gen3_8GTs,2,16,4096,Static,1,PS0_MaxPerformance,1144.1,80.4,72098238,RUN-NVME-000877,420.13,2517.58,42013000,0,0,PASSED,pass,0,0,0,NONE,0,CLEAN,
NVMe_Deallocate_Trim,Gen4_16GTs,2,64,512,Dynamic,0,PS1_Balanced,1190.7,100.9,71580409,RUN-NVME-000878,585.68,5901.82,58567999,0,0,PASSED,pass,0,0,0,NONE,0,CLEAN,
NVMe_Thermal_Throttle_Stress,Gen5_32GTs,4,64,512,Dynamic,1,PS1_Balanced,1061.9,46.4,98596425,RUN-NVME-000879,269.25,4164.09,26925000,0,0,PASSED,pass,0,0,0,NONE,0,CLEAN,
NVMe_Power_State_Transition,Gen4_16GTs,4,256,512,Static,1,PS3_ThermalThrottle,1067.2,68.1,49913119,RUN-NVME-000880,517.65,2488.89,51765000,0,0,PASSED,pass,0,0,0,NONE,0,CLEAN,
NVMe_Deallocate_Trim,Gen3_8GTs,2,1024,4096,Static,1,PS0_MaxPerformance,1145.8,92.7,32634332,RUN-NVME-000881,379.39,1871.33,37939000,0,0,PASSED,pass,0,0,0,NONE,0,CLEAN,
NVMe_Flush_Cache,Gen4_16GTs,4,256,4096,Dynamic,1,PS1_Balanced,1252.3,88.6,72395183,RUN-NVME-000882,154.33,6638.16,15433000,0,0,PASSED,pass,0,0,0,NONE,0,CLEAN,
NVMe_Thermal_Throttle_Stress,Gen5_32GTs,2,64,512,Static,1,PS1_Balanced,1097.0,94.5,84982455,RUN-NVME-000883,350.13,6401.77,35013000,0,0,PASSED,pass,0,0,0,NONE,0,CLEAN,
NVMe_Random_4K_Write,Gen4_16GTs,2,64,512,Dynamic,1,PS2_LowPower,1165.6,83.6,56952583,RUN-NVME-000884,552.55,6582.65,55254999,0,0,PASSED,pass,0,0,0,NONE,0,CLEAN,
NVMe_Sequential_Read,Gen5_32GTs,4,64,512,Dynamic,0,PS1_Balanced,1167.4,88.7,63965396,RUN-NVME-000885,65.19,5200.84,6519000,0,0,PASSED,pass,0,0,0,NONE,0,CLEAN,
NVMe_Deallocate_Trim,Gen5_32GTs,1,256,4096,Dynamic,0,PS2_LowPower,1221.0,49.9,60129710,RUN-NVME-000886,298.45,3130.15,29845000,0,0,PASSED,pass,0,0,0,NONE,0,CLEAN,
NVMe_Power_State_Transition,Gen4_16GTs,1,4096,4096,Dynamic,1,PS2_LowPower,1105.4,50.2,32321857,RUN-NVME-000887,236.0,2827.62,23600000,0,0,PASSED,pass,0,0,0,NONE,0,CLEAN,
PCIe_Link_Retrain_Stress,Gen3_8GTs,4,4096,512,Disabled,1,PS2_LowPower,1103.6,77.6,52319361,RUN-NVME-000888,478.55,6499.71,47855000,0,0,PASSED,pass,0,0,0,NONE,0,CLEAN,
PCIe_Link_Retrain_Stress,Gen3_8GTs,4,256,512,Static,1,PS1_Balanced,1184.4,104.6,11314461,RUN-NVME-000889,100.3,1579.4,10030000,0,0,PASSED,pass,0,0,0,NONE,0,CLEAN,
NVMe_Deallocate_Trim,Gen4_16GTs,2,1024,4096,Static,1,PS0_MaxPerformance,1102.8,67.7,60324554,RUN-NVME-000890,143.29,3150.67,14329000,0,0,PASSED,pass,0,0,0,NONE,0,CLEAN,
NVMe_Random_4K_Write,Gen4_16GTs,1,64,4096,Static,1,PS1_Balanced,1153.7,99.8,35506184,RUN-NVME-000891,550.38,4250.15,55038000,0,0,PASSED,pass,0,0,0,NONE,0,CLEAN,
NVMe_Random_4K_Write,Gen3_8GTs,4,256,4096,Aggressive,1,PS3_ThermalThrottle,1183.4,38.5,88766799,RUN-NVME-000892,527.61,3444.13,52761000,0,0,PASSED,pass,0,0,0,NONE,0,CLEAN,
NVMe_Random_4K_Write,Gen5_32GTs,4,1024,4096,Static,1,PS0_MaxPerformance,1209.1,86.3,38916486,RUN-NVME-000893,590.59,5814.11,59059000,0,0,PASSED,pass,0,0,0,NONE,0,CLEAN,
NVMe_Random_4K_Write,Gen4_16GTs,4,256,4096,Aggressive,1,PS0_MaxPerformance,1273.9,42.2,91607532,RUN-NVME-000894,498.3,2143.39,49830000,0,0,PASSED,pass,0,0,0,NONE,0,CLEAN,
NVMe_Sequential_Read,Gen3_8GTs,4,64,4096,Aggressive,1,PS3_ThermalThrottle,1123.5,83.3,37862911,RUN-NVME-000895,416.22,2168.61,41622000,0,0,PASSED,pass,0,0,0,NONE,0,CLEAN,
NVMe_Flush_Cache,Gen5_32GTs,2,256,4096,Static,1,PS0_MaxPerformance,1193.5,94.7,29121762,RUN-NVME-000896,59.15,6053.7,5915000,0,0,PASSED,pass,0,0,0,NONE,0,CLEAN,
NVMe_Sequential_Read,Gen4_16GTs,2,64,4096,Static,1,PS2_LowPower,1223.2,30.4,88777396,RUN-NVME-000897,171.3,2412.27,17130000,0,0,PASSED,pass,0,0,0,NONE,0,CLEAN,
NVMe_Random_4K_Write,Gen5_32GTs,2,64,4096,Dynamic,0,PS1_Balanced,1072.2,34.4,43947653,RUN-NVME-000898,327.45,5474.41,32745000,0,0,PASSED,pass,0,0,0,NONE,0,CLEAN,
NVMe_Thermal_Throttle_Stress,Gen4_16GTs,2,256,4096,Disabled,0,PS1_Balanced,1272.8,90.3,55198786,RUN-NVME-000899,551.35,5559.23,55135000,0,0,PASSED,pass,0,0,0,NONE,0,CLEAN,
NVMe_Random_4K_Write,Gen5_32GTs,1,1024,4096,Aggressive,0,PS1_Balanced,1220.0,92.3,56668849,RUN-NVME-000900,481.91,4395.07,48191000,0,0,PASSED,pass,0,0,0,NONE,0,CLEAN,
NVMe_Sequential_Read,Gen4_16GTs,1,256,4096,Static,1,PS0_MaxPerformance,1092.1,32.3,45839592,RUN-NVME-000901,492.19,6700.22,49219000,0,0,PASSED,pass,0,0,0,NONE,0,CLEAN,
NVMe_FDP_Placement_Test,Gen3_8GTs,4,256,4096,Dynamic,0,PS0_MaxPerformance,1158.5,50.8,81035979,RUN-NVME-000902,275.81,6842.37,27581000,0,0,PASSED,pass,0,0,0,NONE,0,CLEAN,
NVMe_Deallocate_Trim,Gen5_32GTs,4,16,4096,Disabled,1,PS2_LowPower,1255.8,37.7,38398799,RUN-NVME-000903,95.06,6154.01,9506000,0,0,PASSED,pass,0,0,0,NONE,0,CLEAN,
NVMe_Sequential_Read,Gen4_16GTs,1,256,4096,Aggressive,1,PS3_ThermalThrottle,1063.5,30.9,78012501,RUN-NVME-000904,408.17,3700.78,40817000,0,0,PASSED,pass,0,0,0,NONE,0,CLEAN,
NVMe_Random_4K_Write,Gen4_16GTs,2,64,4096,Static,1,PS1_Balanced,1146.8,48.8,28018153,RUN-NVME-000905,298.93,5897.97,29893000,0,0,PASSED,pass,0,0,0,NONE,0,CLEAN,
NVMe_Random_4K_Write,Gen5_32GTs,4,1024,512,Static,1,PS1_Balanced,1187.5,66.9,82981887,RUN-NVME-000906,196.3,5662.02,19630000,0,0,PASSED,pass,0,0,0,NONE,0,CLEAN,
NVMe_Thermal_Throttle_Stress,Gen3_8GTs,4,64,512,Disabled,1,PS0_MaxPerformance,1160.8,44.0,20826650,RUN-NVME-000907,200.23,6097.45,20023000,0,0,PASSED,pass,0,0,0,NONE,0,CLEAN,
NVMe_Power_State_Transition,Gen5_32GTs,4,256,4096,Dynamic,1,PS2_LowPower,1189.6,54.4,81759685,RUN-NVME-000908,162.16,4486.99,16216000,0,0,PASSED,pass,0,0,0,NONE,0,CLEAN,
NVMe_Sequential_Read,Gen5_32GTs,2,256,4096,Aggressive,0,PS2_LowPower,1274.4,101.0,54501703,RUN-NVME-000909,209.48,5995.22,20948000,1,1,FAILED,fail,1,1,0,NAND_RETENTION_CORRUPTION,2,NAND die junction temperature 101.0C caused block erase retention failure || Test sequence terminated,NAND die junction temperature 101.0C caused block erase retention failure Test sequence terminated
NVMe_Random_4K_Write,Gen4_16GTs,2,64,4096,Static,1,PS0_MaxPerformance,1211.0,87.2,10688908,RUN-NVME-000910,244.51,5328.66,24451000,0,0,PASSED,pass,0,0,0,NONE,0,CLEAN,
NVMe_FDP_Placement_Test,Gen5_32GTs,4,256,4096,Dynamic,0,PS0_MaxPerformance,1075.2,49.5,78516554,RUN-NVME-000911,306.8,4077.46,30680000,0,0,PASSED,pass,0,0,0,NONE,0,CLEAN,
NVMe_Sequential_Read,Gen5_32GTs,1,1024,512,Disabled,1,PS1_Balanced,1218.1,30.4,75371903,RUN-NVME-000912,305.83,1688.62,30583000,0,0,PASSED,pass,0,0,0,NONE,0,CLEAN,
NVMe_FDP_Placement_Test,Gen5_32GTs,4,256,4096,Dynamic,1,PS0_MaxPerformance,1280.5,40.6,45869253,RUN-NVME-000913,489.87,2612.51,48987000,0,0,PASSED,pass,0,0,0,NONE,0,CLEAN,
NVMe_Deallocate_Trim,Gen5_32GTs,4,64,512,Aggressive,1,PS2_LowPower,1165.1,97.8,75919785,RUN-NVME-000914,489.43,3025.8,48943000,1,1,FAILED,fail,1,1,0,NAND_RETENTION_CORRUPTION,2,NAND die junction temperature 97.8C caused block erase retention failure || Test sequence terminated,NAND die junction temperature 97.8C caused block erase retention failure Test sequence terminated
NVMe_Deallocate_Trim,Gen4_16GTs,2,1024,4096,Dynamic,1,PS0_MaxPerformance,1195.8,47.2,31188576,RUN-NVME-000915,83.87,3948.9,8387000,0,0,PASSED,pass,0,0,0,NONE,0,CLEAN,
NVMe_Thermal_Throttle_Stress,Gen5_32GTs,4,256,4096,Disabled,1,PS1_Balanced,1125.9,103.7,93264845,RUN-NVME-000916,457.49,4931.91,45749000,0,0,PASSED,pass,0,0,0,NONE,0,CLEAN,
NVMe_Random_4K_Write,Gen4_16GTs,1,4096,4096,Static,1,PS1_Balanced,1058.0,75.9,19350443,RUN-NVME-000917,395.57,2654.87,39557000,0,0,PASSED,pass,0,0,0,NONE,0,CLEAN,
NVMe_Flush_Cache,Gen5_32GTs,2,64,512,Static,1,PS2_LowPower,1145.7,74.2,93108804,RUN-NVME-000918,76.42,5979.64,7642000,0,0,PASSED,pass,0,0,0,NONE,0,CLEAN,
NVMe_Random_4K_Write,Gen3_8GTs,4,256,4096,Dynamic,1,PS0_MaxPerformance,1115.3,68.4,16727107,RUN-NVME-000919,537.15,4640.02,53715000,0,0,PASSED,pass,0,0,0,NONE,0,CLEAN,
NVMe_Sequential_Read,Gen4_16GTs,1,1024,4096,Dynamic,0,PS0_MaxPerformance,1203.1,37.1,74647833,RUN-NVME-000920,432.95,6804.74,43295000,0,0,PASSED,pass,0,0,0,NONE,0,CLEAN,
NVMe_Sequential_Read,Gen4_16GTs,4,1024,512,Aggressive,1,PS2_LowPower,1200.2,81.1,25546015,RUN-NVME-000921,271.77,2435.77,27177000,0,0,PASSED,pass,0,0,0,NONE,0,CLEAN,
NVMe_Random_4K_Write,Gen5_32GTs,2,16,512,Dynamic,1,PS1_Balanced,1188.4,32.4,78125975,RUN-NVME-000922,149.15,5281.14,14915000,0,0,PASSED,pass,0,0,0,NONE,0,CLEAN,
PCIe_Link_Retrain_Stress,Gen4_16GTs,4,1024,4096,Static,1,PS0_MaxPerformance,1272.2,48.0,31211380,RUN-NVME-000923,383.8,2311.17,38380000,0,0,PASSED,pass,0,0,0,NONE,0,CLEAN,
NVMe_Sequential_Read,Gen5_32GTs,2,64,512,Disabled,1,PS1_Balanced,1204.0,65.6,32311321,RUN-NVME-000924,478.69,5950.98,47869000,0,0,PASSED,pass,0,0,0,NONE,0,CLEAN,
NVMe_FDP_Placement_Test,Gen3_8GTs,2,256,4096,Static,1,PS0_MaxPerformance,1178.3,48.2,20425876,RUN-NVME-000925,433.32,6545.08,43332000,0,0,PASSED,pass,0,0,0,NONE,0,CLEAN,
NVMe_Sequential_Read,Gen5_32GTs,2,256,4096,Static,1,PS0_MaxPerformance,1144.0,78.0,53812446,RUN-NVME-000926,573.23,2380.96,57323000,0,0,PASSED,pass,0,0,0,NONE,0,CLEAN,
NVMe_FDP_Placement_Test,Gen5_32GTs,2,64,4096,Dynamic,0,PS2_LowPower,1106.7,99.7,49092436,RUN-NVME-000927,500.83,7151.95,50083000,0,0,PASSED,pass,0,0,0,NONE,0,CLEAN,
NVMe_Power_State_Transition,Gen4_16GTs,2,256,512,Dynamic,1,PS0_MaxPerformance,1101.3,89.1,93316204,RUN-NVME-000928,178.46,5569.81,17846000,0,0,PASSED,pass,0,0,0,NONE,0,CLEAN,
NVMe_Sequential_Read,Gen5_32GTs,4,256,512,Static,1,PS2_LowPower,1205.6,53.6,57208911,RUN-NVME-000929,292.23,5236.77,29223000,0,0,PASSED,pass,0,0,0,NONE,0,CLEAN,
NVMe_Sequential_Read,Gen5_32GTs,4,4096,512,Dynamic,1,PS1_Balanced,1247.6,44.5,21358717,RUN-NVME-000930,50.38,6063.99,5038000,0,0,PASSED,pass,0,0,0,NONE,0,CLEAN,
NVMe_Deallocate_Trim,Gen4_16GTs,4,256,4096,Static,1,PS0_MaxPerformance,1257.9,50.6,77542752,RUN-NVME-000931,158.17,6740.78,15816999,0,0,PASSED,pass,0,0,0,NONE,0,CLEAN,
NVMe_Random_4K_Write,Gen4_16GTs,2,64,4096,Dynamic,1,PS3_ThermalThrottle,1055.0,82.4,62888907,RUN-NVME-000932,162.37,4008.95,16237000,0,0,PASSED,pass,0,0,0,NONE,0,CLEAN,
NVMe_Sequential_Read,Gen4_16GTs,4,16,4096,Static,1,PS0_MaxPerformance,1220.4,81.0,69419570,RUN-NVME-000933,597.15,3716.46,59715000,0,0,PASSED,pass,0,0,0,NONE,0,CLEAN,
PCIe_Link_Retrain_Stress,Gen5_32GTs,1,256,4096,Dynamic,1,PS0_MaxPerformance,1158.1,103.4,77446306,RUN-NVME-000934,70.14,5524.46,7014000,0,0,PASSED,pass,0,0,0,NONE,0,CLEAN,
PCIe_Link_Retrain_Stress,Gen4_16GTs,4,1024,4096,Static,1,PS0_MaxPerformance,1281.4,92.2,56273688,RUN-NVME-000935,55.79,5064.75,5579000,0,0,PASSED,pass,0,0,0,NONE,0,CLEAN,
NVMe_Sequential_Read,Gen4_16GTs,1,256,512,Static,0,PS0_MaxPerformance,1219.3,66.3,30541586,RUN-NVME-000936,588.02,1578.72,58802000,0,0,PASSED,pass,0,0,0,NONE,0,CLEAN,
NVMe_FDP_Placement_Test,Gen4_16GTs,1,1024,4096,Aggressive,0,PS3_ThermalThrottle,1114.6,84.3,43388213,RUN-NVME-000937,404.03,6549.64,40403000,0,0,PASSED,pass,0,0,0,NONE,0,CLEAN,
NVMe_Random_4K_Write,Gen5_32GTs,2,4096,512,Disabled,0,PS1_Balanced,1183.0,65.8,13004829,RUN-NVME-000938,445.49,7186.04,44549000,1,1,FAILED,fail,1,1,0,NVME_COMMAND_TIMEOUT,2,NVMe Submission Queue <N> starved host memory buffer (HMB=<N>) at address <ADDR> || Test sequence terminated,NVMe Submission Queue 4096 starved host memory buffer (HMB=0) at address 0x00c6701d Test sequence terminated
NVMe_Thermal_Throttle_Stress,Gen3_8GTs,4,64,4096,Dynamic,0,PS0_MaxPerformance,1153.5,47.5,77450041,RUN-NVME-000939,169.66,2857.81,16966000,0,0,PASSED,pass,0,0,0,NONE,0,CLEAN,
NVMe_FDP_Placement_Test,Gen5_32GTs,4,16,4096,Dynamic,1,PS0_MaxPerformance,1154.3,56.3,93176574,RUN-NVME-000940,586.62,1883.7,58662000,0,0,PASSED,pass,0,0,0,NONE,0,CLEAN,
NVMe_Sequential_Read,Gen4_16GTs,1,1024,4096,Static,1,PS3_ThermalThrottle,1180.2,66.6,73586942,RUN-NVME-000941,251.04,2193.84,25104000,0,0,PASSED,pass,0,0,0,NONE,0,CLEAN,
NVMe_Thermal_Throttle_Stress,Gen3_8GTs,4,256,512,Aggressive,1,PS0_MaxPerformance,1208.4,96.0,19163216,RUN-NVME-000942,380.91,3527.82,38091000,0,0,PASSED,pass,0,0,0,NONE,0,CLEAN,
PCIe_Link_Retrain_Stress,Gen5_32GTs,1,256,4096,Static,1,PS1_Balanced,1141.3,97.8,28874394,RUN-NVME-000943,298.87,6259.6,29887000,0,0,PASSED,pass,0,0,0,NONE,0,CLEAN,
NVMe_Flush_Cache,Gen5_32GTs,2,64,4096,Aggressive,1,PS2_LowPower,1227.0,49.1,61248499,RUN-NVME-000944,327.08,1845.77,32708000,0,0,PASSED,pass,0,0,0,NONE,0,CLEAN,
NVMe_FDP_Placement_Test,Gen3_8GTs,1,4096,4096,Aggressive,1,PS1_Balanced,1211.6,70.9,89867099,RUN-NVME-000945,551.01,5231.46,55101000,0,0,PASSED,pass,0,0,0,NONE,0,CLEAN,
NVMe_Power_State_Transition,Gen4_16GTs,4,256,4096,Dynamic,1,PS0_MaxPerformance,1098.9,103.0,99554371,RUN-NVME-000946,83.13,7153.26,8313000,0,0,PASSED,pass,0,0,0,NONE,0,CLEAN,
NVMe_Random_4K_Write,Gen4_16GTs,4,64,4096,Aggressive,0,PS0_MaxPerformance,1284.5,91.9,31395792,RUN-NVME-000947,102.52,1534.28,10252000,0,0,PASSED,pass,0,0,0,NONE,0,CLEAN,
NVMe_Sequential_Read,Gen4_16GTs,4,64,4096,Static,1,PS2_LowPower,1260.1,54.3,21839018,RUN-NVME-000948,333.0,4724.13,33300000,0,0,PASSED,pass,0,0,0,NONE,0,CLEAN,
NVMe_Sequential_Read,Gen5_32GTs,2,16,4096,Static,1,PS0_MaxPerformance,1121.8,67.6,83937877,RUN-NVME-000949,115.09,4511.75,11509000,0,0,PASSED,pass,0,0,0,NONE,0,CLEAN,
NVMe_Random_4K_Write,Gen5_32GTs,4,1024,4096,Dynamic,1,PS0_MaxPerformance,1219.3,65.7,32967192,RUN-NVME-000950,103.63,5710.38,10363000,0,0,PASSED,pass,0,0,0,NONE,0,CLEAN,
NVMe_Thermal_Throttle_Stress,Gen5_32GTs,4,4096,4096,Static,1,PS0_MaxPerformance,1055.1,69.3,66364018,RUN-NVME-000951,158.44,7153.59,15844000,0,0,PASSED,pass,0,0,0,NONE,0,CLEAN,
NVMe_Deallocate_Trim,Gen5_32GTs,4,64,4096,Static,1,PS2_LowPower,1181.0,72.9,98397104,RUN-NVME-000952,173.01,4052.5,17301000,0,0,PASSED,pass,0,0,0,NONE,0,CLEAN,
NVMe_Power_State_Transition,Gen3_8GTs,4,256,512,Dynamic,1,PS0_MaxPerformance,1112.9,82.1,35870723,RUN-NVME-000953,587.55,5438.19,58754999,0,0,PASSED,pass,0,0,0,NONE,0,CLEAN,
NVMe_Random_4K_Write,Gen3_8GTs,4,16,4096,Static,1,PS0_MaxPerformance,1052.3,47.7,49931210,RUN-NVME-000954,137.4,4282.32,13740000,0,0,PASSED,pass,0,0,0,NONE,0,CLEAN,
NVMe_Deallocate_Trim,Gen3_8GTs,4,256,512,Dynamic,0,PS0_MaxPerformance,1234.8,53.9,70332873,RUN-NVME-000955,325.74,5291.67,32574000,0,0,PASSED,pass,0,0,0,NONE,0,CLEAN,
NVMe_Flush_Cache,Gen4_16GTs,4,1024,512,Dynamic,1,PS0_MaxPerformance,1160.6,78.5,40437686,RUN-NVME-000956,274.21,3268.03,27420999,0,0,PASSED,pass,0,0,0,NONE,0,CLEAN,
NVMe_Thermal_Throttle_Stress,Gen4_16GTs,4,1024,4096,Static,1,PS0_MaxPerformance,1153.2,87.3,27051637,RUN-NVME-000957,409.05,5820.6,40905000,0,0,PASSED,pass,0,0,0,NONE,0,CLEAN,
NVMe_Sequential_Read,Gen5_32GTs,1,1024,4096,Disabled,0,PS1_Balanced,1157.0,54.8,62782750,RUN-NVME-000958,419.92,2038.76,41992000,0,0,PASSED,pass,0,0,0,NONE,0,CLEAN,
NVMe_Deallocate_Trim,Gen4_16GTs,1,256,4096,Aggressive,1,PS0_MaxPerformance,1288.3,94.9,48766488,RUN-NVME-000959,263.97,5690.18,26397000,0,0,PASSED,pass,0,0,0,NONE,0,CLEAN,
NVMe_Sequential_Read,Gen4_16GTs,2,256,4096,Aggressive,1,PS0_MaxPerformance,1264.6,53.2,88375534,RUN-NVME-000960,267.44,3518.21,26744000,0,0,PASSED,pass,0,0,0,NONE,0,CLEAN,
NVMe_Sequential_Read,Gen5_32GTs,1,64,512,Aggressive,1,PS0_MaxPerformance,1282.1,74.3,65257645,RUN-NVME-000961,310.23,3300.77,31023000,0,0,PASSED,pass,0,0,0,NONE,0,CLEAN,
NVMe_FDP_Placement_Test,Gen4_16GTs,2,4096,4096,Disabled,1,PS0_MaxPerformance,1255.9,60.7,26749630,RUN-NVME-000962,363.67,2246.56,36367000,0,0,PASSED,pass,0,0,0,NONE,0,CLEAN,
NVMe_Flush_Cache,Gen4_16GTs,4,256,512,Aggressive,1,PS0_MaxPerformance,1244.2,76.9,82019380,RUN-NVME-000963,307.2,3466.34,30720000,0,0,PASSED,pass,0,0,0,NONE,0,CLEAN,
NVMe_Random_4K_Write,Gen5_32GTs,4,256,4096,Dynamic,1,PS0_MaxPerformance,1102.1,79.6,68945698,RUN-NVME-000964,103.15,4855.05,10315000,0,0,PASSED,pass,0,0,0,NONE,0,CLEAN,
NVMe_Flush_Cache,Gen4_16GTs,4,1024,4096,Aggressive,1,PS2_LowPower,1085.0,56.1,60305165,RUN-NVME-000965,378.54,3429.72,37854000,0,0,PASSED,pass,0,0,0,NONE,0,CLEAN,
NVMe_Deallocate_Trim,Gen5_32GTs,4,64,512,Static,1,PS1_Balanced,1275.7,102.2,10463647,RUN-NVME-000966,343.03,6924.86,34303000,0,0,PASSED,pass,0,0,0,NONE,0,CLEAN,
NVMe_Power_State_Transition,Gen4_16GTs,2,256,4096,Aggressive,0,PS0_MaxPerformance,1141.0,102.0,31121946,RUN-NVME-000967,441.69,2592.49,44169000,1,1,FAILED,fail,1,1,0,NAND_RETENTION_CORRUPTION,2,NAND die junction temperature 102.0C caused block erase retention failure || Test sequence terminated,NAND die junction temperature 102.0C caused block erase retention failure Test sequence terminated
NVMe_Power_State_Transition,Gen5_32GTs,2,256,4096,Static,1,PS0_MaxPerformance,1068.5,96.9,14550475,RUN-NVME-000968,124.77,3963.95,12477000,0,0,PASSED,pass,0,0,0,NONE,0,CLEAN,
PCIe_Link_Retrain_Stress,Gen5_32GTs,4,1024,4096,Static,1,PS3_ThermalThrottle,1158.0,70.4,60727706,RUN-NVME-000969,510.62,4231.69,51062000,1,1,FAILED,fail,1,1,0,PCIE_AER_PROTOCOL_ERROR,2,PCIe Advanced Error Reporting: Link retrain framing error during power transition || Test sequence terminated,PCIe Advanced Error Reporting: Link retrain framing error during power transition Test sequence terminated
NVMe_Deallocate_Trim,Gen4_16GTs,1,1024,4096,Static,0,PS0_MaxPerformance,1111.3,82.8,94041748,RUN-NVME-000970,100.93,6183.2,10093000,0,0,PASSED,pass,0,0,0,NONE,0,CLEAN,
NVMe_FDP_Placement_Test,Gen4_16GTs,2,64,512,Aggressive,1,PS1_Balanced,1097.0,51.4,86762759,RUN-NVME-000971,111.03,5334.18,11103000,0,0,PASSED,pass,0,0,0,NONE,0,CLEAN,
PCIe_Link_Retrain_Stress,Gen4_16GTs,4,256,512,Static,0,PS2_LowPower,1110.8,84.4,37803787,RUN-NVME-000972,170.83,4347.14,17083000,0,0,PASSED,pass,0,0,0,NONE,0,CLEAN,
PCIe_Link_Retrain_Stress,Gen3_8GTs,4,1024,4096,Static,1,PS0_MaxPerformance,1096.1,63.2,99037146,RUN-NVME-000973,146.08,6676.97,14608000,0,0,PASSED,pass,0,0,0,NONE,0,CLEAN,
PCIe_Link_Retrain_Stress,Gen3_8GTs,4,256,4096,Static,0,PS1_Balanced,1121.8,100.5,52079717,RUN-NVME-000974,96.15,1653.06,9615000,0,0,PASSED,pass,0,0,0,NONE,0,CLEAN,
PCIe_Link_Retrain_Stress,Gen3_8GTs,2,64,512,Dynamic,1,PS0_MaxPerformance,1177.3,96.6,49453559,RUN-NVME-000975,550.22,2888.82,55022000,0,0,PASSED,pass,0,0,0,NONE,0,CLEAN,
NVMe_Flush_Cache,Gen4_16GTs,2,64,4096,Static,1,PS2_LowPower,1202.6,57.3,84406861,RUN-NVME-000976,446.1,5553.24,44610000,0,0,PASSED,pass,0,0,0,NONE,0,CLEAN,
NVMe_Power_State_Transition,Gen4_16GTs,2,64,512,Aggressive,0,PS1_Balanced,1162.9,73.5,97032430,RUN-NVME-000977,258.48,1811.36,25848000,0,0,PASSED,pass,0,0,0,NONE,0,CLEAN,
NVMe_FDP_Placement_Test,Gen4_16GTs,1,256,4096,Static,1,PS0_MaxPerformance,1211.6,43.7,33298464,RUN-NVME-000978,377.95,5182.58,37795000,0,0,PASSED,pass,0,0,0,NONE,0,CLEAN,
NVMe_Random_4K_Write,Gen5_32GTs,1,256,4096,Dynamic,1,PS1_Balanced,1196.9,56.5,54773797,RUN-NVME-000979,330.78,4112.55,33077999,0,0,PASSED,pass,0,0,0,NONE,0,CLEAN,
NVMe_Deallocate_Trim,Gen4_16GTs,4,256,512,Dynamic,0,PS0_MaxPerformance,1237.2,89.6,50049654,RUN-NVME-000980,478.62,1860.08,47862000,0,0,PASSED,pass,0,0,0,NONE,0,CLEAN,
PCIe_Link_Retrain_Stress,Gen4_16GTs,4,1024,4096,Dynamic,0,PS0_MaxPerformance,1229.0,55.8,71697405,RUN-NVME-000981,551.18,4376.2,55117999,0,0,PASSED,pass,0,0,0,NONE,0,CLEAN,
NVMe_Random_4K_Write,Gen5_32GTs,1,64,4096,Static,1,PS2_LowPower,1074.2,56.3,59043963,RUN-NVME-000982,508.01,3540.53,50801000,0,0,PASSED,pass,0,0,0,NONE,0,CLEAN,
NVMe_Sequential_Read,Gen5_32GTs,4,16,512,Static,1,PS1_Balanced,1211.1,86.8,53708225,RUN-NVME-000983,365.34,5948.69,36534000,0,0,PASSED,pass,0,0,0,NONE,0,CLEAN,
NVMe_Power_State_Transition,Gen5_32GTs,4,1024,4096,Dynamic,1,PS1_Balanced,1063.8,101.6,89448846,RUN-NVME-000984,351.81,2726.38,35181000,0,0,PASSED,pass,0,0,0,NONE,0,CLEAN,
NVMe_Thermal_Throttle_Stress,Gen4_16GTs,1,4096,4096,Static,0,PS0_MaxPerformance,1140.8,49.2,66250514,RUN-NVME-000985,413.9,2958.17,41390000,0,0,PASSED,pass,0,0,0,NONE,0,CLEAN,
PCIe_Link_Retrain_Stress,Gen4_16GTs,4,1024,4096,Aggressive,1,PS2_LowPower,1122.9,39.7,51162739,RUN-NVME-000986,595.22,1742.66,59522000,0,0,PASSED,pass,0,0,0,NONE,0,CLEAN,
NVMe_Deallocate_Trim,Gen5_32GTs,4,16,4096,Static,1,PS2_LowPower,1120.1,71.8,95372824,RUN-NVME-000987,324.28,2179.33,32427999,0,0,PASSED,pass,0,0,0,NONE,0,CLEAN,
NVMe_Sequential_Read,Gen5_32GTs,4,4096,4096,Dynamic,1,PS0_MaxPerformance,1292.4,32.9,23629749,RUN-NVME-000988,482.72,7048.17,48272000,0,0,PASSED,pass,0,0,0,NONE,0,CLEAN,
NVMe_Deallocate_Trim,Gen4_16GTs,1,256,4096,Dynamic,1,PS0_MaxPerformance,1162.4,70.8,20616452,RUN-NVME-000989,593.21,7113.84,59321000,0,0,PASSED,pass,0,0,0,NONE,0,CLEAN,
PCIe_Link_Retrain_Stress,Gen4_16GTs,1,256,4096,Static,1,PS0_MaxPerformance,1121.1,91.4,94853257,RUN-NVME-000990,110.93,1688.82,11093000,0,0,PASSED,pass,0,0,0,NONE,0,CLEAN,
NVMe_FDP_Placement_Test,Gen3_8GTs,4,256,4096,Dynamic,0,PS0_MaxPerformance,1082.0,53.4,15647021,RUN-NVME-000991,278.92,4264.59,27892000,0,0,PASSED,pass,0,0,0,NONE,0,CLEAN,
NVMe_Deallocate_Trim,Gen5_32GTs,4,256,4096,Static,1,PS2_LowPower,1107.5,30.4,85835722,RUN-NVME-000992,435.03,6984.39,43503000,0,0,PASSED,pass,0,0,0,NONE,0,CLEAN,
NVMe_Random_4K_Write,Gen5_32GTs,4,16,512,Static,1,PS0_MaxPerformance,1229.2,74.6,14578971,RUN-NVME-000993,158.06,6784.76,15806000,0,0,PASSED,pass,0,0,0,NONE,0,CLEAN,
NVMe_Sequential_Read,Gen5_32GTs,2,1024,4096,Static,1,PS2_LowPower,1142.9,45.7,78696668,RUN-NVME-000994,338.74,5069.14,33874000,0,0,PASSED,pass,0,0,0,NONE,0,CLEAN,
NVMe_Flush_Cache,Gen3_8GTs,4,64,512,Dynamic,1,PS1_Balanced,1127.8,54.0,17810307,RUN-NVME-000995,445.01,5744.15,44501000,0,0,PASSED,pass,0,0,0,NONE,0,CLEAN,
NVMe_Thermal_Throttle_Stress,Gen3_8GTs,4,64,4096,Dynamic,1,PS0_MaxPerformance,1070.2,95.6,21908146,RUN-NVME-000996,302.28,1926.01,30227999,0,0,PASSED,pass,0,0,0,NONE,0,CLEAN,
NVMe_Flush_Cache,Gen5_32GTs,4,1024,4096,Static,1,PS0_MaxPerformance,1272.9,42.4,79313416,RUN-NVME-000997,169.54,2175.17,16954000,0,0,PASSED,pass,0,0,0,NONE,0,CLEAN,
NVMe_Deallocate_Trim,Gen5_32GTs,2,256,4096,Dynamic,1,PS1_Balanced,1162.0,100.3,85286405,RUN-NVME-000998,376.68,6847.83,37668000,0,0,PASSED,pass,0,0,0,NONE,0,CLEAN,
NVMe_Flush_Cache,Gen4_16GTs,4,256,4096,Static,1,PS0_MaxPerformance,1059.4,33.2,59787198,RUN-NVME-000999,205.81,6973.86,20581000,0,0,PASSED,pass,0,0,0,NONE,0,CLEAN,
NVMe_Thermal_Throttle_Stress,Gen5_32GTs,4,1024,4096,Aggressive,1,PS3_ThermalThrottle,1224.7,49.3,26049687,RUN-NVME-001000,74.75,3946.8,7475000,0,0,PASSED,pass,0,0,0,NONE,0,CLEAN,
