runId,test_id,testcase,bus_protocol,arbitration_scheme,psel_count,wait_state_cfg,retry_limit,parity_mode,baud_rate,fifo_depth,dma_enable,irq_mode,clk_mhz,apb_data_width,addr_width_bits,timeout_us,num_agents,agent_mode,env_mode,test_mode_enabled,reset_cycles,coverage_enable,assertion_enable,uvm_verbosity,debug_mode,error_injection_enable,error_injection_rate,compile_options,sim_options,vendor_ip_rev,lint_waivers,num_transactions,clock_period_ns,test_class,sequence_name,protocol
RUN-000001,backpressure_test-000001,Backpressure,APB3,static,16,0,1,even,230400,8,0,edge,25,16,32,250,1,ACTIVE,stress,0,16,0,1,UVM_HIGH,0,0,0.0,-O0 -sv -debug,+UVM_TESTNAME=auto,r2p0,11,96,40.0,backpressure_test,backpressure_seq,APB3+UART
RUN-000002,uart_loopback_test-000002,Uart_Loopback,APB4,static,16,1,0,even,460800,32,1,level,25,16,16,500,1,ACTIVE,functional,1,4,1,1,UVM_LOW,0,0,0.0,-O2 -sv,+UVM_TESTNAME=auto -cm line+tgl,r2p0,11,384,40.0,uart_loopback_test,uart_loopback_seq,APB4+UART
RUN-000003,uart_loopback_test-000003,Uart_Loopback,APB3,priority,16,0,0,even,230400,32,1,edge,50,16,32,250,1,PASSIVE,stress,0,8,1,1,UVM_LOW,1,1,0.0395,-O0 -sv -debug,+UVM_TESTNAME=auto,r2p0,10,384,20.0,uart_loopback_test,uart_loopback_seq,APB3+UART
RUN-000004,reset_recovery_test-000004,Reset_Recovery,APB3,round_robin,4,1,4,even,460800,32,0,edge,100,16,32,250,2,ACTIVE,functional,0,8,0,0,UVM_HIGH,0,0,0.0,-O0 -sv -debug,+UVM_TESTNAME=auto,r1p0,10,384,10.0,reset_recovery_test,reset_recovery_seq,APB3+UART
RUN-000005,parity_stress_test-000005,Parity_Stress,APB4,priority,2,7,0,odd,1500000,8,0,level,200,32,16,250,2,ACTIVE,functional,0,4,0,1,UVM_MEDIUM,1,0,0.0,-O0 -sv -debug,+UVM_TESTNAME=auto,r1p2,3,96,5.0,parity_stress_test,parity_stress_seq,APB4+UART
RUN-000006,reg_sweep_test-000006,Reg_Sweep,APB3,static,2,3,1,none,921600,4,1,edge,50,32,32,250,2,ACTIVE,functional,1,4,0,1,UVM_HIGH,0,0,0.0,-O2 -sv,+UVM_TESTNAME=auto -cm line+tgl,r2p0,6,48,20.0,reg_sweep_test,reg_sweep_seq,APB3+UART
RUN-000007,reg_sweep_test-000007,Reg_Sweep,APB4,round_robin,2,7,0,none,921600,32,0,level,100,16,32,50,2,ACTIVE,stress,0,16,0,1,UVM_HIGH,1,0,0.0,-O2 -sv,+UVM_TESTNAME=auto,r1p2,7,384,10.0,reg_sweep_test,reg_sweep_seq,APB4+UART
RUN-000008,reg_sweep_test-000008,Reg_Sweep,APB3,priority,4,2,4,none,460800,4,1,level,50,32,32,250,3,ACTIVE,functional,0,16,0,1,UVM_LOW,1,0,0.0,-O2 -sv -assert svaext,+UVM_TESTNAME=auto,r1p0,0,48,20.0,reg_sweep_test,reg_sweep_seq,APB3+UART
RUN-000009,uart_loopback_test-000009,Uart_Loopback,APB4,round_robin,2,6,0,none,460800,16,1,edge,100,32,32,250,3,ACTIVE,regression,0,16,1,1,UVM_MEDIUM,0,0,0.0,-O2 -sv,+UVM_TESTNAME=auto,r1p0,0,192,10.0,uart_loopback_test,uart_loopback_seq,APB4+UART
RUN-000010,reg_sweep_test-000010,Reg_Sweep,APB3,priority,8,1,1,even,921600,16,0,level,25,32,32,100,1,ACTIVE,stress,0,8,0,0,UVM_MEDIUM,0,1,0.0294,-O0 -sv -debug,+UVM_TESTNAME=auto,r2p0,7,192,40.0,reg_sweep_test,reg_sweep_seq,APB3+UART
RUN-000011,irq_storm_test-000011,Irq_Storm,APB4,priority,8,7,0,even,921600,8,1,edge,50,32,32,100,1,ACTIVE,regression,0,4,1,1,UVM_HIGH,0,0,0.0,-O2 -sv,+UVM_TESTNAME=auto -cm line+tgl,r1p2,10,96,20.0,irq_storm_test,irq_storm_seq,APB4+UART
RUN-000012,irq_storm_test-000012,Irq_Storm,APB4,static,16,4,1,none,115200,32,1,edge,200,8,32,250,1,ACTIVE,stress,1,4,1,0,UVM_MEDIUM,0,0,0.0,-O2 -sv -assert svaext,+UVM_TESTNAME=auto -cm line+tgl,r2p0,3,384,5.0,irq_storm_test,irq_storm_seq,APB4+UART
RUN-000013,reg_sweep_test-000013,Reg_Sweep,APB4,static,8,2,1,even,460800,4,1,level,25,16,32,100,2,ACTIVE,stress,0,16,1,1,UVM_MEDIUM,0,0,0.0,-O2 -sv,+UVM_TESTNAME=auto,r1p2,0,48,40.0,reg_sweep_test,reg_sweep_seq,APB4+UART
RUN-000014,irq_storm_test-000014,Irq_Storm,APB4,round_robin,2,4,2,odd,921600,16,0,edge,50,8,32,500,1,ACTIVE,stress,0,4,1,1,UVM_MEDIUM,1,0,0.0,-O2 -sv,+UVM_TESTNAME=auto -cm line+tgl,r1p2,1,192,20.0,irq_storm_test,irq_storm_seq,APB4+UART
RUN-000015,reg_sweep_test-000015,Reg_Sweep,APB3,static,4,1,0,odd,115200,8,1,edge,25,32,32,50,1,ACTIVE,functional,0,8,0,1,UVM_MEDIUM,0,1,0.0079,-O2 -sv -assert svaext,+UVM_TESTNAME=auto,r1p0,1,96,40.0,reg_sweep_test,reg_sweep_seq,APB3+UART
RUN-000016,dma_burst_test-000016,Dma_Burst,APB4,priority,2,4,2,even,230400,64,1,level,50,32,16,50,1,ACTIVE,regression,0,4,1,1,UVM_MEDIUM,1,1,0.0224,-O2 -sv -assert svaext,+UVM_TESTNAME=auto,r1p2,3,768,20.0,dma_burst_test,dma_burst_seq,APB4+UART
RUN-000017,parity_stress_test-000017,Parity_Stress,APB3,round_robin,8,7,2,none,230400,16,0,edge,200,32,32,50,2,ACTIVE,functional,0,8,0,1,UVM_HIGH,1,0,0.0,-O2 -sv -assert svaext,+UVM_TESTNAME=auto -cm line+tgl,r1p0,1,192,5.0,parity_stress_test,parity_stress_seq,APB3+UART
RUN-000018,reset_recovery_test-000018,Reset_Recovery,APB4,static,2,4,4,none,115200,32,1,edge,100,8,32,250,2,ACTIVE,stress,0,16,0,1,UVM_HIGH,0,0,0.0,-O2 -sv,+UVM_TESTNAME=auto,r2p0,10,384,10.0,reset_recovery_test,reset_recovery_seq,APB4+UART
RUN-000019,irq_storm_test-000019,Irq_Storm,APB3,priority,4,4,4,even,230400,32,1,level,100,16,32,500,1,PASSIVE,functional,1,8,1,1,UVM_MEDIUM,0,0,0.0,-O2 -sv,+UVM_TESTNAME=auto,r1p0,4,384,10.0,irq_storm_test,irq_storm_seq,APB3+UART
RUN-000020,uart_loopback_test-000020,Uart_Loopback,APB4,priority,4,4,2,odd,1500000,8,0,edge,100,16,16,250,3,ACTIVE,stress,0,4,1,1,UVM_MEDIUM,0,1,0.0397,-O2 -sv,+UVM_TESTNAME=auto,r1p2,7,96,10.0,uart_loopback_test,uart_loopback_seq,APB4+UART
RUN-000021,uart_loopback_test-000021,Uart_Loopback,APB3,round_robin,16,3,2,none,921600,8,1,level,100,16,16,500,3,ACTIVE,regression,0,4,0,1,UVM_MEDIUM,0,1,0.0263,-O2 -sv,+UVM_TESTNAME=auto,r1p0,1,96,10.0,uart_loopback_test,uart_loopback_seq,APB3+UART
RUN-000022,dma_burst_test-000022,Dma_Burst,APB3,priority,4,7,2,none,921600,8,1,level,200,8,32,50,1,ACTIVE,functional,1,8,0,1,UVM_MEDIUM,1,1,0.0378,-O2 -sv,+UVM_TESTNAME=auto,r1p2,4,96,5.0,dma_burst_test,dma_burst_seq,APB3+UART
RUN-000023,uart_loopback_test-000023,Uart_Loopback,APB4,round_robin,16,7,2,none,115200,4,1,level,100,16,32,100,2,ACTIVE,stress,0,8,0,1,UVM_MEDIUM,0,0,0.0,-O2 -sv -assert svaext,+UVM_TESTNAME=auto,r1p2,8,48,10.0,uart_loopback_test,uart_loopback_seq,APB4+UART
RUN-000024,reset_recovery_test-000024,Reset_Recovery,APB3,priority,16,1,4,even,1500000,32,1,edge,100,8,16,250,3,ACTIVE,regression,0,16,1,1,UVM_LOW,1,0,0.0,-O2 -sv -assert svaext,+UVM_TESTNAME=auto,r1p0,6,384,10.0,reset_recovery_test,reset_recovery_seq,APB3+UART
RUN-000025,uart_loopback_test-000025,Uart_Loopback,APB3,priority,16,3,1,none,460800,8,0,level,100,16,16,100,1,ACTIVE,functional,0,4,1,1,UVM_LOW,0,1,0.021,-O2 -sv -assert svaext,+UVM_TESTNAME=auto,r1p0,5,96,10.0,uart_loopback_test,uart_loopback_seq,APB3+UART
RUN-000026,uart_loopback_test-000026,Uart_Loopback,APB3,priority,8,6,0,none,460800,16,0,edge,100,8,32,250,3,PASSIVE,stress,0,4,1,1,UVM_LOW,0,1,0.0201,-O0 -sv -debug,+UVM_TESTNAME=auto -cm line+tgl,r1p2,4,192,10.0,uart_loopback_test,uart_loopback_seq,APB3+UART
RUN-000027,reset_recovery_test-000027,Reset_Recovery,APB4,static,2,3,4,odd,460800,32,1,level,100,32,16,500,1,ACTIVE,functional,0,8,1,1,UVM_HIGH,0,0,0.0,-O2 -sv,+UVM_TESTNAME=auto -cm line+tgl,r2p0,1,384,10.0,reset_recovery_test,reset_recovery_seq,APB4+UART
RUN-000028,uart_loopback_test-000028,Uart_Loopback,APB4,static,8,5,0,odd,115200,16,0,level,100,32,16,100,1,ACTIVE,regression,1,4,0,1,UVM_LOW,0,0,0.0,-O0 -sv -debug,+UVM_TESTNAME=auto,r1p0,9,192,10.0,uart_loopback_test,uart_loopback_seq,APB4+UART
RUN-000029,uart_loopback_test-000029,Uart_Loopback,APB4,priority,2,4,1,even,921600,8,1,edge,50,16,16,250,2,ACTIVE,functional,1,8,1,1,UVM_LOW,0,1,0.0277,-O2 -sv,+UVM_TESTNAME=auto,r1p0,10,96,20.0,uart_loopback_test,uart_loopback_seq,APB4+UART
RUN-000030,reg_sweep_test-000030,Reg_Sweep,APB4,priority,2,0,0,even,115200,16,1,edge,25,8,32,500,2,ACTIVE,regression,0,4,0,1,UVM_MEDIUM,0,0,0.0,-O2 -sv,+UVM_TESTNAME=auto -cm line+tgl,r2p0,8,192,40.0,reg_sweep_test,reg_sweep_seq,APB4+UART
RUN-000031,dma_burst_test-000031,Dma_Burst,APB3,round_robin,2,1,1,even,921600,16,0,edge,25,32,16,50,1,ACTIVE,stress,0,16,1,1,UVM_MEDIUM,0,1,0.0286,-O0 -sv -debug,+UVM_TESTNAME=auto -cm line+tgl,r1p2,6,192,40.0,dma_burst_test,dma_burst_seq,APB3+UART
RUN-000032,uart_loopback_test-000032,Uart_Loopback,APB4,priority,4,6,0,none,115200,8,1,level,25,8,32,250,1,ACTIVE,functional,1,4,0,1,UVM_MEDIUM,0,0,0.0,-O2 -sv -assert svaext,+UVM_TESTNAME=auto,r1p0,1,96,40.0,uart_loopback_test,uart_loopback_seq,APB4+UART
RUN-000033,reset_recovery_test-000033,Reset_Recovery,APB3,round_robin,2,5,4,even,230400,4,1,edge,50,8,16,100,1,PASSIVE,functional,0,4,1,0,UVM_LOW,0,1,0.0252,-O2 -sv,+UVM_TESTNAME=auto,r1p0,0,48,20.0,reset_recovery_test,reset_recovery_seq,APB3+UART
RUN-000034,uart_loopback_test-000034,Uart_Loopback,APB4,priority,4,1,0,odd,230400,64,0,edge,25,32,32,250,3,PASSIVE,functional,0,4,0,1,UVM_MEDIUM,0,1,0.0137,-O2 -sv,+UVM_TESTNAME=auto,r1p2,10,768,40.0,uart_loopback_test,uart_loopback_seq,APB4+UART
RUN-000035,backpressure_test-000035,Backpressure,APB4,static,8,0,1,none,921600,64,1,level,50,16,32,250,2,ACTIVE,functional,0,4,1,0,UVM_LOW,0,1,0.024,-O0 -sv -debug,+UVM_TESTNAME=auto,r2p0,0,768,20.0,backpressure_test,backpressure_seq,APB4+UART
RUN-000036,dma_burst_test-000036,Dma_Burst,APB3,static,4,1,2,none,921600,16,0,level,100,16,32,500,1,PASSIVE,functional,0,4,1,1,UVM_LOW,0,1,0.0368,-O0 -sv -debug,+UVM_TESTNAME=auto -cm line+tgl,r2p0,2,192,10.0,dma_burst_test,dma_burst_seq,APB3+UART
RUN-000037,dma_burst_test-000037,Dma_Burst,APB3,round_robin,8,5,4,even,115200,16,0,edge,200,16,16,250,3,ACTIVE,functional,0,8,1,1,UVM_MEDIUM,0,0,0.0,-O2 -sv -assert svaext,+UVM_TESTNAME=auto,r1p2,8,192,5.0,dma_burst_test,dma_burst_seq,APB3+UART
RUN-000038,parity_stress_test-000038,Parity_Stress,APB3,round_robin,4,2,0,none,1500000,32,0,edge,50,32,32,50,2,ACTIVE,regression,0,4,1,1,UVM_LOW,0,0,0.0,-O0 -sv -debug,+UVM_TESTNAME=auto -cm line+tgl,r1p0,8,384,20.0,parity_stress_test,parity_stress_seq,APB3+UART
RUN-000039,reset_recovery_test-000039,Reset_Recovery,APB3,round_robin,4,2,0,none,115200,16,0,edge,25,32,16,100,3,ACTIVE,functional,0,16,0,1,UVM_LOW,0,0,0.0,-O2 -sv,+UVM_TESTNAME=auto -cm line+tgl,r2p0,11,192,40.0,reset_recovery_test,reset_recovery_seq,APB3+UART
RUN-000040,reg_sweep_test-000040,Reg_Sweep,APB3,static,16,4,0,even,230400,8,0,level,100,32,32,250,3,ACTIVE,stress,0,8,1,1,UVM_MEDIUM,0,0,0.0,-O2 -sv,+UVM_TESTNAME=auto -cm line+tgl,r1p2,5,96,10.0,reg_sweep_test,reg_sweep_seq,APB3+UART
RUN-000041,uart_loopback_test-000041,Uart_Loopback,APB4,priority,8,7,0,none,230400,4,1,edge,50,16,16,500,1,ACTIVE,regression,0,4,0,0,UVM_MEDIUM,0,1,0.0325,-O2 -sv,+UVM_TESTNAME=auto,r1p2,5,48,20.0,uart_loopback_test,uart_loopback_seq,APB4+UART
RUN-000042,reg_sweep_test-000042,Reg_Sweep,APB3,priority,2,3,2,odd,921600,64,1,level,100,16,32,100,2,ACTIVE,stress,1,8,1,1,UVM_LOW,0,0,0.0,-O2 -sv -assert svaext,+UVM_TESTNAME=auto,r1p2,4,768,10.0,reg_sweep_test,reg_sweep_seq,APB3+UART
RUN-000043,parity_stress_test-000043,Parity_Stress,APB4,static,4,4,0,even,230400,64,0,edge,200,32,16,250,3,ACTIVE,stress,1,4,0,1,UVM_LOW,0,1,0.0133,-O2 -sv,+UVM_TESTNAME=auto -cm line+tgl,r2p0,11,768,5.0,parity_stress_test,parity_stress_seq,APB4+UART
RUN-000044,irq_storm_test-000044,Irq_Storm,APB3,priority,16,2,4,none,921600,16,1,edge,50,16,32,500,1,ACTIVE,stress,0,8,1,1,UVM_MEDIUM,0,0,0.0,-O2 -sv -assert svaext,+UVM_TESTNAME=auto,r1p0,11,192,20.0,irq_storm_test,irq_storm_seq,APB3+UART
RUN-000045,dma_burst_test-000045,Dma_Burst,APB4,priority,2,6,1,none,230400,4,1,level,200,8,32,50,1,ACTIVE,functional,1,8,1,1,UVM_MEDIUM,1,1,0.0062,-O2 -sv,+UVM_TESTNAME=auto,r1p2,2,48,5.0,dma_burst_test,dma_burst_seq,APB4+UART
RUN-000046,reset_recovery_test-000046,Reset_Recovery,APB4,round_robin,8,1,1,none,921600,16,0,edge,25,32,16,250,2,PASSIVE,stress,0,8,1,1,UVM_MEDIUM,0,0,0.0,-O2 -sv,+UVM_TESTNAME=auto -cm line+tgl,r1p0,6,192,40.0,reset_recovery_test,reset_recovery_seq,APB4+UART
RUN-000047,uart_loopback_test-000047,Uart_Loopback,APB4,priority,4,2,2,none,460800,16,0,edge,100,32,32,100,1,ACTIVE,functional,0,8,1,1,UVM_HIGH,0,0,0.0,-O2 -sv,+UVM_TESTNAME=auto,r1p0,3,192,10.0,uart_loopback_test,uart_loopback_seq,APB4+UART
RUN-000048,backpressure_test-000048,Backpressure,APB4,static,8,0,0,even,230400,16,0,level,50,32,32,250,1,ACTIVE,functional,0,16,1,1,UVM_MEDIUM,0,1,0.0385,-O2 -sv -assert svaext,+UVM_TESTNAME=auto -cm line+tgl,r2p0,0,192,20.0,backpressure_test,backpressure_seq,APB4+UART
RUN-000049,uart_loopback_test-000049,Uart_Loopback,APB4,priority,4,1,2,odd,1500000,8,1,edge,25,32,32,250,1,ACTIVE,functional,1,4,1,1,UVM_HIGH,0,1,0.0134,-O2 -sv,+UVM_TESTNAME=auto -cm line+tgl,r2p0,3,96,40.0,uart_loopback_test,uart_loopback_seq,APB4+UART
RUN-000050,reg_sweep_test-000050,Reg_Sweep,APB4,round_robin,2,0,2,even,230400,16,0,level,50,16,16,250,1,ACTIVE,stress,0,4,1,1,UVM_LOW,0,0,0.0,-O2 -sv -assert svaext,+UVM_TESTNAME=auto,r1p2,8,192,20.0,reg_sweep_test,reg_sweep_seq,APB4+UART
RUN-000051,backpressure_test-000051,Backpressure,APB4,static,4,5,2,none,460800,32,0,level,50,32,32,100,1,ACTIVE,stress,0,8,1,1,UVM_HIGH,0,1,0.0281,-O2 -sv,+UVM_TESTNAME=auto,r2p0,3,384,20.0,backpressure_test,backpressure_seq,APB4+UART
RUN-000052,uart_loopback_test-000052,Uart_Loopback,APB3,round_robin,4,2,0,odd,115200,16,1,level,100,16,32,100,2,ACTIVE,stress,0,16,0,1,UVM_LOW,1,0,0.0,-O2 -sv -assert svaext,+UVM_TESTNAME=auto,r2p0,6,192,10.0,uart_loopback_test,uart_loopback_seq,APB3+UART
RUN-000053,uart_loopback_test-000053,Uart_Loopback,APB3,round_robin,4,0,1,even,230400,32,1,level,100,32,32,250,2,ACTIVE,stress,0,16,1,1,UVM_MEDIUM,0,0,0.0,-O2 -sv,+UVM_TESTNAME=auto,r1p2,11,384,10.0,uart_loopback_test,uart_loopback_seq,APB3+UART
RUN-000054,uart_loopback_test-000054,Uart_Loopback,APB4,priority,2,2,1,none,115200,8,0,level,25,16,32,50,3,ACTIVE,regression,0,8,1,1,UVM_HIGH,0,0,0.0,-O2 -sv -assert svaext,+UVM_TESTNAME=auto,r1p2,8,96,40.0,uart_loopback_test,uart_loopback_seq,APB4+UART
RUN-000055,uart_loopback_test-000055,Uart_Loopback,APB3,round_robin,2,7,1,even,460800,16,1,level,25,8,32,50,2,ACTIVE,functional,1,4,1,1,UVM_MEDIUM,1,1,0.0034,-O2 -sv,+UVM_TESTNAME=auto,r1p2,9,192,40.0,uart_loopback_test,uart_loopback_seq,APB3+UART
RUN-000056,irq_storm_test-000056,Irq_Storm,APB3,static,8,5,0,even,230400,32,1,edge,100,32,32,100,3,ACTIVE,functional,0,4,1,1,UVM_HIGH,0,1,0.0134,-O0 -sv -debug,+UVM_TESTNAME=auto -cm line+tgl,r1p0,0,384,10.0,irq_storm_test,irq_storm_seq,APB3+UART
RUN-000057,uart_loopback_test-000057,Uart_Loopback,APB4,round_robin,4,7,1,odd,921600,4,0,level,50,16,32,500,2,ACTIVE,regression,1,16,1,1,UVM_LOW,0,0,0.0,-O2 -sv -assert svaext,+UVM_TESTNAME=auto,r1p2,5,48,20.0,uart_loopback_test,uart_loopback_seq,APB4+UART
RUN-000058,dma_burst_test-000058,Dma_Burst,APB4,round_robin,2,6,1,odd,230400,16,0,level,100,16,32,100,2,ACTIVE,functional,0,16,0,1,UVM_LOW,0,0,0.0,-O2 -sv,+UVM_TESTNAME=auto -cm line+tgl,r1p2,3,192,10.0,dma_burst_test,dma_burst_seq,APB4+UART
RUN-000059,uart_loopback_test-000059,Uart_Loopback,APB3,round_robin,16,5,2,none,460800,4,0,level,100,8,32,50,2,ACTIVE,regression,0,16,0,1,UVM_LOW,0,1,0.0129,-O0 -sv -debug,+UVM_TESTNAME=auto -cm line+tgl,r1p0,1,48,10.0,uart_loopback_test,uart_loopback_seq,APB3+UART
RUN-000060,dma_burst_test-000060,Dma_Burst,APB4,round_robin,2,0,0,even,230400,8,0,level,50,32,32,100,2,ACTIVE,functional,0,4,1,1,UVM_HIGH,0,0,0.0,-O2 -sv,+UVM_TESTNAME=auto,r1p0,6,96,20.0,dma_burst_test,dma_burst_seq,APB4+UART
RUN-000061,irq_storm_test-000061,Irq_Storm,APB4,priority,4,2,0,even,1500000,32,0,edge,50,8,16,250,1,ACTIVE,functional,0,16,1,1,UVM_MEDIUM,0,0,0.0,-O2 -sv,+UVM_TESTNAME=auto -cm line+tgl,r2p0,7,384,20.0,irq_storm_test,irq_storm_seq,APB4+UART
RUN-000062,dma_burst_test-000062,Dma_Burst,APB3,static,8,3,1,even,921600,16,1,edge,25,32,32,50,1,ACTIVE,stress,1,4,0,0,UVM_MEDIUM,0,1,0.0159,-O2 -sv,+UVM_TESTNAME=auto,r1p2,8,192,40.0,dma_burst_test,dma_burst_seq,APB3+UART
RUN-000063,dma_burst_test-000063,Dma_Burst,APB4,priority,4,6,2,none,460800,8,1,edge,100,16,32,250,1,ACTIVE,regression,0,8,1,1,UVM_MEDIUM,0,0,0.0,-O2 -sv,+UVM_TESTNAME=auto -cm line+tgl,r1p0,6,96,10.0,dma_burst_test,dma_burst_seq,APB4+UART
RUN-000064,parity_stress_test-000064,Parity_Stress,APB3,round_robin,8,3,0,odd,921600,16,0,level,200,16,32,250,3,ACTIVE,stress,0,4,1,1,UVM_LOW,0,0,0.0,-O0 -sv -debug,+UVM_TESTNAME=auto,r2p0,6,192,5.0,parity_stress_test,parity_stress_seq,APB3+UART
RUN-000065,reg_sweep_test-000065,Reg_Sweep,APB4,priority,2,0,4,even,1500000,32,0,level,25,16,32,100,2,ACTIVE,functional,0,16,1,1,UVM_LOW,0,0,0.0,-O2 -sv -assert svaext,+UVM_TESTNAME=auto,r1p0,8,384,40.0,reg_sweep_test,reg_sweep_seq,APB4+UART
RUN-000066,uart_loopback_test-000066,Uart_Loopback,APB3,static,4,2,4,none,921600,16,1,level,50,16,32,250,1,ACTIVE,regression,0,16,1,1,UVM_LOW,0,0,0.0,-O2 -sv -assert svaext,+UVM_TESTNAME=auto -cm line+tgl,r2p0,1,192,20.0,uart_loopback_test,uart_loopback_seq,APB3+UART
RUN-000067,irq_storm_test-000067,Irq_Storm,APB4,static,2,5,0,none,230400,16,0,level,200,16,32,100,1,ACTIVE,stress,0,8,1,1,UVM_MEDIUM,0,0,0.0,-O2 -sv -assert svaext,+UVM_TESTNAME=auto -cm line+tgl,r1p2,7,192,5.0,irq_storm_test,irq_storm_seq,APB4+UART
RUN-000068,irq_storm_test-000068,Irq_Storm,APB4,static,16,5,4,even,115200,32,0,level,50,32,16,100,3,ACTIVE,stress,0,8,0,1,UVM_LOW,1,0,0.0,-O2 -sv -assert svaext,+UVM_TESTNAME=auto,r2p0,4,384,20.0,irq_storm_test,irq_storm_seq,APB4+UART
RUN-000069,reg_sweep_test-000069,Reg_Sweep,APB4,static,8,5,0,even,230400,16,0,level,50,8,32,50,1,ACTIVE,stress,0,4,0,1,UVM_LOW,0,0,0.0,-O0 -sv -debug,+UVM_TESTNAME=auto -cm line+tgl,r1p2,6,192,20.0,reg_sweep_test,reg_sweep_seq,APB4+UART
RUN-000070,uart_loopback_test-000070,Uart_Loopback,APB4,priority,4,7,4,none,460800,8,1,edge,50,8,16,50,1,ACTIVE,functional,0,4,0,1,UVM_LOW,0,1,0.0301,-O2 -sv -assert svaext,+UVM_TESTNAME=auto,r2p0,1,96,20.0,uart_loopback_test,uart_loopback_seq,APB4+UART
RUN-000071,reg_sweep_test-000071,Reg_Sweep,APB4,static,4,5,0,odd,921600,64,1,level,100,32,16,500,1,ACTIVE,stress,0,16,1,1,UVM_HIGH,0,1,0.0292,-O2 -sv -assert svaext,+UVM_TESTNAME=auto,r2p0,6,768,10.0,reg_sweep_test,reg_sweep_seq,APB4+UART
RUN-000072,reg_sweep_test-000072,Reg_Sweep,APB4,priority,2,2,0,odd,460800,64,0,edge,100,32,32,250,2,ACTIVE,functional,0,8,1,1,UVM_LOW,0,0,0.0,-O2 -sv,+UVM_TESTNAME=auto,r2p0,3,768,10.0,reg_sweep_test,reg_sweep_seq,APB4+UART
RUN-000073,uart_loopback_test-000073,Uart_Loopback,APB4,round_robin,8,0,0,odd,115200,32,1,edge,50,16,32,50,2,ACTIVE,stress,0,16,1,1,UVM_MEDIUM,0,0,0.0,-O2 -sv,+UVM_TESTNAME=auto,r1p2,11,384,20.0,uart_loopback_test,uart_loopback_seq,APB4+UART
RUN-000074,dma_burst_test-000074,Dma_Burst,APB4,round_robin,4,1,2,odd,460800,64,0,level,200,16,32,100,3,ACTIVE,regression,0,4,0,1,UVM_LOW,0,0,0.0,-O2 -sv,+UVM_TESTNAME=auto,r1p0,6,768,5.0,dma_burst_test,dma_burst_seq,APB4+UART
RUN-000075,reset_recovery_test-000075,Reset_Recovery,APB4,static,8,6,1,none,460800,32,1,level,100,16,16,250,1,ACTIVE,functional,0,8,1,1,UVM_LOW,0,0,0.0,-O2 -sv,+UVM_TESTNAME=auto,r1p2,4,384,10.0,reset_recovery_test,reset_recovery_seq,APB4+UART
RUN-000076,reg_sweep_test-000076,Reg_Sweep,APB4,priority,4,2,1,even,115200,8,1,edge,100,32,32,250,2,ACTIVE,functional,0,16,0,1,UVM_HIGH,0,0,0.0,-O2 -sv -assert svaext,+UVM_TESTNAME=auto -cm line+tgl,r1p0,1,96,10.0,reg_sweep_test,reg_sweep_seq,APB4+UART
RUN-000077,backpressure_test-000077,Backpressure,APB3,static,2,3,2,odd,115200,4,0,edge,200,32,32,50,1,ACTIVE,functional,0,8,1,1,UVM_MEDIUM,1,0,0.0,-O2 -sv -assert svaext,+UVM_TESTNAME=auto,r1p2,9,48,5.0,backpressure_test,backpressure_seq,APB3+UART
RUN-000078,dma_burst_test-000078,Dma_Burst,APB4,priority,8,1,0,even,1500000,8,1,edge,200,8,16,50,2,ACTIVE,functional,0,16,0,1,UVM_LOW,0,0,0.0,-O0 -sv -debug,+UVM_TESTNAME=auto -cm line+tgl,r1p2,6,96,5.0,dma_burst_test,dma_burst_seq,APB4+UART
RUN-000079,irq_storm_test-000079,Irq_Storm,APB3,round_robin,16,1,2,odd,115200,32,1,edge,50,16,16,100,3,ACTIVE,functional,0,8,1,1,UVM_MEDIUM,0,0,0.0,-O2 -sv,+UVM_TESTNAME=auto,r1p2,8,384,20.0,irq_storm_test,irq_storm_seq,APB3+UART
RUN-000080,reg_sweep_test-000080,Reg_Sweep,APB4,static,2,1,0,even,115200,16,1,level,200,16,32,100,1,ACTIVE,regression,0,4,0,1,UVM_LOW,1,0,0.0,-O2 -sv,+UVM_TESTNAME=auto,r2p0,2,192,5.0,reg_sweep_test,reg_sweep_seq,APB4+UART
RUN-000081,reset_recovery_test-000081,Reset_Recovery,APB4,priority,16,7,0,even,460800,8,0,level,200,32,16,100,2,ACTIVE,regression,0,16,1,1,UVM_MEDIUM,1,1,0.0303,-O2 -sv,+UVM_TESTNAME=auto,r1p2,10,96,5.0,reset_recovery_test,reset_recovery_seq,APB4+UART
RUN-000082,dma_burst_test-000082,Dma_Burst,APB4,priority,2,5,2,none,230400,16,0,level,100,16,16,250,2,ACTIVE,functional,0,4,1,1,UVM_MEDIUM,0,0,0.0,-O2 -sv,+UVM_TESTNAME=auto -cm line+tgl,r2p0,8,192,10.0,dma_burst_test,dma_burst_seq,APB4+UART
RUN-000083,dma_burst_test-000083,Dma_Burst,APB4,priority,16,7,1,none,460800,16,1,edge,25,16,16,100,2,ACTIVE,functional,0,16,1,1,UVM_LOW,0,0,0.0,-O2 -sv,+UVM_TESTNAME=auto -cm line+tgl,r2p0,5,192,40.0,dma_burst_test,dma_burst_seq,APB4+UART
RUN-000084,irq_storm_test-000084,Irq_Storm,APB4,static,16,2,0,odd,921600,16,1,edge,25,32,16,50,1,ACTIVE,stress,0,16,1,1,UVM_MEDIUM,0,0,0.0,-O2 -sv,+UVM_TESTNAME=auto -cm line+tgl,r1p2,11,192,40.0,irq_storm_test,irq_storm_seq,APB4+UART
RUN-000085,uart_loopback_test-000085,Uart_Loopback,APB3,static,4,4,1,none,230400,4,1,level,100,16,16,250,1,ACTIVE,stress,0,16,1,1,UVM_LOW,1,0,0.0,-O2 -sv -assert svaext,+UVM_TESTNAME=auto,r1p0,0,48,10.0,uart_loopback_test,uart_loopback_seq,APB3+UART
RUN-000086,dma_burst_test-000086,Dma_Burst,APB3,round_robin,4,1,0,even,230400,16,0,level,200,16,32,250,3,ACTIVE,regression,1,8,1,0,UVM_LOW,0,0,0.0,-O2 -sv -assert svaext,+UVM_TESTNAME=auto -cm line+tgl,r2p0,11,192,5.0,dma_burst_test,dma_burst_seq,APB3+UART
RUN-000087,reg_sweep_test-000087,Reg_Sweep,APB4,round_robin,4,1,2,even,115200,8,1,edge,100,32,16,50,3,ACTIVE,stress,0,8,1,1,UVM_HIGH,0,0,0.0,-O2 -sv -assert svaext,+UVM_TESTNAME=auto,r2p0,1,96,10.0,reg_sweep_test,reg_sweep_seq,APB4+UART
RUN-000088,backpressure_test-000088,Backpressure,APB3,static,4,4,2,odd,230400,4,1,edge,100,32,16,100,3,ACTIVE,functional,0,4,1,1,UVM_MEDIUM,0,1,0.011,-O2 -sv,+UVM_TESTNAME=auto,r1p0,0,48,10.0,backpressure_test,backpressure_seq,APB3+UART
RUN-000089,reg_sweep_test-000089,Reg_Sweep,APB4,priority,2,6,0,none,460800,4,0,level,100,16,32,500,1,ACTIVE,stress,0,4,1,1,UVM_LOW,0,0,0.0,-O0 -sv -debug,+UVM_TESTNAME=auto -cm line+tgl,r1p0,1,48,10.0,reg_sweep_test,reg_sweep_seq,APB4+UART
RUN-000090,uart_loopback_test-000090,Uart_Loopback,APB3,round_robin,2,1,1,none,1500000,64,0,edge,200,8,32,100,2,ACTIVE,functional,0,8,0,1,UVM_LOW,1,0,0.0,-O2 -sv -assert svaext,+UVM_TESTNAME=auto,r1p0,11,768,5.0,uart_loopback_test,uart_loopback_seq,APB3+UART
RUN-000091,uart_loopback_test-000091,Uart_Loopback,APB3,priority,16,6,0,even,921600,4,1,level,50,32,16,50,1,ACTIVE,functional,0,4,1,1,UVM_MEDIUM,0,1,0.0175,-O2 -sv,+UVM_TESTNAME=auto -cm line+tgl,r2p0,5,48,20.0,uart_loopback_test,uart_loopback_seq,APB3+UART
RUN-000092,reg_sweep_test-000092,Reg_Sweep,APB3,static,16,1,1,none,115200,16,0,edge,100,8,32,250,2,PASSIVE,regression,1,16,1,1,UVM_LOW,0,0,0.0,-O0 -sv -debug,+UVM_TESTNAME=auto,r1p2,7,192,10.0,reg_sweep_test,reg_sweep_seq,APB3+UART
RUN-000093,irq_storm_test-000093,Irq_Storm,APB4,priority,16,6,2,none,230400,16,1,edge,100,32,16,250,1,ACTIVE,functional,0,8,1,1,UVM_HIGH,0,0,0.0,-O2 -sv -assert svaext,+UVM_TESTNAME=auto -cm line+tgl,r2p0,8,192,10.0,irq_storm_test,irq_storm_seq,APB4+UART
RUN-000094,reg_sweep_test-000094,Reg_Sweep,APB3,priority,16,6,4,none,921600,16,1,level,25,16,16,250,2,ACTIVE,functional,0,4,1,1,UVM_LOW,0,0,0.0,-O2 -sv -assert svaext,+UVM_TESTNAME=auto -cm line+tgl,r1p0,8,192,40.0,reg_sweep_test,reg_sweep_seq,APB3+UART
RUN-000095,backpressure_test-000095,Backpressure,APB4,static,8,7,0,none,921600,16,0,level,100,32,16,500,2,ACTIVE,functional,0,4,1,1,UVM_LOW,0,1,0.0323,-O2 -sv -assert svaext,+UVM_TESTNAME=auto,r1p0,5,192,10.0,backpressure_test,backpressure_seq,APB4+UART
RUN-000096,uart_loopback_test-000096,Uart_Loopback,APB4,round_robin,4,1,2,even,460800,64,0,level,100,8,32,50,2,ACTIVE,functional,0,8,1,1,UVM_LOW,1,1,0.0075,-O2 -sv,+UVM_TESTNAME=auto,r1p2,6,768,10.0,uart_loopback_test,uart_loopback_seq,APB4+UART
RUN-000097,parity_stress_test-000097,Parity_Stress,APB3,round_robin,2,3,0,odd,460800,4,1,edge,25,16,32,500,1,ACTIVE,regression,1,16,0,1,UVM_LOW,0,0,0.0,-O0 -sv -debug,+UVM_TESTNAME=auto,r1p0,0,48,40.0,parity_stress_test,parity_stress_seq,APB3+UART
RUN-000098,irq_storm_test-000098,Irq_Storm,APB4,priority,2,1,0,none,921600,32,1,level,50,16,32,50,2,ACTIVE,functional,0,8,0,1,UVM_MEDIUM,0,0,0.0,-O2 -sv,+UVM_TESTNAME=auto,r1p2,6,384,20.0,irq_storm_test,irq_storm_seq,APB4+UART
RUN-000099,reg_sweep_test-000099,Reg_Sweep,APB4,static,8,4,0,odd,460800,8,1,edge,50,32,16,250,3,ACTIVE,functional,1,4,1,0,UVM_LOW,0,1,0.0066,-O2 -sv -assert svaext,+UVM_TESTNAME=auto -cm line+tgl,r2p0,6,96,20.0,reg_sweep_test,reg_sweep_seq,APB4+UART
RUN-000100,irq_storm_test-000100,Irq_Storm,APB4,round_robin,4,2,1,none,1500000,4,0,level,100,16,16,50,3,ACTIVE,functional,0,8,1,1,UVM_MEDIUM,0,1,0.0015,-O2 -sv,+UVM_TESTNAME=auto,r1p0,8,48,10.0,irq_storm_test,irq_storm_seq,APB4+UART
RUN-000101,uart_loopback_test-000101,Uart_Loopback,APB4,static,4,3,1,odd,1500000,16,1,edge,200,16,32,100,1,ACTIVE,regression,1,4,0,1,UVM_MEDIUM,1,1,0.0394,-O2 -sv,+UVM_TESTNAME=auto,r2p0,5,192,5.0,uart_loopback_test,uart_loopback_seq,APB4+UART
RUN-000102,dma_burst_test-000102,Dma_Burst,APB3,round_robin,4,2,4,none,230400,4,1,level,50,32,16,250,3,ACTIVE,functional,0,8,0,1,UVM_LOW,1,0,0.0,-O2 -sv -assert svaext,+UVM_TESTNAME=auto -cm line+tgl,r1p2,10,48,20.0,dma_burst_test,dma_burst_seq,APB3+UART
RUN-000103,uart_loopback_test-000103,Uart_Loopback,APB3,round_robin,4,3,0,even,115200,32,0,edge,50,32,16,250,1,PASSIVE,functional,0,16,1,1,UVM_LOW,0,0,0.0,-O2 -sv,+UVM_TESTNAME=auto,r2p0,6,384,20.0,uart_loopback_test,uart_loopback_seq,APB3+UART
RUN-000104,uart_loopback_test-000104,Uart_Loopback,APB4,priority,2,0,0,even,230400,16,1,level,100,16,16,100,2,ACTIVE,functional,0,4,1,1,UVM_LOW,0,1,0.0318,-O0 -sv -debug,+UVM_TESTNAME=auto,r2p0,10,192,10.0,uart_loopback_test,uart_loopback_seq,APB4+UART
RUN-000105,irq_storm_test-000105,Irq_Storm,APB4,round_robin,4,4,1,none,115200,64,1,edge,200,32,32,500,2,ACTIVE,functional,0,8,1,1,UVM_HIGH,0,0,0.0,-O2 -sv,+UVM_TESTNAME=auto,r2p0,3,768,5.0,irq_storm_test,irq_storm_seq,APB4+UART
RUN-000106,dma_burst_test-000106,Dma_Burst,APB4,static,2,6,0,odd,1500000,64,1,edge,200,32,16,250,2,ACTIVE,regression,0,4,1,1,UVM_MEDIUM,0,1,0.0042,-O2 -sv,+UVM_TESTNAME=auto,r1p0,3,768,5.0,dma_burst_test,dma_burst_seq,APB4+UART
RUN-000107,reg_sweep_test-000107,Reg_Sweep,APB4,priority,8,2,0,even,230400,64,0,level,200,32,32,500,1,ACTIVE,regression,0,8,1,1,UVM_LOW,1,0,0.0,-O0 -sv -debug,+UVM_TESTNAME=auto -cm line+tgl,r2p0,0,768,5.0,reg_sweep_test,reg_sweep_seq,APB4+UART
RUN-000108,parity_stress_test-000108,Parity_Stress,APB3,round_robin,8,7,1,odd,1500000,32,1,level,100,32,32,50,1,PASSIVE,stress,0,8,1,1,UVM_LOW,0,0,0.0,-O2 -sv -assert svaext,+UVM_TESTNAME=auto -cm line+tgl,r2p0,7,384,10.0,parity_stress_test,parity_stress_seq,APB3+UART
RUN-000109,uart_loopback_test-000109,Uart_Loopback,APB4,round_robin,2,6,2,none,1500000,8,1,edge,100,8,32,50,1,ACTIVE,functional,0,16,1,0,UVM_LOW,0,0,0.0,-O2 -sv -assert svaext,+UVM_TESTNAME=auto -cm line+tgl,r2p0,10,96,10.0,uart_loopback_test,uart_loopback_seq,APB4+UART
RUN-000110,dma_burst_test-000110,Dma_Burst,APB4,round_robin,4,3,2,none,230400,64,0,level,200,32,16,500,2,ACTIVE,stress,0,16,1,1,UVM_LOW,0,0,0.0,-O2 -sv,+UVM_TESTNAME=auto -cm line+tgl,r1p0,6,768,5.0,dma_burst_test,dma_burst_seq,APB4+UART
RUN-000111,reg_sweep_test-000111,Reg_Sweep,APB3,static,2,2,1,even,115200,16,0,level,200,32,32,100,1,ACTIVE,stress,0,16,1,1,UVM_MEDIUM,1,1,0.0072,-O2 -sv,+UVM_TESTNAME=auto,r1p2,7,192,5.0,reg_sweep_test,reg_sweep_seq,APB3+UART
RUN-000112,dma_burst_test-000112,Dma_Burst,APB3,round_robin,16,2,0,odd,230400,64,0,level,100,8,32,50,1,ACTIVE,regression,0,8,1,1,UVM_MEDIUM,0,0,0.0,-O2 -sv,+UVM_TESTNAME=auto,r1p0,4,768,10.0,dma_burst_test,dma_burst_seq,APB3+UART
RUN-000113,reset_recovery_test-000113,Reset_Recovery,APB3,round_robin,8,5,2,odd,115200,4,1,edge,200,16,16,250,1,ACTIVE,regression,0,16,1,1,UVM_LOW,0,1,0.0212,-O2 -sv,+UVM_TESTNAME=auto,r1p0,11,48,5.0,reset_recovery_test,reset_recovery_seq,APB3+UART
RUN-000114,uart_loopback_test-000114,Uart_Loopback,APB3,priority,2,1,0,even,230400,16,1,level,50,16,32,500,2,ACTIVE,stress,0,8,1,1,UVM_LOW,0,1,0.0251,-O2 -sv,+UVM_TESTNAME=auto,r1p0,10,192,20.0,uart_loopback_test,uart_loopback_seq,APB3+UART
RUN-000115,reset_recovery_test-000115,Reset_Recovery,APB3,static,4,1,1,none,230400,32,1,edge,50,16,16,100,1,ACTIVE,functional,0,4,1,1,UVM_MEDIUM,0,1,0.0107,-O2 -sv,+UVM_TESTNAME=auto,r1p0,4,384,20.0,reset_recovery_test,reset_recovery_seq,APB3+UART
RUN-000116,irq_storm_test-000116,Irq_Storm,APB4,priority,4,1,0,even,460800,64,1,level,100,8,16,50,1,ACTIVE,functional,1,4,1,1,UVM_LOW,0,0,0.0,-O0 -sv -debug,+UVM_TESTNAME=auto -cm line+tgl,r2p0,9,768,10.0,irq_storm_test,irq_storm_seq,APB4+UART
RUN-000117,irq_storm_test-000117,Irq_Storm,APB4,static,4,6,0,even,921600,32,1,level,100,32,32,100,2,ACTIVE,stress,0,8,1,1,UVM_HIGH,0,1,0.0078,-O2 -sv -assert svaext,+UVM_TESTNAME=auto,r1p0,0,384,10.0,irq_storm_test,irq_storm_seq,APB4+UART
RUN-000118,parity_stress_test-000118,Parity_Stress,APB4,static,16,4,1,none,1500000,4,0,edge,100,32,16,250,2,ACTIVE,functional,0,4,1,1,UVM_MEDIUM,0,0,0.0,-O0 -sv -debug,+UVM_TESTNAME=auto,r2p0,7,48,10.0,parity_stress_test,parity_stress_seq,APB4+UART
RUN-000119,dma_burst_test-000119,Dma_Burst,APB4,round_robin,8,5,2,none,230400,32,1,level,50,32,16,100,1,ACTIVE,functional,1,8,0,1,UVM_MEDIUM,0,0,0.0,-O2 -sv -assert svaext,+UVM_TESTNAME=auto -cm line+tgl,r1p0,5,384,20.0,dma_burst_test,dma_burst_seq,APB4+UART
RUN-000120,reg_sweep_test-000120,Reg_Sweep,APB3,round_robin,8,4,1,even,115200,4,0,edge,100,32,16,500,3,PASSIVE,regression,0,4,0,1,UVM_MEDIUM,1,1,0.0154,-O2 -sv,+UVM_TESTNAME=auto -cm line+tgl,r1p0,0,48,10.0,reg_sweep_test,reg_sweep_seq,APB3+UART
RUN-000121,irq_storm_test-000121,Irq_Storm,APB3,round_robin,8,0,0,odd,115200,64,0,edge,50,16,32,250,2,ACTIVE,functional,1,8,1,1,UVM_LOW,0,0,0.0,-O2 -sv,+UVM_TESTNAME=auto -cm line+tgl,r1p0,11,768,20.0,irq_storm_test,irq_storm_seq,APB3+UART
RUN-000122,irq_storm_test-000122,Irq_Storm,APB3,priority,4,4,0,odd,230400,4,0,level,100,16,32,50,2,ACTIVE,functional,0,8,1,1,UVM_LOW,1,0,0.0,-O2 -sv,+UVM_TESTNAME=auto,r1p0,2,48,10.0,irq_storm_test,irq_storm_seq,APB3+UART
RUN-000123,reset_recovery_test-000123,Reset_Recovery,APB4,round_robin,2,7,0,none,115200,32,1,level,100,8,32,250,3,ACTIVE,functional,0,16,0,0,UVM_LOW,0,0,0.0,-O2 -sv,+UVM_TESTNAME=auto,r1p0,8,384,10.0,reset_recovery_test,reset_recovery_seq,APB4+UART
RUN-000124,reg_sweep_test-000124,Reg_Sweep,APB3,priority,16,5,1,even,1500000,64,0,edge,200,16,32,500,2,ACTIVE,functional,0,4,1,1,UVM_HIGH,0,1,0.0043,-O2 -sv,+UVM_TESTNAME=auto -cm line+tgl,r1p2,8,768,5.0,reg_sweep_test,reg_sweep_seq,APB3+UART
RUN-000125,uart_loopback_test-000125,Uart_Loopback,APB3,static,8,5,0,odd,1500000,4,1,edge,100,16,32,100,1,ACTIVE,stress,0,8,1,0,UVM_LOW,0,1,0.0151,-O2 -sv -assert svaext,+UVM_TESTNAME=auto -cm line+tgl,r1p0,6,48,10.0,uart_loopback_test,uart_loopback_seq,APB3+UART
RUN-000126,parity_stress_test-000126,Parity_Stress,APB4,priority,2,4,0,odd,115200,64,0,level,50,32,16,100,1,ACTIVE,functional,0,4,1,1,UVM_LOW,1,0,0.0,-O2 -sv,+UVM_TESTNAME=auto -cm line+tgl,r1p2,11,768,20.0,parity_stress_test,parity_stress_seq,APB4+UART
RUN-000127,irq_storm_test-000127,Irq_Storm,APB4,static,8,6,1,even,230400,4,0,edge,25,8,16,50,1,ACTIVE,stress,0,8,1,1,UVM_LOW,0,0,0.0,-O2 -sv,+UVM_TESTNAME=auto,r1p2,11,48,40.0,irq_storm_test,irq_storm_seq,APB4+UART
RUN-000128,uart_loopback_test-000128,Uart_Loopback,APB4,round_robin,8,5,2,none,921600,32,1,level,100,16,32,500,1,ACTIVE,functional,0,8,0,1,UVM_LOW,0,1,0.0392,-O2 -sv,+UVM_TESTNAME=auto,r1p0,10,384,10.0,uart_loopback_test,uart_loopback_seq,APB4+UART
RUN-000129,dma_burst_test-000129,Dma_Burst,APB4,round_robin,8,4,1,odd,921600,64,0,edge,100,32,32,50,1,ACTIVE,regression,0,8,1,1,UVM_LOW,1,0,0.0,-O2 -sv,+UVM_TESTNAME=auto,r1p0,3,768,10.0,dma_burst_test,dma_burst_seq,APB4+UART
RUN-000130,dma_burst_test-000130,Dma_Burst,APB3,priority,4,1,2,odd,230400,4,1,edge,50,32,32,250,2,PASSIVE,functional,0,16,1,0,UVM_MEDIUM,0,0,0.0,-O2 -sv,+UVM_TESTNAME=auto,r2p0,11,48,20.0,dma_burst_test,dma_burst_seq,APB3+UART
RUN-000131,reg_sweep_test-000131,Reg_Sweep,APB4,static,4,5,2,odd,921600,16,0,edge,100,32,16,50,2,ACTIVE,regression,0,4,1,1,UVM_LOW,0,1,0.035,-O2 -sv,+UVM_TESTNAME=auto -cm line+tgl,r1p2,2,192,10.0,reg_sweep_test,reg_sweep_seq,APB4+UART
RUN-000132,irq_storm_test-000132,Irq_Storm,APB3,priority,16,1,0,odd,1500000,8,1,level,50,16,16,100,2,PASSIVE,stress,0,8,1,1,UVM_MEDIUM,1,1,0.0197,-O2 -sv,+UVM_TESTNAME=auto -cm line+tgl,r2p0,6,96,20.0,irq_storm_test,irq_storm_seq,APB3+UART
RUN-000133,reg_sweep_test-000133,Reg_Sweep,APB4,priority,8,5,0,odd,921600,16,1,level,50,32,32,50,3,ACTIVE,functional,0,8,1,1,UVM_LOW,0,0,0.0,-O2 -sv -assert svaext,+UVM_TESTNAME=auto,r2p0,10,192,20.0,reg_sweep_test,reg_sweep_seq,APB4+UART
RUN-000134,reg_sweep_test-000134,Reg_Sweep,APB3,round_robin,2,6,2,even,1500000,32,1,edge,100,32,16,100,1,ACTIVE,regression,0,16,1,1,UVM_LOW,0,0,0.0,-O2 -sv -assert svaext,+UVM_TESTNAME=auto -cm line+tgl,r2p0,10,384,10.0,reg_sweep_test,reg_sweep_seq,APB3+UART
RUN-000135,uart_loopback_test-000135,Uart_Loopback,APB4,priority,2,1,1,even,1500000,32,1,edge,25,32,32,100,2,ACTIVE,stress,0,4,0,1,UVM_LOW,0,1,0.0304,-O2 -sv,+UVM_TESTNAME=auto -cm line+tgl,r2p0,5,384,40.0,uart_loopback_test,uart_loopback_seq,APB4+UART
RUN-000136,dma_burst_test-000136,Dma_Burst,APB4,static,2,1,2,odd,460800,16,1,edge,50,32,16,50,3,ACTIVE,functional,0,16,1,1,UVM_LOW,0,1,0.0117,-O2 -sv,+UVM_TESTNAME=auto,r1p2,0,192,20.0,dma_burst_test,dma_burst_seq,APB4+UART
RUN-000137,irq_storm_test-000137,Irq_Storm,APB4,round_robin,2,7,0,odd,1500000,32,0,level,200,8,32,250,2,ACTIVE,functional,1,4,0,1,UVM_LOW,1,1,0.0082,-O0 -sv -debug,+UVM_TESTNAME=auto -cm line+tgl,r1p0,8,384,5.0,irq_storm_test,irq_storm_seq,APB4+UART
RUN-000138,parity_stress_test-000138,Parity_Stress,APB3,static,8,7,4,none,460800,4,1,level,200,8,32,250,1,ACTIVE,functional,0,8,1,1,UVM_LOW,1,0,0.0,-O2 -sv -assert svaext,+UVM_TESTNAME=auto -cm line+tgl,r1p0,9,48,5.0,parity_stress_test,parity_stress_seq,APB3+UART
RUN-000139,uart_loopback_test-000139,Uart_Loopback,APB4,static,8,1,0,odd,921600,32,0,edge,100,32,16,500,2,ACTIVE,functional,1,8,0,1,UVM_MEDIUM,0,0,0.0,-O2 -sv,+UVM_TESTNAME=auto -cm line+tgl,r1p0,5,384,10.0,uart_loopback_test,uart_loopback_seq,APB4+UART
RUN-000140,reg_sweep_test-000140,Reg_Sweep,APB3,round_robin,4,4,1,odd,460800,16,0,level,100,8,32,250,1,ACTIVE,regression,0,4,1,1,UVM_LOW,0,0,0.0,-O0 -sv -debug,+UVM_TESTNAME=auto -cm line+tgl,r1p0,7,192,10.0,reg_sweep_test,reg_sweep_seq,APB3+UART
RUN-000141,reg_sweep_test-000141,Reg_Sweep,APB3,round_robin,16,1,4,none,921600,64,0,level,200,32,16,250,1,ACTIVE,regression,0,4,1,1,UVM_MEDIUM,0,0,0.0,-O2 -sv,+UVM_TESTNAME=auto,r2p0,7,768,5.0,reg_sweep_test,reg_sweep_seq,APB3+UART
RUN-000142,reg_sweep_test-000142,Reg_Sweep,APB4,round_robin,2,0,0,even,230400,32,0,edge,100,32,32,100,1,ACTIVE,stress,1,8,1,1,UVM_MEDIUM,0,1,0.0305,-O2 -sv,+UVM_TESTNAME=auto -cm line+tgl,r1p2,6,384,10.0,reg_sweep_test,reg_sweep_seq,APB4+UART
RUN-000143,reg_sweep_test-000143,Reg_Sweep,APB4,round_robin,2,7,0,odd,115200,64,1,level,100,32,16,250,1,ACTIVE,functional,0,4,1,1,UVM_HIGH,0,1,0.0154,-O0 -sv -debug,+UVM_TESTNAME=auto,r1p2,4,768,10.0,reg_sweep_test,reg_sweep_seq,APB4+UART
RUN-000144,uart_loopback_test-000144,Uart_Loopback,APB4,priority,8,3,4,even,921600,8,1,edge,100,32,32,500,2,ACTIVE,functional,0,8,1,1,UVM_MEDIUM,0,0,0.0,-O0 -sv -debug,+UVM_TESTNAME=auto,r1p2,2,96,10.0,uart_loopback_test,uart_loopback_seq,APB4+UART
RUN-000145,parity_stress_test-000145,Parity_Stress,APB3,static,4,2,0,none,921600,4,0,edge,100,8,32,250,1,ACTIVE,regression,0,16,0,1,UVM_LOW,1,1,0.0179,-O2 -sv -assert svaext,+UVM_TESTNAME=auto -cm line+tgl,r2p0,2,48,10.0,parity_stress_test,parity_stress_seq,APB3+UART
RUN-000146,reset_recovery_test-000146,Reset_Recovery,APB3,round_robin,4,4,0,odd,230400,64,1,edge,50,16,32,50,2,ACTIVE,regression,0,8,0,1,UVM_MEDIUM,0,1,0.0041,-O2 -sv -assert svaext,+UVM_TESTNAME=auto -cm line+tgl,r2p0,0,768,20.0,reset_recovery_test,reset_recovery_seq,APB3+UART
RUN-000147,reg_sweep_test-000147,Reg_Sweep,APB4,priority,8,6,1,none,230400,4,0,level,100,8,32,250,3,ACTIVE,stress,1,4,0,1,UVM_MEDIUM,0,0,0.0,-O2 -sv -assert svaext,+UVM_TESTNAME=auto -cm line+tgl,r1p0,6,48,10.0,reg_sweep_test,reg_sweep_seq,APB4+UART
RUN-000148,reset_recovery_test-000148,Reset_Recovery,APB3,round_robin,8,1,1,none,1500000,8,1,edge,100,16,32,500,2,ACTIVE,regression,0,8,1,1,UVM_LOW,1,0,0.0,-O2 -sv,+UVM_TESTNAME=auto -cm line+tgl,r1p2,0,96,10.0,reset_recovery_test,reset_recovery_seq,APB3+UART
RUN-000149,reg_sweep_test-000149,Reg_Sweep,APB4,priority,4,3,1,odd,230400,64,0,edge,200,32,32,100,1,ACTIVE,stress,0,16,1,1,UVM_LOW,0,0,0.0,-O2 -sv,+UVM_TESTNAME=auto -cm line+tgl,r1p2,1,768,5.0,reg_sweep_test,reg_sweep_seq,APB4+UART
RUN-000150,backpressure_test-000150,Backpressure,APB4,round_robin,4,7,2,odd,460800,16,1,level,25,32,32,50,1,ACTIVE,functional,0,4,1,0,UVM_MEDIUM,0,0,0.0,-O0 -sv -debug,+UVM_TESTNAME=auto -cm line+tgl,r1p0,1,192,40.0,backpressure_test,backpressure_seq,APB4+UART
RUN-000151,uart_loopback_test-000151,Uart_Loopback,APB3,static,2,6,1,none,115200,16,0,level,25,16,32,250,1,PASSIVE,functional,1,4,1,1,UVM_MEDIUM,0,1,0.0109,-O2 -sv -assert svaext,+UVM_TESTNAME=auto -cm line+tgl,r1p0,5,192,40.0,uart_loopback_test,uart_loopback_seq,APB3+UART
RUN-000152,uart_loopback_test-000152,Uart_Loopback,APB3,priority,16,3,2,none,115200,32,1,edge,50,32,16,100,3,ACTIVE,functional,0,4,1,1,UVM_LOW,1,1,0.013,-O0 -sv -debug,+UVM_TESTNAME=auto,r1p2,9,384,20.0,uart_loopback_test,uart_loopback_seq,APB3+UART
RUN-000153,uart_loopback_test-000153,Uart_Loopback,APB4,priority,2,1,1,none,115200,32,0,edge,25,16,32,250,2,ACTIVE,functional,0,16,1,0,UVM_MEDIUM,0,0,0.0,-O2 -sv -assert svaext,+UVM_TESTNAME=auto -cm line+tgl,r1p2,10,384,40.0,uart_loopback_test,uart_loopback_seq,APB4+UART
RUN-000154,irq_storm_test-000154,Irq_Storm,APB4,round_robin,8,2,2,none,460800,16,0,level,25,16,16,100,2,ACTIVE,regression,1,8,1,1,UVM_MEDIUM,0,0,0.0,-O2 -sv -assert svaext,+UVM_TESTNAME=auto,r1p0,2,192,40.0,irq_storm_test,irq_storm_seq,APB4+UART
RUN-000155,parity_stress_test-000155,Parity_Stress,APB3,static,4,7,0,none,460800,32,0,level,200,32,32,50,1,ACTIVE,regression,1,8,1,0,UVM_LOW,1,0,0.0,-O2 -sv -assert svaext,+UVM_TESTNAME=auto,r1p2,5,384,5.0,parity_stress_test,parity_stress_seq,APB3+UART
RUN-000156,reset_recovery_test-000156,Reset_Recovery,APB3,static,2,7,1,none,230400,8,0,level,50,32,32,250,2,ACTIVE,functional,0,16,1,1,UVM_LOW,0,1,0.0122,-O0 -sv -debug,+UVM_TESTNAME=auto,r1p2,4,96,20.0,reset_recovery_test,reset_recovery_seq,APB3+UART
RUN-000157,reset_recovery_test-000157,Reset_Recovery,APB3,round_robin,4,4,2,odd,921600,4,0,level,50,16,16,500,2,ACTIVE,stress,0,4,0,1,UVM_MEDIUM,1,0,0.0,-O2 -sv,+UVM_TESTNAME=auto,r1p0,5,48,20.0,reset_recovery_test,reset_recovery_seq,APB3+UART
RUN-000158,irq_storm_test-000158,Irq_Storm,APB3,static,8,0,4,even,1500000,32,0,edge,200,32,32,500,2,ACTIVE,functional,0,4,0,1,UVM_LOW,0,1,0.0023,-O2 -sv -assert svaext,+UVM_TESTNAME=auto -cm line+tgl,r1p2,9,384,5.0,irq_storm_test,irq_storm_seq,APB3+UART
RUN-000159,parity_stress_test-000159,Parity_Stress,APB3,priority,4,4,1,even,921600,4,1,level,50,32,32,250,3,ACTIVE,functional,0,8,1,1,UVM_LOW,0,0,0.0,-O0 -sv -debug,+UVM_TESTNAME=auto -cm line+tgl,r1p2,8,48,20.0,parity_stress_test,parity_stress_seq,APB3+UART
RUN-000160,reset_recovery_test-000160,Reset_Recovery,APB4,priority,2,4,0,odd,230400,8,1,edge,25,16,32,250,1,ACTIVE,stress,1,4,1,1,UVM_LOW,0,0,0.0,-O2 -sv -assert svaext,+UVM_TESTNAME=auto,r1p2,4,96,40.0,reset_recovery_test,reset_recovery_seq,APB4+UART
RUN-000161,irq_storm_test-000161,Irq_Storm,APB3,static,2,3,4,even,921600,8,1,level,100,16,32,50,1,ACTIVE,stress,0,8,1,1,UVM_MEDIUM,1,1,0.0202,-O0 -sv -debug,+UVM_TESTNAME=auto -cm line+tgl,r1p2,10,96,10.0,irq_storm_test,irq_storm_seq,APB3+UART
RUN-000162,reset_recovery_test-000162,Reset_Recovery,APB3,priority,2,4,2,none,1500000,4,0,level,50,8,32,100,1,ACTIVE,stress,0,8,1,1,UVM_MEDIUM,0,1,0.0007,-O2 -sv,+UVM_TESTNAME=auto -cm line+tgl,r2p0,11,48,20.0,reset_recovery_test,reset_recovery_seq,APB3+UART
RUN-000163,reg_sweep_test-000163,Reg_Sweep,APB3,priority,16,2,4,even,230400,64,1,edge,100,32,32,50,1,ACTIVE,functional,0,8,0,0,UVM_LOW,0,0,0.0,-O2 -sv,+UVM_TESTNAME=auto,r1p2,8,768,10.0,reg_sweep_test,reg_sweep_seq,APB3+UART
RUN-000164,uart_loopback_test-000164,Uart_Loopback,APB4,static,4,7,4,odd,921600,4,1,level,200,16,32,100,1,ACTIVE,functional,0,4,1,0,UVM_MEDIUM,0,0,0.0,-O0 -sv -debug,+UVM_TESTNAME=auto,r1p2,8,48,5.0,uart_loopback_test,uart_loopback_seq,APB4+UART
RUN-000165,parity_stress_test-000165,Parity_Stress,APB4,static,8,2,2,none,1500000,32,1,edge,50,16,32,250,2,ACTIVE,stress,0,16,0,1,UVM_MEDIUM,0,0,0.0,-O2 -sv -assert svaext,+UVM_TESTNAME=auto -cm line+tgl,r2p0,5,384,20.0,parity_stress_test,parity_stress_seq,APB4+UART
RUN-000166,reg_sweep_test-000166,Reg_Sweep,APB3,static,8,4,4,none,230400,8,1,edge,200,8,32,500,2,ACTIVE,functional,1,8,0,1,UVM_LOW,0,1,0.0026,-O2 -sv,+UVM_TESTNAME=auto -cm line+tgl,r2p0,4,96,5.0,reg_sweep_test,reg_sweep_seq,APB3+UART
RUN-000167,reg_sweep_test-000167,Reg_Sweep,APB3,static,4,5,0,none,115200,16,0,level,100,8,32,500,3,ACTIVE,stress,1,8,1,1,UVM_MEDIUM,0,1,0.0358,-O2 -sv,+UVM_TESTNAME=auto,r1p2,10,192,10.0,reg_sweep_test,reg_sweep_seq,APB3+UART
RUN-000168,dma_burst_test-000168,Dma_Burst,APB4,priority,16,2,1,even,230400,32,0,edge,25,16,32,100,2,ACTIVE,functional,0,4,1,1,UVM_LOW,1,0,0.0,-O2 -sv,+UVM_TESTNAME=auto,r1p2,4,384,40.0,dma_burst_test,dma_burst_seq,APB4+UART
RUN-000169,backpressure_test-000169,Backpressure,APB4,priority,4,2,0,none,115200,32,1,level,100,32,32,500,3,ACTIVE,functional,0,4,0,1,UVM_LOW,0,0,0.0,-O2 -sv,+UVM_TESTNAME=auto,r2p0,9,384,10.0,backpressure_test,backpressure_seq,APB4+UART
RUN-000170,irq_storm_test-000170,Irq_Storm,APB3,static,4,5,4,none,230400,8,0,level,25,16,16,100,1,ACTIVE,stress,1,16,0,1,UVM_LOW,1,0,0.0,-O2 -sv,+UVM_TESTNAME=auto -cm line+tgl,r1p0,8,96,40.0,irq_storm_test,irq_storm_seq,APB3+UART
RUN-000171,irq_storm_test-000171,Irq_Storm,APB3,priority,2,6,4,even,230400,32,1,edge,200,32,32,100,3,ACTIVE,regression,0,16,1,1,UVM_MEDIUM,0,0,0.0,-O2 -sv -assert svaext,+UVM_TESTNAME=auto -cm line+tgl,r1p0,5,384,5.0,irq_storm_test,irq_storm_seq,APB3+UART
RUN-000172,backpressure_test-000172,Backpressure,APB4,static,8,3,0,none,230400,8,1,level,100,8,32,50,1,ACTIVE,regression,0,4,1,1,UVM_HIGH,0,0,0.0,-O2 -sv -assert svaext,+UVM_TESTNAME=auto,r1p2,6,96,10.0,backpressure_test,backpressure_seq,APB4+UART
RUN-000173,reset_recovery_test-000173,Reset_Recovery,APB3,round_robin,2,1,2,none,115200,4,1,edge,50,32,32,250,2,ACTIVE,functional,0,4,0,0,UVM_HIGH,0,1,0.0338,-O2 -sv -assert svaext,+UVM_TESTNAME=auto,r2p0,11,48,20.0,reset_recovery_test,reset_recovery_seq,APB3+UART
RUN-000174,reg_sweep_test-000174,Reg_Sweep,APB4,round_robin,2,3,1,odd,1500000,32,0,edge,100,16,32,500,2,ACTIVE,regression,0,8,0,1,UVM_MEDIUM,0,0,0.0,-O2 -sv -assert svaext,+UVM_TESTNAME=auto -cm line+tgl,r1p2,0,384,10.0,reg_sweep_test,reg_sweep_seq,APB4+UART
RUN-000175,reset_recovery_test-000175,Reset_Recovery,APB3,round_robin,2,6,1,odd,115200,8,1,level,50,32,32,100,2,ACTIVE,functional,0,8,1,1,UVM_LOW,0,0,0.0,-O2 -sv,+UVM_TESTNAME=auto,r1p2,5,96,20.0,reset_recovery_test,reset_recovery_seq,APB3+UART
RUN-000176,irq_storm_test-000176,Irq_Storm,APB3,static,4,5,0,odd,460800,32,0,edge,200,16,32,250,2,ACTIVE,regression,0,4,0,1,UVM_LOW,0,1,0.0371,-O2 -sv,+UVM_TESTNAME=auto,r2p0,0,384,5.0,irq_storm_test,irq_storm_seq,APB3+UART
RUN-000177,reset_recovery_test-000177,Reset_Recovery,APB3,priority,4,3,2,odd,460800,8,0,level,25,32,32,500,2,ACTIVE,functional,0,8,1,1,UVM_LOW,0,0,0.0,-O2 -sv -assert svaext,+UVM_TESTNAME=auto,r1p2,8,96,40.0,reset_recovery_test,reset_recovery_seq,APB3+UART
RUN-000178,dma_burst_test-000178,Dma_Burst,APB4,priority,8,2,2,none,460800,16,0,level,25,8,16,250,1,ACTIVE,functional,0,8,1,1,UVM_MEDIUM,1,1,0.0196,-O0 -sv -debug,+UVM_TESTNAME=auto,r2p0,11,192,40.0,dma_burst_test,dma_burst_seq,APB4+UART
RUN-000179,uart_loopback_test-000179,Uart_Loopback,APB4,static,8,0,2,even,230400,4,1,level,200,8,32,50,3,ACTIVE,regression,1,4,1,1,UVM_HIGH,0,0,0.0,-O2 -sv -assert svaext,+UVM_TESTNAME=auto -cm line+tgl,r1p0,10,48,5.0,uart_loopback_test,uart_loopback_seq,APB4+UART
RUN-000180,reg_sweep_test-000180,Reg_Sweep,APB3,round_robin,4,3,0,none,230400,32,1,level,200,32,32,50,2,ACTIVE,stress,0,8,1,1,UVM_LOW,1,1,0.0347,-O2 -sv,+UVM_TESTNAME=auto,r1p0,11,384,5.0,reg_sweep_test,reg_sweep_seq,APB3+UART
RUN-000181,backpressure_test-000181,Backpressure,APB3,priority,2,2,2,none,921600,32,0,level,50,16,32,50,1,ACTIVE,regression,1,8,0,1,UVM_LOW,0,1,0.0178,-O2 -sv -assert svaext,+UVM_TESTNAME=auto,r2p0,8,384,20.0,backpressure_test,backpressure_seq,APB3+UART
RUN-000182,reg_sweep_test-000182,Reg_Sweep,APB3,round_robin,4,1,2,none,115200,4,0,edge,50,32,32,500,1,ACTIVE,stress,0,4,1,1,UVM_MEDIUM,0,1,0.0066,-O2 -sv -assert svaext,+UVM_TESTNAME=auto -cm line+tgl,r1p2,5,48,20.0,reg_sweep_test,reg_sweep_seq,APB3+UART
RUN-000183,reset_recovery_test-000183,Reset_Recovery,APB4,priority,8,2,0,even,230400,16,1,level,50,32,32,100,1,ACTIVE,regression,0,16,0,1,UVM_HIGH,0,0,0.0,-O2 -sv,+UVM_TESTNAME=auto,r1p2,8,192,20.0,reset_recovery_test,reset_recovery_seq,APB4+UART
RUN-000184,reg_sweep_test-000184,Reg_Sweep,APB3,priority,4,0,2,even,115200,16,0,level,25,16,32,50,2,ACTIVE,functional,1,16,1,1,UVM_LOW,0,1,0.0079,-O2 -sv -assert svaext,+UVM_TESTNAME=auto,r2p0,6,192,40.0,reg_sweep_test,reg_sweep_seq,APB3+UART
RUN-000185,reg_sweep_test-000185,Reg_Sweep,APB4,priority,4,5,1,odd,230400,32,0,level,200,16,16,250,2,ACTIVE,functional,0,16,1,1,UVM_LOW,1,0,0.0,-O0 -sv -debug,+UVM_TESTNAME=auto,r1p2,3,384,5.0,reg_sweep_test,reg_sweep_seq,APB4+UART
RUN-000186,backpressure_test-000186,Backpressure,APB4,round_robin,2,5,4,even,921600,4,0,level,200,32,32,500,1,ACTIVE,functional,0,8,1,1,UVM_MEDIUM,1,0,0.0,-O0 -sv -debug,+UVM_TESTNAME=auto -cm line+tgl,r1p0,0,48,5.0,backpressure_test,backpressure_seq,APB4+UART
RUN-000187,irq_storm_test-000187,Irq_Storm,APB4,priority,16,4,0,even,115200,8,0,edge,50,16,32,100,2,ACTIVE,regression,0,16,1,0,UVM_LOW,1,1,0.0186,-O2 -sv -assert svaext,+UVM_TESTNAME=auto -cm line+tgl,r1p2,2,96,20.0,irq_storm_test,irq_storm_seq,APB4+UART
RUN-000188,reg_sweep_test-000188,Reg_Sweep,APB4,priority,4,4,1,even,1500000,16,1,level,100,32,32,100,3,ACTIVE,stress,0,16,1,1,UVM_HIGH,0,0,0.0,-O2 -sv,+UVM_TESTNAME=auto,r1p2,3,192,10.0,reg_sweep_test,reg_sweep_seq,APB4+UART
RUN-000189,reg_sweep_test-000189,Reg_Sweep,APB4,round_robin,2,5,1,even,460800,32,1,level,50,32,32,500,2,PASSIVE,regression,0,8,1,1,UVM_HIGH,0,1,0.0326,-O2 -sv,+UVM_TESTNAME=auto,r1p0,7,384,20.0,reg_sweep_test,reg_sweep_seq,APB4+UART
RUN-000190,uart_loopback_test-000190,Uart_Loopback,APB4,priority,2,0,0,odd,115200,32,1,level,50,32,16,100,1,ACTIVE,functional,0,8,1,1,UVM_LOW,0,0,0.0,-O2 -sv -assert svaext,+UVM_TESTNAME=auto -cm line+tgl,r2p0,3,384,20.0,uart_loopback_test,uart_loopback_seq,APB4+UART
RUN-000191,reset_recovery_test-000191,Reset_Recovery,APB3,round_robin,8,6,4,none,921600,32,0,edge,50,32,32,50,2,ACTIVE,functional,0,8,0,1,UVM_LOW,1,0,0.0,-O0 -sv -debug,+UVM_TESTNAME=auto,r2p0,7,384,20.0,reset_recovery_test,reset_recovery_seq,APB3+UART
RUN-000192,dma_burst_test-000192,Dma_Burst,APB3,round_robin,4,0,1,none,1500000,16,0,level,100,32,32,50,2,PASSIVE,functional,0,8,1,0,UVM_LOW,0,0,0.0,-O2 -sv,+UVM_TESTNAME=auto -cm line+tgl,r2p0,7,192,10.0,dma_burst_test,dma_burst_seq,APB3+UART
RUN-000193,backpressure_test-000193,Backpressure,APB3,priority,2,6,2,odd,115200,16,1,edge,100,16,32,250,2,PASSIVE,functional,0,16,0,1,UVM_MEDIUM,0,1,0.028,-O2 -sv -assert svaext,+UVM_TESTNAME=auto,r2p0,4,192,10.0,backpressure_test,backpressure_seq,APB3+UART
RUN-000194,parity_stress_test-000194,Parity_Stress,APB3,priority,8,2,0,odd,230400,64,1,edge,200,32,16,100,2,ACTIVE,stress,0,4,1,1,UVM_MEDIUM,1,0,0.0,-O2 -sv -assert svaext,+UVM_TESTNAME=auto,r2p0,4,768,5.0,parity_stress_test,parity_stress_seq,APB3+UART
RUN-000195,reset_recovery_test-000195,Reset_Recovery,APB4,static,4,3,1,none,921600,8,1,level,100,32,16,250,3,PASSIVE,stress,0,16,1,1,UVM_LOW,0,0,0.0,-O2 -sv,+UVM_TESTNAME=auto,r2p0,6,96,10.0,reset_recovery_test,reset_recovery_seq,APB4+UART
RUN-000196,parity_stress_test-000196,Parity_Stress,APB3,round_robin,2,7,0,none,230400,16,1,edge,200,16,16,250,2,ACTIVE,functional,0,4,1,1,UVM_HIGH,1,0,0.0,-O0 -sv -debug,+UVM_TESTNAME=auto,r1p2,0,192,5.0,parity_stress_test,parity_stress_seq,APB3+UART
RUN-000197,dma_burst_test-000197,Dma_Burst,APB4,priority,16,6,2,even,115200,4,1,level,25,32,32,250,2,ACTIVE,stress,1,16,1,0,UVM_LOW,0,0,0.0,-O2 -sv,+UVM_TESTNAME=auto,r1p2,3,48,40.0,dma_burst_test,dma_burst_seq,APB4+UART
RUN-000198,parity_stress_test-000198,Parity_Stress,APB3,static,2,0,2,none,921600,16,1,level,100,8,16,50,3,ACTIVE,stress,1,16,1,1,UVM_MEDIUM,0,1,0.0213,-O0 -sv -debug,+UVM_TESTNAME=auto,r1p2,2,192,10.0,parity_stress_test,parity_stress_seq,APB3+UART
RUN-000199,reg_sweep_test-000199,Reg_Sweep,APB4,static,8,2,4,none,921600,16,0,edge,100,32,32,100,1,ACTIVE,regression,0,4,1,1,UVM_LOW,0,1,0.0325,-O2 -sv,+UVM_TESTNAME=auto,r1p0,1,192,10.0,reg_sweep_test,reg_sweep_seq,APB4+UART
RUN-000200,reg_sweep_test-000200,Reg_Sweep,APB3,static,16,2,2,none,460800,32,1,edge,200,32,16,100,1,ACTIVE,functional,0,8,0,1,UVM_MEDIUM,1,0,0.0,-O2 -sv -assert svaext,+UVM_TESTNAME=auto -cm line+tgl,r1p0,9,384,5.0,reg_sweep_test,reg_sweep_seq,APB3+UART
RUN-000201,backpressure_test-000201,Backpressure,APB3,static,16,2,2,none,921600,32,1,edge,25,16,32,100,2,ACTIVE,functional,0,4,1,1,UVM_LOW,1,1,0.0381,-O2 -sv,+UVM_TESTNAME=auto,r1p0,6,384,40.0,backpressure_test,backpressure_seq,APB3+UART
RUN-000202,parity_stress_test-000202,Parity_Stress,APB4,priority,2,1,2,even,115200,8,0,level,25,8,32,500,1,ACTIVE,regression,1,16,1,1,UVM_LOW,0,0,0.0,-O2 -sv,+UVM_TESTNAME=auto,r1p0,6,96,40.0,parity_stress_test,parity_stress_seq,APB4+UART
RUN-000203,irq_storm_test-000203,Irq_Storm,APB4,round_robin,8,0,2,odd,460800,4,0,edge,50,32,32,100,1,PASSIVE,regression,0,8,0,1,UVM_MEDIUM,0,0,0.0,-O2 -sv,+UVM_TESTNAME=auto -cm line+tgl,r1p0,11,48,20.0,irq_storm_test,irq_storm_seq,APB4+UART
RUN-000204,irq_storm_test-000204,Irq_Storm,APB3,static,8,1,1,odd,230400,16,0,level,50,32,32,50,1,ACTIVE,functional,0,8,1,1,UVM_LOW,0,0,0.0,-O2 -sv -assert svaext,+UVM_TESTNAME=auto -cm line+tgl,r2p0,9,192,20.0,irq_storm_test,irq_storm_seq,APB3+UART
RUN-000205,reset_recovery_test-000205,Reset_Recovery,APB4,priority,4,6,1,none,230400,64,1,level,25,16,16,500,2,ACTIVE,functional,0,4,0,1,UVM_LOW,1,1,0.0003,-O2 -sv -assert svaext,+UVM_TESTNAME=auto -cm line+tgl,r1p0,1,768,40.0,reset_recovery_test,reset_recovery_seq,APB4+UART
RUN-000206,uart_loopback_test-000206,Uart_Loopback,APB3,round_robin,2,3,1,odd,115200,16,0,level,200,16,32,50,1,ACTIVE,stress,0,16,1,1,UVM_MEDIUM,0,1,0.0359,-O2 -sv,+UVM_TESTNAME=auto,r1p2,2,192,5.0,uart_loopback_test,uart_loopback_seq,APB3+UART
RUN-000207,reset_recovery_test-000207,Reset_Recovery,APB4,round_robin,4,5,1,odd,115200,16,1,level,200,32,32,100,3,PASSIVE,stress,0,8,0,1,UVM_MEDIUM,0,1,0.013,-O2 -sv,+UVM_TESTNAME=auto -cm line+tgl,r2p0,0,192,5.0,reset_recovery_test,reset_recovery_seq,APB4+UART
RUN-000208,reg_sweep_test-000208,Reg_Sweep,APB4,priority,8,5,1,even,230400,64,0,edge,100,32,16,500,1,PASSIVE,functional,1,8,1,1,UVM_MEDIUM,0,0,0.0,-O2 -sv -assert svaext,+UVM_TESTNAME=auto,r1p2,5,768,10.0,reg_sweep_test,reg_sweep_seq,APB4+UART
RUN-000209,uart_loopback_test-000209,Uart_Loopback,APB4,priority,2,6,1,none,460800,16,0,level,50,8,32,250,2,PASSIVE,functional,0,4,1,1,UVM_LOW,0,0,0.0,-O2 -sv -assert svaext,+UVM_TESTNAME=auto -cm line+tgl,r1p2,4,192,20.0,uart_loopback_test,uart_loopback_seq,APB4+UART
RUN-000210,reset_recovery_test-000210,Reset_Recovery,APB4,priority,8,2,1,even,115200,4,1,edge,50,8,32,250,1,ACTIVE,functional,0,4,1,0,UVM_LOW,1,0,0.0,-O2 -sv,+UVM_TESTNAME=auto -cm line+tgl,r1p0,10,48,20.0,reset_recovery_test,reset_recovery_seq,APB4+UART
RUN-000211,irq_storm_test-000211,Irq_Storm,APB3,static,2,3,4,even,460800,16,1,edge,100,32,32,100,1,ACTIVE,stress,0,16,0,1,UVM_MEDIUM,0,1,0.0365,-O2 -sv -assert svaext,+UVM_TESTNAME=auto -cm line+tgl,r1p2,10,192,10.0,irq_storm_test,irq_storm_seq,APB3+UART
RUN-000212,reset_recovery_test-000212,Reset_Recovery,APB4,round_robin,8,4,1,even,230400,32,0,edge,50,8,32,100,1,ACTIVE,stress,0,8,0,0,UVM_MEDIUM,0,0,0.0,-O2 -sv,+UVM_TESTNAME=auto,r1p2,9,384,20.0,reset_recovery_test,reset_recovery_seq,APB4+UART
RUN-000213,dma_burst_test-000213,Dma_Burst,APB4,static,16,5,2,odd,460800,16,1,level,50,16,16,100,3,ACTIVE,functional,0,16,0,1,UVM_LOW,1,1,0.0213,-O2 -sv,+UVM_TESTNAME=auto,r2p0,2,192,20.0,dma_burst_test,dma_burst_seq,APB4+UART
RUN-000214,reg_sweep_test-000214,Reg_Sweep,APB4,static,2,0,2,odd,921600,8,1,edge,25,16,32,500,2,ACTIVE,functional,0,4,1,1,UVM_MEDIUM,0,0,0.0,-O2 -sv,+UVM_TESTNAME=auto,r1p2,0,96,40.0,reg_sweep_test,reg_sweep_seq,APB4+UART
RUN-000215,irq_storm_test-000215,Irq_Storm,APB3,static,8,0,2,even,115200,8,1,edge,100,16,16,100,1,ACTIVE,stress,0,16,1,1,UVM_LOW,0,1,0.0025,-O0 -sv -debug,+UVM_TESTNAME=auto -cm line+tgl,r1p2,6,96,10.0,irq_storm_test,irq_storm_seq,APB3+UART
RUN-000216,irq_storm_test-000216,Irq_Storm,APB4,round_robin,2,2,0,none,1500000,16,1,level,100,32,32,250,2,ACTIVE,stress,1,8,1,1,UVM_MEDIUM,1,0,0.0,-O2 -sv -assert svaext,+UVM_TESTNAME=auto -cm line+tgl,r1p0,3,192,10.0,irq_storm_test,irq_storm_seq,APB4+UART
RUN-000217,reg_sweep_test-000217,Reg_Sweep,APB4,round_robin,4,1,0,none,1500000,8,0,edge,100,8,16,250,2,ACTIVE,functional,0,8,0,1,UVM_MEDIUM,1,1,0.0237,-O0 -sv -debug,+UVM_TESTNAME=auto -cm line+tgl,r1p0,0,96,10.0,reg_sweep_test,reg_sweep_seq,APB4+UART
RUN-000218,irq_storm_test-000218,Irq_Storm,APB4,round_robin,8,7,2,none,115200,8,1,edge,25,8,32,100,2,ACTIVE,regression,0,4,1,1,UVM_LOW,1,0,0.0,-O2 -sv -assert svaext,+UVM_TESTNAME=auto,r2p0,1,96,40.0,irq_storm_test,irq_storm_seq,APB4+UART
RUN-000219,backpressure_test-000219,Backpressure,APB3,round_robin,2,1,1,even,115200,32,1,level,50,16,32,50,2,PASSIVE,functional,0,4,1,1,UVM_MEDIUM,0,0,0.0,-O0 -sv -debug,+UVM_TESTNAME=auto,r1p2,1,384,20.0,backpressure_test,backpressure_seq,APB3+UART
RUN-000220,parity_stress_test-000220,Parity_Stress,APB3,static,4,5,4,even,921600,32,1,edge,50,32,32,250,1,ACTIVE,functional,0,16,1,1,UVM_LOW,0,1,0.0031,-O0 -sv -debug,+UVM_TESTNAME=auto,r1p2,7,384,20.0,parity_stress_test,parity_stress_seq,APB3+UART
RUN-000221,backpressure_test-000221,Backpressure,APB4,round_robin,4,4,0,odd,460800,8,1,level,50,32,16,100,2,ACTIVE,regression,1,4,1,1,UVM_LOW,0,0,0.0,-O2 -sv,+UVM_TESTNAME=auto -cm line+tgl,r2p0,2,96,20.0,backpressure_test,backpressure_seq,APB4+UART
RUN-000222,irq_storm_test-000222,Irq_Storm,APB4,priority,2,5,0,even,921600,32,0,edge,200,32,32,100,1,ACTIVE,stress,1,4,1,1,UVM_LOW,0,1,0.012,-O2 -sv,+UVM_TESTNAME=auto,r1p0,5,384,5.0,irq_storm_test,irq_storm_seq,APB4+UART
RUN-000223,backpressure_test-000223,Backpressure,APB3,priority,2,4,2,none,1500000,16,1,level,25,16,16,250,3,ACTIVE,regression,0,8,1,1,UVM_MEDIUM,0,1,0.0231,-O2 -sv -assert svaext,+UVM_TESTNAME=auto -cm line+tgl,r1p2,0,192,40.0,backpressure_test,backpressure_seq,APB3+UART
RUN-000224,dma_burst_test-000224,Dma_Burst,APB3,round_robin,16,5,1,odd,921600,64,1,level,100,8,32,250,2,ACTIVE,functional,1,8,1,1,UVM_MEDIUM,0,1,0.0114,-O2 -sv,+UVM_TESTNAME=auto,r1p2,7,768,10.0,dma_burst_test,dma_burst_seq,APB3+UART
RUN-000225,irq_storm_test-000225,Irq_Storm,APB3,round_robin,4,5,1,even,115200,32,0,level,25,16,32,500,3,ACTIVE,functional,0,4,1,1,UVM_MEDIUM,1,1,0.0338,-O2 -sv,+UVM_TESTNAME=auto -cm line+tgl,r2p0,3,384,40.0,irq_storm_test,irq_storm_seq,APB3+UART
RUN-000226,dma_burst_test-000226,Dma_Burst,APB3,round_robin,2,1,2,none,115200,8,1,level,25,32,32,100,1,ACTIVE,stress,0,4,1,1,UVM_MEDIUM,1,1,0.0226,-O2 -sv -assert svaext,+UVM_TESTNAME=auto,r1p2,6,96,40.0,dma_burst_test,dma_burst_seq,APB3+UART
RUN-000227,irq_storm_test-000227,Irq_Storm,APB3,round_robin,8,1,2,odd,460800,32,0,level,50,16,16,50,3,ACTIVE,regression,0,4,0,1,UVM_LOW,0,0,0.0,-O0 -sv -debug,+UVM_TESTNAME=auto,r1p0,11,384,20.0,irq_storm_test,irq_storm_seq,APB3+UART
RUN-000228,irq_storm_test-000228,Irq_Storm,APB3,static,8,4,1,even,1500000,32,0,edge,25,8,16,100,1,PASSIVE,stress,1,8,0,1,UVM_MEDIUM,0,0,0.0,-O2 -sv -assert svaext,+UVM_TESTNAME=auto -cm line+tgl,r2p0,1,384,40.0,irq_storm_test,irq_storm_seq,APB3+UART
RUN-000229,backpressure_test-000229,Backpressure,APB4,priority,2,7,0,odd,921600,4,1,edge,25,32,16,250,2,ACTIVE,stress,0,8,1,1,UVM_HIGH,0,1,0.0078,-O2 -sv,+UVM_TESTNAME=auto,r1p0,11,48,40.0,backpressure_test,backpressure_seq,APB4+UART
RUN-000230,reset_recovery_test-000230,Reset_Recovery,APB4,static,8,2,1,even,115200,32,0,edge,100,32,16,250,2,ACTIVE,functional,1,16,1,1,UVM_LOW,1,0,0.0,-O2 -sv,+UVM_TESTNAME=auto,r2p0,6,384,10.0,reset_recovery_test,reset_recovery_seq,APB4+UART
RUN-000231,reg_sweep_test-000231,Reg_Sweep,APB3,round_robin,2,4,2,none,921600,32,0,edge,100,8,16,250,1,ACTIVE,functional,0,8,1,0,UVM_MEDIUM,0,1,0.0039,-O2 -sv,+UVM_TESTNAME=auto -cm line+tgl,r1p2,5,384,10.0,reg_sweep_test,reg_sweep_seq,APB3+UART
RUN-000232,uart_loopback_test-000232,Uart_Loopback,APB4,round_robin,2,7,0,none,230400,8,1,level,100,16,32,100,1,ACTIVE,regression,0,16,1,1,UVM_HIGH,1,0,0.0,-O2 -sv,+UVM_TESTNAME=auto -cm line+tgl,r1p0,0,96,10.0,uart_loopback_test,uart_loopback_seq,APB4+UART
RUN-000233,uart_loopback_test-000233,Uart_Loopback,APB4,static,4,4,2,even,921600,16,0,level,25,32,32,50,1,ACTIVE,functional,1,8,1,1,UVM_MEDIUM,1,1,0.0139,-O2 -sv,+UVM_TESTNAME=auto -cm line+tgl,r2p0,1,192,40.0,uart_loopback_test,uart_loopback_seq,APB4+UART
RUN-000234,parity_stress_test-000234,Parity_Stress,APB4,round_robin,16,6,1,odd,115200,16,1,edge,200,32,32,50,2,ACTIVE,stress,1,8,1,1,UVM_MEDIUM,0,0,0.0,-O2 -sv -assert svaext,+UVM_TESTNAME=auto,r2p0,1,192,5.0,parity_stress_test,parity_stress_seq,APB4+UART
RUN-000235,irq_storm_test-000235,Irq_Storm,APB3,priority,4,6,0,none,921600,4,0,level,200,32,32,100,2,ACTIVE,functional,1,16,0,1,UVM_MEDIUM,1,0,0.0,-O2 -sv -assert svaext,+UVM_TESTNAME=auto,r1p0,10,48,5.0,irq_storm_test,irq_storm_seq,APB3+UART
RUN-000236,reg_sweep_test-000236,Reg_Sweep,APB3,round_robin,4,4,1,odd,230400,16,1,level,100,32,32,50,3,ACTIVE,stress,0,8,0,1,UVM_MEDIUM,1,1,0.0093,-O0 -sv -debug,+UVM_TESTNAME=auto,r1p0,7,192,10.0,reg_sweep_test,reg_sweep_seq,APB3+UART
RUN-000237,uart_loopback_test-000237,Uart_Loopback,APB3,static,4,5,0,even,115200,4,1,level,100,32,32,250,1,ACTIVE,functional,0,4,0,1,UVM_HIGH,1,1,0.023,-O2 -sv,+UVM_TESTNAME=auto,r2p0,7,48,10.0,uart_loopback_test,uart_loopback_seq,APB3+UART
RUN-000238,backpressure_test-000238,Backpressure,APB3,priority,4,0,1,none,115200,8,0,level,200,32,32,100,3,ACTIVE,functional,0,4,1,1,UVM_MEDIUM,0,0,0.0,-O2 -sv,+UVM_TESTNAME=auto,r1p2,10,96,5.0,backpressure_test,backpressure_seq,APB3+UART
RUN-000239,uart_loopback_test-000239,Uart_Loopback,APB3,static,16,3,2,odd,115200,4,0,edge,50,32,32,500,1,ACTIVE,stress,0,8,1,1,UVM_HIGH,0,0,0.0,-O2 -sv,+UVM_TESTNAME=auto -cm line+tgl,r1p2,6,48,20.0,uart_loopback_test,uart_loopback_seq,APB3+UART
RUN-000240,backpressure_test-000240,Backpressure,APB4,priority,4,0,1,none,921600,8,1,level,50,16,32,100,1,ACTIVE,stress,1,4,1,1,UVM_MEDIUM,0,0,0.0,-O0 -sv -debug,+UVM_TESTNAME=auto -cm line+tgl,r1p0,4,96,20.0,backpressure_test,backpressure_seq,APB4+UART
RUN-000241,parity_stress_test-000241,Parity_Stress,APB4,priority,16,0,4,even,1500000,64,1,level,100,8,16,250,2,ACTIVE,stress,0,8,1,0,UVM_MEDIUM,0,0,0.0,-O2 -sv -assert svaext,+UVM_TESTNAME=auto -cm line+tgl,r1p0,5,768,10.0,parity_stress_test,parity_stress_seq,APB4+UART
RUN-000242,parity_stress_test-000242,Parity_Stress,APB3,static,16,3,0,even,115200,32,1,edge,100,32,16,50,1,ACTIVE,regression,0,16,0,1,UVM_MEDIUM,0,0,0.0,-O2 -sv,+UVM_TESTNAME=auto,r2p0,10,384,10.0,parity_stress_test,parity_stress_seq,APB3+UART
RUN-000243,dma_burst_test-000243,Dma_Burst,APB4,static,4,1,2,none,921600,8,0,edge,100,32,16,50,2,ACTIVE,stress,0,8,0,1,UVM_MEDIUM,0,0,0.0,-O2 -sv,+UVM_TESTNAME=auto -cm line+tgl,r1p0,9,96,10.0,dma_burst_test,dma_burst_seq,APB4+UART
RUN-000244,uart_loopback_test-000244,Uart_Loopback,APB4,static,4,2,2,none,921600,32,1,edge,200,16,32,100,2,ACTIVE,regression,0,8,1,1,UVM_MEDIUM,1,0,0.0,-O2 -sv -assert svaext,+UVM_TESTNAME=auto,r1p2,11,384,5.0,uart_loopback_test,uart_loopback_seq,APB4+UART
RUN-000245,reg_sweep_test-000245,Reg_Sweep,APB4,round_robin,4,7,4,none,460800,16,1,edge,50,32,32,500,1,ACTIVE,functional,0,8,1,1,UVM_HIGH,0,1,0.0321,-O2 -sv -assert svaext,+UVM_TESTNAME=auto,r1p2,7,192,20.0,reg_sweep_test,reg_sweep_seq,APB4+UART
RUN-000246,reg_sweep_test-000246,Reg_Sweep,APB3,static,2,6,0,even,1500000,64,1,level,100,32,32,250,2,ACTIVE,functional,0,16,1,1,UVM_MEDIUM,1,0,0.0,-O2 -sv -assert svaext,+UVM_TESTNAME=auto -cm line+tgl,r2p0,4,768,10.0,reg_sweep_test,reg_sweep_seq,APB3+UART
RUN-000247,reg_sweep_test-000247,Reg_Sweep,APB4,priority,4,0,1,odd,115200,32,0,edge,100,32,32,100,1,ACTIVE,regression,0,16,0,1,UVM_MEDIUM,1,1,0.0152,-O2 -sv,+UVM_TESTNAME=auto,r2p0,4,384,10.0,reg_sweep_test,reg_sweep_seq,APB4+UART
RUN-000248,reset_recovery_test-000248,Reset_Recovery,APB4,priority,16,7,0,none,230400,64,1,level,50,32,32,250,3,ACTIVE,stress,0,8,0,1,UVM_MEDIUM,0,0,0.0,-O2 -sv,+UVM_TESTNAME=auto,r1p0,4,768,20.0,reset_recovery_test,reset_recovery_seq,APB4+UART
RUN-000249,uart_loopback_test-000249,Uart_Loopback,APB3,static,8,7,0,odd,1500000,16,1,edge,100,32,32,250,1,ACTIVE,stress,0,4,1,0,UVM_HIGH,0,0,0.0,-O0 -sv -debug,+UVM_TESTNAME=auto,r1p0,7,192,10.0,uart_loopback_test,uart_loopback_seq,APB3+UART
RUN-000250,uart_loopback_test-000250,Uart_Loopback,APB3,priority,8,3,1,odd,115200,32,1,level,25,32,32,50,2,ACTIVE,stress,0,8,1,1,UVM_MEDIUM,1,0,0.0,-O2 -sv -assert svaext,+UVM_TESTNAME=auto,r1p0,4,384,40.0,uart_loopback_test,uart_loopback_seq,APB3+UART
RUN-000251,reset_recovery_test-000251,Reset_Recovery,APB4,static,4,0,1,even,921600,4,1,edge,100,32,16,100,1,ACTIVE,regression,1,16,0,1,UVM_MEDIUM,0,0,0.0,-O2 -sv -assert svaext,+UVM_TESTNAME=auto,r2p0,7,48,10.0,reset_recovery_test,reset_recovery_seq,APB4+UART
RUN-000252,reg_sweep_test-000252,Reg_Sweep,APB4,priority,4,4,0,even,921600,32,0,edge,100,32,32,250,2,ACTIVE,functional,1,4,1,1,UVM_LOW,0,1,0.0042,-O0 -sv -debug,+UVM_TESTNAME=auto,r1p2,5,384,10.0,reg_sweep_test,reg_sweep_seq,APB4+UART
RUN-000253,reg_sweep_test-000253,Reg_Sweep,APB4,round_robin,2,6,0,none,921600,16,1,level,100,32,32,100,2,ACTIVE,regression,1,8,0,1,UVM_LOW,1,1,0.0364,-O2 -sv,+UVM_TESTNAME=auto,r1p2,8,192,10.0,reg_sweep_test,reg_sweep_seq,APB4+UART
RUN-000254,uart_loopback_test-000254,Uart_Loopback,APB4,round_robin,8,1,1,none,230400,64,1,level,50,8,16,100,1,ACTIVE,regression,0,4,0,0,UVM_HIGH,0,0,0.0,-O0 -sv -debug,+UVM_TESTNAME=auto,r1p0,7,768,20.0,uart_loopback_test,uart_loopback_seq,APB4+UART
RUN-000255,reset_recovery_test-000255,Reset_Recovery,APB4,static,2,4,2,none,115200,64,0,edge,100,8,16,500,2,ACTIVE,regression,0,4,0,1,UVM_MEDIUM,1,0,0.0,-O2 -sv,+UVM_TESTNAME=auto -cm line+tgl,r1p2,8,768,10.0,reset_recovery_test,reset_recovery_seq,APB4+UART
RUN-000256,reg_sweep_test-000256,Reg_Sweep,APB3,priority,8,6,1,odd,921600,64,1,edge,100,16,32,250,2,ACTIVE,functional,0,4,1,0,UVM_LOW,1,0,0.0,-O0 -sv -debug,+UVM_TESTNAME=auto,r2p0,5,768,10.0,reg_sweep_test,reg_sweep_seq,APB3+UART
RUN-000257,uart_loopback_test-000257,Uart_Loopback,APB4,priority,4,6,0,odd,460800,4,0,edge,50,8,32,500,1,ACTIVE,functional,1,4,1,1,UVM_MEDIUM,0,1,0.0098,-O0 -sv -debug,+UVM_TESTNAME=auto,r2p0,9,48,20.0,uart_loopback_test,uart_loopback_seq,APB4+UART
RUN-000258,parity_stress_test-000258,Parity_Stress,APB4,round_robin,4,3,1,even,115200,4,0,level,200,32,32,50,1,ACTIVE,stress,0,8,0,1,UVM_MEDIUM,0,0,0.0,-O2 -sv -assert svaext,+UVM_TESTNAME=auto -cm line+tgl,r1p2,8,48,5.0,parity_stress_test,parity_stress_seq,APB4+UART
RUN-000259,reset_recovery_test-000259,Reset_Recovery,APB3,round_robin,4,2,2,even,115200,8,0,edge,200,16,32,500,1,ACTIVE,functional,0,8,1,1,UVM_MEDIUM,1,0,0.0,-O2 -sv,+UVM_TESTNAME=auto,r2p0,4,96,5.0,reset_recovery_test,reset_recovery_seq,APB3+UART
RUN-000260,backpressure_test-000260,Backpressure,APB4,static,4,7,4,odd,921600,8,1,level,100,32,32,500,2,ACTIVE,functional,0,4,0,1,UVM_MEDIUM,0,1,0.039,-O2 -sv,+UVM_TESTNAME=auto -cm line+tgl,r1p0,10,96,10.0,backpressure_test,backpressure_seq,APB4+UART
RUN-000261,reg_sweep_test-000261,Reg_Sweep,APB3,round_robin,2,7,2,even,115200,32,1,level,25,32,16,250,3,ACTIVE,regression,0,16,0,1,UVM_HIGH,1,0,0.0,-O2 -sv -assert svaext,+UVM_TESTNAME=auto -cm line+tgl,r1p0,2,384,40.0,reg_sweep_test,reg_sweep_seq,APB3+UART
RUN-000262,backpressure_test-000262,Backpressure,APB3,priority,8,2,2,none,115200,8,0,level,200,16,32,50,3,ACTIVE,regression,0,4,1,1,UVM_LOW,0,1,0.0149,-O2 -sv,+UVM_TESTNAME=auto,r2p0,10,96,5.0,backpressure_test,backpressure_seq,APB3+UART
RUN-000263,parity_stress_test-000263,Parity_Stress,APB3,round_robin,8,4,1,none,1500000,16,0,level,100,32,16,100,1,PASSIVE,regression,1,4,1,1,UVM_LOW,0,0,0.0,-O2 -sv -assert svaext,+UVM_TESTNAME=auto,r1p2,6,192,10.0,parity_stress_test,parity_stress_seq,APB3+UART
RUN-000264,backpressure_test-000264,Backpressure,APB4,round_robin,16,4,1,even,230400,8,0,level,50,16,16,50,2,PASSIVE,functional,0,4,1,1,UVM_MEDIUM,0,0,0.0,-O2 -sv,+UVM_TESTNAME=auto -cm line+tgl,r1p0,6,96,20.0,backpressure_test,backpressure_seq,APB4+UART
RUN-000265,irq_storm_test-000265,Irq_Storm,APB4,priority,2,7,0,odd,1500000,4,0,level,200,32,32,100,3,ACTIVE,stress,1,4,1,1,UVM_LOW,0,0,0.0,-O2 -sv -assert svaext,+UVM_TESTNAME=auto,r1p0,1,48,5.0,irq_storm_test,irq_storm_seq,APB4+UART
RUN-000266,backpressure_test-000266,Backpressure,APB4,priority,8,6,0,odd,921600,4,0,edge,200,16,32,500,1,ACTIVE,stress,0,8,0,0,UVM_MEDIUM,0,1,0.0152,-O0 -sv -debug,+UVM_TESTNAME=auto -cm line+tgl,r2p0,11,48,5.0,backpressure_test,backpressure_seq,APB4+UART
RUN-000267,reset_recovery_test-000267,Reset_Recovery,APB4,priority,4,2,1,none,921600,64,1,edge,200,32,32,50,1,ACTIVE,stress,1,4,1,1,UVM_MEDIUM,0,0,0.0,-O0 -sv -debug,+UVM_TESTNAME=auto,r1p2,2,768,5.0,reset_recovery_test,reset_recovery_seq,APB4+UART
RUN-000268,dma_burst_test-000268,Dma_Burst,APB4,static,4,7,2,none,1500000,16,1,edge,100,16,16,100,2,ACTIVE,functional,1,4,1,0,UVM_MEDIUM,0,0,0.0,-O2 -sv -assert svaext,+UVM_TESTNAME=auto,r1p0,9,192,10.0,dma_burst_test,dma_burst_seq,APB4+UART
RUN-000269,backpressure_test-000269,Backpressure,APB3,static,8,3,2,even,1500000,32,1,level,200,8,32,100,1,ACTIVE,functional,1,8,1,1,UVM_LOW,0,0,0.0,-O2 -sv,+UVM_TESTNAME=auto -cm line+tgl,r1p0,8,384,5.0,backpressure_test,backpressure_seq,APB3+UART
RUN-000270,irq_storm_test-000270,Irq_Storm,APB4,static,2,4,0,even,230400,32,0,level,100,16,32,250,2,PASSIVE,functional,0,4,1,1,UVM_MEDIUM,0,0,0.0,-O2 -sv,+UVM_TESTNAME=auto,r1p0,9,384,10.0,irq_storm_test,irq_storm_seq,APB4+UART
RUN-000271,irq_storm_test-000271,Irq_Storm,APB4,priority,2,5,0,none,115200,16,1,level,100,32,16,250,3,ACTIVE,functional,0,16,1,1,UVM_LOW,0,0,0.0,-O2 -sv,+UVM_TESTNAME=auto,r2p0,7,192,10.0,irq_storm_test,irq_storm_seq,APB4+UART
RUN-000272,dma_burst_test-000272,Dma_Burst,APB4,static,8,5,0,odd,1500000,16,1,edge,100,16,32,100,2,ACTIVE,functional,0,16,0,1,UVM_HIGH,0,1,0.0253,-O2 -sv -assert svaext,+UVM_TESTNAME=auto -cm line+tgl,r1p0,3,192,10.0,dma_burst_test,dma_burst_seq,APB4+UART
RUN-000273,dma_burst_test-000273,Dma_Burst,APB3,priority,2,7,1,odd,230400,32,0,level,100,32,16,50,2,ACTIVE,functional,0,16,1,0,UVM_LOW,0,0,0.0,-O2 -sv -assert svaext,+UVM_TESTNAME=auto,r1p0,0,384,10.0,dma_burst_test,dma_burst_seq,APB3+UART
RUN-000274,reg_sweep_test-000274,Reg_Sweep,APB4,priority,2,5,0,none,1500000,4,0,edge,100,16,32,250,2,ACTIVE,functional,0,4,0,1,UVM_LOW,1,1,0.0108,-O2 -sv,+UVM_TESTNAME=auto -cm line+tgl,r2p0,7,48,10.0,reg_sweep_test,reg_sweep_seq,APB4+UART
RUN-000275,reset_recovery_test-000275,Reset_Recovery,APB3,round_robin,2,6,4,none,230400,64,0,level,50,16,32,250,2,PASSIVE,stress,0,4,0,1,UVM_LOW,0,1,0.0061,-O2 -sv -assert svaext,+UVM_TESTNAME=auto,r1p2,3,768,20.0,reset_recovery_test,reset_recovery_seq,APB3+UART
RUN-000276,irq_storm_test-000276,Irq_Storm,APB4,round_robin,2,1,2,odd,460800,32,0,level,200,32,32,250,3,ACTIVE,stress,1,8,1,1,UVM_LOW,1,1,0.0103,-O2 -sv -assert svaext,+UVM_TESTNAME=auto,r1p0,10,384,5.0,irq_storm_test,irq_storm_seq,APB4+UART
RUN-000277,irq_storm_test-000277,Irq_Storm,APB4,static,8,3,0,none,230400,32,0,edge,200,8,32,100,2,ACTIVE,stress,0,16,1,1,UVM_LOW,0,0,0.0,-O2 -sv,+UVM_TESTNAME=auto -cm line+tgl,r1p2,8,384,5.0,irq_storm_test,irq_storm_seq,APB4+UART
RUN-000278,uart_loopback_test-000278,Uart_Loopback,APB3,priority,16,4,0,none,1500000,8,1,level,100,8,32,100,3,ACTIVE,stress,0,4,1,0,UVM_LOW,0,0,0.0,-O2 -sv -assert svaext,+UVM_TESTNAME=auto,r1p0,7,96,10.0,uart_loopback_test,uart_loopback_seq,APB3+UART
RUN-000279,irq_storm_test-000279,Irq_Storm,APB4,round_robin,2,2,0,even,115200,4,1,level,25,16,16,50,2,ACTIVE,stress,0,16,0,1,UVM_MEDIUM,0,0,0.0,-O2 -sv,+UVM_TESTNAME=auto -cm line+tgl,r1p2,5,48,40.0,irq_storm_test,irq_storm_seq,APB4+UART
RUN-000280,reg_sweep_test-000280,Reg_Sweep,APB4,round_robin,4,0,4,none,921600,8,1,level,25,16,32,500,2,ACTIVE,functional,0,4,0,1,UVM_LOW,0,1,0.0267,-O2 -sv,+UVM_TESTNAME=auto,r1p2,5,96,40.0,reg_sweep_test,reg_sweep_seq,APB4+UART
RUN-000281,dma_burst_test-000281,Dma_Burst,APB3,round_robin,4,7,2,even,1500000,16,0,level,200,8,32,250,2,ACTIVE,functional,1,16,1,1,UVM_MEDIUM,0,1,0.019,-O2 -sv,+UVM_TESTNAME=auto,r1p2,4,192,5.0,dma_burst_test,dma_burst_seq,APB3+UART
RUN-000282,irq_storm_test-000282,Irq_Storm,APB4,priority,8,5,2,none,921600,32,0,level,25,16,32,500,1,ACTIVE,functional,0,4,1,0,UVM_LOW,1,0,0.0,-O2 -sv,+UVM_TESTNAME=auto,r1p0,9,384,40.0,irq_storm_test,irq_storm_seq,APB4+UART
RUN-000283,uart_loopback_test-000283,Uart_Loopback,APB4,static,8,2,0,even,1500000,16,0,level,50,32,16,500,2,ACTIVE,functional,0,16,1,1,UVM_LOW,1,1,0.0396,-O2 -sv,+UVM_TESTNAME=auto -cm line+tgl,r2p0,3,192,20.0,uart_loopback_test,uart_loopback_seq,APB4+UART
RUN-000284,uart_loopback_test-000284,Uart_Loopback,APB4,priority,16,2,2,odd,115200,64,0,edge,200,16,32,250,3,ACTIVE,functional,1,4,1,1,UVM_HIGH,0,1,0.0099,-O0 -sv -debug,+UVM_TESTNAME=auto,r2p0,1,768,5.0,uart_loopback_test,uart_loopback_seq,APB4+UART
RUN-000285,irq_storm_test-000285,Irq_Storm,APB3,round_robin,16,4,1,none,230400,32,0,edge,50,16,32,100,2,ACTIVE,functional,0,8,1,0,UVM_HIGH,0,0,0.0,-O0 -sv -debug,+UVM_TESTNAME=auto -cm line+tgl,r1p0,1,384,20.0,irq_storm_test,irq_storm_seq,APB3+UART
RUN-000286,reg_sweep_test-000286,Reg_Sweep,APB4,priority,4,0,2,odd,230400,8,1,edge,100,32,32,500,2,ACTIVE,functional,0,8,1,0,UVM_LOW,0,0,0.0,-O2 -sv,+UVM_TESTNAME=auto,r1p0,1,96,10.0,reg_sweep_test,reg_sweep_seq,APB4+UART
RUN-000287,reg_sweep_test-000287,Reg_Sweep,APB3,priority,8,4,0,even,1500000,8,0,level,25,16,32,100,3,ACTIVE,functional,0,16,0,1,UVM_MEDIUM,1,0,0.0,-O2 -sv,+UVM_TESTNAME=auto,r1p0,11,96,40.0,reg_sweep_test,reg_sweep_seq,APB3+UART
RUN-000288,reg_sweep_test-000288,Reg_Sweep,APB4,round_robin,4,0,1,none,115200,16,0,level,50,16,16,50,1,ACTIVE,regression,0,8,0,1,UVM_MEDIUM,0,1,0.0041,-O0 -sv -debug,+UVM_TESTNAME=auto -cm line+tgl,r2p0,5,192,20.0,reg_sweep_test,reg_sweep_seq,APB4+UART
RUN-000289,uart_loopback_test-000289,Uart_Loopback,APB3,static,8,7,1,odd,460800,8,1,level,25,8,16,50,2,ACTIVE,regression,0,8,1,1,UVM_MEDIUM,1,0,0.0,-O2 -sv,+UVM_TESTNAME=auto -cm line+tgl,r1p2,2,96,40.0,uart_loopback_test,uart_loopback_seq,APB3+UART
RUN-000290,parity_stress_test-000290,Parity_Stress,APB3,static,8,1,1,odd,230400,64,1,edge,200,32,32,50,3,ACTIVE,regression,0,4,1,1,UVM_LOW,0,1,0.0227,-O2 -sv -assert svaext,+UVM_TESTNAME=auto,r1p2,10,768,5.0,parity_stress_test,parity_stress_seq,APB3+UART
RUN-000291,reset_recovery_test-000291,Reset_Recovery,APB4,priority,2,1,1,even,230400,4,0,edge,25,8,16,500,3,ACTIVE,stress,1,8,1,1,UVM_MEDIUM,0,1,0.0222,-O2 -sv,+UVM_TESTNAME=auto -cm line+tgl,r1p0,0,48,40.0,reset_recovery_test,reset_recovery_seq,APB4+UART
RUN-000292,dma_burst_test-000292,Dma_Burst,APB4,priority,4,2,0,odd,460800,32,1,edge,100,16,32,50,1,ACTIVE,functional,0,4,1,1,UVM_MEDIUM,0,1,0.0297,-O2 -sv,+UVM_TESTNAME=auto,r2p0,2,384,10.0,dma_burst_test,dma_burst_seq,APB4+UART
RUN-000293,backpressure_test-000293,Backpressure,APB3,static,4,2,1,none,460800,16,1,level,200,32,16,50,3,ACTIVE,regression,0,4,1,1,UVM_MEDIUM,1,0,0.0,-O0 -sv -debug,+UVM_TESTNAME=auto,r1p0,7,192,5.0,backpressure_test,backpressure_seq,APB3+UART
RUN-000294,dma_burst_test-000294,Dma_Burst,APB4,priority,2,6,4,even,921600,32,0,level,100,32,16,100,1,ACTIVE,regression,0,8,1,1,UVM_LOW,0,1,0.0015,-O2 -sv,+UVM_TESTNAME=auto,r1p0,11,384,10.0,dma_burst_test,dma_burst_seq,APB4+UART
RUN-000295,backpressure_test-000295,Backpressure,APB3,static,8,2,1,odd,230400,4,1,level,25,8,32,250,1,ACTIVE,functional,0,16,1,1,UVM_LOW,0,1,0.0098,-O0 -sv -debug,+UVM_TESTNAME=auto,r1p2,6,48,40.0,backpressure_test,backpressure_seq,APB3+UART
RUN-000296,backpressure_test-000296,Backpressure,APB4,round_robin,8,6,4,none,921600,4,0,edge,50,16,32,50,2,ACTIVE,stress,0,8,0,1,UVM_MEDIUM,0,0,0.0,-O2 -sv,+UVM_TESTNAME=auto -cm line+tgl,r2p0,11,48,20.0,backpressure_test,backpressure_seq,APB4+UART
RUN-000297,reg_sweep_test-000297,Reg_Sweep,APB4,round_robin,16,3,0,even,230400,16,1,level,200,32,32,250,1,ACTIVE,stress,0,4,1,1,UVM_HIGH,0,0,0.0,-O2 -sv -assert svaext,+UVM_TESTNAME=auto -cm line+tgl,r1p2,8,192,5.0,reg_sweep_test,reg_sweep_seq,APB4+UART
RUN-000298,irq_storm_test-000298,Irq_Storm,APB4,priority,2,5,0,even,460800,64,0,level,25,16,32,50,2,PASSIVE,regression,0,16,0,1,UVM_LOW,1,0,0.0,-O2 -sv -assert svaext,+UVM_TESTNAME=auto,r1p2,9,768,40.0,irq_storm_test,irq_storm_seq,APB4+UART
RUN-000299,uart_loopback_test-000299,Uart_Loopback,APB4,static,2,2,0,none,115200,8,1,edge,100,8,32,50,1,ACTIVE,functional,1,8,1,1,UVM_MEDIUM,1,0,0.0,-O2 -sv,+UVM_TESTNAME=auto,r1p2,7,96,10.0,uart_loopback_test,uart_loopback_seq,APB4+UART
RUN-000300,parity_stress_test-000300,Parity_Stress,APB3,round_robin,8,6,0,even,230400,32,0,level,100,16,32,100,1,ACTIVE,regression,0,8,1,1,UVM_MEDIUM,1,1,0.0171,-O2 -sv,+UVM_TESTNAME=auto,r2p0,2,384,10.0,parity_stress_test,parity_stress_seq,APB3+UART
RUN-000301,irq_storm_test-000301,Irq_Storm,APB4,static,8,2,4,odd,460800,16,1,level,200,16,32,50,3,PASSIVE,functional,0,8,1,1,UVM_MEDIUM,0,0,0.0,-O0 -sv -debug,+UVM_TESTNAME=auto,r2p0,2,192,5.0,irq_storm_test,irq_storm_seq,APB4+UART
RUN-000302,parity_stress_test-000302,Parity_Stress,APB4,round_robin,8,1,1,even,460800,4,0,level,200,32,32,50,2,ACTIVE,regression,0,16,1,1,UVM_LOW,1,0,0.0,-O2 -sv,+UVM_TESTNAME=auto,r1p0,11,48,5.0,parity_stress_test,parity_stress_seq,APB4+UART
RUN-000303,reset_recovery_test-000303,Reset_Recovery,APB4,priority,2,2,1,none,460800,16,1,level,50,32,16,100,1,ACTIVE,stress,0,16,1,1,UVM_LOW,0,0,0.0,-O2 -sv -assert svaext,+UVM_TESTNAME=auto,r2p0,9,192,20.0,reset_recovery_test,reset_recovery_seq,APB4+UART
RUN-000304,dma_burst_test-000304,Dma_Burst,APB3,static,2,7,4,odd,460800,32,1,edge,50,32,32,100,3,ACTIVE,regression,0,4,1,0,UVM_LOW,0,0,0.0,-O2 -sv,+UVM_TESTNAME=auto -cm line+tgl,r1p0,1,384,20.0,dma_burst_test,dma_burst_seq,APB3+UART
RUN-000305,reset_recovery_test-000305,Reset_Recovery,APB3,priority,8,0,2,even,115200,32,0,level,50,32,32,50,2,ACTIVE,stress,1,4,1,1,UVM_MEDIUM,1,1,0.0286,-O0 -sv -debug,+UVM_TESTNAME=auto,r2p0,6,384,20.0,reset_recovery_test,reset_recovery_seq,APB3+UART
RUN-000306,parity_stress_test-000306,Parity_Stress,APB3,priority,4,5,0,none,115200,8,0,edge,50,32,32,100,3,ACTIVE,functional,1,16,0,1,UVM_LOW,0,0,0.0,-O2 -sv -assert svaext,+UVM_TESTNAME=auto,r2p0,8,96,20.0,parity_stress_test,parity_stress_seq,APB3+UART
RUN-000307,uart_loopback_test-000307,Uart_Loopback,APB4,priority,2,4,1,none,230400,16,0,level,200,32,16,500,3,ACTIVE,stress,0,4,1,1,UVM_MEDIUM,0,1,0.03,-O2 -sv -assert svaext,+UVM_TESTNAME=auto,r1p0,7,192,5.0,uart_loopback_test,uart_loopback_seq,APB4+UART
RUN-000308,dma_burst_test-000308,Dma_Burst,APB4,priority,2,6,0,none,460800,32,1,level,25,16,16,500,1,ACTIVE,stress,0,4,1,1,UVM_LOW,0,1,0.0011,-O0 -sv -debug,+UVM_TESTNAME=auto,r1p0,2,384,40.0,dma_burst_test,dma_burst_seq,APB4+UART
RUN-000309,reg_sweep_test-000309,Reg_Sweep,APB4,round_robin,8,2,1,odd,1500000,32,1,level,50,16,32,100,3,ACTIVE,functional,0,8,1,0,UVM_MEDIUM,0,0,0.0,-O2 -sv,+UVM_TESTNAME=auto,r1p0,1,384,20.0,reg_sweep_test,reg_sweep_seq,APB4+UART
RUN-000310,dma_burst_test-000310,Dma_Burst,APB3,static,4,3,0,even,230400,8,1,edge,100,8,32,100,1,ACTIVE,functional,0,8,0,1,UVM_MEDIUM,0,0,0.0,-O2 -sv -assert svaext,+UVM_TESTNAME=auto,r1p2,10,96,10.0,dma_burst_test,dma_burst_seq,APB3+UART
RUN-000311,dma_burst_test-000311,Dma_Burst,APB4,round_robin,4,0,4,odd,460800,8,1,level,200,8,32,50,2,ACTIVE,functional,0,4,0,1,UVM_HIGH,1,0,0.0,-O2 -sv,+UVM_TESTNAME=auto -cm line+tgl,r1p0,11,96,5.0,dma_burst_test,dma_burst_seq,APB4+UART
RUN-000312,dma_burst_test-000312,Dma_Burst,APB3,priority,4,3,2,odd,230400,16,1,edge,100,8,32,100,2,ACTIVE,stress,0,4,0,1,UVM_LOW,0,0,0.0,-O2 -sv -assert svaext,+UVM_TESTNAME=auto,r1p0,3,192,10.0,dma_burst_test,dma_burst_seq,APB3+UART
RUN-000313,reg_sweep_test-000313,Reg_Sweep,APB3,static,16,3,0,none,115200,32,1,edge,200,16,16,50,1,PASSIVE,functional,0,8,0,1,UVM_LOW,1,0,0.0,-O2 -sv,+UVM_TESTNAME=auto,r2p0,9,384,5.0,reg_sweep_test,reg_sweep_seq,APB3+UART
RUN-000314,irq_storm_test-000314,Irq_Storm,APB4,static,4,2,2,odd,230400,16,1,edge,25,32,16,50,3,ACTIVE,functional,0,4,1,1,UVM_HIGH,1,0,0.0,-O0 -sv -debug,+UVM_TESTNAME=auto -cm line+tgl,r1p2,9,192,40.0,irq_storm_test,irq_storm_seq,APB4+UART
RUN-000315,dma_burst_test-000315,Dma_Burst,APB4,round_robin,2,4,0,none,460800,8,0,level,100,32,16,50,1,ACTIVE,regression,1,16,0,1,UVM_MEDIUM,1,0,0.0,-O2 -sv -assert svaext,+UVM_TESTNAME=auto,r1p0,1,96,10.0,dma_burst_test,dma_burst_seq,APB4+UART
RUN-000316,dma_burst_test-000316,Dma_Burst,APB3,priority,4,7,2,odd,115200,32,0,level,100,16,16,50,3,ACTIVE,regression,0,4,1,0,UVM_LOW,0,0,0.0,-O2 -sv,+UVM_TESTNAME=auto,r1p0,3,384,10.0,dma_burst_test,dma_burst_seq,APB3+UART
RUN-000317,backpressure_test-000317,Backpressure,APB4,round_robin,8,7,0,none,115200,16,0,level,25,32,32,50,2,ACTIVE,functional,0,16,1,1,UVM_MEDIUM,0,1,0.0293,-O2 -sv,+UVM_TESTNAME=auto,r1p0,3,192,40.0,backpressure_test,backpressure_seq,APB4+UART
RUN-000318,dma_burst_test-000318,Dma_Burst,APB4,round_robin,2,6,1,odd,230400,16,0,edge,25,32,32,500,1,ACTIVE,stress,1,8,0,0,UVM_LOW,1,0,0.0,-O0 -sv -debug,+UVM_TESTNAME=auto,r2p0,10,192,40.0,dma_burst_test,dma_burst_seq,APB4+UART
RUN-000319,reg_sweep_test-000319,Reg_Sweep,APB3,round_robin,2,7,2,odd,230400,32,1,level,50,8,32,100,2,PASSIVE,regression,0,16,0,1,UVM_LOW,1,0,0.0,-O2 -sv,+UVM_TESTNAME=auto -cm line+tgl,r2p0,7,384,20.0,reg_sweep_test,reg_sweep_seq,APB3+UART
RUN-000320,dma_burst_test-000320,Dma_Burst,APB4,round_robin,2,3,0,even,921600,8,1,level,100,16,16,500,2,ACTIVE,functional,1,8,1,1,UVM_LOW,0,0,0.0,-O2 -sv -assert svaext,+UVM_TESTNAME=auto,r2p0,4,96,10.0,dma_burst_test,dma_burst_seq,APB4+UART
RUN-000321,reset_recovery_test-000321,Reset_Recovery,APB4,static,8,2,0,none,230400,16,1,edge,100,16,32,50,1,ACTIVE,functional,1,4,1,1,UVM_MEDIUM,0,0,0.0,-O2 -sv,+UVM_TESTNAME=auto,r1p2,6,192,10.0,reset_recovery_test,reset_recovery_seq,APB4+UART
RUN-000322,uart_loopback_test-000322,Uart_Loopback,APB3,priority,4,7,1,even,921600,4,0,edge,200,32,16,100,2,ACTIVE,functional,1,4,1,1,UVM_LOW,0,0,0.0,-O0 -sv -debug,+UVM_TESTNAME=auto,r1p0,11,48,5.0,uart_loopback_test,uart_loopback_seq,APB3+UART
RUN-000323,reg_sweep_test-000323,Reg_Sweep,APB4,round_robin,2,3,0,none,460800,8,1,edge,200,16,32,100,2,ACTIVE,functional,0,8,1,1,UVM_MEDIUM,0,0,0.0,-O2 -sv -assert svaext,+UVM_TESTNAME=auto,r1p0,6,96,5.0,reg_sweep_test,reg_sweep_seq,APB4+UART
RUN-000324,reg_sweep_test-000324,Reg_Sweep,APB3,static,2,6,2,even,230400,64,0,level,100,32,32,100,1,ACTIVE,stress,0,16,1,1,UVM_LOW,1,1,0.0028,-O2 -sv,+UVM_TESTNAME=auto -cm line+tgl,r1p2,9,768,10.0,reg_sweep_test,reg_sweep_seq,APB3+UART
RUN-000325,irq_storm_test-000325,Irq_Storm,APB4,priority,4,2,4,even,460800,8,1,edge,100,32,32,50,2,ACTIVE,functional,0,4,1,1,UVM_MEDIUM,0,0,0.0,-O0 -sv -debug,+UVM_TESTNAME=auto,r1p2,6,96,10.0,irq_storm_test,irq_storm_seq,APB4+UART
RUN-000326,uart_loopback_test-000326,Uart_Loopback,APB3,priority,16,2,0,even,230400,16,0,edge,50,16,32,250,2,ACTIVE,regression,0,8,1,1,UVM_LOW,0,0,0.0,-O2 -sv -assert svaext,+UVM_TESTNAME=auto,r1p2,11,192,20.0,uart_loopback_test,uart_loopback_seq,APB3+UART
RUN-000327,uart_loopback_test-000327,Uart_Loopback,APB4,priority,4,4,0,even,460800,32,1,level,50,16,32,250,2,ACTIVE,functional,0,8,0,1,UVM_LOW,0,1,0.0075,-O2 -sv -assert svaext,+UVM_TESTNAME=auto,r1p0,7,384,20.0,uart_loopback_test,uart_loopback_seq,APB4+UART
RUN-000328,reset_recovery_test-000328,Reset_Recovery,APB3,static,8,2,1,even,460800,16,1,edge,25,32,32,100,3,ACTIVE,regression,0,8,0,0,UVM_LOW,1,0,0.0,-O2 -sv,+UVM_TESTNAME=auto -cm line+tgl,r1p2,5,192,40.0,reset_recovery_test,reset_recovery_seq,APB3+UART
RUN-000329,reset_recovery_test-000329,Reset_Recovery,APB3,static,16,3,1,none,230400,16,1,edge,50,32,32,100,3,ACTIVE,regression,0,8,1,1,UVM_LOW,0,1,0.0299,-O2 -sv,+UVM_TESTNAME=auto,r2p0,9,192,20.0,reset_recovery_test,reset_recovery_seq,APB3+UART
RUN-000330,uart_loopback_test-000330,Uart_Loopback,APB4,priority,8,6,1,even,460800,8,0,edge,25,32,32,50,2,ACTIVE,functional,1,16,0,1,UVM_MEDIUM,0,0,0.0,-O2 -sv,+UVM_TESTNAME=auto -cm line+tgl,r2p0,11,96,40.0,uart_loopback_test,uart_loopback_seq,APB4+UART
RUN-000331,reg_sweep_test-000331,Reg_Sweep,APB4,static,2,2,2,odd,460800,16,1,level,50,16,16,250,2,ACTIVE,stress,1,4,0,1,UVM_LOW,0,0,0.0,-O2 -sv,+UVM_TESTNAME=auto -cm line+tgl,r1p2,6,192,20.0,reg_sweep_test,reg_sweep_seq,APB4+UART
RUN-000332,uart_loopback_test-000332,Uart_Loopback,APB3,static,8,4,1,odd,1500000,16,1,level,100,32,32,250,2,ACTIVE,stress,0,8,1,1,UVM_LOW,0,0,0.0,-O2 -sv,+UVM_TESTNAME=auto -cm line+tgl,r1p0,6,192,10.0,uart_loopback_test,uart_loopback_seq,APB3+UART
RUN-000333,parity_stress_test-000333,Parity_Stress,APB3,round_robin,4,5,4,odd,230400,16,0,level,50,32,32,250,2,ACTIVE,stress,0,16,1,1,UVM_MEDIUM,0,1,0.0071,-O2 -sv -assert svaext,+UVM_TESTNAME=auto -cm line+tgl,r1p0,8,192,20.0,parity_stress_test,parity_stress_seq,APB3+UART
RUN-000334,reg_sweep_test-000334,Reg_Sweep,APB3,round_robin,2,7,2,odd,460800,32,1,edge,100,32,16,250,1,PASSIVE,regression,0,4,0,1,UVM_LOW,0,0,0.0,-O2 -sv,+UVM_TESTNAME=auto -cm line+tgl,r1p2,7,384,10.0,reg_sweep_test,reg_sweep_seq,APB3+UART
RUN-000335,backpressure_test-000335,Backpressure,APB4,round_robin,16,4,0,even,230400,32,1,edge,100,16,32,250,1,ACTIVE,regression,0,16,0,1,UVM_LOW,1,0,0.0,-O2 -sv,+UVM_TESTNAME=auto -cm line+tgl,r1p2,3,384,10.0,backpressure_test,backpressure_seq,APB4+UART
RUN-000336,parity_stress_test-000336,Parity_Stress,APB4,priority,8,6,1,even,460800,4,1,level,50,32,16,500,1,ACTIVE,regression,0,8,1,1,UVM_LOW,0,1,0.0227,-O2 -sv -assert svaext,+UVM_TESTNAME=auto,r2p0,8,48,20.0,parity_stress_test,parity_stress_seq,APB4+UART
RUN-000337,uart_loopback_test-000337,Uart_Loopback,APB3,priority,4,0,1,even,1500000,32,1,edge,200,8,16,50,2,ACTIVE,regression,0,8,0,1,UVM_MEDIUM,0,0,0.0,-O2 -sv,+UVM_TESTNAME=auto,r2p0,7,384,5.0,uart_loopback_test,uart_loopback_seq,APB3+UART
RUN-000338,reg_sweep_test-000338,Reg_Sweep,APB4,round_robin,2,6,0,none,230400,32,1,level,50,16,32,250,2,ACTIVE,regression,1,8,0,1,UVM_MEDIUM,0,0,0.0,-O2 -sv,+UVM_TESTNAME=auto -cm line+tgl,r1p0,11,384,20.0,reg_sweep_test,reg_sweep_seq,APB4+UART
RUN-000339,reset_recovery_test-000339,Reset_Recovery,APB3,round_robin,16,3,0,none,921600,4,1,edge,200,32,32,250,2,PASSIVE,regression,0,8,1,1,UVM_HIGH,1,1,0.0264,-O2 -sv -assert svaext,+UVM_TESTNAME=auto,r1p0,8,48,5.0,reset_recovery_test,reset_recovery_seq,APB3+UART
RUN-000340,reg_sweep_test-000340,Reg_Sweep,APB4,round_robin,8,5,0,even,115200,16,0,edge,25,16,16,500,2,ACTIVE,regression,0,8,1,1,UVM_LOW,0,0,0.0,-O2 -sv -assert svaext,+UVM_TESTNAME=auto -cm line+tgl,r1p0,2,192,40.0,reg_sweep_test,reg_sweep_seq,APB4+UART
RUN-000341,backpressure_test-000341,Backpressure,APB3,priority,4,3,4,even,921600,16,1,level,25,32,32,250,2,ACTIVE,functional,0,8,1,1,UVM_HIGH,0,1,0.0265,-O2 -sv -assert svaext,+UVM_TESTNAME=auto -cm line+tgl,r1p2,5,192,40.0,backpressure_test,backpressure_seq,APB3+UART
RUN-000342,parity_stress_test-000342,Parity_Stress,APB4,round_robin,4,0,4,none,460800,16,0,edge,100,16,32,250,2,ACTIVE,functional,0,8,1,0,UVM_MEDIUM,0,0,0.0,-O2 -sv,+UVM_TESTNAME=auto,r2p0,4,192,10.0,parity_stress_test,parity_stress_seq,APB4+UART
RUN-000343,dma_burst_test-000343,Dma_Burst,APB4,round_robin,8,6,0,even,460800,8,1,edge,100,32,32,50,1,ACTIVE,functional,0,8,1,1,UVM_MEDIUM,0,1,0.0214,-O2 -sv,+UVM_TESTNAME=auto -cm line+tgl,r2p0,3,96,10.0,dma_burst_test,dma_burst_seq,APB4+UART
RUN-000344,reg_sweep_test-000344,Reg_Sweep,APB3,round_robin,8,4,0,odd,115200,16,1,edge,100,8,32,50,1,ACTIVE,stress,0,4,1,1,UVM_LOW,0,1,0.0098,-O0 -sv -debug,+UVM_TESTNAME=auto,r2p0,3,192,10.0,reg_sweep_test,reg_sweep_seq,APB3+UART
RUN-000345,irq_storm_test-000345,Irq_Storm,APB4,priority,4,0,0,even,921600,16,0,level,200,32,16,100,1,ACTIVE,regression,0,4,0,1,UVM_LOW,0,0,0.0,-O2 -sv -assert svaext,+UVM_TESTNAME=auto,r1p2,5,192,5.0,irq_storm_test,irq_storm_seq,APB4+UART
RUN-000346,backpressure_test-000346,Backpressure,APB4,static,2,5,2,none,1500000,8,1,edge,25,32,16,100,1,ACTIVE,functional,0,8,1,0,UVM_MEDIUM,0,0,0.0,-O2 -sv,+UVM_TESTNAME=auto,r1p2,6,96,40.0,backpressure_test,backpressure_seq,APB4+UART
RUN-000347,dma_burst_test-000347,Dma_Burst,APB4,round_robin,8,4,1,odd,921600,64,0,level,100,32,32,100,1,ACTIVE,regression,0,16,1,1,UVM_LOW,0,0,0.0,-O2 -sv -assert svaext,+UVM_TESTNAME=auto -cm line+tgl,r1p2,11,768,10.0,dma_burst_test,dma_burst_seq,APB4+UART
RUN-000348,dma_burst_test-000348,Dma_Burst,APB4,round_robin,4,6,0,none,460800,32,1,level,50,32,16,100,1,ACTIVE,regression,0,4,0,0,UVM_HIGH,0,0,0.0,-O2 -sv -assert svaext,+UVM_TESTNAME=auto,r1p2,11,384,20.0,dma_burst_test,dma_burst_seq,APB4+UART
RUN-000349,dma_burst_test-000349,Dma_Burst,APB3,static,4,1,1,even,460800,16,0,level,100,32,32,250,3,ACTIVE,functional,0,8,1,1,UVM_LOW,0,1,0.0046,-O2 -sv -assert svaext,+UVM_TESTNAME=auto -cm line+tgl,r2p0,9,192,10.0,dma_burst_test,dma_burst_seq,APB3+UART
RUN-000350,backpressure_test-000350,Backpressure,APB3,static,8,6,2,none,1500000,16,1,level,100,8,32,100,2,PASSIVE,stress,1,8,1,1,UVM_MEDIUM,0,1,0.0345,-O0 -sv -debug,+UVM_TESTNAME=auto -cm line+tgl,r1p2,1,192,10.0,backpressure_test,backpressure_seq,APB3+UART
RUN-000351,uart_loopback_test-000351,Uart_Loopback,APB4,priority,4,6,0,even,460800,32,1,level,25,32,16,50,3,ACTIVE,stress,0,16,1,1,UVM_LOW,1,1,0.0226,-O2 -sv -assert svaext,+UVM_TESTNAME=auto,r2p0,1,384,40.0,uart_loopback_test,uart_loopback_seq,APB4+UART
RUN-000352,irq_storm_test-000352,Irq_Storm,APB4,round_robin,16,5,0,odd,230400,4,0,level,25,32,16,50,3,PASSIVE,stress,0,4,0,1,UVM_MEDIUM,1,0,0.0,-O2 -sv -assert svaext,+UVM_TESTNAME=auto -cm line+tgl,r1p0,7,48,40.0,irq_storm_test,irq_storm_seq,APB4+UART
RUN-000353,reg_sweep_test-000353,Reg_Sweep,APB3,priority,8,6,2,odd,460800,8,0,edge,100,16,16,100,2,ACTIVE,functional,0,8,0,1,UVM_MEDIUM,0,1,0.0354,-O2 -sv -assert svaext,+UVM_TESTNAME=auto,r1p2,10,96,10.0,reg_sweep_test,reg_sweep_seq,APB3+UART
RUN-000354,backpressure_test-000354,Backpressure,APB3,priority,8,4,0,none,230400,16,0,level,100,16,16,50,2,ACTIVE,stress,0,8,1,1,UVM_LOW,0,0,0.0,-O2 -sv -assert svaext,+UVM_TESTNAME=auto,r2p0,6,192,10.0,backpressure_test,backpressure_seq,APB3+UART
RUN-000355,backpressure_test-000355,Backpressure,APB4,round_robin,2,5,2,none,230400,32,0,edge,50,32,32,250,1,ACTIVE,regression,0,16,0,1,UVM_LOW,0,0,0.0,-O2 -sv,+UVM_TESTNAME=auto,r2p0,3,384,20.0,backpressure_test,backpressure_seq,APB4+UART
RUN-000356,reg_sweep_test-000356,Reg_Sweep,APB4,round_robin,2,0,2,odd,460800,16,1,edge,200,32,16,50,1,ACTIVE,regression,1,4,1,0,UVM_MEDIUM,0,0,0.0,-O2 -sv -assert svaext,+UVM_TESTNAME=auto,r2p0,3,192,5.0,reg_sweep_test,reg_sweep_seq,APB4+UART
RUN-000357,uart_loopback_test-000357,Uart_Loopback,APB4,round_robin,4,6,1,none,230400,8,0,level,25,32,32,100,2,ACTIVE,stress,0,4,1,1,UVM_HIGH,1,0,0.0,-O2 -sv,+UVM_TESTNAME=auto,r2p0,5,96,40.0,uart_loopback_test,uart_loopback_seq,APB4+UART
RUN-000358,uart_loopback_test-000358,Uart_Loopback,APB3,static,8,6,2,odd,460800,16,0,level,50,16,32,100,2,ACTIVE,regression,0,8,0,0,UVM_LOW,0,1,0.0276,-O2 -sv -assert svaext,+UVM_TESTNAME=auto,r2p0,6,192,20.0,uart_loopback_test,uart_loopback_seq,APB3+UART
RUN-000359,uart_loopback_test-000359,Uart_Loopback,APB3,static,4,7,2,even,115200,32,0,edge,100,32,32,100,1,ACTIVE,regression,0,8,0,1,UVM_LOW,0,1,0.0094,-O2 -sv -assert svaext,+UVM_TESTNAME=auto -cm line+tgl,r2p0,6,384,10.0,uart_loopback_test,uart_loopback_seq,APB3+UART
RUN-000360,uart_loopback_test-000360,Uart_Loopback,APB3,priority,4,5,1,odd,230400,32,1,level,100,32,16,50,3,ACTIVE,functional,0,4,1,1,UVM_MEDIUM,0,0,0.0,-O2 -sv -assert svaext,+UVM_TESTNAME=auto -cm line+tgl,r1p2,2,384,10.0,uart_loopback_test,uart_loopback_seq,APB3+UART
RUN-000361,backpressure_test-000361,Backpressure,APB3,priority,2,7,2,none,230400,16,1,level,50,32,16,50,1,ACTIVE,stress,0,16,1,1,UVM_LOW,0,0,0.0,-O0 -sv -debug,+UVM_TESTNAME=auto -cm line+tgl,r1p2,1,192,20.0,backpressure_test,backpressure_seq,APB3+UART
RUN-000362,reg_sweep_test-000362,Reg_Sweep,APB3,round_robin,8,0,4,even,230400,64,0,level,100,16,32,500,1,ACTIVE,regression,0,4,1,1,UVM_MEDIUM,0,1,0.0044,-O0 -sv -debug,+UVM_TESTNAME=auto,r1p2,5,768,10.0,reg_sweep_test,reg_sweep_seq,APB3+UART
RUN-000363,reg_sweep_test-000363,Reg_Sweep,APB3,round_robin,8,0,2,odd,460800,32,0,edge,200,32,32,250,2,ACTIVE,functional,0,4,0,1,UVM_MEDIUM,0,0,0.0,-O2 -sv,+UVM_TESTNAME=auto,r2p0,2,384,5.0,reg_sweep_test,reg_sweep_seq,APB3+UART
RUN-000364,backpressure_test-000364,Backpressure,APB4,round_robin,4,5,2,odd,230400,64,0,edge,100,8,32,100,1,ACTIVE,stress,0,4,1,1,UVM_MEDIUM,0,1,0.018,-O2 -sv -assert svaext,+UVM_TESTNAME=auto,r2p0,1,768,10.0,backpressure_test,backpressure_seq,APB4+UART
RUN-000365,reg_sweep_test-000365,Reg_Sweep,APB3,priority,4,1,0,even,115200,32,0,level,50,32,32,250,2,ACTIVE,regression,1,4,1,0,UVM_LOW,0,0,0.0,-O2 -sv -assert svaext,+UVM_TESTNAME=auto,r2p0,7,384,20.0,reg_sweep_test,reg_sweep_seq,APB3+UART
RUN-000366,reset_recovery_test-000366,Reset_Recovery,APB4,static,2,2,1,even,921600,16,1,level,100,16,32,250,3,ACTIVE,functional,0,16,1,1,UVM_LOW,1,0,0.0,-O2 -sv,+UVM_TESTNAME=auto,r1p0,1,192,10.0,reset_recovery_test,reset_recovery_seq,APB4+UART
RUN-000367,reset_recovery_test-000367,Reset_Recovery,APB3,priority,8,4,0,none,115200,16,0,level,50,32,32,50,2,ACTIVE,functional,1,4,1,1,UVM_LOW,0,0,0.0,-O0 -sv -debug,+UVM_TESTNAME=auto,r1p0,3,192,20.0,reset_recovery_test,reset_recovery_seq,APB3+UART
RUN-000368,reset_recovery_test-000368,Reset_Recovery,APB3,static,8,5,4,odd,115200,16,1,level,100,32,16,250,2,ACTIVE,stress,1,8,0,1,UVM_LOW,0,0,0.0,-O2 -sv -assert svaext,+UVM_TESTNAME=auto -cm line+tgl,r1p2,1,192,10.0,reset_recovery_test,reset_recovery_seq,APB3+UART
RUN-000369,irq_storm_test-000369,Irq_Storm,APB4,static,4,5,0,odd,921600,32,1,level,50,32,32,100,2,ACTIVE,functional,0,8,1,1,UVM_LOW,0,0,0.0,-O2 -sv,+UVM_TESTNAME=auto -cm line+tgl,r1p2,3,384,20.0,irq_storm_test,irq_storm_seq,APB4+UART
RUN-000370,reg_sweep_test-000370,Reg_Sweep,APB4,round_robin,2,4,1,odd,115200,64,1,level,200,32,16,100,1,ACTIVE,functional,0,8,1,0,UVM_LOW,0,0,0.0,-O2 -sv,+UVM_TESTNAME=auto -cm line+tgl,r1p2,10,768,5.0,reg_sweep_test,reg_sweep_seq,APB4+UART
RUN-000371,parity_stress_test-000371,Parity_Stress,APB3,round_robin,16,2,2,even,460800,16,0,edge,100,32,32,250,2,ACTIVE,regression,0,4,1,1,UVM_MEDIUM,0,0,0.0,-O2 -sv,+UVM_TESTNAME=auto -cm line+tgl,r2p0,2,192,10.0,parity_stress_test,parity_stress_seq,APB3+UART
RUN-000372,reg_sweep_test-000372,Reg_Sweep,APB3,priority,8,5,0,none,921600,32,1,level,25,8,32,100,1,ACTIVE,regression,0,4,0,1,UVM_LOW,0,0,0.0,-O2 -sv,+UVM_TESTNAME=auto -cm line+tgl,r1p0,7,384,40.0,reg_sweep_test,reg_sweep_seq,APB3+UART
RUN-000373,reg_sweep_test-000373,Reg_Sweep,APB3,round_robin,2,7,2,even,1500000,16,0,edge,100,32,16,50,2,ACTIVE,functional,1,8,0,1,UVM_LOW,0,0,0.0,-O2 -sv,+UVM_TESTNAME=auto -cm line+tgl,r1p0,2,192,10.0,reg_sweep_test,reg_sweep_seq,APB3+UART
RUN-000374,irq_storm_test-000374,Irq_Storm,APB4,priority,16,3,2,even,1500000,16,1,level,25,32,32,100,1,ACTIVE,functional,0,8,1,1,UVM_MEDIUM,1,0,0.0,-O0 -sv -debug,+UVM_TESTNAME=auto,r2p0,9,192,40.0,irq_storm_test,irq_storm_seq,APB4+UART
RUN-000375,parity_stress_test-000375,Parity_Stress,APB3,static,4,5,4,odd,921600,32,0,edge,25,32,32,250,1,ACTIVE,functional,0,4,1,1,UVM_MEDIUM,0,1,0.0009,-O2 -sv -assert svaext,+UVM_TESTNAME=auto,r1p2,3,384,40.0,parity_stress_test,parity_stress_seq,APB3+UART
RUN-000376,uart_loopback_test-000376,Uart_Loopback,APB4,priority,4,3,1,none,1500000,8,1,edge,100,16,32,100,1,ACTIVE,regression,0,8,1,1,UVM_MEDIUM,1,0,0.0,-O2 -sv,+UVM_TESTNAME=auto,r1p2,4,96,10.0,uart_loopback_test,uart_loopback_seq,APB4+UART
RUN-000377,backpressure_test-000377,Backpressure,APB4,round_robin,8,2,1,even,921600,32,1,level,100,32,32,250,1,ACTIVE,regression,0,4,1,1,UVM_MEDIUM,1,0,0.0,-O2 -sv -assert svaext,+UVM_TESTNAME=auto,r1p2,8,384,10.0,backpressure_test,backpressure_seq,APB4+UART
RUN-000378,dma_burst_test-000378,Dma_Burst,APB4,static,4,0,1,even,230400,8,1,level,50,16,32,50,1,ACTIVE,regression,0,4,1,1,UVM_HIGH,1,0,0.0,-O0 -sv -debug,+UVM_TESTNAME=auto,r1p2,5,96,20.0,dma_burst_test,dma_burst_seq,APB4+UART
RUN-000379,reg_sweep_test-000379,Reg_Sweep,APB4,round_robin,4,5,0,odd,115200,16,0,edge,50,16,32,50,1,ACTIVE,functional,0,8,1,1,UVM_MEDIUM,0,1,0.0105,-O2 -sv,+UVM_TESTNAME=auto -cm line+tgl,r1p2,4,192,20.0,reg_sweep_test,reg_sweep_seq,APB4+UART
RUN-000380,irq_storm_test-000380,Irq_Storm,APB3,priority,4,6,4,odd,230400,32,0,edge,50,32,32,50,2,ACTIVE,functional,0,8,1,1,UVM_MEDIUM,0,0,0.0,-O2 -sv -assert svaext,+UVM_TESTNAME=auto,r1p0,2,384,20.0,irq_storm_test,irq_storm_seq,APB3+UART
RUN-000381,parity_stress_test-000381,Parity_Stress,APB3,static,8,0,1,odd,1500000,8,0,edge,200,16,16,500,2,ACTIVE,regression,0,8,0,0,UVM_MEDIUM,0,0,0.0,-O2 -sv,+UVM_TESTNAME=auto,r1p2,2,96,5.0,parity_stress_test,parity_stress_seq,APB3+UART
RUN-000382,backpressure_test-000382,Backpressure,APB4,static,8,6,0,odd,460800,64,0,level,100,8,32,250,2,PASSIVE,functional,0,4,0,1,UVM_LOW,0,0,0.0,-O2 -sv -assert svaext,+UVM_TESTNAME=auto -cm line+tgl,r2p0,5,768,10.0,backpressure_test,backpressure_seq,APB4+UART
RUN-000383,backpressure_test-000383,Backpressure,APB4,round_robin,4,2,0,even,921600,32,1,level,100,16,32,250,2,ACTIVE,functional,0,4,0,1,UVM_LOW,0,1,0.0388,-O2 -sv,+UVM_TESTNAME=auto,r1p0,6,384,10.0,backpressure_test,backpressure_seq,APB4+UART
RUN-000384,irq_storm_test-000384,Irq_Storm,APB3,round_robin,4,6,1,even,921600,16,1,edge,100,32,32,500,2,ACTIVE,regression,0,4,1,1,UVM_MEDIUM,1,0,0.0,-O2 -sv,+UVM_TESTNAME=auto,r1p2,1,192,10.0,irq_storm_test,irq_storm_seq,APB3+UART
RUN-000385,reg_sweep_test-000385,Reg_Sweep,APB4,round_robin,2,7,2,odd,230400,8,1,edge,25,32,32,250,2,ACTIVE,functional,0,16,1,1,UVM_HIGH,0,0,0.0,-O2 -sv,+UVM_TESTNAME=auto -cm line+tgl,r1p0,1,96,40.0,reg_sweep_test,reg_sweep_seq,APB4+UART
RUN-000386,dma_burst_test-000386,Dma_Burst,APB3,priority,2,0,4,odd,230400,8,0,level,50,32,32,100,1,PASSIVE,functional,0,8,1,1,UVM_MEDIUM,0,1,0.0119,-O2 -sv -assert svaext,+UVM_TESTNAME=auto -cm line+tgl,r1p2,3,96,20.0,dma_burst_test,dma_burst_seq,APB3+UART
RUN-000387,uart_loopback_test-000387,Uart_Loopback,APB3,priority,16,3,2,none,230400,16,1,level,25,32,16,50,1,ACTIVE,functional,0,8,1,1,UVM_MEDIUM,0,0,0.0,-O0 -sv -debug,+UVM_TESTNAME=auto -cm line+tgl,r1p0,7,192,40.0,uart_loopback_test,uart_loopback_seq,APB3+UART
RUN-000388,irq_storm_test-000388,Irq_Storm,APB4,round_robin,2,4,1,even,1500000,32,1,edge,25,32,32,250,2,ACTIVE,functional,0,4,1,1,UVM_LOW,0,0,0.0,-O2 -sv -assert svaext,+UVM_TESTNAME=auto -cm line+tgl,r1p2,8,384,40.0,irq_storm_test,irq_storm_seq,APB4+UART
RUN-000389,irq_storm_test-000389,Irq_Storm,APB4,priority,4,6,2,odd,1500000,16,0,level,200,16,32,500,3,ACTIVE,stress,0,16,1,1,UVM_HIGH,1,0,0.0,-O2 -sv -assert svaext,+UVM_TESTNAME=auto -cm line+tgl,r2p0,1,192,5.0,irq_storm_test,irq_storm_seq,APB4+UART
RUN-000390,reg_sweep_test-000390,Reg_Sweep,APB4,round_robin,4,5,0,none,460800,64,1,level,200,8,32,500,2,ACTIVE,stress,0,16,1,1,UVM_LOW,0,0,0.0,-O2 -sv,+UVM_TESTNAME=auto -cm line+tgl,r1p0,11,768,5.0,reg_sweep_test,reg_sweep_seq,APB4+UART
RUN-000391,dma_burst_test-000391,Dma_Burst,APB3,static,4,6,4,none,921600,8,1,level,200,16,16,100,1,ACTIVE,functional,1,16,1,1,UVM_MEDIUM,0,0,0.0,-O2 -sv -assert svaext,+UVM_TESTNAME=auto -cm line+tgl,r1p2,3,96,5.0,dma_burst_test,dma_burst_seq,APB3+UART
RUN-000392,backpressure_test-000392,Backpressure,APB3,priority,16,0,0,even,230400,4,0,edge,100,16,32,100,1,ACTIVE,functional,1,8,1,1,UVM_LOW,0,0,0.0,-O2 -sv,+UVM_TESTNAME=auto,r1p2,9,48,10.0,backpressure_test,backpressure_seq,APB3+UART
RUN-000393,uart_loopback_test-000393,Uart_Loopback,APB4,round_robin,4,1,1,even,460800,16,1,edge,100,16,32,250,2,ACTIVE,regression,1,16,1,1,UVM_LOW,0,1,0.0324,-O2 -sv,+UVM_TESTNAME=auto,r1p2,6,192,10.0,uart_loopback_test,uart_loopback_seq,APB4+UART
RUN-000394,irq_storm_test-000394,Irq_Storm,APB4,round_robin,8,2,1,odd,1500000,16,0,level,50,16,32,100,2,ACTIVE,functional,0,16,1,1,UVM_LOW,1,0,0.0,-O0 -sv -debug,+UVM_TESTNAME=auto -cm line+tgl,r2p0,2,192,20.0,irq_storm_test,irq_storm_seq,APB4+UART
RUN-000395,uart_loopback_test-000395,Uart_Loopback,APB3,priority,2,6,4,none,115200,4,0,level,100,8,32,100,1,ACTIVE,regression,0,8,1,0,UVM_LOW,0,0,0.0,-O2 -sv -assert svaext,+UVM_TESTNAME=auto -cm line+tgl,r2p0,7,48,10.0,uart_loopback_test,uart_loopback_seq,APB3+UART
RUN-000396,reg_sweep_test-000396,Reg_Sweep,APB4,round_robin,8,7,2,none,1500000,32,1,edge,25,16,16,250,2,ACTIVE,stress,0,4,1,1,UVM_HIGH,0,1,0.0124,-O2 -sv -assert svaext,+UVM_TESTNAME=auto,r1p2,6,384,40.0,reg_sweep_test,reg_sweep_seq,APB4+UART
RUN-000397,reg_sweep_test-000397,Reg_Sweep,APB4,priority,2,2,2,none,460800,4,1,level,25,8,32,100,1,ACTIVE,functional,0,8,1,1,UVM_MEDIUM,1,1,0.0226,-O0 -sv -debug,+UVM_TESTNAME=auto,r1p0,10,48,40.0,reg_sweep_test,reg_sweep_seq,APB4+UART
RUN-000398,reg_sweep_test-000398,Reg_Sweep,APB4,static,2,5,4,odd,230400,32,0,edge,50,8,32,100,1,ACTIVE,functional,1,8,1,1,UVM_LOW,1,0,0.0,-O2 -sv,+UVM_TESTNAME=auto -cm line+tgl,r2p0,8,384,20.0,reg_sweep_test,reg_sweep_seq,APB4+UART
RUN-000399,reg_sweep_test-000399,Reg_Sweep,APB4,priority,2,6,2,even,921600,16,1,edge,200,8,32,50,1,ACTIVE,regression,1,16,0,1,UVM_MEDIUM,0,1,0.0027,-O2 -sv,+UVM_TESTNAME=auto,r1p0,3,192,5.0,reg_sweep_test,reg_sweep_seq,APB4+UART
RUN-000400,backpressure_test-000400,Backpressure,APB4,round_robin,4,7,4,odd,115200,8,1,edge,25,8,32,500,1,ACTIVE,functional,0,4,1,1,UVM_MEDIUM,0,0,0.0,-O2 -sv -assert svaext,+UVM_TESTNAME=auto,r2p0,3,96,40.0,backpressure_test,backpressure_seq,APB4+UART
RUN-000401,reg_sweep_test-000401,Reg_Sweep,APB4,priority,16,2,4,even,1500000,64,0,level,50,32,16,50,1,ACTIVE,stress,1,8,1,1,UVM_MEDIUM,0,1,0.0139,-O2 -sv,+UVM_TESTNAME=auto,r1p2,6,768,20.0,reg_sweep_test,reg_sweep_seq,APB4+UART
RUN-000402,reset_recovery_test-000402,Reset_Recovery,APB3,priority,2,7,1,none,115200,8,1,level,25,16,32,250,1,ACTIVE,stress,0,16,1,1,UVM_LOW,0,0,0.0,-O2 -sv -assert svaext,+UVM_TESTNAME=auto,r1p2,8,96,40.0,reset_recovery_test,reset_recovery_seq,APB3+UART
RUN-000403,backpressure_test-000403,Backpressure,APB4,round_robin,8,3,2,odd,921600,16,1,level,100,16,32,250,2,ACTIVE,regression,0,4,1,1,UVM_MEDIUM,0,0,0.0,-O0 -sv -debug,+UVM_TESTNAME=auto,r1p0,3,192,10.0,backpressure_test,backpressure_seq,APB4+UART
RUN-000404,backpressure_test-000404,Backpressure,APB4,round_robin,8,5,4,odd,921600,4,0,level,200,32,32,100,1,ACTIVE,functional,0,16,0,1,UVM_MEDIUM,0,1,0.029,-O2 -sv -assert svaext,+UVM_TESTNAME=auto -cm line+tgl,r1p2,4,48,5.0,backpressure_test,backpressure_seq,APB4+UART
RUN-000405,backpressure_test-000405,Backpressure,APB4,static,4,2,4,none,115200,32,1,level,100,16,16,100,1,ACTIVE,functional,0,8,1,1,UVM_LOW,0,1,0.0223,-O2 -sv,+UVM_TESTNAME=auto,r1p2,5,384,10.0,backpressure_test,backpressure_seq,APB4+UART
RUN-000406,parity_stress_test-000406,Parity_Stress,APB4,priority,16,7,2,odd,115200,16,0,level,100,16,16,500,2,ACTIVE,functional,0,8,1,1,UVM_MEDIUM,0,0,0.0,-O2 -sv,+UVM_TESTNAME=auto -cm line+tgl,r1p2,10,192,10.0,parity_stress_test,parity_stress_seq,APB4+UART
RUN-000407,irq_storm_test-000407,Irq_Storm,APB3,priority,4,7,1,none,230400,16,0,level,25,32,16,250,1,ACTIVE,functional,0,16,1,1,UVM_MEDIUM,0,1,0.0121,-O2 -sv -assert svaext,+UVM_TESTNAME=auto,r1p2,4,192,40.0,irq_storm_test,irq_storm_seq,APB3+UART
RUN-000408,uart_loopback_test-000408,Uart_Loopback,APB3,round_robin,8,6,4,even,921600,64,1,level,200,8,32,500,2,ACTIVE,regression,0,16,1,1,UVM_MEDIUM,0,0,0.0,-O2 -sv,+UVM_TESTNAME=auto -cm line+tgl,r2p0,10,768,5.0,uart_loopback_test,uart_loopback_seq,APB3+UART
RUN-000409,backpressure_test-000409,Backpressure,APB3,priority,2,0,0,none,921600,64,0,edge,100,16,16,500,1,ACTIVE,functional,0,16,1,1,UVM_LOW,0,0,0.0,-O0 -sv -debug,+UVM_TESTNAME=auto,r1p2,10,768,10.0,backpressure_test,backpressure_seq,APB3+UART
RUN-000410,reg_sweep_test-000410,Reg_Sweep,APB3,priority,16,3,1,even,1500000,16,0,level,50,8,16,50,2,ACTIVE,stress,0,8,1,0,UVM_LOW,0,0,0.0,-O2 -sv,+UVM_TESTNAME=auto -cm line+tgl,r1p0,7,192,20.0,reg_sweep_test,reg_sweep_seq,APB3+UART
RUN-000411,uart_loopback_test-000411,Uart_Loopback,APB4,round_robin,8,6,1,even,460800,64,1,edge,100,8,32,250,3,ACTIVE,functional,1,16,1,1,UVM_HIGH,0,1,0.0144,-O2 -sv -assert svaext,+UVM_TESTNAME=auto -cm line+tgl,r1p0,0,768,10.0,uart_loopback_test,uart_loopback_seq,APB4+UART
RUN-000412,reg_sweep_test-000412,Reg_Sweep,APB3,round_robin,8,5,0,even,460800,8,0,edge,50,32,16,250,3,ACTIVE,functional,0,4,0,1,UVM_MEDIUM,0,1,0.039,-O2 -sv -assert svaext,+UVM_TESTNAME=auto -cm line+tgl,r1p0,3,96,20.0,reg_sweep_test,reg_sweep_seq,APB3+UART
RUN-000413,parity_stress_test-000413,Parity_Stress,APB4,static,4,6,0,odd,1500000,32,1,edge,100,32,32,250,1,ACTIVE,regression,0,8,1,1,UVM_MEDIUM,0,0,0.0,-O2 -sv -assert svaext,+UVM_TESTNAME=auto,r1p0,3,384,10.0,parity_stress_test,parity_stress_seq,APB4+UART
RUN-000414,uart_loopback_test-000414,Uart_Loopback,APB4,priority,4,7,2,odd,921600,32,0,level,50,8,32,50,1,ACTIVE,functional,0,4,1,1,UVM_LOW,0,0,0.0,-O0 -sv -debug,+UVM_TESTNAME=auto,r1p2,1,384,20.0,uart_loopback_test,uart_loopback_seq,APB4+UART
RUN-000415,reset_recovery_test-000415,Reset_Recovery,APB4,round_robin,4,5,1,none,115200,16,0,level,50,8,16,250,2,ACTIVE,functional,1,16,1,1,UVM_HIGH,1,0,0.0,-O0 -sv -debug,+UVM_TESTNAME=auto,r1p0,8,192,20.0,reset_recovery_test,reset_recovery_seq,APB4+UART
RUN-000416,reset_recovery_test-000416,Reset_Recovery,APB3,static,8,5,4,none,921600,4,1,level,25,8,32,250,2,ACTIVE,regression,0,16,0,1,UVM_MEDIUM,0,0,0.0,-O2 -sv -assert svaext,+UVM_TESTNAME=auto -cm line+tgl,r1p0,3,48,40.0,reset_recovery_test,reset_recovery_seq,APB3+UART
RUN-000417,dma_burst_test-000417,Dma_Burst,APB4,static,4,6,1,none,1500000,4,0,edge,100,32,32,100,3,ACTIVE,functional,0,8,1,1,UVM_MEDIUM,0,0,0.0,-O0 -sv -debug,+UVM_TESTNAME=auto -cm line+tgl,r1p0,4,48,10.0,dma_burst_test,dma_burst_seq,APB4+UART
RUN-000418,backpressure_test-000418,Backpressure,APB3,priority,16,5,2,none,115200,64,1,level,200,32,32,250,1,ACTIVE,stress,0,8,1,1,UVM_LOW,0,0,0.0,-O2 -sv,+UVM_TESTNAME=auto -cm line+tgl,r1p2,3,768,5.0,backpressure_test,backpressure_seq,APB3+UART
RUN-000419,uart_loopback_test-000419,Uart_Loopback,APB4,round_robin,8,4,2,odd,460800,32,0,level,100,32,16,50,2,ACTIVE,stress,1,8,1,1,UVM_LOW,1,0,0.0,-O2 -sv,+UVM_TESTNAME=auto,r1p0,10,384,10.0,uart_loopback_test,uart_loopback_seq,APB4+UART
RUN-000420,dma_burst_test-000420,Dma_Burst,APB4,round_robin,2,6,2,none,115200,16,0,edge,50,8,16,250,2,ACTIVE,regression,0,8,1,0,UVM_MEDIUM,0,1,0.0121,-O2 -sv,+UVM_TESTNAME=auto,r1p2,10,192,20.0,dma_burst_test,dma_burst_seq,APB4+UART
RUN-000421,parity_stress_test-000421,Parity_Stress,APB3,priority,4,6,1,none,115200,4,0,edge,25,32,32,100,1,ACTIVE,functional,1,8,0,1,UVM_MEDIUM,0,0,0.0,-O2 -sv -assert svaext,+UVM_TESTNAME=auto,r1p2,0,48,40.0,parity_stress_test,parity_stress_seq,APB3+UART
RUN-000422,parity_stress_test-000422,Parity_Stress,APB4,round_robin,2,2,0,odd,460800,32,0,level,25,32,16,250,3,ACTIVE,regression,0,16,1,1,UVM_LOW,0,1,0.0097,-O2 -sv,+UVM_TESTNAME=auto -cm line+tgl,r1p2,4,384,40.0,parity_stress_test,parity_stress_seq,APB4+UART
RUN-000423,reg_sweep_test-000423,Reg_Sweep,APB3,round_robin,4,7,1,none,460800,32,0,edge,100,32,32,50,1,ACTIVE,regression,1,8,1,1,UVM_HIGH,0,1,0.0235,-O2 -sv,+UVM_TESTNAME=auto,r2p0,6,384,10.0,reg_sweep_test,reg_sweep_seq,APB3+UART
RUN-000424,reset_recovery_test-000424,Reset_Recovery,APB3,priority,4,3,1,even,460800,16,0,edge,100,16,16,250,1,ACTIVE,functional,0,4,1,1,UVM_MEDIUM,0,1,0.0148,-O2 -sv -assert svaext,+UVM_TESTNAME=auto,r1p2,1,192,10.0,reset_recovery_test,reset_recovery_seq,APB3+UART
RUN-000425,reset_recovery_test-000425,Reset_Recovery,APB3,static,4,7,1,none,230400,16,0,edge,25,32,32,50,3,ACTIVE,regression,0,4,1,1,UVM_LOW,1,1,0.0325,-O2 -sv -assert svaext,+UVM_TESTNAME=auto,r1p2,8,192,40.0,reset_recovery_test,reset_recovery_seq,APB3+UART
RUN-000426,dma_burst_test-000426,Dma_Burst,APB4,round_robin,4,3,2,even,460800,32,1,level,100,32,16,500,3,ACTIVE,functional,1,16,1,1,UVM_LOW,0,0,0.0,-O2 -sv,+UVM_TESTNAME=auto,r2p0,7,384,10.0,dma_burst_test,dma_burst_seq,APB4+UART
RUN-000427,reg_sweep_test-000427,Reg_Sweep,APB4,round_robin,2,6,4,even,921600,8,1,level,200,8,32,500,1,PASSIVE,functional,0,4,1,1,UVM_MEDIUM,0,1,0.0377,-O0 -sv -debug,+UVM_TESTNAME=auto -cm line+tgl,r1p0,11,96,5.0,reg_sweep_test,reg_sweep_seq,APB4+UART
RUN-000428,dma_burst_test-000428,Dma_Burst,APB3,round_robin,16,7,0,even,921600,32,0,level,50,32,32,50,2,ACTIVE,regression,0,16,1,1,UVM_MEDIUM,0,1,0.0129,-O0 -sv -debug,+UVM_TESTNAME=auto -cm line+tgl,r1p2,0,384,20.0,dma_burst_test,dma_burst_seq,APB3+UART
RUN-000429,backpressure_test-000429,Backpressure,APB4,priority,4,3,1,none,921600,64,1,edge,50,8,32,100,2,ACTIVE,functional,0,4,1,1,UVM_LOW,0,0,0.0,-O2 -sv -assert svaext,+UVM_TESTNAME=auto,r1p2,6,768,20.0,backpressure_test,backpressure_seq,APB4+UART
RUN-000430,reg_sweep_test-000430,Reg_Sweep,APB4,static,2,1,0,even,460800,64,1,edge,25,8,32,250,2,ACTIVE,regression,0,4,1,1,UVM_HIGH,1,1,0.0093,-O2 -sv -assert svaext,+UVM_TESTNAME=auto,r2p0,6,768,40.0,reg_sweep_test,reg_sweep_seq,APB4+UART
RUN-000431,irq_storm_test-000431,Irq_Storm,APB4,round_robin,4,0,1,odd,230400,16,1,level,100,8,32,250,1,ACTIVE,functional,1,16,1,1,UVM_MEDIUM,1,0,0.0,-O2 -sv -assert svaext,+UVM_TESTNAME=auto,r1p0,5,192,10.0,irq_storm_test,irq_storm_seq,APB4+UART
RUN-000432,parity_stress_test-000432,Parity_Stress,APB3,round_robin,8,4,0,odd,1500000,8,1,level,25,32,16,250,1,PASSIVE,stress,0,8,1,0,UVM_MEDIUM,1,0,0.0,-O2 -sv -assert svaext,+UVM_TESTNAME=auto,r1p0,5,96,40.0,parity_stress_test,parity_stress_seq,APB3+UART
RUN-000433,reg_sweep_test-000433,Reg_Sweep,APB4,static,2,7,0,none,230400,16,1,level,200,32,32,500,3,PASSIVE,regression,0,8,0,1,UVM_MEDIUM,0,1,0.0031,-O2 -sv,+UVM_TESTNAME=auto,r1p0,8,192,5.0,reg_sweep_test,reg_sweep_seq,APB4+UART
RUN-000434,backpressure_test-000434,Backpressure,APB4,priority,2,5,0,none,921600,4,1,edge,50,8,32,250,1,ACTIVE,stress,0,8,1,1,UVM_LOW,1,1,0.0076,-O2 -sv,+UVM_TESTNAME=auto,r2p0,5,48,20.0,backpressure_test,backpressure_seq,APB4+UART
RUN-000435,dma_burst_test-000435,Dma_Burst,APB4,round_robin,8,7,1,none,921600,8,0,edge,200,16,16,250,1,PASSIVE,regression,0,4,1,1,UVM_LOW,0,1,0.0066,-O2 -sv,+UVM_TESTNAME=auto,r1p0,1,96,5.0,dma_burst_test,dma_burst_seq,APB4+UART
RUN-000436,backpressure_test-000436,Backpressure,APB3,static,16,3,0,even,460800,8,1,level,25,16,32,500,3,ACTIVE,stress,1,16,1,1,UVM_LOW,0,0,0.0,-O2 -sv -assert svaext,+UVM_TESTNAME=auto -cm line+tgl,r1p0,5,96,40.0,backpressure_test,backpressure_seq,APB3+UART
RUN-000437,irq_storm_test-000437,Irq_Storm,APB4,priority,8,7,1,odd,115200,8,0,edge,200,32,16,250,2,ACTIVE,stress,0,4,0,1,UVM_LOW,1,0,0.0,-O2 -sv,+UVM_TESTNAME=auto,r1p0,2,96,5.0,irq_storm_test,irq_storm_seq,APB4+UART
RUN-000438,dma_burst_test-000438,Dma_Burst,APB4,priority,4,6,2,even,115200,8,0,level,100,16,16,100,1,ACTIVE,stress,0,16,1,1,UVM_LOW,0,0,0.0,-O2 -sv -assert svaext,+UVM_TESTNAME=auto -cm line+tgl,r2p0,4,96,10.0,dma_burst_test,dma_burst_seq,APB4+UART
RUN-000439,dma_burst_test-000439,Dma_Burst,APB4,static,16,4,0,none,921600,32,1,level,50,16,16,250,3,ACTIVE,stress,0,8,1,1,UVM_LOW,0,0,0.0,-O0 -sv -debug,+UVM_TESTNAME=auto,r2p0,1,384,20.0,dma_burst_test,dma_burst_seq,APB4+UART
RUN-000440,reg_sweep_test-000440,Reg_Sweep,APB4,static,4,3,2,even,115200,8,0,level,100,32,16,100,1,ACTIVE,stress,0,4,1,1,UVM_LOW,0,1,0.039,-O2 -sv,+UVM_TESTNAME=auto -cm line+tgl,r1p2,3,96,10.0,reg_sweep_test,reg_sweep_seq,APB4+UART
RUN-000441,backpressure_test-000441,Backpressure,APB3,static,2,4,1,even,115200,32,1,edge,25,32,32,50,1,ACTIVE,regression,0,4,1,1,UVM_LOW,1,1,0.0348,-O2 -sv,+UVM_TESTNAME=auto,r1p2,3,384,40.0,backpressure_test,backpressure_seq,APB3+UART
RUN-000442,uart_loopback_test-000442,Uart_Loopback,APB4,priority,8,1,4,none,1500000,64,1,level,25,32,32,100,1,ACTIVE,stress,0,8,1,1,UVM_LOW,0,0,0.0,-O2 -sv -assert svaext,+UVM_TESTNAME=auto,r1p0,2,768,40.0,uart_loopback_test,uart_loopback_seq,APB4+UART
RUN-000443,parity_stress_test-000443,Parity_Stress,APB3,round_robin,2,3,2,even,230400,8,1,edge,100,32,32,50,1,ACTIVE,functional,0,4,0,1,UVM_MEDIUM,1,1,0.0079,-O2 -sv -assert svaext,+UVM_TESTNAME=auto,r1p2,6,96,10.0,parity_stress_test,parity_stress_seq,APB3+UART
RUN-000444,reset_recovery_test-000444,Reset_Recovery,APB4,static,4,3,2,none,1500000,16,1,level,100,16,32,100,3,PASSIVE,regression,0,16,1,0,UVM_MEDIUM,0,0,0.0,-O2 -sv,+UVM_TESTNAME=auto,r1p2,1,192,10.0,reset_recovery_test,reset_recovery_seq,APB4+UART
RUN-000445,reg_sweep_test-000445,Reg_Sweep,APB4,priority,16,1,0,even,115200,32,0,level,100,8,32,50,2,PASSIVE,functional,1,4,1,1,UVM_MEDIUM,1,0,0.0,-O2 -sv,+UVM_TESTNAME=auto,r1p2,2,384,10.0,reg_sweep_test,reg_sweep_seq,APB4+UART
RUN-000446,parity_stress_test-000446,Parity_Stress,APB4,static,4,2,0,none,115200,64,1,level,200,16,32,50,2,ACTIVE,functional,1,4,1,1,UVM_HIGH,0,1,0.0145,-O2 -sv,+UVM_TESTNAME=auto,r1p2,7,768,5.0,parity_stress_test,parity_stress_seq,APB4+UART
RUN-000447,dma_burst_test-000447,Dma_Burst,APB3,static,4,2,1,none,115200,16,1,level,100,32,32,250,2,ACTIVE,stress,0,8,0,1,UVM_LOW,0,1,0.018,-O0 -sv -debug,+UVM_TESTNAME=auto,r2p0,7,192,10.0,dma_burst_test,dma_burst_seq,APB3+UART
RUN-000448,backpressure_test-000448,Backpressure,APB4,round_robin,16,1,0,none,115200,4,1,level,100,32,32,250,1,ACTIVE,regression,0,8,0,1,UVM_LOW,0,1,0.0364,-O2 -sv -assert svaext,+UVM_TESTNAME=auto -cm line+tgl,r2p0,0,48,10.0,backpressure_test,backpressure_seq,APB4+UART
RUN-000449,parity_stress_test-000449,Parity_Stress,APB4,static,2,7,0,odd,1500000,16,0,edge,100,32,32,500,1,ACTIVE,functional,0,4,1,1,UVM_HIGH,0,0,0.0,-O2 -sv,+UVM_TESTNAME=auto,r1p2,7,192,10.0,parity_stress_test,parity_stress_seq,APB4+UART
RUN-000450,uart_loopback_test-000450,Uart_Loopback,APB3,round_robin,4,5,1,none,460800,8,1,level,200,32,32,250,2,ACTIVE,regression,1,4,1,1,UVM_MEDIUM,1,1,0.0171,-O0 -sv -debug,+UVM_TESTNAME=auto,r1p2,4,96,5.0,uart_loopback_test,uart_loopback_seq,APB3+UART
RUN-000451,uart_loopback_test-000451,Uart_Loopback,APB4,round_robin,4,4,4,even,230400,32,1,level,100,32,32,500,2,PASSIVE,functional,0,8,0,1,UVM_LOW,0,0,0.0,-O2 -sv,+UVM_TESTNAME=auto,r2p0,1,384,10.0,uart_loopback_test,uart_loopback_seq,APB4+UART
RUN-000452,reset_recovery_test-000452,Reset_Recovery,APB3,round_robin,4,7,2,odd,230400,32,0,edge,25,16,16,250,1,ACTIVE,functional,1,16,1,1,UVM_LOW,1,1,0.0307,-O2 -sv -assert svaext,+UVM_TESTNAME=auto -cm line+tgl,r1p2,4,384,40.0,reset_recovery_test,reset_recovery_seq,APB3+UART
RUN-000453,irq_storm_test-000453,Irq_Storm,APB3,round_robin,16,2,1,odd,115200,16,0,edge,100,8,32,500,1,ACTIVE,regression,0,4,0,1,UVM_LOW,0,0,0.0,-O0 -sv -debug,+UVM_TESTNAME=auto,r1p0,0,192,10.0,irq_storm_test,irq_storm_seq,APB3+UART
RUN-000454,dma_burst_test-000454,Dma_Burst,APB4,round_robin,4,2,2,even,115200,8,0,level,50,32,32,500,2,ACTIVE,stress,0,8,1,1,UVM_MEDIUM,1,0,0.0,-O2 -sv -assert svaext,+UVM_TESTNAME=auto,r2p0,1,96,20.0,dma_burst_test,dma_burst_seq,APB4+UART
RUN-000455,dma_burst_test-000455,Dma_Burst,APB4,round_robin,4,2,4,none,460800,64,1,level,100,16,32,500,1,ACTIVE,functional,0,8,1,1,UVM_MEDIUM,0,0,0.0,-O2 -sv,+UVM_TESTNAME=auto,r2p0,5,768,10.0,dma_burst_test,dma_burst_seq,APB4+UART
RUN-000456,backpressure_test-000456,Backpressure,APB4,round_robin,4,2,0,none,115200,32,1,edge,50,32,32,250,3,ACTIVE,functional,1,8,1,1,UVM_LOW,0,1,0.0223,-O2 -sv,+UVM_TESTNAME=auto,r2p0,6,384,20.0,backpressure_test,backpressure_seq,APB4+UART
RUN-000457,uart_loopback_test-000457,Uart_Loopback,APB3,priority,16,4,2,odd,460800,8,1,edge,50,32,16,100,1,ACTIVE,regression,0,4,1,1,UVM_MEDIUM,0,0,0.0,-O0 -sv -debug,+UVM_TESTNAME=auto,r1p0,10,96,20.0,uart_loopback_test,uart_loopback_seq,APB3+UART
RUN-000458,reg_sweep_test-000458,Reg_Sweep,APB3,static,2,1,1,odd,230400,64,0,edge,50,32,32,100,3,ACTIVE,regression,1,8,1,1,UVM_LOW,0,0,0.0,-O2 -sv,+UVM_TESTNAME=auto,r1p2,10,768,20.0,reg_sweep_test,reg_sweep_seq,APB3+UART
RUN-000459,uart_loopback_test-000459,Uart_Loopback,APB3,round_robin,2,1,0,odd,230400,16,1,level,200,8,16,250,2,ACTIVE,stress,0,4,0,1,UVM_HIGH,0,0,0.0,-O2 -sv -assert svaext,+UVM_TESTNAME=auto -cm line+tgl,r2p0,10,192,5.0,uart_loopback_test,uart_loopback_seq,APB3+UART
RUN-000460,reset_recovery_test-000460,Reset_Recovery,APB4,static,8,1,2,even,1500000,32,0,edge,100,8,32,100,1,ACTIVE,functional,1,8,1,1,UVM_MEDIUM,0,0,0.0,-O2 -sv,+UVM_TESTNAME=auto,r1p2,1,384,10.0,reset_recovery_test,reset_recovery_seq,APB4+UART
RUN-000461,uart_loopback_test-000461,Uart_Loopback,APB4,round_robin,16,0,1,none,1500000,16,0,edge,50,32,32,250,3,ACTIVE,stress,0,8,1,1,UVM_LOW,0,0,0.0,-O2 -sv -assert svaext,+UVM_TESTNAME=auto -cm line+tgl,r1p2,11,192,20.0,uart_loopback_test,uart_loopback_seq,APB4+UART
RUN-000462,uart_loopback_test-000462,Uart_Loopback,APB4,static,2,5,1,none,115200,16,1,edge,25,16,16,500,3,ACTIVE,functional,0,16,0,1,UVM_LOW,0,1,0.011,-O2 -sv,+UVM_TESTNAME=auto,r1p0,2,192,40.0,uart_loopback_test,uart_loopback_seq,APB4+UART
RUN-000463,dma_burst_test-000463,Dma_Burst,APB4,static,2,0,4,even,230400,16,1,level,100,16,32,100,2,PASSIVE,functional,0,4,0,1,UVM_LOW,1,1,0.0326,-O2 -sv -assert svaext,+UVM_TESTNAME=auto,r2p0,6,192,10.0,dma_burst_test,dma_burst_seq,APB4+UART
RUN-000464,irq_storm_test-000464,Irq_Storm,APB4,static,4,3,2,odd,115200,16,0,level,50,32,16,100,1,ACTIVE,functional,0,16,0,1,UVM_LOW,0,0,0.0,-O2 -sv,+UVM_TESTNAME=auto,r1p2,7,192,20.0,irq_storm_test,irq_storm_seq,APB4+UART
RUN-000465,parity_stress_test-000465,Parity_Stress,APB3,round_robin,2,6,0,even,115200,4,1,edge,100,32,32,500,1,ACTIVE,stress,0,4,1,1,UVM_MEDIUM,1,1,0.0189,-O2 -sv -assert svaext,+UVM_TESTNAME=auto,r1p2,11,48,10.0,parity_stress_test,parity_stress_seq,APB3+UART
RUN-000466,irq_storm_test-000466,Irq_Storm,APB4,priority,16,1,0,odd,115200,64,1,edge,50,16,16,100,1,ACTIVE,functional,0,16,1,1,UVM_LOW,0,1,0.0168,-O2 -sv,+UVM_TESTNAME=auto,r1p0,9,768,20.0,irq_storm_test,irq_storm_seq,APB4+UART
RUN-000467,reg_sweep_test-000467,Reg_Sweep,APB4,priority,2,2,1,even,460800,16,1,edge,100,16,32,250,1,ACTIVE,functional,0,16,1,1,UVM_LOW,0,0,0.0,-O0 -sv -debug,+UVM_TESTNAME=auto -cm line+tgl,r2p0,7,192,10.0,reg_sweep_test,reg_sweep_seq,APB4+UART
RUN-000468,reset_recovery_test-000468,Reset_Recovery,APB3,priority,4,4,2,none,115200,16,1,edge,100,32,16,500,1,ACTIVE,stress,0,16,0,1,UVM_LOW,1,0,0.0,-O0 -sv -debug,+UVM_TESTNAME=auto -cm line+tgl,r2p0,1,192,10.0,reset_recovery_test,reset_recovery_seq,APB3+UART
RUN-000469,irq_storm_test-000469,Irq_Storm,APB3,round_robin,16,2,0,odd,1500000,8,0,level,50,32,16,100,2,ACTIVE,functional,0,8,1,1,UVM_HIGH,1,0,0.0,-O2 -sv,+UVM_TESTNAME=auto,r1p2,10,96,20.0,irq_storm_test,irq_storm_seq,APB3+UART
RUN-000470,irq_storm_test-000470,Irq_Storm,APB4,round_robin,4,7,0,odd,1500000,8,1,level,25,32,32,100,2,PASSIVE,stress,0,8,1,1,UVM_HIGH,0,1,0.0343,-O2 -sv,+UVM_TESTNAME=auto,r1p2,10,96,40.0,irq_storm_test,irq_storm_seq,APB4+UART
RUN-000471,reg_sweep_test-000471,Reg_Sweep,APB4,round_robin,2,7,2,none,115200,16,1,edge,100,32,32,50,2,ACTIVE,regression,0,16,1,1,UVM_LOW,1,0,0.0,-O2 -sv,+UVM_TESTNAME=auto,r2p0,4,192,10.0,reg_sweep_test,reg_sweep_seq,APB4+UART
RUN-000472,uart_loopback_test-000472,Uart_Loopback,APB4,round_robin,4,3,4,odd,115200,16,1,edge,200,16,16,250,2,ACTIVE,regression,1,8,0,0,UVM_MEDIUM,1,0,0.0,-O2 -sv,+UVM_TESTNAME=auto -cm line+tgl,r1p0,7,192,5.0,uart_loopback_test,uart_loopback_seq,APB4+UART
RUN-000473,irq_storm_test-000473,Irq_Storm,APB3,round_robin,16,7,1,even,1500000,4,0,edge,50,32,32,250,3,ACTIVE,functional,0,8,1,1,UVM_LOW,1,1,0.0096,-O2 -sv,+UVM_TESTNAME=auto,r1p0,1,48,20.0,irq_storm_test,irq_storm_seq,APB3+UART
RUN-000474,uart_loopback_test-000474,Uart_Loopback,APB3,priority,8,5,2,odd,115200,16,1,level,100,32,16,50,1,ACTIVE,functional,0,8,1,1,UVM_LOW,0,0,0.0,-O2 -sv -assert svaext,+UVM_TESTNAME=auto -cm line+tgl,r1p2,0,192,10.0,uart_loopback_test,uart_loopback_seq,APB3+UART
RUN-000475,reset_recovery_test-000475,Reset_Recovery,APB3,priority,2,6,0,none,230400,64,1,level,50,32,16,250,2,ACTIVE,stress,0,16,1,1,UVM_LOW,0,1,0.0078,-O2 -sv,+UVM_TESTNAME=auto,r1p2,7,768,20.0,reset_recovery_test,reset_recovery_seq,APB3+UART
RUN-000476,uart_loopback_test-000476,Uart_Loopback,APB3,round_robin,4,3,2,none,1500000,8,1,edge,25,32,16,500,3,ACTIVE,stress,0,16,1,1,UVM_LOW,1,0,0.0,-O2 -sv -assert svaext,+UVM_TESTNAME=auto -cm line+tgl,r1p0,0,96,40.0,uart_loopback_test,uart_loopback_seq,APB3+UART
RUN-000477,backpressure_test-000477,Backpressure,APB4,static,8,7,4,even,115200,8,1,edge,100,32,16,250,1,ACTIVE,regression,0,16,0,1,UVM_LOW,0,0,0.0,-O2 -sv,+UVM_TESTNAME=auto,r1p2,6,96,10.0,backpressure_test,backpressure_seq,APB4+UART
RUN-000478,backpressure_test-000478,Backpressure,APB3,priority,2,4,1,odd,115200,32,0,level,100,32,32,500,3,PASSIVE,stress,0,8,1,1,UVM_MEDIUM,1,0,0.0,-O2 -sv,+UVM_TESTNAME=auto,r1p0,1,384,10.0,backpressure_test,backpressure_seq,APB3+UART
RUN-000479,uart_loopback_test-000479,Uart_Loopback,APB4,static,2,0,0,none,921600,32,0,edge,200,32,32,250,2,ACTIVE,regression,0,4,1,1,UVM_LOW,1,1,0.0096,-O2 -sv,+UVM_TESTNAME=auto -cm line+tgl,r1p0,0,384,5.0,uart_loopback_test,uart_loopback_seq,APB4+UART
RUN-000480,irq_storm_test-000480,Irq_Storm,APB3,priority,16,2,4,odd,230400,32,0,level,25,16,32,100,1,ACTIVE,stress,0,4,1,1,UVM_LOW,0,0,0.0,-O2 -sv,+UVM_TESTNAME=auto,r1p0,5,384,40.0,irq_storm_test,irq_storm_seq,APB3+UART
RUN-000481,parity_stress_test-000481,Parity_Stress,APB3,round_robin,4,0,2,odd,460800,16,0,level,25,32,32,250,3,ACTIVE,functional,0,8,1,1,UVM_MEDIUM,1,0,0.0,-O2 -sv,+UVM_TESTNAME=auto -cm line+tgl,r1p2,2,192,40.0,parity_stress_test,parity_stress_seq,APB3+UART
RUN-000482,uart_loopback_test-000482,Uart_Loopback,APB4,priority,8,3,1,even,230400,16,0,edge,100,16,16,50,3,ACTIVE,functional,1,8,1,1,UVM_LOW,0,0,0.0,-O2 -sv,+UVM_TESTNAME=auto,r2p0,11,192,10.0,uart_loopback_test,uart_loopback_seq,APB4+UART
RUN-000483,reset_recovery_test-000483,Reset_Recovery,APB3,priority,4,2,0,even,460800,8,1,level,50,16,32,500,1,ACTIVE,stress,0,8,1,1,UVM_MEDIUM,0,0,0.0,-O2 -sv,+UVM_TESTNAME=auto -cm line+tgl,r1p2,9,96,20.0,reset_recovery_test,reset_recovery_seq,APB3+UART
RUN-000484,irq_storm_test-000484,Irq_Storm,APB4,static,8,6,2,none,460800,32,0,edge,25,8,16,500,1,ACTIVE,functional,0,8,1,1,UVM_LOW,0,0,0.0,-O2 -sv -assert svaext,+UVM_TESTNAME=auto -cm line+tgl,r2p0,5,384,40.0,irq_storm_test,irq_storm_seq,APB4+UART
RUN-000485,uart_loopback_test-000485,Uart_Loopback,APB3,round_robin,2,7,2,none,230400,64,0,level,200,8,32,100,2,ACTIVE,functional,0,4,0,1,UVM_LOW,0,0,0.0,-O2 -sv,+UVM_TESTNAME=auto,r2p0,0,768,5.0,uart_loopback_test,uart_loopback_seq,APB3+UART
RUN-000486,dma_burst_test-000486,Dma_Burst,APB4,priority,8,2,0,odd,1500000,16,0,edge,100,16,32,100,2,ACTIVE,regression,0,16,1,1,UVM_LOW,0,0,0.0,-O2 -sv,+UVM_TESTNAME=auto -cm line+tgl,r1p0,4,192,10.0,dma_burst_test,dma_burst_seq,APB4+UART
RUN-000487,reg_sweep_test-000487,Reg_Sweep,APB4,round_robin,2,2,1,none,921600,32,1,level,25,8,32,250,3,ACTIVE,regression,0,16,1,1,UVM_MEDIUM,0,0,0.0,-O2 -sv,+UVM_TESTNAME=auto -cm line+tgl,r2p0,0,384,40.0,reg_sweep_test,reg_sweep_seq,APB4+UART
RUN-000488,irq_storm_test-000488,Irq_Storm,APB4,round_robin,2,4,2,odd,921600,32,1,edge,200,16,16,50,3,ACTIVE,regression,0,8,0,1,UVM_HIGH,0,0,0.0,-O2 -sv -assert svaext,+UVM_TESTNAME=auto,r1p0,7,384,5.0,irq_storm_test,irq_storm_seq,APB4+UART
RUN-000489,irq_storm_test-000489,Irq_Storm,APB4,round_robin,2,0,2,none,1500000,16,0,edge,50,8,16,250,1,ACTIVE,functional,0,8,0,1,UVM_HIGH,0,0,0.0,-O2 -sv -assert svaext,+UVM_TESTNAME=auto -cm line+tgl,r1p2,2,192,20.0,irq_storm_test,irq_storm_seq,APB4+UART
RUN-000490,reset_recovery_test-000490,Reset_Recovery,APB4,priority,4,3,2,none,115200,16,0,edge,100,8,32,100,2,ACTIVE,stress,0,4,0,1,UVM_LOW,1,1,0.0284,-O2 -sv -assert svaext,+UVM_TESTNAME=auto,r1p0,0,192,10.0,reset_recovery_test,reset_recovery_seq,APB4+UART
RUN-000491,backpressure_test-000491,Backpressure,APB4,priority,8,0,1,none,921600,16,0,level,100,16,16,50,2,ACTIVE,regression,0,8,0,1,UVM_LOW,0,0,0.0,-O2 -sv -assert svaext,+UVM_TESTNAME=auto -cm line+tgl,r1p0,7,192,10.0,backpressure_test,backpressure_seq,APB4+UART
RUN-000492,reg_sweep_test-000492,Reg_Sweep,APB4,priority,8,5,0,none,1500000,64,1,edge,50,16,16,50,1,ACTIVE,functional,1,4,1,1,UVM_LOW,0,0,0.0,-O2 -sv,+UVM_TESTNAME=auto,r1p0,10,768,20.0,reg_sweep_test,reg_sweep_seq,APB4+UART
RUN-000493,backpressure_test-000493,Backpressure,APB3,static,8,2,0,none,230400,16,0,level,50,8,16,100,3,ACTIVE,functional,0,16,1,1,UVM_HIGH,0,0,0.0,-O2 -sv,+UVM_TESTNAME=auto,r2p0,5,192,20.0,backpressure_test,backpressure_seq,APB3+UART
RUN-000494,uart_loopback_test-000494,Uart_Loopback,APB3,priority,16,1,4,odd,115200,32,1,level,50,16,32,250,1,PASSIVE,functional,0,4,1,1,UVM_LOW,0,0,0.0,-O2 -sv,+UVM_TESTNAME=auto -cm line+tgl,r1p0,2,384,20.0,uart_loopback_test,uart_loopback_seq,APB3+UART
RUN-000495,uart_loopback_test-000495,Uart_Loopback,APB4,round_robin,4,6,1,none,460800,8,0,edge,100,32,16,250,2,ACTIVE,functional,0,8,1,1,UVM_LOW,0,0,0.0,-O2 -sv -assert svaext,+UVM_TESTNAME=auto,r1p2,2,96,10.0,uart_loopback_test,uart_loopback_seq,APB4+UART
RUN-000496,parity_stress_test-000496,Parity_Stress,APB3,static,8,1,0,odd,1500000,32,1,edge,50,32,16,100,2,ACTIVE,functional,1,8,1,1,UVM_MEDIUM,0,0,0.0,-O2 -sv -assert svaext,+UVM_TESTNAME=auto -cm line+tgl,r2p0,4,384,20.0,parity_stress_test,parity_stress_seq,APB3+UART
RUN-000497,parity_stress_test-000497,Parity_Stress,APB3,round_robin,16,3,2,even,115200,4,0,level,100,8,16,100,3,ACTIVE,regression,0,4,0,1,UVM_LOW,1,0,0.0,-O2 -sv -assert svaext,+UVM_TESTNAME=auto,r1p0,10,48,10.0,parity_stress_test,parity_stress_seq,APB3+UART
RUN-000498,uart_loopback_test-000498,Uart_Loopback,APB4,priority,2,0,1,none,230400,64,0,edge,100,16,32,500,1,ACTIVE,functional,0,4,1,0,UVM_LOW,0,1,0.0215,-O2 -sv -assert svaext,+UVM_TESTNAME=auto,r1p2,4,768,10.0,uart_loopback_test,uart_loopback_seq,APB4+UART
RUN-000499,reg_sweep_test-000499,Reg_Sweep,APB3,static,8,3,4,odd,921600,32,1,edge,25,16,16,100,1,ACTIVE,stress,0,4,1,1,UVM_MEDIUM,0,0,0.0,-O0 -sv -debug,+UVM_TESTNAME=auto,r1p0,9,384,40.0,reg_sweep_test,reg_sweep_seq,APB3+UART
RUN-000500,dma_burst_test-000500,Dma_Burst,APB4,round_robin,2,2,1,odd,460800,16,1,level,200,32,32,50,2,ACTIVE,functional,0,4,1,1,UVM_MEDIUM,0,0,0.0,-O2 -sv -assert svaext,+UVM_TESTNAME=auto,r2p0,4,192,5.0,dma_burst_test,dma_burst_seq,APB4+UART
RUN-000501,dma_burst_test-000501,Dma_Burst,APB4,priority,8,6,1,even,230400,16,1,edge,50,32,32,50,1,ACTIVE,regression,0,4,0,1,UVM_MEDIUM,0,1,0.0218,-O2 -sv -assert svaext,+UVM_TESTNAME=auto -cm line+tgl,r1p2,2,192,20.0,dma_burst_test,dma_burst_seq,APB4+UART
RUN-000502,parity_stress_test-000502,Parity_Stress,APB3,priority,16,1,0,none,115200,16,1,level,50,16,16,250,3,PASSIVE,stress,0,4,1,1,UVM_LOW,1,1,0.0307,-O2 -sv -assert svaext,+UVM_TESTNAME=auto -cm line+tgl,r2p0,3,192,20.0,parity_stress_test,parity_stress_seq,APB3+UART
RUN-000503,uart_loopback_test-000503,Uart_Loopback,APB3,priority,2,5,0,none,921600,8,0,level,50,8,16,500,1,ACTIVE,stress,1,8,1,1,UVM_HIGH,0,0,0.0,-O2 -sv -assert svaext,+UVM_TESTNAME=auto,r1p0,5,96,20.0,uart_loopback_test,uart_loopback_seq,APB3+UART
RUN-000504,reset_recovery_test-000504,Reset_Recovery,APB3,static,4,0,1,odd,460800,32,1,level,50,32,32,500,3,ACTIVE,functional,0,8,1,1,UVM_HIGH,0,0,0.0,-O2 -sv -assert svaext,+UVM_TESTNAME=auto -cm line+tgl,r2p0,8,384,20.0,reset_recovery_test,reset_recovery_seq,APB3+UART
RUN-000505,dma_burst_test-000505,Dma_Burst,APB4,static,2,4,2,none,921600,32,0,level,50,32,32,100,2,ACTIVE,functional,0,4,1,1,UVM_MEDIUM,0,0,0.0,-O2 -sv,+UVM_TESTNAME=auto,r1p2,2,384,20.0,dma_burst_test,dma_burst_seq,APB4+UART
RUN-000506,irq_storm_test-000506,Irq_Storm,APB4,static,8,0,0,none,115200,16,1,level,50,32,32,100,2,ACTIVE,functional,0,16,1,1,UVM_HIGH,1,1,0.0008,-O2 -sv,+UVM_TESTNAME=auto,r1p2,4,192,20.0,irq_storm_test,irq_storm_seq,APB4+UART
RUN-000507,parity_stress_test-000507,Parity_Stress,APB3,priority,8,6,4,none,921600,4,1,edge,100,32,32,500,1,ACTIVE,stress,1,16,0,1,UVM_LOW,0,1,0.0011,-O0 -sv -debug,+UVM_TESTNAME=auto,r1p2,8,48,10.0,parity_stress_test,parity_stress_seq,APB3+UART
RUN-000508,dma_burst_test-000508,Dma_Burst,APB3,priority,8,5,1,even,460800,4,1,edge,100,32,32,250,1,ACTIVE,regression,0,8,1,1,UVM_LOW,0,1,0.0398,-O2 -sv -assert svaext,+UVM_TESTNAME=auto -cm line+tgl,r1p0,9,48,10.0,dma_burst_test,dma_burst_seq,APB3+UART
RUN-000509,backpressure_test-000509,Backpressure,APB4,round_robin,4,0,2,none,230400,4,1,edge,25,32,32,50,1,ACTIVE,functional,0,8,0,1,UVM_LOW,0,0,0.0,-O2 -sv -assert svaext,+UVM_TESTNAME=auto -cm line+tgl,r2p0,5,48,40.0,backpressure_test,backpressure_seq,APB4+UART
RUN-000510,reset_recovery_test-000510,Reset_Recovery,APB3,static,2,1,0,even,921600,64,0,level,50,8,16,100,2,ACTIVE,regression,0,16,1,1,UVM_LOW,0,1,0.0111,-O2 -sv,+UVM_TESTNAME=auto -cm line+tgl,r1p2,3,768,20.0,reset_recovery_test,reset_recovery_seq,APB3+UART
RUN-000511,reset_recovery_test-000511,Reset_Recovery,APB3,priority,4,4,1,odd,1500000,16,0,edge,100,16,32,250,2,ACTIVE,stress,0,8,1,1,UVM_LOW,0,0,0.0,-O2 -sv -assert svaext,+UVM_TESTNAME=auto,r2p0,2,192,10.0,reset_recovery_test,reset_recovery_seq,APB3+UART
RUN-000512,dma_burst_test-000512,Dma_Burst,APB4,static,2,0,4,odd,115200,8,0,edge,100,16,16,250,1,ACTIVE,functional,0,16,1,0,UVM_MEDIUM,0,0,0.0,-O2 -sv -assert svaext,+UVM_TESTNAME=auto -cm line+tgl,r1p0,1,96,10.0,dma_burst_test,dma_burst_seq,APB4+UART
RUN-000513,backpressure_test-000513,Backpressure,APB4,round_robin,4,3,4,odd,115200,64,0,edge,200,8,32,250,1,ACTIVE,stress,0,4,1,1,UVM_LOW,1,0,0.0,-O0 -sv -debug,+UVM_TESTNAME=auto,r1p2,11,768,5.0,backpressure_test,backpressure_seq,APB4+UART
RUN-000514,reg_sweep_test-000514,Reg_Sweep,APB4,priority,2,7,1,odd,1500000,8,0,edge,200,32,32,250,2,ACTIVE,regression,0,4,1,1,UVM_MEDIUM,0,1,0.0377,-O2 -sv,+UVM_TESTNAME=auto,r1p0,6,96,5.0,reg_sweep_test,reg_sweep_seq,APB4+UART
RUN-000515,reg_sweep_test-000515,Reg_Sweep,APB4,static,4,0,0,odd,921600,4,1,edge,100,16,32,250,1,ACTIVE,stress,0,16,0,1,UVM_LOW,0,0,0.0,-O2 -sv -assert svaext,+UVM_TESTNAME=auto,r1p2,5,48,10.0,reg_sweep_test,reg_sweep_seq,APB4+UART
RUN-000516,reset_recovery_test-000516,Reset_Recovery,APB4,priority,8,0,0,none,115200,8,0,edge,200,8,16,500,2,ACTIVE,functional,1,4,1,1,UVM_LOW,0,0,0.0,-O2 -sv -assert svaext,+UVM_TESTNAME=auto,r1p0,5,96,5.0,reset_recovery_test,reset_recovery_seq,APB4+UART
RUN-000517,reg_sweep_test-000517,Reg_Sweep,APB3,priority,4,0,1,even,921600,8,0,level,50,16,16,500,2,ACTIVE,stress,0,8,1,1,UVM_MEDIUM,0,0,0.0,-O2 -sv,+UVM_TESTNAME=auto,r2p0,11,96,20.0,reg_sweep_test,reg_sweep_seq,APB3+UART
RUN-000518,reg_sweep_test-000518,Reg_Sweep,APB3,static,4,2,1,none,1500000,8,1,level,25,32,32,500,1,ACTIVE,regression,0,4,0,0,UVM_MEDIUM,0,0,0.0,-O2 -sv,+UVM_TESTNAME=auto,r1p2,6,96,40.0,reg_sweep_test,reg_sweep_seq,APB3+UART
RUN-000519,reset_recovery_test-000519,Reset_Recovery,APB4,static,2,3,1,odd,115200,32,0,edge,100,32,16,50,2,PASSIVE,regression,0,8,1,1,UVM_LOW,1,0,0.0,-O2 -sv,+UVM_TESTNAME=auto,r1p2,6,384,10.0,reset_recovery_test,reset_recovery_seq,APB4+UART
RUN-000520,reg_sweep_test-000520,Reg_Sweep,APB3,round_robin,4,3,1,odd,460800,16,0,level,200,32,16,100,2,ACTIVE,functional,1,8,0,1,UVM_MEDIUM,0,0,0.0,-O2 -sv,+UVM_TESTNAME=auto,r1p2,3,192,5.0,reg_sweep_test,reg_sweep_seq,APB3+UART
RUN-000521,reg_sweep_test-000521,Reg_Sweep,APB3,round_robin,2,5,1,none,1500000,8,1,edge,25,32,32,250,1,ACTIVE,functional,0,16,1,1,UVM_LOW,0,0,0.0,-O2 -sv -assert svaext,+UVM_TESTNAME=auto,r2p0,0,96,40.0,reg_sweep_test,reg_sweep_seq,APB3+UART
RUN-000522,uart_loopback_test-000522,Uart_Loopback,APB3,priority,8,4,2,none,921600,8,0,level,50,8,16,500,1,ACTIVE,regression,1,16,1,1,UVM_MEDIUM,0,1,0.0166,-O2 -sv,+UVM_TESTNAME=auto,r2p0,1,96,20.0,uart_loopback_test,uart_loopback_seq,APB3+UART
RUN-000523,backpressure_test-000523,Backpressure,APB3,priority,4,0,2,none,115200,8,0,level,200,32,16,100,1,ACTIVE,functional,1,4,0,1,UVM_LOW,1,0,0.0,-O2 -sv -assert svaext,+UVM_TESTNAME=auto,r1p2,7,96,5.0,backpressure_test,backpressure_seq,APB3+UART
RUN-000524,reg_sweep_test-000524,Reg_Sweep,APB4,priority,8,4,1,odd,115200,32,1,level,100,32,32,50,2,ACTIVE,stress,0,16,1,1,UVM_MEDIUM,0,0,0.0,-O2 -sv -assert svaext,+UVM_TESTNAME=auto,r1p0,6,384,10.0,reg_sweep_test,reg_sweep_seq,APB4+UART
RUN-000525,reset_recovery_test-000525,Reset_Recovery,APB3,static,2,2,0,even,921600,8,1,level,100,16,16,250,2,ACTIVE,stress,1,8,0,0,UVM_LOW,1,0,0.0,-O0 -sv -debug,+UVM_TESTNAME=auto,r1p2,10,96,10.0,reset_recovery_test,reset_recovery_seq,APB3+UART
RUN-000526,parity_stress_test-000526,Parity_Stress,APB4,round_robin,8,1,2,even,460800,32,1,level,50,16,32,100,2,ACTIVE,functional,0,8,1,1,UVM_LOW,0,0,0.0,-O2 -sv -assert svaext,+UVM_TESTNAME=auto,r1p0,1,384,20.0,parity_stress_test,parity_stress_seq,APB4+UART
RUN-000527,irq_storm_test-000527,Irq_Storm,APB4,priority,4,5,2,none,115200,16,1,level,100,32,32,100,2,ACTIVE,regression,0,8,1,1,UVM_MEDIUM,0,0,0.0,-O2 -sv -assert svaext,+UVM_TESTNAME=auto -cm line+tgl,r1p2,0,192,10.0,irq_storm_test,irq_storm_seq,APB4+UART
RUN-000528,backpressure_test-000528,Backpressure,APB4,static,2,4,2,none,230400,64,0,level,200,16,16,50,1,ACTIVE,functional,0,8,1,0,UVM_LOW,0,1,0.0195,-O2 -sv,+UVM_TESTNAME=auto,r1p2,10,768,5.0,backpressure_test,backpressure_seq,APB4+UART
RUN-000529,reg_sweep_test-000529,Reg_Sweep,APB4,priority,2,1,2,odd,230400,16,1,level,200,32,32,50,2,ACTIVE,stress,0,8,1,1,UVM_MEDIUM,0,1,0.0045,-O2 -sv,+UVM_TESTNAME=auto,r1p2,2,192,5.0,reg_sweep_test,reg_sweep_seq,APB4+UART
RUN-000530,irq_storm_test-000530,Irq_Storm,APB4,round_robin,8,5,0,odd,1500000,32,0,edge,50,32,32,100,1,ACTIVE,functional,0,8,0,1,UVM_LOW,1,0,0.0,-O2 -sv -assert svaext,+UVM_TESTNAME=auto -cm line+tgl,r1p0,4,384,20.0,irq_storm_test,irq_storm_seq,APB4+UART
RUN-000531,parity_stress_test-000531,Parity_Stress,APB3,priority,2,5,0,even,230400,8,0,edge,200,32,16,50,1,ACTIVE,functional,0,4,0,0,UVM_LOW,0,0,0.0,-O2 -sv -assert svaext,+UVM_TESTNAME=auto,r1p0,11,96,5.0,parity_stress_test,parity_stress_seq,APB3+UART
RUN-000532,parity_stress_test-000532,Parity_Stress,APB4,round_robin,16,2,2,none,115200,32,1,edge,200,8,32,50,2,ACTIVE,stress,1,8,0,0,UVM_LOW,1,0,0.0,-O0 -sv -debug,+UVM_TESTNAME=auto,r2p0,8,384,5.0,parity_stress_test,parity_stress_seq,APB4+UART
RUN-000533,uart_loopback_test-000533,Uart_Loopback,APB4,priority,4,6,4,odd,1500000,16,0,level,100,32,16,100,2,ACTIVE,functional,0,4,1,1,UVM_MEDIUM,0,1,0.0103,-O2 -sv -assert svaext,+UVM_TESTNAME=auto,r2p0,4,192,10.0,uart_loopback_test,uart_loopback_seq,APB4+UART
RUN-000534,backpressure_test-000534,Backpressure,APB3,static,2,7,0,odd,115200,32,1,edge,50,16,32,250,2,ACTIVE,functional,1,8,1,1,UVM_MEDIUM,0,1,0.0353,-O2 -sv -assert svaext,+UVM_TESTNAME=auto -cm line+tgl,r1p0,3,384,20.0,backpressure_test,backpressure_seq,APB3+UART
RUN-000535,reg_sweep_test-000535,Reg_Sweep,APB3,priority,4,1,1,even,115200,16,0,edge,200,32,16,100,2,ACTIVE,functional,0,16,1,1,UVM_LOW,1,0,0.0,-O2 -sv,+UVM_TESTNAME=auto -cm line+tgl,r2p0,7,192,5.0,reg_sweep_test,reg_sweep_seq,APB3+UART
RUN-000536,irq_storm_test-000536,Irq_Storm,APB4,round_robin,4,2,1,odd,230400,16,1,edge,100,16,32,250,2,ACTIVE,stress,1,4,1,1,UVM_LOW,0,1,0.0028,-O2 -sv -assert svaext,+UVM_TESTNAME=auto,r2p0,0,192,10.0,irq_storm_test,irq_storm_seq,APB4+UART
RUN-000537,irq_storm_test-000537,Irq_Storm,APB4,round_robin,8,6,0,odd,1500000,16,1,level,200,32,32,250,2,PASSIVE,functional,0,8,0,1,UVM_MEDIUM,0,0,0.0,-O0 -sv -debug,+UVM_TESTNAME=auto,r1p0,6,192,5.0,irq_storm_test,irq_storm_seq,APB4+UART
RUN-000538,uart_loopback_test-000538,Uart_Loopback,APB3,round_robin,2,7,0,none,460800,32,1,level,100,32,32,100,2,ACTIVE,regression,0,4,0,1,UVM_LOW,1,0,0.0,-O2 -sv,+UVM_TESTNAME=auto -cm line+tgl,r1p2,3,384,10.0,uart_loopback_test,uart_loopback_seq,APB3+UART
RUN-000539,uart_loopback_test-000539,Uart_Loopback,APB4,round_robin,8,1,1,none,230400,16,0,level,50,16,32,500,2,ACTIVE,stress,0,16,0,1,UVM_MEDIUM,0,0,0.0,-O2 -sv,+UVM_TESTNAME=auto,r1p2,11,192,20.0,uart_loopback_test,uart_loopback_seq,APB4+UART
RUN-000540,reset_recovery_test-000540,Reset_Recovery,APB4,static,8,6,1,even,230400,8,1,edge,100,32,32,100,1,ACTIVE,stress,0,8,1,1,UVM_HIGH,0,0,0.0,-O2 -sv,+UVM_TESTNAME=auto,r1p2,7,96,10.0,reset_recovery_test,reset_recovery_seq,APB4+UART
RUN-000541,uart_loopback_test-000541,Uart_Loopback,APB4,priority,8,0,2,none,460800,16,0,edge,50,32,32,500,2,ACTIVE,functional,1,8,1,1,UVM_LOW,0,1,0.0138,-O2 -sv,+UVM_TESTNAME=auto -cm line+tgl,r1p2,10,192,20.0,uart_loopback_test,uart_loopback_seq,APB4+UART
RUN-000542,uart_loopback_test-000542,Uart_Loopback,APB4,static,8,2,2,none,115200,32,0,edge,25,8,32,100,2,ACTIVE,stress,0,8,1,1,UVM_HIGH,1,1,0.0334,-O2 -sv,+UVM_TESTNAME=auto -cm line+tgl,r1p0,7,384,40.0,uart_loopback_test,uart_loopback_seq,APB4+UART
RUN-000543,dma_burst_test-000543,Dma_Burst,APB4,priority,4,3,0,even,230400,64,0,edge,50,16,16,500,2,ACTIVE,regression,0,4,1,1,UVM_MEDIUM,1,0,0.0,-O0 -sv -debug,+UVM_TESTNAME=auto -cm line+tgl,r1p2,9,768,20.0,dma_burst_test,dma_burst_seq,APB4+UART
RUN-000544,reg_sweep_test-000544,Reg_Sweep,APB4,priority,8,4,1,odd,230400,4,1,edge,200,32,32,100,2,ACTIVE,regression,0,8,1,1,UVM_LOW,1,1,0.021,-O2 -sv -assert svaext,+UVM_TESTNAME=auto,r2p0,0,48,5.0,reg_sweep_test,reg_sweep_seq,APB4+UART
RUN-000545,dma_burst_test-000545,Dma_Burst,APB4,priority,2,7,0,even,460800,16,0,level,25,8,16,50,1,ACTIVE,functional,0,8,1,0,UVM_MEDIUM,0,1,0.0216,-O2 -sv,+UVM_TESTNAME=auto -cm line+tgl,r2p0,4,192,40.0,dma_burst_test,dma_burst_seq,APB4+UART
RUN-000546,uart_loopback_test-000546,Uart_Loopback,APB4,static,2,0,0,even,460800,64,1,level,25,16,32,100,1,ACTIVE,regression,0,16,1,1,UVM_MEDIUM,1,0,0.0,-O2 -sv,+UVM_TESTNAME=auto,r2p0,9,768,40.0,uart_loopback_test,uart_loopback_seq,APB4+UART
RUN-000547,dma_burst_test-000547,Dma_Burst,APB3,priority,2,6,4,none,921600,32,1,edge,100,32,16,100,1,ACTIVE,functional,0,8,1,1,UVM_LOW,0,0,0.0,-O2 -sv,+UVM_TESTNAME=auto,r1p2,1,384,10.0,dma_burst_test,dma_burst_seq,APB3+UART
RUN-000548,irq_storm_test-000548,Irq_Storm,APB4,priority,4,4,2,odd,115200,8,1,edge,25,8,32,250,1,ACTIVE,functional,0,4,0,1,UVM_LOW,0,0,0.0,-O0 -sv -debug,+UVM_TESTNAME=auto,r2p0,6,96,40.0,irq_storm_test,irq_storm_seq,APB4+UART
RUN-000549,reset_recovery_test-000549,Reset_Recovery,APB4,priority,2,6,0,odd,230400,32,0,edge,25,32,16,50,3,ACTIVE,stress,0,8,1,1,UVM_MEDIUM,0,1,0.0241,-O2 -sv -assert svaext,+UVM_TESTNAME=auto,r1p0,8,384,40.0,reset_recovery_test,reset_recovery_seq,APB4+UART
RUN-000550,uart_loopback_test-000550,Uart_Loopback,APB4,round_robin,8,1,2,even,230400,8,1,edge,200,32,32,50,2,ACTIVE,stress,0,16,0,1,UVM_LOW,0,0,0.0,-O2 -sv -assert svaext,+UVM_TESTNAME=auto -cm line+tgl,r1p2,11,96,5.0,uart_loopback_test,uart_loopback_seq,APB4+UART
RUN-000551,irq_storm_test-000551,Irq_Storm,APB3,priority,2,0,0,even,115200,8,1,level,25,16,32,100,3,ACTIVE,regression,1,8,1,1,UVM_MEDIUM,0,0,0.0,-O2 -sv,+UVM_TESTNAME=auto,r1p0,10,96,40.0,irq_storm_test,irq_storm_seq,APB3+UART
RUN-000552,reg_sweep_test-000552,Reg_Sweep,APB3,round_robin,16,6,1,none,115200,4,1,edge,25,32,32,100,2,ACTIVE,functional,0,4,1,1,UVM_HIGH,0,1,0.036,-O0 -sv -debug,+UVM_TESTNAME=auto -cm line+tgl,r2p0,11,48,40.0,reg_sweep_test,reg_sweep_seq,APB3+UART
RUN-000553,reset_recovery_test-000553,Reset_Recovery,APB4,round_robin,16,2,1,even,460800,4,1,level,200,16,16,50,2,ACTIVE,stress,1,4,1,1,UVM_MEDIUM,0,0,0.0,-O2 -sv,+UVM_TESTNAME=auto -cm line+tgl,r2p0,2,48,5.0,reset_recovery_test,reset_recovery_seq,APB4+UART
RUN-000554,dma_burst_test-000554,Dma_Burst,APB3,priority,8,2,0,even,115200,8,1,edge,100,32,16,100,1,ACTIVE,regression,0,8,1,1,UVM_LOW,1,0,0.0,-O2 -sv,+UVM_TESTNAME=auto,r1p2,10,96,10.0,dma_burst_test,dma_burst_seq,APB3+UART
RUN-000555,parity_stress_test-000555,Parity_Stress,APB4,round_robin,4,6,2,none,460800,4,0,edge,200,32,32,500,1,ACTIVE,regression,0,8,1,1,UVM_MEDIUM,1,1,0.0171,-O2 -sv -assert svaext,+UVM_TESTNAME=auto,r1p2,6,48,5.0,parity_stress_test,parity_stress_seq,APB4+UART
RUN-000556,backpressure_test-000556,Backpressure,APB3,round_robin,16,6,1,odd,115200,32,1,edge,100,16,16,100,1,ACTIVE,functional,0,16,1,1,UVM_MEDIUM,1,0,0.0,-O0 -sv -debug,+UVM_TESTNAME=auto,r1p2,2,384,10.0,backpressure_test,backpressure_seq,APB3+UART
RUN-000557,backpressure_test-000557,Backpressure,APB3,static,4,5,2,odd,115200,32,0,level,200,16,32,250,2,ACTIVE,functional,0,8,1,1,UVM_LOW,1,1,0.0204,-O2 -sv -assert svaext,+UVM_TESTNAME=auto -cm line+tgl,r2p0,0,384,5.0,backpressure_test,backpressure_seq,APB3+UART
RUN-000558,backpressure_test-000558,Backpressure,APB4,static,4,3,0,even,460800,4,1,level,200,32,32,250,2,ACTIVE,regression,0,8,1,1,UVM_HIGH,0,1,0.0076,-O2 -sv,+UVM_TESTNAME=auto,r2p0,6,48,5.0,backpressure_test,backpressure_seq,APB4+UART
RUN-000559,reg_sweep_test-000559,Reg_Sweep,APB4,priority,4,4,1,odd,115200,32,1,level,25,16,16,250,1,ACTIVE,functional,0,16,1,1,UVM_LOW,0,1,0.0015,-O2 -sv,+UVM_TESTNAME=auto,r2p0,6,384,40.0,reg_sweep_test,reg_sweep_seq,APB4+UART
RUN-000560,reset_recovery_test-000560,Reset_Recovery,APB4,priority,16,1,2,odd,230400,32,0,edge,50,16,32,50,3,ACTIVE,functional,0,8,1,1,UVM_LOW,0,0,0.0,-O2 -sv -assert svaext,+UVM_TESTNAME=auto,r1p2,10,384,20.0,reset_recovery_test,reset_recovery_seq,APB4+UART
RUN-000561,dma_burst_test-000561,Dma_Burst,APB4,static,4,7,0,none,921600,64,1,level,50,16,32,100,2,ACTIVE,functional,1,8,0,1,UVM_MEDIUM,0,0,0.0,-O2 -sv,+UVM_TESTNAME=auto -cm line+tgl,r1p0,1,768,20.0,dma_burst_test,dma_burst_seq,APB4+UART
RUN-000562,backpressure_test-000562,Backpressure,APB4,priority,8,5,1,even,115200,64,0,level,100,32,32,250,3,ACTIVE,stress,0,4,0,0,UVM_LOW,1,0,0.0,-O2 -sv -assert svaext,+UVM_TESTNAME=auto -cm line+tgl,r1p2,9,768,10.0,backpressure_test,backpressure_seq,APB4+UART
RUN-000563,backpressure_test-000563,Backpressure,APB3,round_robin,4,2,2,even,230400,32,0,level,100,32,32,500,3,ACTIVE,regression,0,8,1,1,UVM_LOW,0,0,0.0,-O2 -sv -assert svaext,+UVM_TESTNAME=auto -cm line+tgl,r1p0,10,384,10.0,backpressure_test,backpressure_seq,APB3+UART
RUN-000564,reg_sweep_test-000564,Reg_Sweep,APB4,round_robin,4,0,1,none,115200,32,1,level,100,32,32,250,1,ACTIVE,regression,0,4,0,1,UVM_MEDIUM,0,1,0.0368,-O0 -sv -debug,+UVM_TESTNAME=auto,r1p0,8,384,10.0,reg_sweep_test,reg_sweep_seq,APB4+UART
RUN-000565,parity_stress_test-000565,Parity_Stress,APB3,round_robin,8,3,4,odd,921600,16,0,level,50,8,32,100,1,ACTIVE,functional,0,16,1,1,UVM_LOW,0,0,0.0,-O0 -sv -debug,+UVM_TESTNAME=auto,r2p0,11,192,20.0,parity_stress_test,parity_stress_seq,APB3+UART
RUN-000566,reg_sweep_test-000566,Reg_Sweep,APB3,static,2,2,0,odd,460800,16,0,edge,200,32,32,250,1,ACTIVE,functional,0,4,1,1,UVM_LOW,1,1,0.0183,-O2 -sv -assert svaext,+UVM_TESTNAME=auto,r2p0,2,192,5.0,reg_sweep_test,reg_sweep_seq,APB3+UART
RUN-000567,reset_recovery_test-000567,Reset_Recovery,APB3,round_robin,4,3,0,even,921600,8,0,level,50,8,16,500,2,ACTIVE,regression,0,8,1,1,UVM_MEDIUM,0,0,0.0,-O0 -sv -debug,+UVM_TESTNAME=auto,r1p0,6,96,20.0,reset_recovery_test,reset_recovery_seq,APB3+UART
RUN-000568,irq_storm_test-000568,Irq_Storm,APB4,round_robin,2,5,0,none,921600,4,1,level,50,16,32,250,1,ACTIVE,regression,0,4,1,1,UVM_HIGH,0,0,0.0,-O2 -sv,+UVM_TESTNAME=auto -cm line+tgl,r1p0,8,48,20.0,irq_storm_test,irq_storm_seq,APB4+UART
RUN-000569,dma_burst_test-000569,Dma_Burst,APB4,round_robin,2,5,0,none,921600,16,0,level,100,16,32,50,2,ACTIVE,stress,0,4,1,1,UVM_LOW,0,0,0.0,-O2 -sv,+UVM_TESTNAME=auto -cm line+tgl,r2p0,6,192,10.0,dma_burst_test,dma_burst_seq,APB4+UART
RUN-000570,reset_recovery_test-000570,Reset_Recovery,APB4,round_robin,16,1,1,none,1500000,4,1,level,50,32,32,100,2,ACTIVE,stress,0,8,1,1,UVM_MEDIUM,0,1,0.0277,-O0 -sv -debug,+UVM_TESTNAME=auto -cm line+tgl,r1p2,3,48,20.0,reset_recovery_test,reset_recovery_seq,APB4+UART
RUN-000571,irq_storm_test-000571,Irq_Storm,APB3,round_robin,4,5,1,even,460800,16,1,level,100,32,32,50,3,ACTIVE,stress,0,16,1,1,UVM_MEDIUM,0,1,0.0182,-O2 -sv,+UVM_TESTNAME=auto -cm line+tgl,r1p2,3,192,10.0,irq_storm_test,irq_storm_seq,APB3+UART
RUN-000572,reset_recovery_test-000572,Reset_Recovery,APB4,round_robin,16,5,0,odd,1500000,32,1,edge,25,32,32,500,2,ACTIVE,stress,0,16,0,0,UVM_LOW,0,1,0.0226,-O2 -sv -assert svaext,+UVM_TESTNAME=auto -cm line+tgl,r1p0,7,384,40.0,reset_recovery_test,reset_recovery_seq,APB4+UART
RUN-000573,backpressure_test-000573,Backpressure,APB3,static,16,3,0,none,921600,8,1,edge,50,16,32,100,1,ACTIVE,functional,0,8,1,1,UVM_HIGH,1,0,0.0,-O2 -sv -assert svaext,+UVM_TESTNAME=auto,r1p0,6,96,20.0,backpressure_test,backpressure_seq,APB3+UART
RUN-000574,irq_storm_test-000574,Irq_Storm,APB3,priority,2,6,1,even,460800,16,0,edge,100,32,32,100,2,ACTIVE,functional,0,16,0,1,UVM_LOW,0,1,0.0113,-O2 -sv,+UVM_TESTNAME=auto,r1p2,8,192,10.0,irq_storm_test,irq_storm_seq,APB3+UART
RUN-000575,dma_burst_test-000575,Dma_Burst,APB4,static,4,6,2,none,115200,32,1,level,100,32,32,250,1,ACTIVE,functional,0,4,0,1,UVM_MEDIUM,0,1,0.003,-O2 -sv -assert svaext,+UVM_TESTNAME=auto,r2p0,8,384,10.0,dma_burst_test,dma_burst_seq,APB4+UART
RUN-000576,backpressure_test-000576,Backpressure,APB3,round_robin,4,2,1,odd,115200,64,1,edge,100,16,32,500,2,PASSIVE,stress,0,8,1,1,UVM_MEDIUM,0,0,0.0,-O2 -sv,+UVM_TESTNAME=auto,r1p2,2,768,10.0,backpressure_test,backpressure_seq,APB3+UART
RUN-000577,irq_storm_test-000577,Irq_Storm,APB4,round_robin,4,0,2,none,460800,8,1,level,100,32,32,250,3,ACTIVE,stress,0,8,1,1,UVM_MEDIUM,1,0,0.0,-O2 -sv -assert svaext,+UVM_TESTNAME=auto,r2p0,10,96,10.0,irq_storm_test,irq_storm_seq,APB4+UART
RUN-000578,dma_burst_test-000578,Dma_Burst,APB4,round_robin,4,7,0,even,460800,32,1,edge,50,32,32,50,1,ACTIVE,functional,1,8,1,1,UVM_MEDIUM,0,0,0.0,-O2 -sv -assert svaext,+UVM_TESTNAME=auto,r1p0,8,384,20.0,dma_burst_test,dma_burst_seq,APB4+UART
RUN-000579,backpressure_test-000579,Backpressure,APB4,priority,8,3,4,odd,230400,64,1,edge,50,16,32,50,1,ACTIVE,regression,1,8,0,1,UVM_MEDIUM,0,0,0.0,-O2 -sv -assert svaext,+UVM_TESTNAME=auto,r1p0,8,768,20.0,backpressure_test,backpressure_seq,APB4+UART
RUN-000580,dma_burst_test-000580,Dma_Burst,APB3,priority,2,2,1,none,1500000,4,0,edge,25,32,32,250,3,PASSIVE,functional,1,16,1,1,UVM_LOW,0,1,0.0341,-O2 -sv,+UVM_TESTNAME=auto -cm line+tgl,r1p2,8,48,40.0,dma_burst_test,dma_burst_seq,APB3+UART
RUN-000581,reset_recovery_test-000581,Reset_Recovery,APB3,round_robin,2,7,0,odd,921600,32,0,edge,200,32,16,500,2,ACTIVE,functional,1,8,1,1,UVM_MEDIUM,1,0,0.0,-O2 -sv -assert svaext,+UVM_TESTNAME=auto,r1p2,0,384,5.0,reset_recovery_test,reset_recovery_seq,APB3+UART
RUN-000582,backpressure_test-000582,Backpressure,APB3,priority,2,6,0,even,230400,16,1,edge,50,32,16,250,1,ACTIVE,stress,0,4,1,1,UVM_LOW,1,1,0.032,-O2 -sv -assert svaext,+UVM_TESTNAME=auto,r1p2,8,192,20.0,backpressure_test,backpressure_seq,APB3+UART
RUN-000583,parity_stress_test-000583,Parity_Stress,APB4,static,2,5,1,odd,115200,16,0,edge,100,32,16,500,1,ACTIVE,functional,0,4,0,1,UVM_HIGH,0,0,0.0,-O0 -sv -debug,+UVM_TESTNAME=auto -cm line+tgl,r1p2,6,192,10.0,parity_stress_test,parity_stress_seq,APB4+UART
RUN-000584,reset_recovery_test-000584,Reset_Recovery,APB4,round_robin,8,4,0,none,115200,8,0,level,50,16,32,250,2,PASSIVE,functional,0,8,1,1,UVM_MEDIUM,0,1,0.0179,-O2 -sv -assert svaext,+UVM_TESTNAME=auto,r1p2,7,96,20.0,reset_recovery_test,reset_recovery_seq,APB4+UART
RUN-000585,parity_stress_test-000585,Parity_Stress,APB3,round_robin,8,5,4,even,230400,16,1,level,25,32,32,50,2,ACTIVE,regression,1,4,1,1,UVM_HIGH,0,1,0.0324,-O2 -sv -assert svaext,+UVM_TESTNAME=auto,r1p2,11,192,40.0,parity_stress_test,parity_stress_seq,APB3+UART
RUN-000586,dma_burst_test-000586,Dma_Burst,APB3,round_robin,8,1,0,odd,115200,8,1,edge,200,16,32,500,2,ACTIVE,functional,0,8,1,1,UVM_LOW,1,0,0.0,-O2 -sv -assert svaext,+UVM_TESTNAME=auto,r2p0,5,96,5.0,dma_burst_test,dma_burst_seq,APB3+UART
RUN-000587,backpressure_test-000587,Backpressure,APB3,round_robin,8,3,1,none,921600,16,0,edge,200,8,16,50,3,PASSIVE,functional,0,8,1,1,UVM_LOW,0,0,0.0,-O0 -sv -debug,+UVM_TESTNAME=auto -cm line+tgl,r2p0,1,192,5.0,backpressure_test,backpressure_seq,APB3+UART
RUN-000588,parity_stress_test-000588,Parity_Stress,APB4,priority,2,6,0,none,1500000,4,0,edge,25,8,32,50,1,ACTIVE,stress,0,16,1,0,UVM_LOW,0,0,0.0,-O0 -sv -debug,+UVM_TESTNAME=auto -cm line+tgl,r2p0,5,48,40.0,parity_stress_test,parity_stress_seq,APB4+UART
RUN-000589,reset_recovery_test-000589,Reset_Recovery,APB4,priority,4,2,0,none,115200,8,1,edge,50,32,32,50,1,ACTIVE,stress,0,4,1,0,UVM_MEDIUM,0,0,0.0,-O2 -sv,+UVM_TESTNAME=auto,r2p0,10,96,20.0,reset_recovery_test,reset_recovery_seq,APB4+UART
RUN-000590,uart_loopback_test-000590,Uart_Loopback,APB3,static,2,3,1,none,115200,8,1,level,50,16,32,500,2,ACTIVE,regression,1,16,1,1,UVM_LOW,1,0,0.0,-O2 -sv,+UVM_TESTNAME=auto,r1p2,3,96,20.0,uart_loopback_test,uart_loopback_seq,APB3+UART
RUN-000591,irq_storm_test-000591,Irq_Storm,APB3,priority,4,5,1,none,115200,16,0,level,50,32,32,100,1,ACTIVE,functional,0,8,0,1,UVM_LOW,0,0,0.0,-O2 -sv,+UVM_TESTNAME=auto -cm line+tgl,r1p0,0,192,20.0,irq_storm_test,irq_storm_seq,APB3+UART
RUN-000592,uart_loopback_test-000592,Uart_Loopback,APB3,round_robin,2,7,0,odd,230400,32,0,level,100,8,16,250,2,ACTIVE,regression,1,16,1,1,UVM_LOW,1,1,0.0217,-O2 -sv,+UVM_TESTNAME=auto -cm line+tgl,r1p0,1,384,10.0,uart_loopback_test,uart_loopback_seq,APB3+UART
RUN-000593,irq_storm_test-000593,Irq_Storm,APB3,priority,2,3,0,odd,921600,8,1,edge,50,16,32,250,2,ACTIVE,stress,0,4,1,1,UVM_MEDIUM,0,0,0.0,-O2 -sv,+UVM_TESTNAME=auto -cm line+tgl,r2p0,3,96,20.0,irq_storm_test,irq_storm_seq,APB3+UART
RUN-000594,reset_recovery_test-000594,Reset_Recovery,APB4,round_robin,16,2,4,none,115200,16,0,level,100,8,32,50,2,ACTIVE,functional,1,4,0,1,UVM_LOW,0,0,0.0,-O2 -sv -assert svaext,+UVM_TESTNAME=auto -cm line+tgl,r1p2,5,192,10.0,reset_recovery_test,reset_recovery_seq,APB4+UART
RUN-000595,reset_recovery_test-000595,Reset_Recovery,APB3,round_robin,4,3,0,even,115200,16,1,edge,50,16,32,500,3,ACTIVE,regression,0,8,1,1,UVM_MEDIUM,0,0,0.0,-O2 -sv -assert svaext,+UVM_TESTNAME=auto -cm line+tgl,r1p2,2,192,20.0,reset_recovery_test,reset_recovery_seq,APB3+UART
RUN-000596,reg_sweep_test-000596,Reg_Sweep,APB4,priority,2,5,2,even,230400,32,0,level,50,32,32,100,2,ACTIVE,stress,1,4,1,1,UVM_LOW,0,1,0.0144,-O0 -sv -debug,+UVM_TESTNAME=auto,r1p0,3,384,20.0,reg_sweep_test,reg_sweep_seq,APB4+UART
RUN-000597,irq_storm_test-000597,Irq_Storm,APB4,round_robin,8,6,0,odd,115200,8,1,level,100,8,16,100,2,ACTIVE,functional,0,8,0,1,UVM_MEDIUM,0,1,0.0324,-O2 -sv,+UVM_TESTNAME=auto,r1p2,8,96,10.0,irq_storm_test,irq_storm_seq,APB4+UART
RUN-000598,dma_burst_test-000598,Dma_Burst,APB3,static,4,5,2,even,460800,16,1,level,25,16,32,250,2,ACTIVE,functional,1,8,1,0,UVM_MEDIUM,0,0,0.0,-O2 -sv -assert svaext,+UVM_TESTNAME=auto -cm line+tgl,r1p2,10,192,40.0,dma_burst_test,dma_burst_seq,APB3+UART
RUN-000599,uart_loopback_test-000599,Uart_Loopback,APB3,round_robin,16,1,4,none,230400,4,0,level,100,32,32,500,1,ACTIVE,stress,0,8,0,1,UVM_MEDIUM,0,0,0.0,-O0 -sv -debug,+UVM_TESTNAME=auto,r1p2,1,48,10.0,uart_loopback_test,uart_loopback_seq,APB3+UART
RUN-000600,irq_storm_test-000600,Irq_Storm,APB3,round_robin,4,4,0,none,460800,32,0,level,25,16,32,100,1,PASSIVE,functional,0,8,0,1,UVM_LOW,0,1,0.0258,-O2 -sv,+UVM_TESTNAME=auto -cm line+tgl,r2p0,0,384,40.0,irq_storm_test,irq_storm_seq,APB3+UART
RUN-000601,backpressure_test-000601,Backpressure,APB3,round_robin,2,4,0,even,115200,16,0,edge,25,16,32,100,1,ACTIVE,stress,0,8,1,1,UVM_LOW,0,0,0.0,-O2 -sv,+UVM_TESTNAME=auto,r1p2,9,192,40.0,backpressure_test,backpressure_seq,APB3+UART
RUN-000602,reg_sweep_test-000602,Reg_Sweep,APB4,priority,8,6,1,even,921600,32,1,edge,100,32,32,100,3,ACTIVE,functional,0,4,1,1,UVM_MEDIUM,0,0,0.0,-O2 -sv -assert svaext,+UVM_TESTNAME=auto,r1p2,7,384,10.0,reg_sweep_test,reg_sweep_seq,APB4+UART
RUN-000603,reset_recovery_test-000603,Reset_Recovery,APB3,round_robin,8,3,4,odd,921600,16,0,level,25,32,16,500,2,PASSIVE,stress,0,16,0,1,UVM_LOW,1,1,0.0074,-O2 -sv,+UVM_TESTNAME=auto -cm line+tgl,r1p2,0,192,40.0,reset_recovery_test,reset_recovery_seq,APB3+UART
RUN-000604,dma_burst_test-000604,Dma_Burst,APB4,priority,2,2,0,odd,921600,8,1,edge,50,32,32,100,1,ACTIVE,functional,0,4,1,0,UVM_LOW,0,0,0.0,-O0 -sv -debug,+UVM_TESTNAME=auto -cm line+tgl,r1p0,4,96,20.0,dma_burst_test,dma_burst_seq,APB4+UART
RUN-000605,backpressure_test-000605,Backpressure,APB4,round_robin,4,5,2,odd,460800,8,0,level,100,32,32,50,1,ACTIVE,stress,0,8,1,1,UVM_MEDIUM,0,1,0.0243,-O0 -sv -debug,+UVM_TESTNAME=auto,r1p0,11,96,10.0,backpressure_test,backpressure_seq,APB4+UART
RUN-000606,uart_loopback_test-000606,Uart_Loopback,APB3,round_robin,2,6,1,none,921600,16,0,edge,100,16,16,100,3,ACTIVE,functional,0,4,1,1,UVM_LOW,1,1,0.0225,-O0 -sv -debug,+UVM_TESTNAME=auto,r2p0,1,192,10.0,uart_loopback_test,uart_loopback_seq,APB3+UART
RUN-000607,backpressure_test-000607,Backpressure,APB3,round_robin,2,6,4,none,460800,16,1,level,25,32,16,50,1,ACTIVE,stress,0,16,1,0,UVM_MEDIUM,0,0,0.0,-O2 -sv,+UVM_TESTNAME=auto,r1p0,1,192,40.0,backpressure_test,backpressure_seq,APB3+UART
RUN-000608,reg_sweep_test-000608,Reg_Sweep,APB3,round_robin,2,2,1,odd,230400,8,1,edge,100,32,32,50,1,ACTIVE,stress,0,16,0,1,UVM_LOW,0,0,0.0,-O0 -sv -debug,+UVM_TESTNAME=auto -cm line+tgl,r1p0,5,96,10.0,reg_sweep_test,reg_sweep_seq,APB3+UART
RUN-000609,parity_stress_test-000609,Parity_Stress,APB3,round_robin,16,2,2,even,460800,64,0,level,25,16,32,500,2,ACTIVE,functional,0,8,1,1,UVM_MEDIUM,0,1,0.0225,-O2 -sv -assert svaext,+UVM_TESTNAME=auto -cm line+tgl,r1p0,2,768,40.0,parity_stress_test,parity_stress_seq,APB3+UART
RUN-000610,irq_storm_test-000610,Irq_Storm,APB3,static,4,1,4,odd,115200,64,1,edge,50,16,32,500,1,ACTIVE,regression,1,8,1,0,UVM_LOW,0,1,0.0036,-O2 -sv,+UVM_TESTNAME=auto,r2p0,11,768,20.0,irq_storm_test,irq_storm_seq,APB3+UART
RUN-000611,reset_recovery_test-000611,Reset_Recovery,APB4,round_robin,8,2,0,odd,115200,4,1,level,100,32,32,500,2,ACTIVE,functional,0,4,1,1,UVM_MEDIUM,1,1,0.0253,-O0 -sv -debug,+UVM_TESTNAME=auto,r2p0,5,48,10.0,reset_recovery_test,reset_recovery_seq,APB4+UART
RUN-000612,reg_sweep_test-000612,Reg_Sweep,APB3,static,4,5,1,none,460800,16,0,edge,200,32,32,50,2,ACTIVE,stress,0,8,1,1,UVM_MEDIUM,0,0,0.0,-O0 -sv -debug,+UVM_TESTNAME=auto,r1p0,3,192,5.0,reg_sweep_test,reg_sweep_seq,APB3+UART
RUN-000613,uart_loopback_test-000613,Uart_Loopback,APB3,priority,16,7,0,none,115200,16,0,edge,50,32,32,50,2,ACTIVE,functional,1,16,1,1,UVM_HIGH,1,1,0.0257,-O0 -sv -debug,+UVM_TESTNAME=auto,r1p0,7,192,20.0,uart_loopback_test,uart_loopback_seq,APB3+UART
RUN-000614,backpressure_test-000614,Backpressure,APB4,round_robin,2,4,2,none,230400,16,0,level,50,16,32,100,3,ACTIVE,functional,0,8,1,1,UVM_MEDIUM,0,0,0.0,-O0 -sv -debug,+UVM_TESTNAME=auto -cm line+tgl,r2p0,10,192,20.0,backpressure_test,backpressure_seq,APB4+UART
RUN-000615,reg_sweep_test-000615,Reg_Sweep,APB4,priority,4,7,2,odd,460800,4,1,edge,100,16,32,250,2,ACTIVE,regression,1,4,1,1,UVM_LOW,1,0,0.0,-O0 -sv -debug,+UVM_TESTNAME=auto -cm line+tgl,r2p0,7,48,10.0,reg_sweep_test,reg_sweep_seq,APB4+UART
RUN-000616,reset_recovery_test-000616,Reset_Recovery,APB4,round_robin,8,3,2,even,921600,16,1,edge,50,8,16,250,2,ACTIVE,functional,0,16,1,0,UVM_LOW,0,0,0.0,-O2 -sv -assert svaext,+UVM_TESTNAME=auto -cm line+tgl,r1p2,11,192,20.0,reset_recovery_test,reset_recovery_seq,APB4+UART
RUN-000617,dma_burst_test-000617,Dma_Burst,APB3,priority,16,2,0,none,230400,64,0,level,50,16,16,100,1,ACTIVE,functional,0,8,1,1,UVM_LOW,0,0,0.0,-O2 -sv -assert svaext,+UVM_TESTNAME=auto,r1p2,5,768,20.0,dma_burst_test,dma_burst_seq,APB3+UART
RUN-000618,uart_loopback_test-000618,Uart_Loopback,APB3,priority,2,4,1,none,460800,8,0,edge,25,8,16,100,2,ACTIVE,stress,1,16,1,1,UVM_MEDIUM,0,1,0.0024,-O2 -sv,+UVM_TESTNAME=auto,r1p2,6,96,40.0,uart_loopback_test,uart_loopback_seq,APB3+UART
RUN-000619,uart_loopback_test-000619,Uart_Loopback,APB4,round_robin,2,7,4,odd,115200,32,0,edge,25,32,32,250,2,ACTIVE,functional,0,4,0,1,UVM_LOW,0,0,0.0,-O0 -sv -debug,+UVM_TESTNAME=auto,r1p0,10,384,40.0,uart_loopback_test,uart_loopback_seq,APB4+UART
RUN-000620,reg_sweep_test-000620,Reg_Sweep,APB4,priority,8,5,1,none,115200,4,0,edge,25,32,16,50,1,ACTIVE,stress,0,16,1,1,UVM_LOW,0,0,0.0,-O2 -sv,+UVM_TESTNAME=auto,r2p0,7,48,40.0,reg_sweep_test,reg_sweep_seq,APB4+UART
RUN-000621,reset_recovery_test-000621,Reset_Recovery,APB4,round_robin,16,6,4,odd,460800,64,1,level,50,8,16,250,1,ACTIVE,regression,0,8,1,1,UVM_LOW,1,1,0.0066,-O0 -sv -debug,+UVM_TESTNAME=auto,r1p2,9,768,20.0,reset_recovery_test,reset_recovery_seq,APB4+UART
RUN-000622,parity_stress_test-000622,Parity_Stress,APB3,priority,4,1,1,even,460800,16,1,edge,100,8,32,500,1,ACTIVE,functional,0,4,1,1,UVM_MEDIUM,1,0,0.0,-O2 -sv -assert svaext,+UVM_TESTNAME=auto -cm line+tgl,r1p2,0,192,10.0,parity_stress_test,parity_stress_seq,APB3+UART
RUN-000623,irq_storm_test-000623,Irq_Storm,APB3,round_robin,4,0,2,even,115200,32,1,level,200,32,32,50,3,ACTIVE,functional,0,4,0,1,UVM_MEDIUM,0,0,0.0,-O2 -sv,+UVM_TESTNAME=auto -cm line+tgl,r1p0,5,384,5.0,irq_storm_test,irq_storm_seq,APB3+UART
RUN-000624,backpressure_test-000624,Backpressure,APB3,round_robin,4,3,0,odd,230400,32,1,level,50,16,32,100,2,ACTIVE,functional,0,16,1,1,UVM_MEDIUM,0,0,0.0,-O0 -sv -debug,+UVM_TESTNAME=auto,r1p0,8,384,20.0,backpressure_test,backpressure_seq,APB3+UART
RUN-000625,reset_recovery_test-000625,Reset_Recovery,APB3,round_robin,4,6,0,odd,115200,4,0,edge,50,16,32,100,2,ACTIVE,stress,0,4,1,1,UVM_LOW,0,0,0.0,-O0 -sv -debug,+UVM_TESTNAME=auto,r1p0,0,48,20.0,reset_recovery_test,reset_recovery_seq,APB3+UART
RUN-000626,reg_sweep_test-000626,Reg_Sweep,APB3,priority,4,4,4,none,230400,16,0,edge,100,8,32,100,1,ACTIVE,functional,0,16,1,1,UVM_MEDIUM,0,0,0.0,-O2 -sv -assert svaext,+UVM_TESTNAME=auto,r1p0,8,192,10.0,reg_sweep_test,reg_sweep_seq,APB3+UART
RUN-000627,dma_burst_test-000627,Dma_Burst,APB3,static,4,6,1,odd,230400,16,0,level,50,16,32,250,2,ACTIVE,stress,0,16,0,1,UVM_HIGH,0,0,0.0,-O0 -sv -debug,+UVM_TESTNAME=auto,r2p0,6,192,20.0,dma_burst_test,dma_burst_seq,APB3+UART
RUN-000628,dma_burst_test-000628,Dma_Burst,APB4,priority,8,7,2,none,115200,64,1,edge,100,16,32,100,1,PASSIVE,stress,0,8,0,1,UVM_LOW,1,0,0.0,-O2 -sv,+UVM_TESTNAME=auto -cm line+tgl,r1p2,9,768,10.0,dma_burst_test,dma_burst_seq,APB4+UART
RUN-000629,uart_loopback_test-000629,Uart_Loopback,APB4,round_robin,8,2,1,none,460800,8,0,level,100,32,32,100,3,ACTIVE,stress,1,8,1,1,UVM_LOW,1,0,0.0,-O0 -sv -debug,+UVM_TESTNAME=auto,r2p0,9,96,10.0,uart_loopback_test,uart_loopback_seq,APB4+UART
RUN-000630,reg_sweep_test-000630,Reg_Sweep,APB3,priority,2,0,2,none,921600,32,1,level,100,16,16,100,1,ACTIVE,functional,0,8,1,1,UVM_LOW,0,1,0.0208,-O2 -sv,+UVM_TESTNAME=auto -cm line+tgl,r1p2,4,384,10.0,reg_sweep_test,reg_sweep_seq,APB3+UART
RUN-000631,backpressure_test-000631,Backpressure,APB4,static,4,0,4,none,115200,4,1,edge,25,32,16,100,2,ACTIVE,functional,1,8,1,1,UVM_HIGH,0,1,0.0274,-O2 -sv -assert svaext,+UVM_TESTNAME=auto,r1p0,10,48,40.0,backpressure_test,backpressure_seq,APB4+UART
RUN-000632,irq_storm_test-000632,Irq_Storm,APB4,priority,4,3,0,none,115200,16,1,level,50,8,32,100,1,ACTIVE,regression,0,8,1,1,UVM_LOW,0,0,0.0,-O2 -sv,+UVM_TESTNAME=auto -cm line+tgl,r1p2,2,192,20.0,irq_storm_test,irq_storm_seq,APB4+UART
RUN-000633,reset_recovery_test-000633,Reset_Recovery,APB4,round_robin,8,0,0,odd,115200,32,0,level,100,32,16,100,1,ACTIVE,functional,0,16,1,1,UVM_LOW,1,1,0.0316,-O0 -sv -debug,+UVM_TESTNAME=auto,r2p0,9,384,10.0,reset_recovery_test,reset_recovery_seq,APB4+UART
RUN-000634,reset_recovery_test-000634,Reset_Recovery,APB3,round_robin,4,6,2,even,1500000,8,1,edge,100,16,32,250,3,ACTIVE,stress,0,4,1,1,UVM_LOW,1,0,0.0,-O2 -sv,+UVM_TESTNAME=auto -cm line+tgl,r1p2,11,96,10.0,reset_recovery_test,reset_recovery_seq,APB3+UART
RUN-000635,reg_sweep_test-000635,Reg_Sweep,APB4,round_robin,16,0,0,even,921600,16,1,edge,50,16,32,250,3,PASSIVE,stress,0,4,0,0,UVM_LOW,0,0,0.0,-O2 -sv -assert svaext,+UVM_TESTNAME=auto -cm line+tgl,r1p2,3,192,20.0,reg_sweep_test,reg_sweep_seq,APB4+UART
RUN-000636,parity_stress_test-000636,Parity_Stress,APB4,round_robin,4,6,0,odd,230400,32,1,level,100,8,32,50,2,ACTIVE,regression,1,8,1,0,UVM_MEDIUM,0,0,0.0,-O2 -sv -assert svaext,+UVM_TESTNAME=auto,r1p2,8,384,10.0,parity_stress_test,parity_stress_seq,APB4+UART
RUN-000637,reset_recovery_test-000637,Reset_Recovery,APB4,priority,8,3,0,odd,921600,8,1,edge,50,32,32,100,1,ACTIVE,regression,0,4,1,1,UVM_MEDIUM,1,1,0.013,-O2 -sv,+UVM_TESTNAME=auto,r1p0,9,96,20.0,reset_recovery_test,reset_recovery_seq,APB4+UART
RUN-000638,irq_storm_test-000638,Irq_Storm,APB3,static,8,4,0,even,230400,8,0,level,100,32,32,50,1,ACTIVE,regression,0,8,0,1,UVM_LOW,0,0,0.0,-O2 -sv,+UVM_TESTNAME=auto,r2p0,1,96,10.0,irq_storm_test,irq_storm_seq,APB3+UART
RUN-000639,reg_sweep_test-000639,Reg_Sweep,APB4,priority,4,1,0,even,921600,16,0,level,200,32,16,500,2,ACTIVE,stress,0,4,0,1,UVM_MEDIUM,0,1,0.0289,-O2 -sv,+UVM_TESTNAME=auto,r2p0,1,192,5.0,reg_sweep_test,reg_sweep_seq,APB4+UART
RUN-000640,reset_recovery_test-000640,Reset_Recovery,APB3,static,2,2,0,none,1500000,4,0,level,50,32,32,100,1,ACTIVE,stress,0,16,0,1,UVM_MEDIUM,0,1,0.0307,-O2 -sv,+UVM_TESTNAME=auto,r1p0,3,48,20.0,reset_recovery_test,reset_recovery_seq,APB3+UART
RUN-000641,uart_loopback_test-000641,Uart_Loopback,APB4,round_robin,2,4,2,even,1500000,16,1,level,100,16,32,250,1,PASSIVE,stress,0,4,1,1,UVM_MEDIUM,0,0,0.0,-O2 -sv -assert svaext,+UVM_TESTNAME=auto,r2p0,4,192,10.0,uart_loopback_test,uart_loopback_seq,APB4+UART
RUN-000642,reset_recovery_test-000642,Reset_Recovery,APB3,priority,4,6,0,even,460800,32,0,level,100,32,32,250,2,ACTIVE,stress,0,16,0,1,UVM_MEDIUM,1,1,0.0085,-O2 -sv -assert svaext,+UVM_TESTNAME=auto,r1p2,3,384,10.0,reset_recovery_test,reset_recovery_seq,APB3+UART
RUN-000643,backpressure_test-000643,Backpressure,APB4,static,2,3,1,odd,230400,4,1,level,25,32,16,100,1,ACTIVE,functional,1,4,1,1,UVM_LOW,1,1,0.0041,-O2 -sv,+UVM_TESTNAME=auto,r2p0,2,48,40.0,backpressure_test,backpressure_seq,APB4+UART
RUN-000644,dma_burst_test-000644,Dma_Burst,APB4,static,2,7,0,none,115200,4,0,level,25,16,32,100,1,ACTIVE,regression,0,16,1,1,UVM_MEDIUM,0,0,0.0,-O0 -sv -debug,+UVM_TESTNAME=auto -cm line+tgl,r2p0,6,48,40.0,dma_burst_test,dma_burst_seq,APB4+UART
RUN-000645,reg_sweep_test-000645,Reg_Sweep,APB4,priority,4,0,0,odd,921600,4,0,level,50,16,32,250,1,ACTIVE,stress,0,4,0,1,UVM_MEDIUM,0,0,0.0,-O2 -sv,+UVM_TESTNAME=auto,r2p0,10,48,20.0,reg_sweep_test,reg_sweep_seq,APB4+UART
RUN-000646,irq_storm_test-000646,Irq_Storm,APB3,static,8,6,1,odd,460800,4,0,edge,100,16,32,500,2,ACTIVE,functional,0,8,1,1,UVM_MEDIUM,0,1,0.0062,-O2 -sv,+UVM_TESTNAME=auto,r1p2,0,48,10.0,irq_storm_test,irq_storm_seq,APB3+UART
RUN-000647,backpressure_test-000647,Backpressure,APB4,priority,16,1,2,even,921600,8,0,edge,25,8,32,50,2,ACTIVE,stress,0,4,1,0,UVM_LOW,0,1,0.0365,-O2 -sv -assert svaext,+UVM_TESTNAME=auto -cm line+tgl,r1p2,8,96,40.0,backpressure_test,backpressure_seq,APB4+UART
RUN-000648,reset_recovery_test-000648,Reset_Recovery,APB3,static,8,6,1,even,115200,8,0,level,200,8,16,500,2,ACTIVE,stress,0,16,1,1,UVM_LOW,0,0,0.0,-O2 -sv -assert svaext,+UVM_TESTNAME=auto,r1p2,5,96,5.0,reset_recovery_test,reset_recovery_seq,APB3+UART
RUN-000649,reg_sweep_test-000649,Reg_Sweep,APB4,round_robin,2,1,0,even,460800,8,0,edge,200,16,32,100,2,ACTIVE,functional,0,8,0,1,UVM_MEDIUM,1,0,0.0,-O2 -sv,+UVM_TESTNAME=auto -cm line+tgl,r2p0,4,96,5.0,reg_sweep_test,reg_sweep_seq,APB4+UART
RUN-000650,irq_storm_test-000650,Irq_Storm,APB3,round_robin,16,4,0,even,115200,4,1,level,100,32,32,500,2,ACTIVE,functional,0,8,0,1,UVM_LOW,1,0,0.0,-O2 -sv,+UVM_TESTNAME=auto,r2p0,2,48,10.0,irq_storm_test,irq_storm_seq,APB3+UART
RUN-000651,reg_sweep_test-000651,Reg_Sweep,APB3,round_robin,4,3,2,odd,230400,64,0,level,200,16,32,100,1,ACTIVE,functional,0,8,0,1,UVM_MEDIUM,0,0,0.0,-O2 -sv,+UVM_TESTNAME=auto -cm line+tgl,r2p0,10,768,5.0,reg_sweep_test,reg_sweep_seq,APB3+UART
RUN-000652,reset_recovery_test-000652,Reset_Recovery,APB3,static,4,2,1,odd,115200,16,1,level,100,32,16,500,1,ACTIVE,regression,0,8,1,1,UVM_LOW,0,0,0.0,-O0 -sv -debug,+UVM_TESTNAME=auto -cm line+tgl,r1p2,10,192,10.0,reset_recovery_test,reset_recovery_seq,APB3+UART
RUN-000653,reg_sweep_test-000653,Reg_Sweep,APB3,priority,8,2,2,none,230400,16,1,edge,200,32,32,100,2,ACTIVE,regression,0,16,1,1,UVM_LOW,1,0,0.0,-O2 -sv,+UVM_TESTNAME=auto -cm line+tgl,r1p0,1,192,5.0,reg_sweep_test,reg_sweep_seq,APB3+UART
RUN-000654,irq_storm_test-000654,Irq_Storm,APB4,static,8,7,0,even,921600,16,1,edge,100,16,32,50,1,ACTIVE,regression,0,16,0,1,UVM_LOW,1,0,0.0,-O2 -sv,+UVM_TESTNAME=auto -cm line+tgl,r1p0,1,192,10.0,irq_storm_test,irq_storm_seq,APB4+UART
RUN-000655,backpressure_test-000655,Backpressure,APB3,priority,4,6,0,odd,921600,8,0,level,100,16,32,50,1,ACTIVE,functional,1,8,0,1,UVM_LOW,0,1,0.024,-O2 -sv,+UVM_TESTNAME=auto,r1p0,1,96,10.0,backpressure_test,backpressure_seq,APB3+UART
RUN-000656,reg_sweep_test-000656,Reg_Sweep,APB4,priority,4,1,1,odd,460800,8,0,edge,25,32,16,250,2,PASSIVE,functional,0,16,0,1,UVM_HIGH,0,0,0.0,-O0 -sv -debug,+UVM_TESTNAME=auto -cm line+tgl,r1p0,10,96,40.0,reg_sweep_test,reg_sweep_seq,APB4+UART
RUN-000657,reset_recovery_test-000657,Reset_Recovery,APB3,priority,2,6,1,none,230400,16,0,level,50,32,16,250,2,ACTIVE,functional,0,8,1,1,UVM_LOW,0,1,0.0161,-O2 -sv,+UVM_TESTNAME=auto -cm line+tgl,r1p0,10,192,20.0,reset_recovery_test,reset_recovery_seq,APB3+UART
RUN-000658,reg_sweep_test-000658,Reg_Sweep,APB4,round_robin,8,7,1,none,115200,4,0,level,100,32,32,100,1,ACTIVE,stress,1,8,1,1,UVM_LOW,0,1,0.0263,-O2 -sv,+UVM_TESTNAME=auto -cm line+tgl,r1p2,8,48,10.0,reg_sweep_test,reg_sweep_seq,APB4+UART
RUN-000659,dma_burst_test-000659,Dma_Burst,APB3,round_robin,16,6,2,even,115200,16,1,edge,100,32,16,100,1,ACTIVE,functional,0,4,1,1,UVM_LOW,1,0,0.0,-O2 -sv -assert svaext,+UVM_TESTNAME=auto,r1p0,6,192,10.0,dma_burst_test,dma_burst_seq,APB3+UART
RUN-000660,reg_sweep_test-000660,Reg_Sweep,APB4,round_robin,4,0,0,none,460800,4,1,level,100,16,16,50,1,ACTIVE,regression,0,8,1,0,UVM_LOW,0,1,0.0246,-O2 -sv,+UVM_TESTNAME=auto -cm line+tgl,r2p0,10,48,10.0,reg_sweep_test,reg_sweep_seq,APB4+UART
RUN-000661,uart_loopback_test-000661,Uart_Loopback,APB3,static,4,5,1,odd,460800,64,0,edge,50,16,32,100,3,ACTIVE,functional,1,8,1,1,UVM_MEDIUM,0,0,0.0,-O2 -sv -assert svaext,+UVM_TESTNAME=auto,r1p0,1,768,20.0,uart_loopback_test,uart_loopback_seq,APB3+UART
RUN-000662,backpressure_test-000662,Backpressure,APB3,priority,2,5,1,even,230400,32,0,level,100,32,16,250,2,ACTIVE,stress,0,4,1,1,UVM_HIGH,0,0,0.0,-O2 -sv -assert svaext,+UVM_TESTNAME=auto,r1p2,0,384,10.0,backpressure_test,backpressure_seq,APB3+UART
RUN-000663,backpressure_test-000663,Backpressure,APB4,priority,2,0,4,none,460800,4,1,edge,100,32,32,100,2,ACTIVE,stress,0,8,0,1,UVM_HIGH,0,1,0.0246,-O0 -sv -debug,+UVM_TESTNAME=auto,r2p0,6,48,10.0,backpressure_test,backpressure_seq,APB4+UART
RUN-000664,backpressure_test-000664,Backpressure,APB4,priority,2,6,2,none,1500000,8,1,edge,100,32,16,250,1,ACTIVE,functional,0,16,1,0,UVM_LOW,0,0,0.0,-O2 -sv -assert svaext,+UVM_TESTNAME=auto,r1p2,0,96,10.0,backpressure_test,backpressure_seq,APB4+UART
RUN-000665,dma_burst_test-000665,Dma_Burst,APB3,priority,16,3,2,odd,230400,32,0,level,100,32,32,250,3,ACTIVE,functional,0,8,1,0,UVM_HIGH,1,0,0.0,-O2 -sv,+UVM_TESTNAME=auto -cm line+tgl,r1p0,11,384,10.0,dma_burst_test,dma_burst_seq,APB3+UART
RUN-000666,irq_storm_test-000666,Irq_Storm,APB4,priority,2,6,2,even,460800,4,0,edge,200,32,32,100,1,ACTIVE,regression,0,16,1,1,UVM_LOW,0,0,0.0,-O0 -sv -debug,+UVM_TESTNAME=auto -cm line+tgl,r1p2,10,48,5.0,irq_storm_test,irq_storm_seq,APB4+UART
RUN-000667,reg_sweep_test-000667,Reg_Sweep,APB4,static,2,5,2,even,115200,32,0,edge,50,32,32,250,2,ACTIVE,functional,1,4,1,1,UVM_LOW,0,1,0.0099,-O2 -sv,+UVM_TESTNAME=auto,r1p0,6,384,20.0,reg_sweep_test,reg_sweep_seq,APB4+UART
RUN-000668,backpressure_test-000668,Backpressure,APB4,round_robin,4,0,1,even,115200,16,0,level,50,8,32,100,3,ACTIVE,regression,0,16,0,1,UVM_LOW,0,0,0.0,-O2 -sv -assert svaext,+UVM_TESTNAME=auto,r1p2,8,192,20.0,backpressure_test,backpressure_seq,APB4+UART
RUN-000669,uart_loopback_test-000669,Uart_Loopback,APB3,priority,8,0,4,even,460800,64,1,level,100,32,32,100,3,ACTIVE,stress,0,4,1,1,UVM_MEDIUM,1,0,0.0,-O0 -sv -debug,+UVM_TESTNAME=auto,r1p2,10,768,10.0,uart_loopback_test,uart_loopback_seq,APB3+UART
RUN-000670,irq_storm_test-000670,Irq_Storm,APB3,priority,8,0,0,none,230400,16,1,level,50,32,32,500,1,ACTIVE,functional,0,4,1,1,UVM_LOW,0,0,0.0,-O2 -sv -assert svaext,+UVM_TESTNAME=auto,r1p0,2,192,20.0,irq_storm_test,irq_storm_seq,APB3+UART
RUN-000671,uart_loopback_test-000671,Uart_Loopback,APB3,static,8,6,2,odd,921600,16,0,level,25,32,16,500,2,ACTIVE,functional,0,4,0,1,UVM_MEDIUM,0,1,0.0029,-O0 -sv -debug,+UVM_TESTNAME=auto,r1p2,9,192,40.0,uart_loopback_test,uart_loopback_seq,APB3+UART
RUN-000672,backpressure_test-000672,Backpressure,APB4,static,4,7,1,none,460800,32,1,level,200,16,16,250,1,ACTIVE,functional,0,16,0,1,UVM_MEDIUM,0,1,0.0267,-O2 -sv,+UVM_TESTNAME=auto,r1p0,1,384,5.0,backpressure_test,backpressure_seq,APB4+UART
RUN-000673,reg_sweep_test-000673,Reg_Sweep,APB4,round_robin,8,7,0,even,230400,32,0,level,50,32,16,500,1,ACTIVE,functional,0,8,1,1,UVM_LOW,1,0,0.0,-O2 -sv,+UVM_TESTNAME=auto,r1p2,9,384,20.0,reg_sweep_test,reg_sweep_seq,APB4+UART
RUN-000674,dma_burst_test-000674,Dma_Burst,APB4,static,16,5,4,even,460800,32,0,edge,200,32,32,100,1,ACTIVE,stress,1,16,1,1,UVM_LOW,0,0,0.0,-O2 -sv,+UVM_TESTNAME=auto -cm line+tgl,r2p0,3,384,5.0,dma_burst_test,dma_burst_seq,APB4+UART
RUN-000675,reg_sweep_test-000675,Reg_Sweep,APB3,priority,4,1,0,none,230400,4,1,level,25,16,32,500,2,ACTIVE,stress,1,8,1,1,UVM_MEDIUM,0,0,0.0,-O2 -sv,+UVM_TESTNAME=auto,r2p0,3,48,40.0,reg_sweep_test,reg_sweep_seq,APB3+UART
RUN-000676,uart_loopback_test-000676,Uart_Loopback,APB4,priority,8,7,4,odd,115200,4,0,level,25,32,32,100,1,ACTIVE,regression,0,4,1,1,UVM_MEDIUM,0,0,0.0,-O2 -sv -assert svaext,+UVM_TESTNAME=auto -cm line+tgl,r2p0,9,48,40.0,uart_loopback_test,uart_loopback_seq,APB4+UART
RUN-000677,uart_loopback_test-000677,Uart_Loopback,APB4,round_robin,4,1,1,odd,921600,32,1,level,100,32,16,250,1,ACTIVE,regression,1,8,1,1,UVM_HIGH,0,0,0.0,-O0 -sv -debug,+UVM_TESTNAME=auto,r2p0,1,384,10.0,uart_loopback_test,uart_loopback_seq,APB4+UART
RUN-000678,irq_storm_test-000678,Irq_Storm,APB3,priority,4,6,2,even,115200,4,0,level,100,32,32,250,2,ACTIVE,regression,0,4,0,1,UVM_HIGH,0,0,0.0,-O2 -sv -assert svaext,+UVM_TESTNAME=auto,r1p0,3,48,10.0,irq_storm_test,irq_storm_seq,APB3+UART
RUN-000679,reg_sweep_test-000679,Reg_Sweep,APB4,round_robin,4,2,1,none,921600,64,0,level,100,32,32,100,1,PASSIVE,stress,0,8,1,1,UVM_MEDIUM,0,1,0.015,-O2 -sv -assert svaext,+UVM_TESTNAME=auto,r2p0,0,768,10.0,reg_sweep_test,reg_sweep_seq,APB4+UART
RUN-000680,parity_stress_test-000680,Parity_Stress,APB4,priority,16,4,1,odd,115200,32,1,level,100,32,16,250,1,ACTIVE,functional,0,8,1,1,UVM_HIGH,0,0,0.0,-O0 -sv -debug,+UVM_TESTNAME=auto,r1p2,1,384,10.0,parity_stress_test,parity_stress_seq,APB4+UART
RUN-000681,dma_burst_test-000681,Dma_Burst,APB4,priority,4,1,0,odd,1500000,16,1,level,200,8,32,250,1,ACTIVE,stress,0,4,0,1,UVM_LOW,0,0,0.0,-O2 -sv,+UVM_TESTNAME=auto -cm line+tgl,r1p0,10,192,5.0,dma_burst_test,dma_burst_seq,APB4+UART
RUN-000682,reset_recovery_test-000682,Reset_Recovery,APB3,round_robin,8,4,2,odd,230400,16,1,edge,25,16,32,250,1,ACTIVE,stress,0,4,1,1,UVM_HIGH,0,1,0.0054,-O0 -sv -debug,+UVM_TESTNAME=auto -cm line+tgl,r2p0,2,192,40.0,reset_recovery_test,reset_recovery_seq,APB3+UART
RUN-000683,reset_recovery_test-000683,Reset_Recovery,APB3,static,4,1,0,none,115200,8,0,edge,100,16,16,100,1,ACTIVE,functional,0,4,0,0,UVM_MEDIUM,1,0,0.0,-O2 -sv,+UVM_TESTNAME=auto,r2p0,10,96,10.0,reset_recovery_test,reset_recovery_seq,APB3+UART
RUN-000684,dma_burst_test-000684,Dma_Burst,APB4,static,16,5,1,even,921600,64,1,edge,200,16,16,250,3,ACTIVE,stress,0,4,0,1,UVM_LOW,0,1,0.0213,-O2 -sv -assert svaext,+UVM_TESTNAME=auto -cm line+tgl,r2p0,7,768,5.0,dma_burst_test,dma_burst_seq,APB4+UART
RUN-000685,reg_sweep_test-000685,Reg_Sweep,APB3,priority,4,7,4,none,921600,32,0,level,50,16,16,100,1,ACTIVE,regression,0,4,1,0,UVM_LOW,0,0,0.0,-O2 -sv,+UVM_TESTNAME=auto -cm line+tgl,r2p0,2,384,20.0,reg_sweep_test,reg_sweep_seq,APB3+UART
RUN-000686,uart_loopback_test-000686,Uart_Loopback,APB3,static,2,1,1,even,460800,16,1,level,25,16,32,100,2,ACTIVE,regression,0,4,1,1,UVM_MEDIUM,0,0,0.0,-O2 -sv,+UVM_TESTNAME=auto -cm line+tgl,r2p0,7,192,40.0,uart_loopback_test,uart_loopback_seq,APB3+UART
RUN-000687,reg_sweep_test-000687,Reg_Sweep,APB4,round_robin,4,2,2,even,921600,16,0,edge,200,32,32,250,1,ACTIVE,functional,0,4,1,1,UVM_MEDIUM,0,1,0.0128,-O2 -sv -assert svaext,+UVM_TESTNAME=auto,r1p0,0,192,5.0,reg_sweep_test,reg_sweep_seq,APB4+UART
RUN-000688,parity_stress_test-000688,Parity_Stress,APB3,priority,16,2,4,none,115200,4,0,edge,50,32,16,500,2,ACTIVE,functional,0,16,1,1,UVM_MEDIUM,0,0,0.0,-O0 -sv -debug,+UVM_TESTNAME=auto,r2p0,9,48,20.0,parity_stress_test,parity_stress_seq,APB3+UART
RUN-000689,backpressure_test-000689,Backpressure,APB3,priority,2,5,0,odd,115200,4,1,level,100,8,32,250,1,PASSIVE,stress,0,16,1,1,UVM_LOW,0,0,0.0,-O2 -sv,+UVM_TESTNAME=auto,r1p2,11,48,10.0,backpressure_test,backpressure_seq,APB3+UART
RUN-000690,backpressure_test-000690,Backpressure,APB4,round_robin,4,4,1,even,115200,8,1,edge,100,8,16,50,2,ACTIVE,functional,0,8,1,0,UVM_HIGH,0,1,0.0076,-O2 -sv -assert svaext,+UVM_TESTNAME=auto -cm line+tgl,r2p0,5,96,10.0,backpressure_test,backpressure_seq,APB4+UART
RUN-000691,backpressure_test-000691,Backpressure,APB3,static,8,0,1,odd,115200,8,1,level,100,16,32,50,1,PASSIVE,functional,1,16,1,1,UVM_LOW,1,0,0.0,-O2 -sv -assert svaext,+UVM_TESTNAME=auto -cm line+tgl,r1p0,1,96,10.0,backpressure_test,backpressure_seq,APB3+UART
RUN-000692,uart_loopback_test-000692,Uart_Loopback,APB4,round_robin,4,5,4,none,115200,16,1,edge,100,32,32,100,3,PASSIVE,stress,0,4,0,1,UVM_MEDIUM,1,0,0.0,-O2 -sv,+UVM_TESTNAME=auto,r1p0,10,192,10.0,uart_loopback_test,uart_loopback_seq,APB4+UART
RUN-000693,reset_recovery_test-000693,Reset_Recovery,APB4,round_robin,4,3,0,even,460800,16,1,edge,50,32,32,100,1,ACTIVE,functional,1,4,0,1,UVM_MEDIUM,0,1,0.0388,-O2 -sv,+UVM_TESTNAME=auto -cm line+tgl,r1p2,10,192,20.0,reset_recovery_test,reset_recovery_seq,APB4+UART
RUN-000694,backpressure_test-000694,Backpressure,APB4,round_robin,8,4,2,odd,921600,4,1,edge,50,16,16,250,2,ACTIVE,stress,1,4,1,1,UVM_LOW,0,0,0.0,-O2 -sv,+UVM_TESTNAME=auto -cm line+tgl,r2p0,8,48,20.0,backpressure_test,backpressure_seq,APB4+UART
RUN-000695,irq_storm_test-000695,Irq_Storm,APB3,static,4,4,2,even,1500000,64,0,edge,100,16,32,100,1,ACTIVE,functional,0,16,1,0,UVM_MEDIUM,0,0,0.0,-O2 -sv,+UVM_TESTNAME=auto,r1p0,8,768,10.0,irq_storm_test,irq_storm_seq,APB3+UART
RUN-000696,parity_stress_test-000696,Parity_Stress,APB3,static,8,1,1,odd,460800,4,0,level,200,32,16,50,2,ACTIVE,functional,0,8,0,1,UVM_LOW,1,0,0.0,-O2 -sv,+UVM_TESTNAME=auto -cm line+tgl,r2p0,5,48,5.0,parity_stress_test,parity_stress_seq,APB3+UART
RUN-000697,reset_recovery_test-000697,Reset_Recovery,APB3,priority,4,0,4,even,115200,8,0,edge,25,32,32,100,1,ACTIVE,stress,0,4,1,1,UVM_HIGH,0,0,0.0,-O2 -sv,+UVM_TESTNAME=auto -cm line+tgl,r1p2,0,96,40.0,reset_recovery_test,reset_recovery_seq,APB3+UART
RUN-000698,backpressure_test-000698,Backpressure,APB3,round_robin,4,5,0,odd,921600,8,0,level,25,16,16,500,2,ACTIVE,functional,1,16,1,1,UVM_MEDIUM,0,1,0.0127,-O2 -sv,+UVM_TESTNAME=auto -cm line+tgl,r2p0,9,96,40.0,backpressure_test,backpressure_seq,APB3+UART
RUN-000699,parity_stress_test-000699,Parity_Stress,APB3,round_robin,2,0,1,odd,921600,16,1,edge,200,16,32,100,2,PASSIVE,regression,0,8,1,1,UVM_MEDIUM,0,0,0.0,-O2 -sv,+UVM_TESTNAME=auto,r2p0,7,192,5.0,parity_stress_test,parity_stress_seq,APB3+UART
RUN-000700,uart_loopback_test-000700,Uart_Loopback,APB4,static,4,6,0,even,230400,16,1,edge,25,32,16,100,2,ACTIVE,stress,0,8,0,1,UVM_MEDIUM,1,0,0.0,-O2 -sv -assert svaext,+UVM_TESTNAME=auto -cm line+tgl,r2p0,0,192,40.0,uart_loopback_test,uart_loopback_seq,APB4+UART
RUN-000701,reg_sweep_test-000701,Reg_Sweep,APB3,static,2,7,0,odd,230400,4,0,edge,25,32,32,500,2,ACTIVE,stress,0,8,0,1,UVM_HIGH,0,1,0.0177,-O2 -sv,+UVM_TESTNAME=auto,r1p2,9,48,40.0,reg_sweep_test,reg_sweep_seq,APB3+UART
RUN-000702,dma_burst_test-000702,Dma_Burst,APB4,static,16,3,0,none,115200,32,0,level,100,16,16,50,2,ACTIVE,regression,1,4,1,1,UVM_HIGH,0,0,0.0,-O0 -sv -debug,+UVM_TESTNAME=auto,r1p2,11,384,10.0,dma_burst_test,dma_burst_seq,APB4+UART
RUN-000703,uart_loopback_test-000703,Uart_Loopback,APB4,static,4,2,4,even,1500000,16,1,level,50,32,32,100,2,ACTIVE,stress,0,4,0,1,UVM_HIGH,1,0,0.0,-O2 -sv,+UVM_TESTNAME=auto,r1p2,3,192,20.0,uart_loopback_test,uart_loopback_seq,APB4+UART
RUN-000704,uart_loopback_test-000704,Uart_Loopback,APB3,static,8,2,2,none,115200,4,1,level,100,32,32,100,2,PASSIVE,stress,0,4,1,1,UVM_HIGH,0,1,0.0215,-O2 -sv -assert svaext,+UVM_TESTNAME=auto,r2p0,4,48,10.0,uart_loopback_test,uart_loopback_seq,APB3+UART
RUN-000705,dma_burst_test-000705,Dma_Burst,APB3,round_robin,2,3,0,even,115200,64,0,edge,25,16,32,100,1,ACTIVE,functional,0,8,1,1,UVM_LOW,0,0,0.0,-O2 -sv -assert svaext,+UVM_TESTNAME=auto,r1p2,6,768,40.0,dma_burst_test,dma_burst_seq,APB3+UART
RUN-000706,uart_loopback_test-000706,Uart_Loopback,APB4,priority,2,5,2,none,460800,4,0,level,50,32,16,50,3,ACTIVE,functional,0,8,1,0,UVM_MEDIUM,0,1,0.0058,-O2 -sv -assert svaext,+UVM_TESTNAME=auto,r1p2,5,48,20.0,uart_loopback_test,uart_loopback_seq,APB4+UART
RUN-000707,uart_loopback_test-000707,Uart_Loopback,APB3,priority,8,2,2,none,115200,8,0,level,50,16,32,50,1,ACTIVE,functional,0,8,1,1,UVM_LOW,0,0,0.0,-O2 -sv,+UVM_TESTNAME=auto -cm line+tgl,r1p2,11,96,20.0,uart_loopback_test,uart_loopback_seq,APB3+UART
RUN-000708,parity_stress_test-000708,Parity_Stress,APB4,priority,4,5,1,odd,115200,32,1,edge,100,8,32,250,2,ACTIVE,regression,1,8,1,1,UVM_MEDIUM,0,0,0.0,-O0 -sv -debug,+UVM_TESTNAME=auto -cm line+tgl,r1p0,3,384,10.0,parity_stress_test,parity_stress_seq,APB4+UART
RUN-000709,uart_loopback_test-000709,Uart_Loopback,APB3,static,2,6,0,odd,115200,32,1,level,25,16,32,250,3,ACTIVE,stress,0,8,1,1,UVM_MEDIUM,0,0,0.0,-O2 -sv -assert svaext,+UVM_TESTNAME=auto,r2p0,10,384,40.0,uart_loopback_test,uart_loopback_seq,APB3+UART
RUN-000710,parity_stress_test-000710,Parity_Stress,APB4,round_robin,2,7,2,none,460800,32,1,level,200,32,32,500,1,ACTIVE,functional,1,8,0,1,UVM_MEDIUM,0,1,0.0362,-O2 -sv,+UVM_TESTNAME=auto -cm line+tgl,r1p0,1,384,5.0,parity_stress_test,parity_stress_seq,APB4+UART
RUN-000711,uart_loopback_test-000711,Uart_Loopback,APB4,round_robin,2,5,2,even,921600,32,1,level,100,16,32,500,3,ACTIVE,functional,0,4,0,1,UVM_MEDIUM,0,0,0.0,-O2 -sv -assert svaext,+UVM_TESTNAME=auto,r1p2,2,384,10.0,uart_loopback_test,uart_loopback_seq,APB4+UART
RUN-000712,irq_storm_test-000712,Irq_Storm,APB4,priority,4,0,1,even,460800,16,0,level,100,16,16,250,1,ACTIVE,stress,0,8,0,0,UVM_MEDIUM,0,0,0.0,-O2 -sv -assert svaext,+UVM_TESTNAME=auto -cm line+tgl,r2p0,10,192,10.0,irq_storm_test,irq_storm_seq,APB4+UART
RUN-000713,irq_storm_test-000713,Irq_Storm,APB4,round_robin,4,4,4,even,115200,64,0,level,25,16,16,50,1,ACTIVE,regression,0,8,1,1,UVM_MEDIUM,0,1,0.0146,-O0 -sv -debug,+UVM_TESTNAME=auto,r1p0,5,768,40.0,irq_storm_test,irq_storm_seq,APB4+UART
RUN-000714,parity_stress_test-000714,Parity_Stress,APB4,round_robin,4,5,0,even,460800,64,1,edge,25,16,32,100,1,ACTIVE,stress,0,16,0,1,UVM_MEDIUM,0,1,0.0282,-O2 -sv -assert svaext,+UVM_TESTNAME=auto -cm line+tgl,r2p0,3,768,40.0,parity_stress_test,parity_stress_seq,APB4+UART
RUN-000715,backpressure_test-000715,Backpressure,APB4,static,4,6,1,even,230400,8,1,edge,200,16,16,250,3,ACTIVE,functional,0,16,1,1,UVM_LOW,0,0,0.0,-O0 -sv -debug,+UVM_TESTNAME=auto,r1p2,9,96,5.0,backpressure_test,backpressure_seq,APB4+UART
RUN-000716,parity_stress_test-000716,Parity_Stress,APB3,round_robin,16,7,2,even,1500000,16,1,edge,25,32,16,250,1,ACTIVE,functional,0,8,0,1,UVM_LOW,1,0,0.0,-O0 -sv -debug,+UVM_TESTNAME=auto -cm line+tgl,r1p2,9,192,40.0,parity_stress_test,parity_stress_seq,APB3+UART
RUN-000717,reg_sweep_test-000717,Reg_Sweep,APB3,static,8,6,1,even,460800,32,0,edge,50,16,32,100,2,ACTIVE,regression,0,4,0,1,UVM_LOW,0,0,0.0,-O2 -sv,+UVM_TESTNAME=auto,r2p0,10,384,20.0,reg_sweep_test,reg_sweep_seq,APB3+UART
RUN-000718,uart_loopback_test-000718,Uart_Loopback,APB4,priority,8,3,1,even,460800,4,0,edge,50,32,32,250,3,ACTIVE,regression,0,8,1,1,UVM_LOW,1,1,0.0398,-O2 -sv,+UVM_TESTNAME=auto -cm line+tgl,r1p0,3,48,20.0,uart_loopback_test,uart_loopback_seq,APB4+UART
RUN-000719,parity_stress_test-000719,Parity_Stress,APB3,priority,16,6,0,odd,230400,64,1,level,200,8,16,50,2,ACTIVE,regression,1,16,1,1,UVM_LOW,1,0,0.0,-O2 -sv -assert svaext,+UVM_TESTNAME=auto,r1p0,8,768,5.0,parity_stress_test,parity_stress_seq,APB3+UART
RUN-000720,parity_stress_test-000720,Parity_Stress,APB3,round_robin,8,2,4,even,460800,64,0,level,100,16,32,100,1,ACTIVE,functional,0,4,0,1,UVM_LOW,1,0,0.0,-O2 -sv,+UVM_TESTNAME=auto,r2p0,5,768,10.0,parity_stress_test,parity_stress_seq,APB3+UART
RUN-000721,reg_sweep_test-000721,Reg_Sweep,APB4,round_robin,16,3,1,none,460800,64,0,level,25,16,32,250,2,ACTIVE,functional,0,4,1,1,UVM_LOW,1,1,0.0149,-O2 -sv,+UVM_TESTNAME=auto,r2p0,6,768,40.0,reg_sweep_test,reg_sweep_seq,APB4+UART
RUN-000722,uart_loopback_test-000722,Uart_Loopback,APB4,round_robin,2,1,0,odd,921600,8,1,level,200,16,32,50,1,ACTIVE,stress,1,16,1,1,UVM_MEDIUM,1,0,0.0,-O2 -sv,+UVM_TESTNAME=auto -cm line+tgl,r1p2,10,96,5.0,uart_loopback_test,uart_loopback_seq,APB4+UART
RUN-000723,uart_loopback_test-000723,Uart_Loopback,APB4,static,4,7,2,odd,230400,4,1,level,50,16,32,250,2,ACTIVE,stress,0,4,1,1,UVM_LOW,0,0,0.0,-O2 -sv,+UVM_TESTNAME=auto,r1p2,9,48,20.0,uart_loopback_test,uart_loopback_seq,APB4+UART
RUN-000724,irq_storm_test-000724,Irq_Storm,APB4,round_robin,4,6,4,even,1500000,8,0,level,50,32,32,500,1,ACTIVE,functional,0,8,1,0,UVM_HIGH,0,0,0.0,-O0 -sv -debug,+UVM_TESTNAME=auto,r1p2,1,96,20.0,irq_storm_test,irq_storm_seq,APB4+UART
RUN-000725,dma_burst_test-000725,Dma_Burst,APB4,priority,4,3,0,even,230400,8,1,edge,50,8,16,100,1,ACTIVE,regression,1,8,0,1,UVM_LOW,0,1,0.0002,-O0 -sv -debug,+UVM_TESTNAME=auto -cm line+tgl,r1p2,5,96,20.0,dma_burst_test,dma_burst_seq,APB4+UART
RUN-000726,dma_burst_test-000726,Dma_Burst,APB3,priority,4,5,2,even,1500000,8,0,edge,200,16,16,250,3,ACTIVE,stress,0,4,0,1,UVM_HIGH,1,1,0.0372,-O0 -sv -debug,+UVM_TESTNAME=auto,r1p2,6,96,5.0,dma_burst_test,dma_burst_seq,APB3+UART
RUN-000727,parity_stress_test-000727,Parity_Stress,APB4,static,8,3,4,even,115200,8,1,edge,200,16,32,100,1,PASSIVE,stress,0,8,1,1,UVM_LOW,0,0,0.0,-O0 -sv -debug,+UVM_TESTNAME=auto,r1p2,6,96,5.0,parity_stress_test,parity_stress_seq,APB4+UART
RUN-000728,reg_sweep_test-000728,Reg_Sweep,APB3,priority,4,6,2,odd,460800,8,1,level,200,32,32,50,1,ACTIVE,regression,0,8,1,1,UVM_MEDIUM,0,0,0.0,-O2 -sv,+UVM_TESTNAME=auto -cm line+tgl,r1p2,8,96,5.0,reg_sweep_test,reg_sweep_seq,APB3+UART
RUN-000729,parity_stress_test-000729,Parity_Stress,APB4,static,2,5,1,none,230400,8,0,level,200,32,16,500,2,ACTIVE,stress,0,4,1,1,UVM_MEDIUM,1,0,0.0,-O2 -sv -assert svaext,+UVM_TESTNAME=auto,r1p0,7,96,5.0,parity_stress_test,parity_stress_seq,APB4+UART
RUN-000730,dma_burst_test-000730,Dma_Burst,APB3,round_robin,8,4,0,odd,1500000,16,0,edge,25,16,16,50,1,ACTIVE,functional,0,8,1,1,UVM_LOW,0,0,0.0,-O2 -sv,+UVM_TESTNAME=auto,r1p2,9,192,40.0,dma_burst_test,dma_burst_seq,APB3+UART
RUN-000731,dma_burst_test-000731,Dma_Burst,APB3,round_robin,2,0,2,none,921600,16,1,edge,200,16,16,100,3,ACTIVE,functional,0,8,0,1,UVM_MEDIUM,0,0,0.0,-O0 -sv -debug,+UVM_TESTNAME=auto -cm line+tgl,r1p0,5,192,5.0,dma_burst_test,dma_burst_seq,APB3+UART
RUN-000732,reset_recovery_test-000732,Reset_Recovery,APB4,static,4,3,0,none,921600,64,1,edge,50,16,16,250,1,ACTIVE,regression,0,4,1,1,UVM_MEDIUM,0,0,0.0,-O2 -sv,+UVM_TESTNAME=auto,r1p0,11,768,20.0,reset_recovery_test,reset_recovery_seq,APB4+UART
RUN-000733,irq_storm_test-000733,Irq_Storm,APB4,static,4,4,1,none,230400,16,0,level,25,32,32,500,1,ACTIVE,stress,0,8,1,1,UVM_LOW,0,0,0.0,-O2 -sv -assert svaext,+UVM_TESTNAME=auto,r2p0,9,192,40.0,irq_storm_test,irq_storm_seq,APB4+UART
RUN-000734,irq_storm_test-000734,Irq_Storm,APB4,round_robin,2,0,2,even,230400,16,0,level,200,8,32,100,2,ACTIVE,functional,0,4,1,0,UVM_LOW,1,1,0.0283,-O0 -sv -debug,+UVM_TESTNAME=auto -cm line+tgl,r2p0,11,192,5.0,irq_storm_test,irq_storm_seq,APB4+UART
RUN-000735,parity_stress_test-000735,Parity_Stress,APB4,priority,2,3,0,none,921600,16,1,edge,100,32,32,100,1,ACTIVE,functional,0,16,0,1,UVM_MEDIUM,0,0,0.0,-O0 -sv -debug,+UVM_TESTNAME=auto,r2p0,1,192,10.0,parity_stress_test,parity_stress_seq,APB4+UART
RUN-000736,irq_storm_test-000736,Irq_Storm,APB4,priority,2,2,0,even,115200,32,1,edge,100,32,16,500,3,ACTIVE,stress,1,8,1,1,UVM_MEDIUM,0,0,0.0,-O2 -sv -assert svaext,+UVM_TESTNAME=auto -cm line+tgl,r1p2,4,384,10.0,irq_storm_test,irq_storm_seq,APB4+UART
RUN-000737,reg_sweep_test-000737,Reg_Sweep,APB4,priority,2,7,1,odd,230400,4,0,edge,50,16,32,100,1,PASSIVE,functional,1,16,1,0,UVM_LOW,0,0,0.0,-O2 -sv,+UVM_TESTNAME=auto -cm line+tgl,r1p0,3,48,20.0,reg_sweep_test,reg_sweep_seq,APB4+UART
RUN-000738,uart_loopback_test-000738,Uart_Loopback,APB3,static,8,0,2,odd,1500000,32,0,level,200,32,16,50,1,ACTIVE,stress,0,4,1,1,UVM_LOW,0,0,0.0,-O0 -sv -debug,+UVM_TESTNAME=auto,r1p0,6,384,5.0,uart_loopback_test,uart_loopback_seq,APB3+UART
RUN-000739,irq_storm_test-000739,Irq_Storm,APB4,round_robin,2,6,1,none,115200,8,1,edge,200,16,32,100,1,ACTIVE,stress,0,8,1,1,UVM_LOW,0,0,0.0,-O2 -sv,+UVM_TESTNAME=auto,r2p0,0,96,5.0,irq_storm_test,irq_storm_seq,APB4+UART
RUN-000740,irq_storm_test-000740,Irq_Storm,APB3,round_robin,16,1,1,odd,115200,8,0,edge,50,16,32,100,1,ACTIVE,stress,0,4,0,1,UVM_MEDIUM,0,0,0.0,-O2 -sv -assert svaext,+UVM_TESTNAME=auto -cm line+tgl,r1p2,7,96,20.0,irq_storm_test,irq_storm_seq,APB3+UART
RUN-000741,dma_burst_test-000741,Dma_Burst,APB4,round_robin,4,5,2,none,1500000,4,1,edge,50,32,32,50,3,ACTIVE,functional,0,8,1,0,UVM_MEDIUM,0,1,0.0014,-O2 -sv -assert svaext,+UVM_TESTNAME=auto -cm line+tgl,r2p0,0,48,20.0,dma_burst_test,dma_burst_seq,APB4+UART
RUN-000742,reg_sweep_test-000742,Reg_Sweep,APB4,round_robin,4,7,0,even,1500000,32,1,edge,50,32,32,500,1,ACTIVE,functional,1,8,1,1,UVM_MEDIUM,1,1,0.0111,-O0 -sv -debug,+UVM_TESTNAME=auto,r1p0,3,384,20.0,reg_sweep_test,reg_sweep_seq,APB4+UART
RUN-000743,reg_sweep_test-000743,Reg_Sweep,APB3,static,2,5,1,none,921600,64,0,edge,200,8,32,250,1,ACTIVE,regression,0,4,0,1,UVM_MEDIUM,0,1,0.0037,-O0 -sv -debug,+UVM_TESTNAME=auto,r1p0,10,768,5.0,reg_sweep_test,reg_sweep_seq,APB3+UART
RUN-000744,dma_burst_test-000744,Dma_Burst,APB3,priority,16,1,1,odd,460800,32,1,edge,100,32,32,50,1,ACTIVE,regression,0,8,1,1,UVM_MEDIUM,0,0,0.0,-O2 -sv,+UVM_TESTNAME=auto -cm line+tgl,r1p2,0,384,10.0,dma_burst_test,dma_burst_seq,APB3+UART
RUN-000745,reset_recovery_test-000745,Reset_Recovery,APB3,priority,4,3,2,odd,230400,4,1,level,25,32,16,250,2,ACTIVE,stress,0,8,0,1,UVM_MEDIUM,0,1,0.0286,-O2 -sv,+UVM_TESTNAME=auto -cm line+tgl,r1p0,1,48,40.0,reset_recovery_test,reset_recovery_seq,APB3+UART
RUN-000746,uart_loopback_test-000746,Uart_Loopback,APB4,priority,4,2,0,odd,460800,16,1,level,100,8,16,250,1,ACTIVE,functional,0,8,0,1,UVM_MEDIUM,1,0,0.0,-O2 -sv,+UVM_TESTNAME=auto,r1p2,7,192,10.0,uart_loopback_test,uart_loopback_seq,APB4+UART
RUN-000747,uart_loopback_test-000747,Uart_Loopback,APB4,static,8,6,2,odd,921600,32,0,edge,25,8,16,250,3,ACTIVE,stress,0,16,1,1,UVM_MEDIUM,0,0,0.0,-O2 -sv,+UVM_TESTNAME=auto -cm line+tgl,r2p0,11,384,40.0,uart_loopback_test,uart_loopback_seq,APB4+UART
RUN-000748,irq_storm_test-000748,Irq_Storm,APB3,static,4,7,2,even,1500000,16,1,edge,100,32,32,50,2,ACTIVE,stress,0,8,0,1,UVM_MEDIUM,1,1,0.0171,-O2 -sv -assert svaext,+UVM_TESTNAME=auto,r2p0,11,192,10.0,irq_storm_test,irq_storm_seq,APB3+UART
RUN-000749,backpressure_test-000749,Backpressure,APB4,round_robin,4,4,1,odd,230400,8,1,level,200,8,32,250,1,ACTIVE,functional,0,8,0,1,UVM_MEDIUM,0,0,0.0,-O2 -sv -assert svaext,+UVM_TESTNAME=auto,r1p0,5,96,5.0,backpressure_test,backpressure_seq,APB4+UART
RUN-000750,uart_loopback_test-000750,Uart_Loopback,APB4,round_robin,4,2,2,even,230400,8,0,edge,100,32,16,50,2,ACTIVE,regression,0,4,1,1,UVM_MEDIUM,0,0,0.0,-O2 -sv -assert svaext,+UVM_TESTNAME=auto -cm line+tgl,r1p2,5,96,10.0,uart_loopback_test,uart_loopback_seq,APB4+UART
RUN-000751,reset_recovery_test-000751,Reset_Recovery,APB4,priority,2,7,1,even,230400,32,0,level,25,8,32,50,3,ACTIVE,functional,0,16,0,1,UVM_HIGH,0,1,0.032,-O0 -sv -debug,+UVM_TESTNAME=auto -cm line+tgl,r1p2,6,384,40.0,reset_recovery_test,reset_recovery_seq,APB4+UART
RUN-000752,reg_sweep_test-000752,Reg_Sweep,APB4,priority,4,3,1,odd,460800,32,0,edge,25,16,32,100,2,ACTIVE,regression,0,16,1,1,UVM_LOW,0,0,0.0,-O2 -sv,+UVM_TESTNAME=auto -cm line+tgl,r1p2,6,384,40.0,reg_sweep_test,reg_sweep_seq,APB4+UART
RUN-000753,uart_loopback_test-000753,Uart_Loopback,APB4,priority,8,7,2,even,1500000,8,0,edge,25,16,32,250,2,PASSIVE,functional,1,8,1,1,UVM_LOW,1,1,0.0334,-O2 -sv -assert svaext,+UVM_TESTNAME=auto,r1p0,7,96,40.0,uart_loopback_test,uart_loopback_seq,APB4+UART
RUN-000754,reset_recovery_test-000754,Reset_Recovery,APB4,priority,8,6,4,none,1500000,16,0,edge,50,8,32,250,2,PASSIVE,stress,0,16,1,1,UVM_MEDIUM,0,1,0.0256,-O2 -sv,+UVM_TESTNAME=auto -cm line+tgl,r1p0,0,192,20.0,reset_recovery_test,reset_recovery_seq,APB4+UART
RUN-000755,backpressure_test-000755,Backpressure,APB3,static,2,1,4,odd,1500000,32,1,level,50,32,16,250,3,ACTIVE,stress,0,16,1,1,UVM_MEDIUM,0,1,0.0188,-O2 -sv,+UVM_TESTNAME=auto,r2p0,10,384,20.0,backpressure_test,backpressure_seq,APB3+UART
RUN-000756,uart_loopback_test-000756,Uart_Loopback,APB4,priority,2,5,0,odd,115200,16,1,edge,25,32,32,100,2,ACTIVE,stress,0,16,0,1,UVM_MEDIUM,0,1,0.0342,-O2 -sv -assert svaext,+UVM_TESTNAME=auto,r1p2,1,192,40.0,uart_loopback_test,uart_loopback_seq,APB4+UART
RUN-000757,irq_storm_test-000757,Irq_Storm,APB3,static,4,7,0,none,115200,8,0,edge,200,8,16,50,2,PASSIVE,functional,0,16,0,1,UVM_LOW,1,0,0.0,-O2 -sv -assert svaext,+UVM_TESTNAME=auto -cm line+tgl,r1p0,8,96,5.0,irq_storm_test,irq_storm_seq,APB3+UART
RUN-000758,uart_loopback_test-000758,Uart_Loopback,APB3,static,4,1,0,none,115200,8,1,level,50,32,16,500,1,ACTIVE,regression,0,4,1,1,UVM_MEDIUM,1,1,0.0138,-O2 -sv,+UVM_TESTNAME=auto -cm line+tgl,r1p2,3,96,20.0,uart_loopback_test,uart_loopback_seq,APB3+UART
RUN-000759,reset_recovery_test-000759,Reset_Recovery,APB4,static,4,0,1,odd,230400,64,0,level,100,32,16,500,2,ACTIVE,regression,1,8,1,1,UVM_LOW,0,0,0.0,-O2 -sv -assert svaext,+UVM_TESTNAME=auto,r2p0,5,768,10.0,reset_recovery_test,reset_recovery_seq,APB4+UART
RUN-000760,reg_sweep_test-000760,Reg_Sweep,APB4,priority,2,5,4,even,115200,8,0,level,100,16,16,50,1,ACTIVE,functional,0,16,1,1,UVM_LOW,0,1,0.0313,-O2 -sv,+UVM_TESTNAME=auto,r1p2,6,96,10.0,reg_sweep_test,reg_sweep_seq,APB4+UART
RUN-000761,dma_burst_test-000761,Dma_Burst,APB3,round_robin,2,6,0,even,230400,16,0,level,100,32,16,500,2,ACTIVE,regression,0,4,1,1,UVM_LOW,0,1,0.0078,-O2 -sv,+UVM_TESTNAME=auto,r1p0,7,192,10.0,dma_burst_test,dma_burst_seq,APB3+UART
RUN-000762,parity_stress_test-000762,Parity_Stress,APB3,priority,2,6,2,none,115200,16,0,level,100,16,32,100,2,ACTIVE,stress,0,4,0,1,UVM_MEDIUM,0,0,0.0,-O2 -sv,+UVM_TESTNAME=auto -cm line+tgl,r1p0,5,192,10.0,parity_stress_test,parity_stress_seq,APB3+UART
RUN-000763,reg_sweep_test-000763,Reg_Sweep,APB4,round_robin,8,4,0,odd,460800,16,1,edge,25,16,32,250,2,ACTIVE,functional,0,8,1,1,UVM_HIGH,0,0,0.0,-O2 -sv -assert svaext,+UVM_TESTNAME=auto -cm line+tgl,r2p0,1,192,40.0,reg_sweep_test,reg_sweep_seq,APB4+UART
RUN-000764,reset_recovery_test-000764,Reset_Recovery,APB3,static,8,7,0,none,115200,64,0,level,200,32,16,50,2,PASSIVE,stress,0,4,0,1,UVM_LOW,0,0,0.0,-O2 -sv,+UVM_TESTNAME=auto,r1p0,11,768,5.0,reset_recovery_test,reset_recovery_seq,APB3+UART
RUN-000765,parity_stress_test-000765,Parity_Stress,APB3,round_robin,8,5,0,even,921600,4,1,edge,25,32,16,250,1,ACTIVE,stress,0,8,1,1,UVM_LOW,1,1,0.0228,-O2 -sv,+UVM_TESTNAME=auto,r1p0,4,48,40.0,parity_stress_test,parity_stress_seq,APB3+UART
RUN-000766,dma_burst_test-000766,Dma_Burst,APB3,priority,4,5,4,even,230400,32,1,edge,100,8,32,100,2,PASSIVE,stress,0,4,0,1,UVM_LOW,0,1,0.0322,-O0 -sv -debug,+UVM_TESTNAME=auto,r1p2,1,384,10.0,dma_burst_test,dma_burst_seq,APB3+UART
RUN-000767,backpressure_test-000767,Backpressure,APB4,priority,2,3,4,even,230400,4,1,level,50,32,32,100,2,ACTIVE,functional,0,8,1,1,UVM_MEDIUM,1,0,0.0,-O2 -sv,+UVM_TESTNAME=auto -cm line+tgl,r1p0,10,48,20.0,backpressure_test,backpressure_seq,APB4+UART
RUN-000768,reg_sweep_test-000768,Reg_Sweep,APB4,round_robin,16,1,4,odd,1500000,32,0,level,200,32,32,250,1,ACTIVE,regression,0,4,1,1,UVM_LOW,0,0,0.0,-O2 -sv -assert svaext,+UVM_TESTNAME=auto,r2p0,8,384,5.0,reg_sweep_test,reg_sweep_seq,APB4+UART
RUN-000769,reg_sweep_test-000769,Reg_Sweep,APB4,round_robin,16,6,1,odd,1500000,16,0,edge,100,32,16,100,1,ACTIVE,functional,0,8,1,1,UVM_LOW,1,0,0.0,-O2 -sv,+UVM_TESTNAME=auto -cm line+tgl,r1p2,0,192,10.0,reg_sweep_test,reg_sweep_seq,APB4+UART
RUN-000770,dma_burst_test-000770,Dma_Burst,APB4,static,4,2,4,none,460800,16,1,level,100,32,32,250,2,ACTIVE,stress,0,16,1,1,UVM_MEDIUM,0,1,0.0206,-O2 -sv -assert svaext,+UVM_TESTNAME=auto -cm line+tgl,r2p0,0,192,10.0,dma_burst_test,dma_burst_seq,APB4+UART
RUN-000771,parity_stress_test-000771,Parity_Stress,APB4,round_robin,8,6,4,none,921600,64,0,level,100,32,32,500,3,ACTIVE,regression,1,8,0,1,UVM_HIGH,1,0,0.0,-O2 -sv -assert svaext,+UVM_TESTNAME=auto -cm line+tgl,r1p0,11,768,10.0,parity_stress_test,parity_stress_seq,APB4+UART
RUN-000772,reg_sweep_test-000772,Reg_Sweep,APB4,round_robin,8,7,4,even,460800,16,1,level,50,32,32,500,1,ACTIVE,functional,0,4,0,1,UVM_LOW,1,0,0.0,-O2 -sv,+UVM_TESTNAME=auto -cm line+tgl,r2p0,7,192,20.0,reg_sweep_test,reg_sweep_seq,APB4+UART
RUN-000773,reg_sweep_test-000773,Reg_Sweep,APB3,static,2,1,2,odd,230400,64,1,edge,50,8,16,500,2,ACTIVE,functional,0,8,1,1,UVM_LOW,0,1,0.0299,-O2 -sv,+UVM_TESTNAME=auto -cm line+tgl,r1p2,8,768,20.0,reg_sweep_test,reg_sweep_seq,APB3+UART
RUN-000774,reg_sweep_test-000774,Reg_Sweep,APB4,priority,16,3,0,even,230400,32,1,edge,100,16,16,500,1,ACTIVE,regression,1,4,1,1,UVM_MEDIUM,0,1,0.0121,-O2 -sv -assert svaext,+UVM_TESTNAME=auto,r1p2,10,384,10.0,reg_sweep_test,reg_sweep_seq,APB4+UART
RUN-000775,reset_recovery_test-000775,Reset_Recovery,APB4,static,16,1,0,odd,230400,4,0,level,50,32,32,250,2,ACTIVE,regression,0,4,1,1,UVM_MEDIUM,0,0,0.0,-O2 -sv -assert svaext,+UVM_TESTNAME=auto,r1p0,10,48,20.0,reset_recovery_test,reset_recovery_seq,APB4+UART
RUN-000776,parity_stress_test-000776,Parity_Stress,APB4,priority,4,4,2,odd,230400,64,0,edge,25,8,32,50,2,ACTIVE,functional,0,8,1,1,UVM_HIGH,1,1,0.0171,-O2 -sv -assert svaext,+UVM_TESTNAME=auto,r1p0,7,768,40.0,parity_stress_test,parity_stress_seq,APB4+UART
RUN-000777,parity_stress_test-000777,Parity_Stress,APB4,priority,16,2,4,odd,115200,4,1,level,25,32,32,100,2,ACTIVE,stress,0,16,1,1,UVM_LOW,1,0,0.0,-O2 -sv,+UVM_TESTNAME=auto,r1p0,8,48,40.0,parity_stress_test,parity_stress_seq,APB4+UART
RUN-000778,reg_sweep_test-000778,Reg_Sweep,APB4,priority,4,7,4,none,460800,8,0,edge,100,32,16,100,2,ACTIVE,functional,0,4,1,1,UVM_LOW,1,1,0.0189,-O2 -sv,+UVM_TESTNAME=auto,r1p0,1,96,10.0,reg_sweep_test,reg_sweep_seq,APB4+UART
RUN-000779,uart_loopback_test-000779,Uart_Loopback,APB3,priority,2,2,0,even,460800,8,1,level,50,32,32,100,3,ACTIVE,functional,1,4,1,0,UVM_MEDIUM,0,1,0.0391,-O0 -sv -debug,+UVM_TESTNAME=auto,r2p0,3,96,20.0,uart_loopback_test,uart_loopback_seq,APB3+UART
RUN-000780,backpressure_test-000780,Backpressure,APB4,static,16,4,0,odd,921600,8,0,level,50,16,32,50,3,PASSIVE,regression,0,8,1,1,UVM_LOW,0,1,0.0216,-O2 -sv -assert svaext,+UVM_TESTNAME=auto -cm line+tgl,r1p2,9,96,20.0,backpressure_test,backpressure_seq,APB4+UART
RUN-000781,reset_recovery_test-000781,Reset_Recovery,APB4,round_robin,4,7,2,none,1500000,4,0,level,25,16,16,250,2,ACTIVE,stress,0,8,0,1,UVM_MEDIUM,0,1,0.0254,-O0 -sv -debug,+UVM_TESTNAME=auto,r1p2,2,48,40.0,reset_recovery_test,reset_recovery_seq,APB4+UART
RUN-000782,parity_stress_test-000782,Parity_Stress,APB4,round_robin,16,7,4,even,460800,64,0,level,25,32,16,500,1,ACTIVE,functional,0,16,0,1,UVM_MEDIUM,0,0,0.0,-O2 -sv -assert svaext,+UVM_TESTNAME=auto,r1p0,2,768,40.0,parity_stress_test,parity_stress_seq,APB4+UART
RUN-000783,reset_recovery_test-000783,Reset_Recovery,APB3,static,4,1,2,none,115200,16,1,level,100,16,32,50,2,PASSIVE,regression,0,16,1,1,UVM_HIGH,0,1,0.0072,-O2 -sv,+UVM_TESTNAME=auto,r2p0,9,192,10.0,reset_recovery_test,reset_recovery_seq,APB3+UART
RUN-000784,reset_recovery_test-000784,Reset_Recovery,APB4,round_robin,4,6,2,odd,1500000,16,1,edge,100,16,32,50,1,ACTIVE,regression,0,16,1,1,UVM_MEDIUM,0,0,0.0,-O2 -sv,+UVM_TESTNAME=auto,r1p2,8,192,10.0,reset_recovery_test,reset_recovery_seq,APB4+UART
RUN-000785,dma_burst_test-000785,Dma_Burst,APB4,static,8,1,2,even,460800,16,1,edge,25,8,32,50,1,ACTIVE,functional,0,8,1,1,UVM_LOW,0,0,0.0,-O2 -sv -assert svaext,+UVM_TESTNAME=auto -cm line+tgl,r2p0,11,192,40.0,dma_burst_test,dma_burst_seq,APB4+UART
RUN-000786,backpressure_test-000786,Backpressure,APB4,priority,8,0,4,none,115200,32,1,edge,25,32,32,100,1,ACTIVE,functional,0,8,1,1,UVM_LOW,0,1,0.0212,-O0 -sv -debug,+UVM_TESTNAME=auto -cm line+tgl,r2p0,5,384,40.0,backpressure_test,backpressure_seq,APB4+UART
RUN-000787,irq_storm_test-000787,Irq_Storm,APB4,round_robin,2,4,1,even,921600,32,1,edge,200,32,32,250,2,ACTIVE,regression,1,4,0,0,UVM_LOW,1,1,0.0205,-O2 -sv,+UVM_TESTNAME=auto,r1p2,0,384,5.0,irq_storm_test,irq_storm_seq,APB4+UART
RUN-000788,irq_storm_test-000788,Irq_Storm,APB4,static,8,7,1,odd,115200,64,1,edge,25,32,32,500,1,ACTIVE,stress,0,16,1,1,UVM_LOW,1,1,0.0151,-O2 -sv,+UVM_TESTNAME=auto,r1p2,2,768,40.0,irq_storm_test,irq_storm_seq,APB4+UART
RUN-000789,backpressure_test-000789,Backpressure,APB4,priority,16,3,0,none,921600,32,1,level,100,32,16,50,2,ACTIVE,functional,0,8,1,1,UVM_LOW,0,1,0.0193,-O2 -sv -assert svaext,+UVM_TESTNAME=auto -cm line+tgl,r1p2,5,384,10.0,backpressure_test,backpressure_seq,APB4+UART
RUN-000790,reg_sweep_test-000790,Reg_Sweep,APB3,round_robin,4,6,1,even,115200,16,1,edge,25,32,32,250,2,ACTIVE,regression,0,4,1,1,UVM_MEDIUM,1,0,0.0,-O0 -sv -debug,+UVM_TESTNAME=auto,r1p0,8,192,40.0,reg_sweep_test,reg_sweep_seq,APB3+UART
RUN-000791,dma_burst_test-000791,Dma_Burst,APB3,round_robin,2,5,1,even,115200,16,0,edge,50,8,16,100,3,ACTIVE,functional,0,16,1,1,UVM_MEDIUM,0,1,0.013,-O2 -sv,+UVM_TESTNAME=auto -cm line+tgl,r1p2,3,192,20.0,dma_burst_test,dma_burst_seq,APB3+UART
RUN-000792,uart_loopback_test-000792,Uart_Loopback,APB3,round_robin,8,7,2,even,115200,8,1,edge,100,16,16,50,2,ACTIVE,regression,0,8,1,0,UVM_LOW,0,1,0.036,-O2 -sv,+UVM_TESTNAME=auto,r2p0,8,96,10.0,uart_loopback_test,uart_loopback_seq,APB3+UART
RUN-000793,uart_loopback_test-000793,Uart_Loopback,APB4,round_robin,2,3,2,odd,230400,4,0,level,200,32,32,100,3,ACTIVE,functional,0,16,0,1,UVM_HIGH,0,0,0.0,-O2 -sv,+UVM_TESTNAME=auto,r1p2,9,48,5.0,uart_loopback_test,uart_loopback_seq,APB4+UART
RUN-000794,dma_burst_test-000794,Dma_Burst,APB3,priority,4,4,0,odd,230400,16,1,edge,200,32,32,100,1,ACTIVE,regression,0,8,1,1,UVM_MEDIUM,0,1,0.0199,-O2 -sv -assert svaext,+UVM_TESTNAME=auto,r2p0,6,192,5.0,dma_burst_test,dma_burst_seq,APB3+UART
RUN-000795,irq_storm_test-000795,Irq_Storm,APB3,priority,16,4,2,even,1500000,16,1,level,100,32,32,500,2,ACTIVE,regression,0,8,0,0,UVM_HIGH,0,1,0.024,-O2 -sv,+UVM_TESTNAME=auto,r1p0,1,192,10.0,irq_storm_test,irq_storm_seq,APB3+UART
RUN-000796,reset_recovery_test-000796,Reset_Recovery,APB4,static,4,1,2,even,921600,64,0,level,50,32,32,100,1,PASSIVE,stress,0,4,1,1,UVM_MEDIUM,0,0,0.0,-O0 -sv -debug,+UVM_TESTNAME=auto,r1p2,0,768,20.0,reset_recovery_test,reset_recovery_seq,APB4+UART
RUN-000797,parity_stress_test-000797,Parity_Stress,APB4,priority,4,6,0,none,921600,8,0,edge,50,16,32,500,2,ACTIVE,regression,0,16,1,1,UVM_MEDIUM,0,0,0.0,-O0 -sv -debug,+UVM_TESTNAME=auto -cm line+tgl,r1p0,8,96,20.0,parity_stress_test,parity_stress_seq,APB4+UART
RUN-000798,reg_sweep_test-000798,Reg_Sweep,APB4,round_robin,2,7,2,odd,115200,64,1,level,50,16,32,500,2,ACTIVE,functional,0,8,1,1,UVM_LOW,0,0,0.0,-O2 -sv,+UVM_TESTNAME=auto,r2p0,10,768,20.0,reg_sweep_test,reg_sweep_seq,APB4+UART
RUN-000799,backpressure_test-000799,Backpressure,APB3,priority,2,4,2,odd,460800,4,0,edge,50,32,32,500,2,ACTIVE,regression,1,4,1,1,UVM_HIGH,1,0,0.0,-O2 -sv,+UVM_TESTNAME=auto,r2p0,6,48,20.0,backpressure_test,backpressure_seq,APB3+UART
RUN-000800,parity_stress_test-000800,Parity_Stress,APB4,priority,2,5,2,even,115200,8,0,edge,100,32,32,100,3,ACTIVE,regression,0,4,0,1,UVM_LOW,0,0,0.0,-O2 -sv -assert svaext,+UVM_TESTNAME=auto,r2p0,8,96,10.0,parity_stress_test,parity_stress_seq,APB4+UART
RUN-000801,reset_recovery_test-000801,Reset_Recovery,APB4,static,4,6,2,even,230400,16,0,level,100,32,32,250,2,PASSIVE,stress,0,8,1,1,UVM_MEDIUM,0,0,0.0,-O2 -sv,+UVM_TESTNAME=auto,r2p0,11,192,10.0,reset_recovery_test,reset_recovery_seq,APB4+UART
RUN-000802,uart_loopback_test-000802,Uart_Loopback,APB4,static,4,1,4,odd,921600,4,1,edge,25,32,16,50,2,ACTIVE,functional,0,4,1,1,UVM_MEDIUM,0,1,0.0223,-O0 -sv -debug,+UVM_TESTNAME=auto,r1p0,4,48,40.0,uart_loopback_test,uart_loopback_seq,APB4+UART
RUN-000803,uart_loopback_test-000803,Uart_Loopback,APB3,priority,16,4,4,none,230400,8,1,edge,100,16,16,250,1,ACTIVE,functional,0,8,1,1,UVM_HIGH,0,0,0.0,-O2 -sv -assert svaext,+UVM_TESTNAME=auto,r1p2,1,96,10.0,uart_loopback_test,uart_loopback_seq,APB3+UART
RUN-000804,backpressure_test-000804,Backpressure,APB4,priority,2,6,1,none,921600,8,0,level,100,16,32,500,1,ACTIVE,stress,1,4,1,1,UVM_LOW,0,0,0.0,-O2 -sv,+UVM_TESTNAME=auto,r1p2,3,96,10.0,backpressure_test,backpressure_seq,APB4+UART
RUN-000805,reg_sweep_test-000805,Reg_Sweep,APB4,priority,2,1,0,none,115200,16,1,edge,25,16,16,100,3,ACTIVE,regression,0,4,1,1,UVM_HIGH,0,0,0.0,-O2 -sv,+UVM_TESTNAME=auto,r1p0,10,192,40.0,reg_sweep_test,reg_sweep_seq,APB4+UART
RUN-000806,backpressure_test-000806,Backpressure,APB3,round_robin,16,3,2,odd,460800,32,1,level,25,32,32,100,1,ACTIVE,functional,1,8,0,1,UVM_LOW,0,1,0.0269,-O2 -sv -assert svaext,+UVM_TESTNAME=auto,r2p0,2,384,40.0,backpressure_test,backpressure_seq,APB3+UART
RUN-000807,backpressure_test-000807,Backpressure,APB4,static,16,0,1,none,230400,32,0,edge,100,16,32,100,1,ACTIVE,stress,0,8,1,1,UVM_MEDIUM,0,0,0.0,-O2 -sv,+UVM_TESTNAME=auto,r2p0,4,384,10.0,backpressure_test,backpressure_seq,APB4+UART
RUN-000808,irq_storm_test-000808,Irq_Storm,APB3,static,4,0,1,even,460800,32,0,level,50,16,32,100,1,ACTIVE,stress,0,4,1,1,UVM_LOW,0,1,0.0235,-O2 -sv -assert svaext,+UVM_TESTNAME=auto,r1p0,10,384,20.0,irq_storm_test,irq_storm_seq,APB3+UART
RUN-000809,reg_sweep_test-000809,Reg_Sweep,APB3,priority,8,4,0,none,230400,16,1,level,25,32,32,500,1,ACTIVE,stress,0,4,1,1,UVM_HIGH,0,1,0.0194,-O2 -sv -assert svaext,+UVM_TESTNAME=auto,r1p0,7,192,40.0,reg_sweep_test,reg_sweep_seq,APB3+UART
RUN-000810,parity_stress_test-000810,Parity_Stress,APB4,static,4,5,1,even,460800,32,1,level,25,32,32,500,3,ACTIVE,regression,1,8,0,1,UVM_LOW,0,0,0.0,-O0 -sv -debug,+UVM_TESTNAME=auto,r1p0,1,384,40.0,parity_stress_test,parity_stress_seq,APB4+UART
RUN-000811,backpressure_test-000811,Backpressure,APB3,priority,4,2,0,odd,230400,16,0,edge,25,32,32,50,2,ACTIVE,functional,0,8,1,1,UVM_MEDIUM,0,0,0.0,-O2 -sv -assert svaext,+UVM_TESTNAME=auto -cm line+tgl,r1p2,8,192,40.0,backpressure_test,backpressure_seq,APB3+UART
RUN-000812,uart_loopback_test-000812,Uart_Loopback,APB3,priority,4,0,0,odd,115200,32,0,level,50,8,16,250,2,ACTIVE,regression,1,8,1,1,UVM_LOW,0,0,0.0,-O2 -sv,+UVM_TESTNAME=auto,r1p2,2,384,20.0,uart_loopback_test,uart_loopback_seq,APB3+UART
RUN-000813,uart_loopback_test-000813,Uart_Loopback,APB3,round_robin,2,0,2,odd,230400,16,0,edge,200,32,32,50,3,ACTIVE,functional,1,16,1,1,UVM_MEDIUM,0,0,0.0,-O0 -sv -debug,+UVM_TESTNAME=auto -cm line+tgl,r2p0,4,192,5.0,uart_loopback_test,uart_loopback_seq,APB3+UART
RUN-000814,reg_sweep_test-000814,Reg_Sweep,APB4,priority,16,4,0,odd,115200,16,0,level,50,8,16,100,2,ACTIVE,functional,1,8,1,1,UVM_HIGH,1,0,0.0,-O2 -sv -assert svaext,+UVM_TESTNAME=auto,r1p0,9,192,20.0,reg_sweep_test,reg_sweep_seq,APB4+UART
RUN-000815,reg_sweep_test-000815,Reg_Sweep,APB3,round_robin,4,1,4,none,115200,4,1,edge,50,32,16,50,1,ACTIVE,functional,0,4,1,1,UVM_LOW,0,0,0.0,-O2 -sv -assert svaext,+UVM_TESTNAME=auto -cm line+tgl,r1p2,2,48,20.0,reg_sweep_test,reg_sweep_seq,APB3+UART
RUN-000816,reset_recovery_test-000816,Reset_Recovery,APB4,priority,4,2,2,even,230400,16,1,edge,100,32,16,50,1,PASSIVE,regression,0,8,0,1,UVM_MEDIUM,0,1,0.003,-O2 -sv,+UVM_TESTNAME=auto,r1p2,7,192,10.0,reset_recovery_test,reset_recovery_seq,APB4+UART
RUN-000817,parity_stress_test-000817,Parity_Stress,APB3,priority,8,0,0,even,1500000,8,1,level,25,16,32,50,1,PASSIVE,regression,0,4,1,1,UVM_MEDIUM,0,0,0.0,-O2 -sv,+UVM_TESTNAME=auto,r1p2,7,96,40.0,parity_stress_test,parity_stress_seq,APB3+UART
RUN-000818,uart_loopback_test-000818,Uart_Loopback,APB3,static,2,3,0,odd,230400,64,1,level,50,16,32,500,3,ACTIVE,functional,1,16,1,1,UVM_LOW,0,0,0.0,-O0 -sv -debug,+UVM_TESTNAME=auto,r1p0,8,768,20.0,uart_loopback_test,uart_loopback_seq,APB3+UART
RUN-000819,reg_sweep_test-000819,Reg_Sweep,APB3,static,2,2,1,none,1500000,4,1,edge,25,16,16,250,2,ACTIVE,regression,0,8,0,1,UVM_MEDIUM,0,0,0.0,-O2 -sv,+UVM_TESTNAME=auto -cm line+tgl,r1p2,9,48,40.0,reg_sweep_test,reg_sweep_seq,APB3+UART
RUN-000820,irq_storm_test-000820,Irq_Storm,APB3,round_robin,16,3,1,none,1500000,8,0,edge,50,8,32,500,2,ACTIVE,functional,0,8,1,1,UVM_HIGH,1,0,0.0,-O2 -sv -assert svaext,+UVM_TESTNAME=auto,r1p0,8,96,20.0,irq_storm_test,irq_storm_seq,APB3+UART
RUN-000821,parity_stress_test-000821,Parity_Stress,APB4,round_robin,2,0,0,odd,115200,32,1,edge,25,32,32,250,1,ACTIVE,regression,0,4,1,1,UVM_LOW,0,1,0.0282,-O0 -sv -debug,+UVM_TESTNAME=auto,r2p0,4,384,40.0,parity_stress_test,parity_stress_seq,APB4+UART
RUN-000822,reg_sweep_test-000822,Reg_Sweep,APB4,static,16,5,4,odd,921600,16,1,edge,200,32,32,100,2,ACTIVE,regression,0,4,1,1,UVM_HIGH,0,1,0.0271,-O0 -sv -debug,+UVM_TESTNAME=auto -cm line+tgl,r1p0,3,192,5.0,reg_sweep_test,reg_sweep_seq,APB4+UART
RUN-000823,dma_burst_test-000823,Dma_Burst,APB4,static,4,0,4,none,115200,64,1,edge,200,32,32,50,2,ACTIVE,stress,0,4,0,0,UVM_MEDIUM,0,0,0.0,-O2 -sv -assert svaext,+UVM_TESTNAME=auto -cm line+tgl,r1p0,4,768,5.0,dma_burst_test,dma_burst_seq,APB4+UART
RUN-000824,reg_sweep_test-000824,Reg_Sweep,APB4,round_robin,8,6,4,none,115200,8,1,level,50,32,32,50,2,ACTIVE,regression,0,4,0,1,UVM_LOW,1,0,0.0,-O0 -sv -debug,+UVM_TESTNAME=auto,r1p0,9,96,20.0,reg_sweep_test,reg_sweep_seq,APB4+UART
RUN-000825,backpressure_test-000825,Backpressure,APB3,priority,4,3,1,none,921600,4,1,edge,50,8,32,100,1,ACTIVE,functional,1,16,1,1,UVM_MEDIUM,0,1,0.0222,-O2 -sv,+UVM_TESTNAME=auto,r1p0,2,48,20.0,backpressure_test,backpressure_seq,APB3+UART
RUN-000826,uart_loopback_test-000826,Uart_Loopback,APB3,priority,4,5,1,even,115200,4,0,edge,25,32,16,250,1,PASSIVE,stress,0,8,1,1,UVM_MEDIUM,0,0,0.0,-O2 -sv,+UVM_TESTNAME=auto,r1p2,6,48,40.0,uart_loopback_test,uart_loopback_seq,APB3+UART
RUN-000827,uart_loopback_test-000827,Uart_Loopback,APB4,round_robin,8,2,1,even,1500000,64,0,level,100,16,32,50,1,ACTIVE,functional,1,8,1,1,UVM_MEDIUM,0,0,0.0,-O2 -sv -assert svaext,+UVM_TESTNAME=auto -cm line+tgl,r1p2,8,768,10.0,uart_loopback_test,uart_loopback_seq,APB4+UART
RUN-000828,uart_loopback_test-000828,Uart_Loopback,APB4,priority,2,0,1,even,115200,8,1,level,100,8,16,500,2,ACTIVE,functional,0,8,0,1,UVM_LOW,1,1,0.0224,-O0 -sv -debug,+UVM_TESTNAME=auto -cm line+tgl,r1p2,10,96,10.0,uart_loopback_test,uart_loopback_seq,APB4+UART
RUN-000829,reset_recovery_test-000829,Reset_Recovery,APB4,priority,4,7,4,odd,460800,16,0,edge,50,32,32,50,1,ACTIVE,stress,0,4,1,1,UVM_MEDIUM,0,0,0.0,-O2 -sv -assert svaext,+UVM_TESTNAME=auto,r1p0,5,192,20.0,reset_recovery_test,reset_recovery_seq,APB4+UART
RUN-000830,dma_burst_test-000830,Dma_Burst,APB3,round_robin,4,4,2,odd,230400,16,1,level,200,16,32,250,3,ACTIVE,functional,0,4,0,1,UVM_LOW,0,0,0.0,-O2 -sv,+UVM_TESTNAME=auto -cm line+tgl,r1p2,3,192,5.0,dma_burst_test,dma_burst_seq,APB3+UART
RUN-000831,backpressure_test-000831,Backpressure,APB4,round_robin,4,1,1,odd,115200,16,0,level,100,8,16,500,2,ACTIVE,stress,0,8,1,1,UVM_LOW,0,0,0.0,-O2 -sv,+UVM_TESTNAME=auto,r1p0,8,192,10.0,backpressure_test,backpressure_seq,APB4+UART
RUN-000832,dma_burst_test-000832,Dma_Burst,APB3,round_robin,2,5,2,none,230400,16,0,edge,100,32,16,250,2,ACTIVE,stress,0,16,1,1,UVM_LOW,1,0,0.0,-O2 -sv -assert svaext,+UVM_TESTNAME=auto,r1p2,0,192,10.0,dma_burst_test,dma_burst_seq,APB3+UART
RUN-000833,dma_burst_test-000833,Dma_Burst,APB4,round_robin,16,6,0,odd,460800,32,1,level,200,32,32,250,1,ACTIVE,functional,0,4,0,1,UVM_LOW,1,0,0.0,-O2 -sv,+UVM_TESTNAME=auto,r2p0,8,384,5.0,dma_burst_test,dma_burst_seq,APB4+UART
RUN-000834,parity_stress_test-000834,Parity_Stress,APB4,priority,2,4,4,none,115200,4,0,level,100,16,32,500,1,ACTIVE,functional,0,4,0,1,UVM_MEDIUM,1,1,0.0351,-O2 -sv,+UVM_TESTNAME=auto,r2p0,1,48,10.0,parity_stress_test,parity_stress_seq,APB4+UART
RUN-000835,irq_storm_test-000835,Irq_Storm,APB3,priority,4,2,2,none,460800,16,1,level,100,8,32,50,1,ACTIVE,functional,0,16,1,0,UVM_MEDIUM,0,1,0.0172,-O2 -sv -assert svaext,+UVM_TESTNAME=auto -cm line+tgl,r1p2,6,192,10.0,irq_storm_test,irq_storm_seq,APB3+UART
RUN-000836,reg_sweep_test-000836,Reg_Sweep,APB3,priority,4,0,1,odd,460800,64,1,level,25,8,32,250,2,ACTIVE,functional,0,16,1,1,UVM_LOW,0,1,0.0182,-O2 -sv,+UVM_TESTNAME=auto,r1p2,1,768,40.0,reg_sweep_test,reg_sweep_seq,APB3+UART
RUN-000837,uart_loopback_test-000837,Uart_Loopback,APB3,round_robin,2,2,2,even,115200,64,1,level,25,32,32,100,1,PASSIVE,regression,0,8,1,1,UVM_LOW,0,0,0.0,-O2 -sv,+UVM_TESTNAME=auto,r2p0,0,768,40.0,uart_loopback_test,uart_loopback_seq,APB3+UART
RUN-000838,reg_sweep_test-000838,Reg_Sweep,APB3,round_robin,2,4,2,odd,115200,32,0,edge,50,16,16,250,2,ACTIVE,regression,0,4,0,1,UVM_MEDIUM,0,0,0.0,-O2 -sv,+UVM_TESTNAME=auto,r1p0,8,384,20.0,reg_sweep_test,reg_sweep_seq,APB3+UART
RUN-000839,parity_stress_test-000839,Parity_Stress,APB3,priority,2,2,0,odd,460800,8,0,level,200,16,32,250,2,ACTIVE,functional,0,4,0,1,UVM_MEDIUM,1,1,0.0166,-O0 -sv -debug,+UVM_TESTNAME=auto -cm line+tgl,r1p2,2,96,5.0,parity_stress_test,parity_stress_seq,APB3+UART
RUN-000840,reg_sweep_test-000840,Reg_Sweep,APB3,round_robin,4,4,2,even,230400,8,0,level,100,32,32,50,3,ACTIVE,functional,1,4,1,1,UVM_LOW,0,0,0.0,-O2 -sv,+UVM_TESTNAME=auto,r1p0,3,96,10.0,reg_sweep_test,reg_sweep_seq,APB3+UART
RUN-000841,reg_sweep_test-000841,Reg_Sweep,APB4,static,16,1,0,odd,460800,8,1,level,100,16,32,100,1,ACTIVE,functional,1,8,1,1,UVM_MEDIUM,0,0,0.0,-O2 -sv -assert svaext,+UVM_TESTNAME=auto -cm line+tgl,r2p0,1,96,10.0,reg_sweep_test,reg_sweep_seq,APB4+UART
RUN-000842,irq_storm_test-000842,Irq_Storm,APB3,round_robin,2,5,1,odd,921600,8,0,edge,200,32,32,250,2,ACTIVE,functional,0,8,0,1,UVM_LOW,1,0,0.0,-O0 -sv -debug,+UVM_TESTNAME=auto -cm line+tgl,r1p2,2,96,5.0,irq_storm_test,irq_storm_seq,APB3+UART
RUN-000843,irq_storm_test-000843,Irq_Storm,APB4,static,4,2,1,none,230400,32,1,level,50,8,16,500,3,PASSIVE,stress,0,8,0,1,UVM_MEDIUM,1,1,0.0275,-O2 -sv -assert svaext,+UVM_TESTNAME=auto,r2p0,7,384,20.0,irq_storm_test,irq_storm_seq,APB4+UART
RUN-000844,reg_sweep_test-000844,Reg_Sweep,APB3,static,4,3,4,odd,460800,32,0,edge,50,16,32,250,2,ACTIVE,regression,0,8,0,1,UVM_MEDIUM,0,0,0.0,-O2 -sv,+UVM_TESTNAME=auto,r1p2,3,384,20.0,reg_sweep_test,reg_sweep_seq,APB3+UART
RUN-000845,parity_stress_test-000845,Parity_Stress,APB4,static,2,5,1,odd,115200,16,0,level,25,16,32,250,2,PASSIVE,functional,1,4,1,1,UVM_LOW,1,0,0.0,-O2 -sv -assert svaext,+UVM_TESTNAME=auto,r1p2,11,192,40.0,parity_stress_test,parity_stress_seq,APB4+UART
RUN-000846,parity_stress_test-000846,Parity_Stress,APB4,round_robin,4,7,4,even,1500000,64,0,level,25,32,32,100,1,ACTIVE,regression,0,8,0,1,UVM_LOW,0,1,0.0223,-O2 -sv -assert svaext,+UVM_TESTNAME=auto -cm line+tgl,r1p0,4,768,40.0,parity_stress_test,parity_stress_seq,APB4+UART
RUN-000847,dma_burst_test-000847,Dma_Burst,APB3,static,4,2,2,even,115200,8,0,edge,100,32,32,250,3,ACTIVE,regression,0,4,1,1,UVM_MEDIUM,1,0,0.0,-O2 -sv,+UVM_TESTNAME=auto,r2p0,4,96,10.0,dma_burst_test,dma_burst_seq,APB3+UART
RUN-000848,dma_burst_test-000848,Dma_Burst,APB3,round_robin,16,5,1,even,921600,4,0,level,25,32,32,500,1,ACTIVE,functional,0,8,1,1,UVM_LOW,0,1,0.014,-O2 -sv -assert svaext,+UVM_TESTNAME=auto -cm line+tgl,r1p2,9,48,40.0,dma_burst_test,dma_burst_seq,APB3+UART
RUN-000849,reg_sweep_test-000849,Reg_Sweep,APB3,static,8,0,0,none,115200,16,0,edge,25,16,16,100,2,ACTIVE,functional,0,4,0,1,UVM_LOW,0,1,0.033,-O2 -sv,+UVM_TESTNAME=auto,r1p2,9,192,40.0,reg_sweep_test,reg_sweep_seq,APB3+UART
RUN-000850,irq_storm_test-000850,Irq_Storm,APB4,round_robin,8,2,2,none,1500000,8,0,level,200,8,32,500,1,ACTIVE,regression,0,16,1,0,UVM_LOW,0,1,0.0006,-O2 -sv,+UVM_TESTNAME=auto,r2p0,5,96,5.0,irq_storm_test,irq_storm_seq,APB4+UART
RUN-000851,uart_loopback_test-000851,Uart_Loopback,APB4,round_robin,2,5,0,even,921600,4,1,edge,100,32,16,50,2,ACTIVE,functional,0,16,1,1,UVM_LOW,0,0,0.0,-O2 -sv -assert svaext,+UVM_TESTNAME=auto -cm line+tgl,r2p0,8,48,10.0,uart_loopback_test,uart_loopback_seq,APB4+UART
RUN-000852,reset_recovery_test-000852,Reset_Recovery,APB3,static,2,4,4,odd,230400,32,1,edge,50,32,32,250,2,ACTIVE,stress,0,16,1,1,UVM_LOW,0,0,0.0,-O0 -sv -debug,+UVM_TESTNAME=auto,r2p0,11,384,20.0,reset_recovery_test,reset_recovery_seq,APB3+UART
RUN-000853,reg_sweep_test-000853,Reg_Sweep,APB4,static,8,0,1,odd,921600,4,1,edge,25,32,32,50,2,PASSIVE,stress,0,4,0,1,UVM_LOW,0,0,0.0,-O2 -sv -assert svaext,+UVM_TESTNAME=auto,r1p0,11,48,40.0,reg_sweep_test,reg_sweep_seq,APB4+UART
RUN-000854,backpressure_test-000854,Backpressure,APB3,round_robin,16,5,4,odd,1500000,64,1,level,50,32,32,50,2,ACTIVE,regression,0,4,1,0,UVM_LOW,0,0,0.0,-O2 -sv,+UVM_TESTNAME=auto,r2p0,2,768,20.0,backpressure_test,backpressure_seq,APB3+UART
RUN-000855,parity_stress_test-000855,Parity_Stress,APB3,priority,4,2,1,odd,1500000,16,1,edge,50,32,16,250,3,ACTIVE,functional,0,8,1,1,UVM_LOW,1,0,0.0,-O2 -sv -assert svaext,+UVM_TESTNAME=auto -cm line+tgl,r1p2,6,192,20.0,parity_stress_test,parity_stress_seq,APB3+UART
RUN-000856,parity_stress_test-000856,Parity_Stress,APB4,round_robin,16,2,1,none,1500000,16,1,level,50,16,32,250,1,ACTIVE,stress,1,8,1,1,UVM_HIGH,0,1,0.0262,-O0 -sv -debug,+UVM_TESTNAME=auto -cm line+tgl,r1p0,0,192,20.0,parity_stress_test,parity_stress_seq,APB4+UART
RUN-000857,reset_recovery_test-000857,Reset_Recovery,APB3,round_robin,16,1,4,odd,115200,8,1,edge,50,8,32,100,3,ACTIVE,stress,0,16,0,1,UVM_HIGH,1,0,0.0,-O2 -sv -assert svaext,+UVM_TESTNAME=auto,r2p0,3,96,20.0,reset_recovery_test,reset_recovery_seq,APB3+UART
RUN-000858,reg_sweep_test-000858,Reg_Sweep,APB4,round_robin,8,6,0,even,1500000,8,0,level,100,32,16,250,2,ACTIVE,stress,0,8,0,1,UVM_LOW,0,0,0.0,-O2 -sv -assert svaext,+UVM_TESTNAME=auto,r2p0,2,96,10.0,reg_sweep_test,reg_sweep_seq,APB4+UART
RUN-000859,reg_sweep_test-000859,Reg_Sweep,APB3,round_robin,8,4,2,odd,115200,32,1,edge,50,16,32,50,1,ACTIVE,stress,0,8,1,1,UVM_LOW,0,1,0.0063,-O2 -sv,+UVM_TESTNAME=auto -cm line+tgl,r1p0,3,384,20.0,reg_sweep_test,reg_sweep_seq,APB3+UART
RUN-000860,reset_recovery_test-000860,Reset_Recovery,APB3,priority,2,2,0,even,921600,32,0,level,100,8,16,50,2,ACTIVE,regression,1,4,1,1,UVM_LOW,0,0,0.0,-O2 -sv,+UVM_TESTNAME=auto -cm line+tgl,r1p2,11,384,10.0,reset_recovery_test,reset_recovery_seq,APB3+UART
RUN-000861,reg_sweep_test-000861,Reg_Sweep,APB4,round_robin,2,4,2,even,921600,32,0,level,100,16,16,50,1,ACTIVE,stress,0,4,1,0,UVM_LOW,0,0,0.0,-O2 -sv,+UVM_TESTNAME=auto,r1p0,5,384,10.0,reg_sweep_test,reg_sweep_seq,APB4+UART
RUN-000862,parity_stress_test-000862,Parity_Stress,APB3,round_robin,4,2,4,odd,921600,32,0,level,100,16,16,50,3,ACTIVE,regression,0,16,1,1,UVM_LOW,0,1,0.0226,-O2 -sv -assert svaext,+UVM_TESTNAME=auto -cm line+tgl,r1p0,9,384,10.0,parity_stress_test,parity_stress_seq,APB3+UART
RUN-000863,uart_loopback_test-000863,Uart_Loopback,APB3,priority,2,0,0,even,921600,16,1,level,200,32,32,100,2,ACTIVE,functional,0,8,1,1,UVM_HIGH,1,1,0.0338,-O2 -sv -assert svaext,+UVM_TESTNAME=auto -cm line+tgl,r1p0,7,192,5.0,uart_loopback_test,uart_loopback_seq,APB3+UART
RUN-000864,uart_loopback_test-000864,Uart_Loopback,APB3,round_robin,4,6,4,none,921600,16,1,level,100,8,32,50,1,ACTIVE,functional,1,8,0,1,UVM_LOW,0,0,0.0,-O2 -sv,+UVM_TESTNAME=auto -cm line+tgl,r1p0,10,192,10.0,uart_loopback_test,uart_loopback_seq,APB3+UART
RUN-000865,uart_loopback_test-000865,Uart_Loopback,APB3,static,2,5,4,even,921600,16,1,level,100,16,16,250,1,ACTIVE,stress,0,4,1,1,UVM_HIGH,0,0,0.0,-O2 -sv,+UVM_TESTNAME=auto,r1p2,5,192,10.0,uart_loopback_test,uart_loopback_seq,APB3+UART
RUN-000866,dma_burst_test-000866,Dma_Burst,APB4,round_robin,2,6,2,odd,230400,16,0,level,200,8,16,250,2,PASSIVE,functional,0,8,1,1,UVM_MEDIUM,0,1,0.0177,-O0 -sv -debug,+UVM_TESTNAME=auto,r1p2,1,192,5.0,dma_burst_test,dma_burst_seq,APB4+UART
RUN-000867,reset_recovery_test-000867,Reset_Recovery,APB4,static,8,7,2,odd,230400,4,0,level,200,16,32,50,2,ACTIVE,functional,0,4,1,1,UVM_LOW,0,0,0.0,-O2 -sv -assert svaext,+UVM_TESTNAME=auto -cm line+tgl,r2p0,8,48,5.0,reset_recovery_test,reset_recovery_seq,APB4+UART
RUN-000868,uart_loopback_test-000868,Uart_Loopback,APB3,priority,2,0,0,odd,115200,16,0,edge,100,32,32,50,2,ACTIVE,functional,0,8,1,1,UVM_LOW,1,1,0.0341,-O2 -sv,+UVM_TESTNAME=auto -cm line+tgl,r1p2,5,192,10.0,uart_loopback_test,uart_loopback_seq,APB3+UART
RUN-000869,irq_storm_test-000869,Irq_Storm,APB3,round_robin,2,3,0,even,921600,16,1,level,50,16,32,250,2,ACTIVE,stress,0,4,1,1,UVM_LOW,0,0,0.0,-O2 -sv,+UVM_TESTNAME=auto,r1p2,10,192,20.0,irq_storm_test,irq_storm_seq,APB3+UART
RUN-000870,uart_loopback_test-000870,Uart_Loopback,APB4,round_robin,4,2,0,none,115200,32,1,level,25,16,32,50,3,ACTIVE,functional,0,4,1,1,UVM_LOW,1,0,0.0,-O2 -sv,+UVM_TESTNAME=auto -cm line+tgl,r1p0,7,384,40.0,uart_loopback_test,uart_loopback_seq,APB4+UART
RUN-000871,parity_stress_test-000871,Parity_Stress,APB3,static,2,5,1,odd,115200,4,0,level,200,16,32,250,2,ACTIVE,functional,0,8,1,1,UVM_LOW,0,0,0.0,-O2 -sv,+UVM_TESTNAME=auto -cm line+tgl,r1p2,6,48,5.0,parity_stress_test,parity_stress_seq,APB3+UART
RUN-000872,reset_recovery_test-000872,Reset_Recovery,APB4,static,2,1,1,none,230400,16,1,edge,50,32,32,250,2,ACTIVE,regression,0,16,0,1,UVM_HIGH,0,0,0.0,-O2 -sv,+UVM_TESTNAME=auto,r1p0,0,192,20.0,reset_recovery_test,reset_recovery_seq,APB4+UART
RUN-000873,irq_storm_test-000873,Irq_Storm,APB4,priority,4,5,0,odd,460800,4,0,level,200,16,32,250,2,ACTIVE,regression,0,4,0,1,UVM_LOW,1,1,0.019,-O2 -sv,+UVM_TESTNAME=auto -cm line+tgl,r1p2,9,48,5.0,irq_storm_test,irq_storm_seq,APB4+UART
RUN-000874,uart_loopback_test-000874,Uart_Loopback,APB3,priority,2,3,2,even,460800,8,1,level,100,16,32,250,2,ACTIVE,regression,0,8,1,0,UVM_LOW,1,0,0.0,-O2 -sv,+UVM_TESTNAME=auto -cm line+tgl,r2p0,5,96,10.0,uart_loopback_test,uart_loopback_seq,APB3+UART
RUN-000875,irq_storm_test-000875,Irq_Storm,APB4,static,8,6,1,odd,115200,16,1,edge,25,32,32,500,1,ACTIVE,regression,0,16,0,1,UVM_MEDIUM,0,0,0.0,-O2 -sv,+UVM_TESTNAME=auto,r1p0,7,192,40.0,irq_storm_test,irq_storm_seq,APB4+UART
RUN-000876,backpressure_test-000876,Backpressure,APB3,priority,16,6,1,even,115200,4,0,edge,100,32,16,250,2,ACTIVE,functional,1,4,1,1,UVM_LOW,0,0,0.0,-O2 -sv -assert svaext,+UVM_TESTNAME=auto -cm line+tgl,r2p0,7,48,10.0,backpressure_test,backpressure_seq,APB3+UART
RUN-000877,reg_sweep_test-000877,Reg_Sweep,APB3,round_robin,4,2,0,odd,115200,8,0,level,25,32,16,250,3,ACTIVE,stress,0,8,1,1,UVM_MEDIUM,0,0,0.0,-O2 -sv -assert svaext,+UVM_TESTNAME=auto,r1p2,3,96,40.0,reg_sweep_test,reg_sweep_seq,APB3+UART
RUN-000878,parity_stress_test-000878,Parity_Stress,APB4,static,4,4,0,none,460800,32,1,edge,100,8,32,50,1,ACTIVE,regression,0,4,1,1,UVM_MEDIUM,0,1,0.0097,-O2 -sv -assert svaext,+UVM_TESTNAME=auto -cm line+tgl,r1p2,9,384,10.0,parity_stress_test,parity_stress_seq,APB4+UART
RUN-000879,reg_sweep_test-000879,Reg_Sweep,APB4,priority,2,3,0,odd,460800,16,0,level,100,32,32,50,3,ACTIVE,regression,0,16,1,1,UVM_LOW,1,0,0.0,-O2 -sv,+UVM_TESTNAME=auto,r2p0,3,192,10.0,reg_sweep_test,reg_sweep_seq,APB4+UART
RUN-000880,reg_sweep_test-000880,Reg_Sweep,APB4,static,4,4,1,even,921600,4,0,edge,200,32,32,50,3,ACTIVE,functional,0,4,1,1,UVM_HIGH,0,0,0.0,-O0 -sv -debug,+UVM_TESTNAME=auto,r1p2,0,48,5.0,reg_sweep_test,reg_sweep_seq,APB4+UART
RUN-000881,reset_recovery_test-000881,Reset_Recovery,APB3,round_robin,8,2,1,odd,115200,16,1,edge,100,16,16,100,3,ACTIVE,stress,0,4,0,1,UVM_LOW,0,1,0.018,-O2 -sv -assert svaext,+UVM_TESTNAME=auto,r1p0,9,192,10.0,reset_recovery_test,reset_recovery_seq,APB3+UART
RUN-000882,reg_sweep_test-000882,Reg_Sweep,APB4,priority,8,1,1,none,921600,16,0,edge,200,8,32,50,3,ACTIVE,functional,0,8,1,0,UVM_MEDIUM,0,0,0.0,-O2 -sv -assert svaext,+UVM_TESTNAME=auto,r1p0,10,192,5.0,reg_sweep_test,reg_sweep_seq,APB4+UART
RUN-000883,backpressure_test-000883,Backpressure,APB3,round_robin,8,1,4,none,460800,8,0,edge,25,32,16,250,2,ACTIVE,regression,0,16,1,1,UVM_MEDIUM,1,1,0.014,-O2 -sv -assert svaext,+UVM_TESTNAME=auto,r2p0,1,96,40.0,backpressure_test,backpressure_seq,APB3+UART
RUN-000884,backpressure_test-000884,Backpressure,APB3,round_robin,2,6,2,even,460800,16,1,edge,50,32,16,500,2,PASSIVE,stress,0,4,1,1,UVM_HIGH,1,1,0.0302,-O2 -sv,+UVM_TESTNAME=auto,r1p2,7,192,20.0,backpressure_test,backpressure_seq,APB3+UART
RUN-000885,backpressure_test-000885,Backpressure,APB4,static,4,0,1,none,115200,4,0,edge,50,16,32,250,1,ACTIVE,stress,0,8,0,1,UVM_LOW,0,0,0.0,-O0 -sv -debug,+UVM_TESTNAME=auto,r2p0,5,48,20.0,backpressure_test,backpressure_seq,APB4+UART
RUN-000886,backpressure_test-000886,Backpressure,APB4,static,2,4,0,none,1500000,4,0,edge,100,32,32,500,2,PASSIVE,regression,0,4,1,1,UVM_LOW,1,1,0.0357,-O2 -sv,+UVM_TESTNAME=auto,r1p0,6,48,10.0,backpressure_test,backpressure_seq,APB4+UART
RUN-000887,irq_storm_test-000887,Irq_Storm,APB3,static,8,3,0,even,115200,4,1,edge,25,16,32,250,2,ACTIVE,functional,0,8,0,1,UVM_LOW,1,1,0.0294,-O0 -sv -debug,+UVM_TESTNAME=auto -cm line+tgl,r2p0,5,48,40.0,irq_storm_test,irq_storm_seq,APB3+UART
RUN-000888,uart_loopback_test-000888,Uart_Loopback,APB4,priority,2,4,1,even,230400,16,1,edge,25,32,16,250,3,ACTIVE,functional,0,16,1,1,UVM_LOW,0,1,0.0041,-O2 -sv,+UVM_TESTNAME=auto -cm line+tgl,r1p0,8,192,40.0,uart_loopback_test,uart_loopback_seq,APB4+UART
RUN-000889,dma_burst_test-000889,Dma_Burst,APB3,static,2,7,1,even,1500000,64,1,level,200,32,32,250,1,ACTIVE,regression,0,8,1,1,UVM_MEDIUM,1,0,0.0,-O2 -sv,+UVM_TESTNAME=auto -cm line+tgl,r1p2,8,768,5.0,dma_burst_test,dma_burst_seq,APB3+UART
RUN-000890,backpressure_test-000890,Backpressure,APB3,priority,2,2,4,odd,115200,4,1,level,50,16,32,50,3,ACTIVE,functional,0,4,0,1,UVM_HIGH,0,0,0.0,-O2 -sv,+UVM_TESTNAME=auto,r1p2,11,48,20.0,backpressure_test,backpressure_seq,APB3+UART
RUN-000891,dma_burst_test-000891,Dma_Burst,APB4,static,8,1,2,even,460800,16,0,level,25,8,32,250,2,ACTIVE,stress,0,4,0,1,UVM_MEDIUM,1,1,0.0032,-O2 -sv,+UVM_TESTNAME=auto -cm line+tgl,r1p0,5,192,40.0,dma_burst_test,dma_burst_seq,APB4+UART
RUN-000892,reg_sweep_test-000892,Reg_Sweep,APB3,round_robin,16,4,2,even,460800,8,1,level,100,8,16,250,2,ACTIVE,functional,0,8,1,1,UVM_HIGH,1,1,0.0344,-O2 -sv,+UVM_TESTNAME=auto,r1p2,7,96,10.0,reg_sweep_test,reg_sweep_seq,APB3+UART
RUN-000893,reset_recovery_test-000893,Reset_Recovery,APB3,priority,4,1,1,odd,460800,4,0,edge,50,8,32,500,2,ACTIVE,functional,0,8,1,1,UVM_LOW,1,0,0.0,-O0 -sv -debug,+UVM_TESTNAME=auto,r1p2,3,48,20.0,reset_recovery_test,reset_recovery_seq,APB3+UART
RUN-000894,parity_stress_test-000894,Parity_Stress,APB3,round_robin,2,6,1,odd,230400,16,0,edge,100,32,32,250,2,ACTIVE,regression,1,8,1,0,UVM_LOW,0,1,0.0273,-O0 -sv -debug,+UVM_TESTNAME=auto -cm line+tgl,r1p0,5,192,10.0,parity_stress_test,parity_stress_seq,APB3+UART
RUN-000895,dma_burst_test-000895,Dma_Burst,APB3,round_robin,2,5,0,odd,921600,32,0,level,200,16,16,500,3,ACTIVE,functional,0,4,0,1,UVM_MEDIUM,0,0,0.0,-O2 -sv,+UVM_TESTNAME=auto -cm line+tgl,r1p0,6,384,5.0,dma_burst_test,dma_burst_seq,APB3+UART
RUN-000896,uart_loopback_test-000896,Uart_Loopback,APB4,round_robin,8,1,1,even,115200,32,0,edge,200,32,32,250,2,ACTIVE,functional,0,8,1,1,UVM_HIGH,0,1,0.0027,-O0 -sv -debug,+UVM_TESTNAME=auto -cm line+tgl,r1p2,7,384,5.0,uart_loopback_test,uart_loopback_seq,APB4+UART
RUN-000897,reset_recovery_test-000897,Reset_Recovery,APB4,round_robin,2,0,1,even,115200,16,1,level,50,32,32,250,2,PASSIVE,regression,0,4,1,1,UVM_LOW,1,0,0.0,-O2 -sv -assert svaext,+UVM_TESTNAME=auto,r1p2,6,192,20.0,reset_recovery_test,reset_recovery_seq,APB4+UART
RUN-000898,reg_sweep_test-000898,Reg_Sweep,APB3,round_robin,4,0,2,even,460800,4,0,edge,25,8,32,100,1,ACTIVE,functional,0,4,1,1,UVM_MEDIUM,1,0,0.0,-O0 -sv -debug,+UVM_TESTNAME=auto -cm line+tgl,r1p0,11,48,40.0,reg_sweep_test,reg_sweep_seq,APB3+UART
RUN-000899,irq_storm_test-000899,Irq_Storm,APB3,priority,8,2,0,odd,1500000,16,1,level,50,32,32,500,2,ACTIVE,functional,0,4,1,1,UVM_LOW,0,1,0.0367,-O2 -sv -assert svaext,+UVM_TESTNAME=auto -cm line+tgl,r1p0,11,192,20.0,irq_storm_test,irq_storm_seq,APB3+UART
RUN-000900,irq_storm_test-000900,Irq_Storm,APB3,round_robin,8,0,1,none,115200,16,0,edge,100,16,32,100,1,ACTIVE,functional,1,8,1,1,UVM_MEDIUM,1,1,0.0106,-O2 -sv,+UVM_TESTNAME=auto,r1p0,8,192,10.0,irq_storm_test,irq_storm_seq,APB3+UART
RUN-000901,dma_burst_test-000901,Dma_Burst,APB4,static,4,4,1,odd,921600,8,1,level,50,32,32,50,2,ACTIVE,functional,0,4,0,1,UVM_LOW,0,1,0.0108,-O2 -sv,+UVM_TESTNAME=auto -cm line+tgl,r1p2,3,96,20.0,dma_burst_test,dma_burst_seq,APB4+UART
RUN-000902,backpressure_test-000902,Backpressure,APB3,round_robin,4,4,1,odd,1500000,4,1,edge,50,8,32,100,2,ACTIVE,functional,1,16,1,1,UVM_HIGH,0,0,0.0,-O2 -sv,+UVM_TESTNAME=auto,r2p0,3,48,20.0,backpressure_test,backpressure_seq,APB3+UART
RUN-000903,uart_loopback_test-000903,Uart_Loopback,APB3,priority,2,7,2,odd,230400,16,1,level,50,32,16,100,2,ACTIVE,stress,0,4,1,1,UVM_MEDIUM,0,1,0.0379,-O2 -sv -assert svaext,+UVM_TESTNAME=auto,r1p2,9,192,20.0,uart_loopback_test,uart_loopback_seq,APB3+UART
RUN-000904,parity_stress_test-000904,Parity_Stress,APB3,round_robin,4,6,1,even,230400,4,0,level,25,32,32,250,1,ACTIVE,regression,0,16,1,1,UVM_MEDIUM,1,0,0.0,-O2 -sv -assert svaext,+UVM_TESTNAME=auto -cm line+tgl,r1p0,7,48,40.0,parity_stress_test,parity_stress_seq,APB3+UART
RUN-000905,uart_loopback_test-000905,Uart_Loopback,APB3,priority,4,6,2,odd,230400,16,0,level,25,16,16,100,2,ACTIVE,regression,0,8,1,0,UVM_MEDIUM,0,0,0.0,-O2 -sv -assert svaext,+UVM_TESTNAME=auto -cm line+tgl,r1p2,0,192,40.0,uart_loopback_test,uart_loopback_seq,APB3+UART
RUN-000906,reg_sweep_test-000906,Reg_Sweep,APB4,priority,2,1,0,odd,230400,4,1,level,200,32,32,50,2,ACTIVE,functional,0,16,1,1,UVM_MEDIUM,1,0,0.0,-O2 -sv -assert svaext,+UVM_TESTNAME=auto,r1p0,11,48,5.0,reg_sweep_test,reg_sweep_seq,APB4+UART
RUN-000907,irq_storm_test-000907,Irq_Storm,APB4,priority,8,3,1,none,460800,16,0,edge,200,32,32,50,1,ACTIVE,regression,0,8,1,1,UVM_MEDIUM,0,0,0.0,-O2 -sv,+UVM_TESTNAME=auto -cm line+tgl,r1p2,3,192,5.0,irq_storm_test,irq_storm_seq,APB4+UART
RUN-000908,irq_storm_test-000908,Irq_Storm,APB3,priority,4,5,2,none,1500000,8,0,edge,50,32,32,100,2,PASSIVE,regression,0,8,0,1,UVM_LOW,1,0,0.0,-O2 -sv -assert svaext,+UVM_TESTNAME=auto,r1p0,4,96,20.0,irq_storm_test,irq_storm_seq,APB3+UART
RUN-000909,irq_storm_test-000909,Irq_Storm,APB3,priority,2,0,1,even,230400,64,0,level,50,16,16,50,3,ACTIVE,functional,1,8,1,1,UVM_LOW,1,0,0.0,-O2 -sv,+UVM_TESTNAME=auto,r2p0,10,768,20.0,irq_storm_test,irq_storm_seq,APB3+UART
RUN-000910,reset_recovery_test-000910,Reset_Recovery,APB3,static,4,6,2,odd,1500000,4,1,level,100,8,32,500,2,ACTIVE,stress,0,4,1,1,UVM_LOW,0,1,0.0383,-O2 -sv -assert svaext,+UVM_TESTNAME=auto -cm line+tgl,r1p2,10,48,10.0,reset_recovery_test,reset_recovery_seq,APB3+UART
RUN-000911,uart_loopback_test-000911,Uart_Loopback,APB3,static,2,2,2,even,460800,16,0,level,25,16,16,250,1,ACTIVE,regression,0,4,1,1,UVM_LOW,0,0,0.0,-O0 -sv -debug,+UVM_TESTNAME=auto -cm line+tgl,r1p2,3,192,40.0,uart_loopback_test,uart_loopback_seq,APB3+UART
RUN-000912,irq_storm_test-000912,Irq_Storm,APB4,round_robin,4,4,0,even,460800,32,1,level,50,16,32,250,2,PASSIVE,functional,0,4,1,1,UVM_MEDIUM,0,0,0.0,-O2 -sv,+UVM_TESTNAME=auto -cm line+tgl,r2p0,8,384,20.0,irq_storm_test,irq_storm_seq,APB4+UART
RUN-000913,reset_recovery_test-000913,Reset_Recovery,APB3,round_robin,2,6,2,even,115200,32,0,level,100,32,32,250,2,ACTIVE,stress,0,16,1,1,UVM_MEDIUM,0,0,0.0,-O2 -sv,+UVM_TESTNAME=auto -cm line+tgl,r2p0,5,384,10.0,reset_recovery_test,reset_recovery_seq,APB3+UART
RUN-000914,uart_loopback_test-000914,Uart_Loopback,APB3,round_robin,4,3,0,none,115200,32,1,level,100,32,32,100,1,ACTIVE,functional,0,4,1,1,UVM_MEDIUM,0,1,0.0091,-O2 -sv,+UVM_TESTNAME=auto -cm line+tgl,r1p0,11,384,10.0,uart_loopback_test,uart_loopback_seq,APB3+UART
RUN-000915,parity_stress_test-000915,Parity_Stress,APB3,round_robin,4,3,2,even,460800,16,0,edge,50,16,16,100,3,ACTIVE,stress,0,8,1,1,UVM_LOW,0,0,0.0,-O2 -sv -assert svaext,+UVM_TESTNAME=auto -cm line+tgl,r1p0,3,192,20.0,parity_stress_test,parity_stress_seq,APB3+UART
RUN-000916,parity_stress_test-000916,Parity_Stress,APB3,static,8,1,1,odd,1500000,32,1,level,25,32,32,50,2,ACTIVE,functional,0,16,1,1,UVM_HIGH,0,0,0.0,-O2 -sv,+UVM_TESTNAME=auto -cm line+tgl,r1p2,8,384,40.0,parity_stress_test,parity_stress_seq,APB3+UART
RUN-000917,reg_sweep_test-000917,Reg_Sweep,APB4,priority,8,2,0,none,115200,64,1,level,25,16,32,500,2,ACTIVE,stress,0,4,1,1,UVM_MEDIUM,0,0,0.0,-O2 -sv,+UVM_TESTNAME=auto,r1p2,10,768,40.0,reg_sweep_test,reg_sweep_seq,APB4+UART
RUN-000918,parity_stress_test-000918,Parity_Stress,APB4,priority,16,7,4,none,460800,4,1,edge,50,32,32,50,2,ACTIVE,stress,1,8,1,1,UVM_HIGH,0,0,0.0,-O2 -sv -assert svaext,+UVM_TESTNAME=auto -cm line+tgl,r2p0,7,48,20.0,parity_stress_test,parity_stress_seq,APB4+UART
RUN-000919,irq_storm_test-000919,Irq_Storm,APB4,static,8,2,2,odd,921600,32,0,edge,100,32,32,500,2,ACTIVE,regression,0,4,1,1,UVM_LOW,0,1,0.0148,-O0 -sv -debug,+UVM_TESTNAME=auto -cm line+tgl,r1p2,4,384,10.0,irq_storm_test,irq_storm_seq,APB4+UART
RUN-000920,reg_sweep_test-000920,Reg_Sweep,APB4,round_robin,4,4,0,none,115200,32,1,level,50,8,32,50,1,ACTIVE,stress,0,8,1,1,UVM_LOW,1,1,0.0005,-O2 -sv -assert svaext,+UVM_TESTNAME=auto -cm line+tgl,r1p0,1,384,20.0,reg_sweep_test,reg_sweep_seq,APB4+UART
RUN-000921,parity_stress_test-000921,Parity_Stress,APB3,round_robin,2,4,0,none,921600,64,0,level,200,8,16,50,2,ACTIVE,stress,0,4,1,1,UVM_MEDIUM,0,1,0.0146,-O2 -sv,+UVM_TESTNAME=auto -cm line+tgl,r1p0,10,768,5.0,parity_stress_test,parity_stress_seq,APB3+UART
RUN-000922,dma_burst_test-000922,Dma_Burst,APB3,priority,2,4,1,odd,921600,8,1,level,100,32,16,100,1,ACTIVE,functional,1,8,1,1,UVM_LOW,1,1,0.0154,-O0 -sv -debug,+UVM_TESTNAME=auto,r1p0,5,96,10.0,dma_burst_test,dma_burst_seq,APB3+UART
RUN-000923,backpressure_test-000923,Backpressure,APB4,static,4,7,0,odd,460800,16,1,level,200,32,32,100,2,ACTIVE,functional,0,4,0,1,UVM_LOW,0,1,0.0075,-O2 -sv,+UVM_TESTNAME=auto,r2p0,2,192,5.0,backpressure_test,backpressure_seq,APB4+UART
RUN-000924,reg_sweep_test-000924,Reg_Sweep,APB3,static,16,4,2,none,230400,32,1,level,50,32,32,50,1,ACTIVE,functional,0,8,1,1,UVM_LOW,0,1,0.0116,-O2 -sv,+UVM_TESTNAME=auto,r1p2,10,384,20.0,reg_sweep_test,reg_sweep_seq,APB3+UART
RUN-000925,parity_stress_test-000925,Parity_Stress,APB3,round_robin,4,0,1,none,921600,8,0,edge,100,32,32,50,2,ACTIVE,functional,1,16,1,1,UVM_LOW,1,0,0.0,-O2 -sv,+UVM_TESTNAME=auto,r1p0,6,96,10.0,parity_stress_test,parity_stress_seq,APB3+UART
RUN-000926,irq_storm_test-000926,Irq_Storm,APB3,priority,4,0,4,even,230400,16,1,edge,200,32,32,500,1,ACTIVE,functional,0,16,1,1,UVM_LOW,0,0,0.0,-O0 -sv -debug,+UVM_TESTNAME=auto,r2p0,2,192,5.0,irq_storm_test,irq_storm_seq,APB3+UART
RUN-000927,reset_recovery_test-000927,Reset_Recovery,APB4,round_robin,2,5,0,odd,460800,64,1,edge,100,32,32,250,2,ACTIVE,stress,0,8,1,1,UVM_MEDIUM,0,1,0.0391,-O0 -sv -debug,+UVM_TESTNAME=auto -cm line+tgl,r2p0,2,768,10.0,reset_recovery_test,reset_recovery_seq,APB4+UART
RUN-000928,reg_sweep_test-000928,Reg_Sweep,APB3,round_robin,2,0,0,odd,460800,4,0,level,100,16,32,250,1,ACTIVE,stress,0,16,1,1,UVM_MEDIUM,1,1,0.0318,-O2 -sv,+UVM_TESTNAME=auto,r2p0,2,48,10.0,reg_sweep_test,reg_sweep_seq,APB3+UART
RUN-000929,reset_recovery_test-000929,Reset_Recovery,APB4,round_robin,8,6,1,none,115200,64,0,level,100,32,16,250,2,ACTIVE,functional,1,4,1,1,UVM_MEDIUM,1,1,0.0278,-O0 -sv -debug,+UVM_TESTNAME=auto -cm line+tgl,r1p2,1,768,10.0,reset_recovery_test,reset_recovery_seq,APB4+UART
RUN-000930,irq_storm_test-000930,Irq_Storm,APB3,static,2,3,2,none,230400,16,1,level,25,8,32,250,1,ACTIVE,stress,0,8,1,1,UVM_LOW,0,1,0.0204,-O2 -sv -assert svaext,+UVM_TESTNAME=auto,r2p0,9,192,40.0,irq_storm_test,irq_storm_seq,APB3+UART
RUN-000931,dma_burst_test-000931,Dma_Burst,APB3,round_robin,2,6,0,odd,230400,32,1,edge,100,32,32,500,3,ACTIVE,stress,0,8,1,1,UVM_MEDIUM,0,0,0.0,-O2 -sv,+UVM_TESTNAME=auto,r2p0,1,384,10.0,dma_burst_test,dma_burst_seq,APB3+UART
RUN-000932,dma_burst_test-000932,Dma_Burst,APB4,priority,16,0,4,none,230400,64,0,edge,200,32,32,250,1,ACTIVE,stress,1,16,1,1,UVM_HIGH,0,0,0.0,-O2 -sv -assert svaext,+UVM_TESTNAME=auto,r1p2,11,768,5.0,dma_burst_test,dma_burst_seq,APB4+UART
RUN-000933,parity_stress_test-000933,Parity_Stress,APB4,priority,4,4,2,odd,460800,32,0,level,100,8,16,50,3,ACTIVE,stress,0,4,1,1,UVM_MEDIUM,0,0,0.0,-O2 -sv -assert svaext,+UVM_TESTNAME=auto,r1p0,2,384,10.0,parity_stress_test,parity_stress_seq,APB4+UART
RUN-000934,dma_burst_test-000934,Dma_Burst,APB3,round_robin,16,0,1,odd,921600,16,0,edge,100,16,32,100,2,ACTIVE,functional,0,4,1,0,UVM_MEDIUM,0,1,0.0096,-O0 -sv -debug,+UVM_TESTNAME=auto -cm line+tgl,r2p0,4,192,10.0,dma_burst_test,dma_burst_seq,APB3+UART
RUN-000935,parity_stress_test-000935,Parity_Stress,APB3,round_robin,8,3,1,even,921600,16,1,level,25,8,32,500,1,ACTIVE,regression,0,8,1,1,UVM_MEDIUM,0,1,0.0317,-O0 -sv -debug,+UVM_TESTNAME=auto,r2p0,3,192,40.0,parity_stress_test,parity_stress_seq,APB3+UART
RUN-000936,dma_burst_test-000936,Dma_Burst,APB4,priority,4,4,1,none,230400,32,1,level,50,32,32,100,1,PASSIVE,stress,1,16,1,1,UVM_LOW,0,1,0.0166,-O2 -sv,+UVM_TESTNAME=auto,r1p2,11,384,20.0,dma_burst_test,dma_burst_seq,APB4+UART
RUN-000937,irq_storm_test-000937,Irq_Storm,APB4,static,8,6,4,odd,921600,8,0,level,100,32,32,500,3,ACTIVE,functional,0,8,0,1,UVM_MEDIUM,0,0,0.0,-O2 -sv,+UVM_TESTNAME=auto,r1p0,10,96,10.0,irq_storm_test,irq_storm_seq,APB4+UART
RUN-000938,reset_recovery_test-000938,Reset_Recovery,APB3,round_robin,8,0,0,none,115200,8,0,level,200,32,32,250,2,PASSIVE,regression,1,4,1,1,UVM_HIGH,0,0,0.0,-O2 -sv,+UVM_TESTNAME=auto,r1p2,7,96,5.0,reset_recovery_test,reset_recovery_seq,APB3+UART
RUN-000939,reset_recovery_test-000939,Reset_Recovery,APB3,priority,2,3,1,odd,921600,16,0,level,100,32,32,500,1,ACTIVE,stress,0,4,1,1,UVM_LOW,1,0,0.0,-O2 -sv -assert svaext,+UVM_TESTNAME=auto -cm line+tgl,r2p0,6,192,10.0,reset_recovery_test,reset_recovery_seq,APB3+UART
RUN-000940,backpressure_test-000940,Backpressure,APB4,round_robin,8,4,2,odd,921600,16,0,edge,50,8,16,500,3,ACTIVE,functional,0,4,1,1,UVM_HIGH,0,0,0.0,-O2 -sv -assert svaext,+UVM_TESTNAME=auto,r1p0,3,192,20.0,backpressure_test,backpressure_seq,APB4+UART
RUN-000941,uart_loopback_test-000941,Uart_Loopback,APB4,static,16,6,2,odd,115200,8,1,edge,100,32,32,250,2,ACTIVE,functional,0,16,0,0,UVM_LOW,0,0,0.0,-O2 -sv,+UVM_TESTNAME=auto -cm line+tgl,r1p2,1,96,10.0,uart_loopback_test,uart_loopback_seq,APB4+UART
RUN-000942,backpressure_test-000942,Backpressure,APB4,round_robin,4,6,1,odd,230400,64,1,level,200,16,16,250,1,ACTIVE,functional,0,8,1,1,UVM_LOW,1,0,0.0,-O2 -sv -assert svaext,+UVM_TESTNAME=auto -cm line+tgl,r1p0,9,768,5.0,backpressure_test,backpressure_seq,APB4+UART
RUN-000943,uart_loopback_test-000943,Uart_Loopback,APB4,priority,2,3,2,even,115200,32,0,level,100,8,32,100,1,ACTIVE,regression,0,16,1,0,UVM_LOW,1,0,0.0,-O2 -sv,+UVM_TESTNAME=auto,r1p2,0,384,10.0,uart_loopback_test,uart_loopback_seq,APB4+UART
RUN-000944,dma_burst_test-000944,Dma_Burst,APB3,static,2,7,1,none,921600,8,1,edge,200,16,32,250,3,ACTIVE,stress,0,8,1,1,UVM_LOW,1,1,0.0046,-O2 -sv,+UVM_TESTNAME=auto,r2p0,0,96,5.0,dma_burst_test,dma_burst_seq,APB3+UART
RUN-000945,uart_loopback_test-000945,Uart_Loopback,APB4,priority,4,1,2,none,460800,32,1,level,50,16,32,50,1,PASSIVE,regression,0,4,0,1,UVM_LOW,1,0,0.0,-O2 -sv,+UVM_TESTNAME=auto -cm line+tgl,r1p2,7,384,20.0,uart_loopback_test,uart_loopback_seq,APB4+UART
RUN-000946,reset_recovery_test-000946,Reset_Recovery,APB3,round_robin,2,1,0,odd,115200,8,1,edge,25,32,32,50,2,ACTIVE,functional,0,4,1,0,UVM_MEDIUM,0,1,0.0247,-O2 -sv -assert svaext,+UVM_TESTNAME=auto -cm line+tgl,r1p2,1,96,40.0,reset_recovery_test,reset_recovery_seq,APB3+UART
RUN-000947,reset_recovery_test-000947,Reset_Recovery,APB4,round_robin,4,7,2,none,460800,16,1,level,25,8,32,50,1,PASSIVE,functional,0,4,1,1,UVM_LOW,0,1,0.0281,-O2 -sv,+UVM_TESTNAME=auto,r2p0,3,192,40.0,reset_recovery_test,reset_recovery_seq,APB4+UART
RUN-000948,dma_burst_test-000948,Dma_Burst,APB3,priority,4,6,1,odd,460800,8,0,edge,25,32,16,100,2,ACTIVE,stress,0,16,0,1,UVM_HIGH,0,1,0.0375,-O2 -sv,+UVM_TESTNAME=auto,r1p2,10,96,40.0,dma_burst_test,dma_burst_seq,APB3+UART
RUN-000949,parity_stress_test-000949,Parity_Stress,APB4,priority,2,0,2,odd,1500000,8,1,level,100,16,16,250,2,PASSIVE,stress,0,4,0,1,UVM_LOW,0,0,0.0,-O2 -sv,+UVM_TESTNAME=auto,r2p0,9,96,10.0,parity_stress_test,parity_stress_seq,APB4+UART
RUN-000950,irq_storm_test-000950,Irq_Storm,APB4,priority,8,1,4,none,1500000,32,1,level,200,32,32,100,1,PASSIVE,functional,0,4,1,1,UVM_LOW,0,0,0.0,-O2 -sv,+UVM_TESTNAME=auto -cm line+tgl,r1p0,5,384,5.0,irq_storm_test,irq_storm_seq,APB4+UART
RUN-000951,irq_storm_test-000951,Irq_Storm,APB4,priority,4,5,4,even,230400,64,1,level,50,32,32,100,2,ACTIVE,functional,1,16,1,0,UVM_LOW,0,0,0.0,-O2 -sv,+UVM_TESTNAME=auto -cm line+tgl,r1p2,4,768,20.0,irq_storm_test,irq_storm_seq,APB4+UART
RUN-000952,reg_sweep_test-000952,Reg_Sweep,APB4,round_robin,4,3,1,none,921600,16,0,level,25,32,32,500,2,ACTIVE,functional,1,4,1,1,UVM_LOW,0,1,0.0306,-O0 -sv -debug,+UVM_TESTNAME=auto -cm line+tgl,r2p0,3,192,40.0,reg_sweep_test,reg_sweep_seq,APB4+UART
RUN-000953,dma_burst_test-000953,Dma_Burst,APB4,round_robin,4,1,1,none,115200,32,1,edge,50,32,32,50,3,ACTIVE,stress,0,16,1,1,UVM_LOW,0,0,0.0,-O2 -sv -assert svaext,+UVM_TESTNAME=auto,r2p0,10,384,20.0,dma_burst_test,dma_burst_seq,APB4+UART
RUN-000954,backpressure_test-000954,Backpressure,APB3,priority,4,6,2,none,921600,16,1,edge,50,32,32,50,2,ACTIVE,functional,0,8,0,1,UVM_LOW,0,1,0.011,-O0 -sv -debug,+UVM_TESTNAME=auto -cm line+tgl,r1p2,1,192,20.0,backpressure_test,backpressure_seq,APB3+UART
RUN-000955,reset_recovery_test-000955,Reset_Recovery,APB4,static,2,6,0,odd,230400,64,1,edge,50,16,32,500,2,ACTIVE,functional,0,8,1,1,UVM_HIGH,0,0,0.0,-O2 -sv -assert svaext,+UVM_TESTNAME=auto -cm line+tgl,r1p0,7,768,20.0,reset_recovery_test,reset_recovery_seq,APB4+UART
RUN-000956,reg_sweep_test-000956,Reg_Sweep,APB3,static,2,7,2,odd,115200,32,1,level,100,16,32,250,3,ACTIVE,stress,0,8,1,1,UVM_MEDIUM,0,1,0.035,-O2 -sv -assert svaext,+UVM_TESTNAME=auto,r1p2,9,384,10.0,reg_sweep_test,reg_sweep_seq,APB3+UART
RUN-000957,backpressure_test-000957,Backpressure,APB3,round_robin,8,7,2,none,921600,32,1,edge,50,16,32,250,2,ACTIVE,regression,0,4,1,1,UVM_MEDIUM,0,0,0.0,-O2 -sv,+UVM_TESTNAME=auto,r1p0,11,384,20.0,backpressure_test,backpressure_seq,APB3+UART
RUN-000958,reset_recovery_test-000958,Reset_Recovery,APB4,round_robin,4,3,4,none,230400,4,1,edge,100,32,16,500,2,ACTIVE,stress,1,16,1,1,UVM_MEDIUM,0,0,0.0,-O0 -sv -debug,+UVM_TESTNAME=auto -cm line+tgl,r1p2,1,48,10.0,reset_recovery_test,reset_recovery_seq,APB4+UART
RUN-000959,reset_recovery_test-000959,Reset_Recovery,APB3,static,4,5,0,odd,230400,32,0,level,100,32,16,100,1,ACTIVE,regression,0,4,0,0,UVM_MEDIUM,0,0,0.0,-O0 -sv -debug,+UVM_TESTNAME=auto -cm line+tgl,r1p0,7,384,10.0,reset_recovery_test,reset_recovery_seq,APB3+UART
RUN-000960,reg_sweep_test-000960,Reg_Sweep,APB3,priority,2,1,1,even,115200,16,1,edge,50,32,16,100,1,PASSIVE,functional,0,16,1,1,UVM_LOW,0,0,0.0,-O0 -sv -debug,+UVM_TESTNAME=auto,r1p0,8,192,20.0,reg_sweep_test,reg_sweep_seq,APB3+UART
RUN-000961,irq_storm_test-000961,Irq_Storm,APB3,priority,4,6,2,even,115200,32,0,level,100,16,16,100,2,ACTIVE,functional,1,8,1,1,UVM_LOW,0,1,0.0292,-O2 -sv -assert svaext,+UVM_TESTNAME=auto -cm line+tgl,r2p0,2,384,10.0,irq_storm_test,irq_storm_seq,APB3+UART
RUN-000962,uart_loopback_test-000962,Uart_Loopback,APB4,round_robin,4,5,1,none,1500000,32,1,level,100,8,32,250,1,ACTIVE,regression,0,4,1,1,UVM_LOW,1,1,0.0056,-O2 -sv -assert svaext,+UVM_TESTNAME=auto,r1p2,1,384,10.0,uart_loopback_test,uart_loopback_seq,APB4+UART
RUN-000963,irq_storm_test-000963,Irq_Storm,APB4,round_robin,8,5,0,even,921600,16,0,level,25,32,32,500,2,ACTIVE,regression,1,8,0,1,UVM_MEDIUM,0,1,0.004,-O2 -sv,+UVM_TESTNAME=auto,r2p0,0,192,40.0,irq_storm_test,irq_storm_seq,APB4+UART
RUN-000964,backpressure_test-000964,Backpressure,APB4,static,4,7,1,odd,230400,16,1,edge,200,16,32,50,2,ACTIVE,stress,0,8,1,1,UVM_MEDIUM,0,0,0.0,-O2 -sv -assert svaext,+UVM_TESTNAME=auto,r1p0,9,192,5.0,backpressure_test,backpressure_seq,APB4+UART
RUN-000965,uart_loopback_test-000965,Uart_Loopback,APB4,round_robin,4,3,2,even,115200,16,0,level,50,8,32,50,1,ACTIVE,regression,0,4,1,1,UVM_HIGH,0,0,0.0,-O2 -sv,+UVM_TESTNAME=auto,r2p0,11,192,20.0,uart_loopback_test,uart_loopback_seq,APB4+UART
RUN-000966,reg_sweep_test-000966,Reg_Sweep,APB4,static,8,7,1,odd,921600,32,1,level,100,8,32,250,2,ACTIVE,functional,0,4,0,1,UVM_LOW,0,0,0.0,-O2 -sv -assert svaext,+UVM_TESTNAME=auto,r1p0,8,384,10.0,reg_sweep_test,reg_sweep_seq,APB4+UART
RUN-000967,backpressure_test-000967,Backpressure,APB4,round_robin,16,2,4,even,230400,8,0,level,100,32,32,250,2,ACTIVE,regression,0,8,1,1,UVM_LOW,1,0,0.0,-O2 -sv,+UVM_TESTNAME=auto -cm line+tgl,r1p2,5,96,10.0,backpressure_test,backpressure_seq,APB4+UART
RUN-000968,reset_recovery_test-000968,Reset_Recovery,APB4,round_robin,4,2,2,none,921600,16,0,level,100,16,32,250,2,ACTIVE,regression,0,16,1,1,UVM_MEDIUM,1,1,0.0132,-O2 -sv,+UVM_TESTNAME=auto,r1p0,9,192,10.0,reset_recovery_test,reset_recovery_seq,APB4+UART
RUN-000969,reg_sweep_test-000969,Reg_Sweep,APB4,round_robin,2,2,0,even,921600,64,0,level,100,16,32,100,3,ACTIVE,regression,1,4,1,0,UVM_MEDIUM,0,0,0.0,-O2 -sv,+UVM_TESTNAME=auto,r2p0,10,768,10.0,reg_sweep_test,reg_sweep_seq,APB4+UART
RUN-000970,dma_burst_test-000970,Dma_Burst,APB3,round_robin,2,2,1,even,921600,16,1,level,100,16,32,50,2,ACTIVE,functional,1,16,1,1,UVM_HIGH,0,0,0.0,-O2 -sv -assert svaext,+UVM_TESTNAME=auto,r1p2,8,192,10.0,dma_burst_test,dma_burst_seq,APB3+UART
RUN-000971,uart_loopback_test-000971,Uart_Loopback,APB3,priority,8,0,1,even,921600,32,0,level,25,32,16,250,1,ACTIVE,functional,0,4,0,1,UVM_MEDIUM,0,0,0.0,-O2 -sv,+UVM_TESTNAME=auto -cm line+tgl,r1p2,9,384,40.0,uart_loopback_test,uart_loopback_seq,APB3+UART
RUN-000972,uart_loopback_test-000972,Uart_Loopback,APB4,round_robin,4,6,0,even,115200,16,0,edge,25,32,16,250,3,ACTIVE,stress,0,8,0,0,UVM_MEDIUM,1,1,0.0392,-O2 -sv,+UVM_TESTNAME=auto -cm line+tgl,r1p0,4,192,40.0,uart_loopback_test,uart_loopback_seq,APB4+UART
RUN-000973,dma_burst_test-000973,Dma_Burst,APB3,priority,8,0,4,none,230400,32,0,edge,200,32,32,50,1,PASSIVE,regression,0,8,0,1,UVM_LOW,1,0,0.0,-O2 -sv,+UVM_TESTNAME=auto,r2p0,0,384,5.0,dma_burst_test,dma_burst_seq,APB3+UART
RUN-000974,backpressure_test-000974,Backpressure,APB3,round_robin,4,3,4,even,230400,64,1,level,100,32,32,100,2,ACTIVE,functional,0,8,1,1,UVM_LOW,0,0,0.0,-O2 -sv -assert svaext,+UVM_TESTNAME=auto,r1p2,9,768,10.0,backpressure_test,backpressure_seq,APB3+UART
RUN-000975,parity_stress_test-000975,Parity_Stress,APB3,round_robin,8,0,0,odd,460800,32,1,edge,25,16,32,500,2,ACTIVE,stress,0,4,1,1,UVM_MEDIUM,0,1,0.0202,-O2 -sv,+UVM_TESTNAME=auto -cm line+tgl,r1p2,6,384,40.0,parity_stress_test,parity_stress_seq,APB3+UART
RUN-000976,backpressure_test-000976,Backpressure,APB4,static,2,0,0,even,1500000,4,1,level,200,16,32,100,2,ACTIVE,functional,0,4,1,1,UVM_LOW,0,1,0.0272,-O2 -sv -assert svaext,+UVM_TESTNAME=auto,r1p2,2,48,5.0,backpressure_test,backpressure_seq,APB4+UART
RUN-000977,irq_storm_test-000977,Irq_Storm,APB4,round_robin,16,1,2,none,230400,32,1,edge,100,32,32,50,1,ACTIVE,stress,0,16,1,1,UVM_MEDIUM,0,0,0.0,-O0 -sv -debug,+UVM_TESTNAME=auto,r1p0,6,384,10.0,irq_storm_test,irq_storm_seq,APB4+UART
RUN-000978,dma_burst_test-000978,Dma_Burst,APB3,round_robin,16,0,0,odd,1500000,4,1,edge,25,16,32,100,2,ACTIVE,functional,0,4,1,0,UVM_LOW,0,0,0.0,-O2 -sv -assert svaext,+UVM_TESTNAME=auto -cm line+tgl,r1p2,5,48,40.0,dma_burst_test,dma_burst_seq,APB3+UART
RUN-000979,reset_recovery_test-000979,Reset_Recovery,APB4,priority,2,7,2,odd,115200,32,0,edge,100,32,32,50,2,ACTIVE,functional,1,16,1,1,UVM_MEDIUM,0,0,0.0,-O0 -sv -debug,+UVM_TESTNAME=auto,r1p0,6,384,10.0,reset_recovery_test,reset_recovery_seq,APB4+UART
RUN-000980,parity_stress_test-000980,Parity_Stress,APB4,round_robin,8,6,4,odd,230400,8,1,edge,100,8,16,50,3,ACTIVE,functional,0,16,0,1,UVM_MEDIUM,1,1,0.0353,-O2 -sv -assert svaext,+UVM_TESTNAME=auto,r2p0,11,96,10.0,parity_stress_test,parity_stress_seq,APB4+UART
RUN-000981,parity_stress_test-000981,Parity_Stress,APB4,static,8,5,1,odd,230400,4,1,level,50,32,32,50,2,PASSIVE,stress,0,8,1,1,UVM_HIGH,0,0,0.0,-O0 -sv -debug,+UVM_TESTNAME=auto -cm line+tgl,r1p0,4,48,20.0,parity_stress_test,parity_stress_seq,APB4+UART
RUN-000982,irq_storm_test-000982,Irq_Storm,APB4,round_robin,8,5,1,odd,115200,8,1,edge,50,8,32,50,2,ACTIVE,functional,0,4,1,1,UVM_LOW,0,1,0.0148,-O2 -sv,+UVM_TESTNAME=auto,r1p2,5,96,20.0,irq_storm_test,irq_storm_seq,APB4+UART
RUN-000983,reg_sweep_test-000983,Reg_Sweep,APB3,round_robin,4,7,0,even,115200,4,0,edge,200,32,32,50,3,ACTIVE,functional,0,8,1,1,UVM_MEDIUM,0,1,0.0157,-O2 -sv -assert svaext,+UVM_TESTNAME=auto,r1p2,9,48,5.0,reg_sweep_test,reg_sweep_seq,APB3+UART
RUN-000984,uart_loopback_test-000984,Uart_Loopback,APB3,static,4,0,0,even,230400,32,1,level,50,32,32,500,2,PASSIVE,regression,0,16,1,1,UVM_LOW,0,1,0.0358,-O2 -sv,+UVM_TESTNAME=auto -cm line+tgl,r1p2,0,384,20.0,uart_loopback_test,uart_loopback_seq,APB3+UART
RUN-000985,parity_stress_test-000985,Parity_Stress,APB3,static,8,6,0,none,115200,16,1,level,100,32,32,250,1,ACTIVE,functional,0,8,0,1,UVM_LOW,0,0,0.0,-O2 -sv,+UVM_TESTNAME=auto -cm line+tgl,r1p0,0,192,10.0,parity_stress_test,parity_stress_seq,APB3+UART
RUN-000986,reg_sweep_test-000986,Reg_Sweep,APB4,priority,8,2,0,even,460800,16,0,level,25,8,32,250,1,ACTIVE,functional,0,16,1,1,UVM_MEDIUM,0,0,0.0,-O2 -sv -assert svaext,+UVM_TESTNAME=auto,r1p2,4,192,40.0,reg_sweep_test,reg_sweep_seq,APB4+UART
RUN-000987,uart_loopback_test-000987,Uart_Loopback,APB4,round_robin,2,4,0,odd,1500000,32,1,level,100,16,16,100,3,PASSIVE,stress,0,16,1,1,UVM_MEDIUM,0,1,0.032,-O2 -sv -assert svaext,+UVM_TESTNAME=auto,r2p0,11,384,10.0,uart_loopback_test,uart_loopback_seq,APB4+UART
RUN-000988,backpressure_test-000988,Backpressure,APB3,round_robin,8,1,0,odd,921600,64,1,edge,25,32,32,100,2,ACTIVE,stress,1,8,1,0,UVM_LOW,0,1,0.0337,-O2 -sv -assert svaext,+UVM_TESTNAME=auto,r1p2,0,768,40.0,backpressure_test,backpressure_seq,APB3+UART
RUN-000989,irq_storm_test-000989,Irq_Storm,APB4,static,8,5,1,odd,1500000,8,0,edge,25,16,32,100,2,ACTIVE,functional,0,4,1,1,UVM_LOW,0,0,0.0,-O2 -sv,+UVM_TESTNAME=auto,r1p2,10,96,40.0,irq_storm_test,irq_storm_seq,APB4+UART
RUN-000990,uart_loopback_test-000990,Uart_Loopback,APB3,round_robin,8,6,1,odd,115200,64,0,edge,100,32,32,250,1,ACTIVE,functional,1,16,1,1,UVM_LOW,1,1,0.0062,-O2 -sv,+UVM_TESTNAME=auto,r2p0,9,768,10.0,uart_loopback_test,uart_loopback_seq,APB3+UART
RUN-000991,dma_burst_test-000991,Dma_Burst,APB3,round_robin,16,3,0,odd,460800,16,0,level,200,32,32,250,3,ACTIVE,functional,0,4,1,1,UVM_MEDIUM,0,1,0.035,-O0 -sv -debug,+UVM_TESTNAME=auto,r1p0,9,192,5.0,dma_burst_test,dma_burst_seq,APB3+UART
RUN-000992,irq_storm_test-000992,Irq_Storm,APB3,static,8,3,1,even,230400,8,1,level,50,32,32,250,1,ACTIVE,functional,0,8,1,1,UVM_LOW,0,0,0.0,-O2 -sv,+UVM_TESTNAME=auto,r1p0,7,96,20.0,irq_storm_test,irq_storm_seq,APB3+UART
RUN-000993,parity_stress_test-000993,Parity_Stress,APB4,round_robin,2,5,4,odd,921600,8,1,level,50,32,16,50,2,ACTIVE,regression,0,16,0,1,UVM_MEDIUM,1,0,0.0,-O2 -sv,+UVM_TESTNAME=auto -cm line+tgl,r2p0,7,96,20.0,parity_stress_test,parity_stress_seq,APB4+UART
RUN-000994,dma_burst_test-000994,Dma_Burst,APB4,priority,16,5,1,even,230400,32,1,edge,50,16,32,100,2,ACTIVE,stress,0,4,0,1,UVM_HIGH,0,1,0.0171,-O2 -sv -assert svaext,+UVM_TESTNAME=auto,r2p0,4,384,20.0,dma_burst_test,dma_burst_seq,APB4+UART
RUN-000995,reg_sweep_test-000995,Reg_Sweep,APB3,round_robin,8,5,2,none,230400,4,0,level,25,32,16,50,3,ACTIVE,regression,1,8,1,1,UVM_MEDIUM,0,0,0.0,-O0 -sv -debug,+UVM_TESTNAME=auto,r2p0,5,48,40.0,reg_sweep_test,reg_sweep_seq,APB3+UART
RUN-000996,uart_loopback_test-000996,Uart_Loopback,APB4,priority,8,0,4,none,230400,4,0,level,200,32,32,100,1,PASSIVE,regression,0,4,1,1,UVM_MEDIUM,0,0,0.0,-O2 -sv,+UVM_TESTNAME=auto -cm line+tgl,r1p2,7,48,5.0,uart_loopback_test,uart_loopback_seq,APB4+UART
RUN-000997,reset_recovery_test-000997,Reset_Recovery,APB3,priority,4,4,1,none,921600,32,1,level,50,16,16,250,2,ACTIVE,functional,0,8,1,1,UVM_MEDIUM,0,1,0.0342,-O2 -sv -assert svaext,+UVM_TESTNAME=auto,r2p0,3,384,20.0,reset_recovery_test,reset_recovery_seq,APB3+UART
RUN-000998,parity_stress_test-000998,Parity_Stress,APB4,priority,16,5,4,none,1500000,64,1,level,100,8,16,100,1,ACTIVE,functional,0,8,1,1,UVM_LOW,0,0,0.0,-O2 -sv -assert svaext,+UVM_TESTNAME=auto -cm line+tgl,r1p0,7,768,10.0,parity_stress_test,parity_stress_seq,APB4+UART
RUN-000999,reg_sweep_test-000999,Reg_Sweep,APB4,round_robin,8,5,1,odd,230400,16,0,edge,100,32,32,250,2,ACTIVE,regression,0,16,0,1,UVM_MEDIUM,0,1,0.0097,-O2 -sv -assert svaext,+UVM_TESTNAME=auto,r1p0,2,192,10.0,reg_sweep_test,reg_sweep_seq,APB4+UART
RUN-001000,reg_sweep_test-001000,Reg_Sweep,APB3,round_robin,4,4,2,even,1500000,8,0,edge,25,8,16,100,2,ACTIVE,regression,0,4,0,1,UVM_HIGH,0,1,0.0273,-O2 -sv -assert svaext,+UVM_TESTNAME=auto,r1p0,9,96,40.0,reg_sweep_test,reg_sweep_seq,APB3+UART
RUN-001001,parity_stress_test-001001,Parity_Stress,APB4,priority,4,6,0,even,921600,16,0,level,25,32,16,250,1,ACTIVE,functional,0,4,1,1,UVM_HIGH,0,1,0.0347,-O2 -sv,+UVM_TESTNAME=auto,r1p0,7,192,40.0,parity_stress_test,parity_stress_seq,APB4+UART
RUN-001002,reg_sweep_test-001002,Reg_Sweep,APB4,round_robin,8,0,2,even,230400,8,1,edge,200,32,32,50,3,ACTIVE,stress,0,8,1,1,UVM_HIGH,0,1,0.0034,-O0 -sv -debug,+UVM_TESTNAME=auto,r2p0,0,96,5.0,reg_sweep_test,reg_sweep_seq,APB4+UART
RUN-001003,dma_burst_test-001003,Dma_Burst,APB4,round_robin,16,4,1,none,230400,8,1,level,50,32,32,250,3,PASSIVE,regression,0,16,0,1,UVM_LOW,0,0,0.0,-O0 -sv -debug,+UVM_TESTNAME=auto,r2p0,9,96,20.0,dma_burst_test,dma_burst_seq,APB4+UART
RUN-001004,dma_burst_test-001004,Dma_Burst,APB4,round_robin,2,2,2,even,1500000,16,1,edge,200,32,32,50,3,ACTIVE,stress,0,4,1,0,UVM_MEDIUM,1,1,0.0144,-O2 -sv,+UVM_TESTNAME=auto,r2p0,2,192,5.0,dma_burst_test,dma_burst_seq,APB4+UART
RUN-001005,parity_stress_test-001005,Parity_Stress,APB4,round_robin,16,5,2,none,460800,64,1,edge,50,32,16,250,1,ACTIVE,regression,0,8,1,1,UVM_HIGH,1,1,0.0313,-O0 -sv -debug,+UVM_TESTNAME=auto -cm line+tgl,r1p0,3,768,20.0,parity_stress_test,parity_stress_seq,APB4+UART
RUN-001006,backpressure_test-001006,Backpressure,APB3,round_robin,4,0,0,none,460800,32,0,level,50,8,16,100,3,PASSIVE,functional,0,4,0,1,UVM_MEDIUM,1,0,0.0,-O2 -sv,+UVM_TESTNAME=auto,r1p2,4,384,20.0,backpressure_test,backpressure_seq,APB3+UART
RUN-001007,backpressure_test-001007,Backpressure,APB4,static,8,7,0,none,115200,16,0,edge,50,8,16,250,1,ACTIVE,functional,1,4,1,1,UVM_LOW,0,0,0.0,-O0 -sv -debug,+UVM_TESTNAME=auto -cm line+tgl,r2p0,3,192,20.0,backpressure_test,backpressure_seq,APB4+UART
RUN-001008,parity_stress_test-001008,Parity_Stress,APB3,static,16,2,0,none,230400,8,1,edge,100,32,32,250,1,ACTIVE,regression,0,4,1,1,UVM_HIGH,0,0,0.0,-O2 -sv -assert svaext,+UVM_TESTNAME=auto,r2p0,8,96,10.0,parity_stress_test,parity_stress_seq,APB3+UART
RUN-001009,dma_burst_test-001009,Dma_Burst,APB3,priority,2,1,1,odd,460800,8,0,level,25,8,32,250,2,ACTIVE,stress,0,8,1,1,UVM_MEDIUM,0,1,0.0103,-O2 -sv -assert svaext,+UVM_TESTNAME=auto,r1p2,4,96,40.0,dma_burst_test,dma_burst_seq,APB3+UART
RUN-001010,dma_burst_test-001010,Dma_Burst,APB4,round_robin,16,4,2,even,230400,16,0,level,200,32,32,50,2,ACTIVE,regression,1,4,0,1,UVM_LOW,1,1,0.0325,-O2 -sv -assert svaext,+UVM_TESTNAME=auto,r2p0,9,192,5.0,dma_burst_test,dma_burst_seq,APB4+UART
RUN-001011,dma_burst_test-001011,Dma_Burst,APB3,round_robin,4,4,2,none,1500000,16,1,level,50,16,32,250,2,ACTIVE,functional,0,4,1,0,UVM_LOW,0,1,0.0323,-O2 -sv -assert svaext,+UVM_TESTNAME=auto -cm line+tgl,r2p0,4,192,20.0,dma_burst_test,dma_burst_seq,APB3+UART
RUN-001012,backpressure_test-001012,Backpressure,APB4,round_robin,8,0,4,odd,921600,4,1,level,200,16,32,100,3,ACTIVE,regression,0,8,1,1,UVM_MEDIUM,0,0,0.0,-O2 -sv -assert svaext,+UVM_TESTNAME=auto -cm line+tgl,r1p2,9,48,5.0,backpressure_test,backpressure_seq,APB4+UART
RUN-001013,parity_stress_test-001013,Parity_Stress,APB3,round_robin,8,6,1,even,230400,32,1,edge,100,32,32,100,1,ACTIVE,regression,0,8,0,1,UVM_MEDIUM,1,0,0.0,-O0 -sv -debug,+UVM_TESTNAME=auto -cm line+tgl,r1p2,9,384,10.0,parity_stress_test,parity_stress_seq,APB3+UART
RUN-001014,irq_storm_test-001014,Irq_Storm,APB3,round_robin,2,6,4,even,1500000,4,0,edge,25,8,32,250,1,ACTIVE,stress,1,16,1,1,UVM_LOW,1,1,0.0154,-O0 -sv -debug,+UVM_TESTNAME=auto,r1p2,8,48,40.0,irq_storm_test,irq_storm_seq,APB3+UART
RUN-001015,backpressure_test-001015,Backpressure,APB3,round_robin,4,7,0,even,230400,8,1,level,50,32,16,500,1,ACTIVE,regression,0,8,0,1,UVM_HIGH,0,1,0.0275,-O0 -sv -debug,+UVM_TESTNAME=auto,r1p0,3,96,20.0,backpressure_test,backpressure_seq,APB3+UART
RUN-001016,irq_storm_test-001016,Irq_Storm,APB3,round_robin,4,6,1,even,921600,16,1,edge,25,8,32,500,3,ACTIVE,stress,0,8,1,1,UVM_MEDIUM,1,0,0.0,-O2 -sv,+UVM_TESTNAME=auto,r1p2,3,192,40.0,irq_storm_test,irq_storm_seq,APB3+UART
RUN-001017,uart_loopback_test-001017,Uart_Loopback,APB4,round_robin,4,7,2,even,115200,4,1,level,100,32,16,500,3,ACTIVE,functional,0,8,0,1,UVM_MEDIUM,0,0,0.0,-O0 -sv -debug,+UVM_TESTNAME=auto -cm line+tgl,r1p2,0,48,10.0,uart_loopback_test,uart_loopback_seq,APB4+UART
RUN-001018,irq_storm_test-001018,Irq_Storm,APB4,static,2,4,2,even,460800,64,1,edge,25,32,32,250,2,PASSIVE,stress,0,8,0,1,UVM_MEDIUM,0,1,0.0042,-O2 -sv,+UVM_TESTNAME=auto -cm line+tgl,r1p0,3,768,40.0,irq_storm_test,irq_storm_seq,APB4+UART
RUN-001019,reg_sweep_test-001019,Reg_Sweep,APB4,round_robin,2,5,2,even,921600,4,1,level,25,32,32,500,2,ACTIVE,regression,0,8,1,1,UVM_MEDIUM,1,0,0.0,-O2 -sv,+UVM_TESTNAME=auto,r1p2,5,48,40.0,reg_sweep_test,reg_sweep_seq,APB4+UART
RUN-001020,reset_recovery_test-001020,Reset_Recovery,APB3,static,8,7,2,odd,921600,16,1,edge,25,16,32,100,2,PASSIVE,functional,0,16,1,1,UVM_LOW,0,0,0.0,-O2 -sv,+UVM_TESTNAME=auto -cm line+tgl,r1p2,0,192,40.0,reset_recovery_test,reset_recovery_seq,APB3+UART
RUN-001021,parity_stress_test-001021,Parity_Stress,APB3,round_robin,4,2,1,none,230400,16,0,level,100,16,16,250,2,ACTIVE,stress,0,4,0,1,UVM_MEDIUM,1,1,0.0201,-O2 -sv -assert svaext,+UVM_TESTNAME=auto -cm line+tgl,r1p0,5,192,10.0,parity_stress_test,parity_stress_seq,APB3+UART
RUN-001022,uart_loopback_test-001022,Uart_Loopback,APB3,static,4,4,4,even,1500000,4,0,level,100,16,16,250,2,ACTIVE,regression,0,8,1,1,UVM_HIGH,0,1,0.0098,-O2 -sv,+UVM_TESTNAME=auto,r1p0,4,48,10.0,uart_loopback_test,uart_loopback_seq,APB3+UART
RUN-001023,backpressure_test-001023,Backpressure,APB3,priority,2,6,0,odd,460800,8,1,level,50,32,32,50,3,ACTIVE,regression,0,4,1,0,UVM_LOW,0,1,0.003,-O2 -sv -assert svaext,+UVM_TESTNAME=auto,r1p2,7,96,20.0,backpressure_test,backpressure_seq,APB3+UART
RUN-001024,backpressure_test-001024,Backpressure,APB3,round_robin,8,6,1,even,921600,64,1,level,50,8,32,250,1,ACTIVE,regression,0,4,0,0,UVM_MEDIUM,0,0,0.0,-O0 -sv -debug,+UVM_TESTNAME=auto -cm line+tgl,r1p0,4,768,20.0,backpressure_test,backpressure_seq,APB3+UART
RUN-001025,reg_sweep_test-001025,Reg_Sweep,APB4,static,8,5,4,none,921600,16,1,edge,100,32,32,250,3,ACTIVE,functional,0,8,0,0,UVM_LOW,1,0,0.0,-O2 -sv,+UVM_TESTNAME=auto -cm line+tgl,r2p0,0,192,10.0,reg_sweep_test,reg_sweep_seq,APB4+UART
RUN-001026,uart_loopback_test-001026,Uart_Loopback,APB4,round_robin,8,2,2,even,115200,16,0,edge,100,32,32,250,2,ACTIVE,regression,1,16,0,0,UVM_MEDIUM,1,1,0.0353,-O2 -sv,+UVM_TESTNAME=auto -cm line+tgl,r1p0,4,192,10.0,uart_loopback_test,uart_loopback_seq,APB4+UART
RUN-001027,dma_burst_test-001027,Dma_Burst,APB3,round_robin,2,4,0,odd,1500000,8,1,level,50,32,32,500,3,ACTIVE,stress,1,16,1,1,UVM_MEDIUM,1,0,0.0,-O2 -sv -assert svaext,+UVM_TESTNAME=auto -cm line+tgl,r1p2,7,96,20.0,dma_burst_test,dma_burst_seq,APB3+UART
RUN-001028,dma_burst_test-001028,Dma_Burst,APB3,priority,2,4,2,none,115200,8,1,edge,200,16,16,250,1,ACTIVE,functional,0,16,1,1,UVM_LOW,0,0,0.0,-O0 -sv -debug,+UVM_TESTNAME=auto,r1p0,3,96,5.0,dma_burst_test,dma_burst_seq,APB3+UART
RUN-001029,irq_storm_test-001029,Irq_Storm,APB4,round_robin,4,4,0,odd,460800,16,0,level,50,8,32,250,2,ACTIVE,functional,0,16,1,1,UVM_LOW,1,0,0.0,-O2 -sv -assert svaext,+UVM_TESTNAME=auto -cm line+tgl,r2p0,1,192,20.0,irq_storm_test,irq_storm_seq,APB4+UART
RUN-001030,uart_loopback_test-001030,Uart_Loopback,APB3,round_robin,16,4,1,even,921600,64,0,edge,50,16,32,250,1,ACTIVE,stress,0,16,0,0,UVM_LOW,1,0,0.0,-O0 -sv -debug,+UVM_TESTNAME=auto -cm line+tgl,r1p2,8,768,20.0,uart_loopback_test,uart_loopback_seq,APB3+UART
RUN-001031,reset_recovery_test-001031,Reset_Recovery,APB4,priority,4,6,0,even,230400,16,1,level,25,32,32,100,2,ACTIVE,functional,0,8,0,1,UVM_LOW,1,0,0.0,-O2 -sv -assert svaext,+UVM_TESTNAME=auto -cm line+tgl,r1p0,6,192,40.0,reset_recovery_test,reset_recovery_seq,APB4+UART
RUN-001032,dma_burst_test-001032,Dma_Burst,APB3,static,4,6,0,even,230400,8,1,level,200,16,32,500,2,ACTIVE,regression,1,4,1,1,UVM_MEDIUM,1,0,0.0,-O2 -sv -assert svaext,+UVM_TESTNAME=auto,r1p2,4,96,5.0,dma_burst_test,dma_burst_seq,APB3+UART
RUN-001033,parity_stress_test-001033,Parity_Stress,APB3,round_robin,2,2,1,none,115200,32,0,edge,50,8,32,250,3,PASSIVE,functional,1,8,1,1,UVM_MEDIUM,0,0,0.0,-O2 -sv -assert svaext,+UVM_TESTNAME=auto,r1p2,8,384,20.0,parity_stress_test,parity_stress_seq,APB3+UART
RUN-001034,irq_storm_test-001034,Irq_Storm,APB4,static,2,7,2,even,921600,16,0,level,25,32,32,50,1,PASSIVE,regression,0,16,1,1,UVM_HIGH,0,0,0.0,-O0 -sv -debug,+UVM_TESTNAME=auto -cm line+tgl,r1p2,7,192,40.0,irq_storm_test,irq_storm_seq,APB4+UART
RUN-001035,reset_recovery_test-001035,Reset_Recovery,APB4,round_robin,8,0,0,odd,460800,16,1,level,200,16,16,500,1,ACTIVE,regression,1,4,1,0,UVM_LOW,0,0,0.0,-O2 -sv -assert svaext,+UVM_TESTNAME=auto -cm line+tgl,r1p2,9,192,5.0,reset_recovery_test,reset_recovery_seq,APB4+UART
RUN-001036,reset_recovery_test-001036,Reset_Recovery,APB3,priority,4,1,2,none,921600,32,1,edge,100,32,32,50,3,ACTIVE,functional,0,4,0,0,UVM_LOW,0,0,0.0,-O2 -sv,+UVM_TESTNAME=auto,r1p0,7,384,10.0,reset_recovery_test,reset_recovery_seq,APB3+UART
RUN-001037,irq_storm_test-001037,Irq_Storm,APB4,round_robin,16,1,1,none,460800,32,1,level,50,16,32,500,3,ACTIVE,stress,0,8,0,1,UVM_LOW,0,0,0.0,-O2 -sv,+UVM_TESTNAME=auto,r1p2,3,384,20.0,irq_storm_test,irq_storm_seq,APB4+UART
RUN-001038,backpressure_test-001038,Backpressure,APB4,round_robin,2,6,2,odd,115200,8,1,level,50,32,32,250,2,ACTIVE,regression,0,4,1,1,UVM_MEDIUM,0,0,0.0,-O2 -sv,+UVM_TESTNAME=auto,r2p0,8,96,20.0,backpressure_test,backpressure_seq,APB4+UART
RUN-001039,dma_burst_test-001039,Dma_Burst,APB4,priority,4,5,2,none,1500000,4,0,edge,100,32,32,500,3,ACTIVE,functional,0,4,1,1,UVM_MEDIUM,0,1,0.0178,-O2 -sv,+UVM_TESTNAME=auto,r2p0,8,48,10.0,dma_burst_test,dma_burst_seq,APB4+UART
RUN-001040,irq_storm_test-001040,Irq_Storm,APB3,static,8,1,1,even,115200,32,0,edge,200,32,32,250,3,ACTIVE,functional,0,4,1,1,UVM_MEDIUM,0,1,0.0069,-O2 -sv,+UVM_TESTNAME=auto,r1p2,7,384,5.0,irq_storm_test,irq_storm_seq,APB3+UART
RUN-001041,dma_burst_test-001041,Dma_Burst,APB4,round_robin,4,4,2,even,460800,4,0,edge,100,16,16,100,1,ACTIVE,stress,0,16,1,1,UVM_MEDIUM,1,1,0.0317,-O2 -sv,+UVM_TESTNAME=auto,r1p0,2,48,10.0,dma_burst_test,dma_burst_seq,APB4+UART
RUN-001042,dma_burst_test-001042,Dma_Burst,APB4,static,2,6,1,even,230400,16,1,edge,100,16,32,50,2,ACTIVE,functional,0,16,1,1,UVM_MEDIUM,1,1,0.0065,-O0 -sv -debug,+UVM_TESTNAME=auto,r1p2,9,192,10.0,dma_burst_test,dma_burst_seq,APB4+UART
RUN-001043,backpressure_test-001043,Backpressure,APB4,priority,16,6,0,odd,921600,16,1,level,100,16,16,100,3,ACTIVE,stress,0,8,1,0,UVM_LOW,1,1,0.0341,-O2 -sv,+UVM_TESTNAME=auto -cm line+tgl,r1p0,10,192,10.0,backpressure_test,backpressure_seq,APB4+UART
RUN-001044,reset_recovery_test-001044,Reset_Recovery,APB4,priority,8,3,2,odd,230400,32,0,level,50,8,16,250,2,ACTIVE,regression,0,4,1,1,UVM_LOW,0,1,0.0313,-O2 -sv -assert svaext,+UVM_TESTNAME=auto,r1p2,6,384,20.0,reset_recovery_test,reset_recovery_seq,APB4+UART
RUN-001045,reg_sweep_test-001045,Reg_Sweep,APB4,static,4,3,1,even,921600,8,0,edge,100,8,16,100,1,ACTIVE,functional,0,16,1,1,UVM_MEDIUM,0,0,0.0,-O2 -sv,+UVM_TESTNAME=auto -cm line+tgl,r1p2,3,96,10.0,reg_sweep_test,reg_sweep_seq,APB4+UART
RUN-001046,uart_loopback_test-001046,Uart_Loopback,APB3,priority,8,4,0,none,921600,4,1,edge,100,32,16,250,2,ACTIVE,regression,0,4,1,1,UVM_MEDIUM,1,1,0.0049,-O2 -sv -assert svaext,+UVM_TESTNAME=auto,r2p0,4,48,10.0,uart_loopback_test,uart_loopback_seq,APB3+UART
RUN-001047,uart_loopback_test-001047,Uart_Loopback,APB4,static,4,7,2,none,115200,64,0,edge,25,16,32,100,1,ACTIVE,functional,0,16,1,1,UVM_HIGH,1,1,0.0341,-O2 -sv -assert svaext,+UVM_TESTNAME=auto,r1p2,5,768,40.0,uart_loopback_test,uart_loopback_seq,APB4+UART
RUN-001048,reset_recovery_test-001048,Reset_Recovery,APB3,priority,4,3,1,even,115200,64,1,level,100,32,16,500,2,PASSIVE,stress,0,8,1,1,UVM_MEDIUM,0,0,0.0,-O0 -sv -debug,+UVM_TESTNAME=auto -cm line+tgl,r1p2,5,768,10.0,reset_recovery_test,reset_recovery_seq,APB3+UART
RUN-001049,uart_loopback_test-001049,Uart_Loopback,APB3,priority,4,7,0,none,230400,64,0,edge,50,32,16,500,2,ACTIVE,stress,0,16,0,1,UVM_HIGH,0,0,0.0,-O0 -sv -debug,+UVM_TESTNAME=auto,r1p2,5,768,20.0,uart_loopback_test,uart_loopback_seq,APB3+UART
RUN-001050,irq_storm_test-001050,Irq_Storm,APB3,priority,4,6,2,none,115200,32,1,level,50,32,32,100,1,PASSIVE,stress,0,8,0,1,UVM_LOW,1,0,0.0,-O2 -sv,+UVM_TESTNAME=auto -cm line+tgl,r1p0,0,384,20.0,irq_storm_test,irq_storm_seq,APB3+UART
RUN-001051,irq_storm_test-001051,Irq_Storm,APB3,priority,16,3,2,odd,921600,64,0,edge,200,8,32,500,1,ACTIVE,stress,0,4,1,1,UVM_LOW,1,1,0.0367,-O2 -sv,+UVM_TESTNAME=auto,r1p2,6,768,5.0,irq_storm_test,irq_storm_seq,APB3+UART
RUN-001052,backpressure_test-001052,Backpressure,APB4,round_robin,8,4,2,even,921600,32,0,level,25,8,16,50,1,ACTIVE,functional,0,8,1,1,UVM_MEDIUM,0,1,0.0164,-O2 -sv,+UVM_TESTNAME=auto -cm line+tgl,r2p0,7,384,40.0,backpressure_test,backpressure_seq,APB4+UART
RUN-001053,reg_sweep_test-001053,Reg_Sweep,APB4,round_robin,8,1,1,none,1500000,16,1,level,50,16,32,50,1,PASSIVE,stress,0,16,1,1,UVM_LOW,0,0,0.0,-O2 -sv,+UVM_TESTNAME=auto -cm line+tgl,r2p0,8,192,20.0,reg_sweep_test,reg_sweep_seq,APB4+UART
RUN-001054,uart_loopback_test-001054,Uart_Loopback,APB4,priority,2,6,4,even,460800,4,1,edge,50,32,16,50,2,ACTIVE,regression,0,4,1,0,UVM_LOW,0,0,0.0,-O2 -sv -assert svaext,+UVM_TESTNAME=auto -cm line+tgl,r2p0,6,48,20.0,uart_loopback_test,uart_loopback_seq,APB4+UART
RUN-001055,reg_sweep_test-001055,Reg_Sweep,APB4,priority,2,2,0,none,115200,64,0,edge,50,8,32,50,1,PASSIVE,regression,1,16,1,1,UVM_MEDIUM,1,0,0.0,-O2 -sv,+UVM_TESTNAME=auto,r1p2,2,768,20.0,reg_sweep_test,reg_sweep_seq,APB4+UART
RUN-001056,parity_stress_test-001056,Parity_Stress,APB4,static,2,5,4,none,115200,16,0,edge,25,32,32,250,1,ACTIVE,stress,1,8,0,1,UVM_MEDIUM,1,0,0.0,-O2 -sv,+UVM_TESTNAME=auto -cm line+tgl,r1p2,10,192,40.0,parity_stress_test,parity_stress_seq,APB4+UART
RUN-001057,backpressure_test-001057,Backpressure,APB3,static,4,7,1,none,921600,32,1,level,50,32,16,250,1,ACTIVE,stress,0,4,1,1,UVM_HIGH,0,0,0.0,-O0 -sv -debug,+UVM_TESTNAME=auto,r1p2,4,384,20.0,backpressure_test,backpressure_seq,APB3+UART
RUN-001058,irq_storm_test-001058,Irq_Storm,APB3,round_robin,4,6,2,even,115200,64,1,level,50,16,32,250,2,ACTIVE,functional,0,16,1,1,UVM_MEDIUM,0,0,0.0,-O2 -sv -assert svaext,+UVM_TESTNAME=auto -cm line+tgl,r1p0,8,768,20.0,irq_storm_test,irq_storm_seq,APB3+UART
RUN-001059,reset_recovery_test-001059,Reset_Recovery,APB4,priority,4,5,0,even,921600,16,1,level,200,8,32,100,2,ACTIVE,functional,1,4,1,1,UVM_LOW,0,1,0.0232,-O0 -sv -debug,+UVM_TESTNAME=auto -cm line+tgl,r2p0,3,192,5.0,reset_recovery_test,reset_recovery_seq,APB4+UART
RUN-001060,dma_burst_test-001060,Dma_Burst,APB3,round_robin,2,1,0,even,115200,64,1,edge,100,16,16,50,2,ACTIVE,regression,0,4,1,1,UVM_LOW,0,0,0.0,-O2 -sv,+UVM_TESTNAME=auto,r1p2,3,768,10.0,dma_burst_test,dma_burst_seq,APB3+UART
RUN-001061,backpressure_test-001061,Backpressure,APB3,round_robin,8,3,1,none,115200,4,1,edge,50,16,32,50,1,ACTIVE,stress,1,4,1,1,UVM_LOW,0,0,0.0,-O2 -sv,+UVM_TESTNAME=auto,r1p0,0,48,20.0,backpressure_test,backpressure_seq,APB3+UART
RUN-001062,reg_sweep_test-001062,Reg_Sweep,APB3,static,4,0,2,even,1500000,4,0,level,50,16,16,100,1,ACTIVE,regression,1,4,1,1,UVM_MEDIUM,0,1,0.0003,-O0 -sv -debug,+UVM_TESTNAME=auto,r1p2,1,48,20.0,reg_sweep_test,reg_sweep_seq,APB3+UART
RUN-001063,irq_storm_test-001063,Irq_Storm,APB4,priority,2,7,2,odd,921600,32,1,level,50,8,32,100,1,ACTIVE,regression,1,4,1,1,UVM_MEDIUM,1,0,0.0,-O2 -sv,+UVM_TESTNAME=auto -cm line+tgl,r2p0,9,384,20.0,irq_storm_test,irq_storm_seq,APB4+UART
RUN-001064,uart_loopback_test-001064,Uart_Loopback,APB3,static,16,7,4,odd,115200,32,1,edge,25,8,16,250,2,PASSIVE,functional,0,16,1,1,UVM_MEDIUM,0,0,0.0,-O2 -sv,+UVM_TESTNAME=auto -cm line+tgl,r2p0,11,384,40.0,uart_loopback_test,uart_loopback_seq,APB3+UART
RUN-001065,reg_sweep_test-001065,Reg_Sweep,APB4,round_robin,16,3,2,none,1500000,32,0,edge,50,16,32,250,2,ACTIVE,stress,0,4,0,0,UVM_HIGH,0,1,0.025,-O2 -sv -assert svaext,+UVM_TESTNAME=auto -cm line+tgl,r1p2,6,384,20.0,reg_sweep_test,reg_sweep_seq,APB4+UART
RUN-001066,backpressure_test-001066,Backpressure,APB4,priority,2,0,2,none,460800,4,0,level,50,16,32,100,3,PASSIVE,regression,1,8,1,0,UVM_MEDIUM,0,0,0.0,-O2 -sv -assert svaext,+UVM_TESTNAME=auto -cm line+tgl,r1p2,8,48,20.0,backpressure_test,backpressure_seq,APB4+UART
RUN-001067,reg_sweep_test-001067,Reg_Sweep,APB4,round_robin,2,6,2,even,230400,64,0,level,50,32,16,50,2,ACTIVE,functional,0,8,1,1,UVM_LOW,0,0,0.0,-O2 -sv,+UVM_TESTNAME=auto -cm line+tgl,r1p0,3,768,20.0,reg_sweep_test,reg_sweep_seq,APB4+UART
RUN-001068,reset_recovery_test-001068,Reset_Recovery,APB4,priority,8,3,4,none,921600,32,1,edge,100,8,32,100,1,ACTIVE,functional,0,4,1,1,UVM_LOW,0,0,0.0,-O2 -sv -assert svaext,+UVM_TESTNAME=auto,r2p0,9,384,10.0,reset_recovery_test,reset_recovery_seq,APB4+UART
RUN-001069,reg_sweep_test-001069,Reg_Sweep,APB4,round_robin,4,3,1,odd,1500000,16,1,level,25,16,32,50,1,ACTIVE,stress,1,4,1,1,UVM_MEDIUM,0,0,0.0,-O2 -sv,+UVM_TESTNAME=auto,r1p2,3,192,40.0,reg_sweep_test,reg_sweep_seq,APB4+UART
RUN-001070,parity_stress_test-001070,Parity_Stress,APB4,static,8,3,1,even,1500000,4,0,edge,100,32,32,100,2,ACTIVE,functional,0,8,0,1,UVM_LOW,0,1,0.0105,-O2 -sv,+UVM_TESTNAME=auto,r1p0,5,48,10.0,parity_stress_test,parity_stress_seq,APB4+UART
RUN-001071,dma_burst_test-001071,Dma_Burst,APB4,priority,4,6,4,odd,1500000,16,1,level,50,32,16,100,1,ACTIVE,stress,0,4,1,1,UVM_MEDIUM,0,1,0.013,-O0 -sv -debug,+UVM_TESTNAME=auto -cm line+tgl,r2p0,6,192,20.0,dma_burst_test,dma_burst_seq,APB4+UART
RUN-001072,irq_storm_test-001072,Irq_Storm,APB4,round_robin,4,0,0,odd,115200,8,1,level,50,32,32,100,1,ACTIVE,regression,0,8,0,1,UVM_LOW,0,0,0.0,-O2 -sv,+UVM_TESTNAME=auto,r1p0,3,96,20.0,irq_storm_test,irq_storm_seq,APB4+UART
RUN-001073,reg_sweep_test-001073,Reg_Sweep,APB3,priority,4,5,0,even,921600,64,0,level,25,32,32,500,2,ACTIVE,functional,0,8,1,1,UVM_MEDIUM,0,1,0.0025,-O2 -sv -assert svaext,+UVM_TESTNAME=auto -cm line+tgl,r2p0,11,768,40.0,reg_sweep_test,reg_sweep_seq,APB3+UART
RUN-001074,backpressure_test-001074,Backpressure,APB4,static,8,1,0,even,230400,64,0,level,100,16,16,500,2,ACTIVE,stress,0,16,1,1,UVM_MEDIUM,0,0,0.0,-O2 -sv,+UVM_TESTNAME=auto,r1p2,5,768,10.0,backpressure_test,backpressure_seq,APB4+UART
RUN-001075,dma_burst_test-001075,Dma_Burst,APB4,static,16,4,1,none,115200,16,1,edge,25,32,32,250,3,ACTIVE,stress,0,4,0,1,UVM_MEDIUM,0,1,0.0355,-O2 -sv,+UVM_TESTNAME=auto,r1p2,2,192,40.0,dma_burst_test,dma_burst_seq,APB4+UART
RUN-001076,backpressure_test-001076,Backpressure,APB3,round_robin,4,6,2,none,1500000,8,0,level,50,32,16,500,1,ACTIVE,functional,0,16,1,1,UVM_LOW,0,0,0.0,-O2 -sv,+UVM_TESTNAME=auto -cm line+tgl,r1p0,1,96,20.0,backpressure_test,backpressure_seq,APB3+UART
RUN-001077,irq_storm_test-001077,Irq_Storm,APB3,static,16,4,0,odd,115200,32,0,level,100,16,16,500,2,ACTIVE,regression,0,4,1,0,UVM_HIGH,0,0,0.0,-O2 -sv,+UVM_TESTNAME=auto -cm line+tgl,r1p2,0,384,10.0,irq_storm_test,irq_storm_seq,APB3+UART
RUN-001078,reg_sweep_test-001078,Reg_Sweep,APB4,priority,4,7,0,even,115200,8,0,level,50,16,16,100,2,ACTIVE,regression,0,8,1,1,UVM_LOW,0,0,0.0,-O2 -sv,+UVM_TESTNAME=auto,r2p0,3,96,20.0,reg_sweep_test,reg_sweep_seq,APB4+UART
RUN-001079,uart_loopback_test-001079,Uart_Loopback,APB4,round_robin,4,4,1,even,460800,8,0,edge,200,8,16,500,1,ACTIVE,stress,0,16,1,1,UVM_HIGH,0,1,0.0398,-O2 -sv -assert svaext,+UVM_TESTNAME=auto,r1p2,9,96,5.0,uart_loopback_test,uart_loopback_seq,APB4+UART
RUN-001080,dma_burst_test-001080,Dma_Burst,APB4,round_robin,2,6,1,even,1500000,16,0,level,100,16,16,50,1,ACTIVE,functional,0,16,1,1,UVM_MEDIUM,0,1,0.0238,-O2 -sv -assert svaext,+UVM_TESTNAME=auto -cm line+tgl,r2p0,4,192,10.0,dma_burst_test,dma_burst_seq,APB4+UART
RUN-001081,reg_sweep_test-001081,Reg_Sweep,APB4,round_robin,4,3,1,none,115200,32,0,level,50,32,16,500,1,ACTIVE,functional,0,8,0,1,UVM_LOW,0,0,0.0,-O2 -sv -assert svaext,+UVM_TESTNAME=auto,r1p2,0,384,20.0,reg_sweep_test,reg_sweep_seq,APB4+UART
RUN-001082,irq_storm_test-001082,Irq_Storm,APB4,static,16,5,1,none,115200,8,1,level,100,8,32,500,1,ACTIVE,regression,0,8,1,1,UVM_LOW,0,0,0.0,-O2 -sv,+UVM_TESTNAME=auto,r2p0,8,96,10.0,irq_storm_test,irq_storm_seq,APB4+UART
RUN-001083,uart_loopback_test-001083,Uart_Loopback,APB4,priority,8,4,0,even,230400,16,1,level,200,16,32,50,3,ACTIVE,regression,0,8,0,0,UVM_LOW,1,1,0.0065,-O2 -sv,+UVM_TESTNAME=auto -cm line+tgl,r2p0,7,192,5.0,uart_loopback_test,uart_loopback_seq,APB4+UART
RUN-001084,uart_loopback_test-001084,Uart_Loopback,APB3,round_robin,8,6,0,even,460800,8,0,edge,200,32,16,250,2,ACTIVE,stress,0,8,1,1,UVM_LOW,1,1,0.0368,-O2 -sv -assert svaext,+UVM_TESTNAME=auto,r1p0,10,96,5.0,uart_loopback_test,uart_loopback_seq,APB3+UART
RUN-001085,reg_sweep_test-001085,Reg_Sweep,APB4,round_robin,2,2,0,odd,921600,16,1,level,100,32,32,50,2,ACTIVE,regression,1,16,0,1,UVM_LOW,0,1,0.0309,-O2 -sv,+UVM_TESTNAME=auto -cm line+tgl,r1p2,5,192,10.0,reg_sweep_test,reg_sweep_seq,APB4+UART
RUN-001086,reset_recovery_test-001086,Reset_Recovery,APB4,round_robin,16,3,1,none,115200,32,1,level,50,32,16,50,1,ACTIVE,stress,0,4,1,1,UVM_LOW,0,1,0.0143,-O2 -sv -assert svaext,+UVM_TESTNAME=auto,r2p0,0,384,20.0,reset_recovery_test,reset_recovery_seq,APB4+UART
RUN-001087,uart_loopback_test-001087,Uart_Loopback,APB3,round_robin,16,1,1,none,230400,4,1,edge,50,16,32,50,2,ACTIVE,functional,0,16,0,1,UVM_MEDIUM,0,0,0.0,-O2 -sv -assert svaext,+UVM_TESTNAME=auto,r1p2,0,48,20.0,uart_loopback_test,uart_loopback_seq,APB3+UART
RUN-001088,uart_loopback_test-001088,Uart_Loopback,APB4,round_robin,4,7,4,even,460800,8,0,level,200,32,16,250,3,ACTIVE,regression,0,8,1,1,UVM_LOW,0,1,0.0106,-O2 -sv,+UVM_TESTNAME=auto,r1p0,11,96,5.0,uart_loopback_test,uart_loopback_seq,APB4+UART
RUN-001089,parity_stress_test-001089,Parity_Stress,APB3,round_robin,2,3,0,none,230400,64,0,level,100,8,32,500,2,PASSIVE,functional,0,16,0,1,UVM_HIGH,1,0,0.0,-O0 -sv -debug,+UVM_TESTNAME=auto,r1p2,3,768,10.0,parity_stress_test,parity_stress_seq,APB3+UART
RUN-001090,reg_sweep_test-001090,Reg_Sweep,APB4,static,8,1,2,none,460800,32,1,edge,100,8,16,250,2,ACTIVE,functional,1,8,1,1,UVM_MEDIUM,0,0,0.0,-O2 -sv,+UVM_TESTNAME=auto,r2p0,5,384,10.0,reg_sweep_test,reg_sweep_seq,APB4+UART
RUN-001091,dma_burst_test-001091,Dma_Burst,APB4,static,4,3,2,even,115200,32,1,edge,200,32,16,50,2,PASSIVE,regression,0,4,1,1,UVM_LOW,0,1,0.0152,-O2 -sv,+UVM_TESTNAME=auto,r1p2,11,384,5.0,dma_burst_test,dma_burst_seq,APB4+UART
RUN-001092,dma_burst_test-001092,Dma_Burst,APB4,static,4,0,1,even,230400,64,1,level,100,32,16,250,1,ACTIVE,regression,0,8,1,1,UVM_HIGH,1,0,0.0,-O2 -sv,+UVM_TESTNAME=auto,r2p0,8,768,10.0,dma_burst_test,dma_burst_seq,APB4+UART
RUN-001093,reg_sweep_test-001093,Reg_Sweep,APB4,round_robin,2,0,2,none,921600,8,0,edge,100,8,16,250,1,ACTIVE,stress,1,8,1,1,UVM_LOW,1,1,0.0039,-O2 -sv,+UVM_TESTNAME=auto -cm line+tgl,r2p0,8,96,10.0,reg_sweep_test,reg_sweep_seq,APB4+UART
RUN-001094,irq_storm_test-001094,Irq_Storm,APB4,static,2,7,0,odd,460800,16,1,edge,200,8,16,100,2,ACTIVE,stress,0,16,1,1,UVM_HIGH,1,1,0.0186,-O2 -sv -assert svaext,+UVM_TESTNAME=auto,r1p0,2,192,5.0,irq_storm_test,irq_storm_seq,APB4+UART
RUN-001095,dma_burst_test-001095,Dma_Burst,APB4,round_robin,4,1,2,even,460800,16,0,edge,25,8,32,250,3,ACTIVE,regression,0,16,1,1,UVM_LOW,1,0,0.0,-O0 -sv -debug,+UVM_TESTNAME=auto,r2p0,3,192,40.0,dma_burst_test,dma_burst_seq,APB4+UART
RUN-001096,parity_stress_test-001096,Parity_Stress,APB3,round_robin,4,2,2,even,115200,32,1,level,100,32,32,250,1,ACTIVE,regression,0,4,1,1,UVM_LOW,0,0,0.0,-O0 -sv -debug,+UVM_TESTNAME=auto,r2p0,1,384,10.0,parity_stress_test,parity_stress_seq,APB3+UART
RUN-001097,dma_burst_test-001097,Dma_Burst,APB3,round_robin,16,0,4,none,921600,16,1,edge,25,8,32,250,1,ACTIVE,stress,1,16,1,1,UVM_MEDIUM,0,0,0.0,-O2 -sv,+UVM_TESTNAME=auto -cm line+tgl,r2p0,5,192,40.0,dma_burst_test,dma_burst_seq,APB3+UART
RUN-001098,reset_recovery_test-001098,Reset_Recovery,APB3,static,4,2,2,even,115200,4,1,level,100,32,16,50,2,ACTIVE,functional,0,4,1,1,UVM_MEDIUM,0,0,0.0,-O2 -sv -assert svaext,+UVM_TESTNAME=auto,r1p2,7,48,10.0,reset_recovery_test,reset_recovery_seq,APB3+UART
RUN-001099,reg_sweep_test-001099,Reg_Sweep,APB3,priority,4,4,0,none,460800,64,0,level,200,8,32,100,1,ACTIVE,functional,0,16,1,1,UVM_HIGH,0,0,0.0,-O2 -sv,+UVM_TESTNAME=auto -cm line+tgl,r1p0,5,768,5.0,reg_sweep_test,reg_sweep_seq,APB3+UART
RUN-001100,dma_burst_test-001100,Dma_Burst,APB3,round_robin,8,7,2,odd,921600,64,0,edge,100,16,32,50,3,ACTIVE,functional,0,4,1,1,UVM_HIGH,0,0,0.0,-O0 -sv -debug,+UVM_TESTNAME=auto,r1p2,9,768,10.0,dma_burst_test,dma_burst_seq,APB3+UART
RUN-001101,parity_stress_test-001101,Parity_Stress,APB4,priority,8,4,2,odd,921600,32,1,level,200,32,32,50,3,ACTIVE,stress,0,4,0,1,UVM_MEDIUM,0,0,0.0,-O2 -sv,+UVM_TESTNAME=auto -cm line+tgl,r2p0,3,384,5.0,parity_stress_test,parity_stress_seq,APB4+UART
RUN-001102,uart_loopback_test-001102,Uart_Loopback,APB4,round_robin,4,4,0,none,460800,16,1,level,25,32,16,50,1,ACTIVE,stress,0,8,1,1,UVM_MEDIUM,0,0,0.0,-O2 -sv,+UVM_TESTNAME=auto -cm line+tgl,r1p2,8,192,40.0,uart_loopback_test,uart_loopback_seq,APB4+UART
RUN-001103,parity_stress_test-001103,Parity_Stress,APB3,priority,4,2,4,odd,460800,8,1,level,200,16,32,250,2,ACTIVE,stress,0,16,0,1,UVM_LOW,0,0,0.0,-O2 -sv,+UVM_TESTNAME=auto -cm line+tgl,r1p2,7,96,5.0,parity_stress_test,parity_stress_seq,APB3+UART
RUN-001104,reset_recovery_test-001104,Reset_Recovery,APB3,round_robin,16,6,2,odd,921600,4,1,edge,50,32,16,50,2,PASSIVE,regression,0,4,1,1,UVM_HIGH,0,0,0.0,-O2 -sv,+UVM_TESTNAME=auto -cm line+tgl,r1p2,2,48,20.0,reset_recovery_test,reset_recovery_seq,APB3+UART
RUN-001105,reg_sweep_test-001105,Reg_Sweep,APB4,round_robin,2,3,2,even,921600,8,0,level,100,16,32,100,2,ACTIVE,functional,0,4,1,1,UVM_MEDIUM,0,1,0.0354,-O2 -sv,+UVM_TESTNAME=auto -cm line+tgl,r2p0,2,96,10.0,reg_sweep_test,reg_sweep_seq,APB4+UART
RUN-001106,irq_storm_test-001106,Irq_Storm,APB3,static,2,6,1,none,115200,4,1,edge,200,32,16,100,3,ACTIVE,regression,0,8,1,1,UVM_LOW,0,0,0.0,-O0 -sv -debug,+UVM_TESTNAME=auto,r1p2,5,48,5.0,irq_storm_test,irq_storm_seq,APB3+UART
RUN-001107,reset_recovery_test-001107,Reset_Recovery,APB4,round_robin,4,3,0,even,115200,4,1,level,50,32,16,100,1,ACTIVE,regression,0,8,0,1,UVM_HIGH,0,0,0.0,-O2 -sv,+UVM_TESTNAME=auto -cm line+tgl,r1p2,11,48,20.0,reset_recovery_test,reset_recovery_seq,APB4+UART
RUN-001108,reset_recovery_test-001108,Reset_Recovery,APB3,round_robin,8,1,4,none,460800,8,0,edge,50,16,32,250,2,ACTIVE,functional,0,8,1,1,UVM_MEDIUM,0,0,0.0,-O2 -sv,+UVM_TESTNAME=auto,r2p0,0,96,20.0,reset_recovery_test,reset_recovery_seq,APB3+UART
RUN-001109,dma_burst_test-001109,Dma_Burst,APB3,static,2,7,0,even,115200,8,1,edge,200,8,16,100,2,ACTIVE,stress,0,8,1,1,UVM_LOW,0,1,0.0393,-O2 -sv,+UVM_TESTNAME=auto -cm line+tgl,r1p0,1,96,5.0,dma_burst_test,dma_burst_seq,APB3+UART
RUN-001110,uart_loopback_test-001110,Uart_Loopback,APB3,round_robin,4,2,2,none,230400,16,0,level,100,32,32,100,3,ACTIVE,stress,0,4,0,1,UVM_HIGH,0,1,0.0375,-O2 -sv -assert svaext,+UVM_TESTNAME=auto,r2p0,10,192,10.0,uart_loopback_test,uart_loopback_seq,APB3+UART
RUN-001111,dma_burst_test-001111,Dma_Burst,APB4,round_robin,16,4,4,odd,921600,4,0,level,100,16,32,50,2,ACTIVE,stress,0,8,1,1,UVM_MEDIUM,1,0,0.0,-O2 -sv -assert svaext,+UVM_TESTNAME=auto,r1p0,7,48,10.0,dma_burst_test,dma_burst_seq,APB4+UART
RUN-001112,parity_stress_test-001112,Parity_Stress,APB3,round_robin,8,4,1,even,115200,32,1,level,200,16,32,50,2,ACTIVE,regression,0,8,1,1,UVM_MEDIUM,1,0,0.0,-O2 -sv -assert svaext,+UVM_TESTNAME=auto,r1p2,2,384,5.0,parity_stress_test,parity_stress_seq,APB3+UART
RUN-001113,backpressure_test-001113,Backpressure,APB3,round_robin,2,3,1,even,230400,16,0,level,200,16,32,100,3,ACTIVE,functional,0,4,0,1,UVM_LOW,0,1,0.023,-O0 -sv -debug,+UVM_TESTNAME=auto -cm line+tgl,r2p0,9,192,5.0,backpressure_test,backpressure_seq,APB3+UART
RUN-001114,dma_burst_test-001114,Dma_Burst,APB4,round_robin,4,3,2,even,115200,8,0,edge,100,32,16,100,1,PASSIVE,functional,0,8,1,1,UVM_MEDIUM,0,0,0.0,-O2 -sv,+UVM_TESTNAME=auto -cm line+tgl,r2p0,8,96,10.0,dma_burst_test,dma_burst_seq,APB4+UART
RUN-001115,backpressure_test-001115,Backpressure,APB4,static,8,1,0,even,115200,8,1,level,100,32,16,100,1,ACTIVE,stress,0,8,1,1,UVM_MEDIUM,0,0,0.0,-O2 -sv -assert svaext,+UVM_TESTNAME=auto,r1p0,4,96,10.0,backpressure_test,backpressure_seq,APB4+UART
RUN-001116,parity_stress_test-001116,Parity_Stress,APB4,static,2,1,0,even,230400,8,1,edge,50,8,32,250,1,ACTIVE,functional,0,4,1,1,UVM_HIGH,0,0,0.0,-O2 -sv,+UVM_TESTNAME=auto,r1p0,0,96,20.0,parity_stress_test,parity_stress_seq,APB4+UART
RUN-001117,parity_stress_test-001117,Parity_Stress,APB3,static,2,4,2,even,230400,32,0,edge,200,32,16,100,1,ACTIVE,functional,1,8,1,1,UVM_LOW,0,0,0.0,-O2 -sv,+UVM_TESTNAME=auto -cm line+tgl,r2p0,10,384,5.0,parity_stress_test,parity_stress_seq,APB3+UART
RUN-001118,uart_loopback_test-001118,Uart_Loopback,APB4,static,16,0,0,even,460800,16,0,level,100,8,32,500,1,ACTIVE,stress,0,4,1,1,UVM_MEDIUM,0,0,0.0,-O2 -sv,+UVM_TESTNAME=auto -cm line+tgl,r1p0,2,192,10.0,uart_loopback_test,uart_loopback_seq,APB4+UART
RUN-001119,parity_stress_test-001119,Parity_Stress,APB3,priority,4,2,2,none,1500000,8,1,edge,25,16,32,50,2,ACTIVE,stress,0,8,1,1,UVM_LOW,0,0,0.0,-O2 -sv -assert svaext,+UVM_TESTNAME=auto -cm line+tgl,r2p0,0,96,40.0,parity_stress_test,parity_stress_seq,APB3+UART
RUN-001120,dma_burst_test-001120,Dma_Burst,APB3,round_robin,2,6,4,even,115200,4,1,edge,25,8,32,100,2,ACTIVE,regression,0,16,1,1,UVM_MEDIUM,0,1,0.0268,-O2 -sv -assert svaext,+UVM_TESTNAME=auto,r1p0,7,48,40.0,dma_burst_test,dma_burst_seq,APB3+UART
RUN-001121,dma_burst_test-001121,Dma_Burst,APB3,priority,4,5,1,none,230400,32,1,level,25,8,32,100,1,ACTIVE,regression,0,16,1,1,UVM_MEDIUM,0,1,0.0393,-O0 -sv -debug,+UVM_TESTNAME=auto -cm line+tgl,r1p2,9,384,40.0,dma_burst_test,dma_burst_seq,APB3+UART
RUN-001122,reg_sweep_test-001122,Reg_Sweep,APB3,priority,2,6,1,none,230400,32,1,edge,100,32,32,250,3,ACTIVE,stress,0,8,1,1,UVM_LOW,0,0,0.0,-O2 -sv -assert svaext,+UVM_TESTNAME=auto -cm line+tgl,r1p2,1,384,10.0,reg_sweep_test,reg_sweep_seq,APB3+UART
RUN-001123,irq_storm_test-001123,Irq_Storm,APB4,priority,8,3,2,odd,460800,32,0,level,25,32,32,100,3,ACTIVE,functional,1,16,1,1,UVM_LOW,1,0,0.0,-O2 -sv -assert svaext,+UVM_TESTNAME=auto,r1p2,4,384,40.0,irq_storm_test,irq_storm_seq,APB4+UART
RUN-001124,backpressure_test-001124,Backpressure,APB3,priority,8,5,1,none,921600,4,1,edge,100,16,16,250,3,ACTIVE,regression,0,8,1,1,UVM_LOW,0,1,0.0314,-O2 -sv -assert svaext,+UVM_TESTNAME=auto,r1p0,10,48,10.0,backpressure_test,backpressure_seq,APB3+UART
RUN-001125,reg_sweep_test-001125,Reg_Sweep,APB4,round_robin,2,6,0,odd,230400,16,1,level,50,16,32,50,3,ACTIVE,functional,0,4,1,1,UVM_HIGH,0,0,0.0,-O2 -sv -assert svaext,+UVM_TESTNAME=auto -cm line+tgl,r1p2,10,192,20.0,reg_sweep_test,reg_sweep_seq,APB4+UART
RUN-001126,backpressure_test-001126,Backpressure,APB4,static,4,1,1,even,115200,8,1,level,100,32,32,50,3,ACTIVE,functional,0,16,0,1,UVM_MEDIUM,0,0,0.0,-O2 -sv,+UVM_TESTNAME=auto,r1p0,4,96,10.0,backpressure_test,backpressure_seq,APB4+UART
RUN-001127,reset_recovery_test-001127,Reset_Recovery,APB4,priority,4,7,0,even,460800,64,1,level,100,32,32,100,1,ACTIVE,regression,0,4,1,1,UVM_HIGH,0,0,0.0,-O2 -sv -assert svaext,+UVM_TESTNAME=auto -cm line+tgl,r2p0,5,768,10.0,reset_recovery_test,reset_recovery_seq,APB4+UART
RUN-001128,parity_stress_test-001128,Parity_Stress,APB4,round_robin,4,0,2,odd,921600,4,0,level,100,16,32,250,1,ACTIVE,regression,0,4,0,1,UVM_LOW,0,1,0.0029,-O2 -sv,+UVM_TESTNAME=auto -cm line+tgl,r1p2,1,48,10.0,parity_stress_test,parity_stress_seq,APB4+UART
RUN-001129,irq_storm_test-001129,Irq_Storm,APB4,static,4,2,0,none,460800,16,1,edge,100,32,16,250,2,PASSIVE,stress,0,4,0,1,UVM_MEDIUM,0,1,0.0202,-O2 -sv -assert svaext,+UVM_TESTNAME=auto -cm line+tgl,r1p2,11,192,10.0,irq_storm_test,irq_storm_seq,APB4+UART
RUN-001130,dma_burst_test-001130,Dma_Burst,APB3,round_robin,4,6,0,even,921600,16,1,level,100,32,16,100,3,ACTIVE,functional,1,8,0,0,UVM_HIGH,0,1,0.0098,-O2 -sv,+UVM_TESTNAME=auto,r1p0,2,192,10.0,dma_burst_test,dma_burst_seq,APB3+UART
RUN-001131,parity_stress_test-001131,Parity_Stress,APB4,round_robin,16,7,1,even,230400,64,0,edge,100,32,32,100,2,ACTIVE,functional,0,16,1,1,UVM_MEDIUM,0,0,0.0,-O2 -sv,+UVM_TESTNAME=auto,r1p0,6,768,10.0,parity_stress_test,parity_stress_seq,APB4+UART
RUN-001132,backpressure_test-001132,Backpressure,APB4,static,8,1,4,none,115200,8,1,level,50,32,32,100,1,ACTIVE,functional,0,8,0,1,UVM_HIGH,0,0,0.0,-O2 -sv -assert svaext,+UVM_TESTNAME=auto -cm line+tgl,r1p0,1,96,20.0,backpressure_test,backpressure_seq,APB4+UART
RUN-001133,irq_storm_test-001133,Irq_Storm,APB4,priority,4,1,4,odd,460800,16,0,level,200,16,16,500,2,PASSIVE,functional,0,16,1,1,UVM_HIGH,0,1,0.0315,-O2 -sv -assert svaext,+UVM_TESTNAME=auto,r2p0,6,192,5.0,irq_storm_test,irq_storm_seq,APB4+UART
RUN-001134,reset_recovery_test-001134,Reset_Recovery,APB4,static,4,4,2,none,460800,16,1,edge,200,16,32,100,1,ACTIVE,functional,0,16,1,1,UVM_LOW,1,0,0.0,-O0 -sv -debug,+UVM_TESTNAME=auto -cm line+tgl,r1p2,2,192,5.0,reset_recovery_test,reset_recovery_seq,APB4+UART
RUN-001135,irq_storm_test-001135,Irq_Storm,APB4,static,2,3,4,even,1500000,64,1,level,25,8,32,100,2,ACTIVE,stress,0,16,0,1,UVM_MEDIUM,0,1,0.0005,-O2 -sv,+UVM_TESTNAME=auto,r1p2,7,768,40.0,irq_storm_test,irq_storm_seq,APB4+UART
RUN-001136,parity_stress_test-001136,Parity_Stress,APB3,round_robin,2,6,0,odd,1500000,16,1,edge,100,16,32,250,2,ACTIVE,functional,0,8,0,1,UVM_MEDIUM,0,0,0.0,-O0 -sv -debug,+UVM_TESTNAME=auto,r1p2,2,192,10.0,parity_stress_test,parity_stress_seq,APB3+UART
RUN-001137,backpressure_test-001137,Backpressure,APB3,static,8,6,1,even,115200,32,1,level,100,32,16,500,3,ACTIVE,functional,0,4,1,0,UVM_LOW,1,0,0.0,-O2 -sv,+UVM_TESTNAME=auto,r1p2,4,384,10.0,backpressure_test,backpressure_seq,APB3+UART
RUN-001138,backpressure_test-001138,Backpressure,APB4,static,2,2,1,even,1500000,32,1,level,50,32,32,50,1,ACTIVE,functional,0,4,1,0,UVM_LOW,0,1,0.0182,-O0 -sv -debug,+UVM_TESTNAME=auto,r1p0,6,384,20.0,backpressure_test,backpressure_seq,APB4+UART
RUN-001139,uart_loopback_test-001139,Uart_Loopback,APB4,round_robin,4,3,2,even,460800,64,0,edge,50,32,32,100,1,ACTIVE,regression,0,4,1,1,UVM_MEDIUM,0,1,0.0008,-O2 -sv -assert svaext,+UVM_TESTNAME=auto,r1p0,8,768,20.0,uart_loopback_test,uart_loopback_seq,APB4+UART
RUN-001140,backpressure_test-001140,Backpressure,APB4,round_robin,8,1,1,none,460800,32,0,edge,25,32,16,100,2,ACTIVE,stress,0,8,1,1,UVM_LOW,0,1,0.0359,-O0 -sv -debug,+UVM_TESTNAME=auto -cm line+tgl,r1p2,11,384,40.0,backpressure_test,backpressure_seq,APB4+UART
RUN-001141,uart_loopback_test-001141,Uart_Loopback,APB3,round_robin,2,1,2,even,921600,8,1,edge,50,16,32,250,1,ACTIVE,functional,0,8,0,1,UVM_MEDIUM,0,0,0.0,-O2 -sv,+UVM_TESTNAME=auto,r1p0,4,96,20.0,uart_loopback_test,uart_loopback_seq,APB3+UART
RUN-001142,parity_stress_test-001142,Parity_Stress,APB4,static,16,5,4,odd,460800,32,0,level,100,16,16,100,3,ACTIVE,regression,1,16,1,1,UVM_LOW,1,0,0.0,-O2 -sv,+UVM_TESTNAME=auto -cm line+tgl,r1p2,9,384,10.0,parity_stress_test,parity_stress_seq,APB4+UART
RUN-001143,backpressure_test-001143,Backpressure,APB4,static,16,1,4,even,460800,32,1,level,200,32,16,250,3,ACTIVE,functional,0,8,1,1,UVM_LOW,1,1,0.0049,-O0 -sv -debug,+UVM_TESTNAME=auto,r1p2,9,384,5.0,backpressure_test,backpressure_seq,APB4+UART
RUN-001144,uart_loopback_test-001144,Uart_Loopback,APB4,round_robin,8,3,4,odd,230400,8,0,level,100,16,16,100,3,ACTIVE,regression,1,8,1,1,UVM_LOW,1,0,0.0,-O2 -sv,+UVM_TESTNAME=auto,r1p2,7,96,10.0,uart_loopback_test,uart_loopback_seq,APB4+UART
RUN-001145,reg_sweep_test-001145,Reg_Sweep,APB3,priority,2,0,2,odd,460800,16,0,level,100,32,32,500,1,ACTIVE,regression,0,16,0,0,UVM_MEDIUM,0,0,0.0,-O0 -sv -debug,+UVM_TESTNAME=auto,r2p0,4,192,10.0,reg_sweep_test,reg_sweep_seq,APB3+UART
RUN-001146,uart_loopback_test-001146,Uart_Loopback,APB4,round_robin,4,1,4,none,230400,32,1,level,50,32,32,250,2,PASSIVE,stress,0,8,1,1,UVM_MEDIUM,1,0,0.0,-O2 -sv,+UVM_TESTNAME=auto -cm line+tgl,r1p2,0,384,20.0,uart_loopback_test,uart_loopback_seq,APB4+UART
RUN-001147,parity_stress_test-001147,Parity_Stress,APB4,priority,4,6,4,none,115200,16,0,level,100,32,32,250,2,PASSIVE,functional,0,16,1,0,UVM_LOW,0,1,0.0236,-O2 -sv,+UVM_TESTNAME=auto,r1p0,4,192,10.0,parity_stress_test,parity_stress_seq,APB4+UART
RUN-001148,dma_burst_test-001148,Dma_Burst,APB4,priority,8,2,2,even,460800,8,1,edge,25,16,32,100,1,ACTIVE,regression,1,16,1,1,UVM_MEDIUM,1,0,0.0,-O2 -sv -assert svaext,+UVM_TESTNAME=auto,r1p2,9,96,40.0,dma_burst_test,dma_burst_seq,APB4+UART
RUN-001149,uart_loopback_test-001149,Uart_Loopback,APB3,static,8,7,2,odd,460800,8,0,level,100,32,16,500,3,ACTIVE,functional,0,4,0,1,UVM_HIGH,1,1,0.0254,-O2 -sv,+UVM_TESTNAME=auto,r1p2,2,96,10.0,uart_loopback_test,uart_loopback_seq,APB3+UART
RUN-001150,uart_loopback_test-001150,Uart_Loopback,APB3,priority,8,0,1,none,230400,32,1,level,50,32,32,50,2,ACTIVE,functional,0,4,0,1,UVM_MEDIUM,0,0,0.0,-O2 -sv,+UVM_TESTNAME=auto -cm line+tgl,r1p0,11,384,20.0,uart_loopback_test,uart_loopback_seq,APB3+UART
RUN-001151,backpressure_test-001151,Backpressure,APB3,round_robin,16,2,4,none,1500000,16,0,level,100,32,32,100,2,ACTIVE,functional,0,8,1,1,UVM_MEDIUM,1,0,0.0,-O2 -sv,+UVM_TESTNAME=auto -cm line+tgl,r2p0,2,192,10.0,backpressure_test,backpressure_seq,APB3+UART
RUN-001152,backpressure_test-001152,Backpressure,APB4,priority,2,5,0,odd,115200,64,1,level,25,16,32,100,2,ACTIVE,regression,1,16,0,1,UVM_LOW,1,0,0.0,-O2 -sv,+UVM_TESTNAME=auto,r2p0,3,768,40.0,backpressure_test,backpressure_seq,APB4+UART
RUN-001153,reset_recovery_test-001153,Reset_Recovery,APB3,round_robin,4,5,0,odd,921600,64,0,edge,50,32,32,500,2,PASSIVE,regression,0,8,1,1,UVM_HIGH,1,1,0.0304,-O0 -sv -debug,+UVM_TESTNAME=auto -cm line+tgl,r1p2,9,768,20.0,reset_recovery_test,reset_recovery_seq,APB3+UART
RUN-001154,reset_recovery_test-001154,Reset_Recovery,APB4,static,16,7,1,none,115200,32,1,level,200,32,32,500,1,ACTIVE,stress,0,8,1,1,UVM_HIGH,1,0,0.0,-O2 -sv -assert svaext,+UVM_TESTNAME=auto,r2p0,0,384,5.0,reset_recovery_test,reset_recovery_seq,APB4+UART
RUN-001155,reg_sweep_test-001155,Reg_Sweep,APB4,priority,2,3,0,even,921600,64,1,level,25,32,32,100,1,ACTIVE,regression,0,4,0,0,UVM_MEDIUM,1,0,0.0,-O2 -sv -assert svaext,+UVM_TESTNAME=auto,r1p2,4,768,40.0,reg_sweep_test,reg_sweep_seq,APB4+UART
RUN-001156,reset_recovery_test-001156,Reset_Recovery,APB4,round_robin,4,1,0,none,921600,16,0,level,25,32,32,250,1,ACTIVE,stress,1,8,1,1,UVM_HIGH,1,1,0.0251,-O2 -sv -assert svaext,+UVM_TESTNAME=auto,r1p2,8,192,40.0,reset_recovery_test,reset_recovery_seq,APB4+UART
RUN-001157,uart_loopback_test-001157,Uart_Loopback,APB3,round_robin,4,5,0,even,230400,32,0,level,100,8,32,500,1,ACTIVE,functional,0,8,1,0,UVM_LOW,0,0,0.0,-O0 -sv -debug,+UVM_TESTNAME=auto,r1p2,2,384,10.0,uart_loopback_test,uart_loopback_seq,APB3+UART
RUN-001158,reset_recovery_test-001158,Reset_Recovery,APB3,static,16,3,0,none,921600,4,1,edge,100,16,16,100,2,ACTIVE,stress,0,8,1,1,UVM_MEDIUM,1,1,0.0316,-O0 -sv -debug,+UVM_TESTNAME=auto,r2p0,9,48,10.0,reset_recovery_test,reset_recovery_seq,APB3+UART
RUN-001159,reg_sweep_test-001159,Reg_Sweep,APB3,round_robin,16,3,4,none,115200,16,0,edge,200,16,32,100,1,ACTIVE,regression,0,8,1,1,UVM_LOW,0,0,0.0,-O2 -sv,+UVM_TESTNAME=auto -cm line+tgl,r1p0,8,192,5.0,reg_sweep_test,reg_sweep_seq,APB3+UART
RUN-001160,reset_recovery_test-001160,Reset_Recovery,APB4,round_robin,2,4,2,odd,921600,64,0,edge,200,32,32,500,1,ACTIVE,regression,0,8,1,0,UVM_LOW,0,1,0.0263,-O2 -sv -assert svaext,+UVM_TESTNAME=auto,r1p0,7,768,5.0,reset_recovery_test,reset_recovery_seq,APB4+UART
RUN-001161,backpressure_test-001161,Backpressure,APB4,static,16,6,0,odd,460800,16,1,level,200,32,32,500,1,ACTIVE,regression,0,16,1,1,UVM_HIGH,0,1,0.0188,-O2 -sv -assert svaext,+UVM_TESTNAME=auto -cm line+tgl,r1p2,9,192,5.0,backpressure_test,backpressure_seq,APB4+UART
RUN-001162,uart_loopback_test-001162,Uart_Loopback,APB3,round_robin,4,0,4,none,460800,32,0,edge,25,32,32,50,1,PASSIVE,regression,0,8,0,1,UVM_HIGH,0,0,0.0,-O2 -sv,+UVM_TESTNAME=auto -cm line+tgl,r2p0,6,384,40.0,uart_loopback_test,uart_loopback_seq,APB3+UART
RUN-001163,backpressure_test-001163,Backpressure,APB3,static,4,6,0,odd,460800,32,1,level,100,32,16,50,1,PASSIVE,regression,0,8,1,1,UVM_MEDIUM,0,1,0.0011,-O2 -sv -assert svaext,+UVM_TESTNAME=auto,r1p0,4,384,10.0,backpressure_test,backpressure_seq,APB3+UART
RUN-001164,reg_sweep_test-001164,Reg_Sweep,APB3,static,16,2,0,even,921600,32,0,level,200,16,32,100,2,ACTIVE,regression,0,16,1,1,UVM_MEDIUM,0,0,0.0,-O2 -sv,+UVM_TESTNAME=auto -cm line+tgl,r1p2,10,384,5.0,reg_sweep_test,reg_sweep_seq,APB3+UART
RUN-001165,irq_storm_test-001165,Irq_Storm,APB4,static,2,1,1,even,1500000,4,0,edge,50,16,32,50,2,ACTIVE,regression,0,4,1,0,UVM_MEDIUM,0,1,0.0246,-O2 -sv -assert svaext,+UVM_TESTNAME=auto,r2p0,7,48,20.0,irq_storm_test,irq_storm_seq,APB4+UART
RUN-001166,backpressure_test-001166,Backpressure,APB3,static,4,2,2,even,921600,32,0,level,50,32,16,250,3,ACTIVE,functional,0,16,0,1,UVM_MEDIUM,1,0,0.0,-O2 -sv,+UVM_TESTNAME=auto -cm line+tgl,r2p0,10,384,20.0,backpressure_test,backpressure_seq,APB3+UART
RUN-001167,irq_storm_test-001167,Irq_Storm,APB3,priority,4,3,1,none,1500000,16,0,level,100,32,32,100,2,ACTIVE,stress,0,8,1,1,UVM_LOW,0,0,0.0,-O2 -sv,+UVM_TESTNAME=auto,r1p2,0,192,10.0,irq_storm_test,irq_storm_seq,APB3+UART
RUN-001168,reg_sweep_test-001168,Reg_Sweep,APB4,priority,4,1,1,odd,921600,4,1,level,100,8,16,100,3,ACTIVE,regression,0,16,1,1,UVM_LOW,1,0,0.0,-O0 -sv -debug,+UVM_TESTNAME=auto,r1p2,8,48,10.0,reg_sweep_test,reg_sweep_seq,APB4+UART
RUN-001169,reg_sweep_test-001169,Reg_Sweep,APB4,round_robin,4,5,0,even,460800,64,1,edge,100,32,16,50,3,PASSIVE,functional,0,4,1,1,UVM_LOW,0,0,0.0,-O2 -sv,+UVM_TESTNAME=auto,r1p0,6,768,10.0,reg_sweep_test,reg_sweep_seq,APB4+UART
RUN-001170,reg_sweep_test-001170,Reg_Sweep,APB3,round_robin,2,6,0,odd,921600,16,1,edge,25,32,32,250,2,ACTIVE,stress,0,16,0,1,UVM_HIGH,0,1,0.0047,-O2 -sv -assert svaext,+UVM_TESTNAME=auto -cm line+tgl,r1p2,8,192,40.0,reg_sweep_test,reg_sweep_seq,APB3+UART
RUN-001171,reg_sweep_test-001171,Reg_Sweep,APB3,round_robin,4,1,4,odd,115200,4,1,edge,200,16,32,100,2,ACTIVE,stress,0,4,0,1,UVM_MEDIUM,0,0,0.0,-O2 -sv,+UVM_TESTNAME=auto,r2p0,1,48,5.0,reg_sweep_test,reg_sweep_seq,APB3+UART
RUN-001172,reg_sweep_test-001172,Reg_Sweep,APB3,static,4,1,0,even,1500000,32,1,level,200,16,16,500,2,PASSIVE,stress,1,4,1,1,UVM_MEDIUM,0,0,0.0,-O0 -sv -debug,+UVM_TESTNAME=auto,r1p0,0,384,5.0,reg_sweep_test,reg_sweep_seq,APB3+UART
RUN-001173,reset_recovery_test-001173,Reset_Recovery,APB3,priority,16,0,1,odd,230400,32,1,level,100,8,32,100,3,ACTIVE,stress,1,4,0,1,UVM_MEDIUM,0,1,0.0169,-O2 -sv,+UVM_TESTNAME=auto,r1p2,4,384,10.0,reset_recovery_test,reset_recovery_seq,APB3+UART
RUN-001174,reg_sweep_test-001174,Reg_Sweep,APB3,round_robin,8,0,0,even,115200,64,1,level,200,8,16,100,2,ACTIVE,functional,1,8,1,1,UVM_MEDIUM,0,0,0.0,-O2 -sv -assert svaext,+UVM_TESTNAME=auto -cm line+tgl,r1p0,10,768,5.0,reg_sweep_test,reg_sweep_seq,APB3+UART
RUN-001175,parity_stress_test-001175,Parity_Stress,APB3,priority,4,3,4,even,115200,32,1,level,25,16,16,250,2,ACTIVE,functional,0,8,1,1,UVM_MEDIUM,1,0,0.0,-O2 -sv -assert svaext,+UVM_TESTNAME=auto -cm line+tgl,r1p2,9,384,40.0,parity_stress_test,parity_stress_seq,APB3+UART
RUN-001176,irq_storm_test-001176,Irq_Storm,APB3,priority,4,4,2,none,921600,8,0,level,50,16,32,100,1,ACTIVE,functional,1,8,0,1,UVM_LOW,0,1,0.0004,-O0 -sv -debug,+UVM_TESTNAME=auto,r1p0,7,96,20.0,irq_storm_test,irq_storm_seq,APB3+UART
RUN-001177,reg_sweep_test-001177,Reg_Sweep,APB4,round_robin,16,4,0,none,460800,32,1,level,25,32,32,250,2,PASSIVE,functional,0,8,1,1,UVM_LOW,1,0,0.0,-O2 -sv -assert svaext,+UVM_TESTNAME=auto -cm line+tgl,r1p2,11,384,40.0,reg_sweep_test,reg_sweep_seq,APB4+UART
RUN-001178,reg_sweep_test-001178,Reg_Sweep,APB4,priority,4,6,0,even,230400,8,1,edge,100,32,32,500,3,PASSIVE,stress,0,8,1,1,UVM_MEDIUM,1,1,0.0136,-O0 -sv -debug,+UVM_TESTNAME=auto -cm line+tgl,r1p2,5,96,10.0,reg_sweep_test,reg_sweep_seq,APB4+UART
RUN-001179,dma_burst_test-001179,Dma_Burst,APB3,round_robin,2,2,0,even,1500000,32,1,edge,100,32,32,50,1,ACTIVE,regression,0,16,1,1,UVM_MEDIUM,1,1,0.0214,-O2 -sv,+UVM_TESTNAME=auto -cm line+tgl,r2p0,1,384,10.0,dma_burst_test,dma_burst_seq,APB3+UART
RUN-001180,uart_loopback_test-001180,Uart_Loopback,APB3,round_robin,16,1,1,even,115200,16,0,level,25,32,32,250,2,ACTIVE,stress,1,8,0,1,UVM_LOW,0,0,0.0,-O2 -sv,+UVM_TESTNAME=auto -cm line+tgl,r1p2,1,192,40.0,uart_loopback_test,uart_loopback_seq,APB3+UART
RUN-001181,irq_storm_test-001181,Irq_Storm,APB4,round_robin,4,7,0,even,230400,4,0,edge,100,32,16,250,1,ACTIVE,functional,0,16,0,1,UVM_MEDIUM,1,1,0.0388,-O2 -sv -assert svaext,+UVM_TESTNAME=auto -cm line+tgl,r1p2,10,48,10.0,irq_storm_test,irq_storm_seq,APB4+UART
RUN-001182,irq_storm_test-001182,Irq_Storm,APB4,round_robin,8,2,2,odd,921600,64,0,level,200,32,32,50,2,ACTIVE,stress,0,8,1,1,UVM_LOW,0,0,0.0,-O2 -sv -assert svaext,+UVM_TESTNAME=auto,r1p2,4,768,5.0,irq_storm_test,irq_storm_seq,APB4+UART
RUN-001183,backpressure_test-001183,Backpressure,APB4,round_robin,4,1,1,even,115200,32,1,edge,50,8,32,250,2,PASSIVE,regression,1,16,0,1,UVM_LOW,0,1,0.0043,-O2 -sv -assert svaext,+UVM_TESTNAME=auto,r1p2,9,384,20.0,backpressure_test,backpressure_seq,APB4+UART
RUN-001184,backpressure_test-001184,Backpressure,APB3,priority,4,4,2,even,115200,4,0,level,200,32,16,500,1,ACTIVE,stress,0,4,0,0,UVM_LOW,0,0,0.0,-O2 -sv -assert svaext,+UVM_TESTNAME=auto,r1p0,11,48,5.0,backpressure_test,backpressure_seq,APB3+UART
RUN-001185,parity_stress_test-001185,Parity_Stress,APB4,static,8,2,1,none,460800,32,1,edge,100,32,16,100,2,ACTIVE,functional,0,4,1,0,UVM_HIGH,1,0,0.0,-O2 -sv,+UVM_TESTNAME=auto,r1p2,7,384,10.0,parity_stress_test,parity_stress_seq,APB4+UART
RUN-001186,uart_loopback_test-001186,Uart_Loopback,APB3,priority,2,1,1,odd,1500000,16,0,level,25,32,32,250,2,ACTIVE,regression,1,16,1,1,UVM_MEDIUM,0,0,0.0,-O2 -sv -assert svaext,+UVM_TESTNAME=auto -cm line+tgl,r2p0,2,192,40.0,uart_loopback_test,uart_loopback_seq,APB3+UART
RUN-001187,parity_stress_test-001187,Parity_Stress,APB3,round_robin,2,2,4,even,115200,16,1,edge,25,32,32,100,3,ACTIVE,regression,1,8,1,1,UVM_LOW,0,1,0.0214,-O2 -sv,+UVM_TESTNAME=auto -cm line+tgl,r1p0,4,192,40.0,parity_stress_test,parity_stress_seq,APB3+UART
RUN-001188,backpressure_test-001188,Backpressure,APB3,static,16,4,0,odd,115200,4,0,edge,100,16,32,50,2,ACTIVE,functional,0,8,1,1,UVM_MEDIUM,0,1,0.0158,-O2 -sv -assert svaext,+UVM_TESTNAME=auto,r2p0,5,48,10.0,backpressure_test,backpressure_seq,APB3+UART
RUN-001189,irq_storm_test-001189,Irq_Storm,APB4,priority,2,5,2,none,230400,8,0,edge,50,8,32,100,3,ACTIVE,regression,0,8,1,1,UVM_LOW,0,0,0.0,-O2 -sv,+UVM_TESTNAME=auto,r2p0,10,96,20.0,irq_storm_test,irq_storm_seq,APB4+UART
RUN-001190,reg_sweep_test-001190,Reg_Sweep,APB4,priority,2,7,1,even,1500000,16,1,edge,50,8,32,500,2,ACTIVE,functional,0,8,1,1,UVM_MEDIUM,0,0,0.0,-O0 -sv -debug,+UVM_TESTNAME=auto,r1p0,3,192,20.0,reg_sweep_test,reg_sweep_seq,APB4+UART
RUN-001191,irq_storm_test-001191,Irq_Storm,APB4,round_robin,4,5,0,even,115200,32,0,edge,25,8,32,50,2,ACTIVE,regression,0,4,1,1,UVM_MEDIUM,1,1,0.0306,-O2 -sv -assert svaext,+UVM_TESTNAME=auto -cm line+tgl,r1p2,10,384,40.0,irq_storm_test,irq_storm_seq,APB4+UART
RUN-001192,reg_sweep_test-001192,Reg_Sweep,APB3,priority,16,2,0,even,230400,32,0,level,100,16,16,500,1,ACTIVE,stress,0,16,1,0,UVM_HIGH,0,1,0.0385,-O0 -sv -debug,+UVM_TESTNAME=auto,r1p2,3,384,10.0,reg_sweep_test,reg_sweep_seq,APB3+UART
RUN-001193,dma_burst_test-001193,Dma_Burst,APB3,round_robin,4,1,0,none,230400,16,1,level,100,32,32,500,3,ACTIVE,regression,0,4,1,1,UVM_LOW,0,1,0.0052,-O0 -sv -debug,+UVM_TESTNAME=auto,r2p0,3,192,10.0,dma_burst_test,dma_burst_seq,APB3+UART
RUN-001194,backpressure_test-001194,Backpressure,APB4,priority,4,7,1,even,115200,32,1,edge,25,16,16,500,1,PASSIVE,functional,1,16,1,1,UVM_HIGH,0,1,0.0124,-O2 -sv -assert svaext,+UVM_TESTNAME=auto -cm line+tgl,r2p0,9,384,40.0,backpressure_test,backpressure_seq,APB4+UART
RUN-001195,reset_recovery_test-001195,Reset_Recovery,APB3,round_robin,8,6,0,odd,115200,4,0,edge,50,32,32,250,2,PASSIVE,functional,0,8,0,1,UVM_LOW,0,1,0.0186,-O2 -sv,+UVM_TESTNAME=auto,r1p2,10,48,20.0,reset_recovery_test,reset_recovery_seq,APB3+UART
RUN-001196,dma_burst_test-001196,Dma_Burst,APB4,static,2,7,4,odd,460800,64,0,edge,25,32,16,500,2,ACTIVE,regression,0,4,1,1,UVM_LOW,0,1,0.0233,-O0 -sv -debug,+UVM_TESTNAME=auto,r1p0,3,768,40.0,dma_burst_test,dma_burst_seq,APB4+UART
RUN-001197,reg_sweep_test-001197,Reg_Sweep,APB3,priority,2,2,0,none,1500000,32,1,edge,25,32,32,50,2,ACTIVE,stress,0,8,1,1,UVM_MEDIUM,0,0,0.0,-O0 -sv -debug,+UVM_TESTNAME=auto,r2p0,4,384,40.0,reg_sweep_test,reg_sweep_seq,APB3+UART
RUN-001198,irq_storm_test-001198,Irq_Storm,APB3,round_robin,4,0,1,even,921600,32,1,level,200,32,32,50,1,ACTIVE,regression,0,8,1,1,UVM_MEDIUM,0,0,0.0,-O2 -sv,+UVM_TESTNAME=auto,r1p0,8,384,5.0,irq_storm_test,irq_storm_seq,APB3+UART
RUN-001199,backpressure_test-001199,Backpressure,APB3,round_robin,4,1,0,even,921600,16,1,edge,100,16,16,250,3,ACTIVE,functional,0,16,0,1,UVM_HIGH,0,0,0.0,-O0 -sv -debug,+UVM_TESTNAME=auto,r1p2,7,192,10.0,backpressure_test,backpressure_seq,APB3+UART
RUN-001200,irq_storm_test-001200,Irq_Storm,APB3,round_robin,4,1,0,odd,921600,32,0,edge,100,32,32,500,1,ACTIVE,stress,0,8,0,1,UVM_LOW,0,1,0.0007,-O2 -sv -assert svaext,+UVM_TESTNAME=auto,r1p0,8,384,10.0,irq_storm_test,irq_storm_seq,APB3+UART
RUN-001201,reset_recovery_test-001201,Reset_Recovery,APB3,priority,2,3,1,none,115200,16,1,edge,25,8,32,250,1,ACTIVE,stress,0,8,0,1,UVM_LOW,1,0,0.0,-O0 -sv -debug,+UVM_TESTNAME=auto -cm line+tgl,r1p2,3,192,40.0,reset_recovery_test,reset_recovery_seq,APB3+UART
RUN-001202,dma_burst_test-001202,Dma_Burst,APB4,round_robin,2,5,1,none,230400,64,1,edge,100,16,32,500,2,ACTIVE,regression,1,16,0,1,UVM_MEDIUM,1,0,0.0,-O2 -sv -assert svaext,+UVM_TESTNAME=auto -cm line+tgl,r2p0,8,768,10.0,dma_burst_test,dma_burst_seq,APB4+UART
RUN-001203,uart_loopback_test-001203,Uart_Loopback,APB3,static,8,3,0,odd,230400,64,0,edge,25,32,16,250,3,ACTIVE,functional,0,8,1,0,UVM_MEDIUM,1,0,0.0,-O2 -sv -assert svaext,+UVM_TESTNAME=auto,r1p0,4,768,40.0,uart_loopback_test,uart_loopback_seq,APB3+UART
RUN-001204,reg_sweep_test-001204,Reg_Sweep,APB4,round_robin,4,4,0,even,230400,32,1,edge,50,8,32,250,2,ACTIVE,functional,0,16,0,1,UVM_MEDIUM,0,0,0.0,-O2 -sv -assert svaext,+UVM_TESTNAME=auto -cm line+tgl,r1p2,7,384,20.0,reg_sweep_test,reg_sweep_seq,APB4+UART
RUN-001205,parity_stress_test-001205,Parity_Stress,APB4,round_robin,2,5,0,none,1500000,8,1,level,100,32,32,250,3,ACTIVE,regression,0,16,1,1,UVM_LOW,0,1,0.0196,-O2 -sv,+UVM_TESTNAME=auto -cm line+tgl,r1p2,8,96,10.0,parity_stress_test,parity_stress_seq,APB4+UART
RUN-001206,irq_storm_test-001206,Irq_Storm,APB3,priority,4,2,1,even,115200,32,1,level,50,32,32,250,1,ACTIVE,functional,0,16,1,1,UVM_MEDIUM,0,1,0.0294,-O2 -sv,+UVM_TESTNAME=auto,r1p2,6,384,20.0,irq_storm_test,irq_storm_seq,APB3+UART
RUN-001207,dma_burst_test-001207,Dma_Burst,APB3,round_robin,2,0,1,even,460800,8,1,edge,25,16,16,50,2,ACTIVE,regression,0,8,1,1,UVM_LOW,0,0,0.0,-O0 -sv -debug,+UVM_TESTNAME=auto -cm line+tgl,r1p2,1,96,40.0,dma_burst_test,dma_burst_seq,APB3+UART
RUN-001208,reg_sweep_test-001208,Reg_Sweep,APB4,round_robin,8,4,0,even,230400,8,1,level,50,32,32,250,3,ACTIVE,stress,0,8,1,0,UVM_MEDIUM,1,0,0.0,-O0 -sv -debug,+UVM_TESTNAME=auto,r1p2,8,96,20.0,reg_sweep_test,reg_sweep_seq,APB4+UART
RUN-001209,irq_storm_test-001209,Irq_Storm,APB3,round_robin,2,7,0,odd,115200,16,0,edge,25,32,32,100,2,ACTIVE,functional,0,16,1,1,UVM_MEDIUM,0,1,0.0259,-O2 -sv -assert svaext,+UVM_TESTNAME=auto -cm line+tgl,r1p2,10,192,40.0,irq_storm_test,irq_storm_seq,APB3+UART
RUN-001210,uart_loopback_test-001210,Uart_Loopback,APB4,round_robin,2,1,4,odd,1500000,32,1,edge,100,32,32,100,3,ACTIVE,regression,1,16,1,0,UVM_LOW,0,0,0.0,-O2 -sv -assert svaext,+UVM_TESTNAME=auto,r1p2,4,384,10.0,uart_loopback_test,uart_loopback_seq,APB4+UART
RUN-001211,reg_sweep_test-001211,Reg_Sweep,APB3,round_robin,8,3,1,none,230400,64,1,edge,25,16,16,100,1,ACTIVE,regression,0,8,0,1,UVM_MEDIUM,1,0,0.0,-O2 -sv,+UVM_TESTNAME=auto,r1p2,3,768,40.0,reg_sweep_test,reg_sweep_seq,APB3+UART
RUN-001212,uart_loopback_test-001212,Uart_Loopback,APB4,static,2,4,2,odd,921600,4,0,level,200,8,32,250,1,ACTIVE,functional,0,8,1,1,UVM_MEDIUM,0,0,0.0,-O2 -sv -assert svaext,+UVM_TESTNAME=auto -cm line+tgl,r1p0,5,48,5.0,uart_loopback_test,uart_loopback_seq,APB4+UART
RUN-001213,backpressure_test-001213,Backpressure,APB4,priority,4,0,1,none,921600,64,0,edge,100,32,32,50,2,ACTIVE,regression,0,16,1,0,UVM_LOW,1,0,0.0,-O2 -sv -assert svaext,+UVM_TESTNAME=auto,r2p0,4,768,10.0,backpressure_test,backpressure_seq,APB4+UART
RUN-001214,reset_recovery_test-001214,Reset_Recovery,APB4,priority,2,7,1,odd,460800,16,0,level,100,8,16,500,1,ACTIVE,functional,0,8,0,1,UVM_LOW,0,1,0.0375,-O2 -sv,+UVM_TESTNAME=auto -cm line+tgl,r2p0,8,192,10.0,reset_recovery_test,reset_recovery_seq,APB4+UART
RUN-001215,uart_loopback_test-001215,Uart_Loopback,APB4,static,8,7,0,none,460800,4,1,edge,25,32,32,50,2,ACTIVE,regression,0,16,1,1,UVM_HIGH,1,1,0.0099,-O2 -sv,+UVM_TESTNAME=auto,r1p0,2,48,40.0,uart_loopback_test,uart_loopback_seq,APB4+UART
RUN-001216,reset_recovery_test-001216,Reset_Recovery,APB3,static,2,2,2,none,115200,8,1,edge,25,8,32,50,2,ACTIVE,stress,0,16,1,1,UVM_LOW,0,1,0.0091,-O2 -sv,+UVM_TESTNAME=auto,r2p0,4,96,40.0,reset_recovery_test,reset_recovery_seq,APB3+UART
RUN-001217,irq_storm_test-001217,Irq_Storm,APB4,static,8,2,2,none,230400,64,1,edge,100,16,32,50,1,ACTIVE,stress,0,4,0,1,UVM_MEDIUM,1,1,0.0062,-O2 -sv -assert svaext,+UVM_TESTNAME=auto,r1p2,5,768,10.0,irq_storm_test,irq_storm_seq,APB4+UART
RUN-001218,backpressure_test-001218,Backpressure,APB3,static,2,1,0,even,115200,16,0,edge,50,32,32,100,2,ACTIVE,regression,1,8,0,1,UVM_HIGH,0,1,0.011,-O2 -sv,+UVM_TESTNAME=auto -cm line+tgl,r1p2,6,192,20.0,backpressure_test,backpressure_seq,APB3+UART
RUN-001219,dma_burst_test-001219,Dma_Burst,APB3,static,8,5,2,even,460800,64,1,edge,100,32,16,100,1,ACTIVE,regression,0,4,1,1,UVM_MEDIUM,0,1,0.0078,-O2 -sv,+UVM_TESTNAME=auto,r1p2,4,768,10.0,dma_burst_test,dma_burst_seq,APB3+UART
RUN-001220,reg_sweep_test-001220,Reg_Sweep,APB4,priority,4,3,0,even,115200,16,0,level,25,16,32,500,1,ACTIVE,functional,0,16,1,1,UVM_LOW,0,0,0.0,-O2 -sv,+UVM_TESTNAME=auto -cm line+tgl,r1p0,9,192,40.0,reg_sweep_test,reg_sweep_seq,APB4+UART
RUN-001221,backpressure_test-001221,Backpressure,APB4,round_robin,8,4,0,even,921600,4,0,level,50,32,16,250,1,ACTIVE,regression,0,8,1,1,UVM_LOW,0,1,0.0371,-O2 -sv -assert svaext,+UVM_TESTNAME=auto,r2p0,6,48,20.0,backpressure_test,backpressure_seq,APB4+UART
RUN-001222,backpressure_test-001222,Backpressure,APB4,round_robin,8,3,2,none,1500000,4,1,edge,25,32,32,100,3,ACTIVE,regression,0,8,1,1,UVM_LOW,0,0,0.0,-O0 -sv -debug,+UVM_TESTNAME=auto,r1p0,1,48,40.0,backpressure_test,backpressure_seq,APB4+UART
RUN-001223,irq_storm_test-001223,Irq_Storm,APB4,round_robin,2,7,1,none,1500000,8,1,level,50,32,32,500,3,ACTIVE,regression,0,16,1,1,UVM_LOW,0,0,0.0,-O0 -sv -debug,+UVM_TESTNAME=auto,r1p2,1,96,20.0,irq_storm_test,irq_storm_seq,APB4+UART
RUN-001224,backpressure_test-001224,Backpressure,APB4,round_robin,2,1,1,even,921600,16,1,edge,200,32,16,250,2,ACTIVE,regression,0,4,0,1,UVM_MEDIUM,0,0,0.0,-O0 -sv -debug,+UVM_TESTNAME=auto -cm line+tgl,r2p0,4,192,5.0,backpressure_test,backpressure_seq,APB4+UART
RUN-001225,reset_recovery_test-001225,Reset_Recovery,APB3,priority,8,2,0,none,115200,32,0,level,25,8,16,250,1,ACTIVE,stress,1,4,1,1,UVM_LOW,0,0,0.0,-O2 -sv -assert svaext,+UVM_TESTNAME=auto,r1p2,11,384,40.0,reset_recovery_test,reset_recovery_seq,APB3+UART
RUN-001226,parity_stress_test-001226,Parity_Stress,APB3,static,8,2,0,none,115200,32,1,edge,50,32,32,250,1,ACTIVE,stress,0,8,0,1,UVM_LOW,0,1,0.0394,-O2 -sv,+UVM_TESTNAME=auto,r1p2,10,384,20.0,parity_stress_test,parity_stress_seq,APB3+UART
RUN-001227,reg_sweep_test-001227,Reg_Sweep,APB4,priority,16,4,1,even,460800,16,0,edge,100,16,32,250,2,ACTIVE,functional,0,8,1,1,UVM_LOW,1,0,0.0,-O2 -sv,+UVM_TESTNAME=auto,r1p2,5,192,10.0,reg_sweep_test,reg_sweep_seq,APB4+UART
RUN-001228,dma_burst_test-001228,Dma_Burst,APB4,round_robin,4,5,1,odd,921600,16,1,edge,100,16,32,500,2,ACTIVE,functional,0,16,1,1,UVM_LOW,0,0,0.0,-O2 -sv -assert svaext,+UVM_TESTNAME=auto -cm line+tgl,r1p0,5,192,10.0,dma_burst_test,dma_burst_seq,APB4+UART
RUN-001229,backpressure_test-001229,Backpressure,APB4,static,4,6,4,even,230400,8,0,level,100,16,16,100,1,ACTIVE,regression,0,4,1,1,UVM_HIGH,1,0,0.0,-O0 -sv -debug,+UVM_TESTNAME=auto -cm line+tgl,r1p0,10,96,10.0,backpressure_test,backpressure_seq,APB4+UART
RUN-001230,backpressure_test-001230,Backpressure,APB3,static,2,7,2,even,230400,4,1,level,100,16,32,100,1,PASSIVE,functional,0,4,1,1,UVM_HIGH,0,0,0.0,-O0 -sv -debug,+UVM_TESTNAME=auto -cm line+tgl,r1p2,1,48,10.0,backpressure_test,backpressure_seq,APB3+UART
RUN-001231,dma_burst_test-001231,Dma_Burst,APB4,priority,4,0,2,even,460800,16,0,level,100,16,32,50,1,ACTIVE,stress,0,8,1,1,UVM_LOW,0,0,0.0,-O2 -sv -assert svaext,+UVM_TESTNAME=auto,r2p0,9,192,10.0,dma_burst_test,dma_burst_seq,APB4+UART
RUN-001232,irq_storm_test-001232,Irq_Storm,APB3,round_robin,8,4,0,none,460800,4,0,edge,25,32,32,500,2,ACTIVE,functional,0,8,1,1,UVM_LOW,0,0,0.0,-O2 -sv,+UVM_TESTNAME=auto,r1p0,4,48,40.0,irq_storm_test,irq_storm_seq,APB3+UART
RUN-001233,reg_sweep_test-001233,Reg_Sweep,APB4,priority,8,1,2,even,460800,8,0,edge,100,32,32,500,2,ACTIVE,functional,0,4,1,1,UVM_MEDIUM,0,0,0.0,-O2 -sv,+UVM_TESTNAME=auto,r2p0,5,96,10.0,reg_sweep_test,reg_sweep_seq,APB4+UART
RUN-001234,parity_stress_test-001234,Parity_Stress,APB4,round_robin,16,5,2,none,230400,16,1,level,25,32,32,500,2,PASSIVE,functional,1,16,1,1,UVM_MEDIUM,0,1,0.0189,-O2 -sv -assert svaext,+UVM_TESTNAME=auto -cm line+tgl,r1p2,9,192,40.0,parity_stress_test,parity_stress_seq,APB4+UART
RUN-001235,dma_burst_test-001235,Dma_Burst,APB3,priority,2,3,1,none,1500000,8,0,edge,100,16,32,50,2,ACTIVE,stress,0,8,1,1,UVM_MEDIUM,0,1,0.0253,-O2 -sv,+UVM_TESTNAME=auto,r1p2,2,96,10.0,dma_burst_test,dma_burst_seq,APB3+UART
RUN-001236,backpressure_test-001236,Backpressure,APB4,round_robin,8,0,0,none,230400,8,1,edge,100,16,16,250,1,ACTIVE,regression,0,4,1,1,UVM_MEDIUM,0,1,0.0374,-O2 -sv -assert svaext,+UVM_TESTNAME=auto,r1p2,0,96,10.0,backpressure_test,backpressure_seq,APB4+UART
RUN-001237,reg_sweep_test-001237,Reg_Sweep,APB4,priority,2,0,1,none,115200,32,1,level,200,16,16,50,1,PASSIVE,functional,0,16,1,1,UVM_LOW,0,0,0.0,-O2 -sv -assert svaext,+UVM_TESTNAME=auto -cm line+tgl,r1p2,2,384,5.0,reg_sweep_test,reg_sweep_seq,APB4+UART
RUN-001238,dma_burst_test-001238,Dma_Burst,APB3,priority,2,2,1,none,115200,4,0,edge,50,16,32,100,1,ACTIVE,stress,0,8,1,1,UVM_HIGH,0,0,0.0,-O0 -sv -debug,+UVM_TESTNAME=auto,r1p2,6,48,20.0,dma_burst_test,dma_burst_seq,APB3+UART
RUN-001239,irq_storm_test-001239,Irq_Storm,APB3,priority,4,3,0,even,115200,16,0,level,50,32,16,100,3,ACTIVE,functional,0,16,0,1,UVM_MEDIUM,1,1,0.0079,-O2 -sv -assert svaext,+UVM_TESTNAME=auto,r1p2,0,192,20.0,irq_storm_test,irq_storm_seq,APB3+UART
RUN-001240,uart_loopback_test-001240,Uart_Loopback,APB4,round_robin,8,3,1,odd,1500000,16,1,level,50,16,32,100,1,ACTIVE,regression,1,4,1,0,UVM_HIGH,0,0,0.0,-O2 -sv,+UVM_TESTNAME=auto -cm line+tgl,r2p0,5,192,20.0,uart_loopback_test,uart_loopback_seq,APB4+UART
RUN-001241,parity_stress_test-001241,Parity_Stress,APB3,round_robin,4,7,0,none,921600,32,0,edge,100,32,32,100,3,ACTIVE,regression,0,8,0,1,UVM_LOW,1,1,0.0313,-O0 -sv -debug,+UVM_TESTNAME=auto -cm line+tgl,r1p2,4,384,10.0,parity_stress_test,parity_stress_seq,APB3+UART
RUN-001242,uart_loopback_test-001242,Uart_Loopback,APB3,static,2,5,2,even,115200,32,1,edge,50,16,16,250,2,ACTIVE,stress,0,8,0,1,UVM_HIGH,0,1,0.0236,-O2 -sv,+UVM_TESTNAME=auto -cm line+tgl,r2p0,9,384,20.0,uart_loopback_test,uart_loopback_seq,APB3+UART
RUN-001243,irq_storm_test-001243,Irq_Storm,APB3,round_robin,2,5,0,none,921600,8,1,level,50,8,32,250,1,ACTIVE,stress,0,4,0,1,UVM_LOW,0,0,0.0,-O2 -sv,+UVM_TESTNAME=auto,r2p0,2,96,20.0,irq_storm_test,irq_storm_seq,APB3+UART
RUN-001244,uart_loopback_test-001244,Uart_Loopback,APB3,round_robin,2,3,1,even,115200,8,1,level,100,32,32,50,3,ACTIVE,regression,0,4,0,1,UVM_HIGH,0,1,0.0353,-O2 -sv,+UVM_TESTNAME=auto -cm line+tgl,r1p2,6,96,10.0,uart_loopback_test,uart_loopback_seq,APB3+UART
RUN-001245,parity_stress_test-001245,Parity_Stress,APB4,static,4,5,1,even,115200,16,0,level,25,8,32,50,3,PASSIVE,stress,1,8,0,1,UVM_HIGH,0,1,0.0047,-O2 -sv,+UVM_TESTNAME=auto,r1p0,10,192,40.0,parity_stress_test,parity_stress_seq,APB4+UART
RUN-001246,uart_loopback_test-001246,Uart_Loopback,APB4,static,2,2,1,none,460800,8,0,level,100,16,16,250,3,ACTIVE,functional,0,16,1,1,UVM_LOW,0,0,0.0,-O0 -sv -debug,+UVM_TESTNAME=auto,r2p0,2,96,10.0,uart_loopback_test,uart_loopback_seq,APB4+UART
RUN-001247,reset_recovery_test-001247,Reset_Recovery,APB4,round_robin,2,0,4,none,921600,64,1,level,50,32,32,50,3,PASSIVE,stress,1,8,1,0,UVM_MEDIUM,0,0,0.0,-O2 -sv,+UVM_TESTNAME=auto -cm line+tgl,r1p2,6,768,20.0,reset_recovery_test,reset_recovery_seq,APB4+UART
RUN-001248,uart_loopback_test-001248,Uart_Loopback,APB3,static,16,3,4,none,460800,8,0,edge,100,16,16,100,2,PASSIVE,functional,0,8,0,1,UVM_MEDIUM,0,0,0.0,-O2 -sv,+UVM_TESTNAME=auto,r2p0,2,96,10.0,uart_loopback_test,uart_loopback_seq,APB3+UART
RUN-001249,reset_recovery_test-001249,Reset_Recovery,APB3,round_robin,2,2,0,none,1500000,32,1,edge,25,32,32,50,1,ACTIVE,functional,0,16,1,1,UVM_MEDIUM,0,1,0.0106,-O2 -sv,+UVM_TESTNAME=auto -cm line+tgl,r1p0,1,384,40.0,reset_recovery_test,reset_recovery_seq,APB3+UART
RUN-001250,reset_recovery_test-001250,Reset_Recovery,APB4,round_robin,8,0,4,none,460800,4,0,level,25,32,32,500,2,ACTIVE,regression,0,8,1,1,UVM_LOW,1,0,0.0,-O2 -sv -assert svaext,+UVM_TESTNAME=auto -cm line+tgl,r1p2,3,48,40.0,reset_recovery_test,reset_recovery_seq,APB4+UART
RUN-001251,dma_burst_test-001251,Dma_Burst,APB3,priority,2,1,4,none,115200,8,0,edge,200,32,16,50,1,ACTIVE,regression,0,4,1,1,UVM_LOW,0,0,0.0,-O2 -sv,+UVM_TESTNAME=auto,r1p0,10,96,5.0,dma_burst_test,dma_burst_seq,APB3+UART
RUN-001252,reset_recovery_test-001252,Reset_Recovery,APB4,priority,8,1,1,none,921600,16,0,edge,100,8,32,50,2,ACTIVE,functional,0,8,0,1,UVM_HIGH,0,0,0.0,-O2 -sv -assert svaext,+UVM_TESTNAME=auto -cm line+tgl,r1p0,2,192,10.0,reset_recovery_test,reset_recovery_seq,APB4+UART
RUN-001253,dma_burst_test-001253,Dma_Burst,APB3,priority,2,3,0,none,230400,32,0,level,200,32,32,50,1,ACTIVE,functional,1,4,1,1,UVM_MEDIUM,0,1,0.0064,-O2 -sv,+UVM_TESTNAME=auto,r1p2,10,384,5.0,dma_burst_test,dma_burst_seq,APB3+UART
RUN-001254,dma_burst_test-001254,Dma_Burst,APB4,priority,16,6,0,odd,230400,4,0,level,50,8,16,250,3,ACTIVE,functional,0,16,1,1,UVM_MEDIUM,0,0,0.0,-O2 -sv,+UVM_TESTNAME=auto,r1p2,6,48,20.0,dma_burst_test,dma_burst_seq,APB4+UART
RUN-001255,uart_loopback_test-001255,Uart_Loopback,APB3,round_robin,8,0,2,none,921600,32,0,level,200,16,32,100,1,ACTIVE,functional,0,8,1,0,UVM_MEDIUM,0,1,0.0303,-O2 -sv,+UVM_TESTNAME=auto,r1p0,1,384,5.0,uart_loopback_test,uart_loopback_seq,APB3+UART
RUN-001256,dma_burst_test-001256,Dma_Burst,APB3,priority,2,4,1,even,460800,4,0,level,25,32,32,500,3,ACTIVE,functional,0,8,0,1,UVM_MEDIUM,0,0,0.0,-O2 -sv -assert svaext,+UVM_TESTNAME=auto -cm line+tgl,r1p0,1,48,40.0,dma_burst_test,dma_burst_seq,APB3+UART
RUN-001257,irq_storm_test-001257,Irq_Storm,APB4,priority,4,6,2,odd,115200,8,1,edge,50,32,16,50,1,ACTIVE,stress,0,8,1,1,UVM_HIGH,0,1,0.0084,-O0 -sv -debug,+UVM_TESTNAME=auto,r2p0,5,96,20.0,irq_storm_test,irq_storm_seq,APB4+UART
RUN-001258,reg_sweep_test-001258,Reg_Sweep,APB3,static,4,2,2,none,460800,32,0,level,50,32,16,250,1,ACTIVE,stress,0,16,0,1,UVM_MEDIUM,0,1,0.0072,-O2 -sv -assert svaext,+UVM_TESTNAME=auto,r2p0,4,384,20.0,reg_sweep_test,reg_sweep_seq,APB3+UART
RUN-001259,dma_burst_test-001259,Dma_Burst,APB4,static,2,7,2,even,460800,16,0,edge,200,32,32,100,3,ACTIVE,functional,0,16,1,1,UVM_MEDIUM,0,0,0.0,-O0 -sv -debug,+UVM_TESTNAME=auto -cm line+tgl,r1p2,5,192,5.0,dma_burst_test,dma_burst_seq,APB4+UART
RUN-001260,uart_loopback_test-001260,Uart_Loopback,APB4,priority,4,6,4,even,115200,8,0,level,200,8,16,250,2,ACTIVE,functional,1,4,1,1,UVM_MEDIUM,0,1,0.0169,-O2 -sv,+UVM_TESTNAME=auto -cm line+tgl,r2p0,11,96,5.0,uart_loopback_test,uart_loopback_seq,APB4+UART
RUN-001261,parity_stress_test-001261,Parity_Stress,APB3,priority,16,6,2,even,115200,32,1,edge,200,32,32,500,2,ACTIVE,functional,0,8,1,1,UVM_MEDIUM,1,0,0.0,-O2 -sv -assert svaext,+UVM_TESTNAME=auto,r1p0,9,384,5.0,parity_stress_test,parity_stress_seq,APB3+UART
RUN-001262,parity_stress_test-001262,Parity_Stress,APB3,priority,4,3,4,none,460800,4,1,edge,50,32,16,100,2,ACTIVE,functional,0,8,1,0,UVM_LOW,0,1,0.0225,-O0 -sv -debug,+UVM_TESTNAME=auto -cm line+tgl,r1p0,4,48,20.0,parity_stress_test,parity_stress_seq,APB3+UART
RUN-001263,uart_loopback_test-001263,Uart_Loopback,APB3,priority,4,2,2,odd,115200,32,1,level,25,16,16,250,2,ACTIVE,regression,0,8,1,1,UVM_MEDIUM,1,0,0.0,-O2 -sv -assert svaext,+UVM_TESTNAME=auto,r1p2,5,384,40.0,uart_loopback_test,uart_loopback_seq,APB3+UART
RUN-001264,dma_burst_test-001264,Dma_Burst,APB4,priority,4,3,1,none,460800,32,1,edge,200,32,32,250,1,PASSIVE,stress,0,8,1,1,UVM_LOW,0,0,0.0,-O2 -sv,+UVM_TESTNAME=auto -cm line+tgl,r1p2,11,384,5.0,dma_burst_test,dma_burst_seq,APB4+UART
RUN-001265,parity_stress_test-001265,Parity_Stress,APB4,priority,4,1,2,none,230400,8,0,edge,100,16,16,50,1,ACTIVE,functional,0,4,1,1,UVM_HIGH,1,1,0.0311,-O2 -sv,+UVM_TESTNAME=auto,r1p0,5,96,10.0,parity_stress_test,parity_stress_seq,APB4+UART
RUN-001266,parity_stress_test-001266,Parity_Stress,APB4,priority,2,1,1,even,921600,8,0,edge,25,16,16,250,2,ACTIVE,functional,0,16,1,1,UVM_LOW,0,0,0.0,-O2 -sv,+UVM_TESTNAME=auto -cm line+tgl,r1p0,5,96,40.0,parity_stress_test,parity_stress_seq,APB4+UART
RUN-001267,uart_loopback_test-001267,Uart_Loopback,APB4,static,8,2,1,even,921600,32,0,edge,200,32,32,50,2,ACTIVE,regression,1,8,1,1,UVM_LOW,0,1,0.0219,-O2 -sv -assert svaext,+UVM_TESTNAME=auto,r2p0,4,384,5.0,uart_loopback_test,uart_loopback_seq,APB4+UART
RUN-001268,irq_storm_test-001268,Irq_Storm,APB4,priority,4,5,2,odd,115200,16,1,level,50,8,16,50,2,ACTIVE,functional,0,16,1,1,UVM_LOW,0,1,0.0309,-O2 -sv -assert svaext,+UVM_TESTNAME=auto -cm line+tgl,r1p2,5,192,20.0,irq_storm_test,irq_storm_seq,APB4+UART
RUN-001269,parity_stress_test-001269,Parity_Stress,APB4,round_robin,8,5,4,even,460800,8,1,edge,25,16,32,500,1,ACTIVE,functional,0,4,0,1,UVM_MEDIUM,0,0,0.0,-O2 -sv,+UVM_TESTNAME=auto -cm line+tgl,r1p0,10,96,40.0,parity_stress_test,parity_stress_seq,APB4+UART
RUN-001270,reg_sweep_test-001270,Reg_Sweep,APB4,static,16,0,1,even,460800,16,0,level,200,16,16,100,3,ACTIVE,stress,0,4,1,1,UVM_LOW,0,1,0.0004,-O2 -sv -assert svaext,+UVM_TESTNAME=auto,r1p0,5,192,5.0,reg_sweep_test,reg_sweep_seq,APB4+UART
RUN-001271,dma_burst_test-001271,Dma_Burst,APB4,priority,4,2,0,none,460800,4,1,level,100,32,32,50,1,ACTIVE,regression,0,8,0,1,UVM_LOW,0,1,0.0161,-O0 -sv -debug,+UVM_TESTNAME=auto,r2p0,2,48,10.0,dma_burst_test,dma_burst_seq,APB4+UART
RUN-001272,parity_stress_test-001272,Parity_Stress,APB3,priority,2,3,1,even,230400,16,0,level,200,16,32,500,2,PASSIVE,regression,1,8,0,1,UVM_MEDIUM,0,0,0.0,-O2 -sv,+UVM_TESTNAME=auto,r1p2,3,192,5.0,parity_stress_test,parity_stress_seq,APB3+UART
RUN-001273,reset_recovery_test-001273,Reset_Recovery,APB4,static,8,4,4,even,230400,16,1,level,50,32,32,50,1,ACTIVE,regression,1,16,0,1,UVM_LOW,0,0,0.0,-O2 -sv -assert svaext,+UVM_TESTNAME=auto -cm line+tgl,r1p0,7,192,20.0,reset_recovery_test,reset_recovery_seq,APB4+UART
RUN-001274,parity_stress_test-001274,Parity_Stress,APB3,priority,8,1,0,none,460800,16,1,level,50,16,32,250,2,ACTIVE,stress,0,8,1,1,UVM_LOW,0,0,0.0,-O2 -sv,+UVM_TESTNAME=auto,r2p0,3,192,20.0,parity_stress_test,parity_stress_seq,APB3+UART
RUN-001275,dma_burst_test-001275,Dma_Burst,APB3,round_robin,8,0,0,even,921600,4,1,level,100,16,32,500,3,ACTIVE,regression,0,8,1,1,UVM_MEDIUM,0,1,0.0304,-O2 -sv -assert svaext,+UVM_TESTNAME=auto,r1p2,8,48,10.0,dma_burst_test,dma_burst_seq,APB3+UART
RUN-001276,dma_burst_test-001276,Dma_Burst,APB3,round_robin,8,6,2,even,115200,16,1,level,100,32,32,100,1,ACTIVE,stress,1,4,1,1,UVM_LOW,0,0,0.0,-O2 -sv,+UVM_TESTNAME=auto,r1p0,1,192,10.0,dma_burst_test,dma_burst_seq,APB3+UART
RUN-001277,parity_stress_test-001277,Parity_Stress,APB3,static,4,4,0,none,1500000,16,1,level,25,16,16,100,2,ACTIVE,regression,0,8,1,0,UVM_MEDIUM,0,0,0.0,-O2 -sv -assert svaext,+UVM_TESTNAME=auto,r2p0,8,192,40.0,parity_stress_test,parity_stress_seq,APB3+UART
RUN-001278,irq_storm_test-001278,Irq_Storm,APB4,round_robin,4,6,2,odd,921600,64,0,level,100,32,32,50,2,ACTIVE,stress,0,4,1,1,UVM_MEDIUM,0,1,0.0108,-O2 -sv -assert svaext,+UVM_TESTNAME=auto,r2p0,3,768,10.0,irq_storm_test,irq_storm_seq,APB4+UART
RUN-001279,reg_sweep_test-001279,Reg_Sweep,APB4,round_robin,4,6,1,odd,921600,32,1,level,25,16,16,50,1,ACTIVE,functional,0,4,1,1,UVM_MEDIUM,0,0,0.0,-O2 -sv,+UVM_TESTNAME=auto,r1p2,2,384,40.0,reg_sweep_test,reg_sweep_seq,APB4+UART
RUN-001280,reset_recovery_test-001280,Reset_Recovery,APB4,round_robin,8,4,0,even,115200,4,1,edge,200,16,16,100,2,ACTIVE,functional,1,8,0,1,UVM_MEDIUM,1,0,0.0,-O0 -sv -debug,+UVM_TESTNAME=auto -cm line+tgl,r1p0,10,48,5.0,reset_recovery_test,reset_recovery_seq,APB4+UART
RUN-001281,reg_sweep_test-001281,Reg_Sweep,APB4,priority,2,3,2,none,230400,32,1,edge,25,32,16,50,1,ACTIVE,stress,0,4,1,1,UVM_MEDIUM,0,0,0.0,-O0 -sv -debug,+UVM_TESTNAME=auto -cm line+tgl,r1p0,5,384,40.0,reg_sweep_test,reg_sweep_seq,APB4+UART
RUN-001282,reg_sweep_test-001282,Reg_Sweep,APB4,priority,4,6,0,odd,921600,4,1,edge,200,32,32,100,1,PASSIVE,functional,0,4,1,1,UVM_LOW,0,0,0.0,-O2 -sv,+UVM_TESTNAME=auto -cm line+tgl,r1p2,1,48,5.0,reg_sweep_test,reg_sweep_seq,APB4+UART
RUN-001283,reg_sweep_test-001283,Reg_Sweep,APB4,static,4,7,2,even,1500000,4,1,level,200,16,32,250,3,ACTIVE,regression,0,4,1,1,UVM_LOW,0,1,0.0306,-O2 -sv -assert svaext,+UVM_TESTNAME=auto -cm line+tgl,r1p0,8,48,5.0,reg_sweep_test,reg_sweep_seq,APB4+UART
RUN-001284,dma_burst_test-001284,Dma_Burst,APB4,round_robin,2,6,4,even,230400,32,0,level,100,32,32,50,2,ACTIVE,stress,0,4,1,1,UVM_MEDIUM,1,0,0.0,-O2 -sv -assert svaext,+UVM_TESTNAME=auto,r1p2,5,384,10.0,dma_burst_test,dma_burst_seq,APB4+UART
RUN-001285,backpressure_test-001285,Backpressure,APB4,round_robin,16,1,4,none,921600,32,1,level,100,32,16,50,2,ACTIVE,stress,0,8,1,1,UVM_MEDIUM,0,1,0.0106,-O2 -sv -assert svaext,+UVM_TESTNAME=auto -cm line+tgl,r1p2,9,384,10.0,backpressure_test,backpressure_seq,APB4+UART
RUN-001286,irq_storm_test-001286,Irq_Storm,APB4,static,4,4,1,even,1500000,16,1,level,50,16,32,500,3,ACTIVE,stress,0,8,1,1,UVM_MEDIUM,0,1,0.0057,-O2 -sv,+UVM_TESTNAME=auto,r1p2,3,192,20.0,irq_storm_test,irq_storm_seq,APB4+UART
RUN-001287,reset_recovery_test-001287,Reset_Recovery,APB4,round_robin,2,2,1,even,921600,16,0,edge,50,32,16,100,1,ACTIVE,functional,0,8,0,1,UVM_LOW,0,0,0.0,-O2 -sv,+UVM_TESTNAME=auto -cm line+tgl,r1p0,1,192,20.0,reset_recovery_test,reset_recovery_seq,APB4+UART
RUN-001288,reg_sweep_test-001288,Reg_Sweep,APB3,priority,2,4,0,none,230400,32,0,level,50,32,32,100,1,ACTIVE,functional,0,4,1,1,UVM_MEDIUM,1,1,0.0267,-O2 -sv -assert svaext,+UVM_TESTNAME=auto,r2p0,1,384,20.0,reg_sweep_test,reg_sweep_seq,APB3+UART
RUN-001289,reset_recovery_test-001289,Reset_Recovery,APB3,priority,8,3,0,even,115200,4,1,edge,50,32,32,250,2,PASSIVE,regression,1,8,0,1,UVM_LOW,0,0,0.0,-O2 -sv,+UVM_TESTNAME=auto -cm line+tgl,r2p0,4,48,20.0,reset_recovery_test,reset_recovery_seq,APB3+UART
RUN-001290,backpressure_test-001290,Backpressure,APB3,priority,8,0,0,odd,1500000,16,0,level,50,32,16,250,2,ACTIVE,functional,0,4,1,1,UVM_MEDIUM,0,0,0.0,-O2 -sv -assert svaext,+UVM_TESTNAME=auto,r2p0,4,192,20.0,backpressure_test,backpressure_seq,APB3+UART
RUN-001291,reset_recovery_test-001291,Reset_Recovery,APB3,priority,4,5,1,even,1500000,8,0,level,100,32,32,250,3,ACTIVE,stress,0,16,1,0,UVM_LOW,1,0,0.0,-O0 -sv -debug,+UVM_TESTNAME=auto,r1p2,2,96,10.0,reset_recovery_test,reset_recovery_seq,APB3+UART
RUN-001292,uart_loopback_test-001292,Uart_Loopback,APB4,priority,2,5,1,even,230400,32,1,edge,50,32,32,100,1,ACTIVE,stress,0,8,0,1,UVM_HIGH,0,0,0.0,-O2 -sv,+UVM_TESTNAME=auto -cm line+tgl,r2p0,4,384,20.0,uart_loopback_test,uart_loopback_seq,APB4+UART
RUN-001293,reset_recovery_test-001293,Reset_Recovery,APB3,static,8,3,2,even,1500000,16,1,level,200,32,32,100,2,ACTIVE,functional,0,8,1,1,UVM_MEDIUM,1,0,0.0,-O2 -sv -assert svaext,+UVM_TESTNAME=auto,r1p0,9,192,5.0,reset_recovery_test,reset_recovery_seq,APB3+UART
RUN-001294,uart_loopback_test-001294,Uart_Loopback,APB3,static,4,3,1,odd,115200,4,0,level,200,16,16,100,1,ACTIVE,stress,0,4,0,1,UVM_MEDIUM,0,1,0.0278,-O2 -sv -assert svaext,+UVM_TESTNAME=auto,r1p0,6,48,5.0,uart_loopback_test,uart_loopback_seq,APB3+UART
RUN-001295,backpressure_test-001295,Backpressure,APB4,round_robin,4,7,1,even,230400,16,0,edge,100,16,32,250,3,ACTIVE,functional,1,8,0,1,UVM_MEDIUM,1,0,0.0,-O2 -sv,+UVM_TESTNAME=auto -cm line+tgl,r2p0,11,192,10.0,backpressure_test,backpressure_seq,APB4+UART
RUN-001296,reset_recovery_test-001296,Reset_Recovery,APB4,round_robin,8,2,1,none,230400,16,1,edge,200,32,32,50,2,ACTIVE,functional,0,8,1,0,UVM_MEDIUM,0,1,0.0035,-O2 -sv,+UVM_TESTNAME=auto -cm line+tgl,r1p0,0,192,5.0,reset_recovery_test,reset_recovery_seq,APB4+UART
RUN-001297,reset_recovery_test-001297,Reset_Recovery,APB4,priority,8,6,0,odd,230400,32,0,level,100,8,32,250,2,ACTIVE,stress,0,4,1,0,UVM_MEDIUM,1,1,0.0338,-O2 -sv,+UVM_TESTNAME=auto,r1p2,6,384,10.0,reset_recovery_test,reset_recovery_seq,APB4+UART
RUN-001298,dma_burst_test-001298,Dma_Burst,APB4,priority,2,3,1,odd,230400,32,1,level,100,16,32,250,1,ACTIVE,functional,0,8,0,1,UVM_MEDIUM,0,1,0.0007,-O2 -sv,+UVM_TESTNAME=auto -cm line+tgl,r1p2,4,384,10.0,dma_burst_test,dma_burst_seq,APB4+UART
RUN-001299,dma_burst_test-001299,Dma_Burst,APB3,round_robin,8,4,2,none,230400,32,1,level,100,32,32,50,1,PASSIVE,regression,0,8,0,1,UVM_LOW,0,1,0.0045,-O2 -sv,+UVM_TESTNAME=auto -cm line+tgl,r1p0,10,384,10.0,dma_burst_test,dma_burst_seq,APB3+UART
RUN-001300,irq_storm_test-001300,Irq_Storm,APB3,priority,16,3,0,even,1500000,64,0,level,100,16,32,250,1,ACTIVE,functional,1,4,1,1,UVM_MEDIUM,0,1,0.0271,-O2 -sv -assert svaext,+UVM_TESTNAME=auto,r1p0,9,768,10.0,irq_storm_test,irq_storm_seq,APB3+UART
RUN-001301,reset_recovery_test-001301,Reset_Recovery,APB4,round_robin,2,5,1,odd,921600,32,1,edge,200,32,32,50,2,ACTIVE,functional,0,8,1,1,UVM_LOW,0,1,0.0121,-O2 -sv -assert svaext,+UVM_TESTNAME=auto,r1p0,0,384,5.0,reset_recovery_test,reset_recovery_seq,APB4+UART
RUN-001302,dma_burst_test-001302,Dma_Burst,APB3,static,16,4,0,odd,230400,32,0,level,200,32,32,100,1,ACTIVE,functional,0,16,1,1,UVM_LOW,1,1,0.0301,-O2 -sv,+UVM_TESTNAME=auto,r1p2,5,384,5.0,dma_burst_test,dma_burst_seq,APB3+UART
RUN-001303,parity_stress_test-001303,Parity_Stress,APB4,round_robin,8,6,1,even,921600,64,0,edge,50,8,32,250,3,ACTIVE,functional,0,4,0,1,UVM_MEDIUM,0,0,0.0,-O2 -sv,+UVM_TESTNAME=auto,r1p2,2,768,20.0,parity_stress_test,parity_stress_seq,APB4+UART
RUN-001304,parity_stress_test-001304,Parity_Stress,APB4,round_robin,2,4,4,even,1500000,4,0,level,50,8,16,250,2,ACTIVE,stress,0,16,1,1,UVM_HIGH,0,0,0.0,-O2 -sv,+UVM_TESTNAME=auto,r1p2,7,48,20.0,parity_stress_test,parity_stress_seq,APB4+UART
RUN-001305,dma_burst_test-001305,Dma_Burst,APB4,priority,2,3,2,even,115200,32,1,edge,200,8,32,500,3,ACTIVE,stress,0,8,1,1,UVM_MEDIUM,0,0,0.0,-O2 -sv -assert svaext,+UVM_TESTNAME=auto,r1p2,9,384,5.0,dma_burst_test,dma_burst_seq,APB4+UART
RUN-001306,dma_burst_test-001306,Dma_Burst,APB4,priority,2,5,0,none,460800,4,1,edge,200,16,32,250,2,ACTIVE,functional,1,4,1,0,UVM_HIGH,0,0,0.0,-O2 -sv -assert svaext,+UVM_TESTNAME=auto -cm line+tgl,r2p0,11,48,5.0,dma_burst_test,dma_burst_seq,APB4+UART
RUN-001307,uart_loopback_test-001307,Uart_Loopback,APB4,priority,4,1,1,even,230400,16,0,level,25,32,16,250,3,ACTIVE,stress,0,8,0,1,UVM_LOW,0,1,0.0227,-O2 -sv -assert svaext,+UVM_TESTNAME=auto -cm line+tgl,r1p2,3,192,40.0,uart_loopback_test,uart_loopback_seq,APB4+UART
RUN-001308,reset_recovery_test-001308,Reset_Recovery,APB4,priority,4,1,0,odd,115200,32,0,edge,25,8,16,100,3,ACTIVE,functional,0,8,1,1,UVM_LOW,0,0,0.0,-O2 -sv,+UVM_TESTNAME=auto,r1p0,8,384,40.0,reset_recovery_test,reset_recovery_seq,APB4+UART
RUN-001309,reg_sweep_test-001309,Reg_Sweep,APB4,static,2,3,1,odd,230400,16,0,level,50,32,16,100,2,ACTIVE,stress,0,8,1,1,UVM_LOW,1,0,0.0,-O2 -sv,+UVM_TESTNAME=auto,r1p0,0,192,20.0,reg_sweep_test,reg_sweep_seq,APB4+UART
RUN-001310,reset_recovery_test-001310,Reset_Recovery,APB3,round_robin,2,7,0,even,230400,16,1,level,200,16,16,100,3,ACTIVE,functional,1,8,1,1,UVM_LOW,0,1,0.0321,-O2 -sv,+UVM_TESTNAME=auto,r1p0,2,192,5.0,reset_recovery_test,reset_recovery_seq,APB3+UART
RUN-001311,dma_burst_test-001311,Dma_Burst,APB3,round_robin,2,1,1,odd,115200,32,0,edge,200,16,32,50,2,ACTIVE,regression,1,8,1,1,UVM_MEDIUM,1,0,0.0,-O0 -sv -debug,+UVM_TESTNAME=auto -cm line+tgl,r2p0,7,384,5.0,dma_burst_test,dma_burst_seq,APB3+UART
RUN-001312,dma_burst_test-001312,Dma_Burst,APB3,priority,4,0,0,even,921600,8,1,edge,100,8,32,100,1,ACTIVE,stress,1,16,0,1,UVM_MEDIUM,0,0,0.0,-O2 -sv -assert svaext,+UVM_TESTNAME=auto,r2p0,6,96,10.0,dma_burst_test,dma_burst_seq,APB3+UART
RUN-001313,dma_burst_test-001313,Dma_Burst,APB4,priority,2,0,1,odd,230400,32,1,level,100,16,32,250,2,ACTIVE,stress,1,16,1,1,UVM_LOW,0,1,0.0042,-O2 -sv,+UVM_TESTNAME=auto -cm line+tgl,r2p0,2,384,10.0,dma_burst_test,dma_burst_seq,APB4+UART
RUN-001314,parity_stress_test-001314,Parity_Stress,APB3,priority,4,3,0,none,1500000,32,0,level,200,16,32,100,3,ACTIVE,functional,1,8,1,1,UVM_HIGH,1,0,0.0,-O2 -sv -assert svaext,+UVM_TESTNAME=auto,r2p0,7,384,5.0,parity_stress_test,parity_stress_seq,APB3+UART
RUN-001315,uart_loopback_test-001315,Uart_Loopback,APB3,priority,4,0,2,none,230400,32,1,edge,50,16,16,100,3,ACTIVE,stress,1,16,0,1,UVM_LOW,0,1,0.0338,-O0 -sv -debug,+UVM_TESTNAME=auto -cm line+tgl,r2p0,6,384,20.0,uart_loopback_test,uart_loopback_seq,APB3+UART
RUN-001316,reg_sweep_test-001316,Reg_Sweep,APB4,round_robin,2,3,0,odd,230400,8,1,edge,200,32,16,250,2,ACTIVE,regression,0,8,0,1,UVM_MEDIUM,0,0,0.0,-O2 -sv -assert svaext,+UVM_TESTNAME=auto,r1p0,4,96,5.0,reg_sweep_test,reg_sweep_seq,APB4+UART
RUN-001317,reset_recovery_test-001317,Reset_Recovery,APB3,static,4,5,0,none,230400,16,1,edge,200,32,32,50,3,PASSIVE,stress,0,4,0,1,UVM_LOW,0,0,0.0,-O2 -sv,+UVM_TESTNAME=auto -cm line+tgl,r1p0,4,192,5.0,reset_recovery_test,reset_recovery_seq,APB3+UART
RUN-001318,irq_storm_test-001318,Irq_Storm,APB4,round_robin,8,6,1,odd,921600,64,1,level,100,32,32,50,2,ACTIVE,functional,0,16,1,1,UVM_MEDIUM,0,1,0.0369,-O2 -sv,+UVM_TESTNAME=auto,r2p0,5,768,10.0,irq_storm_test,irq_storm_seq,APB4+UART
RUN-001319,reg_sweep_test-001319,Reg_Sweep,APB3,round_robin,16,3,2,none,115200,16,1,edge,100,32,32,500,2,PASSIVE,functional,0,16,1,1,UVM_MEDIUM,0,0,0.0,-O2 -sv -assert svaext,+UVM_TESTNAME=auto,r2p0,8,192,10.0,reg_sweep_test,reg_sweep_seq,APB3+UART
RUN-001320,reg_sweep_test-001320,Reg_Sweep,APB4,static,2,2,1,odd,115200,64,1,edge,100,16,32,50,1,ACTIVE,functional,0,8,1,1,UVM_LOW,0,1,0.0075,-O2 -sv,+UVM_TESTNAME=auto,r1p2,6,768,10.0,reg_sweep_test,reg_sweep_seq,APB4+UART
RUN-001321,reset_recovery_test-001321,Reset_Recovery,APB4,static,8,2,1,odd,230400,32,0,edge,25,8,16,250,3,ACTIVE,stress,0,4,1,1,UVM_MEDIUM,0,1,0.0386,-O2 -sv -assert svaext,+UVM_TESTNAME=auto,r1p2,0,384,40.0,reset_recovery_test,reset_recovery_seq,APB4+UART
RUN-001322,reg_sweep_test-001322,Reg_Sweep,APB4,priority,8,4,4,none,230400,32,0,edge,200,8,32,100,1,ACTIVE,stress,0,4,0,1,UVM_MEDIUM,0,0,0.0,-O0 -sv -debug,+UVM_TESTNAME=auto -cm line+tgl,r1p0,8,384,5.0,reg_sweep_test,reg_sweep_seq,APB4+UART
RUN-001323,irq_storm_test-001323,Irq_Storm,APB4,static,8,6,0,none,115200,16,1,level,50,32,32,50,1,ACTIVE,stress,0,4,0,1,UVM_HIGH,0,0,0.0,-O0 -sv -debug,+UVM_TESTNAME=auto,r1p0,10,192,20.0,irq_storm_test,irq_storm_seq,APB4+UART
RUN-001324,uart_loopback_test-001324,Uart_Loopback,APB4,priority,4,0,1,even,230400,4,0,edge,50,32,16,500,2,ACTIVE,regression,1,8,1,1,UVM_LOW,0,1,0.0077,-O2 -sv -assert svaext,+UVM_TESTNAME=auto,r1p2,10,48,20.0,uart_loopback_test,uart_loopback_seq,APB4+UART
RUN-001325,parity_stress_test-001325,Parity_Stress,APB3,priority,16,0,1,none,230400,32,1,edge,100,32,16,500,3,ACTIVE,stress,0,4,0,1,UVM_LOW,0,1,0.0309,-O0 -sv -debug,+UVM_TESTNAME=auto,r1p0,9,384,10.0,parity_stress_test,parity_stress_seq,APB3+UART
RUN-001326,dma_burst_test-001326,Dma_Burst,APB4,priority,4,7,0,none,921600,64,1,level,25,8,16,100,3,ACTIVE,stress,0,8,0,1,UVM_MEDIUM,0,1,0.0005,-O2 -sv,+UVM_TESTNAME=auto,r1p0,3,768,40.0,dma_burst_test,dma_burst_seq,APB4+UART
RUN-001327,irq_storm_test-001327,Irq_Storm,APB3,static,8,5,2,even,460800,4,1,edge,25,16,32,500,1,ACTIVE,functional,0,8,1,1,UVM_HIGH,1,1,0.0212,-O2 -sv -assert svaext,+UVM_TESTNAME=auto,r1p0,8,48,40.0,irq_storm_test,irq_storm_seq,APB3+UART
RUN-001328,irq_storm_test-001328,Irq_Storm,APB4,priority,16,4,0,odd,230400,8,1,level,50,32,16,100,2,ACTIVE,regression,0,4,1,1,UVM_MEDIUM,0,1,0.0007,-O2 -sv,+UVM_TESTNAME=auto,r2p0,3,96,20.0,irq_storm_test,irq_storm_seq,APB4+UART
RUN-001329,irq_storm_test-001329,Irq_Storm,APB4,priority,4,5,0,none,921600,32,0,edge,50,32,16,250,1,ACTIVE,functional,0,16,1,1,UVM_MEDIUM,1,0,0.0,-O2 -sv -assert svaext,+UVM_TESTNAME=auto -cm line+tgl,r1p0,4,384,20.0,irq_storm_test,irq_storm_seq,APB4+UART
RUN-001330,reg_sweep_test-001330,Reg_Sweep,APB4,priority,4,0,0,none,115200,32,1,level,50,32,32,250,2,ACTIVE,functional,1,8,1,1,UVM_MEDIUM,0,1,0.0193,-O0 -sv -debug,+UVM_TESTNAME=auto -cm line+tgl,r1p2,4,384,20.0,reg_sweep_test,reg_sweep_seq,APB4+UART
RUN-001331,backpressure_test-001331,Backpressure,APB4,round_robin,8,3,2,odd,230400,32,1,level,50,32,32,100,2,ACTIVE,stress,1,8,1,0,UVM_MEDIUM,0,1,0.0046,-O2 -sv,+UVM_TESTNAME=auto -cm line+tgl,r1p2,8,384,20.0,backpressure_test,backpressure_seq,APB4+UART
RUN-001332,irq_storm_test-001332,Irq_Storm,APB3,round_robin,16,2,2,none,115200,16,0,edge,100,32,16,100,2,ACTIVE,functional,0,8,0,0,UVM_LOW,1,1,0.0244,-O2 -sv,+UVM_TESTNAME=auto -cm line+tgl,r1p0,3,192,10.0,irq_storm_test,irq_storm_seq,APB3+UART
RUN-001333,backpressure_test-001333,Backpressure,APB3,static,8,0,0,odd,115200,64,0,level,25,32,32,250,2,ACTIVE,functional,0,8,1,1,UVM_LOW,0,0,0.0,-O2 -sv,+UVM_TESTNAME=auto,r1p0,8,768,40.0,backpressure_test,backpressure_seq,APB3+UART
RUN-001334,irq_storm_test-001334,Irq_Storm,APB4,priority,16,5,0,odd,115200,32,0,level,25,8,16,50,1,ACTIVE,stress,0,16,1,0,UVM_MEDIUM,0,0,0.0,-O2 -sv -assert svaext,+UVM_TESTNAME=auto,r2p0,8,384,40.0,irq_storm_test,irq_storm_seq,APB4+UART
RUN-001335,reg_sweep_test-001335,Reg_Sweep,APB4,static,2,4,2,odd,230400,16,1,edge,200,32,32,250,1,ACTIVE,regression,1,4,1,1,UVM_MEDIUM,0,1,0.0156,-O0 -sv -debug,+UVM_TESTNAME=auto -cm line+tgl,r1p0,11,192,5.0,reg_sweep_test,reg_sweep_seq,APB4+UART
RUN-001336,reset_recovery_test-001336,Reset_Recovery,APB4,round_robin,2,4,2,even,230400,32,1,level,200,32,16,100,2,PASSIVE,stress,0,4,0,1,UVM_MEDIUM,0,0,0.0,-O0 -sv -debug,+UVM_TESTNAME=auto,r1p0,7,384,5.0,reset_recovery_test,reset_recovery_seq,APB4+UART
RUN-001337,irq_storm_test-001337,Irq_Storm,APB4,static,2,4,2,even,230400,4,0,level,25,16,32,100,1,ACTIVE,functional,0,8,0,1,UVM_LOW,0,1,0.0081,-O2 -sv -assert svaext,+UVM_TESTNAME=auto,r1p2,1,48,40.0,irq_storm_test,irq_storm_seq,APB4+UART
RUN-001338,irq_storm_test-001338,Irq_Storm,APB3,round_robin,8,0,0,odd,921600,4,1,level,200,32,32,50,2,ACTIVE,functional,0,16,0,1,UVM_LOW,0,0,0.0,-O2 -sv,+UVM_TESTNAME=auto,r2p0,0,48,5.0,irq_storm_test,irq_storm_seq,APB3+UART
RUN-001339,uart_loopback_test-001339,Uart_Loopback,APB4,round_robin,2,2,2,even,230400,8,1,edge,200,8,16,250,2,PASSIVE,stress,0,8,1,1,UVM_MEDIUM,0,0,0.0,-O0 -sv -debug,+UVM_TESTNAME=auto -cm line+tgl,r1p2,10,96,5.0,uart_loopback_test,uart_loopback_seq,APB4+UART
RUN-001340,uart_loopback_test-001340,Uart_Loopback,APB4,priority,2,1,0,none,460800,32,1,edge,50,8,16,250,1,ACTIVE,regression,0,4,1,1,UVM_LOW,0,0,0.0,-O2 -sv,+UVM_TESTNAME=auto,r1p0,10,384,20.0,uart_loopback_test,uart_loopback_seq,APB4+UART
RUN-001341,dma_burst_test-001341,Dma_Burst,APB3,static,8,7,0,none,115200,32,0,level,50,32,32,100,2,ACTIVE,functional,0,8,1,1,UVM_HIGH,1,0,0.0,-O0 -sv -debug,+UVM_TESTNAME=auto,r1p2,11,384,20.0,dma_burst_test,dma_burst_seq,APB3+UART
RUN-001342,uart_loopback_test-001342,Uart_Loopback,APB3,static,8,2,1,even,115200,32,0,level,100,32,16,100,1,ACTIVE,stress,1,4,1,0,UVM_LOW,0,0,0.0,-O2 -sv,+UVM_TESTNAME=auto,r1p0,2,384,10.0,uart_loopback_test,uart_loopback_seq,APB3+UART
RUN-001343,dma_burst_test-001343,Dma_Burst,APB4,round_robin,4,2,1,none,115200,64,0,level,25,32,16,50,1,ACTIVE,stress,0,8,1,1,UVM_HIGH,0,0,0.0,-O0 -sv -debug,+UVM_TESTNAME=auto -cm line+tgl,r1p2,3,768,40.0,dma_burst_test,dma_burst_seq,APB4+UART
RUN-001344,parity_stress_test-001344,Parity_Stress,APB4,static,8,1,0,odd,115200,4,0,edge,25,32,16,250,3,ACTIVE,functional,0,8,1,1,UVM_HIGH,1,0,0.0,-O2 -sv -assert svaext,+UVM_TESTNAME=auto -cm line+tgl,r1p0,2,48,40.0,parity_stress_test,parity_stress_seq,APB4+UART
RUN-001345,backpressure_test-001345,Backpressure,APB3,priority,4,2,0,even,230400,64,0,edge,25,16,32,100,1,ACTIVE,functional,0,16,1,1,UVM_HIGH,0,1,0.0029,-O2 -sv,+UVM_TESTNAME=auto -cm line+tgl,r1p0,7,768,40.0,backpressure_test,backpressure_seq,APB3+UART
RUN-001346,reset_recovery_test-001346,Reset_Recovery,APB4,priority,8,5,0,none,921600,32,0,level,100,8,16,100,1,ACTIVE,stress,1,8,1,1,UVM_MEDIUM,0,1,0.0065,-O2 -sv -assert svaext,+UVM_TESTNAME=auto,r1p2,3,384,10.0,reset_recovery_test,reset_recovery_seq,APB4+UART
RUN-001347,reg_sweep_test-001347,Reg_Sweep,APB4,priority,4,1,4,none,115200,16,1,level,200,32,32,100,3,ACTIVE,regression,0,16,0,1,UVM_LOW,0,0,0.0,-O0 -sv -debug,+UVM_TESTNAME=auto -cm line+tgl,r2p0,7,192,5.0,reg_sweep_test,reg_sweep_seq,APB4+UART
RUN-001348,irq_storm_test-001348,Irq_Storm,APB4,round_robin,4,4,0,odd,115200,4,0,level,100,8,32,250,3,PASSIVE,functional,0,16,0,0,UVM_LOW,0,1,0.0227,-O0 -sv -debug,+UVM_TESTNAME=auto -cm line+tgl,r1p2,2,48,10.0,irq_storm_test,irq_storm_seq,APB4+UART
RUN-001349,reg_sweep_test-001349,Reg_Sweep,APB3,static,8,2,4,odd,921600,8,1,edge,25,32,32,100,1,ACTIVE,functional,0,4,1,1,UVM_MEDIUM,0,0,0.0,-O2 -sv,+UVM_TESTNAME=auto -cm line+tgl,r1p2,2,96,40.0,reg_sweep_test,reg_sweep_seq,APB3+UART
RUN-001350,uart_loopback_test-001350,Uart_Loopback,APB4,round_robin,2,4,2,none,460800,16,0,edge,200,16,16,100,2,ACTIVE,functional,0,4,0,1,UVM_LOW,0,0,0.0,-O2 -sv,+UVM_TESTNAME=auto,r1p2,0,192,5.0,uart_loopback_test,uart_loopback_seq,APB4+UART
RUN-001351,uart_loopback_test-001351,Uart_Loopback,APB3,static,16,6,2,odd,1500000,4,1,edge,100,16,32,50,3,ACTIVE,regression,1,16,0,0,UVM_MEDIUM,0,1,0.0337,-O2 -sv,+UVM_TESTNAME=auto,r1p2,0,48,10.0,uart_loopback_test,uart_loopback_seq,APB3+UART
RUN-001352,reg_sweep_test-001352,Reg_Sweep,APB4,priority,4,2,4,none,115200,16,0,edge,50,32,32,100,2,ACTIVE,regression,0,16,1,1,UVM_LOW,0,0,0.0,-O2 -sv,+UVM_TESTNAME=auto,r1p2,6,192,20.0,reg_sweep_test,reg_sweep_seq,APB4+UART
RUN-001353,reg_sweep_test-001353,Reg_Sweep,APB4,static,16,2,4,none,115200,32,1,edge,50,32,16,250,3,ACTIVE,regression,0,8,1,1,UVM_HIGH,0,0,0.0,-O2 -sv -assert svaext,+UVM_TESTNAME=auto -cm line+tgl,r1p0,8,384,20.0,reg_sweep_test,reg_sweep_seq,APB4+UART
RUN-001354,dma_burst_test-001354,Dma_Burst,APB4,static,4,1,1,odd,230400,32,1,level,100,16,32,500,1,ACTIVE,stress,0,16,0,1,UVM_LOW,0,1,0.0075,-O2 -sv -assert svaext,+UVM_TESTNAME=auto -cm line+tgl,r1p0,5,384,10.0,dma_burst_test,dma_burst_seq,APB4+UART
RUN-001355,backpressure_test-001355,Backpressure,APB4,round_robin,4,1,1,none,1500000,16,1,edge,200,32,32,100,1,ACTIVE,functional,0,8,1,1,UVM_LOW,0,1,0.0258,-O0 -sv -debug,+UVM_TESTNAME=auto -cm line+tgl,r1p2,10,192,5.0,backpressure_test,backpressure_seq,APB4+UART
RUN-001356,reg_sweep_test-001356,Reg_Sweep,APB4,round_robin,2,6,4,even,230400,32,1,level,100,32,32,100,2,ACTIVE,functional,0,8,0,1,UVM_LOW,0,0,0.0,-O2 -sv,+UVM_TESTNAME=auto,r2p0,0,384,10.0,reg_sweep_test,reg_sweep_seq,APB4+UART
RUN-001357,uart_loopback_test-001357,Uart_Loopback,APB3,round_robin,8,5,0,even,115200,32,0,level,100,32,16,500,2,ACTIVE,functional,0,8,0,1,UVM_LOW,0,0,0.0,-O2 -sv -assert svaext,+UVM_TESTNAME=auto -cm line+tgl,r1p0,10,384,10.0,uart_loopback_test,uart_loopback_seq,APB3+UART
RUN-001358,dma_burst_test-001358,Dma_Burst,APB4,priority,4,3,2,none,921600,16,0,level,200,32,32,50,1,ACTIVE,regression,0,4,1,1,UVM_MEDIUM,1,1,0.0355,-O2 -sv,+UVM_TESTNAME=auto,r1p0,9,192,5.0,dma_burst_test,dma_burst_seq,APB4+UART
RUN-001359,parity_stress_test-001359,Parity_Stress,APB3,static,4,3,0,even,460800,32,0,level,200,32,16,250,2,ACTIVE,functional,0,16,1,1,UVM_LOW,0,0,0.0,-O2 -sv,+UVM_TESTNAME=auto,r1p0,7,384,5.0,parity_stress_test,parity_stress_seq,APB3+UART
RUN-001360,reset_recovery_test-001360,Reset_Recovery,APB4,round_robin,8,2,0,even,115200,16,1,edge,50,32,32,100,3,ACTIVE,regression,0,4,1,1,UVM_MEDIUM,0,0,0.0,-O2 -sv -assert svaext,+UVM_TESTNAME=auto,r1p2,5,192,20.0,reset_recovery_test,reset_recovery_seq,APB4+UART
RUN-001361,reg_sweep_test-001361,Reg_Sweep,APB4,priority,2,1,0,odd,921600,64,1,edge,200,8,32,250,2,ACTIVE,regression,0,4,0,1,UVM_MEDIUM,1,0,0.0,-O0 -sv -debug,+UVM_TESTNAME=auto -cm line+tgl,r2p0,5,768,5.0,reg_sweep_test,reg_sweep_seq,APB4+UART
RUN-001362,backpressure_test-001362,Backpressure,APB3,static,2,0,0,even,460800,32,0,level,100,16,32,100,3,ACTIVE,regression,0,8,1,1,UVM_LOW,0,0,0.0,-O2 -sv,+UVM_TESTNAME=auto -cm line+tgl,r1p2,0,384,10.0,backpressure_test,backpressure_seq,APB3+UART
RUN-001363,irq_storm_test-001363,Irq_Storm,APB4,round_robin,4,3,1,none,921600,64,0,level,25,32,16,50,1,PASSIVE,stress,0,16,0,1,UVM_HIGH,0,0,0.0,-O2 -sv,+UVM_TESTNAME=auto -cm line+tgl,r1p2,2,768,40.0,irq_storm_test,irq_storm_seq,APB4+UART
RUN-001364,reset_recovery_test-001364,Reset_Recovery,APB3,static,4,5,4,odd,460800,64,1,edge,200,16,16,100,3,ACTIVE,stress,0,8,1,1,UVM_LOW,0,0,0.0,-O0 -sv -debug,+UVM_TESTNAME=auto -cm line+tgl,r1p0,7,768,5.0,reset_recovery_test,reset_recovery_seq,APB3+UART
RUN-001365,dma_burst_test-001365,Dma_Burst,APB4,round_robin,8,7,2,even,460800,16,1,edge,100,8,32,250,2,ACTIVE,regression,0,16,1,1,UVM_MEDIUM,0,0,0.0,-O2 -sv,+UVM_TESTNAME=auto,r1p2,11,192,10.0,dma_burst_test,dma_burst_seq,APB4+UART
RUN-001366,parity_stress_test-001366,Parity_Stress,APB4,round_robin,4,6,2,even,115200,64,0,edge,200,16,16,50,1,PASSIVE,regression,0,4,1,1,UVM_LOW,0,1,0.0226,-O2 -sv,+UVM_TESTNAME=auto,r2p0,6,768,5.0,parity_stress_test,parity_stress_seq,APB4+UART
RUN-001367,irq_storm_test-001367,Irq_Storm,APB4,round_robin,16,7,4,even,1500000,16,0,level,200,32,32,100,2,ACTIVE,regression,0,8,1,1,UVM_LOW,0,1,0.0333,-O2 -sv -assert svaext,+UVM_TESTNAME=auto,r1p0,10,192,5.0,irq_storm_test,irq_storm_seq,APB4+UART
RUN-001368,backpressure_test-001368,Backpressure,APB4,priority,8,6,1,none,230400,4,1,level,50,8,32,250,2,ACTIVE,regression,0,8,1,1,UVM_LOW,0,1,0.0184,-O2 -sv,+UVM_TESTNAME=auto,r1p0,6,48,20.0,backpressure_test,backpressure_seq,APB4+UART
RUN-001369,reg_sweep_test-001369,Reg_Sweep,APB3,static,2,0,4,odd,460800,16,1,level,200,16,32,250,1,ACTIVE,functional,0,16,0,1,UVM_HIGH,1,1,0.0098,-O0 -sv -debug,+UVM_TESTNAME=auto,r1p0,4,192,5.0,reg_sweep_test,reg_sweep_seq,APB3+UART
RUN-001370,irq_storm_test-001370,Irq_Storm,APB4,priority,8,1,2,even,1500000,4,0,edge,200,16,32,100,2,ACTIVE,regression,1,8,0,1,UVM_MEDIUM,1,1,0.0129,-O2 -sv -assert svaext,+UVM_TESTNAME=auto,r1p0,6,48,5.0,irq_storm_test,irq_storm_seq,APB4+UART
RUN-001371,irq_storm_test-001371,Irq_Storm,APB4,round_robin,4,4,4,even,115200,64,1,level,25,16,32,50,3,ACTIVE,functional,0,4,1,1,UVM_LOW,1,0,0.0,-O2 -sv -assert svaext,+UVM_TESTNAME=auto,r1p2,6,768,40.0,irq_storm_test,irq_storm_seq,APB4+UART
RUN-001372,reset_recovery_test-001372,Reset_Recovery,APB3,static,2,2,2,none,921600,16,1,level,200,16,16,50,1,ACTIVE,functional,0,8,1,1,UVM_HIGH,0,1,0.0043,-O0 -sv -debug,+UVM_TESTNAME=auto -cm line+tgl,r2p0,5,192,5.0,reset_recovery_test,reset_recovery_seq,APB3+UART
RUN-001373,irq_storm_test-001373,Irq_Storm,APB4,static,4,1,0,even,921600,16,0,level,100,32,32,100,1,ACTIVE,regression,0,8,0,1,UVM_HIGH,0,1,0.0269,-O2 -sv,+UVM_TESTNAME=auto,r1p0,10,192,10.0,irq_storm_test,irq_storm_seq,APB4+UART
RUN-001374,reg_sweep_test-001374,Reg_Sweep,APB4,priority,2,4,0,none,1500000,16,1,level,200,8,16,250,1,ACTIVE,stress,0,4,0,1,UVM_MEDIUM,1,1,0.0072,-O0 -sv -debug,+UVM_TESTNAME=auto,r1p2,2,192,5.0,reg_sweep_test,reg_sweep_seq,APB4+UART
RUN-001375,parity_stress_test-001375,Parity_Stress,APB4,static,4,7,4,even,460800,32,1,edge,200,8,32,250,2,ACTIVE,functional,0,8,0,1,UVM_LOW,0,0,0.0,-O2 -sv -assert svaext,+UVM_TESTNAME=auto,r1p2,1,384,5.0,parity_stress_test,parity_stress_seq,APB4+UART
RUN-001376,uart_loopback_test-001376,Uart_Loopback,APB3,static,8,4,0,odd,921600,16,1,level,100,32,32,500,1,ACTIVE,functional,0,4,1,1,UVM_MEDIUM,0,1,0.0053,-O2 -sv -assert svaext,+UVM_TESTNAME=auto,r1p2,8,192,10.0,uart_loopback_test,uart_loopback_seq,APB3+UART
RUN-001377,backpressure_test-001377,Backpressure,APB3,static,2,6,1,none,1500000,4,0,level,100,32,32,50,2,ACTIVE,functional,0,4,0,1,UVM_LOW,1,0,0.0,-O2 -sv,+UVM_TESTNAME=auto,r2p0,3,48,10.0,backpressure_test,backpressure_seq,APB3+UART
RUN-001378,reg_sweep_test-001378,Reg_Sweep,APB4,priority,4,1,1,odd,460800,64,1,level,25,16,32,250,3,ACTIVE,stress,0,4,0,1,UVM_MEDIUM,0,1,0.0304,-O2 -sv,+UVM_TESTNAME=auto -cm line+tgl,r1p2,10,768,40.0,reg_sweep_test,reg_sweep_seq,APB4+UART
RUN-001379,dma_burst_test-001379,Dma_Burst,APB3,priority,2,0,4,none,921600,8,0,level,200,32,16,250,2,ACTIVE,regression,0,4,1,1,UVM_MEDIUM,0,1,0.0118,-O2 -sv,+UVM_TESTNAME=auto,r1p0,1,96,5.0,dma_burst_test,dma_burst_seq,APB3+UART
RUN-001380,parity_stress_test-001380,Parity_Stress,APB4,priority,8,6,0,odd,460800,32,1,edge,200,32,32,50,3,ACTIVE,functional,0,8,1,1,UVM_LOW,0,0,0.0,-O2 -sv,+UVM_TESTNAME=auto,r1p2,4,384,5.0,parity_stress_test,parity_stress_seq,APB4+UART
RUN-001381,dma_burst_test-001381,Dma_Burst,APB4,round_robin,4,0,1,odd,230400,32,0,level,25,32,32,100,3,ACTIVE,stress,1,8,1,1,UVM_MEDIUM,0,0,0.0,-O2 -sv,+UVM_TESTNAME=auto,r2p0,10,384,40.0,dma_burst_test,dma_burst_seq,APB4+UART
RUN-001382,irq_storm_test-001382,Irq_Storm,APB3,round_robin,16,3,0,odd,230400,8,1,edge,100,32,16,100,2,PASSIVE,regression,0,4,0,1,UVM_HIGH,0,0,0.0,-O2 -sv -assert svaext,+UVM_TESTNAME=auto,r1p2,2,96,10.0,irq_storm_test,irq_storm_seq,APB3+UART
RUN-001383,parity_stress_test-001383,Parity_Stress,APB3,priority,8,1,1,even,460800,32,0,edge,200,32,16,100,3,ACTIVE,functional,0,8,1,1,UVM_LOW,1,0,0.0,-O0 -sv -debug,+UVM_TESTNAME=auto,r1p0,10,384,5.0,parity_stress_test,parity_stress_seq,APB3+UART
RUN-001384,backpressure_test-001384,Backpressure,APB4,static,16,2,4,none,230400,32,0,edge,200,16,32,100,2,ACTIVE,stress,1,4,1,1,UVM_MEDIUM,0,0,0.0,-O2 -sv -assert svaext,+UVM_TESTNAME=auto -cm line+tgl,r1p2,4,384,5.0,backpressure_test,backpressure_seq,APB4+UART
RUN-001385,backpressure_test-001385,Backpressure,APB4,priority,2,6,1,odd,230400,8,0,level,100,32,16,50,3,ACTIVE,regression,1,4,0,1,UVM_MEDIUM,0,1,0.0267,-O2 -sv -assert svaext,+UVM_TESTNAME=auto,r1p0,3,96,10.0,backpressure_test,backpressure_seq,APB4+UART
RUN-001386,backpressure_test-001386,Backpressure,APB4,round_robin,8,5,1,even,921600,4,1,level,50,32,32,500,1,ACTIVE,regression,0,8,0,1,UVM_LOW,0,0,0.0,-O2 -sv -assert svaext,+UVM_TESTNAME=auto,r1p2,5,48,20.0,backpressure_test,backpressure_seq,APB4+UART
RUN-001387,parity_stress_test-001387,Parity_Stress,APB4,priority,2,4,0,even,115200,8,0,edge,100,8,32,250,2,ACTIVE,regression,0,16,0,1,UVM_LOW,0,1,0.0234,-O0 -sv -debug,+UVM_TESTNAME=auto -cm line+tgl,r1p0,7,96,10.0,parity_stress_test,parity_stress_seq,APB4+UART
RUN-001388,reset_recovery_test-001388,Reset_Recovery,APB3,priority,8,4,1,none,115200,8,0,edge,50,16,32,500,3,ACTIVE,stress,0,16,1,1,UVM_LOW,1,1,0.0189,-O2 -sv -assert svaext,+UVM_TESTNAME=auto,r1p2,10,96,20.0,reset_recovery_test,reset_recovery_seq,APB3+UART
RUN-001389,reg_sweep_test-001389,Reg_Sweep,APB4,static,4,4,1,odd,230400,16,1,edge,200,16,16,100,3,PASSIVE,functional,1,4,1,1,UVM_LOW,0,1,0.0246,-O0 -sv -debug,+UVM_TESTNAME=auto -cm line+tgl,r1p0,1,192,5.0,reg_sweep_test,reg_sweep_seq,APB4+UART
RUN-001390,uart_loopback_test-001390,Uart_Loopback,APB4,static,16,0,1,odd,115200,16,1,edge,100,32,32,250,2,ACTIVE,functional,0,4,1,1,UVM_HIGH,0,1,0.0299,-O0 -sv -debug,+UVM_TESTNAME=auto,r2p0,5,192,10.0,uart_loopback_test,uart_loopback_seq,APB4+UART
RUN-001391,uart_loopback_test-001391,Uart_Loopback,APB4,priority,8,7,4,even,230400,32,0,level,50,8,16,500,1,PASSIVE,functional,0,8,1,1,UVM_LOW,1,1,0.0391,-O2 -sv,+UVM_TESTNAME=auto,r1p0,4,384,20.0,uart_loopback_test,uart_loopback_seq,APB4+UART
RUN-001392,uart_loopback_test-001392,Uart_Loopback,APB4,priority,8,4,2,none,460800,16,0,edge,50,16,32,500,3,ACTIVE,regression,1,16,1,0,UVM_MEDIUM,0,1,0.0151,-O0 -sv -debug,+UVM_TESTNAME=auto,r1p0,11,192,20.0,uart_loopback_test,uart_loopback_seq,APB4+UART
RUN-001393,reset_recovery_test-001393,Reset_Recovery,APB3,static,4,2,1,odd,230400,16,1,level,25,32,32,50,1,ACTIVE,functional,1,4,1,1,UVM_MEDIUM,0,1,0.0383,-O2 -sv -assert svaext,+UVM_TESTNAME=auto -cm line+tgl,r2p0,9,192,40.0,reset_recovery_test,reset_recovery_seq,APB3+UART
RUN-001394,backpressure_test-001394,Backpressure,APB3,priority,16,2,4,odd,1500000,4,0,level,50,32,32,100,3,ACTIVE,stress,0,8,1,1,UVM_MEDIUM,0,0,0.0,-O0 -sv -debug,+UVM_TESTNAME=auto,r1p2,8,48,20.0,backpressure_test,backpressure_seq,APB3+UART
RUN-001395,backpressure_test-001395,Backpressure,APB3,round_robin,4,7,2,even,921600,8,1,edge,100,32,32,50,1,ACTIVE,functional,0,8,0,0,UVM_LOW,0,1,0.0398,-O2 -sv -assert svaext,+UVM_TESTNAME=auto,r1p2,10,96,10.0,backpressure_test,backpressure_seq,APB3+UART
RUN-001396,dma_burst_test-001396,Dma_Burst,APB3,round_robin,8,3,2,even,230400,8,1,level,200,32,32,250,2,ACTIVE,regression,0,16,1,1,UVM_MEDIUM,1,0,0.0,-O2 -sv -assert svaext,+UVM_TESTNAME=auto -cm line+tgl,r1p0,1,96,5.0,dma_burst_test,dma_burst_seq,APB3+UART
RUN-001397,reset_recovery_test-001397,Reset_Recovery,APB3,static,2,7,1,none,115200,8,1,level,25,16,16,250,1,ACTIVE,functional,1,8,1,1,UVM_HIGH,1,1,0.037,-O2 -sv,+UVM_TESTNAME=auto,r2p0,3,96,40.0,reset_recovery_test,reset_recovery_seq,APB3+UART
RUN-001398,reset_recovery_test-001398,Reset_Recovery,APB4,static,2,2,1,none,115200,16,0,level,50,16,32,100,1,ACTIVE,regression,1,4,0,1,UVM_HIGH,1,1,0.0255,-O0 -sv -debug,+UVM_TESTNAME=auto -cm line+tgl,r1p0,2,192,20.0,reset_recovery_test,reset_recovery_seq,APB4+UART
RUN-001399,dma_burst_test-001399,Dma_Burst,APB4,priority,8,4,1,even,921600,32,0,level,100,32,32,500,3,ACTIVE,regression,0,8,1,1,UVM_LOW,0,0,0.0,-O2 -sv -assert svaext,+UVM_TESTNAME=auto,r1p2,0,384,10.0,dma_burst_test,dma_burst_seq,APB4+UART
RUN-001400,dma_burst_test-001400,Dma_Burst,APB4,static,2,0,2,even,230400,64,1,edge,50,8,32,50,1,ACTIVE,functional,0,8,0,1,UVM_HIGH,0,1,0.0345,-O2 -sv -assert svaext,+UVM_TESTNAME=auto,r1p2,3,768,20.0,dma_burst_test,dma_burst_seq,APB4+UART
RUN-001401,dma_burst_test-001401,Dma_Burst,APB3,priority,4,5,2,even,460800,32,1,level,200,32,16,500,3,ACTIVE,regression,0,16,1,1,UVM_LOW,0,0,0.0,-O2 -sv -assert svaext,+UVM_TESTNAME=auto,r2p0,2,384,5.0,dma_burst_test,dma_burst_seq,APB3+UART
RUN-001402,reset_recovery_test-001402,Reset_Recovery,APB3,priority,4,2,1,none,1500000,64,1,edge,25,16,32,250,3,ACTIVE,functional,0,16,1,1,UVM_MEDIUM,0,0,0.0,-O2 -sv,+UVM_TESTNAME=auto,r1p0,7,768,40.0,reset_recovery_test,reset_recovery_seq,APB3+UART
RUN-001403,backpressure_test-001403,Backpressure,APB3,round_robin,4,5,2,even,921600,16,0,level,50,32,32,250,1,ACTIVE,regression,0,16,1,1,UVM_LOW,1,1,0.0335,-O2 -sv -assert svaext,+UVM_TESTNAME=auto -cm line+tgl,r1p2,1,192,20.0,backpressure_test,backpressure_seq,APB3+UART
RUN-001404,dma_burst_test-001404,Dma_Burst,APB3,round_robin,4,5,1,even,230400,32,0,edge,100,8,16,250,1,ACTIVE,functional,1,4,1,1,UVM_LOW,0,1,0.0143,-O2 -sv,+UVM_TESTNAME=auto -cm line+tgl,r1p0,1,384,10.0,dma_burst_test,dma_burst_seq,APB3+UART
RUN-001405,reg_sweep_test-001405,Reg_Sweep,APB4,round_robin,4,5,0,even,921600,16,0,level,25,16,32,500,3,ACTIVE,regression,0,8,1,1,UVM_LOW,0,1,0.0011,-O0 -sv -debug,+UVM_TESTNAME=auto,r1p2,6,192,40.0,reg_sweep_test,reg_sweep_seq,APB4+UART
RUN-001406,reset_recovery_test-001406,Reset_Recovery,APB3,static,8,6,1,even,230400,16,1,level,25,8,32,250,1,PASSIVE,regression,0,4,1,0,UVM_LOW,1,0,0.0,-O0 -sv -debug,+UVM_TESTNAME=auto -cm line+tgl,r1p2,1,192,40.0,reset_recovery_test,reset_recovery_seq,APB3+UART
RUN-001407,reg_sweep_test-001407,Reg_Sweep,APB4,round_robin,2,4,2,none,230400,8,1,level,50,8,16,500,2,ACTIVE,stress,0,8,1,1,UVM_LOW,0,0,0.0,-O2 -sv,+UVM_TESTNAME=auto -cm line+tgl,r1p0,10,96,20.0,reg_sweep_test,reg_sweep_seq,APB4+UART
RUN-001408,dma_burst_test-001408,Dma_Burst,APB4,round_robin,8,5,0,none,230400,32,1,level,200,16,32,50,1,ACTIVE,stress,0,4,1,0,UVM_MEDIUM,0,0,0.0,-O2 -sv -assert svaext,+UVM_TESTNAME=auto,r2p0,0,384,5.0,dma_burst_test,dma_burst_seq,APB4+UART
RUN-001409,backpressure_test-001409,Backpressure,APB3,round_robin,16,0,2,none,115200,16,1,edge,100,8,16,100,1,ACTIVE,stress,0,8,0,1,UVM_MEDIUM,0,1,0.0119,-O2 -sv,+UVM_TESTNAME=auto -cm line+tgl,r1p0,4,192,10.0,backpressure_test,backpressure_seq,APB3+UART
RUN-001410,dma_burst_test-001410,Dma_Burst,APB3,static,16,4,2,none,460800,8,1,level,100,8,32,50,1,ACTIVE,stress,0,8,1,1,UVM_LOW,0,1,0.0095,-O2 -sv -assert svaext,+UVM_TESTNAME=auto,r2p0,7,96,10.0,dma_burst_test,dma_burst_seq,APB3+UART
RUN-001411,reg_sweep_test-001411,Reg_Sweep,APB4,static,4,2,1,even,460800,16,1,level,100,16,32,50,2,ACTIVE,regression,1,16,1,1,UVM_LOW,0,0,0.0,-O0 -sv -debug,+UVM_TESTNAME=auto,r2p0,8,192,10.0,reg_sweep_test,reg_sweep_seq,APB4+UART
RUN-001412,reg_sweep_test-001412,Reg_Sweep,APB3,priority,8,5,2,none,460800,16,1,edge,25,16,32,100,2,ACTIVE,stress,1,4,1,1,UVM_MEDIUM,0,1,0.0112,-O2 -sv -assert svaext,+UVM_TESTNAME=auto -cm line+tgl,r1p0,3,192,40.0,reg_sweep_test,reg_sweep_seq,APB3+UART
RUN-001413,reg_sweep_test-001413,Reg_Sweep,APB3,round_robin,4,5,2,even,921600,32,1,edge,100,8,16,100,2,ACTIVE,functional,0,16,1,1,UVM_MEDIUM,1,1,0.0067,-O2 -sv,+UVM_TESTNAME=auto -cm line+tgl,r1p2,8,384,10.0,reg_sweep_test,reg_sweep_seq,APB3+UART
RUN-001414,parity_stress_test-001414,Parity_Stress,APB4,round_robin,8,6,0,even,230400,32,0,level,50,16,16,100,2,PASSIVE,regression,1,8,1,0,UVM_LOW,1,0,0.0,-O2 -sv -assert svaext,+UVM_TESTNAME=auto -cm line+tgl,r1p0,6,384,20.0,parity_stress_test,parity_stress_seq,APB4+UART
RUN-001415,irq_storm_test-001415,Irq_Storm,APB4,round_robin,8,5,2,none,115200,8,0,edge,50,16,32,100,1,ACTIVE,functional,0,8,1,1,UVM_LOW,0,0,0.0,-O0 -sv -debug,+UVM_TESTNAME=auto -cm line+tgl,r1p2,3,96,20.0,irq_storm_test,irq_storm_seq,APB4+UART
RUN-001416,reset_recovery_test-001416,Reset_Recovery,APB3,round_robin,4,7,0,odd,460800,4,0,edge,100,8,32,250,1,ACTIVE,regression,1,16,1,0,UVM_MEDIUM,1,0,0.0,-O2 -sv -assert svaext,+UVM_TESTNAME=auto -cm line+tgl,r1p2,6,48,10.0,reset_recovery_test,reset_recovery_seq,APB3+UART
RUN-001417,irq_storm_test-001417,Irq_Storm,APB3,priority,4,2,2,odd,460800,64,1,level,200,16,16,50,2,ACTIVE,stress,0,4,1,1,UVM_LOW,0,0,0.0,-O2 -sv -assert svaext,+UVM_TESTNAME=auto -cm line+tgl,r2p0,9,768,5.0,irq_storm_test,irq_storm_seq,APB3+UART
RUN-001418,dma_burst_test-001418,Dma_Burst,APB3,static,4,6,0,none,230400,8,1,edge,25,32,16,250,1,ACTIVE,stress,0,16,0,1,UVM_LOW,0,1,0.0033,-O2 -sv -assert svaext,+UVM_TESTNAME=auto,r2p0,7,96,40.0,dma_burst_test,dma_burst_seq,APB3+UART
RUN-001419,uart_loopback_test-001419,Uart_Loopback,APB4,static,4,1,1,odd,115200,16,0,edge,100,16,32,500,2,ACTIVE,regression,1,8,1,1,UVM_HIGH,0,0,0.0,-O2 -sv -assert svaext,+UVM_TESTNAME=auto,r1p2,5,192,10.0,uart_loopback_test,uart_loopback_seq,APB4+UART
RUN-001420,backpressure_test-001420,Backpressure,APB4,priority,4,1,1,odd,460800,64,0,edge,25,32,16,250,2,ACTIVE,functional,0,16,1,0,UVM_MEDIUM,0,1,0.0226,-O2 -sv -assert svaext,+UVM_TESTNAME=auto,r1p2,1,768,40.0,backpressure_test,backpressure_seq,APB4+UART
RUN-001421,backpressure_test-001421,Backpressure,APB4,static,2,6,0,even,460800,32,1,level,50,8,16,100,2,ACTIVE,functional,0,8,1,0,UVM_HIGH,1,1,0.0368,-O2 -sv,+UVM_TESTNAME=auto,r2p0,2,384,20.0,backpressure_test,backpressure_seq,APB4+UART
RUN-001422,uart_loopback_test-001422,Uart_Loopback,APB3,round_robin,4,6,1,none,1500000,64,1,level,200,8,32,50,1,ACTIVE,stress,0,8,1,1,UVM_MEDIUM,1,0,0.0,-O2 -sv,+UVM_TESTNAME=auto,r1p2,8,768,5.0,uart_loopback_test,uart_loopback_seq,APB3+UART
RUN-001423,irq_storm_test-001423,Irq_Storm,APB3,round_robin,4,5,2,even,921600,32,1,edge,100,16,16,100,2,ACTIVE,functional,1,4,0,1,UVM_LOW,0,0,0.0,-O2 -sv,+UVM_TESTNAME=auto -cm line+tgl,r2p0,3,384,10.0,irq_storm_test,irq_storm_seq,APB3+UART
RUN-001424,reset_recovery_test-001424,Reset_Recovery,APB3,round_robin,2,1,0,none,115200,64,1,level,100,16,32,100,2,ACTIVE,stress,0,16,1,1,UVM_HIGH,1,0,0.0,-O2 -sv,+UVM_TESTNAME=auto,r2p0,7,768,10.0,reset_recovery_test,reset_recovery_seq,APB3+UART
RUN-001425,dma_burst_test-001425,Dma_Burst,APB4,priority,8,5,1,even,115200,32,0,level,100,8,16,250,2,ACTIVE,stress,0,4,1,1,UVM_LOW,0,0,0.0,-O2 -sv,+UVM_TESTNAME=auto,r2p0,8,384,10.0,dma_burst_test,dma_burst_seq,APB4+UART
RUN-001426,reset_recovery_test-001426,Reset_Recovery,APB3,static,4,2,1,none,115200,8,1,level,100,32,32,250,2,PASSIVE,functional,1,16,1,1,UVM_HIGH,0,1,0.0344,-O2 -sv -assert svaext,+UVM_TESTNAME=auto -cm line+tgl,r2p0,7,96,10.0,reset_recovery_test,reset_recovery_seq,APB3+UART
RUN-001427,backpressure_test-001427,Backpressure,APB4,round_robin,4,2,0,odd,921600,64,1,edge,200,8,32,500,2,ACTIVE,stress,0,8,1,1,UVM_HIGH,0,1,0.0117,-O2 -sv,+UVM_TESTNAME=auto,r2p0,5,768,5.0,backpressure_test,backpressure_seq,APB4+UART
RUN-001428,uart_loopback_test-001428,Uart_Loopback,APB4,priority,16,3,4,none,115200,16,0,edge,100,16,32,500,1,ACTIVE,functional,0,16,1,1,UVM_MEDIUM,0,0,0.0,-O2 -sv,+UVM_TESTNAME=auto,r1p0,11,192,10.0,uart_loopback_test,uart_loopback_seq,APB4+UART
RUN-001429,dma_burst_test-001429,Dma_Burst,APB4,priority,8,6,2,odd,230400,4,0,level,200,16,16,50,1,PASSIVE,regression,0,8,0,1,UVM_LOW,0,1,0.0396,-O0 -sv -debug,+UVM_TESTNAME=auto -cm line+tgl,r1p0,2,48,5.0,dma_burst_test,dma_burst_seq,APB4+UART
RUN-001430,parity_stress_test-001430,Parity_Stress,APB4,priority,4,3,0,none,921600,8,1,edge,200,16,16,500,1,ACTIVE,functional,1,16,1,1,UVM_LOW,1,0,0.0,-O0 -sv -debug,+UVM_TESTNAME=auto,r1p2,4,96,5.0,parity_stress_test,parity_stress_seq,APB4+UART
RUN-001431,reg_sweep_test-001431,Reg_Sweep,APB4,static,2,1,0,odd,921600,32,0,edge,200,32,32,50,1,ACTIVE,functional,0,4,0,1,UVM_HIGH,0,1,0.0311,-O2 -sv -assert svaext,+UVM_TESTNAME=auto,r2p0,11,384,5.0,reg_sweep_test,reg_sweep_seq,APB4+UART
RUN-001432,backpressure_test-001432,Backpressure,APB3,round_robin,2,3,1,even,230400,4,1,level,25,16,32,50,3,ACTIVE,functional,0,8,1,1,UVM_MEDIUM,1,1,0.009,-O2 -sv -assert svaext,+UVM_TESTNAME=auto -cm line+tgl,r1p2,6,48,40.0,backpressure_test,backpressure_seq,APB3+UART
RUN-001433,dma_burst_test-001433,Dma_Burst,APB4,round_robin,2,3,4,odd,921600,32,1,edge,100,32,32,500,1,ACTIVE,stress,0,8,0,1,UVM_LOW,0,0,0.0,-O2 -sv -assert svaext,+UVM_TESTNAME=auto,r2p0,3,384,10.0,dma_burst_test,dma_burst_seq,APB4+UART
RUN-001434,uart_loopback_test-001434,Uart_Loopback,APB3,priority,4,1,2,odd,921600,64,1,level,50,16,16,500,3,PASSIVE,stress,1,16,1,1,UVM_LOW,0,0,0.0,-O2 -sv,+UVM_TESTNAME=auto,r2p0,10,768,20.0,uart_loopback_test,uart_loopback_seq,APB3+UART
RUN-001435,backpressure_test-001435,Backpressure,APB4,round_robin,4,3,1,none,1500000,8,1,level,25,32,32,500,1,ACTIVE,functional,1,4,1,0,UVM_LOW,0,0,0.0,-O2 -sv -assert svaext,+UVM_TESTNAME=auto,r2p0,2,96,40.0,backpressure_test,backpressure_seq,APB4+UART
RUN-001436,reset_recovery_test-001436,Reset_Recovery,APB4,priority,2,5,2,even,115200,16,1,level,200,16,32,250,2,ACTIVE,stress,0,16,1,1,UVM_HIGH,0,1,0.0107,-O2 -sv -assert svaext,+UVM_TESTNAME=auto,r2p0,10,192,5.0,reset_recovery_test,reset_recovery_seq,APB4+UART
RUN-001437,reset_recovery_test-001437,Reset_Recovery,APB4,priority,16,1,2,even,230400,32,1,level,200,8,16,100,2,ACTIVE,regression,0,16,0,1,UVM_MEDIUM,0,0,0.0,-O2 -sv,+UVM_TESTNAME=auto -cm line+tgl,r2p0,8,384,5.0,reset_recovery_test,reset_recovery_seq,APB4+UART
RUN-001438,uart_loopback_test-001438,Uart_Loopback,APB4,round_robin,2,5,4,none,1500000,32,0,edge,200,32,32,100,1,ACTIVE,functional,1,16,1,1,UVM_LOW,0,0,0.0,-O0 -sv -debug,+UVM_TESTNAME=auto -cm line+tgl,r2p0,0,384,5.0,uart_loopback_test,uart_loopback_seq,APB4+UART
RUN-001439,parity_stress_test-001439,Parity_Stress,APB3,round_robin,4,1,1,none,230400,64,1,level,100,32,32,500,2,ACTIVE,regression,1,8,1,1,UVM_LOW,0,1,0.022,-O2 -sv -assert svaext,+UVM_TESTNAME=auto,r1p2,9,768,10.0,parity_stress_test,parity_stress_seq,APB3+UART
RUN-001440,backpressure_test-001440,Backpressure,APB4,priority,8,2,2,none,1500000,4,0,edge,100,32,32,250,2,ACTIVE,functional,0,16,1,1,UVM_LOW,0,1,0.0259,-O2 -sv,+UVM_TESTNAME=auto -cm line+tgl,r2p0,7,48,10.0,backpressure_test,backpressure_seq,APB4+UART
RUN-001441,dma_burst_test-001441,Dma_Burst,APB4,priority,2,1,0,odd,230400,16,1,edge,100,16,32,250,3,PASSIVE,regression,0,4,0,1,UVM_HIGH,0,1,0.0223,-O2 -sv -assert svaext,+UVM_TESTNAME=auto -cm line+tgl,r1p2,7,192,10.0,dma_burst_test,dma_burst_seq,APB4+UART
RUN-001442,parity_stress_test-001442,Parity_Stress,APB3,round_robin,8,2,2,even,921600,8,1,level,50,16,32,100,2,ACTIVE,functional,0,8,0,1,UVM_LOW,0,0,0.0,-O0 -sv -debug,+UVM_TESTNAME=auto,r1p0,1,96,20.0,parity_stress_test,parity_stress_seq,APB3+UART
RUN-001443,backpressure_test-001443,Backpressure,APB4,round_robin,4,6,0,none,230400,16,0,edge,200,16,32,100,1,ACTIVE,functional,0,8,0,1,UVM_MEDIUM,0,0,0.0,-O2 -sv -assert svaext,+UVM_TESTNAME=auto,r1p0,7,192,5.0,backpressure_test,backpressure_seq,APB4+UART
RUN-001444,dma_burst_test-001444,Dma_Burst,APB4,static,4,0,4,odd,230400,4,1,level,100,32,32,500,1,ACTIVE,regression,0,4,1,1,UVM_HIGH,0,0,0.0,-O0 -sv -debug,+UVM_TESTNAME=auto,r1p0,4,48,10.0,dma_burst_test,dma_burst_seq,APB4+UART
RUN-001445,uart_loopback_test-001445,Uart_Loopback,APB4,priority,4,6,1,odd,115200,32,1,level,50,8,32,250,1,ACTIVE,functional,1,8,1,1,UVM_HIGH,0,1,0.0085,-O2 -sv -assert svaext,+UVM_TESTNAME=auto,r2p0,9,384,20.0,uart_loopback_test,uart_loopback_seq,APB4+UART
RUN-001446,parity_stress_test-001446,Parity_Stress,APB3,round_robin,4,7,4,even,460800,64,1,level,100,32,16,250,1,PASSIVE,functional,0,4,1,1,UVM_LOW,0,0,0.0,-O2 -sv,+UVM_TESTNAME=auto,r1p0,6,768,10.0,parity_stress_test,parity_stress_seq,APB3+UART
RUN-001447,dma_burst_test-001447,Dma_Burst,APB4,priority,4,2,1,odd,230400,16,1,edge,100,8,32,500,1,ACTIVE,regression,0,16,1,1,UVM_HIGH,0,1,0.0004,-O2 -sv -assert svaext,+UVM_TESTNAME=auto -cm line+tgl,r1p2,2,192,10.0,dma_burst_test,dma_burst_seq,APB4+UART
RUN-001448,reset_recovery_test-001448,Reset_Recovery,APB3,priority,8,5,0,even,230400,32,1,edge,25,16,32,50,2,ACTIVE,functional,0,16,0,1,UVM_MEDIUM,0,0,0.0,-O0 -sv -debug,+UVM_TESTNAME=auto -cm line+tgl,r1p0,11,384,40.0,reset_recovery_test,reset_recovery_seq,APB3+UART
RUN-001449,backpressure_test-001449,Backpressure,APB4,static,2,4,1,odd,921600,4,0,edge,50,32,16,250,2,ACTIVE,regression,0,16,1,1,UVM_MEDIUM,0,1,0.0168,-O2 -sv -assert svaext,+UVM_TESTNAME=auto,r1p0,4,48,20.0,backpressure_test,backpressure_seq,APB4+UART
RUN-001450,dma_burst_test-001450,Dma_Burst,APB3,round_robin,2,2,4,even,230400,4,0,edge,200,8,32,50,2,PASSIVE,stress,0,4,1,1,UVM_LOW,1,1,0.0044,-O2 -sv,+UVM_TESTNAME=auto,r2p0,4,48,5.0,dma_burst_test,dma_burst_seq,APB3+UART
RUN-001451,backpressure_test-001451,Backpressure,APB3,priority,4,6,1,none,230400,16,1,level,25,32,16,100,1,ACTIVE,functional,0,8,1,1,UVM_MEDIUM,0,0,0.0,-O2 -sv -assert svaext,+UVM_TESTNAME=auto -cm line+tgl,r1p2,2,192,40.0,backpressure_test,backpressure_seq,APB3+UART
RUN-001452,reset_recovery_test-001452,Reset_Recovery,APB3,priority,16,3,1,odd,460800,8,0,level,25,8,32,50,2,ACTIVE,functional,0,4,0,1,UVM_LOW,0,1,0.0312,-O2 -sv -assert svaext,+UVM_TESTNAME=auto,r1p0,0,96,40.0,reset_recovery_test,reset_recovery_seq,APB3+UART
RUN-001453,reset_recovery_test-001453,Reset_Recovery,APB3,round_robin,8,6,0,odd,1500000,32,1,level,50,8,32,250,3,ACTIVE,functional,0,8,1,1,UVM_HIGH,0,1,0.0335,-O2 -sv,+UVM_TESTNAME=auto -cm line+tgl,r1p0,0,384,20.0,reset_recovery_test,reset_recovery_seq,APB3+UART
RUN-001454,uart_loopback_test-001454,Uart_Loopback,APB4,round_robin,16,1,0,none,230400,32,1,level,50,32,32,50,1,ACTIVE,functional,0,16,1,1,UVM_LOW,1,0,0.0,-O2 -sv,+UVM_TESTNAME=auto -cm line+tgl,r1p0,6,384,20.0,uart_loopback_test,uart_loopback_seq,APB4+UART
RUN-001455,irq_storm_test-001455,Irq_Storm,APB4,priority,4,1,4,even,1500000,64,0,level,100,32,16,250,1,ACTIVE,functional,0,8,1,1,UVM_LOW,0,0,0.0,-O2 -sv -assert svaext,+UVM_TESTNAME=auto -cm line+tgl,r1p0,3,768,10.0,irq_storm_test,irq_storm_seq,APB4+UART
RUN-001456,backpressure_test-001456,Backpressure,APB3,static,4,2,4,even,460800,32,0,edge,50,32,32,50,3,PASSIVE,stress,0,4,0,1,UVM_LOW,0,0,0.0,-O0 -sv -debug,+UVM_TESTNAME=auto,r1p2,6,384,20.0,backpressure_test,backpressure_seq,APB3+UART
RUN-001457,reset_recovery_test-001457,Reset_Recovery,APB4,static,2,1,2,odd,460800,32,0,level,100,16,32,250,2,ACTIVE,stress,0,16,1,1,UVM_MEDIUM,0,0,0.0,-O0 -sv -debug,+UVM_TESTNAME=auto,r2p0,10,384,10.0,reset_recovery_test,reset_recovery_seq,APB4+UART
RUN-001458,reg_sweep_test-001458,Reg_Sweep,APB3,static,4,1,2,none,921600,16,0,level,50,8,32,250,1,ACTIVE,functional,1,4,1,1,UVM_LOW,0,1,0.0367,-O2 -sv,+UVM_TESTNAME=auto,r2p0,1,192,20.0,reg_sweep_test,reg_sweep_seq,APB3+UART
RUN-001459,uart_loopback_test-001459,Uart_Loopback,APB3,round_robin,8,4,0,none,460800,32,1,level,100,8,16,100,2,ACTIVE,stress,0,4,1,1,UVM_LOW,1,0,0.0,-O2 -sv -assert svaext,+UVM_TESTNAME=auto -cm line+tgl,r1p0,6,384,10.0,uart_loopback_test,uart_loopback_seq,APB3+UART
RUN-001460,uart_loopback_test-001460,Uart_Loopback,APB4,round_robin,4,0,0,even,230400,8,1,edge,50,32,32,500,2,ACTIVE,functional,0,8,1,0,UVM_HIGH,0,1,0.0033,-O2 -sv -assert svaext,+UVM_TESTNAME=auto,r1p0,11,96,20.0,uart_loopback_test,uart_loopback_seq,APB4+UART
RUN-001461,dma_burst_test-001461,Dma_Burst,APB3,round_robin,4,2,1,even,115200,16,1,edge,200,32,32,250,2,ACTIVE,regression,0,8,1,0,UVM_MEDIUM,0,0,0.0,-O2 -sv -assert svaext,+UVM_TESTNAME=auto -cm line+tgl,r1p0,11,192,5.0,dma_burst_test,dma_burst_seq,APB3+UART
RUN-001462,parity_stress_test-001462,Parity_Stress,APB3,priority,4,3,0,odd,921600,32,0,edge,50,32,32,100,1,ACTIVE,regression,0,4,0,1,UVM_MEDIUM,0,0,0.0,-O2 -sv -assert svaext,+UVM_TESTNAME=auto,r2p0,1,384,20.0,parity_stress_test,parity_stress_seq,APB3+UART
RUN-001463,reset_recovery_test-001463,Reset_Recovery,APB4,priority,4,2,2,none,115200,16,1,edge,100,32,32,100,1,ACTIVE,regression,0,4,1,1,UVM_LOW,0,1,0.0017,-O0 -sv -debug,+UVM_TESTNAME=auto,r1p0,9,192,10.0,reset_recovery_test,reset_recovery_seq,APB4+UART
RUN-001464,uart_loopback_test-001464,Uart_Loopback,APB4,round_robin,8,2,1,none,921600,64,1,edge,200,32,32,100,2,ACTIVE,regression,1,4,1,1,UVM_HIGH,0,0,0.0,-O2 -sv -assert svaext,+UVM_TESTNAME=auto,r2p0,7,768,5.0,uart_loopback_test,uart_loopback_seq,APB4+UART
RUN-001465,irq_storm_test-001465,Irq_Storm,APB4,round_robin,2,5,2,even,921600,8,0,level,25,32,32,250,1,ACTIVE,stress,0,16,0,1,UVM_LOW,1,0,0.0,-O2 -sv -assert svaext,+UVM_TESTNAME=auto -cm line+tgl,r1p2,7,96,40.0,irq_storm_test,irq_storm_seq,APB4+UART
RUN-001466,reset_recovery_test-001466,Reset_Recovery,APB3,static,2,5,2,odd,1500000,16,0,edge,50,32,32,100,3,PASSIVE,functional,0,8,1,1,UVM_LOW,0,0,0.0,-O2 -sv,+UVM_TESTNAME=auto -cm line+tgl,r1p2,11,192,20.0,reset_recovery_test,reset_recovery_seq,APB3+UART
RUN-001467,parity_stress_test-001467,Parity_Stress,APB3,round_robin,2,6,0,none,1500000,16,0,edge,100,32,16,250,2,ACTIVE,stress,0,16,1,1,UVM_LOW,0,1,0.0054,-O0 -sv -debug,+UVM_TESTNAME=auto,r1p0,6,192,10.0,parity_stress_test,parity_stress_seq,APB3+UART
RUN-001468,uart_loopback_test-001468,Uart_Loopback,APB3,round_robin,8,2,2,even,460800,4,1,edge,200,32,32,50,2,ACTIVE,functional,0,16,1,1,UVM_MEDIUM,1,0,0.0,-O2 -sv,+UVM_TESTNAME=auto,r2p0,0,48,5.0,uart_loopback_test,uart_loopback_seq,APB3+UART
RUN-001469,irq_storm_test-001469,Irq_Storm,APB3,priority,8,1,1,none,460800,4,1,level,200,8,32,50,3,ACTIVE,stress,1,16,0,1,UVM_LOW,0,1,0.0329,-O2 -sv,+UVM_TESTNAME=auto -cm line+tgl,r1p2,3,48,5.0,irq_storm_test,irq_storm_seq,APB3+UART
RUN-001470,backpressure_test-001470,Backpressure,APB4,priority,4,4,2,even,1500000,8,0,edge,25,32,16,100,1,ACTIVE,functional,0,8,1,1,UVM_LOW,0,1,0.0035,-O2 -sv -assert svaext,+UVM_TESTNAME=auto,r1p0,1,96,40.0,backpressure_test,backpressure_seq,APB4+UART
RUN-001471,uart_loopback_test-001471,Uart_Loopback,APB4,static,4,1,1,none,230400,64,0,edge,25,16,32,500,2,ACTIVE,stress,0,4,1,1,UVM_HIGH,1,0,0.0,-O0 -sv -debug,+UVM_TESTNAME=auto -cm line+tgl,r1p2,2,768,40.0,uart_loopback_test,uart_loopback_seq,APB4+UART
RUN-001472,reset_recovery_test-001472,Reset_Recovery,APB3,static,4,0,1,odd,460800,16,0,level,25,32,32,500,2,ACTIVE,functional,1,4,1,1,UVM_MEDIUM,0,0,0.0,-O0 -sv -debug,+UVM_TESTNAME=auto,r1p2,0,192,40.0,reset_recovery_test,reset_recovery_seq,APB3+UART
RUN-001473,dma_burst_test-001473,Dma_Burst,APB3,priority,2,4,0,none,115200,16,1,level,50,16,32,500,3,ACTIVE,regression,0,8,1,1,UVM_MEDIUM,0,0,0.0,-O2 -sv -assert svaext,+UVM_TESTNAME=auto,r1p0,5,192,20.0,dma_burst_test,dma_burst_seq,APB3+UART
RUN-001474,dma_burst_test-001474,Dma_Burst,APB4,priority,8,0,0,odd,230400,32,1,level,200,8,16,250,1,ACTIVE,regression,1,16,1,1,UVM_LOW,0,0,0.0,-O0 -sv -debug,+UVM_TESTNAME=auto,r1p0,11,384,5.0,dma_burst_test,dma_burst_seq,APB4+UART
RUN-001475,reg_sweep_test-001475,Reg_Sweep,APB4,round_robin,4,1,0,even,115200,32,1,edge,25,32,32,50,2,ACTIVE,regression,0,4,1,1,UVM_MEDIUM,0,0,0.0,-O2 -sv,+UVM_TESTNAME=auto,r1p2,6,384,40.0,reg_sweep_test,reg_sweep_seq,APB4+UART
RUN-001476,irq_storm_test-001476,Irq_Storm,APB3,round_robin,4,5,1,odd,115200,32,1,edge,100,16,32,50,1,ACTIVE,functional,0,8,1,1,UVM_HIGH,0,1,0.015,-O2 -sv -assert svaext,+UVM_TESTNAME=auto,r1p2,2,384,10.0,irq_storm_test,irq_storm_seq,APB3+UART
RUN-001477,uart_loopback_test-001477,Uart_Loopback,APB3,static,2,0,1,even,921600,4,0,level,200,16,32,100,2,ACTIVE,functional,0,8,0,1,UVM_MEDIUM,0,0,0.0,-O2 -sv,+UVM_TESTNAME=auto -cm line+tgl,r1p0,11,48,5.0,uart_loopback_test,uart_loopback_seq,APB3+UART
RUN-001478,backpressure_test-001478,Backpressure,APB4,priority,4,2,0,odd,460800,32,1,level,25,8,32,100,1,ACTIVE,stress,0,4,1,0,UVM_LOW,0,1,0.0148,-O2 -sv -assert svaext,+UVM_TESTNAME=auto,r2p0,7,384,40.0,backpressure_test,backpressure_seq,APB4+UART
RUN-001479,backpressure_test-001479,Backpressure,APB3,priority,2,1,1,none,921600,16,0,level,100,8,32,250,2,ACTIVE,functional,0,8,1,1,UVM_LOW,0,1,0.0354,-O2 -sv -assert svaext,+UVM_TESTNAME=auto,r1p0,8,192,10.0,backpressure_test,backpressure_seq,APB3+UART
RUN-001480,reg_sweep_test-001480,Reg_Sweep,APB3,round_robin,4,0,0,none,230400,16,0,edge,50,16,32,250,1,ACTIVE,regression,1,4,0,1,UVM_MEDIUM,0,0,0.0,-O2 -sv -assert svaext,+UVM_TESTNAME=auto,r1p0,7,192,20.0,reg_sweep_test,reg_sweep_seq,APB3+UART
RUN-001481,backpressure_test-001481,Backpressure,APB4,round_robin,2,0,1,even,115200,16,0,level,100,16,32,100,1,ACTIVE,functional,0,16,1,1,UVM_LOW,0,1,0.0291,-O2 -sv -assert svaext,+UVM_TESTNAME=auto -cm line+tgl,r1p2,2,192,10.0,backpressure_test,backpressure_seq,APB4+UART
RUN-001482,irq_storm_test-001482,Irq_Storm,APB3,priority,2,2,1,even,230400,16,0,level,100,32,32,50,2,ACTIVE,functional,0,4,1,1,UVM_HIGH,0,0,0.0,-O2 -sv -assert svaext,+UVM_TESTNAME=auto -cm line+tgl,r1p2,10,192,10.0,irq_storm_test,irq_storm_seq,APB3+UART
RUN-001483,irq_storm_test-001483,Irq_Storm,APB4,round_robin,4,0,1,even,115200,32,1,edge,100,16,32,250,2,ACTIVE,functional,0,16,1,1,UVM_LOW,1,0,0.0,-O2 -sv -assert svaext,+UVM_TESTNAME=auto,r1p2,4,384,10.0,irq_storm_test,irq_storm_seq,APB4+UART
RUN-001484,backpressure_test-001484,Backpressure,APB4,static,2,0,1,even,230400,4,1,edge,50,32,16,500,1,ACTIVE,functional,0,4,0,1,UVM_LOW,0,0,0.0,-O2 -sv,+UVM_TESTNAME=auto -cm line+tgl,r1p0,10,48,20.0,backpressure_test,backpressure_seq,APB4+UART
RUN-001485,reg_sweep_test-001485,Reg_Sweep,APB4,static,2,5,4,none,230400,16,1,level,25,16,32,100,3,ACTIVE,functional,0,8,1,1,UVM_LOW,0,0,0.0,-O2 -sv -assert svaext,+UVM_TESTNAME=auto,r1p2,0,192,40.0,reg_sweep_test,reg_sweep_seq,APB4+UART
RUN-001486,uart_loopback_test-001486,Uart_Loopback,APB3,round_robin,8,2,4,even,230400,4,0,level,25,8,32,250,1,ACTIVE,stress,0,8,1,1,UVM_LOW,0,0,0.0,-O0 -sv -debug,+UVM_TESTNAME=auto,r2p0,6,48,40.0,uart_loopback_test,uart_loopback_seq,APB3+UART
RUN-001487,dma_burst_test-001487,Dma_Burst,APB3,priority,4,2,1,even,460800,16,0,level,100,32,32,250,1,ACTIVE,regression,0,8,0,1,UVM_LOW,0,0,0.0,-O2 -sv,+UVM_TESTNAME=auto -cm line+tgl,r2p0,4,192,10.0,dma_burst_test,dma_burst_seq,APB3+UART
RUN-001488,reg_sweep_test-001488,Reg_Sweep,APB4,priority,4,1,0,even,921600,8,0,level,50,32,32,500,2,ACTIVE,stress,0,16,0,1,UVM_MEDIUM,0,0,0.0,-O2 -sv -assert svaext,+UVM_TESTNAME=auto,r1p0,11,96,20.0,reg_sweep_test,reg_sweep_seq,APB4+UART
RUN-001489,dma_burst_test-001489,Dma_Burst,APB4,round_robin,2,5,1,even,230400,32,1,level,100,32,32,100,2,ACTIVE,regression,0,16,0,1,UVM_HIGH,0,0,0.0,-O2 -sv -assert svaext,+UVM_TESTNAME=auto -cm line+tgl,r2p0,4,384,10.0,dma_burst_test,dma_burst_seq,APB4+UART
RUN-001490,dma_burst_test-001490,Dma_Burst,APB3,priority,4,2,0,none,115200,4,1,level,50,16,32,50,2,ACTIVE,stress,0,4,0,1,UVM_LOW,0,0,0.0,-O2 -sv,+UVM_TESTNAME=auto -cm line+tgl,r1p2,6,48,20.0,dma_burst_test,dma_burst_seq,APB3+UART
RUN-001491,backpressure_test-001491,Backpressure,APB4,round_robin,4,7,4,odd,921600,16,1,edge,100,32,16,100,2,ACTIVE,functional,0,16,1,1,UVM_LOW,0,0,0.0,-O2 -sv -assert svaext,+UVM_TESTNAME=auto,r1p2,7,192,10.0,backpressure_test,backpressure_seq,APB4+UART
RUN-001492,reset_recovery_test-001492,Reset_Recovery,APB3,priority,4,4,0,odd,1500000,16,0,level,200,8,32,50,3,ACTIVE,regression,0,8,1,1,UVM_LOW,0,0,0.0,-O2 -sv,+UVM_TESTNAME=auto,r2p0,3,192,5.0,reset_recovery_test,reset_recovery_seq,APB3+UART
RUN-001493,irq_storm_test-001493,Irq_Storm,APB3,round_robin,4,1,2,none,921600,64,1,edge,50,32,32,100,2,PASSIVE,functional,1,16,0,1,UVM_LOW,0,0,0.0,-O0 -sv -debug,+UVM_TESTNAME=auto,r1p0,5,768,20.0,irq_storm_test,irq_storm_seq,APB3+UART
RUN-001494,parity_stress_test-001494,Parity_Stress,APB3,round_robin,8,4,1,none,115200,16,0,edge,100,32,16,100,3,ACTIVE,functional,0,16,1,1,UVM_MEDIUM,0,1,0.0272,-O2 -sv,+UVM_TESTNAME=auto,r2p0,2,192,10.0,parity_stress_test,parity_stress_seq,APB3+UART
RUN-001495,uart_loopback_test-001495,Uart_Loopback,APB4,static,4,6,2,none,115200,64,1,level,25,32,16,100,2,ACTIVE,stress,0,8,1,1,UVM_HIGH,0,0,0.0,-O2 -sv -assert svaext,+UVM_TESTNAME=auto -cm line+tgl,r1p2,5,768,40.0,uart_loopback_test,uart_loopback_seq,APB4+UART
RUN-001496,dma_burst_test-001496,Dma_Burst,APB4,round_robin,4,4,0,even,1500000,32,1,level,50,16,32,50,2,ACTIVE,functional,0,8,0,0,UVM_LOW,0,0,0.0,-O2 -sv -assert svaext,+UVM_TESTNAME=auto,r2p0,4,384,20.0,dma_burst_test,dma_burst_seq,APB4+UART
RUN-001497,dma_burst_test-001497,Dma_Burst,APB3,priority,2,0,1,odd,230400,16,1,level,50,32,16,100,2,ACTIVE,stress,0,16,1,1,UVM_LOW,1,1,0.0142,-O2 -sv -assert svaext,+UVM_TESTNAME=auto,r1p0,10,192,20.0,dma_burst_test,dma_burst_seq,APB3+UART
RUN-001498,dma_burst_test-001498,Dma_Burst,APB3,priority,2,5,2,none,115200,64,1,level,25,16,32,100,3,ACTIVE,functional,0,4,1,1,UVM_HIGH,0,0,0.0,-O0 -sv -debug,+UVM_TESTNAME=auto,r1p0,1,768,40.0,dma_burst_test,dma_burst_seq,APB3+UART
RUN-001499,uart_loopback_test-001499,Uart_Loopback,APB4,static,4,0,0,even,921600,32,1,level,100,16,16,250,3,PASSIVE,functional,1,16,1,1,UVM_LOW,0,0,0.0,-O2 -sv,+UVM_TESTNAME=auto,r1p2,9,384,10.0,uart_loopback_test,uart_loopback_seq,APB4+UART
RUN-001500,reg_sweep_test-001500,Reg_Sweep,APB4,round_robin,16,7,0,odd,230400,8,1,level,200,16,32,50,2,ACTIVE,functional,1,8,0,1,UVM_HIGH,1,1,0.0253,-O2 -sv -assert svaext,+UVM_TESTNAME=auto,r1p2,4,96,5.0,reg_sweep_test,reg_sweep_seq,APB4+UART
RUN-001501,uart_loopback_test-001501,Uart_Loopback,APB3,static,2,2,4,odd,460800,16,0,level,50,32,16,500,1,ACTIVE,regression,0,4,1,1,UVM_LOW,0,0,0.0,-O2 -sv -assert svaext,+UVM_TESTNAME=auto,r1p2,11,192,20.0,uart_loopback_test,uart_loopback_seq,APB3+UART
RUN-001502,parity_stress_test-001502,Parity_Stress,APB3,static,4,7,1,odd,115200,32,0,edge,200,32,16,100,2,PASSIVE,regression,0,4,1,0,UVM_MEDIUM,1,0,0.0,-O2 -sv,+UVM_TESTNAME=auto,r1p2,1,384,5.0,parity_stress_test,parity_stress_seq,APB3+UART
RUN-001503,reg_sweep_test-001503,Reg_Sweep,APB4,static,16,4,2,even,230400,16,1,edge,200,8,32,100,2,ACTIVE,functional,1,4,0,1,UVM_HIGH,1,1,0.0318,-O2 -sv,+UVM_TESTNAME=auto,r2p0,11,192,5.0,reg_sweep_test,reg_sweep_seq,APB4+UART
RUN-001504,reset_recovery_test-001504,Reset_Recovery,APB4,static,2,4,0,even,1500000,8,1,edge,100,32,16,50,2,ACTIVE,functional,0,16,1,1,UVM_LOW,0,1,0.0368,-O2 -sv,+UVM_TESTNAME=auto,r1p0,8,96,10.0,reset_recovery_test,reset_recovery_seq,APB4+UART
RUN-001505,reg_sweep_test-001505,Reg_Sweep,APB4,static,4,6,2,none,230400,64,1,edge,100,32,32,50,2,ACTIVE,functional,0,4,1,1,UVM_MEDIUM,0,0,0.0,-O2 -sv -assert svaext,+UVM_TESTNAME=auto,r2p0,7,768,10.0,reg_sweep_test,reg_sweep_seq,APB4+UART
RUN-001506,uart_loopback_test-001506,Uart_Loopback,APB4,static,4,1,4,none,230400,16,1,edge,50,32,32,50,3,ACTIVE,stress,0,8,1,1,UVM_LOW,0,0,0.0,-O2 -sv -assert svaext,+UVM_TESTNAME=auto,r1p0,9,192,20.0,uart_loopback_test,uart_loopback_seq,APB4+UART
RUN-001507,irq_storm_test-001507,Irq_Storm,APB4,priority,4,7,0,none,460800,32,0,level,25,16,16,100,1,ACTIVE,stress,0,8,1,1,UVM_LOW,0,0,0.0,-O2 -sv,+UVM_TESTNAME=auto -cm line+tgl,r1p0,1,384,40.0,irq_storm_test,irq_storm_seq,APB4+UART
RUN-001508,backpressure_test-001508,Backpressure,APB3,priority,16,1,1,none,115200,4,0,edge,200,16,32,250,3,ACTIVE,stress,1,4,1,0,UVM_LOW,0,0,0.0,-O2 -sv,+UVM_TESTNAME=auto,r1p2,5,48,5.0,backpressure_test,backpressure_seq,APB3+UART
RUN-001509,backpressure_test-001509,Backpressure,APB3,static,2,3,0,even,921600,8,1,edge,25,32,32,500,3,PASSIVE,regression,0,16,1,1,UVM_MEDIUM,1,0,0.0,-O0 -sv -debug,+UVM_TESTNAME=auto -cm line+tgl,r1p2,11,96,40.0,backpressure_test,backpressure_seq,APB3+UART
RUN-001510,uart_loopback_test-001510,Uart_Loopback,APB4,priority,8,6,1,odd,460800,32,1,level,50,16,32,250,2,ACTIVE,regression,0,8,1,0,UVM_LOW,0,1,0.0324,-O2 -sv,+UVM_TESTNAME=auto -cm line+tgl,r1p0,0,384,20.0,uart_loopback_test,uart_loopback_seq,APB4+UART
RUN-001511,reg_sweep_test-001511,Reg_Sweep,APB4,static,4,6,2,odd,230400,16,1,level,50,32,16,250,2,ACTIVE,stress,1,4,1,1,UVM_HIGH,0,0,0.0,-O2 -sv,+UVM_TESTNAME=auto -cm line+tgl,r1p2,6,192,20.0,reg_sweep_test,reg_sweep_seq,APB4+UART
RUN-001512,reset_recovery_test-001512,Reset_Recovery,APB4,priority,8,3,2,odd,115200,32,0,level,100,8,32,100,2,ACTIVE,functional,0,16,0,1,UVM_LOW,0,0,0.0,-O2 -sv -assert svaext,+UVM_TESTNAME=auto -cm line+tgl,r1p2,8,384,10.0,reset_recovery_test,reset_recovery_seq,APB4+UART
RUN-001513,reg_sweep_test-001513,Reg_Sweep,APB4,static,2,5,1,even,230400,32,0,level,100,32,32,250,1,ACTIVE,functional,0,16,1,1,UVM_MEDIUM,0,0,0.0,-O2 -sv -assert svaext,+UVM_TESTNAME=auto,r1p2,10,384,10.0,reg_sweep_test,reg_sweep_seq,APB4+UART
RUN-001514,reg_sweep_test-001514,Reg_Sweep,APB3,static,16,6,4,odd,921600,4,0,level,100,32,32,100,1,ACTIVE,stress,0,16,1,1,UVM_LOW,1,1,0.0364,-O2 -sv,+UVM_TESTNAME=auto -cm line+tgl,r1p2,2,48,10.0,reg_sweep_test,reg_sweep_seq,APB3+UART
RUN-001515,reset_recovery_test-001515,Reset_Recovery,APB3,round_robin,8,1,0,even,115200,8,1,edge,200,16,16,250,3,ACTIVE,regression,1,8,1,1,UVM_LOW,0,0,0.0,-O2 -sv,+UVM_TESTNAME=auto,r1p0,8,96,5.0,reset_recovery_test,reset_recovery_seq,APB3+UART
RUN-001516,irq_storm_test-001516,Irq_Storm,APB4,round_robin,2,6,0,even,921600,8,1,edge,25,32,32,250,3,ACTIVE,regression,0,8,1,1,UVM_LOW,0,1,0.0261,-O2 -sv,+UVM_TESTNAME=auto -cm line+tgl,r2p0,8,96,40.0,irq_storm_test,irq_storm_seq,APB4+UART
RUN-001517,uart_loopback_test-001517,Uart_Loopback,APB3,static,4,1,4,even,460800,16,1,edge,25,32,32,100,2,ACTIVE,functional,0,16,1,1,UVM_HIGH,0,0,0.0,-O2 -sv,+UVM_TESTNAME=auto -cm line+tgl,r1p0,8,192,40.0,uart_loopback_test,uart_loopback_seq,APB3+UART
RUN-001518,reg_sweep_test-001518,Reg_Sweep,APB3,priority,4,4,1,odd,921600,16,0,edge,50,16,16,250,2,ACTIVE,functional,0,4,1,1,UVM_LOW,1,1,0.028,-O2 -sv,+UVM_TESTNAME=auto,r2p0,4,192,20.0,reg_sweep_test,reg_sweep_seq,APB3+UART
RUN-001519,dma_burst_test-001519,Dma_Burst,APB4,static,16,7,0,odd,115200,16,1,level,50,32,16,50,2,ACTIVE,regression,0,8,1,1,UVM_MEDIUM,0,0,0.0,-O2 -sv -assert svaext,+UVM_TESTNAME=auto,r1p2,9,192,20.0,dma_burst_test,dma_burst_seq,APB4+UART
RUN-001520,reset_recovery_test-001520,Reset_Recovery,APB4,priority,4,5,2,none,460800,16,1,edge,25,32,32,500,1,ACTIVE,functional,0,8,1,1,UVM_MEDIUM,1,0,0.0,-O2 -sv,+UVM_TESTNAME=auto -cm line+tgl,r1p2,1,192,40.0,reset_recovery_test,reset_recovery_seq,APB4+UART
RUN-001521,dma_burst_test-001521,Dma_Burst,APB3,priority,16,3,2,even,115200,8,0,level,100,8,16,100,3,ACTIVE,regression,1,8,1,1,UVM_MEDIUM,0,1,0.0375,-O2 -sv,+UVM_TESTNAME=auto -cm line+tgl,r1p2,6,96,10.0,dma_burst_test,dma_burst_seq,APB3+UART
RUN-001522,uart_loopback_test-001522,Uart_Loopback,APB4,static,8,0,4,even,460800,64,1,level,50,8,32,500,1,PASSIVE,regression,0,8,1,1,UVM_MEDIUM,1,0,0.0,-O0 -sv -debug,+UVM_TESTNAME=auto,r1p2,9,768,20.0,uart_loopback_test,uart_loopback_seq,APB4+UART
RUN-001523,parity_stress_test-001523,Parity_Stress,APB4,priority,4,4,1,odd,460800,8,0,edge,50,16,16,500,1,ACTIVE,functional,0,8,1,0,UVM_HIGH,0,0,0.0,-O0 -sv -debug,+UVM_TESTNAME=auto,r1p0,11,96,20.0,parity_stress_test,parity_stress_seq,APB4+UART
RUN-001524,irq_storm_test-001524,Irq_Storm,APB3,round_robin,2,3,2,even,921600,64,0,level,200,16,32,50,1,ACTIVE,functional,0,4,1,1,UVM_HIGH,1,1,0.0222,-O0 -sv -debug,+UVM_TESTNAME=auto,r1p2,0,768,5.0,irq_storm_test,irq_storm_seq,APB3+UART
RUN-001525,uart_loopback_test-001525,Uart_Loopback,APB4,round_robin,4,1,4,even,460800,8,1,level,25,16,16,250,1,ACTIVE,functional,0,8,1,1,UVM_LOW,0,0,0.0,-O2 -sv -assert svaext,+UVM_TESTNAME=auto,r1p2,3,96,40.0,uart_loopback_test,uart_loopback_seq,APB4+UART
RUN-001526,dma_burst_test-001526,Dma_Burst,APB3,round_robin,8,0,1,even,115200,16,0,level,200,16,32,50,1,ACTIVE,regression,0,4,1,1,UVM_LOW,0,1,0.0017,-O2 -sv -assert svaext,+UVM_TESTNAME=auto -cm line+tgl,r1p2,4,192,5.0,dma_burst_test,dma_burst_seq,APB3+UART
RUN-001527,backpressure_test-001527,Backpressure,APB4,static,2,1,1,odd,230400,8,1,level,50,32,16,100,3,ACTIVE,regression,0,4,1,1,UVM_MEDIUM,0,0,0.0,-O2 -sv -assert svaext,+UVM_TESTNAME=auto,r1p2,2,96,20.0,backpressure_test,backpressure_seq,APB4+UART
RUN-001528,reset_recovery_test-001528,Reset_Recovery,APB3,round_robin,2,4,1,odd,230400,64,0,edge,100,32,32,100,2,ACTIVE,stress,0,4,1,1,UVM_LOW,0,0,0.0,-O2 -sv,+UVM_TESTNAME=auto -cm line+tgl,r1p0,9,768,10.0,reset_recovery_test,reset_recovery_seq,APB3+UART
RUN-001529,backpressure_test-001529,Backpressure,APB3,priority,16,6,2,none,460800,16,0,level,25,32,32,50,3,ACTIVE,regression,1,16,1,1,UVM_HIGH,0,0,0.0,-O2 -sv -assert svaext,+UVM_TESTNAME=auto -cm line+tgl,r2p0,5,192,40.0,backpressure_test,backpressure_seq,APB3+UART
RUN-001530,reg_sweep_test-001530,Reg_Sweep,APB3,round_robin,8,5,1,odd,921600,32,0,edge,200,32,32,250,1,ACTIVE,functional,0,4,1,1,UVM_MEDIUM,0,1,0.019,-O2 -sv,+UVM_TESTNAME=auto,r1p2,5,384,5.0,reg_sweep_test,reg_sweep_seq,APB3+UART
RUN-001531,dma_burst_test-001531,Dma_Burst,APB3,round_robin,4,3,1,even,115200,4,0,level,100,8,32,50,2,ACTIVE,regression,1,4,1,1,UVM_MEDIUM,0,0,0.0,-O2 -sv -assert svaext,+UVM_TESTNAME=auto,r1p0,6,48,10.0,dma_burst_test,dma_burst_seq,APB3+UART
RUN-001532,reg_sweep_test-001532,Reg_Sweep,APB4,static,8,6,2,even,1500000,4,1,level,100,32,32,100,2,ACTIVE,functional,0,4,1,1,UVM_LOW,0,0,0.0,-O0 -sv -debug,+UVM_TESTNAME=auto,r1p0,2,48,10.0,reg_sweep_test,reg_sweep_seq,APB4+UART
RUN-001533,irq_storm_test-001533,Irq_Storm,APB4,priority,8,4,2,none,1500000,16,1,edge,100,16,32,100,2,PASSIVE,stress,0,4,1,1,UVM_LOW,0,0,0.0,-O2 -sv,+UVM_TESTNAME=auto,r1p2,8,192,10.0,irq_storm_test,irq_storm_seq,APB4+UART
RUN-001534,reg_sweep_test-001534,Reg_Sweep,APB3,round_robin,16,3,1,odd,230400,64,0,level,50,32,32,50,2,ACTIVE,stress,0,4,1,1,UVM_LOW,0,0,0.0,-O2 -sv,+UVM_TESTNAME=auto,r1p2,7,768,20.0,reg_sweep_test,reg_sweep_seq,APB3+UART
RUN-001535,dma_burst_test-001535,Dma_Burst,APB4,priority,2,0,4,none,230400,32,1,level,25,32,16,250,1,ACTIVE,functional,0,4,1,1,UVM_MEDIUM,0,0,0.0,-O2 -sv,+UVM_TESTNAME=auto,r1p2,7,384,40.0,dma_burst_test,dma_burst_seq,APB4+UART
RUN-001536,uart_loopback_test-001536,Uart_Loopback,APB4,priority,4,5,2,none,921600,16,1,level,100,32,32,100,3,ACTIVE,functional,0,4,1,1,UVM_MEDIUM,0,1,0.0272,-O2 -sv -assert svaext,+UVM_TESTNAME=auto -cm line+tgl,r1p2,9,192,10.0,uart_loopback_test,uart_loopback_seq,APB4+UART
RUN-001537,uart_loopback_test-001537,Uart_Loopback,APB3,priority,2,7,2,odd,230400,8,0,edge,50,16,32,250,2,ACTIVE,functional,0,16,1,1,UVM_LOW,0,1,0.0222,-O2 -sv -assert svaext,+UVM_TESTNAME=auto,r1p0,0,96,20.0,uart_loopback_test,uart_loopback_seq,APB3+UART
RUN-001538,backpressure_test-001538,Backpressure,APB3,static,2,3,2,even,115200,4,0,edge,25,8,32,50,2,PASSIVE,stress,0,8,0,1,UVM_MEDIUM,0,0,0.0,-O2 -sv -assert svaext,+UVM_TESTNAME=auto -cm line+tgl,r1p2,7,48,40.0,backpressure_test,backpressure_seq,APB3+UART
RUN-001539,backpressure_test-001539,Backpressure,APB4,priority,4,7,0,odd,230400,64,1,edge,100,32,32,500,1,ACTIVE,functional,0,4,1,1,UVM_LOW,0,0,0.0,-O2 -sv,+UVM_TESTNAME=auto,r2p0,6,768,10.0,backpressure_test,backpressure_seq,APB4+UART
RUN-001540,reg_sweep_test-001540,Reg_Sweep,APB4,priority,4,5,0,even,230400,64,1,level,50,8,16,500,1,ACTIVE,stress,1,4,1,1,UVM_MEDIUM,0,1,0.0248,-O2 -sv,+UVM_TESTNAME=auto -cm line+tgl,r2p0,9,768,20.0,reg_sweep_test,reg_sweep_seq,APB4+UART
RUN-001541,irq_storm_test-001541,Irq_Storm,APB3,static,16,0,1,even,460800,4,0,edge,200,32,32,100,1,ACTIVE,functional,1,8,1,1,UVM_MEDIUM,0,0,0.0,-O2 -sv -assert svaext,+UVM_TESTNAME=auto,r1p0,3,48,5.0,irq_storm_test,irq_storm_seq,APB3+UART
RUN-001542,reset_recovery_test-001542,Reset_Recovery,APB3,priority,8,0,1,odd,115200,8,1,edge,25,32,32,100,2,ACTIVE,stress,1,8,0,1,UVM_MEDIUM,1,1,0.0,-O2 -sv -assert svaext,+UVM_TESTNAME=auto,r1p0,3,96,40.0,reset_recovery_test,reset_recovery_seq,APB3+UART
RUN-001543,reg_sweep_test-001543,Reg_Sweep,APB4,static,8,3,4,none,921600,16,1,edge,200,32,32,500,1,PASSIVE,regression,0,4,1,1,UVM_MEDIUM,0,0,0.0,-O2 -sv,+UVM_TESTNAME=auto,r2p0,9,192,5.0,reg_sweep_test,reg_sweep_seq,APB4+UART
RUN-001544,dma_burst_test-001544,Dma_Burst,APB3,round_robin,4,6,2,none,460800,8,1,level,50,32,32,250,2,ACTIVE,stress,1,8,1,1,UVM_MEDIUM,0,0,0.0,-O2 -sv,+UVM_TESTNAME=auto -cm line+tgl,r1p0,4,96,20.0,dma_burst_test,dma_burst_seq,APB3+UART
RUN-001545,irq_storm_test-001545,Irq_Storm,APB4,round_robin,4,4,2,even,230400,16,0,edge,50,32,32,500,3,PASSIVE,regression,0,4,1,1,UVM_LOW,0,0,0.0,-O0 -sv -debug,+UVM_TESTNAME=auto,r1p2,6,192,20.0,irq_storm_test,irq_storm_seq,APB4+UART
RUN-001546,reg_sweep_test-001546,Reg_Sweep,APB3,round_robin,2,2,1,none,230400,16,0,level,50,32,32,50,1,ACTIVE,regression,0,4,0,1,UVM_LOW,0,0,0.0,-O0 -sv -debug,+UVM_TESTNAME=auto -cm line+tgl,r1p2,4,192,20.0,reg_sweep_test,reg_sweep_seq,APB3+UART
RUN-001547,reset_recovery_test-001547,Reset_Recovery,APB3,round_robin,4,6,1,odd,1500000,4,0,edge,100,32,32,100,1,ACTIVE,functional,0,16,0,1,UVM_MEDIUM,0,1,0.0275,-O2 -sv -assert svaext,+UVM_TESTNAME=auto,r1p0,6,48,10.0,reset_recovery_test,reset_recovery_seq,APB3+UART
RUN-001548,reset_recovery_test-001548,Reset_Recovery,APB4,round_robin,16,5,0,odd,460800,8,1,level,200,16,16,50,3,ACTIVE,functional,0,16,0,1,UVM_MEDIUM,0,0,0.0,-O2 -sv -assert svaext,+UVM_TESTNAME=auto -cm line+tgl,r2p0,6,96,5.0,reset_recovery_test,reset_recovery_seq,APB4+UART
RUN-001549,uart_loopback_test-001549,Uart_Loopback,APB4,round_robin,8,0,1,odd,115200,16,1,edge,25,16,32,50,3,ACTIVE,stress,0,4,0,1,UVM_MEDIUM,0,0,0.0,-O2 -sv -assert svaext,+UVM_TESTNAME=auto,r1p2,3,192,40.0,uart_loopback_test,uart_loopback_seq,APB4+UART
RUN-001550,dma_burst_test-001550,Dma_Burst,APB3,priority,2,7,1,none,921600,16,1,edge,50,16,16,250,1,ACTIVE,stress,0,8,1,1,UVM_LOW,0,0,0.0,-O2 -sv,+UVM_TESTNAME=auto,r1p0,5,192,20.0,dma_burst_test,dma_burst_seq,APB3+UART
RUN-001551,dma_burst_test-001551,Dma_Burst,APB3,round_robin,8,0,2,even,921600,32,0,level,200,16,32,250,1,ACTIVE,regression,0,4,1,1,UVM_LOW,0,1,0.0189,-O2 -sv,+UVM_TESTNAME=auto,r2p0,4,384,5.0,dma_burst_test,dma_burst_seq,APB3+UART
RUN-001552,backpressure_test-001552,Backpressure,APB4,static,4,6,2,even,460800,4,0,level,50,16,16,100,1,PASSIVE,functional,0,16,1,1,UVM_LOW,0,1,0.0127,-O0 -sv -debug,+UVM_TESTNAME=auto,r1p2,9,48,20.0,backpressure_test,backpressure_seq,APB4+UART
RUN-001553,irq_storm_test-001553,Irq_Storm,APB4,round_robin,4,5,1,even,230400,64,0,edge,50,32,32,50,2,ACTIVE,regression,0,8,1,1,UVM_MEDIUM,0,1,0.0174,-O2 -sv,+UVM_TESTNAME=auto -cm line+tgl,r1p2,10,768,20.0,irq_storm_test,irq_storm_seq,APB4+UART
RUN-001554,uart_loopback_test-001554,Uart_Loopback,APB3,round_robin,8,7,0,even,460800,4,0,level,200,8,16,500,1,ACTIVE,stress,1,16,0,1,UVM_LOW,1,0,0.0,-O2 -sv -assert svaext,+UVM_TESTNAME=auto -cm line+tgl,r1p2,0,48,5.0,uart_loopback_test,uart_loopback_seq,APB3+UART
RUN-001555,reg_sweep_test-001555,Reg_Sweep,APB3,priority,2,1,0,none,115200,8,0,edge,100,16,16,500,1,ACTIVE,functional,0,8,1,1,UVM_HIGH,0,0,0.0,-O2 -sv,+UVM_TESTNAME=auto -cm line+tgl,r1p0,8,96,10.0,reg_sweep_test,reg_sweep_seq,APB3+UART
RUN-001556,dma_burst_test-001556,Dma_Burst,APB4,round_robin,2,6,2,none,921600,4,1,level,100,32,16,50,1,ACTIVE,stress,0,8,0,1,UVM_LOW,0,1,0.008,-O2 -sv,+UVM_TESTNAME=auto,r1p2,2,48,10.0,dma_burst_test,dma_burst_seq,APB4+UART
RUN-001557,parity_stress_test-001557,Parity_Stress,APB4,round_robin,8,0,4,even,115200,64,1,edge,100,32,16,100,1,ACTIVE,functional,0,8,1,1,UVM_MEDIUM,0,1,0.0162,-O2 -sv,+UVM_TESTNAME=auto -cm line+tgl,r1p2,5,768,10.0,parity_stress_test,parity_stress_seq,APB4+UART
RUN-001558,reg_sweep_test-001558,Reg_Sweep,APB4,priority,16,6,2,even,115200,8,0,level,100,32,16,100,2,ACTIVE,functional,1,8,1,1,UVM_MEDIUM,0,0,0.0,-O0 -sv -debug,+UVM_TESTNAME=auto,r1p2,5,96,10.0,reg_sweep_test,reg_sweep_seq,APB4+UART
RUN-001559,parity_stress_test-001559,Parity_Stress,APB3,priority,8,1,4,none,460800,32,1,edge,100,16,32,100,1,ACTIVE,functional,1,4,1,1,UVM_LOW,0,1,0.008,-O2 -sv,+UVM_TESTNAME=auto,r1p0,6,384,10.0,parity_stress_test,parity_stress_seq,APB3+UART
RUN-001560,reg_sweep_test-001560,Reg_Sweep,APB4,priority,4,1,0,odd,230400,4,0,edge,100,8,32,250,2,ACTIVE,functional,0,8,1,1,UVM_LOW,0,0,0.0,-O2 -sv,+UVM_TESTNAME=auto -cm line+tgl,r2p0,5,48,10.0,reg_sweep_test,reg_sweep_seq,APB4+UART
RUN-001561,backpressure_test-001561,Backpressure,APB3,static,8,4,4,odd,230400,16,1,level,100,16,16,50,2,ACTIVE,stress,0,4,0,1,UVM_LOW,0,1,0.0018,-O2 -sv,+UVM_TESTNAME=auto -cm line+tgl,r1p2,0,192,10.0,backpressure_test,backpressure_seq,APB3+UART
RUN-001562,reg_sweep_test-001562,Reg_Sweep,APB3,round_robin,2,1,0,even,921600,32,1,level,50,32,32,100,1,ACTIVE,regression,0,16,0,1,UVM_MEDIUM,0,1,0.0031,-O2 -sv,+UVM_TESTNAME=auto,r2p0,10,384,20.0,reg_sweep_test,reg_sweep_seq,APB3+UART
RUN-001563,irq_storm_test-001563,Irq_Storm,APB3,priority,2,7,1,even,115200,32,1,edge,200,32,32,50,2,ACTIVE,regression,0,4,1,1,UVM_LOW,1,1,0.0332,-O0 -sv -debug,+UVM_TESTNAME=auto,r2p0,7,384,5.0,irq_storm_test,irq_storm_seq,APB3+UART
RUN-001564,reg_sweep_test-001564,Reg_Sweep,APB4,static,4,0,4,none,921600,64,0,edge,100,32,32,250,1,ACTIVE,regression,0,4,1,1,UVM_LOW,1,1,0.0006,-O0 -sv -debug,+UVM_TESTNAME=auto,r1p0,1,768,10.0,reg_sweep_test,reg_sweep_seq,APB4+UART
RUN-001565,uart_loopback_test-001565,Uart_Loopback,APB3,static,16,3,4,none,115200,4,1,level,200,32,32,50,2,ACTIVE,regression,0,4,0,1,UVM_HIGH,0,1,0.0116,-O2 -sv -assert svaext,+UVM_TESTNAME=auto,r2p0,4,48,5.0,uart_loopback_test,uart_loopback_seq,APB3+UART
RUN-001566,uart_loopback_test-001566,Uart_Loopback,APB4,round_robin,2,3,4,odd,460800,8,1,level,100,32,16,50,1,ACTIVE,stress,0,4,0,1,UVM_HIGH,1,0,0.0,-O2 -sv,+UVM_TESTNAME=auto -cm line+tgl,r1p0,6,96,10.0,uart_loopback_test,uart_loopback_seq,APB4+UART
RUN-001567,parity_stress_test-001567,Parity_Stress,APB4,round_robin,16,6,1,odd,115200,4,1,edge,50,32,16,50,2,ACTIVE,stress,0,8,1,1,UVM_LOW,0,0,0.0,-O2 -sv -assert svaext,+UVM_TESTNAME=auto -cm line+tgl,r2p0,4,48,20.0,parity_stress_test,parity_stress_seq,APB4+UART
RUN-001568,irq_storm_test-001568,Irq_Storm,APB3,round_robin,4,2,1,odd,230400,64,1,level,50,32,16,100,2,ACTIVE,functional,0,4,0,1,UVM_MEDIUM,0,1,0.0104,-O2 -sv -assert svaext,+UVM_TESTNAME=auto,r1p0,9,768,20.0,irq_storm_test,irq_storm_seq,APB3+UART
RUN-001569,uart_loopback_test-001569,Uart_Loopback,APB3,round_robin,2,3,4,odd,921600,8,0,level,200,32,16,250,3,ACTIVE,stress,1,8,1,1,UVM_HIGH,1,1,0.0101,-O2 -sv,+UVM_TESTNAME=auto,r2p0,3,96,5.0,uart_loopback_test,uart_loopback_seq,APB3+UART
RUN-001570,reg_sweep_test-001570,Reg_Sweep,APB3,round_robin,2,7,4,odd,1500000,64,1,edge,25,32,32,500,1,ACTIVE,regression,0,16,0,1,UVM_MEDIUM,0,0,0.0,-O2 -sv -assert svaext,+UVM_TESTNAME=auto -cm line+tgl,r1p2,4,768,40.0,reg_sweep_test,reg_sweep_seq,APB3+UART
RUN-001571,parity_stress_test-001571,Parity_Stress,APB4,priority,2,3,2,odd,460800,64,1,level,25,16,32,50,2,PASSIVE,stress,1,4,0,1,UVM_MEDIUM,0,0,0.0,-O2 -sv -assert svaext,+UVM_TESTNAME=auto,r1p2,6,768,40.0,parity_stress_test,parity_stress_seq,APB4+UART
RUN-001572,uart_loopback_test-001572,Uart_Loopback,APB4,static,2,7,0,odd,230400,16,0,edge,100,8,16,100,1,ACTIVE,regression,0,4,0,0,UVM_LOW,0,1,0.0299,-O0 -sv -debug,+UVM_TESTNAME=auto,r1p2,2,192,10.0,uart_loopback_test,uart_loopback_seq,APB4+UART
RUN-001573,dma_burst_test-001573,Dma_Burst,APB4,round_robin,4,7,2,odd,921600,64,0,edge,50,8,32,500,3,ACTIVE,functional,1,8,1,1,UVM_LOW,0,1,0.0196,-O2 -sv -assert svaext,+UVM_TESTNAME=auto,r1p2,4,768,20.0,dma_burst_test,dma_burst_seq,APB4+UART
RUN-001574,dma_burst_test-001574,Dma_Burst,APB3,round_robin,2,7,1,odd,921600,64,1,edge,50,32,32,250,2,ACTIVE,regression,0,4,1,1,UVM_LOW,0,0,0.0,-O2 -sv -assert svaext,+UVM_TESTNAME=auto,r1p0,6,768,20.0,dma_burst_test,dma_burst_seq,APB3+UART
RUN-001575,parity_stress_test-001575,Parity_Stress,APB3,priority,4,0,0,even,115200,4,0,level,25,8,32,250,1,ACTIVE,stress,0,4,1,1,UVM_LOW,1,1,0.0033,-O2 -sv,+UVM_TESTNAME=auto -cm line+tgl,r1p2,7,48,40.0,parity_stress_test,parity_stress_seq,APB3+UART
RUN-001576,dma_burst_test-001576,Dma_Burst,APB3,round_robin,16,5,0,odd,230400,64,0,edge,25,32,32,250,3,PASSIVE,functional,1,8,0,1,UVM_LOW,1,0,0.0,-O2 -sv -assert svaext,+UVM_TESTNAME=auto -cm line+tgl,r1p0,9,768,40.0,dma_burst_test,dma_burst_seq,APB3+UART
RUN-001577,irq_storm_test-001577,Irq_Storm,APB3,round_robin,4,4,4,none,460800,4,0,level,50,8,32,50,2,PASSIVE,stress,0,4,0,1,UVM_LOW,0,1,0.0102,-O2 -sv,+UVM_TESTNAME=auto,r1p0,6,48,20.0,irq_storm_test,irq_storm_seq,APB3+UART
RUN-001578,reg_sweep_test-001578,Reg_Sweep,APB4,static,8,5,2,even,460800,16,0,level,200,32,16,50,2,ACTIVE,stress,0,16,0,1,UVM_LOW,0,0,0.0,-O2 -sv,+UVM_TESTNAME=auto,r1p0,4,192,5.0,reg_sweep_test,reg_sweep_seq,APB4+UART
RUN-001579,reg_sweep_test-001579,Reg_Sweep,APB4,round_robin,2,0,2,none,230400,8,0,level,100,16,32,100,2,ACTIVE,stress,0,16,1,1,UVM_MEDIUM,0,1,0.0053,-O2 -sv,+UVM_TESTNAME=auto -cm line+tgl,r1p0,4,96,10.0,reg_sweep_test,reg_sweep_seq,APB4+UART
RUN-001580,dma_burst_test-001580,Dma_Burst,APB4,static,8,4,2,none,230400,4,0,edge,100,32,32,250,1,ACTIVE,regression,0,16,1,1,UVM_MEDIUM,0,0,0.0,-O2 -sv,+UVM_TESTNAME=auto,r1p2,0,48,10.0,dma_burst_test,dma_burst_seq,APB4+UART
RUN-001581,reg_sweep_test-001581,Reg_Sweep,APB3,static,16,2,2,none,921600,32,0,edge,100,32,16,100,1,ACTIVE,functional,0,16,1,1,UVM_MEDIUM,0,1,0.0388,-O2 -sv,+UVM_TESTNAME=auto -cm line+tgl,r1p0,4,384,10.0,reg_sweep_test,reg_sweep_seq,APB3+UART
RUN-001582,parity_stress_test-001582,Parity_Stress,APB4,static,2,5,4,even,1500000,16,1,edge,100,32,32,250,1,ACTIVE,regression,0,16,1,1,UVM_MEDIUM,0,0,0.0,-O2 -sv,+UVM_TESTNAME=auto,r1p2,3,192,10.0,parity_stress_test,parity_stress_seq,APB4+UART
RUN-001583,reg_sweep_test-001583,Reg_Sweep,APB3,priority,8,5,1,odd,921600,32,0,level,100,32,16,100,3,PASSIVE,functional,0,8,0,1,UVM_HIGH,0,0,0.0,-O2 -sv,+UVM_TESTNAME=auto,r1p2,6,384,10.0,reg_sweep_test,reg_sweep_seq,APB3+UART
RUN-001584,reg_sweep_test-001584,Reg_Sweep,APB3,priority,8,6,0,none,230400,16,1,edge,100,32,32,500,2,ACTIVE,regression,0,8,1,0,UVM_LOW,0,0,0.0,-O2 -sv,+UVM_TESTNAME=auto,r2p0,5,192,10.0,reg_sweep_test,reg_sweep_seq,APB3+UART
RUN-001585,backpressure_test-001585,Backpressure,APB4,round_robin,2,0,2,none,460800,32,1,level,200,16,32,50,1,ACTIVE,regression,0,4,1,1,UVM_MEDIUM,1,0,0.0,-O2 -sv -assert svaext,+UVM_TESTNAME=auto,r1p0,4,384,5.0,backpressure_test,backpressure_seq,APB4+UART
RUN-001586,dma_burst_test-001586,Dma_Burst,APB4,round_robin,4,3,2,none,921600,64,0,edge,25,32,16,50,2,ACTIVE,functional,0,8,1,1,UVM_LOW,0,1,0.04,-O2 -sv -assert svaext,+UVM_TESTNAME=auto,r2p0,3,768,40.0,dma_burst_test,dma_burst_seq,APB4+UART
RUN-001587,parity_stress_test-001587,Parity_Stress,APB3,round_robin,8,4,1,even,1500000,16,1,level,100,16,32,100,1,ACTIVE,functional,0,8,1,1,UVM_LOW,1,0,0.0,-O2 -sv -assert svaext,+UVM_TESTNAME=auto -cm line+tgl,r1p0,5,192,10.0,parity_stress_test,parity_stress_seq,APB3+UART
RUN-001588,dma_burst_test-001588,Dma_Burst,APB4,priority,16,3,1,even,1500000,4,1,edge,200,32,16,100,3,ACTIVE,functional,0,4,1,1,UVM_MEDIUM,0,0,0.0,-O2 -sv -assert svaext,+UVM_TESTNAME=auto -cm line+tgl,r1p0,10,48,5.0,dma_burst_test,dma_burst_seq,APB4+UART
RUN-001589,dma_burst_test-001589,Dma_Burst,APB4,priority,2,4,0,odd,921600,16,1,edge,100,8,32,100,2,ACTIVE,functional,1,4,1,1,UVM_MEDIUM,0,0,0.0,-O2 -sv -assert svaext,+UVM_TESTNAME=auto -cm line+tgl,r1p0,4,192,10.0,dma_burst_test,dma_burst_seq,APB4+UART
RUN-001590,irq_storm_test-001590,Irq_Storm,APB3,round_robin,16,4,1,even,921600,64,1,edge,25,16,32,100,2,ACTIVE,stress,1,16,1,1,UVM_LOW,0,0,0.0,-O2 -sv -assert svaext,+UVM_TESTNAME=auto,r2p0,11,768,40.0,irq_storm_test,irq_storm_seq,APB3+UART
RUN-001591,irq_storm_test-001591,Irq_Storm,APB3,priority,4,6,0,none,115200,64,1,edge,100,32,32,100,1,ACTIVE,functional,0,8,0,1,UVM_LOW,0,0,0.0,-O2 -sv -assert svaext,+UVM_TESTNAME=auto -cm line+tgl,r1p0,9,768,10.0,irq_storm_test,irq_storm_seq,APB3+UART
RUN-001592,dma_burst_test-001592,Dma_Burst,APB3,round_robin,2,4,0,even,921600,32,0,level,50,8,16,50,2,ACTIVE,functional,0,8,1,1,UVM_LOW,0,0,0.0,-O2 -sv,+UVM_TESTNAME=auto -cm line+tgl,r2p0,7,384,20.0,dma_burst_test,dma_burst_seq,APB3+UART
RUN-001593,backpressure_test-001593,Backpressure,APB3,priority,4,1,1,none,921600,16,1,edge,100,32,32,100,2,ACTIVE,functional,0,8,1,1,UVM_MEDIUM,1,1,0.014,-O0 -sv -debug,+UVM_TESTNAME=auto -cm line+tgl,r1p0,8,192,10.0,backpressure_test,backpressure_seq,APB3+UART
RUN-001594,uart_loopback_test-001594,Uart_Loopback,APB4,priority,2,6,4,even,921600,64,0,level,50,16,16,100,1,ACTIVE,functional,0,4,1,1,UVM_MEDIUM,0,1,0.0112,-O2 -sv,+UVM_TESTNAME=auto -cm line+tgl,r1p0,0,768,20.0,uart_loopback_test,uart_loopback_seq,APB4+UART
RUN-001595,irq_storm_test-001595,Irq_Storm,APB3,static,2,3,0,even,1500000,16,0,edge,25,32,32,100,2,ACTIVE,functional,1,4,1,1,UVM_MEDIUM,0,0,0.0,-O2 -sv,+UVM_TESTNAME=auto -cm line+tgl,r1p2,2,192,40.0,irq_storm_test,irq_storm_seq,APB3+UART
RUN-001596,uart_loopback_test-001596,Uart_Loopback,APB3,static,4,6,0,none,230400,8,1,edge,200,16,32,250,1,ACTIVE,regression,0,8,1,1,UVM_HIGH,0,1,0.016,-O2 -sv -assert svaext,+UVM_TESTNAME=auto,r1p2,9,96,5.0,uart_loopback_test,uart_loopback_seq,APB3+UART
RUN-001597,backpressure_test-001597,Backpressure,APB3,priority,4,2,2,even,115200,32,0,edge,100,32,32,250,1,ACTIVE,stress,0,4,0,1,UVM_MEDIUM,0,0,0.0,-O2 -sv,+UVM_TESTNAME=auto,r1p0,8,384,10.0,backpressure_test,backpressure_seq,APB3+UART
RUN-001598,reg_sweep_test-001598,Reg_Sweep,APB3,priority,4,3,4,odd,460800,64,0,edge,50,32,16,100,1,ACTIVE,functional,0,8,1,1,UVM_LOW,0,1,0.0143,-O0 -sv -debug,+UVM_TESTNAME=auto,r2p0,11,768,20.0,reg_sweep_test,reg_sweep_seq,APB3+UART
RUN-001599,backpressure_test-001599,Backpressure,APB3,static,4,5,1,odd,115200,8,0,edge,50,16,16,250,2,ACTIVE,stress,0,16,1,1,UVM_MEDIUM,0,0,0.0,-O0 -sv -debug,+UVM_TESTNAME=auto -cm line+tgl,r1p2,10,96,20.0,backpressure_test,backpressure_seq,APB3+UART
RUN-001600,irq_storm_test-001600,Irq_Storm,APB4,priority,4,2,1,none,1500000,4,1,edge,200,8,32,500,1,ACTIVE,stress,0,16,1,0,UVM_HIGH,0,0,0.0,-O2 -sv,+UVM_TESTNAME=auto,r2p0,7,48,5.0,irq_storm_test,irq_storm_seq,APB4+UART
RUN-001601,reset_recovery_test-001601,Reset_Recovery,APB4,round_robin,2,4,1,none,460800,16,1,edge,200,16,32,50,2,ACTIVE,functional,0,16,1,1,UVM_LOW,0,0,0.0,-O2 -sv,+UVM_TESTNAME=auto -cm line+tgl,r1p0,7,192,5.0,reset_recovery_test,reset_recovery_seq,APB4+UART
RUN-001602,backpressure_test-001602,Backpressure,APB3,priority,4,5,4,even,460800,16,0,edge,100,16,32,100,2,ACTIVE,functional,1,4,1,1,UVM_LOW,1,1,0.0335,-O2 -sv -assert svaext,+UVM_TESTNAME=auto,r2p0,10,192,10.0,backpressure_test,backpressure_seq,APB3+UART
RUN-001603,dma_burst_test-001603,Dma_Burst,APB4,static,4,6,0,odd,921600,32,0,level,100,32,16,250,3,ACTIVE,regression,0,4,1,1,UVM_HIGH,0,0,0.0,-O0 -sv -debug,+UVM_TESTNAME=auto -cm line+tgl,r1p0,7,384,10.0,dma_burst_test,dma_burst_seq,APB4+UART
RUN-001604,reg_sweep_test-001604,Reg_Sweep,APB3,priority,16,5,4,odd,115200,8,1,edge,50,8,32,100,1,ACTIVE,regression,0,16,1,0,UVM_LOW,0,0,0.0,-O2 -sv,+UVM_TESTNAME=auto -cm line+tgl,r1p2,7,96,20.0,reg_sweep_test,reg_sweep_seq,APB3+UART
RUN-001605,dma_burst_test-001605,Dma_Burst,APB4,static,2,7,1,none,115200,16,1,level,200,32,32,500,2,ACTIVE,stress,0,4,1,1,UVM_LOW,0,0,0.0,-O2 -sv,+UVM_TESTNAME=auto -cm line+tgl,r1p2,11,192,5.0,dma_burst_test,dma_burst_seq,APB4+UART
RUN-001606,reset_recovery_test-001606,Reset_Recovery,APB4,round_robin,4,4,2,odd,921600,64,1,level,25,32,32,250,2,ACTIVE,functional,0,16,1,1,UVM_MEDIUM,1,1,0.0306,-O2 -sv,+UVM_TESTNAME=auto -cm line+tgl,r2p0,8,768,40.0,reset_recovery_test,reset_recovery_seq,APB4+UART
RUN-001607,irq_storm_test-001607,Irq_Storm,APB3,priority,8,7,2,even,115200,64,1,level,100,16,32,250,1,ACTIVE,functional,0,8,1,1,UVM_MEDIUM,0,0,0.0,-O2 -sv,+UVM_TESTNAME=auto -cm line+tgl,r2p0,1,768,10.0,irq_storm_test,irq_storm_seq,APB3+UART
RUN-001608,uart_loopback_test-001608,Uart_Loopback,APB4,round_robin,4,4,2,even,460800,8,0,level,50,32,32,100,1,ACTIVE,functional,0,4,1,1,UVM_HIGH,1,0,0.0,-O2 -sv,+UVM_TESTNAME=auto,r1p0,8,96,20.0,uart_loopback_test,uart_loopback_seq,APB4+UART
RUN-001609,backpressure_test-001609,Backpressure,APB4,round_robin,8,3,0,odd,115200,4,0,edge,50,32,32,250,3,ACTIVE,regression,0,4,1,1,UVM_MEDIUM,0,0,0.0,-O2 -sv,+UVM_TESTNAME=auto -cm line+tgl,r2p0,10,48,20.0,backpressure_test,backpressure_seq,APB4+UART
RUN-001610,parity_stress_test-001610,Parity_Stress,APB4,priority,2,1,0,odd,230400,4,1,level,50,16,32,50,3,ACTIVE,stress,0,4,0,1,UVM_MEDIUM,0,0,0.0,-O2 -sv,+UVM_TESTNAME=auto -cm line+tgl,r1p2,8,48,20.0,parity_stress_test,parity_stress_seq,APB4+UART
RUN-001611,uart_loopback_test-001611,Uart_Loopback,APB4,priority,16,4,0,even,921600,16,1,edge,50,32,32,250,3,PASSIVE,functional,0,16,1,1,UVM_MEDIUM,0,1,0.0358,-O2 -sv -assert svaext,+UVM_TESTNAME=auto -cm line+tgl,r1p0,3,192,20.0,uart_loopback_test,uart_loopback_seq,APB4+UART
RUN-001612,uart_loopback_test-001612,Uart_Loopback,APB3,priority,16,3,1,odd,460800,16,0,edge,50,8,32,50,3,ACTIVE,regression,0,16,0,1,UVM_MEDIUM,0,1,0.0014,-O2 -sv -assert svaext,+UVM_TESTNAME=auto,r2p0,8,192,20.0,uart_loopback_test,uart_loopback_seq,APB3+UART
RUN-001613,dma_burst_test-001613,Dma_Burst,APB3,round_robin,4,6,2,even,460800,4,0,level,200,16,32,50,2,ACTIVE,regression,0,4,1,1,UVM_HIGH,0,0,0.0,-O2 -sv,+UVM_TESTNAME=auto -cm line+tgl,r2p0,2,48,5.0,dma_burst_test,dma_burst_seq,APB3+UART
RUN-001614,uart_loopback_test-001614,Uart_Loopback,APB3,round_robin,8,4,0,odd,1500000,4,0,edge,25,8,16,100,3,ACTIVE,functional,0,4,1,1,UVM_LOW,1,0,0.0,-O2 -sv -assert svaext,+UVM_TESTNAME=auto,r1p0,6,48,40.0,uart_loopback_test,uart_loopback_seq,APB3+UART
RUN-001615,backpressure_test-001615,Backpressure,APB3,round_robin,8,4,0,odd,230400,8,0,edge,100,32,16,250,2,ACTIVE,functional,1,4,1,1,UVM_LOW,0,1,0.0317,-O2 -sv,+UVM_TESTNAME=auto,r1p2,7,96,10.0,backpressure_test,backpressure_seq,APB3+UART
RUN-001616,backpressure_test-001616,Backpressure,APB4,round_robin,8,3,1,odd,115200,16,0,edge,200,32,32,50,3,ACTIVE,stress,1,16,1,1,UVM_MEDIUM,1,0,0.0,-O2 -sv -assert svaext,+UVM_TESTNAME=auto,r1p2,10,192,5.0,backpressure_test,backpressure_seq,APB4+UART
RUN-001617,dma_burst_test-001617,Dma_Burst,APB3,round_robin,4,2,2,odd,115200,32,0,edge,100,32,32,100,1,ACTIVE,stress,1,8,0,1,UVM_MEDIUM,0,1,0.0125,-O2 -sv,+UVM_TESTNAME=auto,r1p0,4,384,10.0,dma_burst_test,dma_burst_seq,APB3+UART
RUN-001618,dma_burst_test-001618,Dma_Burst,APB4,priority,8,6,4,none,921600,8,1,edge,100,32,32,500,2,ACTIVE,regression,0,16,1,0,UVM_MEDIUM,0,0,0.0,-O2 -sv -assert svaext,+UVM_TESTNAME=auto -cm line+tgl,r1p2,11,96,10.0,dma_burst_test,dma_burst_seq,APB4+UART
RUN-001619,backpressure_test-001619,Backpressure,APB3,round_robin,4,6,0,none,230400,16,1,edge,100,32,32,100,1,ACTIVE,functional,0,16,1,1,UVM_LOW,0,0,0.0,-O2 -sv -assert svaext,+UVM_TESTNAME=auto -cm line+tgl,r1p2,7,192,10.0,backpressure_test,backpressure_seq,APB3+UART
RUN-001620,reg_sweep_test-001620,Reg_Sweep,APB3,priority,8,1,0,even,460800,64,1,level,100,32,32,100,2,ACTIVE,functional,0,8,1,1,UVM_MEDIUM,0,1,0.0173,-O2 -sv,+UVM_TESTNAME=auto,r1p0,7,768,10.0,reg_sweep_test,reg_sweep_seq,APB3+UART
RUN-001621,backpressure_test-001621,Backpressure,APB3,priority,16,5,2,odd,921600,4,0,edge,200,16,32,50,1,ACTIVE,functional,0,4,0,1,UVM_MEDIUM,0,1,0.027,-O2 -sv -assert svaext,+UVM_TESTNAME=auto,r2p0,3,48,5.0,backpressure_test,backpressure_seq,APB3+UART
RUN-001622,uart_loopback_test-001622,Uart_Loopback,APB4,priority,2,6,0,even,921600,32,0,edge,50,32,32,250,1,ACTIVE,stress,0,8,1,1,UVM_HIGH,1,1,0.0315,-O2 -sv,+UVM_TESTNAME=auto,r1p0,7,384,20.0,uart_loopback_test,uart_loopback_seq,APB4+UART
RUN-001623,dma_burst_test-001623,Dma_Burst,APB4,static,8,2,1,none,115200,32,1,level,100,32,16,500,3,ACTIVE,stress,0,16,1,1,UVM_MEDIUM,0,0,0.0,-O2 -sv -assert svaext,+UVM_TESTNAME=auto -cm line+tgl,r1p0,2,384,10.0,dma_burst_test,dma_burst_seq,APB4+UART
RUN-001624,reg_sweep_test-001624,Reg_Sweep,APB3,priority,8,4,1,even,230400,64,1,level,100,32,32,250,1,ACTIVE,regression,1,8,1,0,UVM_LOW,0,1,0.0201,-O2 -sv -assert svaext,+UVM_TESTNAME=auto -cm line+tgl,r1p2,10,768,10.0,reg_sweep_test,reg_sweep_seq,APB3+UART
RUN-001625,parity_stress_test-001625,Parity_Stress,APB3,priority,2,1,0,even,230400,4,0,level,50,8,16,250,1,ACTIVE,functional,0,4,1,1,UVM_LOW,0,1,0.0363,-O2 -sv -assert svaext,+UVM_TESTNAME=auto,r2p0,2,48,20.0,parity_stress_test,parity_stress_seq,APB3+UART
RUN-001626,reset_recovery_test-001626,Reset_Recovery,APB3,round_robin,8,2,2,even,230400,8,0,level,100,32,32,100,1,ACTIVE,regression,0,8,1,1,UVM_LOW,0,0,0.0,-O2 -sv,+UVM_TESTNAME=auto,r2p0,11,96,10.0,reset_recovery_test,reset_recovery_seq,APB3+UART
RUN-001627,dma_burst_test-001627,Dma_Burst,APB4,static,2,0,4,even,921600,4,1,edge,25,16,16,250,1,ACTIVE,stress,0,8,0,1,UVM_LOW,1,1,0.0328,-O2 -sv,+UVM_TESTNAME=auto,r1p2,9,48,40.0,dma_burst_test,dma_burst_seq,APB4+UART
RUN-001628,dma_burst_test-001628,Dma_Burst,APB3,priority,4,5,4,none,921600,64,0,level,200,32,16,250,3,ACTIVE,functional,0,4,0,0,UVM_LOW,0,0,0.0,-O2 -sv,+UVM_TESTNAME=auto,r1p2,6,768,5.0,dma_burst_test,dma_burst_seq,APB3+UART
RUN-001629,reg_sweep_test-001629,Reg_Sweep,APB3,round_robin,2,0,4,none,1500000,16,1,edge,50,32,16,100,1,ACTIVE,functional,0,16,1,1,UVM_MEDIUM,0,0,0.0,-O2 -sv -assert svaext,+UVM_TESTNAME=auto,r1p2,1,192,20.0,reg_sweep_test,reg_sweep_seq,APB3+UART
RUN-001630,irq_storm_test-001630,Irq_Storm,APB4,priority,4,7,1,even,921600,32,1,edge,50,32,16,250,1,ACTIVE,functional,0,8,1,1,UVM_MEDIUM,1,1,0.0307,-O2 -sv -assert svaext,+UVM_TESTNAME=auto,r1p2,5,384,20.0,irq_storm_test,irq_storm_seq,APB4+UART
RUN-001631,uart_loopback_test-001631,Uart_Loopback,APB3,round_robin,4,7,1,even,115200,32,1,edge,100,8,32,100,1,ACTIVE,functional,1,8,1,1,UVM_LOW,0,0,0.0,-O2 -sv -assert svaext,+UVM_TESTNAME=auto -cm line+tgl,r1p0,6,384,10.0,uart_loopback_test,uart_loopback_seq,APB3+UART
RUN-001632,irq_storm_test-001632,Irq_Storm,APB3,priority,4,5,4,none,1500000,8,0,level,100,16,32,250,1,ACTIVE,functional,0,8,1,1,UVM_HIGH,0,0,0.0,-O2 -sv,+UVM_TESTNAME=auto,r1p0,3,96,10.0,irq_storm_test,irq_storm_seq,APB3+UART
RUN-001633,uart_loopback_test-001633,Uart_Loopback,APB4,priority,4,3,0,odd,921600,64,1,level,100,32,32,100,1,ACTIVE,functional,0,4,1,1,UVM_MEDIUM,1,0,0.0,-O2 -sv,+UVM_TESTNAME=auto -cm line+tgl,r1p0,3,768,10.0,uart_loopback_test,uart_loopback_seq,APB4+UART
RUN-001634,irq_storm_test-001634,Irq_Storm,APB3,static,2,5,2,even,115200,32,1,edge,100,16,16,50,1,ACTIVE,functional,0,8,1,0,UVM_LOW,0,0,0.0,-O2 -sv,+UVM_TESTNAME=auto,r1p2,10,384,10.0,irq_storm_test,irq_storm_seq,APB3+UART
RUN-001635,parity_stress_test-001635,Parity_Stress,APB4,round_robin,16,4,2,even,230400,16,1,edge,100,16,32,250,3,PASSIVE,functional,0,16,0,1,UVM_LOW,1,1,0.0141,-O2 -sv -assert svaext,+UVM_TESTNAME=auto,r1p0,3,192,10.0,parity_stress_test,parity_stress_seq,APB4+UART
RUN-001636,parity_stress_test-001636,Parity_Stress,APB4,priority,2,5,0,even,230400,32,0,level,25,16,32,100,3,PASSIVE,functional,0,16,0,0,UVM_LOW,1,0,0.0,-O2 -sv -assert svaext,+UVM_TESTNAME=auto,r1p2,0,384,40.0,parity_stress_test,parity_stress_seq,APB4+UART
RUN-001637,reset_recovery_test-001637,Reset_Recovery,APB4,round_robin,4,3,2,even,460800,16,1,level,25,32,16,50,2,PASSIVE,functional,0,8,1,1,UVM_MEDIUM,0,1,0.0372,-O2 -sv,+UVM_TESTNAME=auto,r2p0,11,192,40.0,reset_recovery_test,reset_recovery_seq,APB4+UART
RUN-001638,backpressure_test-001638,Backpressure,APB4,round_robin,16,3,2,odd,460800,32,0,level,100,32,16,100,2,ACTIVE,functional,0,4,0,1,UVM_LOW,0,0,0.0,-O0 -sv -debug,+UVM_TESTNAME=auto,r1p0,4,384,10.0,backpressure_test,backpressure_seq,APB4+UART
RUN-001639,dma_burst_test-001639,Dma_Burst,APB3,static,2,7,2,none,460800,32,0,edge,50,32,32,50,2,ACTIVE,regression,0,16,1,1,UVM_LOW,0,0,0.0,-O2 -sv -assert svaext,+UVM_TESTNAME=auto,r2p0,8,384,20.0,dma_burst_test,dma_burst_seq,APB3+UART
RUN-001640,reset_recovery_test-001640,Reset_Recovery,APB3,round_robin,2,6,0,even,921600,16,0,level,100,8,16,500,2,ACTIVE,stress,0,16,1,1,UVM_MEDIUM,0,0,0.0,-O0 -sv -debug,+UVM_TESTNAME=auto,r2p0,6,192,10.0,reset_recovery_test,reset_recovery_seq,APB3+UART
RUN-001641,irq_storm_test-001641,Irq_Storm,APB4,priority,2,6,4,odd,115200,8,1,edge,200,8,16,100,1,ACTIVE,regression,0,8,0,1,UVM_LOW,0,1,0.0132,-O2 -sv,+UVM_TESTNAME=auto,r2p0,9,96,5.0,irq_storm_test,irq_storm_seq,APB4+UART
RUN-001642,backpressure_test-001642,Backpressure,APB4,static,16,5,0,odd,460800,32,0,level,100,16,32,250,1,PASSIVE,stress,0,16,1,1,UVM_LOW,0,1,0.0326,-O2 -sv,+UVM_TESTNAME=auto,r2p0,5,384,10.0,backpressure_test,backpressure_seq,APB4+UART
RUN-001643,irq_storm_test-001643,Irq_Storm,APB4,static,4,4,0,even,1500000,64,1,level,100,16,32,250,3,ACTIVE,functional,1,4,1,1,UVM_MEDIUM,0,0,0.0,-O2 -sv -assert svaext,+UVM_TESTNAME=auto -cm line+tgl,r1p2,4,768,10.0,irq_storm_test,irq_storm_seq,APB4+UART
RUN-001644,reg_sweep_test-001644,Reg_Sweep,APB4,priority,2,3,1,odd,921600,4,0,edge,200,8,32,500,2,ACTIVE,stress,0,8,0,1,UVM_LOW,1,1,0.0155,-O0 -sv -debug,+UVM_TESTNAME=auto,r1p0,4,48,5.0,reg_sweep_test,reg_sweep_seq,APB4+UART
RUN-001645,irq_storm_test-001645,Irq_Storm,APB4,static,8,2,1,none,1500000,4,0,edge,50,32,16,50,2,ACTIVE,regression,0,4,1,1,UVM_MEDIUM,0,0,0.0,-O2 -sv,+UVM_TESTNAME=auto,r2p0,5,48,20.0,irq_storm_test,irq_storm_seq,APB4+UART
RUN-001646,dma_burst_test-001646,Dma_Burst,APB3,round_robin,2,1,4,even,115200,4,1,level,100,16,16,100,1,ACTIVE,regression,0,4,0,1,UVM_MEDIUM,1,1,0.0048,-O2 -sv,+UVM_TESTNAME=auto -cm line+tgl,r1p2,9,48,10.0,dma_burst_test,dma_burst_seq,APB3+UART
RUN-001647,reset_recovery_test-001647,Reset_Recovery,APB3,static,16,2,1,none,460800,32,0,level,200,8,16,250,2,ACTIVE,functional,1,4,1,1,UVM_LOW,1,0,0.0,-O2 -sv -assert svaext,+UVM_TESTNAME=auto -cm line+tgl,r1p0,9,384,5.0,reset_recovery_test,reset_recovery_seq,APB3+UART
RUN-001648,reg_sweep_test-001648,Reg_Sweep,APB3,static,4,6,0,even,921600,64,1,level,100,16,32,100,1,ACTIVE,functional,0,8,1,1,UVM_HIGH,0,0,0.0,-O2 -sv,+UVM_TESTNAME=auto -cm line+tgl,r2p0,10,768,10.0,reg_sweep_test,reg_sweep_seq,APB3+UART
RUN-001649,dma_burst_test-001649,Dma_Burst,APB3,round_robin,2,3,4,even,460800,16,0,level,100,32,16,50,3,ACTIVE,regression,0,8,0,1,UVM_MEDIUM,0,0,0.0,-O0 -sv -debug,+UVM_TESTNAME=auto -cm line+tgl,r2p0,11,192,10.0,dma_burst_test,dma_burst_seq,APB3+UART
RUN-001650,uart_loopback_test-001650,Uart_Loopback,APB4,static,8,6,0,even,1500000,8,1,edge,200,16,32,100,1,ACTIVE,stress,0,8,0,1,UVM_LOW,0,0,0.0,-O2 -sv,+UVM_TESTNAME=auto,r1p0,0,96,5.0,uart_loopback_test,uart_loopback_seq,APB4+UART
RUN-001651,irq_storm_test-001651,Irq_Storm,APB4,round_robin,4,1,2,none,921600,32,0,edge,25,8,32,50,3,ACTIVE,stress,0,16,0,1,UVM_LOW,0,1,0.0353,-O2 -sv,+UVM_TESTNAME=auto,r1p0,4,384,40.0,irq_storm_test,irq_storm_seq,APB4+UART
RUN-001652,reset_recovery_test-001652,Reset_Recovery,APB3,static,2,2,2,even,921600,32,0,edge,50,16,32,500,2,ACTIVE,functional,0,8,1,1,UVM_HIGH,0,0,0.0,-O2 -sv,+UVM_TESTNAME=auto -cm line+tgl,r1p0,4,384,20.0,reset_recovery_test,reset_recovery_seq,APB3+UART
RUN-001653,parity_stress_test-001653,Parity_Stress,APB4,priority,16,7,0,even,460800,4,1,level,50,32,32,250,1,ACTIVE,stress,0,16,0,1,UVM_LOW,1,0,0.0,-O0 -sv -debug,+UVM_TESTNAME=auto -cm line+tgl,r2p0,11,48,20.0,parity_stress_test,parity_stress_seq,APB4+UART
RUN-001654,uart_loopback_test-001654,Uart_Loopback,APB4,round_robin,16,5,0,none,460800,16,0,edge,100,32,16,500,2,ACTIVE,stress,0,16,1,1,UVM_MEDIUM,1,1,0.0387,-O2 -sv -assert svaext,+UVM_TESTNAME=auto,r2p0,11,192,10.0,uart_loopback_test,uart_loopback_seq,APB4+UART
RUN-001655,dma_burst_test-001655,Dma_Burst,APB4,static,8,5,2,odd,460800,16,0,edge,50,16,16,250,3,ACTIVE,functional,0,8,1,1,UVM_LOW,0,1,0.021,-O2 -sv -assert svaext,+UVM_TESTNAME=auto,r2p0,8,192,20.0,dma_burst_test,dma_burst_seq,APB4+UART
RUN-001656,parity_stress_test-001656,Parity_Stress,APB4,static,4,6,1,none,460800,32,1,edge,100,8,16,250,1,ACTIVE,functional,0,4,1,1,UVM_HIGH,0,1,0.0326,-O0 -sv -debug,+UVM_TESTNAME=auto -cm line+tgl,r1p2,8,384,10.0,parity_stress_test,parity_stress_seq,APB4+UART
RUN-001657,reset_recovery_test-001657,Reset_Recovery,APB3,priority,4,7,0,odd,460800,64,0,edge,200,8,32,250,3,ACTIVE,regression,0,4,0,1,UVM_LOW,0,0,0.0,-O2 -sv,+UVM_TESTNAME=auto -cm line+tgl,r1p0,6,768,5.0,reset_recovery_test,reset_recovery_seq,APB3+UART
RUN-001658,uart_loopback_test-001658,Uart_Loopback,APB3,priority,2,3,1,odd,230400,64,1,edge,200,32,32,50,2,ACTIVE,functional,0,8,1,1,UVM_MEDIUM,0,0,0.0,-O2 -sv,+UVM_TESTNAME=auto,r2p0,8,768,5.0,uart_loopback_test,uart_loopback_seq,APB3+UART
RUN-001659,reg_sweep_test-001659,Reg_Sweep,APB4,priority,2,4,0,even,460800,64,1,level,100,16,32,100,2,ACTIVE,functional,1,8,0,1,UVM_MEDIUM,0,0,0.0,-O2 -sv,+UVM_TESTNAME=auto -cm line+tgl,r2p0,7,768,10.0,reg_sweep_test,reg_sweep_seq,APB4+UART
RUN-001660,irq_storm_test-001660,Irq_Storm,APB4,round_robin,2,0,1,odd,230400,4,0,edge,200,32,32,500,1,ACTIVE,regression,0,8,1,1,UVM_MEDIUM,0,1,0.0012,-O2 -sv,+UVM_TESTNAME=auto,r1p2,5,48,5.0,irq_storm_test,irq_storm_seq,APB4+UART
RUN-001661,reg_sweep_test-001661,Reg_Sweep,APB3,priority,4,3,0,none,921600,16,0,edge,200,32,32,250,2,ACTIVE,functional,1,16,0,0,UVM_LOW,0,0,0.0,-O2 -sv -assert svaext,+UVM_TESTNAME=auto -cm line+tgl,r2p0,5,192,5.0,reg_sweep_test,reg_sweep_seq,APB3+UART
RUN-001662,reg_sweep_test-001662,Reg_Sweep,APB3,round_robin,16,1,0,none,230400,16,1,level,50,32,32,100,1,ACTIVE,regression,0,16,0,1,UVM_LOW,1,1,0.0253,-O2 -sv -assert svaext,+UVM_TESTNAME=auto -cm line+tgl,r2p0,0,192,20.0,reg_sweep_test,reg_sweep_seq,APB3+UART
RUN-001663,reset_recovery_test-001663,Reset_Recovery,APB4,priority,4,0,4,odd,115200,32,1,edge,50,16,32,500,1,ACTIVE,regression,0,4,1,1,UVM_LOW,0,0,0.0,-O2 -sv -assert svaext,+UVM_TESTNAME=auto,r2p0,10,384,20.0,reset_recovery_test,reset_recovery_seq,APB4+UART
RUN-001664,reg_sweep_test-001664,Reg_Sweep,APB4,static,4,3,2,even,460800,4,1,level,50,16,16,50,2,ACTIVE,stress,0,8,0,1,UVM_MEDIUM,1,0,0.0,-O2 -sv -assert svaext,+UVM_TESTNAME=auto -cm line+tgl,r2p0,11,48,20.0,reg_sweep_test,reg_sweep_seq,APB4+UART
RUN-001665,irq_storm_test-001665,Irq_Storm,APB3,round_robin,8,3,1,none,230400,8,1,edge,100,16,32,50,1,ACTIVE,regression,0,4,1,1,UVM_LOW,0,0,0.0,-O2 -sv,+UVM_TESTNAME=auto,r1p2,4,96,10.0,irq_storm_test,irq_storm_seq,APB3+UART
RUN-001666,dma_burst_test-001666,Dma_Burst,APB3,round_robin,2,1,0,odd,921600,16,0,level,50,32,32,250,3,ACTIVE,regression,0,4,0,1,UVM_LOW,0,1,0.0395,-O2 -sv,+UVM_TESTNAME=auto,r1p0,8,192,20.0,dma_burst_test,dma_burst_seq,APB3+UART
RUN-001667,reg_sweep_test-001667,Reg_Sweep,APB4,priority,8,1,2,none,230400,16,1,edge,25,32,16,50,3,ACTIVE,stress,0,4,1,1,UVM_HIGH,0,1,0.0,-O0 -sv -debug,+UVM_TESTNAME=auto,r1p0,11,192,40.0,reg_sweep_test,reg_sweep_seq,APB4+UART
RUN-001668,reg_sweep_test-001668,Reg_Sweep,APB3,priority,4,1,2,none,230400,32,1,edge,200,8,32,100,1,ACTIVE,stress,1,16,1,1,UVM_MEDIUM,0,1,0.0316,-O2 -sv -assert svaext,+UVM_TESTNAME=auto,r1p0,0,384,5.0,reg_sweep_test,reg_sweep_seq,APB3+UART
RUN-001669,dma_burst_test-001669,Dma_Burst,APB3,round_robin,2,1,0,even,921600,32,0,level,25,32,32,100,1,ACTIVE,stress,1,8,0,1,UVM_MEDIUM,0,1,0.0194,-O2 -sv,+UVM_TESTNAME=auto -cm line+tgl,r2p0,6,384,40.0,dma_burst_test,dma_burst_seq,APB3+UART
RUN-001670,reg_sweep_test-001670,Reg_Sweep,APB3,round_robin,2,6,4,none,1500000,32,0,level,100,32,32,250,2,ACTIVE,regression,0,4,1,1,UVM_LOW,1,1,0.0008,-O0 -sv -debug,+UVM_TESTNAME=auto,r1p2,5,384,10.0,reg_sweep_test,reg_sweep_seq,APB3+UART
RUN-001671,irq_storm_test-001671,Irq_Storm,APB3,round_robin,8,0,0,odd,115200,32,0,edge,25,8,16,500,2,ACTIVE,regression,0,8,0,1,UVM_LOW,0,0,0.0,-O2 -sv -assert svaext,+UVM_TESTNAME=auto,r1p2,10,384,40.0,irq_storm_test,irq_storm_seq,APB3+UART
RUN-001672,parity_stress_test-001672,Parity_Stress,APB3,static,4,7,1,none,921600,8,1,level,50,16,32,100,2,ACTIVE,stress,0,4,0,1,UVM_LOW,0,0,0.0,-O2 -sv,+UVM_TESTNAME=auto -cm line+tgl,r1p0,11,96,20.0,parity_stress_test,parity_stress_seq,APB3+UART
RUN-001673,parity_stress_test-001673,Parity_Stress,APB4,static,2,3,0,even,230400,32,1,edge,100,8,16,50,2,ACTIVE,regression,0,8,1,0,UVM_LOW,0,0,0.0,-O2 -sv,+UVM_TESTNAME=auto -cm line+tgl,r2p0,4,384,10.0,parity_stress_test,parity_stress_seq,APB4+UART
RUN-001674,irq_storm_test-001674,Irq_Storm,APB3,static,2,3,0,even,921600,64,1,level,25,8,32,500,3,ACTIVE,regression,0,16,0,1,UVM_LOW,0,0,0.0,-O2 -sv -assert svaext,+UVM_TESTNAME=auto,r1p2,2,768,40.0,irq_storm_test,irq_storm_seq,APB3+UART
RUN-001675,uart_loopback_test-001675,Uart_Loopback,APB3,priority,4,6,0,even,115200,32,1,level,50,32,32,100,2,ACTIVE,functional,0,16,1,1,UVM_LOW,0,0,0.0,-O2 -sv,+UVM_TESTNAME=auto,r2p0,10,384,20.0,uart_loopback_test,uart_loopback_seq,APB3+UART
RUN-001676,reset_recovery_test-001676,Reset_Recovery,APB3,round_robin,2,7,1,none,230400,64,0,level,200,32,16,500,3,ACTIVE,stress,0,8,1,1,UVM_MEDIUM,0,1,0.0105,-O2 -sv,+UVM_TESTNAME=auto -cm line+tgl,r1p2,3,768,5.0,reset_recovery_test,reset_recovery_seq,APB3+UART
RUN-001677,irq_storm_test-001677,Irq_Storm,APB4,priority,4,1,0,even,1500000,8,1,edge,100,32,32,250,1,ACTIVE,functional,0,16,1,1,UVM_MEDIUM,0,1,0.0093,-O2 -sv,+UVM_TESTNAME=auto,r1p2,11,96,10.0,irq_storm_test,irq_storm_seq,APB4+UART
RUN-001678,backpressure_test-001678,Backpressure,APB3,priority,16,6,2,none,921600,8,1,level,25,8,32,100,1,PASSIVE,functional,0,8,1,1,UVM_HIGH,0,0,0.0,-O2 -sv,+UVM_TESTNAME=auto,r1p2,5,96,40.0,backpressure_test,backpressure_seq,APB3+UART
RUN-001679,backpressure_test-001679,Backpressure,APB4,priority,2,0,0,odd,115200,16,1,level,50,32,32,50,2,ACTIVE,functional,0,4,0,1,UVM_HIGH,1,0,0.0,-O2 -sv,+UVM_TESTNAME=auto -cm line+tgl,r1p0,8,192,20.0,backpressure_test,backpressure_seq,APB4+UART
RUN-001680,dma_burst_test-001680,Dma_Burst,APB4,round_robin,4,3,2,even,921600,64,0,level,25,8,32,250,2,ACTIVE,regression,1,4,1,1,UVM_LOW,0,0,0.0,-O2 -sv -assert svaext,+UVM_TESTNAME=auto,r2p0,11,768,40.0,dma_burst_test,dma_burst_seq,APB4+UART
RUN-001681,reg_sweep_test-001681,Reg_Sweep,APB4,priority,8,3,0,even,115200,32,1,level,50,16,32,500,1,ACTIVE,functional,0,8,1,1,UVM_MEDIUM,0,1,0.0139,-O2 -sv,+UVM_TESTNAME=auto,r1p0,7,384,20.0,reg_sweep_test,reg_sweep_seq,APB4+UART
RUN-001682,reg_sweep_test-001682,Reg_Sweep,APB4,round_robin,2,3,0,odd,921600,32,1,edge,25,32,32,100,2,ACTIVE,functional,0,8,1,1,UVM_MEDIUM,1,1,0.036,-O0 -sv -debug,+UVM_TESTNAME=auto,r2p0,10,384,40.0,reg_sweep_test,reg_sweep_seq,APB4+UART
RUN-001683,reg_sweep_test-001683,Reg_Sweep,APB3,priority,4,4,2,odd,921600,8,0,level,25,32,16,250,1,ACTIVE,functional,0,8,1,1,UVM_LOW,0,1,0.0396,-O2 -sv,+UVM_TESTNAME=auto,r1p0,8,96,40.0,reg_sweep_test,reg_sweep_seq,APB3+UART
RUN-001684,reset_recovery_test-001684,Reset_Recovery,APB4,round_robin,2,1,0,odd,230400,32,1,level,200,8,32,250,1,ACTIVE,functional,0,8,1,1,UVM_LOW,0,1,0.0228,-O2 -sv -assert svaext,+UVM_TESTNAME=auto,r1p2,7,384,5.0,reset_recovery_test,reset_recovery_seq,APB4+UART
RUN-001685,parity_stress_test-001685,Parity_Stress,APB4,round_robin,2,0,2,even,115200,16,1,level,100,32,16,250,3,ACTIVE,stress,1,8,1,1,UVM_HIGH,1,0,0.0,-O0 -sv -debug,+UVM_TESTNAME=auto -cm line+tgl,r1p0,10,192,10.0,parity_stress_test,parity_stress_seq,APB4+UART
RUN-001686,dma_burst_test-001686,Dma_Burst,APB4,round_robin,16,2,4,odd,1500000,4,0,edge,100,8,16,100,2,ACTIVE,functional,0,16,1,1,UVM_LOW,0,0,0.0,-O0 -sv -debug,+UVM_TESTNAME=auto -cm line+tgl,r1p2,1,48,10.0,dma_burst_test,dma_burst_seq,APB4+UART
RUN-001687,reg_sweep_test-001687,Reg_Sweep,APB4,static,2,0,0,odd,115200,8,1,edge,25,32,32,500,2,ACTIVE,functional,0,4,1,1,UVM_LOW,0,0,0.0,-O2 -sv -assert svaext,+UVM_TESTNAME=auto,r2p0,10,96,40.0,reg_sweep_test,reg_sweep_seq,APB4+UART
RUN-001688,reg_sweep_test-001688,Reg_Sweep,APB4,priority,4,0,4,none,921600,8,0,level,200,16,16,100,3,ACTIVE,regression,0,4,1,1,UVM_LOW,0,0,0.0,-O0 -sv -debug,+UVM_TESTNAME=auto -cm line+tgl,r1p2,11,96,5.0,reg_sweep_test,reg_sweep_seq,APB4+UART
RUN-001689,parity_stress_test-001689,Parity_Stress,APB3,static,8,7,0,none,460800,32,1,edge,25,32,32,250,1,ACTIVE,functional,0,4,1,0,UVM_LOW,0,0,0.0,-O2 -sv -assert svaext,+UVM_TESTNAME=auto,r1p2,3,384,40.0,parity_stress_test,parity_stress_seq,APB3+UART
RUN-001690,parity_stress_test-001690,Parity_Stress,APB4,round_robin,8,6,1,none,230400,8,1,edge,100,32,16,50,1,ACTIVE,functional,0,16,0,1,UVM_LOW,1,0,0.0,-O2 -sv -assert svaext,+UVM_TESTNAME=auto,r1p2,0,96,10.0,parity_stress_test,parity_stress_seq,APB4+UART
RUN-001691,dma_burst_test-001691,Dma_Burst,APB3,round_robin,16,2,1,even,115200,32,0,level,25,32,16,250,3,PASSIVE,regression,0,4,1,1,UVM_MEDIUM,0,1,0.0363,-O2 -sv,+UVM_TESTNAME=auto,r1p2,3,384,40.0,dma_burst_test,dma_burst_seq,APB3+UART
RUN-001692,irq_storm_test-001692,Irq_Storm,APB4,round_robin,2,1,1,none,460800,32,1,level,50,8,32,250,2,PASSIVE,functional,0,8,1,1,UVM_LOW,0,0,0.0,-O0 -sv -debug,+UVM_TESTNAME=auto -cm line+tgl,r1p0,0,384,20.0,irq_storm_test,irq_storm_seq,APB4+UART
RUN-001693,dma_burst_test-001693,Dma_Burst,APB3,static,4,5,1,even,460800,4,1,edge,100,32,32,100,2,ACTIVE,functional,0,8,1,0,UVM_LOW,1,0,0.0,-O2 -sv -assert svaext,+UVM_TESTNAME=auto,r2p0,11,48,10.0,dma_burst_test,dma_burst_seq,APB3+UART
RUN-001694,dma_burst_test-001694,Dma_Burst,APB4,static,8,3,2,even,230400,32,0,edge,200,8,32,100,1,ACTIVE,functional,1,8,1,1,UVM_LOW,0,0,0.0,-O2 -sv -assert svaext,+UVM_TESTNAME=auto -cm line+tgl,r1p0,10,384,5.0,dma_burst_test,dma_burst_seq,APB4+UART
RUN-001695,backpressure_test-001695,Backpressure,APB3,round_robin,8,7,2,odd,460800,16,1,edge,200,32,32,500,2,ACTIVE,functional,0,4,1,1,UVM_LOW,0,0,0.0,-O2 -sv -assert svaext,+UVM_TESTNAME=auto -cm line+tgl,r1p0,7,192,5.0,backpressure_test,backpressure_seq,APB3+UART
RUN-001696,uart_loopback_test-001696,Uart_Loopback,APB3,static,8,0,1,none,230400,64,0,edge,200,16,32,250,2,ACTIVE,functional,0,4,1,1,UVM_LOW,0,0,0.0,-O2 -sv -assert svaext,+UVM_TESTNAME=auto -cm line+tgl,r1p0,6,768,5.0,uart_loopback_test,uart_loopback_seq,APB3+UART
RUN-001697,parity_stress_test-001697,Parity_Stress,APB3,round_robin,2,1,1,none,115200,8,0,level,50,8,16,500,2,PASSIVE,functional,1,8,1,1,UVM_MEDIUM,0,0,0.0,-O2 -sv -assert svaext,+UVM_TESTNAME=auto -cm line+tgl,r1p0,4,96,20.0,parity_stress_test,parity_stress_seq,APB3+UART
RUN-001698,dma_burst_test-001698,Dma_Burst,APB3,round_robin,2,2,0,even,115200,16,1,level,50,16,32,250,1,ACTIVE,regression,0,4,1,1,UVM_MEDIUM,0,1,0.0169,-O2 -sv -assert svaext,+UVM_TESTNAME=auto,r1p2,11,192,20.0,dma_burst_test,dma_burst_seq,APB3+UART
RUN-001699,backpressure_test-001699,Backpressure,APB4,round_robin,4,2,1,none,460800,32,0,edge,200,8,16,100,2,ACTIVE,functional,0,4,1,1,UVM_LOW,0,0,0.0,-O2 -sv -assert svaext,+UVM_TESTNAME=auto -cm line+tgl,r1p2,11,384,5.0,backpressure_test,backpressure_seq,APB4+UART
RUN-001700,irq_storm_test-001700,Irq_Storm,APB3,priority,16,6,4,none,460800,32,0,level,25,16,32,500,2,ACTIVE,stress,1,8,1,1,UVM_MEDIUM,1,0,0.0,-O2 -sv,+UVM_TESTNAME=auto,r1p2,4,384,40.0,irq_storm_test,irq_storm_seq,APB3+UART
RUN-001701,reset_recovery_test-001701,Reset_Recovery,APB4,round_robin,8,2,2,even,115200,16,1,level,100,32,16,100,2,PASSIVE,stress,0,4,1,1,UVM_LOW,0,1,0.0248,-O0 -sv -debug,+UVM_TESTNAME=auto,r1p2,3,192,10.0,reset_recovery_test,reset_recovery_seq,APB4+UART
RUN-001702,dma_burst_test-001702,Dma_Burst,APB4,priority,4,3,2,none,230400,16,1,level,100,32,32,250,3,ACTIVE,regression,1,4,1,1,UVM_MEDIUM,0,1,0.0123,-O2 -sv,+UVM_TESTNAME=auto -cm line+tgl,r1p2,11,192,10.0,dma_burst_test,dma_burst_seq,APB4+UART
RUN-001703,backpressure_test-001703,Backpressure,APB4,round_robin,4,7,1,even,230400,16,1,level,25,32,32,50,2,ACTIVE,stress,0,8,1,1,UVM_MEDIUM,0,0,0.0,-O2 -sv,+UVM_TESTNAME=auto,r1p0,2,192,40.0,backpressure_test,backpressure_seq,APB4+UART
RUN-001704,uart_loopback_test-001704,Uart_Loopback,APB3,static,4,1,0,none,921600,64,0,edge,25,8,16,50,2,ACTIVE,stress,0,4,0,1,UVM_MEDIUM,1,1,0.0092,-O2 -sv -assert svaext,+UVM_TESTNAME=auto,r2p0,6,768,40.0,uart_loopback_test,uart_loopback_seq,APB3+UART
RUN-001705,reg_sweep_test-001705,Reg_Sweep,APB4,static,4,5,1,none,921600,16,0,level,25,32,32,500,2,ACTIVE,regression,0,8,1,1,UVM_LOW,0,0,0.0,-O0 -sv -debug,+UVM_TESTNAME=auto,r1p2,3,192,40.0,reg_sweep_test,reg_sweep_seq,APB4+UART
RUN-001706,irq_storm_test-001706,Irq_Storm,APB4,priority,2,1,1,none,921600,64,1,level,100,32,32,100,3,ACTIVE,stress,0,8,1,1,UVM_HIGH,0,0,0.0,-O2 -sv,+UVM_TESTNAME=auto,r1p0,1,768,10.0,irq_storm_test,irq_storm_seq,APB4+UART
RUN-001707,uart_loopback_test-001707,Uart_Loopback,APB3,priority,16,6,1,none,460800,16,1,level,25,8,16,250,1,ACTIVE,functional,0,4,0,1,UVM_MEDIUM,0,0,0.0,-O0 -sv -debug,+UVM_TESTNAME=auto,r1p2,8,192,40.0,uart_loopback_test,uart_loopback_seq,APB3+UART
RUN-001708,parity_stress_test-001708,Parity_Stress,APB3,round_robin,8,0,1,even,1500000,8,1,level,25,16,16,50,2,ACTIVE,stress,0,16,1,1,UVM_HIGH,0,0,0.0,-O0 -sv -debug,+UVM_TESTNAME=auto,r1p2,7,96,40.0,parity_stress_test,parity_stress_seq,APB3+UART
RUN-001709,uart_loopback_test-001709,Uart_Loopback,APB4,priority,8,2,0,none,460800,16,0,edge,100,16,16,500,2,ACTIVE,functional,0,4,1,1,UVM_LOW,0,0,0.0,-O2 -sv -assert svaext,+UVM_TESTNAME=auto,r2p0,11,192,10.0,uart_loopback_test,uart_loopback_seq,APB4+UART
RUN-001710,reg_sweep_test-001710,Reg_Sweep,APB4,priority,2,2,0,even,115200,32,1,edge,50,16,32,250,2,ACTIVE,functional,0,8,1,1,UVM_LOW,1,0,0.0,-O2 -sv -assert svaext,+UVM_TESTNAME=auto -cm line+tgl,r1p0,2,384,20.0,reg_sweep_test,reg_sweep_seq,APB4+UART
RUN-001711,dma_burst_test-001711,Dma_Burst,APB3,round_robin,8,1,2,even,460800,64,1,level,25,16,32,50,1,ACTIVE,functional,0,4,1,1,UVM_MEDIUM,0,0,0.0,-O2 -sv,+UVM_TESTNAME=auto,r1p2,4,768,40.0,dma_burst_test,dma_burst_seq,APB3+UART
RUN-001712,dma_burst_test-001712,Dma_Burst,APB3,priority,16,6,0,even,460800,4,1,level,200,32,32,500,3,ACTIVE,stress,0,8,0,1,UVM_MEDIUM,1,0,0.0,-O2 -sv -assert svaext,+UVM_TESTNAME=auto -cm line+tgl,r1p2,6,48,5.0,dma_burst_test,dma_burst_seq,APB3+UART
RUN-001713,reg_sweep_test-001713,Reg_Sweep,APB4,round_robin,2,6,0,even,921600,64,1,edge,25,32,32,100,3,ACTIVE,stress,0,8,1,1,UVM_MEDIUM,0,0,0.0,-O2 -sv,+UVM_TESTNAME=auto -cm line+tgl,r1p2,3,768,40.0,reg_sweep_test,reg_sweep_seq,APB4+UART
RUN-001714,dma_burst_test-001714,Dma_Burst,APB4,round_robin,4,7,2,none,230400,16,1,level,25,32,16,250,1,ACTIVE,functional,0,4,1,1,UVM_HIGH,1,0,0.0,-O2 -sv,+UVM_TESTNAME=auto -cm line+tgl,r2p0,3,192,40.0,dma_burst_test,dma_burst_seq,APB4+UART
RUN-001715,reset_recovery_test-001715,Reset_Recovery,APB4,round_robin,4,2,2,odd,460800,16,0,edge,50,32,32,50,1,ACTIVE,functional,0,4,1,1,UVM_LOW,1,0,0.0,-O0 -sv -debug,+UVM_TESTNAME=auto -cm line+tgl,r1p0,7,192,20.0,reset_recovery_test,reset_recovery_seq,APB4+UART
RUN-001716,dma_burst_test-001716,Dma_Burst,APB4,round_robin,2,6,2,none,230400,16,1,level,200,16,32,250,1,ACTIVE,functional,0,16,1,1,UVM_LOW,0,0,0.0,-O2 -sv,+UVM_TESTNAME=auto,r1p0,8,192,5.0,dma_burst_test,dma_burst_seq,APB4+UART
RUN-001717,uart_loopback_test-001717,Uart_Loopback,APB3,round_robin,2,5,1,none,115200,8,1,level,100,32,32,100,2,PASSIVE,functional,0,4,0,1,UVM_LOW,0,1,0.0282,-O2 -sv -assert svaext,+UVM_TESTNAME=auto -cm line+tgl,r1p0,0,96,10.0,uart_loopback_test,uart_loopback_seq,APB3+UART
RUN-001718,reg_sweep_test-001718,Reg_Sweep,APB3,static,2,4,2,odd,460800,8,0,level,100,32,16,250,1,ACTIVE,functional,1,4,0,1,UVM_MEDIUM,0,1,0.0293,-O2 -sv,+UVM_TESTNAME=auto -cm line+tgl,r2p0,0,96,10.0,reg_sweep_test,reg_sweep_seq,APB3+UART
RUN-001719,reg_sweep_test-001719,Reg_Sweep,APB4,priority,4,3,2,none,115200,32,1,edge,50,32,16,250,3,ACTIVE,regression,0,8,1,1,UVM_MEDIUM,1,1,0.0313,-O2 -sv,+UVM_TESTNAME=auto -cm line+tgl,r1p2,1,384,20.0,reg_sweep_test,reg_sweep_seq,APB4+UART
RUN-001720,dma_burst_test-001720,Dma_Burst,APB4,round_robin,4,7,0,even,230400,16,1,level,100,32,32,250,3,PASSIVE,functional,0,8,0,1,UVM_MEDIUM,0,0,0.0,-O2 -sv,+UVM_TESTNAME=auto -cm line+tgl,r2p0,9,192,10.0,dma_burst_test,dma_burst_seq,APB4+UART
RUN-001721,uart_loopback_test-001721,Uart_Loopback,APB4,round_robin,4,7,2,even,921600,4,0,edge,25,32,16,100,3,ACTIVE,regression,0,4,1,1,UVM_LOW,0,1,0.0199,-O2 -sv -assert svaext,+UVM_TESTNAME=auto -cm line+tgl,r1p2,4,48,40.0,uart_loopback_test,uart_loopback_seq,APB4+UART
RUN-001722,reg_sweep_test-001722,Reg_Sweep,APB4,round_robin,2,6,1,none,921600,32,0,level,50,32,16,100,2,ACTIVE,stress,0,4,1,1,UVM_MEDIUM,0,0,0.0,-O2 -sv,+UVM_TESTNAME=auto,r1p2,6,384,20.0,reg_sweep_test,reg_sweep_seq,APB4+UART
RUN-001723,parity_stress_test-001723,Parity_Stress,APB3,static,4,7,4,none,115200,64,0,level,200,32,32,500,1,ACTIVE,stress,1,8,1,1,UVM_LOW,0,0,0.0,-O2 -sv,+UVM_TESTNAME=auto,r2p0,7,768,5.0,parity_stress_test,parity_stress_seq,APB3+UART
RUN-001724,parity_stress_test-001724,Parity_Stress,APB4,priority,8,0,1,odd,921600,64,1,edge,100,8,16,100,1,ACTIVE,stress,0,4,1,1,UVM_HIGH,1,1,0.0162,-O0 -sv -debug,+UVM_TESTNAME=auto -cm line+tgl,r2p0,5,768,10.0,parity_stress_test,parity_stress_seq,APB4+UART
RUN-001725,uart_loopback_test-001725,Uart_Loopback,APB3,priority,4,3,0,none,1500000,16,0,edge,200,16,32,50,1,ACTIVE,stress,0,8,1,1,UVM_MEDIUM,0,0,0.0,-O2 -sv -assert svaext,+UVM_TESTNAME=auto,r2p0,4,192,5.0,uart_loopback_test,uart_loopback_seq,APB3+UART
RUN-001726,backpressure_test-001726,Backpressure,APB3,priority,2,6,0,none,460800,32,0,edge,50,32,32,250,1,ACTIVE,stress,0,8,1,1,UVM_MEDIUM,1,1,0.0068,-O2 -sv -assert svaext,+UVM_TESTNAME=auto,r1p0,8,384,20.0,backpressure_test,backpressure_seq,APB3+UART
RUN-001727,irq_storm_test-001727,Irq_Storm,APB4,static,4,5,0,odd,460800,8,1,edge,50,32,32,500,3,ACTIVE,functional,0,16,1,1,UVM_MEDIUM,1,1,0.0337,-O0 -sv -debug,+UVM_TESTNAME=auto -cm line+tgl,r1p0,8,96,20.0,irq_storm_test,irq_storm_seq,APB4+UART
RUN-001728,reset_recovery_test-001728,Reset_Recovery,APB4,priority,16,3,0,even,921600,32,0,level,25,32,32,250,2,ACTIVE,stress,0,16,1,0,UVM_MEDIUM,0,0,0.0,-O2 -sv,+UVM_TESTNAME=auto -cm line+tgl,r1p2,5,384,40.0,reset_recovery_test,reset_recovery_seq,APB4+UART
RUN-001729,uart_loopback_test-001729,Uart_Loopback,APB3,round_robin,4,5,4,even,1500000,32,0,level,200,8,16,100,1,ACTIVE,regression,0,4,1,1,UVM_LOW,0,0,0.0,-O2 -sv,+UVM_TESTNAME=auto,r1p2,5,384,5.0,uart_loopback_test,uart_loopback_seq,APB3+UART
RUN-001730,backpressure_test-001730,Backpressure,APB4,static,8,6,4,none,230400,8,1,edge,200,32,16,250,1,ACTIVE,functional,0,16,0,1,UVM_MEDIUM,0,1,0.0394,-O2 -sv,+UVM_TESTNAME=auto,r1p0,6,96,5.0,backpressure_test,backpressure_seq,APB4+UART
RUN-001731,backpressure_test-001731,Backpressure,APB4,priority,16,1,4,even,230400,4,1,level,50,16,32,50,2,ACTIVE,stress,0,4,1,1,UVM_MEDIUM,0,0,0.0,-O2 -sv,+UVM_TESTNAME=auto,r1p2,10,48,20.0,backpressure_test,backpressure_seq,APB4+UART
RUN-001732,reset_recovery_test-001732,Reset_Recovery,APB3,static,2,7,4,odd,921600,16,0,level,100,16,32,250,2,PASSIVE,functional,1,8,1,1,UVM_MEDIUM,0,0,0.0,-O2 -sv,+UVM_TESTNAME=auto,r1p0,11,192,10.0,reset_recovery_test,reset_recovery_seq,APB3+UART
RUN-001733,reset_recovery_test-001733,Reset_Recovery,APB3,priority,4,6,1,even,460800,32,0,edge,50,32,16,50,1,ACTIVE,stress,0,8,0,1,UVM_MEDIUM,0,0,0.0,-O2 -sv -assert svaext,+UVM_TESTNAME=auto -cm line+tgl,r1p2,9,384,20.0,reset_recovery_test,reset_recovery_seq,APB3+UART
RUN-001734,reset_recovery_test-001734,Reset_Recovery,APB3,priority,2,3,2,none,921600,4,1,edge,200,32,32,250,2,ACTIVE,regression,0,8,1,1,UVM_LOW,0,1,0.0284,-O2 -sv -assert svaext,+UVM_TESTNAME=auto -cm line+tgl,r2p0,10,48,5.0,reset_recovery_test,reset_recovery_seq,APB3+UART
RUN-001735,reg_sweep_test-001735,Reg_Sweep,APB3,priority,2,7,0,none,230400,16,1,level,100,32,16,100,2,ACTIVE,stress,0,16,1,0,UVM_MEDIUM,0,0,0.0,-O0 -sv -debug,+UVM_TESTNAME=auto,r2p0,4,192,10.0,reg_sweep_test,reg_sweep_seq,APB3+UART
RUN-001736,reset_recovery_test-001736,Reset_Recovery,APB3,priority,2,1,2,odd,115200,4,0,edge,200,8,32,500,2,ACTIVE,stress,0,16,0,1,UVM_LOW,1,1,0.0184,-O2 -sv -assert svaext,+UVM_TESTNAME=auto,r1p0,10,48,5.0,reset_recovery_test,reset_recovery_seq,APB3+UART
RUN-001737,dma_burst_test-001737,Dma_Burst,APB3,priority,2,2,2,odd,230400,64,0,edge,200,16,16,100,2,ACTIVE,stress,0,16,0,1,UVM_LOW,1,0,0.0,-O2 -sv -assert svaext,+UVM_TESTNAME=auto -cm line+tgl,r1p2,8,768,5.0,dma_burst_test,dma_burst_seq,APB3+UART
RUN-001738,irq_storm_test-001738,Irq_Storm,APB3,round_robin,2,3,2,even,115200,4,0,edge,200,32,32,250,1,ACTIVE,stress,1,16,1,1,UVM_MEDIUM,0,1,0.0305,-O2 -sv -assert svaext,+UVM_TESTNAME=auto,r1p2,2,48,5.0,irq_storm_test,irq_storm_seq,APB3+UART
RUN-001739,uart_loopback_test-001739,Uart_Loopback,APB3,static,16,1,0,none,230400,8,1,edge,50,8,16,100,2,ACTIVE,functional,0,8,1,1,UVM_MEDIUM,1,0,0.0,-O0 -sv -debug,+UVM_TESTNAME=auto,r1p2,7,96,20.0,uart_loopback_test,uart_loopback_seq,APB3+UART
RUN-001740,uart_loopback_test-001740,Uart_Loopback,APB4,priority,16,5,1,none,921600,16,0,level,25,32,16,500,2,ACTIVE,regression,0,16,0,1,UVM_HIGH,0,0,0.0,-O0 -sv -debug,+UVM_TESTNAME=auto -cm line+tgl,r1p0,6,192,40.0,uart_loopback_test,uart_loopback_seq,APB4+UART
RUN-001741,reg_sweep_test-001741,Reg_Sweep,APB4,round_robin,4,6,0,odd,460800,16,0,level,50,32,32,500,1,ACTIVE,stress,0,4,0,1,UVM_LOW,1,1,0.0184,-O2 -sv -assert svaext,+UVM_TESTNAME=auto -cm line+tgl,r1p0,0,192,20.0,reg_sweep_test,reg_sweep_seq,APB4+UART
RUN-001742,reg_sweep_test-001742,Reg_Sweep,APB4,priority,2,1,2,even,230400,64,0,edge,200,16,32,500,1,ACTIVE,stress,0,8,1,0,UVM_LOW,0,0,0.0,-O2 -sv,+UVM_TESTNAME=auto -cm line+tgl,r1p0,4,768,5.0,reg_sweep_test,reg_sweep_seq,APB4+UART
RUN-001743,dma_burst_test-001743,Dma_Burst,APB4,static,2,5,0,none,460800,64,1,edge,50,16,32,250,2,ACTIVE,stress,0,8,1,1,UVM_LOW,0,1,0.0069,-O2 -sv,+UVM_TESTNAME=auto,r1p2,11,768,20.0,dma_burst_test,dma_burst_seq,APB4+UART
RUN-001744,reset_recovery_test-001744,Reset_Recovery,APB4,round_robin,4,7,1,even,1500000,4,1,edge,200,32,32,250,2,ACTIVE,stress,0,8,1,1,UVM_MEDIUM,0,0,0.0,-O0 -sv -debug,+UVM_TESTNAME=auto -cm line+tgl,r1p2,5,48,5.0,reset_recovery_test,reset_recovery_seq,APB4+UART
RUN-001745,irq_storm_test-001745,Irq_Storm,APB3,static,2,1,2,odd,1500000,32,0,edge,200,32,16,250,3,ACTIVE,functional,0,8,1,1,UVM_HIGH,1,0,0.0,-O2 -sv,+UVM_TESTNAME=auto -cm line+tgl,r1p0,5,384,5.0,irq_storm_test,irq_storm_seq,APB3+UART
RUN-001746,uart_loopback_test-001746,Uart_Loopback,APB4,priority,4,7,4,even,921600,8,1,level,100,32,32,100,2,ACTIVE,stress,0,8,0,1,UVM_LOW,0,0,0.0,-O0 -sv -debug,+UVM_TESTNAME=auto,r1p0,5,96,10.0,uart_loopback_test,uart_loopback_seq,APB4+UART
RUN-001747,reg_sweep_test-001747,Reg_Sweep,APB4,round_robin,2,7,0,none,921600,64,0,edge,100,32,16,100,1,ACTIVE,stress,0,4,0,1,UVM_MEDIUM,1,0,0.0,-O0 -sv -debug,+UVM_TESTNAME=auto -cm line+tgl,r1p0,1,768,10.0,reg_sweep_test,reg_sweep_seq,APB4+UART
RUN-001748,irq_storm_test-001748,Irq_Storm,APB3,round_robin,4,3,4,even,230400,16,0,level,50,16,32,250,2,ACTIVE,functional,0,8,1,1,UVM_LOW,1,1,0.0195,-O2 -sv -assert svaext,+UVM_TESTNAME=auto -cm line+tgl,r1p0,2,192,20.0,irq_storm_test,irq_storm_seq,APB3+UART
RUN-001749,reset_recovery_test-001749,Reset_Recovery,APB3,priority,2,3,1,none,230400,32,1,edge,50,32,32,100,1,ACTIVE,regression,0,16,0,1,UVM_LOW,0,0,0.0,-O2 -sv,+UVM_TESTNAME=auto,r2p0,5,384,20.0,reset_recovery_test,reset_recovery_seq,APB3+UART
RUN-001750,backpressure_test-001750,Backpressure,APB4,round_robin,8,0,1,none,1500000,64,1,level,200,8,16,100,2,ACTIVE,regression,0,16,1,1,UVM_MEDIUM,0,0,0.0,-O2 -sv,+UVM_TESTNAME=auto -cm line+tgl,r2p0,5,768,5.0,backpressure_test,backpressure_seq,APB4+UART
RUN-001751,dma_burst_test-001751,Dma_Burst,APB3,round_robin,2,4,2,even,115200,32,1,level,25,16,32,50,2,ACTIVE,functional,1,4,1,1,UVM_LOW,0,1,0.0208,-O2 -sv -assert svaext,+UVM_TESTNAME=auto,r2p0,6,384,40.0,dma_burst_test,dma_burst_seq,APB3+UART
RUN-001752,parity_stress_test-001752,Parity_Stress,APB4,static,4,7,4,none,230400,8,1,level,100,32,16,100,1,ACTIVE,functional,0,16,1,1,UVM_MEDIUM,0,0,0.0,-O2 -sv,+UVM_TESTNAME=auto,r1p0,11,96,10.0,parity_stress_test,parity_stress_seq,APB4+UART
RUN-001753,irq_storm_test-001753,Irq_Storm,APB4,priority,16,1,0,none,460800,4,1,level,100,32,32,500,1,ACTIVE,functional,0,16,1,1,UVM_LOW,0,1,0.0124,-O2 -sv,+UVM_TESTNAME=auto -cm line+tgl,r1p0,9,48,10.0,irq_storm_test,irq_storm_seq,APB4+UART
RUN-001754,uart_loopback_test-001754,Uart_Loopback,APB3,priority,8,3,4,even,230400,32,1,level,25,8,16,100,2,ACTIVE,regression,0,8,1,1,UVM_LOW,0,1,0.0053,-O0 -sv -debug,+UVM_TESTNAME=auto -cm line+tgl,r1p2,6,384,40.0,uart_loopback_test,uart_loopback_seq,APB3+UART
RUN-001755,irq_storm_test-001755,Irq_Storm,APB3,round_robin,4,1,1,even,1500000,16,0,level,50,16,16,100,1,ACTIVE,stress,1,8,1,0,UVM_HIGH,1,0,0.0,-O2 -sv -assert svaext,+UVM_TESTNAME=auto,r1p2,0,192,20.0,irq_storm_test,irq_storm_seq,APB3+UART
RUN-001756,irq_storm_test-001756,Irq_Storm,APB3,static,2,6,0,even,460800,64,0,edge,25,32,16,100,1,PASSIVE,stress,0,4,1,1,UVM_MEDIUM,0,0,0.0,-O2 -sv,+UVM_TESTNAME=auto,r1p2,1,768,40.0,irq_storm_test,irq_storm_seq,APB3+UART
RUN-001757,backpressure_test-001757,Backpressure,APB4,round_robin,4,1,1,even,1500000,16,1,level,50,32,16,50,1,ACTIVE,functional,0,8,0,1,UVM_HIGH,1,0,0.0,-O2 -sv,+UVM_TESTNAME=auto -cm line+tgl,r1p0,11,192,20.0,backpressure_test,backpressure_seq,APB4+UART
RUN-001758,parity_stress_test-001758,Parity_Stress,APB3,priority,4,3,0,none,115200,16,1,edge,100,8,32,100,2,PASSIVE,functional,0,8,0,1,UVM_HIGH,0,0,0.0,-O2 -sv,+UVM_TESTNAME=auto,r1p0,2,192,10.0,parity_stress_test,parity_stress_seq,APB3+UART
RUN-001759,uart_loopback_test-001759,Uart_Loopback,APB3,round_robin,8,3,1,none,1500000,16,0,level,200,8,32,500,1,ACTIVE,stress,0,8,1,1,UVM_MEDIUM,1,0,0.0,-O2 -sv -assert svaext,+UVM_TESTNAME=auto,r1p0,2,192,5.0,uart_loopback_test,uart_loopback_seq,APB3+UART
RUN-001760,uart_loopback_test-001760,Uart_Loopback,APB3,priority,2,3,2,none,921600,8,0,edge,100,32,16,50,3,ACTIVE,regression,0,8,0,1,UVM_LOW,0,0,0.0,-O2 -sv,+UVM_TESTNAME=auto,r2p0,8,96,10.0,uart_loopback_test,uart_loopback_seq,APB3+UART
RUN-001761,dma_burst_test-001761,Dma_Burst,APB3,static,4,5,0,odd,115200,16,1,level,100,32,16,500,1,ACTIVE,stress,1,4,0,1,UVM_LOW,1,0,0.0,-O2 -sv,+UVM_TESTNAME=auto,r2p0,3,192,10.0,dma_burst_test,dma_burst_seq,APB3+UART
RUN-001762,irq_storm_test-001762,Irq_Storm,APB4,round_robin,16,2,0,odd,921600,16,0,level,100,16,16,100,2,ACTIVE,functional,0,16,0,1,UVM_LOW,0,0,0.0,-O2 -sv -assert svaext,+UVM_TESTNAME=auto,r1p0,6,192,10.0,irq_storm_test,irq_storm_seq,APB4+UART
RUN-001763,reg_sweep_test-001763,Reg_Sweep,APB3,static,8,1,4,none,921600,64,1,level,25,32,32,100,2,PASSIVE,stress,0,8,1,1,UVM_MEDIUM,0,1,0.036,-O2 -sv,+UVM_TESTNAME=auto -cm line+tgl,r1p2,11,768,40.0,reg_sweep_test,reg_sweep_seq,APB3+UART
RUN-001764,irq_storm_test-001764,Irq_Storm,APB4,static,4,7,2,none,115200,8,0,level,100,16,32,500,2,ACTIVE,functional,0,16,1,1,UVM_LOW,0,0,0.0,-O2 -sv -assert svaext,+UVM_TESTNAME=auto,r2p0,6,96,10.0,irq_storm_test,irq_storm_seq,APB4+UART
RUN-001765,uart_loopback_test-001765,Uart_Loopback,APB3,round_robin,4,2,2,none,115200,4,1,edge,25,32,32,100,2,ACTIVE,stress,0,8,0,1,UVM_HIGH,0,1,0.0198,-O2 -sv,+UVM_TESTNAME=auto -cm line+tgl,r1p0,3,48,40.0,uart_loopback_test,uart_loopback_seq,APB3+UART
RUN-001766,reg_sweep_test-001766,Reg_Sweep,APB3,static,4,4,1,none,460800,32,1,level,100,32,16,50,2,PASSIVE,functional,0,8,1,1,UVM_MEDIUM,0,0,0.0,-O2 -sv -assert svaext,+UVM_TESTNAME=auto,r1p2,8,384,10.0,reg_sweep_test,reg_sweep_seq,APB3+UART
RUN-001767,irq_storm_test-001767,Irq_Storm,APB3,static,4,3,0,odd,230400,8,0,level,200,16,32,50,3,ACTIVE,stress,0,8,0,1,UVM_MEDIUM,0,1,0.0043,-O2 -sv,+UVM_TESTNAME=auto,r1p2,3,96,5.0,irq_storm_test,irq_storm_seq,APB3+UART
RUN-001768,reset_recovery_test-001768,Reset_Recovery,APB3,static,2,6,0,even,230400,32,1,level,50,8,32,50,2,ACTIVE,stress,0,8,1,1,UVM_MEDIUM,0,0,0.0,-O2 -sv,+UVM_TESTNAME=auto,r2p0,9,384,20.0,reset_recovery_test,reset_recovery_seq,APB3+UART
RUN-001769,irq_storm_test-001769,Irq_Storm,APB4,round_robin,8,5,2,odd,1500000,4,0,edge,50,16,16,100,2,ACTIVE,stress,0,4,1,1,UVM_LOW,0,1,0.0106,-O2 -sv -assert svaext,+UVM_TESTNAME=auto,r1p2,2,48,20.0,irq_storm_test,irq_storm_seq,APB4+UART
RUN-001770,parity_stress_test-001770,Parity_Stress,APB4,round_robin,8,4,2,even,115200,32,1,level,50,8,32,50,1,ACTIVE,functional,0,4,1,1,UVM_LOW,1,1,0.0357,-O2 -sv,+UVM_TESTNAME=auto -cm line+tgl,r2p0,1,384,20.0,parity_stress_test,parity_stress_seq,APB4+UART
RUN-001771,irq_storm_test-001771,Irq_Storm,APB3,priority,4,6,1,odd,1500000,4,1,edge,100,16,32,50,2,ACTIVE,stress,0,16,1,1,UVM_MEDIUM,0,0,0.0,-O0 -sv -debug,+UVM_TESTNAME=auto,r1p0,8,48,10.0,irq_storm_test,irq_storm_seq,APB3+UART
RUN-001772,backpressure_test-001772,Backpressure,APB4,static,8,1,2,none,230400,16,1,edge,100,32,16,100,2,ACTIVE,regression,0,8,1,1,UVM_MEDIUM,0,1,0.0359,-O2 -sv,+UVM_TESTNAME=auto,r2p0,3,192,10.0,backpressure_test,backpressure_seq,APB4+UART
RUN-001773,reg_sweep_test-001773,Reg_Sweep,APB3,priority,8,5,1,none,460800,32,1,level,50,16,32,500,2,ACTIVE,regression,0,8,0,1,UVM_HIGH,0,0,0.0,-O0 -sv -debug,+UVM_TESTNAME=auto,r1p2,0,384,20.0,reg_sweep_test,reg_sweep_seq,APB3+UART
RUN-001774,uart_loopback_test-001774,Uart_Loopback,APB4,round_robin,16,1,0,odd,230400,16,1,level,50,32,32,100,1,ACTIVE,functional,0,4,1,0,UVM_LOW,0,1,0.0319,-O2 -sv -assert svaext,+UVM_TESTNAME=auto,r2p0,0,192,20.0,uart_loopback_test,uart_loopback_seq,APB4+UART
RUN-001775,parity_stress_test-001775,Parity_Stress,APB3,priority,8,6,1,none,115200,16,1,edge,200,32,16,50,1,ACTIVE,functional,0,4,1,1,UVM_LOW,0,1,0.033,-O2 -sv,+UVM_TESTNAME=auto -cm line+tgl,r1p2,1,192,5.0,parity_stress_test,parity_stress_seq,APB3+UART
RUN-001776,dma_burst_test-001776,Dma_Burst,APB4,static,8,7,0,odd,460800,4,1,edge,50,32,16,100,3,ACTIVE,stress,0,4,1,1,UVM_LOW,0,1,0.026,-O2 -sv -assert svaext,+UVM_TESTNAME=auto -cm line+tgl,r1p2,10,48,20.0,dma_burst_test,dma_burst_seq,APB4+UART
RUN-001777,dma_burst_test-001777,Dma_Burst,APB4,static,4,5,1,none,230400,64,1,level,200,32,16,500,1,ACTIVE,functional,0,8,1,1,UVM_LOW,0,1,0.0114,-O2 -sv,+UVM_TESTNAME=auto,r1p0,9,768,5.0,dma_burst_test,dma_burst_seq,APB4+UART
RUN-001778,reg_sweep_test-001778,Reg_Sweep,APB4,priority,2,7,0,odd,115200,16,1,edge,100,8,32,100,2,ACTIVE,functional,0,4,0,1,UVM_MEDIUM,0,0,0.0,-O2 -sv -assert svaext,+UVM_TESTNAME=auto,r2p0,9,192,10.0,reg_sweep_test,reg_sweep_seq,APB4+UART
RUN-001779,parity_stress_test-001779,Parity_Stress,APB4,priority,8,4,2,none,460800,16,1,edge,50,32,32,50,1,ACTIVE,stress,0,8,1,1,UVM_MEDIUM,1,1,0.036,-O0 -sv -debug,+UVM_TESTNAME=auto,r1p2,3,192,20.0,parity_stress_test,parity_stress_seq,APB4+UART
RUN-001780,reg_sweep_test-001780,Reg_Sweep,APB3,round_robin,8,4,1,odd,230400,32,1,edge,50,16,32,500,1,ACTIVE,functional,0,16,1,1,UVM_LOW,0,0,0.0,-O2 -sv,+UVM_TESTNAME=auto,r2p0,9,384,20.0,reg_sweep_test,reg_sweep_seq,APB3+UART
RUN-001781,uart_loopback_test-001781,Uart_Loopback,APB4,round_robin,8,1,4,none,460800,8,1,level,50,8,32,50,3,ACTIVE,regression,0,16,1,1,UVM_LOW,0,0,0.0,-O2 -sv,+UVM_TESTNAME=auto,r1p0,9,96,20.0,uart_loopback_test,uart_loopback_seq,APB4+UART
RUN-001782,uart_loopback_test-001782,Uart_Loopback,APB3,static,2,7,2,none,230400,16,0,level,100,32,32,500,2,ACTIVE,functional,0,8,1,1,UVM_LOW,1,1,0.0276,-O2 -sv -assert svaext,+UVM_TESTNAME=auto,r1p0,4,192,10.0,uart_loopback_test,uart_loopback_seq,APB3+UART
RUN-001783,reg_sweep_test-001783,Reg_Sweep,APB4,round_robin,4,3,0,even,230400,64,1,edge,100,16,32,250,3,ACTIVE,stress,0,16,1,1,UVM_HIGH,0,0,0.0,-O2 -sv -assert svaext,+UVM_TESTNAME=auto,r1p2,1,768,10.0,reg_sweep_test,reg_sweep_seq,APB4+UART
RUN-001784,reg_sweep_test-001784,Reg_Sweep,APB4,round_robin,8,5,0,even,230400,16,0,edge,100,8,32,100,3,ACTIVE,regression,0,4,1,1,UVM_LOW,0,0,0.0,-O0 -sv -debug,+UVM_TESTNAME=auto -cm line+tgl,r1p2,3,192,10.0,reg_sweep_test,reg_sweep_seq,APB4+UART
RUN-001785,irq_storm_test-001785,Irq_Storm,APB3,static,16,5,1,none,115200,16,1,level,25,16,32,100,2,ACTIVE,functional,0,16,1,0,UVM_HIGH,0,0,0.0,-O0 -sv -debug,+UVM_TESTNAME=auto,r1p2,3,192,40.0,irq_storm_test,irq_storm_seq,APB3+UART
RUN-001786,reset_recovery_test-001786,Reset_Recovery,APB3,priority,2,4,2,none,460800,32,0,edge,200,32,32,100,2,ACTIVE,functional,0,8,0,1,UVM_HIGH,0,1,0.0213,-O2 -sv -assert svaext,+UVM_TESTNAME=auto,r1p0,0,384,5.0,reset_recovery_test,reset_recovery_seq,APB3+UART
RUN-001787,uart_loopback_test-001787,Uart_Loopback,APB3,static,4,0,0,odd,1500000,32,0,level,200,8,32,500,3,ACTIVE,stress,1,16,1,1,UVM_LOW,0,1,0.0195,-O2 -sv,+UVM_TESTNAME=auto -cm line+tgl,r1p2,1,384,5.0,uart_loopback_test,uart_loopback_seq,APB3+UART
RUN-001788,irq_storm_test-001788,Irq_Storm,APB4,static,2,7,2,even,921600,16,1,level,25,32,16,500,2,ACTIVE,stress,0,16,1,1,UVM_MEDIUM,0,1,0.0258,-O2 -sv,+UVM_TESTNAME=auto,r2p0,10,192,40.0,irq_storm_test,irq_storm_seq,APB4+UART
RUN-001789,irq_storm_test-001789,Irq_Storm,APB3,round_robin,4,3,0,odd,921600,16,1,edge,100,16,32,50,1,PASSIVE,regression,0,4,1,1,UVM_LOW,0,0,0.0,-O2 -sv -assert svaext,+UVM_TESTNAME=auto,r1p2,7,192,10.0,irq_storm_test,irq_storm_seq,APB3+UART
RUN-001790,reset_recovery_test-001790,Reset_Recovery,APB4,priority,4,7,2,odd,1500000,32,0,level,200,32,32,50,1,ACTIVE,stress,0,8,0,1,UVM_MEDIUM,1,1,0.0102,-O0 -sv -debug,+UVM_TESTNAME=auto,r1p2,9,384,5.0,reset_recovery_test,reset_recovery_seq,APB4+UART
RUN-001791,irq_storm_test-001791,Irq_Storm,APB4,priority,4,2,4,none,460800,4,0,edge,200,8,32,50,1,ACTIVE,stress,0,16,1,1,UVM_MEDIUM,1,1,0.0197,-O2 -sv,+UVM_TESTNAME=auto -cm line+tgl,r1p0,0,48,5.0,irq_storm_test,irq_storm_seq,APB4+UART
RUN-001792,reg_sweep_test-001792,Reg_Sweep,APB3,priority,8,2,1,none,115200,4,0,edge,100,32,16,50,2,ACTIVE,regression,0,8,1,1,UVM_MEDIUM,1,1,0.028,-O2 -sv,+UVM_TESTNAME=auto,r2p0,5,48,10.0,reg_sweep_test,reg_sweep_seq,APB3+UART
RUN-001793,dma_burst_test-001793,Dma_Burst,APB4,priority,4,0,1,none,921600,32,1,level,50,32,32,500,3,ACTIVE,functional,0,8,1,1,UVM_MEDIUM,0,0,0.0,-O2 -sv,+UVM_TESTNAME=auto -cm line+tgl,r2p0,2,384,20.0,dma_burst_test,dma_burst_seq,APB4+UART
RUN-001794,dma_burst_test-001794,Dma_Burst,APB4,priority,2,4,0,even,230400,8,1,level,200,16,16,50,3,PASSIVE,regression,0,8,0,1,UVM_LOW,0,0,0.0,-O2 -sv,+UVM_TESTNAME=auto,r1p0,0,96,5.0,dma_burst_test,dma_burst_seq,APB4+UART
RUN-001795,uart_loopback_test-001795,Uart_Loopback,APB4,priority,8,3,1,odd,921600,8,1,level,25,32,16,100,2,ACTIVE,functional,0,16,1,1,UVM_LOW,0,0,0.0,-O2 -sv -assert svaext,+UVM_TESTNAME=auto,r2p0,10,96,40.0,uart_loopback_test,uart_loopback_seq,APB4+UART
RUN-001796,irq_storm_test-001796,Irq_Storm,APB4,priority,2,7,1,odd,921600,16,0,edge,200,8,32,50,2,ACTIVE,regression,0,8,1,0,UVM_LOW,0,1,0.0247,-O2 -sv,+UVM_TESTNAME=auto,r1p2,9,192,5.0,irq_storm_test,irq_storm_seq,APB4+UART
RUN-001797,dma_burst_test-001797,Dma_Burst,APB3,static,2,1,0,odd,115200,16,1,level,200,16,16,100,2,ACTIVE,functional,0,16,1,1,UVM_MEDIUM,0,0,0.0,-O2 -sv,+UVM_TESTNAME=auto -cm line+tgl,r1p2,8,192,5.0,dma_burst_test,dma_burst_seq,APB3+UART
RUN-001798,irq_storm_test-001798,Irq_Storm,APB4,priority,4,4,4,odd,230400,16,0,level,25,32,32,500,3,ACTIVE,regression,1,4,1,1,UVM_LOW,0,1,0.0076,-O2 -sv -assert svaext,+UVM_TESTNAME=auto,r1p2,3,192,40.0,irq_storm_test,irq_storm_seq,APB4+UART
RUN-001799,reg_sweep_test-001799,Reg_Sweep,APB3,priority,4,3,0,none,230400,16,1,level,100,32,32,250,2,ACTIVE,functional,0,8,1,1,UVM_LOW,0,0,0.0,-O2 -sv -assert svaext,+UVM_TESTNAME=auto,r1p2,7,192,10.0,reg_sweep_test,reg_sweep_seq,APB3+UART
RUN-001800,reset_recovery_test-001800,Reset_Recovery,APB3,priority,4,2,0,odd,921600,16,1,level,100,32,32,50,2,ACTIVE,functional,0,8,1,1,UVM_LOW,0,0,0.0,-O0 -sv -debug,+UVM_TESTNAME=auto,r2p0,0,192,10.0,reset_recovery_test,reset_recovery_seq,APB3+UART
RUN-001801,reset_recovery_test-001801,Reset_Recovery,APB3,static,4,1,1,none,1500000,32,1,edge,50,8,32,250,1,ACTIVE,regression,1,4,0,1,UVM_MEDIUM,0,1,0.0081,-O2 -sv,+UVM_TESTNAME=auto -cm line+tgl,r1p2,7,384,20.0,reset_recovery_test,reset_recovery_seq,APB3+UART
RUN-001802,irq_storm_test-001802,Irq_Storm,APB3,static,16,4,4,none,230400,32,0,edge,50,8,16,100,2,PASSIVE,stress,0,8,1,1,UVM_MEDIUM,1,1,0.0311,-O2 -sv,+UVM_TESTNAME=auto,r1p2,3,384,20.0,irq_storm_test,irq_storm_seq,APB3+UART
RUN-001803,parity_stress_test-001803,Parity_Stress,APB3,static,16,4,0,odd,115200,64,1,edge,50,8,32,500,1,ACTIVE,regression,0,8,0,0,UVM_LOW,0,0,0.0,-O2 -sv -assert svaext,+UVM_TESTNAME=auto,r1p2,2,768,20.0,parity_stress_test,parity_stress_seq,APB3+UART
RUN-001804,reg_sweep_test-001804,Reg_Sweep,APB4,round_robin,4,4,1,even,460800,8,0,edge,200,16,32,250,2,PASSIVE,stress,0,8,1,1,UVM_MEDIUM,0,0,0.0,-O2 -sv,+UVM_TESTNAME=auto,r1p2,2,96,5.0,reg_sweep_test,reg_sweep_seq,APB4+UART
RUN-001805,reg_sweep_test-001805,Reg_Sweep,APB4,round_robin,16,4,1,even,230400,8,1,level,100,32,32,100,2,ACTIVE,stress,0,4,0,1,UVM_MEDIUM,0,0,0.0,-O2 -sv -assert svaext,+UVM_TESTNAME=auto -cm line+tgl,r1p0,0,96,10.0,reg_sweep_test,reg_sweep_seq,APB4+UART
RUN-001806,dma_burst_test-001806,Dma_Burst,APB4,round_robin,2,7,2,none,460800,8,1,edge,100,16,16,50,1,ACTIVE,stress,1,8,1,1,UVM_MEDIUM,0,1,0.0192,-O0 -sv -debug,+UVM_TESTNAME=auto -cm line+tgl,r1p0,9,96,10.0,dma_burst_test,dma_burst_seq,APB4+UART
RUN-001807,dma_burst_test-001807,Dma_Burst,APB4,round_robin,2,6,0,odd,460800,8,0,edge,200,32,16,100,1,ACTIVE,regression,0,16,1,1,UVM_MEDIUM,0,0,0.0,-O2 -sv -assert svaext,+UVM_TESTNAME=auto -cm line+tgl,r1p2,4,96,5.0,dma_burst_test,dma_burst_seq,APB4+UART
RUN-001808,dma_burst_test-001808,Dma_Burst,APB4,static,16,5,2,none,921600,64,0,edge,100,8,32,100,1,ACTIVE,regression,0,8,0,1,UVM_LOW,0,0,0.0,-O0 -sv -debug,+UVM_TESTNAME=auto -cm line+tgl,r1p0,0,768,10.0,dma_burst_test,dma_burst_seq,APB4+UART
RUN-001809,uart_loopback_test-001809,Uart_Loopback,APB4,static,16,2,4,even,460800,32,0,edge,25,8,32,100,2,ACTIVE,functional,0,8,0,0,UVM_MEDIUM,0,1,0.0216,-O2 -sv,+UVM_TESTNAME=auto,r2p0,2,384,40.0,uart_loopback_test,uart_loopback_seq,APB4+UART
RUN-001810,dma_burst_test-001810,Dma_Burst,APB3,round_robin,16,2,2,none,921600,32,0,level,50,32,32,50,3,ACTIVE,stress,0,4,1,1,UVM_MEDIUM,0,1,0.0389,-O2 -sv,+UVM_TESTNAME=auto,r1p2,6,384,20.0,dma_burst_test,dma_burst_seq,APB3+UART
RUN-001811,reg_sweep_test-001811,Reg_Sweep,APB3,priority,4,7,1,none,921600,32,1,level,100,8,16,250,1,ACTIVE,regression,0,16,0,1,UVM_LOW,0,1,0.0126,-O2 -sv,+UVM_TESTNAME=auto,r2p0,8,384,10.0,reg_sweep_test,reg_sweep_seq,APB3+UART
RUN-001812,irq_storm_test-001812,Irq_Storm,APB3,round_robin,4,0,0,odd,1500000,16,1,edge,50,32,16,250,2,ACTIVE,functional,0,4,1,1,UVM_LOW,0,1,0.0101,-O2 -sv,+UVM_TESTNAME=auto,r1p2,10,192,20.0,irq_storm_test,irq_storm_seq,APB3+UART
RUN-001813,parity_stress_test-001813,Parity_Stress,APB3,round_robin,2,7,1,none,230400,8,0,level,100,16,16,250,2,ACTIVE,stress,0,4,1,0,UVM_LOW,0,0,0.0,-O2 -sv -assert svaext,+UVM_TESTNAME=auto -cm line+tgl,r1p2,5,96,10.0,parity_stress_test,parity_stress_seq,APB3+UART
RUN-001814,backpressure_test-001814,Backpressure,APB3,static,4,1,4,even,115200,4,0,edge,50,8,32,50,1,ACTIVE,stress,0,4,1,1,UVM_LOW,0,0,0.0,-O2 -sv,+UVM_TESTNAME=auto -cm line+tgl,r1p2,2,48,20.0,backpressure_test,backpressure_seq,APB3+UART
RUN-001815,dma_burst_test-001815,Dma_Burst,APB4,static,4,2,1,even,115200,32,0,level,50,32,32,50,1,ACTIVE,stress,0,8,0,1,UVM_LOW,0,0,0.0,-O2 -sv -assert svaext,+UVM_TESTNAME=auto -cm line+tgl,r1p2,6,384,20.0,dma_burst_test,dma_burst_seq,APB4+UART
RUN-001816,reg_sweep_test-001816,Reg_Sweep,APB3,round_robin,16,0,1,odd,921600,8,1,level,50,32,16,100,2,ACTIVE,functional,1,16,0,1,UVM_LOW,0,1,0.0134,-O0 -sv -debug,+UVM_TESTNAME=auto,r1p2,9,96,20.0,reg_sweep_test,reg_sweep_seq,APB3+UART
RUN-001817,uart_loopback_test-001817,Uart_Loopback,APB3,priority,4,4,4,odd,230400,16,0,level,200,16,16,50,2,ACTIVE,regression,0,8,1,1,UVM_LOW,1,1,0.0163,-O0 -sv -debug,+UVM_TESTNAME=auto -cm line+tgl,r1p2,10,192,5.0,uart_loopback_test,uart_loopback_seq,APB3+UART
RUN-001818,reg_sweep_test-001818,Reg_Sweep,APB4,priority,8,6,2,none,1500000,8,1,edge,200,8,16,50,2,ACTIVE,regression,0,4,0,1,UVM_MEDIUM,0,0,0.0,-O2 -sv,+UVM_TESTNAME=auto -cm line+tgl,r1p2,10,96,5.0,reg_sweep_test,reg_sweep_seq,APB4+UART
RUN-001819,dma_burst_test-001819,Dma_Burst,APB3,round_robin,4,6,0,none,230400,32,1,edge,50,32,16,50,1,PASSIVE,stress,0,8,0,0,UVM_MEDIUM,1,0,0.0,-O2 -sv,+UVM_TESTNAME=auto,r1p2,2,384,20.0,dma_burst_test,dma_burst_seq,APB3+UART
RUN-001820,uart_loopback_test-001820,Uart_Loopback,APB4,priority,2,4,0,odd,921600,64,1,edge,200,8,32,250,1,ACTIVE,functional,0,16,1,1,UVM_HIGH,0,0,0.0,-O2 -sv -assert svaext,+UVM_TESTNAME=auto -cm line+tgl,r1p2,2,768,5.0,uart_loopback_test,uart_loopback_seq,APB4+UART
RUN-001821,reset_recovery_test-001821,Reset_Recovery,APB3,round_robin,4,2,2,even,460800,64,1,level,100,32,32,100,2,PASSIVE,stress,0,8,0,1,UVM_LOW,0,0,0.0,-O2 -sv -assert svaext,+UVM_TESTNAME=auto,r1p0,7,768,10.0,reset_recovery_test,reset_recovery_seq,APB3+UART
RUN-001822,irq_storm_test-001822,Irq_Storm,APB4,priority,2,5,1,odd,460800,32,0,edge,100,32,16,250,2,ACTIVE,functional,0,8,0,0,UVM_MEDIUM,0,1,0.0342,-O2 -sv -assert svaext,+UVM_TESTNAME=auto,r1p2,10,384,10.0,irq_storm_test,irq_storm_seq,APB4+UART
RUN-001823,irq_storm_test-001823,Irq_Storm,APB3,round_robin,16,6,1,even,1500000,8,0,edge,100,16,32,100,1,ACTIVE,functional,0,8,1,1,UVM_LOW,0,0,0.0,-O2 -sv -assert svaext,+UVM_TESTNAME=auto -cm line+tgl,r1p0,9,96,10.0,irq_storm_test,irq_storm_seq,APB3+UART
RUN-001824,irq_storm_test-001824,Irq_Storm,APB4,priority,8,7,0,none,921600,64,1,edge,25,32,32,250,1,ACTIVE,stress,0,8,0,1,UVM_LOW,0,1,0.0164,-O2 -sv,+UVM_TESTNAME=auto,r1p0,10,768,40.0,irq_storm_test,irq_storm_seq,APB4+UART
RUN-001825,reg_sweep_test-001825,Reg_Sweep,APB4,round_robin,2,1,2,none,921600,32,1,level,25,16,32,100,2,ACTIVE,regression,0,4,1,1,UVM_LOW,0,0,0.0,-O2 -sv,+UVM_TESTNAME=auto -cm line+tgl,r2p0,0,384,40.0,reg_sweep_test,reg_sweep_seq,APB4+UART
RUN-001826,reg_sweep_test-001826,Reg_Sweep,APB4,round_robin,16,7,1,odd,921600,8,1,level,50,32,32,250,1,ACTIVE,functional,0,4,1,1,UVM_MEDIUM,1,1,0.017,-O2 -sv,+UVM_TESTNAME=auto -cm line+tgl,r1p0,0,96,20.0,reg_sweep_test,reg_sweep_seq,APB4+UART
RUN-001827,dma_burst_test-001827,Dma_Burst,APB3,static,2,6,1,even,921600,32,1,level,100,8,16,50,1,ACTIVE,functional,0,4,0,1,UVM_MEDIUM,0,0,0.0,-O2 -sv -assert svaext,+UVM_TESTNAME=auto,r1p2,11,384,10.0,dma_burst_test,dma_burst_seq,APB3+UART
RUN-001828,parity_stress_test-001828,Parity_Stress,APB4,static,8,7,2,odd,230400,16,0,level,25,32,32,500,3,ACTIVE,regression,1,4,0,1,UVM_LOW,1,0,0.0,-O2 -sv,+UVM_TESTNAME=auto,r2p0,5,192,40.0,parity_stress_test,parity_stress_seq,APB4+UART
RUN-001829,reg_sweep_test-001829,Reg_Sweep,APB4,priority,2,5,0,even,1500000,32,1,edge,200,8,16,100,1,ACTIVE,stress,0,4,0,1,UVM_HIGH,0,0,0.0,-O2 -sv -assert svaext,+UVM_TESTNAME=auto,r1p2,4,384,5.0,reg_sweep_test,reg_sweep_seq,APB4+UART
RUN-001830,uart_loopback_test-001830,Uart_Loopback,APB4,priority,2,3,0,none,921600,4,1,level,25,16,32,500,1,PASSIVE,regression,0,16,1,1,UVM_LOW,1,0,0.0,-O2 -sv -assert svaext,+UVM_TESTNAME=auto -cm line+tgl,r1p2,6,48,40.0,uart_loopback_test,uart_loopback_seq,APB4+UART
RUN-001831,backpressure_test-001831,Backpressure,APB4,round_robin,4,1,2,odd,460800,32,0,edge,200,32,32,250,1,ACTIVE,stress,0,4,1,1,UVM_MEDIUM,0,0,0.0,-O2 -sv -assert svaext,+UVM_TESTNAME=auto,r2p0,1,384,5.0,backpressure_test,backpressure_seq,APB4+UART
RUN-001832,parity_stress_test-001832,Parity_Stress,APB3,round_robin,16,6,0,even,115200,32,1,level,200,16,32,50,1,ACTIVE,stress,1,8,1,1,UVM_HIGH,0,0,0.0,-O0 -sv -debug,+UVM_TESTNAME=auto -cm line+tgl,r1p2,4,384,5.0,parity_stress_test,parity_stress_seq,APB3+UART
RUN-001833,backpressure_test-001833,Backpressure,APB3,priority,2,6,0,even,460800,4,0,level,50,32,32,500,2,ACTIVE,functional,1,16,1,1,UVM_LOW,0,1,0.0291,-O2 -sv,+UVM_TESTNAME=auto,r1p2,10,48,20.0,backpressure_test,backpressure_seq,APB3+UART
RUN-001834,reset_recovery_test-001834,Reset_Recovery,APB3,round_robin,4,0,0,odd,230400,4,0,level,200,16,32,250,1,ACTIVE,functional,0,4,0,1,UVM_LOW,0,0,0.0,-O0 -sv -debug,+UVM_TESTNAME=auto -cm line+tgl,r2p0,6,48,5.0,reset_recovery_test,reset_recovery_seq,APB3+UART
RUN-001835,reset_recovery_test-001835,Reset_Recovery,APB4,round_robin,4,2,0,none,115200,32,0,level,100,8,16,250,3,ACTIVE,regression,0,16,1,1,UVM_MEDIUM,0,0,0.0,-O2 -sv,+UVM_TESTNAME=auto,r1p2,9,384,10.0,reset_recovery_test,reset_recovery_seq,APB4+UART
RUN-001836,reset_recovery_test-001836,Reset_Recovery,APB3,static,8,1,0,even,460800,4,0,level,100,32,32,100,2,ACTIVE,functional,0,8,1,1,UVM_HIGH,0,0,0.0,-O2 -sv -assert svaext,+UVM_TESTNAME=auto,r2p0,4,48,10.0,reset_recovery_test,reset_recovery_seq,APB3+UART
RUN-001837,irq_storm_test-001837,Irq_Storm,APB4,priority,16,4,1,odd,115200,16,1,edge,50,32,32,100,3,ACTIVE,stress,0,8,0,1,UVM_MEDIUM,0,0,0.0,-O2 -sv,+UVM_TESTNAME=auto,r1p0,2,192,20.0,irq_storm_test,irq_storm_seq,APB4+UART
RUN-001838,dma_burst_test-001838,Dma_Burst,APB4,static,2,0,2,even,460800,16,0,level,50,32,16,50,1,ACTIVE,stress,0,16,1,1,UVM_HIGH,0,0,0.0,-O2 -sv,+UVM_TESTNAME=auto,r2p0,3,192,20.0,dma_burst_test,dma_burst_seq,APB4+UART
RUN-001839,dma_burst_test-001839,Dma_Burst,APB3,round_robin,2,4,0,none,921600,8,0,edge,25,8,32,500,3,ACTIVE,functional,0,16,1,1,UVM_LOW,0,1,0.0201,-O2 -sv,+UVM_TESTNAME=auto,r1p2,11,96,40.0,dma_burst_test,dma_burst_seq,APB3+UART
RUN-001840,irq_storm_test-001840,Irq_Storm,APB3,round_robin,2,4,1,odd,230400,32,0,edge,50,32,32,500,2,ACTIVE,stress,0,4,1,1,UVM_LOW,0,0,0.0,-O2 -sv,+UVM_TESTNAME=auto,r2p0,7,384,20.0,irq_storm_test,irq_storm_seq,APB3+UART
RUN-001841,irq_storm_test-001841,Irq_Storm,APB3,priority,4,4,2,even,1500000,4,1,edge,200,16,32,100,1,ACTIVE,functional,0,16,1,1,UVM_MEDIUM,0,0,0.0,-O2 -sv,+UVM_TESTNAME=auto -cm line+tgl,r1p2,0,48,5.0,irq_storm_test,irq_storm_seq,APB3+UART
RUN-001842,reg_sweep_test-001842,Reg_Sweep,APB3,round_robin,8,3,1,none,1500000,8,1,level,200,16,32,100,2,ACTIVE,functional,1,4,0,1,UVM_MEDIUM,1,0,0.0,-O2 -sv -assert svaext,+UVM_TESTNAME=auto,r2p0,11,96,5.0,reg_sweep_test,reg_sweep_seq,APB3+UART
RUN-001843,backpressure_test-001843,Backpressure,APB4,static,2,4,1,even,115200,64,1,level,100,8,32,250,2,ACTIVE,stress,0,16,1,1,UVM_LOW,0,0,0.0,-O0 -sv -debug,+UVM_TESTNAME=auto,r1p2,5,768,10.0,backpressure_test,backpressure_seq,APB4+UART
RUN-001844,dma_burst_test-001844,Dma_Burst,APB3,static,4,3,2,none,460800,4,1,level,50,32,32,500,2,ACTIVE,functional,0,4,0,1,UVM_MEDIUM,0,1,0.0087,-O2 -sv,+UVM_TESTNAME=auto,r1p2,3,48,20.0,dma_burst_test,dma_burst_seq,APB3+UART
RUN-001845,reg_sweep_test-001845,Reg_Sweep,APB3,round_robin,2,0,2,even,921600,8,1,edge,25,8,16,50,1,ACTIVE,functional,0,8,0,1,UVM_LOW,0,0,0.0,-O2 -sv,+UVM_TESTNAME=auto,r2p0,2,96,40.0,reg_sweep_test,reg_sweep_seq,APB3+UART
RUN-001846,irq_storm_test-001846,Irq_Storm,APB3,static,2,3,2,none,230400,8,0,edge,200,32,16,50,3,PASSIVE,stress,0,8,0,1,UVM_MEDIUM,0,0,0.0,-O2 -sv,+UVM_TESTNAME=auto -cm line+tgl,r2p0,10,96,5.0,irq_storm_test,irq_storm_seq,APB3+UART
RUN-001847,uart_loopback_test-001847,Uart_Loopback,APB4,round_robin,8,4,4,none,115200,64,0,edge,200,16,32,500,1,ACTIVE,regression,1,16,1,1,UVM_LOW,0,1,0.0123,-O0 -sv -debug,+UVM_TESTNAME=auto,r2p0,8,768,5.0,uart_loopback_test,uart_loopback_seq,APB4+UART
RUN-001848,reg_sweep_test-001848,Reg_Sweep,APB3,priority,2,3,1,even,230400,32,1,level,50,32,32,250,1,ACTIVE,functional,0,8,1,1,UVM_MEDIUM,0,0,0.0,-O2 -sv -assert svaext,+UVM_TESTNAME=auto -cm line+tgl,r1p2,0,384,20.0,reg_sweep_test,reg_sweep_seq,APB3+UART
RUN-001849,backpressure_test-001849,Backpressure,APB4,round_robin,16,3,1,none,921600,8,0,edge,200,16,32,50,1,ACTIVE,stress,0,16,1,1,UVM_HIGH,1,1,0.0116,-O2 -sv -assert svaext,+UVM_TESTNAME=auto -cm line+tgl,r1p0,3,96,5.0,backpressure_test,backpressure_seq,APB4+UART
RUN-001850,uart_loopback_test-001850,Uart_Loopback,APB4,static,8,1,0,none,115200,16,1,level,50,32,32,250,2,ACTIVE,stress,0,8,1,1,UVM_LOW,0,0,0.0,-O2 -sv,+UVM_TESTNAME=auto,r1p2,6,192,20.0,uart_loopback_test,uart_loopback_seq,APB4+UART
RUN-001851,irq_storm_test-001851,Irq_Storm,APB3,static,8,2,0,even,921600,64,0,edge,100,32,16,250,3,PASSIVE,stress,0,16,1,1,UVM_LOW,0,0,0.0,-O2 -sv,+UVM_TESTNAME=auto,r2p0,9,768,10.0,irq_storm_test,irq_storm_seq,APB3+UART
RUN-001852,parity_stress_test-001852,Parity_Stress,APB3,round_robin,16,2,2,none,460800,32,1,edge,25,32,16,100,1,ACTIVE,regression,0,16,0,1,UVM_LOW,0,1,0.0221,-O0 -sv -debug,+UVM_TESTNAME=auto,r2p0,6,384,40.0,parity_stress_test,parity_stress_seq,APB3+UART
RUN-001853,reg_sweep_test-001853,Reg_Sweep,APB4,static,8,2,0,even,460800,16,0,edge,100,32,32,250,1,PASSIVE,functional,1,8,1,1,UVM_LOW,0,1,0.0237,-O2 -sv,+UVM_TESTNAME=auto,r1p0,0,192,10.0,reg_sweep_test,reg_sweep_seq,APB4+UART
RUN-001854,uart_loopback_test-001854,Uart_Loopback,APB4,static,16,4,4,none,230400,32,1,level,25,32,32,100,2,ACTIVE,functional,0,4,1,1,UVM_LOW,0,0,0.0,-O2 -sv,+UVM_TESTNAME=auto -cm line+tgl,r1p2,0,384,40.0,uart_loopback_test,uart_loopback_seq,APB4+UART
RUN-001855,uart_loopback_test-001855,Uart_Loopback,APB3,static,4,5,2,odd,460800,32,1,level,25,32,32,100,1,PASSIVE,regression,0,16,1,1,UVM_HIGH,0,0,0.0,-O2 -sv,+UVM_TESTNAME=auto,r1p0,4,384,40.0,uart_loopback_test,uart_loopback_seq,APB3+UART
RUN-001856,reg_sweep_test-001856,Reg_Sweep,APB4,priority,16,4,4,odd,230400,16,0,level,200,32,32,500,3,ACTIVE,functional,0,16,1,0,UVM_LOW,1,1,0.0053,-O2 -sv -assert svaext,+UVM_TESTNAME=auto,r1p2,1,192,5.0,reg_sweep_test,reg_sweep_seq,APB4+UART
RUN-001857,reg_sweep_test-001857,Reg_Sweep,APB4,priority,4,5,1,none,230400,8,1,edge,100,16,32,100,1,ACTIVE,stress,0,8,0,1,UVM_MEDIUM,0,1,0.0329,-O2 -sv,+UVM_TESTNAME=auto,r1p2,5,96,10.0,reg_sweep_test,reg_sweep_seq,APB4+UART
RUN-001858,backpressure_test-001858,Backpressure,APB4,round_robin,2,2,4,none,460800,8,1,edge,50,32,32,250,1,ACTIVE,stress,0,16,1,1,UVM_LOW,1,0,0.0,-O2 -sv -assert svaext,+UVM_TESTNAME=auto,r1p0,5,96,20.0,backpressure_test,backpressure_seq,APB4+UART
RUN-001859,irq_storm_test-001859,Irq_Storm,APB4,round_robin,2,1,0,odd,230400,8,1,edge,50,32,16,500,1,ACTIVE,regression,0,4,0,1,UVM_MEDIUM,0,0,0.0,-O2 -sv -assert svaext,+UVM_TESTNAME=auto -cm line+tgl,r2p0,2,96,20.0,irq_storm_test,irq_storm_seq,APB4+UART
RUN-001860,backpressure_test-001860,Backpressure,APB4,round_robin,8,5,4,even,921600,16,0,edge,200,32,32,100,2,ACTIVE,regression,0,4,1,1,UVM_HIGH,1,1,0.0227,-O2 -sv,+UVM_TESTNAME=auto,r1p0,8,192,5.0,backpressure_test,backpressure_seq,APB4+UART
RUN-001861,irq_storm_test-001861,Irq_Storm,APB3,priority,8,6,4,odd,921600,16,1,edge,50,32,16,50,1,PASSIVE,functional,0,8,0,1,UVM_MEDIUM,0,0,0.0,-O0 -sv -debug,+UVM_TESTNAME=auto -cm line+tgl,r1p0,5,192,20.0,irq_storm_test,irq_storm_seq,APB3+UART
RUN-001862,uart_loopback_test-001862,Uart_Loopback,APB4,round_robin,4,6,1,even,230400,32,0,edge,100,16,32,500,2,ACTIVE,functional,1,8,1,1,UVM_LOW,0,0,0.0,-O2 -sv -assert svaext,+UVM_TESTNAME=auto,r1p0,1,384,10.0,uart_loopback_test,uart_loopback_seq,APB4+UART
RUN-001863,uart_loopback_test-001863,Uart_Loopback,APB3,static,2,0,0,even,921600,4,0,level,200,32,32,250,2,ACTIVE,regression,0,16,1,1,UVM_LOW,0,1,0.0151,-O2 -sv -assert svaext,+UVM_TESTNAME=auto -cm line+tgl,r1p2,1,48,5.0,uart_loopback_test,uart_loopback_seq,APB3+UART
RUN-001864,reset_recovery_test-001864,Reset_Recovery,APB3,round_robin,8,1,0,even,921600,64,0,edge,25,32,32,50,1,ACTIVE,regression,0,16,1,1,UVM_LOW,0,0,0.0,-O2 -sv -assert svaext,+UVM_TESTNAME=auto,r1p2,8,768,40.0,reset_recovery_test,reset_recovery_seq,APB3+UART
RUN-001865,parity_stress_test-001865,Parity_Stress,APB4,round_robin,4,6,0,none,115200,8,1,level,100,32,16,250,3,ACTIVE,functional,0,16,1,1,UVM_HIGH,0,1,0.0099,-O2 -sv,+UVM_TESTNAME=auto,r2p0,11,96,10.0,parity_stress_test,parity_stress_seq,APB4+UART
RUN-001866,uart_loopback_test-001866,Uart_Loopback,APB4,round_robin,2,5,2,even,115200,4,1,level,50,32,32,500,2,PASSIVE,stress,0,16,0,1,UVM_LOW,0,0,0.0,-O0 -sv -debug,+UVM_TESTNAME=auto,r1p2,2,48,20.0,uart_loopback_test,uart_loopback_seq,APB4+UART
RUN-001867,reg_sweep_test-001867,Reg_Sweep,APB4,round_robin,2,6,1,odd,115200,8,0,level,100,32,16,250,1,ACTIVE,regression,0,8,1,0,UVM_LOW,1,0,0.0,-O2 -sv,+UVM_TESTNAME=auto -cm line+tgl,r1p2,6,96,10.0,reg_sweep_test,reg_sweep_seq,APB4+UART
RUN-001868,reg_sweep_test-001868,Reg_Sweep,APB4,round_robin,2,1,2,odd,115200,64,0,edge,25,32,16,50,2,ACTIVE,functional,0,8,1,1,UVM_MEDIUM,0,1,0.0092,-O2 -sv,+UVM_TESTNAME=auto,r1p2,10,768,40.0,reg_sweep_test,reg_sweep_seq,APB4+UART
RUN-001869,uart_loopback_test-001869,Uart_Loopback,APB3,round_robin,4,2,1,none,921600,8,1,edge,50,32,16,50,1,ACTIVE,stress,0,4,1,1,UVM_LOW,0,0,0.0,-O2 -sv -assert svaext,+UVM_TESTNAME=auto,r1p2,8,96,20.0,uart_loopback_test,uart_loopback_seq,APB3+UART
RUN-001870,reg_sweep_test-001870,Reg_Sweep,APB4,priority,8,5,1,odd,115200,16,1,edge,50,32,32,250,2,ACTIVE,functional,0,8,1,1,UVM_HIGH,0,1,0.0382,-O2 -sv,+UVM_TESTNAME=auto -cm line+tgl,r1p0,5,192,20.0,reg_sweep_test,reg_sweep_seq,APB4+UART
RUN-001871,parity_stress_test-001871,Parity_Stress,APB3,static,4,2,0,none,921600,16,1,edge,200,32,32,250,3,PASSIVE,stress,0,16,1,1,UVM_LOW,0,0,0.0,-O0 -sv -debug,+UVM_TESTNAME=auto,r1p0,1,192,5.0,parity_stress_test,parity_stress_seq,APB3+UART
RUN-001872,irq_storm_test-001872,Irq_Storm,APB3,round_robin,4,1,0,none,1500000,4,0,edge,50,32,16,250,2,ACTIVE,functional,0,16,1,1,UVM_MEDIUM,0,1,0.0128,-O0 -sv -debug,+UVM_TESTNAME=auto -cm line+tgl,r2p0,10,48,20.0,irq_storm_test,irq_storm_seq,APB3+UART
RUN-001873,reg_sweep_test-001873,Reg_Sweep,APB3,priority,2,0,1,none,115200,16,1,edge,100,8,16,100,3,ACTIVE,functional,1,16,1,1,UVM_LOW,0,1,0.0213,-O2 -sv -assert svaext,+UVM_TESTNAME=auto -cm line+tgl,r2p0,6,192,10.0,reg_sweep_test,reg_sweep_seq,APB3+UART
RUN-001874,irq_storm_test-001874,Irq_Storm,APB3,static,4,3,0,even,230400,4,0,level,50,32,32,100,2,PASSIVE,functional,0,4,1,1,UVM_MEDIUM,0,1,0.0386,-O2 -sv,+UVM_TESTNAME=auto -cm line+tgl,r2p0,6,48,20.0,irq_storm_test,irq_storm_seq,APB3+UART
RUN-001875,backpressure_test-001875,Backpressure,APB3,priority,16,7,2,even,115200,16,0,edge,25,32,32,50,2,ACTIVE,regression,1,8,1,1,UVM_MEDIUM,0,1,0.0226,-O2 -sv -assert svaext,+UVM_TESTNAME=auto,r1p0,6,192,40.0,backpressure_test,backpressure_seq,APB3+UART
RUN-001876,reg_sweep_test-001876,Reg_Sweep,APB4,round_robin,2,0,2,none,115200,4,1,level,50,32,16,500,2,ACTIVE,stress,0,8,1,1,UVM_LOW,0,0,0.0,-O2 -sv -assert svaext,+UVM_TESTNAME=auto -cm line+tgl,r1p2,7,48,20.0,reg_sweep_test,reg_sweep_seq,APB4+UART
RUN-001877,parity_stress_test-001877,Parity_Stress,APB4,priority,16,5,2,none,230400,32,0,level,25,8,16,50,1,ACTIVE,stress,0,8,1,1,UVM_LOW,0,0,0.0,-O2 -sv -assert svaext,+UVM_TESTNAME=auto -cm line+tgl,r1p2,7,384,40.0,parity_stress_test,parity_stress_seq,APB4+UART
RUN-001878,dma_burst_test-001878,Dma_Burst,APB4,round_robin,4,2,2,none,230400,64,1,edge,50,32,32,50,2,ACTIVE,functional,0,4,1,1,UVM_MEDIUM,1,1,0.0255,-O2 -sv,+UVM_TESTNAME=auto,r1p0,10,768,20.0,dma_burst_test,dma_burst_seq,APB4+UART
RUN-001879,dma_burst_test-001879,Dma_Burst,APB3,round_robin,4,3,1,even,921600,64,1,edge,100,16,16,100,2,ACTIVE,functional,0,16,1,1,UVM_LOW,0,0,0.0,-O2 -sv -assert svaext,+UVM_TESTNAME=auto -cm line+tgl,r2p0,10,768,10.0,dma_burst_test,dma_burst_seq,APB3+UART
RUN-001880,backpressure_test-001880,Backpressure,APB4,round_robin,8,6,0,none,115200,4,0,edge,200,8,32,50,1,ACTIVE,regression,0,8,1,0,UVM_LOW,0,1,0.039,-O2 -sv,+UVM_TESTNAME=auto,r2p0,3,48,5.0,backpressure_test,backpressure_seq,APB4+UART
RUN-001881,irq_storm_test-001881,Irq_Storm,APB3,round_robin,2,6,4,none,1500000,16,0,edge,100,32,32,250,2,PASSIVE,functional,0,16,1,1,UVM_MEDIUM,0,1,0.0074,-O2 -sv,+UVM_TESTNAME=auto -cm line+tgl,r1p2,6,192,10.0,irq_storm_test,irq_storm_seq,APB3+UART
RUN-001882,dma_burst_test-001882,Dma_Burst,APB4,round_robin,2,1,0,odd,230400,16,1,edge,100,32,16,100,3,ACTIVE,regression,0,8,1,1,UVM_LOW,0,0,0.0,-O2 -sv,+UVM_TESTNAME=auto,r1p2,6,192,10.0,dma_burst_test,dma_burst_seq,APB4+UART
RUN-001883,backpressure_test-001883,Backpressure,APB4,static,16,4,1,even,921600,64,1,level,100,32,32,250,3,ACTIVE,regression,0,4,1,1,UVM_HIGH,0,0,0.0,-O2 -sv,+UVM_TESTNAME=auto -cm line+tgl,r1p0,7,768,10.0,backpressure_test,backpressure_seq,APB4+UART
RUN-001884,irq_storm_test-001884,Irq_Storm,APB4,static,4,7,4,none,460800,64,0,level,200,8,16,100,2,ACTIVE,functional,1,16,1,1,UVM_MEDIUM,0,1,0.0016,-O2 -sv -assert svaext,+UVM_TESTNAME=auto -cm line+tgl,r1p0,6,768,5.0,irq_storm_test,irq_storm_seq,APB4+UART
RUN-001885,reset_recovery_test-001885,Reset_Recovery,APB3,priority,4,1,0,odd,460800,16,1,level,50,32,32,100,1,PASSIVE,stress,0,16,1,1,UVM_MEDIUM,0,0,0.0,-O2 -sv,+UVM_TESTNAME=auto,r1p0,0,192,20.0,reset_recovery_test,reset_recovery_seq,APB3+UART
RUN-001886,uart_loopback_test-001886,Uart_Loopback,APB3,static,16,7,4,none,460800,8,0,edge,100,32,32,500,3,ACTIVE,stress,0,8,0,1,UVM_MEDIUM,0,0,0.0,-O2 -sv -assert svaext,+UVM_TESTNAME=auto,r1p2,1,96,10.0,uart_loopback_test,uart_loopback_seq,APB3+UART
RUN-001887,parity_stress_test-001887,Parity_Stress,APB3,static,4,6,1,odd,115200,16,0,edge,50,16,32,100,2,ACTIVE,stress,0,16,0,1,UVM_LOW,0,1,0.0029,-O2 -sv,+UVM_TESTNAME=auto,r1p2,8,192,20.0,parity_stress_test,parity_stress_seq,APB3+UART
RUN-001888,irq_storm_test-001888,Irq_Storm,APB4,priority,8,3,0,none,921600,64,1,level,100,8,16,100,1,PASSIVE,stress,0,8,1,1,UVM_HIGH,1,0,0.0,-O2 -sv -assert svaext,+UVM_TESTNAME=auto,r2p0,3,768,10.0,irq_storm_test,irq_storm_seq,APB4+UART
RUN-001889,parity_stress_test-001889,Parity_Stress,APB3,static,8,5,0,odd,230400,64,1,edge,200,32,32,100,2,ACTIVE,functional,0,4,1,1,UVM_LOW,1,0,0.0,-O0 -sv -debug,+UVM_TESTNAME=auto -cm line+tgl,r2p0,4,768,5.0,parity_stress_test,parity_stress_seq,APB3+UART
RUN-001890,uart_loopback_test-001890,Uart_Loopback,APB4,priority,2,4,4,none,460800,32,1,edge,25,16,32,50,3,ACTIVE,functional,1,4,0,1,UVM_MEDIUM,0,1,0.0294,-O2 -sv,+UVM_TESTNAME=auto,r1p0,9,384,40.0,uart_loopback_test,uart_loopback_seq,APB4+UART
RUN-001891,reset_recovery_test-001891,Reset_Recovery,APB3,round_robin,16,5,0,none,115200,32,0,level,25,32,16,50,1,ACTIVE,functional,0,8,0,1,UVM_LOW,0,0,0.0,-O0 -sv -debug,+UVM_TESTNAME=auto,r1p2,6,384,40.0,reset_recovery_test,reset_recovery_seq,APB3+UART
RUN-001892,reset_recovery_test-001892,Reset_Recovery,APB4,round_robin,8,1,0,none,921600,16,1,level,50,16,32,100,3,ACTIVE,functional,0,4,1,1,UVM_MEDIUM,1,0,0.0,-O2 -sv -assert svaext,+UVM_TESTNAME=auto,r2p0,6,192,20.0,reset_recovery_test,reset_recovery_seq,APB4+UART
RUN-001893,reg_sweep_test-001893,Reg_Sweep,APB4,static,4,3,1,odd,921600,8,0,edge,25,16,32,50,2,ACTIVE,stress,0,4,1,1,UVM_LOW,1,0,0.0,-O2 -sv -assert svaext,+UVM_TESTNAME=auto -cm line+tgl,r1p2,11,96,40.0,reg_sweep_test,reg_sweep_seq,APB4+UART
RUN-001894,irq_storm_test-001894,Irq_Storm,APB4,priority,4,6,2,even,230400,8,1,edge,100,8,32,100,2,ACTIVE,functional,0,16,1,1,UVM_MEDIUM,0,0,0.0,-O2 -sv,+UVM_TESTNAME=auto,r1p2,0,96,10.0,irq_storm_test,irq_storm_seq,APB4+UART
RUN-001895,uart_loopback_test-001895,Uart_Loopback,APB3,round_robin,4,1,1,even,921600,32,1,edge,25,16,32,100,1,PASSIVE,regression,0,8,0,1,UVM_MEDIUM,0,1,0.0363,-O0 -sv -debug,+UVM_TESTNAME=auto,r1p0,0,384,40.0,uart_loopback_test,uart_loopback_seq,APB3+UART
RUN-001896,reg_sweep_test-001896,Reg_Sweep,APB4,priority,2,7,0,none,230400,4,0,level,100,32,32,500,1,ACTIVE,functional,0,4,0,1,UVM_LOW,0,1,0.01,-O2 -sv -assert svaext,+UVM_TESTNAME=auto,r1p2,9,48,10.0,reg_sweep_test,reg_sweep_seq,APB4+UART
RUN-001897,reg_sweep_test-001897,Reg_Sweep,APB4,static,8,5,1,even,921600,8,1,level,200,8,16,500,1,ACTIVE,functional,0,4,1,1,UVM_MEDIUM,0,0,0.0,-O2 -sv,+UVM_TESTNAME=auto,r1p0,9,96,5.0,reg_sweep_test,reg_sweep_seq,APB4+UART
RUN-001898,reg_sweep_test-001898,Reg_Sweep,APB3,priority,2,4,4,odd,921600,4,1,edge,50,8,16,50,1,ACTIVE,stress,0,4,1,1,UVM_LOW,0,0,0.0,-O2 -sv,+UVM_TESTNAME=auto -cm line+tgl,r1p0,10,48,20.0,reg_sweep_test,reg_sweep_seq,APB3+UART
RUN-001899,reset_recovery_test-001899,Reset_Recovery,APB3,round_robin,2,0,2,odd,921600,64,0,edge,200,8,32,100,2,ACTIVE,functional,1,16,0,1,UVM_MEDIUM,0,1,0.0264,-O2 -sv,+UVM_TESTNAME=auto,r1p2,8,768,5.0,reset_recovery_test,reset_recovery_seq,APB3+UART
RUN-001900,parity_stress_test-001900,Parity_Stress,APB3,priority,8,0,4,odd,460800,16,1,level,25,32,32,100,1,ACTIVE,regression,0,8,0,0,UVM_MEDIUM,0,0,0.0,-O2 -sv -assert svaext,+UVM_TESTNAME=auto -cm line+tgl,r1p0,2,192,40.0,parity_stress_test,parity_stress_seq,APB3+UART
RUN-001901,uart_loopback_test-001901,Uart_Loopback,APB4,priority,4,1,4,none,115200,32,1,edge,100,8,32,250,2,ACTIVE,regression,0,8,1,1,UVM_MEDIUM,1,1,0.0336,-O2 -sv -assert svaext,+UVM_TESTNAME=auto -cm line+tgl,r1p2,2,384,10.0,uart_loopback_test,uart_loopback_seq,APB4+UART
RUN-001902,reset_recovery_test-001902,Reset_Recovery,APB4,priority,4,6,2,none,921600,16,1,edge,25,32,32,100,2,ACTIVE,regression,0,4,1,0,UVM_LOW,0,0,0.0,-O0 -sv -debug,+UVM_TESTNAME=auto,r2p0,7,192,40.0,reset_recovery_test,reset_recovery_seq,APB4+UART
RUN-001903,reg_sweep_test-001903,Reg_Sweep,APB3,round_robin,16,5,0,odd,1500000,32,1,level,100,32,32,50,2,ACTIVE,regression,0,16,0,1,UVM_LOW,1,0,0.0,-O2 -sv,+UVM_TESTNAME=auto,r1p2,3,384,10.0,reg_sweep_test,reg_sweep_seq,APB3+UART
RUN-001904,backpressure_test-001904,Backpressure,APB4,round_robin,2,7,2,none,115200,32,1,edge,200,16,16,50,2,ACTIVE,functional,1,16,1,1,UVM_MEDIUM,0,1,0.0346,-O0 -sv -debug,+UVM_TESTNAME=auto,r2p0,10,384,5.0,backpressure_test,backpressure_seq,APB4+UART
RUN-001905,parity_stress_test-001905,Parity_Stress,APB3,priority,4,7,4,none,1500000,8,1,edge,100,16,32,250,1,ACTIVE,functional,0,8,1,1,UVM_MEDIUM,0,0,0.0,-O2 -sv -assert svaext,+UVM_TESTNAME=auto -cm line+tgl,r1p2,1,96,10.0,parity_stress_test,parity_stress_seq,APB3+UART
RUN-001906,parity_stress_test-001906,Parity_Stress,APB3,priority,8,5,1,odd,921600,32,1,level,100,32,32,500,3,ACTIVE,stress,0,4,1,1,UVM_MEDIUM,0,0,0.0,-O2 -sv -assert svaext,+UVM_TESTNAME=auto,r1p2,11,384,10.0,parity_stress_test,parity_stress_seq,APB3+UART
RUN-001907,parity_stress_test-001907,Parity_Stress,APB4,priority,16,2,4,even,921600,64,0,edge,100,32,16,250,2,ACTIVE,functional,0,4,1,1,UVM_MEDIUM,0,1,0.0119,-O2 -sv,+UVM_TESTNAME=auto -cm line+tgl,r1p0,0,768,10.0,parity_stress_test,parity_stress_seq,APB4+UART
RUN-001908,backpressure_test-001908,Backpressure,APB4,priority,4,7,1,odd,921600,16,0,level,200,32,32,500,3,ACTIVE,functional,0,4,1,1,UVM_LOW,0,0,0.0,-O2 -sv -assert svaext,+UVM_TESTNAME=auto,r1p0,9,192,5.0,backpressure_test,backpressure_seq,APB4+UART
RUN-001909,uart_loopback_test-001909,Uart_Loopback,APB3,static,2,3,0,even,460800,4,1,level,50,16,32,250,1,ACTIVE,functional,0,4,1,1,UVM_MEDIUM,0,0,0.0,-O2 -sv,+UVM_TESTNAME=auto,r1p0,2,48,20.0,uart_loopback_test,uart_loopback_seq,APB3+UART
RUN-001910,uart_loopback_test-001910,Uart_Loopback,APB3,round_robin,4,1,1,odd,115200,8,1,edge,100,32,32,500,1,ACTIVE,functional,0,16,1,1,UVM_LOW,1,1,0.0332,-O0 -sv -debug,+UVM_TESTNAME=auto,r1p0,5,96,10.0,uart_loopback_test,uart_loopback_seq,APB3+UART
RUN-001911,reg_sweep_test-001911,Reg_Sweep,APB4,priority,16,0,0,odd,921600,16,1,level,50,32,16,100,2,ACTIVE,stress,1,8,0,1,UVM_LOW,1,0,0.0,-O2 -sv -assert svaext,+UVM_TESTNAME=auto,r1p2,1,192,20.0,reg_sweep_test,reg_sweep_seq,APB4+UART
RUN-001912,reg_sweep_test-001912,Reg_Sweep,APB3,priority,8,6,4,even,230400,32,0,edge,100,16,32,500,1,ACTIVE,functional,0,16,0,1,UVM_MEDIUM,0,1,0.0138,-O0 -sv -debug,+UVM_TESTNAME=auto -cm line+tgl,r1p0,2,384,10.0,reg_sweep_test,reg_sweep_seq,APB3+UART
RUN-001913,reg_sweep_test-001913,Reg_Sweep,APB3,static,2,5,2,odd,1500000,64,1,level,25,32,32,500,2,ACTIVE,stress,1,4,0,1,UVM_LOW,0,1,0.0302,-O2 -sv,+UVM_TESTNAME=auto -cm line+tgl,r1p0,3,768,40.0,reg_sweep_test,reg_sweep_seq,APB3+UART
RUN-001914,backpressure_test-001914,Backpressure,APB4,static,16,2,0,none,115200,32,1,edge,100,32,16,100,1,ACTIVE,stress,1,16,0,1,UVM_MEDIUM,0,0,0.0,-O2 -sv -assert svaext,+UVM_TESTNAME=auto,r1p2,3,384,10.0,backpressure_test,backpressure_seq,APB4+UART
RUN-001915,reg_sweep_test-001915,Reg_Sweep,APB3,priority,8,3,1,none,230400,16,1,level,200,32,32,100,1,ACTIVE,stress,0,8,1,1,UVM_MEDIUM,0,0,0.0,-O2 -sv,+UVM_TESTNAME=auto,r1p2,9,192,5.0,reg_sweep_test,reg_sweep_seq,APB3+UART
RUN-001916,dma_burst_test-001916,Dma_Burst,APB3,static,2,3,0,odd,115200,16,1,edge,25,16,32,250,1,ACTIVE,stress,0,8,1,1,UVM_MEDIUM,0,0,0.0,-O2 -sv,+UVM_TESTNAME=auto,r1p2,9,192,40.0,dma_burst_test,dma_burst_seq,APB3+UART
RUN-001917,backpressure_test-001917,Backpressure,APB3,static,16,0,4,none,230400,4,1,edge,200,32,16,250,2,ACTIVE,functional,0,4,0,1,UVM_HIGH,1,1,0.0396,-O2 -sv,+UVM_TESTNAME=auto,r1p0,11,48,5.0,backpressure_test,backpressure_seq,APB3+UART
RUN-001918,backpressure_test-001918,Backpressure,APB4,round_robin,2,2,1,none,115200,64,1,edge,100,32,32,250,1,ACTIVE,functional,1,8,1,1,UVM_LOW,0,0,0.0,-O2 -sv -assert svaext,+UVM_TESTNAME=auto -cm line+tgl,r1p2,4,768,10.0,backpressure_test,backpressure_seq,APB4+UART
RUN-001919,dma_burst_test-001919,Dma_Burst,APB4,priority,4,0,2,none,230400,8,1,edge,100,16,32,250,1,ACTIVE,regression,0,4,1,1,UVM_MEDIUM,0,0,0.0,-O2 -sv -assert svaext,+UVM_TESTNAME=auto,r1p0,10,96,10.0,dma_burst_test,dma_burst_seq,APB4+UART
RUN-001920,reg_sweep_test-001920,Reg_Sweep,APB3,static,8,3,1,even,460800,32,0,edge,25,8,16,500,2,ACTIVE,stress,0,16,1,1,UVM_LOW,0,0,0.0,-O2 -sv,+UVM_TESTNAME=auto,r1p0,2,384,40.0,reg_sweep_test,reg_sweep_seq,APB3+UART
RUN-001921,reg_sweep_test-001921,Reg_Sweep,APB3,priority,4,3,1,even,230400,16,1,edge,50,16,32,500,1,ACTIVE,stress,1,8,1,1,UVM_HIGH,0,0,0.0,-O2 -sv,+UVM_TESTNAME=auto,r2p0,7,192,20.0,reg_sweep_test,reg_sweep_seq,APB3+UART
RUN-001922,irq_storm_test-001922,Irq_Storm,APB4,priority,8,4,4,even,115200,32,1,level,100,8,32,50,3,ACTIVE,regression,0,8,1,1,UVM_MEDIUM,1,0,0.0,-O0 -sv -debug,+UVM_TESTNAME=auto,r1p2,9,384,10.0,irq_storm_test,irq_storm_seq,APB4+UART
RUN-001923,dma_burst_test-001923,Dma_Burst,APB3,round_robin,8,3,2,none,230400,32,1,edge,200,32,16,250,3,ACTIVE,stress,0,8,1,1,UVM_LOW,1,0,0.0,-O2 -sv -assert svaext,+UVM_TESTNAME=auto -cm line+tgl,r1p0,10,384,5.0,dma_burst_test,dma_burst_seq,APB3+UART
RUN-001924,backpressure_test-001924,Backpressure,APB4,round_robin,4,7,1,even,115200,32,1,edge,50,32,16,50,2,ACTIVE,stress,0,4,0,1,UVM_MEDIUM,1,0,0.0,-O2 -sv -assert svaext,+UVM_TESTNAME=auto,r1p0,0,384,20.0,backpressure_test,backpressure_seq,APB4+UART
RUN-001925,reg_sweep_test-001925,Reg_Sweep,APB3,round_robin,4,1,1,none,1500000,32,1,level,200,32,32,100,1,ACTIVE,functional,0,4,1,1,UVM_MEDIUM,0,1,0.0181,-O2 -sv -assert svaext,+UVM_TESTNAME=auto,r1p2,11,384,5.0,reg_sweep_test,reg_sweep_seq,APB3+UART
RUN-001926,parity_stress_test-001926,Parity_Stress,APB3,priority,8,6,1,even,921600,4,1,edge,25,32,16,250,3,ACTIVE,regression,0,4,0,1,UVM_MEDIUM,0,0,0.0,-O2 -sv,+UVM_TESTNAME=auto -cm line+tgl,r1p2,4,48,40.0,parity_stress_test,parity_stress_seq,APB3+UART
RUN-001927,parity_stress_test-001927,Parity_Stress,APB4,round_robin,16,5,2,odd,115200,32,1,level,50,32,32,100,3,ACTIVE,functional,0,16,1,0,UVM_MEDIUM,0,1,0.0233,-O2 -sv -assert svaext,+UVM_TESTNAME=auto,r2p0,10,384,20.0,parity_stress_test,parity_stress_seq,APB4+UART
RUN-001928,dma_burst_test-001928,Dma_Burst,APB4,static,8,2,4,even,460800,4,0,level,100,32,32,500,3,PASSIVE,regression,1,16,0,1,UVM_LOW,0,1,0.0253,-O2 -sv -assert svaext,+UVM_TESTNAME=auto,r2p0,6,48,10.0,dma_burst_test,dma_burst_seq,APB4+UART
RUN-001929,reset_recovery_test-001929,Reset_Recovery,APB3,priority,4,4,0,even,230400,64,1,edge,200,32,32,100,2,ACTIVE,regression,0,16,1,1,UVM_MEDIUM,1,0,0.0,-O2 -sv -assert svaext,+UVM_TESTNAME=auto,r2p0,10,768,5.0,reset_recovery_test,reset_recovery_seq,APB3+UART
RUN-001930,reg_sweep_test-001930,Reg_Sweep,APB3,static,8,4,2,none,460800,4,1,edge,200,32,32,100,2,ACTIVE,functional,0,4,1,1,UVM_LOW,1,1,0.0065,-O2 -sv,+UVM_TESTNAME=auto,r2p0,11,48,5.0,reg_sweep_test,reg_sweep_seq,APB3+UART
RUN-001931,dma_burst_test-001931,Dma_Burst,APB3,priority,4,6,1,none,230400,32,0,edge,100,16,16,100,1,PASSIVE,regression,0,8,0,1,UVM_LOW,0,0,0.0,-O2 -sv,+UVM_TESTNAME=auto,r1p2,0,384,10.0,dma_burst_test,dma_burst_seq,APB3+UART
RUN-001932,backpressure_test-001932,Backpressure,APB3,round_robin,2,2,0,odd,115200,32,0,level,200,16,32,50,1,ACTIVE,stress,0,4,1,1,UVM_LOW,0,0,0.0,-O2 -sv,+UVM_TESTNAME=auto,r1p2,9,384,5.0,backpressure_test,backpressure_seq,APB3+UART
RUN-001933,irq_storm_test-001933,Irq_Storm,APB4,round_robin,2,3,4,none,460800,64,1,edge,50,32,32,50,1,ACTIVE,stress,0,4,0,1,UVM_MEDIUM,0,0,0.0,-O0 -sv -debug,+UVM_TESTNAME=auto,r1p0,10,768,20.0,irq_storm_test,irq_storm_seq,APB4+UART
RUN-001934,uart_loopback_test-001934,Uart_Loopback,APB3,static,4,5,2,none,921600,16,0,level,50,32,16,100,3,ACTIVE,functional,0,8,0,1,UVM_LOW,0,1,0.0067,-O0 -sv -debug,+UVM_TESTNAME=auto,r1p0,5,192,20.0,uart_loopback_test,uart_loopback_seq,APB3+UART
RUN-001935,backpressure_test-001935,Backpressure,APB4,round_robin,4,7,0,even,460800,64,1,edge,25,32,16,250,3,ACTIVE,stress,0,8,1,1,UVM_HIGH,0,1,0.0127,-O2 -sv,+UVM_TESTNAME=auto -cm line+tgl,r1p0,2,768,40.0,backpressure_test,backpressure_seq,APB4+UART
RUN-001936,parity_stress_test-001936,Parity_Stress,APB3,round_robin,2,4,2,none,115200,16,1,level,25,32,32,250,3,ACTIVE,regression,0,16,1,1,UVM_HIGH,1,0,0.0,-O2 -sv -assert svaext,+UVM_TESTNAME=auto,r1p2,9,192,40.0,parity_stress_test,parity_stress_seq,APB3+UART
RUN-001937,uart_loopback_test-001937,Uart_Loopback,APB3,round_robin,8,1,1,even,921600,16,1,level,100,16,16,500,2,PASSIVE,stress,0,8,1,1,UVM_LOW,0,1,0.0301,-O0 -sv -debug,+UVM_TESTNAME=auto,r1p0,11,192,10.0,uart_loopback_test,uart_loopback_seq,APB3+UART
RUN-001938,backpressure_test-001938,Backpressure,APB4,priority,8,0,1,odd,921600,4,1,edge,50,16,16,100,1,ACTIVE,stress,0,4,1,1,UVM_MEDIUM,0,0,0.0,-O2 -sv -assert svaext,+UVM_TESTNAME=auto -cm line+tgl,r1p0,3,48,20.0,backpressure_test,backpressure_seq,APB4+UART
RUN-001939,parity_stress_test-001939,Parity_Stress,APB4,round_robin,8,6,0,odd,921600,64,0,level,25,32,16,500,1,ACTIVE,regression,0,16,0,1,UVM_HIGH,1,1,0.0353,-O2 -sv -assert svaext,+UVM_TESTNAME=auto,r1p2,3,768,40.0,parity_stress_test,parity_stress_seq,APB4+UART
RUN-001940,uart_loopback_test-001940,Uart_Loopback,APB3,priority,2,7,4,even,460800,16,1,edge,200,16,32,100,1,ACTIVE,functional,0,4,1,1,UVM_MEDIUM,0,0,0.0,-O0 -sv -debug,+UVM_TESTNAME=auto,r2p0,11,192,5.0,uart_loopback_test,uart_loopback_seq,APB3+UART
RUN-001941,dma_burst_test-001941,Dma_Burst,APB3,round_robin,4,7,0,none,1500000,16,0,edge,200,16,16,100,1,ACTIVE,stress,0,4,0,1,UVM_MEDIUM,0,1,0.0166,-O2 -sv -assert svaext,+UVM_TESTNAME=auto,r2p0,9,192,5.0,dma_burst_test,dma_burst_seq,APB3+UART
RUN-001942,backpressure_test-001942,Backpressure,APB3,priority,4,1,0,even,921600,16,1,edge,25,32,32,100,2,ACTIVE,regression,0,4,1,1,UVM_HIGH,0,1,0.0241,-O2 -sv,+UVM_TESTNAME=auto -cm line+tgl,r1p0,3,192,40.0,backpressure_test,backpressure_seq,APB3+UART
RUN-001943,dma_burst_test-001943,Dma_Burst,APB4,round_robin,16,7,0,odd,921600,64,0,level,200,32,16,500,2,PASSIVE,regression,0,8,1,1,UVM_LOW,0,1,0.0072,-O0 -sv -debug,+UVM_TESTNAME=auto -cm line+tgl,r2p0,11,768,5.0,dma_burst_test,dma_burst_seq,APB4+UART
RUN-001944,parity_stress_test-001944,Parity_Stress,APB4,static,2,6,4,odd,115200,8,1,level,25,32,16,100,2,ACTIVE,stress,0,4,0,1,UVM_LOW,0,0,0.0,-O2 -sv,+UVM_TESTNAME=auto,r2p0,8,96,40.0,parity_stress_test,parity_stress_seq,APB4+UART
RUN-001945,reg_sweep_test-001945,Reg_Sweep,APB4,priority,4,7,0,even,460800,32,0,edge,50,8,32,100,2,PASSIVE,stress,0,4,1,1,UVM_LOW,1,0,0.0,-O2 -sv,+UVM_TESTNAME=auto -cm line+tgl,r1p0,4,384,20.0,reg_sweep_test,reg_sweep_seq,APB4+UART
RUN-001946,reset_recovery_test-001946,Reset_Recovery,APB3,round_robin,2,2,1,none,921600,32,0,edge,50,8,16,250,1,PASSIVE,regression,0,8,1,1,UVM_MEDIUM,0,1,0.0373,-O0 -sv -debug,+UVM_TESTNAME=auto -cm line+tgl,r1p2,3,384,20.0,reset_recovery_test,reset_recovery_seq,APB3+UART
RUN-001947,parity_stress_test-001947,Parity_Stress,APB4,round_robin,4,4,0,odd,115200,8,1,level,50,16,16,100,1,ACTIVE,stress,0,16,1,1,UVM_MEDIUM,0,1,0.0197,-O2 -sv,+UVM_TESTNAME=auto -cm line+tgl,r2p0,11,96,20.0,parity_stress_test,parity_stress_seq,APB4+UART
RUN-001948,reg_sweep_test-001948,Reg_Sweep,APB3,round_robin,4,0,0,odd,921600,16,1,level,100,8,32,500,3,ACTIVE,stress,0,4,0,1,UVM_MEDIUM,0,0,0.0,-O0 -sv -debug,+UVM_TESTNAME=auto -cm line+tgl,r2p0,5,192,10.0,reg_sweep_test,reg_sweep_seq,APB3+UART
RUN-001949,irq_storm_test-001949,Irq_Storm,APB4,priority,4,6,1,even,921600,4,1,level,100,8,16,250,2,ACTIVE,regression,1,8,1,1,UVM_LOW,0,0,0.0,-O2 -sv -assert svaext,+UVM_TESTNAME=auto -cm line+tgl,r1p2,2,48,10.0,irq_storm_test,irq_storm_seq,APB4+UART
RUN-001950,dma_burst_test-001950,Dma_Burst,APB4,static,4,6,1,none,115200,64,0,edge,50,16,16,100,3,ACTIVE,regression,0,4,1,1,UVM_LOW,0,1,0.0184,-O2 -sv,+UVM_TESTNAME=auto,r1p2,9,768,20.0,dma_burst_test,dma_burst_seq,APB4+UART
RUN-001951,reg_sweep_test-001951,Reg_Sweep,APB3,round_robin,4,0,0,none,921600,32,1,edge,25,32,32,100,1,ACTIVE,regression,0,4,1,1,UVM_MEDIUM,1,0,0.0,-O2 -sv -assert svaext,+UVM_TESTNAME=auto,r1p0,2,384,40.0,reg_sweep_test,reg_sweep_seq,APB3+UART
RUN-001952,reg_sweep_test-001952,Reg_Sweep,APB4,priority,4,1,1,even,1500000,4,0,edge,100,16,32,500,1,ACTIVE,regression,1,16,1,1,UVM_LOW,0,0,0.0,-O2 -sv,+UVM_TESTNAME=auto,r2p0,5,48,10.0,reg_sweep_test,reg_sweep_seq,APB4+UART
RUN-001953,reg_sweep_test-001953,Reg_Sweep,APB4,priority,4,1,2,even,115200,32,0,level,200,32,32,50,2,ACTIVE,functional,0,16,1,1,UVM_LOW,0,1,0.0112,-O2 -sv,+UVM_TESTNAME=auto,r1p0,6,384,5.0,reg_sweep_test,reg_sweep_seq,APB4+UART
RUN-001954,reset_recovery_test-001954,Reset_Recovery,APB3,static,8,6,1,none,921600,4,1,edge,50,32,32,100,1,PASSIVE,stress,1,4,0,0,UVM_LOW,1,0,0.0,-O0 -sv -debug,+UVM_TESTNAME=auto -cm line+tgl,r2p0,3,48,20.0,reset_recovery_test,reset_recovery_seq,APB3+UART
RUN-001955,reg_sweep_test-001955,Reg_Sweep,APB3,static,2,5,0,none,460800,16,0,level,50,16,32,250,2,ACTIVE,stress,1,4,1,1,UVM_MEDIUM,0,0,0.0,-O2 -sv,+UVM_TESTNAME=auto -cm line+tgl,r1p0,9,192,20.0,reg_sweep_test,reg_sweep_seq,APB3+UART
RUN-001956,parity_stress_test-001956,Parity_Stress,APB4,static,8,4,4,none,230400,32,0,edge,200,8,16,100,2,PASSIVE,stress,0,16,1,1,UVM_LOW,1,1,0.0362,-O2 -sv -assert svaext,+UVM_TESTNAME=auto,r1p2,11,384,5.0,parity_stress_test,parity_stress_seq,APB4+UART
RUN-001957,irq_storm_test-001957,Irq_Storm,APB4,priority,8,6,4,odd,1500000,32,0,level,25,16,32,250,2,ACTIVE,stress,0,4,1,1,UVM_MEDIUM,1,1,0.0202,-O0 -sv -debug,+UVM_TESTNAME=auto,r2p0,1,384,40.0,irq_storm_test,irq_storm_seq,APB4+UART
RUN-001958,backpressure_test-001958,Backpressure,APB3,static,8,4,2,none,230400,64,0,level,200,16,16,250,1,ACTIVE,functional,0,4,1,1,UVM_LOW,0,1,0.0121,-O2 -sv,+UVM_TESTNAME=auto -cm line+tgl,r2p0,1,768,5.0,backpressure_test,backpressure_seq,APB3+UART
RUN-001959,irq_storm_test-001959,Irq_Storm,APB4,priority,4,2,1,odd,460800,32,1,level,100,32,32,50,1,ACTIVE,regression,1,8,1,0,UVM_LOW,0,0,0.0,-O2 -sv -assert svaext,+UVM_TESTNAME=auto,r2p0,10,384,10.0,irq_storm_test,irq_storm_seq,APB4+UART
RUN-001960,backpressure_test-001960,Backpressure,APB3,round_robin,4,1,1,even,460800,64,1,level,50,16,16,100,1,ACTIVE,functional,0,4,1,1,UVM_LOW,0,0,0.0,-O2 -sv,+UVM_TESTNAME=auto -cm line+tgl,r1p2,4,768,20.0,backpressure_test,backpressure_seq,APB3+UART
RUN-001961,irq_storm_test-001961,Irq_Storm,APB4,round_robin,4,1,0,even,1500000,8,1,level,200,32,32,250,2,ACTIVE,functional,0,8,0,1,UVM_LOW,0,0,0.0,-O2 -sv,+UVM_TESTNAME=auto -cm line+tgl,r1p2,4,96,5.0,irq_storm_test,irq_storm_seq,APB4+UART
RUN-001962,uart_loopback_test-001962,Uart_Loopback,APB4,static,2,6,1,odd,1500000,16,0,level,200,32,32,50,2,ACTIVE,stress,0,16,1,1,UVM_LOW,0,1,0.0395,-O0 -sv -debug,+UVM_TESTNAME=auto,r1p0,4,192,5.0,uart_loopback_test,uart_loopback_seq,APB4+UART
RUN-001963,parity_stress_test-001963,Parity_Stress,APB4,static,2,1,1,odd,230400,16,0,level,50,16,32,500,1,PASSIVE,regression,0,8,1,1,UVM_MEDIUM,0,0,0.0,-O2 -sv,+UVM_TESTNAME=auto,r1p2,9,192,20.0,parity_stress_test,parity_stress_seq,APB4+UART
RUN-001964,reset_recovery_test-001964,Reset_Recovery,APB3,static,4,6,1,none,460800,16,1,level,50,16,16,100,1,ACTIVE,functional,1,4,1,1,UVM_MEDIUM,1,0,0.0,-O2 -sv -assert svaext,+UVM_TESTNAME=auto,r1p2,8,192,20.0,reset_recovery_test,reset_recovery_seq,APB3+UART
RUN-001965,uart_loopback_test-001965,Uart_Loopback,APB3,static,2,7,4,odd,921600,16,0,edge,50,32,32,100,2,ACTIVE,functional,0,8,1,0,UVM_LOW,0,1,0.0045,-O2 -sv -assert svaext,+UVM_TESTNAME=auto,r2p0,2,192,20.0,uart_loopback_test,uart_loopback_seq,APB3+UART
RUN-001966,uart_loopback_test-001966,Uart_Loopback,APB3,priority,8,6,1,odd,1500000,16,0,level,50,16,32,250,2,ACTIVE,functional,0,4,1,1,UVM_MEDIUM,1,0,0.0,-O2 -sv,+UVM_TESTNAME=auto,r1p2,11,192,20.0,uart_loopback_test,uart_loopback_seq,APB3+UART
RUN-001967,uart_loopback_test-001967,Uart_Loopback,APB4,priority,4,6,1,none,230400,16,1,edge,100,16,16,500,3,ACTIVE,functional,0,8,0,1,UVM_MEDIUM,0,0,0.0,-O2 -sv -assert svaext,+UVM_TESTNAME=auto -cm line+tgl,r1p2,11,192,10.0,uart_loopback_test,uart_loopback_seq,APB4+UART
RUN-001968,reset_recovery_test-001968,Reset_Recovery,APB4,priority,2,7,1,none,115200,16,1,level,100,16,32,500,1,ACTIVE,functional,1,16,1,1,UVM_MEDIUM,0,0,0.0,-O2 -sv,+UVM_TESTNAME=auto -cm line+tgl,r2p0,9,192,10.0,reset_recovery_test,reset_recovery_seq,APB4+UART
RUN-001969,dma_burst_test-001969,Dma_Burst,APB4,static,4,5,4,odd,230400,16,1,level,100,32,16,500,1,ACTIVE,functional,0,4,1,1,UVM_LOW,1,0,0.0,-O2 -sv,+UVM_TESTNAME=auto,r1p2,1,192,10.0,dma_burst_test,dma_burst_seq,APB4+UART
RUN-001970,backpressure_test-001970,Backpressure,APB3,static,16,4,0,odd,1500000,16,1,level,100,32,16,50,1,ACTIVE,functional,1,8,1,0,UVM_LOW,0,1,0.0113,-O2 -sv -assert svaext,+UVM_TESTNAME=auto -cm line+tgl,r2p0,11,192,10.0,backpressure_test,backpressure_seq,APB3+UART
RUN-001971,reg_sweep_test-001971,Reg_Sweep,APB3,static,4,3,0,none,230400,64,1,level,100,8,16,50,2,ACTIVE,functional,1,8,1,1,UVM_MEDIUM,0,0,0.0,-O0 -sv -debug,+UVM_TESTNAME=auto -cm line+tgl,r1p0,11,768,10.0,reg_sweep_test,reg_sweep_seq,APB3+UART
RUN-001972,uart_loopback_test-001972,Uart_Loopback,APB4,priority,2,3,2,none,460800,32,0,level,100,32,16,100,2,ACTIVE,functional,0,16,1,1,UVM_LOW,0,0,0.0,-O2 -sv,+UVM_TESTNAME=auto,r2p0,1,384,10.0,uart_loopback_test,uart_loopback_seq,APB4+UART
RUN-001973,reset_recovery_test-001973,Reset_Recovery,APB3,priority,8,0,1,none,230400,8,1,edge,100,32,32,500,1,ACTIVE,stress,0,16,1,1,UVM_LOW,0,1,0.0094,-O2 -sv -assert svaext,+UVM_TESTNAME=auto,r2p0,10,96,10.0,reset_recovery_test,reset_recovery_seq,APB3+UART
RUN-001974,irq_storm_test-001974,Irq_Storm,APB3,round_robin,16,6,2,none,230400,4,1,edge,200,32,32,50,1,ACTIVE,stress,0,8,0,1,UVM_MEDIUM,0,0,0.0,-O2 -sv -assert svaext,+UVM_TESTNAME=auto,r1p0,8,48,5.0,irq_storm_test,irq_storm_seq,APB3+UART
RUN-001975,uart_loopback_test-001975,Uart_Loopback,APB4,priority,2,4,0,odd,460800,8,1,level,25,32,16,100,1,PASSIVE,functional,0,8,1,1,UVM_MEDIUM,1,1,0.0187,-O2 -sv,+UVM_TESTNAME=auto -cm line+tgl,r1p2,3,96,40.0,uart_loopback_test,uart_loopback_seq,APB4+UART
RUN-001976,reset_recovery_test-001976,Reset_Recovery,APB4,priority,8,5,1,none,115200,64,0,level,50,16,16,500,1,ACTIVE,stress,1,8,0,1,UVM_MEDIUM,1,0,0.0,-O2 -sv,+UVM_TESTNAME=auto,r1p2,11,768,20.0,reset_recovery_test,reset_recovery_seq,APB4+UART
RUN-001977,reg_sweep_test-001977,Reg_Sweep,APB4,round_robin,2,7,0,none,230400,32,0,level,50,16,32,100,2,ACTIVE,functional,0,8,0,1,UVM_MEDIUM,1,1,0.0097,-O2 -sv -assert svaext,+UVM_TESTNAME=auto,r2p0,8,384,20.0,reg_sweep_test,reg_sweep_seq,APB4+UART
RUN-001978,irq_storm_test-001978,Irq_Storm,APB3,priority,4,0,4,even,921600,8,0,level,50,8,32,50,1,ACTIVE,functional,0,4,1,1,UVM_LOW,0,1,0.0355,-O2 -sv,+UVM_TESTNAME=auto,r1p0,0,96,20.0,irq_storm_test,irq_storm_seq,APB3+UART
RUN-001979,reset_recovery_test-001979,Reset_Recovery,APB4,priority,4,4,0,even,230400,16,0,edge,25,8,32,100,1,ACTIVE,functional,1,4,1,1,UVM_MEDIUM,0,0,0.0,-O2 -sv,+UVM_TESTNAME=auto -cm line+tgl,r1p2,5,192,40.0,reset_recovery_test,reset_recovery_seq,APB4+UART
RUN-001980,parity_stress_test-001980,Parity_Stress,APB4,round_robin,8,3,1,none,230400,8,1,level,50,32,32,100,1,ACTIVE,functional,1,16,1,1,UVM_LOW,1,0,0.0,-O0 -sv -debug,+UVM_TESTNAME=auto -cm line+tgl,r1p0,7,96,20.0,parity_stress_test,parity_stress_seq,APB4+UART
RUN-001981,reg_sweep_test-001981,Reg_Sweep,APB3,static,2,2,0,even,460800,16,1,level,200,16,32,100,1,PASSIVE,regression,0,4,0,1,UVM_MEDIUM,0,0,0.0,-O0 -sv -debug,+UVM_TESTNAME=auto -cm line+tgl,r1p2,1,192,5.0,reg_sweep_test,reg_sweep_seq,APB3+UART
RUN-001982,dma_burst_test-001982,Dma_Burst,APB4,static,4,7,2,even,230400,32,0,edge,50,8,16,500,1,ACTIVE,regression,0,4,1,0,UVM_MEDIUM,1,0,0.0,-O2 -sv -assert svaext,+UVM_TESTNAME=auto,r1p2,4,384,20.0,dma_burst_test,dma_burst_seq,APB4+UART
RUN-001983,backpressure_test-001983,Backpressure,APB3,round_robin,16,3,1,odd,115200,4,1,edge,50,32,32,500,2,ACTIVE,stress,0,8,1,1,UVM_LOW,0,0,0.0,-O2 -sv -assert svaext,+UVM_TESTNAME=auto,r2p0,7,48,20.0,backpressure_test,backpressure_seq,APB3+UART
RUN-001984,irq_storm_test-001984,Irq_Storm,APB3,static,8,0,2,none,1500000,32,1,level,200,16,32,500,2,ACTIVE,functional,0,8,0,1,UVM_LOW,0,0,0.0,-O0 -sv -debug,+UVM_TESTNAME=auto,r1p0,6,384,5.0,irq_storm_test,irq_storm_seq,APB3+UART
RUN-001985,irq_storm_test-001985,Irq_Storm,APB4,priority,4,3,2,none,230400,16,1,level,50,32,32,500,1,ACTIVE,regression,0,16,1,1,UVM_LOW,0,0,0.0,-O2 -sv -assert svaext,+UVM_TESTNAME=auto,r2p0,3,192,20.0,irq_storm_test,irq_storm_seq,APB4+UART
RUN-001986,dma_burst_test-001986,Dma_Burst,APB4,priority,2,1,1,none,460800,4,1,level,100,16,32,100,3,ACTIVE,regression,0,8,0,1,UVM_LOW,0,0,0.0,-O2 -sv,+UVM_TESTNAME=auto -cm line+tgl,r1p0,2,48,10.0,dma_burst_test,dma_burst_seq,APB4+UART
RUN-001987,reset_recovery_test-001987,Reset_Recovery,APB4,priority,8,4,0,odd,115200,32,1,edge,50,16,32,100,3,ACTIVE,functional,1,8,1,1,UVM_LOW,0,1,0.0381,-O2 -sv,+UVM_TESTNAME=auto,r1p0,2,384,20.0,reset_recovery_test,reset_recovery_seq,APB4+UART
RUN-001988,irq_storm_test-001988,Irq_Storm,APB4,priority,16,5,2,none,1500000,4,1,edge,50,16,32,50,1,ACTIVE,functional,1,8,1,1,UVM_LOW,0,1,0.0231,-O2 -sv -assert svaext,+UVM_TESTNAME=auto,r1p2,3,48,20.0,irq_storm_test,irq_storm_seq,APB4+UART
RUN-001989,reg_sweep_test-001989,Reg_Sweep,APB3,priority,16,6,0,odd,115200,8,1,level,25,16,32,250,2,ACTIVE,functional,0,8,0,1,UVM_LOW,0,0,0.0,-O2 -sv,+UVM_TESTNAME=auto,r1p2,10,96,40.0,reg_sweep_test,reg_sweep_seq,APB3+UART
RUN-001990,dma_burst_test-001990,Dma_Burst,APB3,priority,2,1,4,odd,1500000,64,1,level,200,16,32,250,1,ACTIVE,functional,0,4,1,1,UVM_LOW,0,1,0.0372,-O2 -sv,+UVM_TESTNAME=auto,r2p0,1,768,5.0,dma_burst_test,dma_burst_seq,APB3+UART
RUN-001991,backpressure_test-001991,Backpressure,APB4,static,4,3,1,even,1500000,16,0,level,100,16,16,100,2,ACTIVE,stress,0,4,1,1,UVM_HIGH,0,0,0.0,-O2 -sv -assert svaext,+UVM_TESTNAME=auto,r1p0,10,192,10.0,backpressure_test,backpressure_seq,APB4+UART
RUN-001992,parity_stress_test-001992,Parity_Stress,APB4,priority,8,6,4,even,921600,8,1,level,50,8,32,50,2,ACTIVE,functional,0,4,1,1,UVM_MEDIUM,0,1,0.0067,-O2 -sv -assert svaext,+UVM_TESTNAME=auto,r1p2,4,96,20.0,parity_stress_test,parity_stress_seq,APB4+UART
RUN-001993,reset_recovery_test-001993,Reset_Recovery,APB4,priority,2,0,1,even,230400,8,0,level,50,8,32,50,2,PASSIVE,regression,0,4,1,1,UVM_LOW,0,0,0.0,-O2 -sv,+UVM_TESTNAME=auto,r1p0,6,96,20.0,reset_recovery_test,reset_recovery_seq,APB4+UART
RUN-001994,parity_stress_test-001994,Parity_Stress,APB4,priority,4,6,4,odd,115200,64,1,level,100,16,32,250,2,ACTIVE,regression,1,16,1,1,UVM_MEDIUM,1,0,0.0,-O2 -sv,+UVM_TESTNAME=auto,r2p0,11,768,10.0,parity_stress_test,parity_stress_seq,APB4+UART
RUN-001995,backpressure_test-001995,Backpressure,APB3,priority,2,6,2,odd,115200,16,1,level,100,16,16,100,1,ACTIVE,regression,0,16,1,1,UVM_MEDIUM,0,0,0.0,-O2 -sv,+UVM_TESTNAME=auto,r2p0,10,192,10.0,backpressure_test,backpressure_seq,APB3+UART
RUN-001996,irq_storm_test-001996,Irq_Storm,APB4,round_robin,4,7,0,odd,460800,64,1,edge,100,8,32,100,3,ACTIVE,regression,0,8,1,1,UVM_LOW,0,0,0.0,-O2 -sv,+UVM_TESTNAME=auto,r1p2,11,768,10.0,irq_storm_test,irq_storm_seq,APB4+UART
RUN-001997,parity_stress_test-001997,Parity_Stress,APB3,round_robin,8,0,4,even,921600,32,1,edge,50,8,32,100,1,ACTIVE,regression,0,16,0,1,UVM_MEDIUM,0,0,0.0,-O2 -sv,+UVM_TESTNAME=auto -cm line+tgl,r1p2,5,384,20.0,parity_stress_test,parity_stress_seq,APB3+UART
RUN-001998,backpressure_test-001998,Backpressure,APB4,priority,8,6,1,odd,460800,32,0,level,25,32,32,250,2,ACTIVE,functional,0,4,0,1,UVM_MEDIUM,1,0,0.0,-O2 -sv,+UVM_TESTNAME=auto,r1p0,3,384,40.0,backpressure_test,backpressure_seq,APB4+UART
RUN-001999,reset_recovery_test-001999,Reset_Recovery,APB4,static,2,7,1,odd,115200,16,0,edge,200,8,32,50,1,ACTIVE,stress,1,16,1,1,UVM_LOW,0,0,0.0,-O2 -sv,+UVM_TESTNAME=auto -cm line+tgl,r1p0,11,192,5.0,reset_recovery_test,reset_recovery_seq,APB4+UART
RUN-002000,dma_burst_test-002000,Dma_Burst,APB4,round_robin,4,4,0,none,230400,64,1,edge,25,32,32,100,2,ACTIVE,functional,0,16,1,1,UVM_MEDIUM,1,0,0.0,-O2 -sv,+UVM_TESTNAME=auto,r1p2,11,768,40.0,dma_burst_test,dma_burst_seq,APB4+UART
RUN-002001,parity_stress_test-002001,Parity_Stress,APB3,priority,16,7,0,none,230400,16,1,level,25,32,32,50,2,ACTIVE,stress,0,16,1,1,UVM_HIGH,0,0,0.0,-O2 -sv -assert svaext,+UVM_TESTNAME=auto,r1p2,0,192,40.0,parity_stress_test,parity_stress_seq,APB3+UART
RUN-002002,dma_burst_test-002002,Dma_Burst,APB3,static,16,2,2,even,115200,16,0,level,50,8,32,50,2,ACTIVE,stress,1,16,1,1,UVM_MEDIUM,1,1,0.0109,-O2 -sv,+UVM_TESTNAME=auto,r2p0,6,192,20.0,dma_burst_test,dma_burst_seq,APB3+UART
RUN-002003,reg_sweep_test-002003,Reg_Sweep,APB4,static,4,5,2,odd,230400,64,1,level,100,32,16,250,1,ACTIVE,stress,0,8,0,0,UVM_LOW,0,1,0.0214,-O2 -sv,+UVM_TESTNAME=auto -cm line+tgl,r1p0,4,768,10.0,reg_sweep_test,reg_sweep_seq,APB4+UART
RUN-002004,dma_burst_test-002004,Dma_Burst,APB3,static,4,7,4,even,921600,4,1,level,50,32,32,100,2,PASSIVE,regression,0,16,0,1,UVM_MEDIUM,0,0,0.0,-O2 -sv,+UVM_TESTNAME=auto -cm line+tgl,r2p0,5,48,20.0,dma_burst_test,dma_burst_seq,APB3+UART
RUN-002005,reset_recovery_test-002005,Reset_Recovery,APB4,static,8,2,0,even,921600,64,0,level,25,16,32,100,2,ACTIVE,regression,0,16,1,1,UVM_LOW,0,0,0.0,-O2 -sv,+UVM_TESTNAME=auto -cm line+tgl,r2p0,2,768,40.0,reset_recovery_test,reset_recovery_seq,APB4+UART
RUN-002006,dma_burst_test-002006,Dma_Burst,APB3,priority,4,0,0,odd,1500000,4,1,edge,100,16,32,100,1,ACTIVE,regression,0,4,1,1,UVM_MEDIUM,0,0,0.0,-O2 -sv -assert svaext,+UVM_TESTNAME=auto -cm line+tgl,r2p0,8,48,10.0,dma_burst_test,dma_burst_seq,APB3+UART
RUN-002007,irq_storm_test-002007,Irq_Storm,APB4,round_robin,8,3,2,odd,921600,16,1,edge,50,32,32,50,2,ACTIVE,regression,0,4,1,1,UVM_MEDIUM,0,0,0.0,-O0 -sv -debug,+UVM_TESTNAME=auto,r1p0,8,192,20.0,irq_storm_test,irq_storm_seq,APB4+UART
RUN-002008,irq_storm_test-002008,Irq_Storm,APB4,round_robin,8,7,1,none,921600,4,0,edge,100,32,32,50,1,ACTIVE,regression,0,8,0,1,UVM_LOW,0,0,0.0,-O2 -sv,+UVM_TESTNAME=auto,r1p0,4,48,10.0,irq_storm_test,irq_storm_seq,APB4+UART
RUN-002009,irq_storm_test-002009,Irq_Storm,APB4,round_robin,2,7,1,odd,921600,8,0,edge,50,16,16,100,1,ACTIVE,stress,0,4,0,1,UVM_LOW,1,0,0.0,-O2 -sv,+UVM_TESTNAME=auto,r2p0,11,96,20.0,irq_storm_test,irq_storm_seq,APB4+UART
RUN-002010,reset_recovery_test-002010,Reset_Recovery,APB3,round_robin,2,1,2,none,115200,32,0,edge,50,32,32,500,2,ACTIVE,stress,0,4,0,1,UVM_MEDIUM,0,1,0.034,-O2 -sv,+UVM_TESTNAME=auto -cm line+tgl,r1p2,6,384,20.0,reset_recovery_test,reset_recovery_seq,APB3+UART
RUN-002011,dma_burst_test-002011,Dma_Burst,APB3,priority,4,2,1,none,230400,8,0,level,200,32,16,50,2,ACTIVE,regression,0,16,1,1,UVM_LOW,1,1,0.025,-O2 -sv -assert svaext,+UVM_TESTNAME=auto,r1p0,2,96,5.0,dma_burst_test,dma_burst_seq,APB3+UART
RUN-002012,reset_recovery_test-002012,Reset_Recovery,APB3,round_robin,4,5,2,none,115200,64,1,level,100,8,16,100,1,ACTIVE,stress,0,4,1,1,UVM_MEDIUM,0,1,0.0129,-O2 -sv,+UVM_TESTNAME=auto,r1p2,11,768,10.0,reset_recovery_test,reset_recovery_seq,APB3+UART
RUN-002013,dma_burst_test-002013,Dma_Burst,APB4,priority,16,3,0,even,230400,4,0,level,50,32,16,500,3,PASSIVE,stress,0,8,1,1,UVM_LOW,0,1,0.0147,-O0 -sv -debug,+UVM_TESTNAME=auto -cm line+tgl,r1p2,3,48,20.0,dma_burst_test,dma_burst_seq,APB4+UART
RUN-002014,parity_stress_test-002014,Parity_Stress,APB4,round_robin,8,4,1,none,230400,4,1,level,50,32,32,100,2,ACTIVE,functional,0,8,1,1,UVM_LOW,0,0,0.0,-O2 -sv -assert svaext,+UVM_TESTNAME=auto -cm line+tgl,r2p0,3,48,20.0,parity_stress_test,parity_stress_seq,APB4+UART
RUN-002015,dma_burst_test-002015,Dma_Burst,APB3,static,4,3,4,none,921600,32,0,level,200,32,16,100,2,ACTIVE,stress,0,4,1,1,UVM_LOW,0,1,0.0065,-O2 -sv,+UVM_TESTNAME=auto -cm line+tgl,r2p0,5,384,5.0,dma_burst_test,dma_burst_seq,APB3+UART
RUN-002016,reg_sweep_test-002016,Reg_Sweep,APB3,round_robin,8,5,2,even,230400,64,1,level,50,32,32,50,2,PASSIVE,functional,0,4,1,1,UVM_MEDIUM,0,0,0.0,-O2 -sv -assert svaext,+UVM_TESTNAME=auto,r1p0,3,768,20.0,reg_sweep_test,reg_sweep_seq,APB3+UART
RUN-002017,dma_burst_test-002017,Dma_Burst,APB3,round_robin,2,6,2,none,460800,16,0,level,100,32,16,500,2,ACTIVE,stress,0,8,1,0,UVM_LOW,0,1,0.0109,-O0 -sv -debug,+UVM_TESTNAME=auto -cm line+tgl,r1p0,5,192,10.0,dma_burst_test,dma_burst_seq,APB3+UART
RUN-002018,irq_storm_test-002018,Irq_Storm,APB4,priority,2,1,0,none,921600,32,0,edge,100,32,16,500,1,ACTIVE,stress,0,8,1,1,UVM_MEDIUM,0,1,0.0047,-O2 -sv,+UVM_TESTNAME=auto,r2p0,6,384,10.0,irq_storm_test,irq_storm_seq,APB4+UART
RUN-002019,uart_loopback_test-002019,Uart_Loopback,APB4,priority,2,0,1,odd,921600,8,1,edge,100,8,32,100,1,ACTIVE,regression,0,4,1,1,UVM_MEDIUM,0,0,0.0,-O0 -sv -debug,+UVM_TESTNAME=auto,r1p0,9,96,10.0,uart_loopback_test,uart_loopback_seq,APB4+UART
RUN-002020,backpressure_test-002020,Backpressure,APB3,priority,2,1,1,odd,115200,64,1,level,50,16,32,50,2,ACTIVE,regression,0,4,1,1,UVM_MEDIUM,1,0,0.0,-O2 -sv -assert svaext,+UVM_TESTNAME=auto -cm line+tgl,r1p2,1,768,20.0,backpressure_test,backpressure_seq,APB3+UART
RUN-002021,reg_sweep_test-002021,Reg_Sweep,APB3,round_robin,4,2,0,odd,115200,64,1,level,25,8,16,100,2,PASSIVE,functional,0,4,1,0,UVM_LOW,0,0,0.0,-O2 -sv -assert svaext,+UVM_TESTNAME=auto,r1p0,0,768,40.0,reg_sweep_test,reg_sweep_seq,APB3+UART
RUN-002022,reg_sweep_test-002022,Reg_Sweep,APB4,round_robin,16,0,2,even,230400,32,1,level,50,16,32,100,3,ACTIVE,stress,0,8,1,0,UVM_LOW,0,0,0.0,-O2 -sv -assert svaext,+UVM_TESTNAME=auto -cm line+tgl,r2p0,7,384,20.0,reg_sweep_test,reg_sweep_seq,APB4+UART
RUN-002023,irq_storm_test-002023,Irq_Storm,APB3,round_robin,2,6,2,none,230400,64,0,level,200,16,32,500,3,ACTIVE,stress,1,16,0,1,UVM_HIGH,0,1,0.017,-O2 -sv,+UVM_TESTNAME=auto -cm line+tgl,r2p0,9,768,5.0,irq_storm_test,irq_storm_seq,APB3+UART
RUN-002024,backpressure_test-002024,Backpressure,APB4,round_robin,4,5,2,none,115200,4,0,edge,200,32,32,50,3,ACTIVE,regression,0,8,1,1,UVM_MEDIUM,0,0,0.0,-O0 -sv -debug,+UVM_TESTNAME=auto,r2p0,4,48,5.0,backpressure_test,backpressure_seq,APB4+UART
RUN-002025,backpressure_test-002025,Backpressure,APB4,priority,2,3,4,odd,230400,32,0,edge,100,32,16,50,2,ACTIVE,regression,0,8,1,1,UVM_MEDIUM,0,0,0.0,-O2 -sv -assert svaext,+UVM_TESTNAME=auto -cm line+tgl,r1p0,1,384,10.0,backpressure_test,backpressure_seq,APB4+UART
RUN-002026,dma_burst_test-002026,Dma_Burst,APB4,round_robin,16,4,4,none,230400,8,0,edge,100,32,32,100,2,ACTIVE,stress,0,4,1,1,UVM_LOW,1,1,0.0081,-O0 -sv -debug,+UVM_TESTNAME=auto,r1p2,10,96,10.0,dma_burst_test,dma_burst_seq,APB4+UART
RUN-002027,uart_loopback_test-002027,Uart_Loopback,APB4,static,4,5,4,none,921600,32,0,edge,100,32,32,100,2,ACTIVE,regression,0,4,0,1,UVM_MEDIUM,0,0,0.0,-O2 -sv,+UVM_TESTNAME=auto,r1p0,11,384,10.0,uart_loopback_test,uart_loopback_seq,APB4+UART
RUN-002028,dma_burst_test-002028,Dma_Burst,APB3,priority,4,4,2,odd,115200,8,1,level,25,8,16,500,3,ACTIVE,regression,1,16,1,1,UVM_MEDIUM,0,0,0.0,-O2 -sv -assert svaext,+UVM_TESTNAME=auto,r2p0,5,96,40.0,dma_burst_test,dma_burst_seq,APB3+UART
RUN-002029,irq_storm_test-002029,Irq_Storm,APB3,priority,4,4,1,none,460800,8,0,edge,100,16,16,100,2,ACTIVE,regression,1,8,0,1,UVM_MEDIUM,0,0,0.0,-O2 -sv,+UVM_TESTNAME=auto -cm line+tgl,r1p2,0,96,10.0,irq_storm_test,irq_storm_seq,APB3+UART
RUN-002030,uart_loopback_test-002030,Uart_Loopback,APB4,priority,4,1,2,none,230400,32,0,edge,50,32,32,500,3,ACTIVE,stress,0,8,0,1,UVM_LOW,1,1,0.0326,-O2 -sv -assert svaext,+UVM_TESTNAME=auto,r2p0,9,384,20.0,uart_loopback_test,uart_loopback_seq,APB4+UART
RUN-002031,dma_burst_test-002031,Dma_Burst,APB4,round_robin,4,2,2,none,1500000,4,1,level,100,32,32,50,2,ACTIVE,regression,0,8,1,1,UVM_HIGH,0,0,0.0,-O0 -sv -debug,+UVM_TESTNAME=auto -cm line+tgl,r1p2,0,48,10.0,dma_burst_test,dma_burst_seq,APB4+UART
RUN-002032,uart_loopback_test-002032,Uart_Loopback,APB4,priority,8,6,2,even,1500000,64,0,level,100,32,32,250,3,ACTIVE,regression,0,4,1,1,UVM_LOW,1,0,0.0,-O0 -sv -debug,+UVM_TESTNAME=auto,r1p0,4,768,10.0,uart_loopback_test,uart_loopback_seq,APB4+UART
RUN-002033,irq_storm_test-002033,Irq_Storm,APB4,static,2,5,0,odd,460800,16,1,level,50,32,16,100,2,ACTIVE,regression,0,8,0,1,UVM_MEDIUM,0,0,0.0,-O0 -sv -debug,+UVM_TESTNAME=auto,r1p2,4,192,20.0,irq_storm_test,irq_storm_seq,APB4+UART
RUN-002034,dma_burst_test-002034,Dma_Burst,APB3,priority,4,5,2,even,921600,8,0,level,200,16,16,50,1,ACTIVE,regression,0,8,1,1,UVM_LOW,0,0,0.0,-O2 -sv,+UVM_TESTNAME=auto,r1p2,11,96,5.0,dma_burst_test,dma_burst_seq,APB3+UART
RUN-002035,dma_burst_test-002035,Dma_Burst,APB3,priority,2,0,2,even,230400,64,0,edge,100,16,32,50,2,PASSIVE,stress,0,8,1,1,UVM_LOW,0,0,0.0,-O0 -sv -debug,+UVM_TESTNAME=auto,r1p2,6,768,10.0,dma_burst_test,dma_burst_seq,APB3+UART
RUN-002036,reg_sweep_test-002036,Reg_Sweep,APB4,round_robin,8,1,0,odd,460800,8,0,level,100,16,32,250,2,ACTIVE,regression,0,4,1,1,UVM_HIGH,0,0,0.0,-O2 -sv,+UVM_TESTNAME=auto -cm line+tgl,r2p0,0,96,10.0,reg_sweep_test,reg_sweep_seq,APB4+UART
RUN-002037,dma_burst_test-002037,Dma_Burst,APB4,round_robin,4,4,0,none,115200,8,1,level,50,32,16,100,1,ACTIVE,stress,1,8,0,1,UVM_LOW,0,0,0.0,-O2 -sv,+UVM_TESTNAME=auto,r1p2,8,96,20.0,dma_burst_test,dma_burst_seq,APB4+UART
RUN-002038,dma_burst_test-002038,Dma_Burst,APB3,static,16,7,2,none,230400,16,1,edge,200,8,32,50,1,ACTIVE,regression,0,4,1,1,UVM_MEDIUM,0,0,0.0,-O2 -sv -assert svaext,+UVM_TESTNAME=auto,r2p0,5,192,5.0,dma_burst_test,dma_burst_seq,APB3+UART
RUN-002039,dma_burst_test-002039,Dma_Burst,APB4,priority,4,0,4,odd,921600,32,1,edge,100,32,32,100,2,ACTIVE,functional,0,8,1,1,UVM_MEDIUM,0,0,0.0,-O2 -sv,+UVM_TESTNAME=auto -cm line+tgl,r1p0,1,384,10.0,dma_burst_test,dma_burst_seq,APB4+UART
RUN-002040,backpressure_test-002040,Backpressure,APB3,round_robin,4,4,4,even,921600,16,1,edge,25,32,32,50,2,ACTIVE,stress,0,16,1,1,UVM_LOW,0,0,0.0,-O2 -sv -assert svaext,+UVM_TESTNAME=auto -cm line+tgl,r1p0,11,192,40.0,backpressure_test,backpressure_seq,APB3+UART
RUN-002041,uart_loopback_test-002041,Uart_Loopback,APB4,priority,2,1,1,even,921600,32,0,edge,25,32,32,250,2,ACTIVE,regression,0,4,1,1,UVM_LOW,0,0,0.0,-O2 -sv,+UVM_TESTNAME=auto -cm line+tgl,r1p0,0,384,40.0,uart_loopback_test,uart_loopback_seq,APB4+UART
RUN-002042,uart_loopback_test-002042,Uart_Loopback,APB4,round_robin,4,7,1,even,460800,16,0,edge,25,8,16,100,1,ACTIVE,regression,1,4,0,1,UVM_LOW,0,0,0.0,-O0 -sv -debug,+UVM_TESTNAME=auto,r1p0,6,192,40.0,uart_loopback_test,uart_loopback_seq,APB4+UART
RUN-002043,parity_stress_test-002043,Parity_Stress,APB4,priority,2,4,0,odd,921600,16,0,level,50,16,32,250,2,ACTIVE,regression,1,4,0,1,UVM_MEDIUM,1,0,0.0,-O2 -sv -assert svaext,+UVM_TESTNAME=auto -cm line+tgl,r2p0,1,192,20.0,parity_stress_test,parity_stress_seq,APB4+UART
RUN-002044,dma_burst_test-002044,Dma_Burst,APB4,priority,8,3,1,none,115200,32,0,level,200,16,32,100,2,ACTIVE,stress,0,16,1,1,UVM_LOW,1,0,0.0,-O2 -sv -assert svaext,+UVM_TESTNAME=auto -cm line+tgl,r1p0,6,384,5.0,dma_burst_test,dma_burst_seq,APB4+UART
RUN-002045,reset_recovery_test-002045,Reset_Recovery,APB3,round_robin,8,6,0,odd,460800,64,1,level,25,16,32,50,2,ACTIVE,functional,0,16,1,1,UVM_MEDIUM,1,0,0.0,-O2 -sv,+UVM_TESTNAME=auto,r2p0,11,768,40.0,reset_recovery_test,reset_recovery_seq,APB3+UART
RUN-002046,backpressure_test-002046,Backpressure,APB4,priority,16,6,2,none,921600,8,1,edge,200,32,32,100,2,ACTIVE,stress,1,8,0,1,UVM_MEDIUM,0,0,0.0,-O0 -sv -debug,+UVM_TESTNAME=auto,r1p2,8,96,5.0,backpressure_test,backpressure_seq,APB4+UART
RUN-002047,uart_loopback_test-002047,Uart_Loopback,APB4,round_robin,16,2,4,none,230400,16,1,edge,50,32,16,250,2,ACTIVE,regression,0,4,1,1,UVM_LOW,0,1,0.0239,-O2 -sv -assert svaext,+UVM_TESTNAME=auto,r2p0,4,192,20.0,uart_loopback_test,uart_loopback_seq,APB4+UART
RUN-002048,dma_burst_test-002048,Dma_Burst,APB3,priority,4,5,4,odd,460800,32,1,edge,100,16,16,250,1,ACTIVE,stress,0,8,0,0,UVM_LOW,0,0,0.0,-O0 -sv -debug,+UVM_TESTNAME=auto -cm line+tgl,r1p0,3,384,10.0,dma_burst_test,dma_burst_seq,APB3+UART
RUN-002049,backpressure_test-002049,Backpressure,APB3,priority,4,0,1,odd,1500000,8,1,level,25,8,32,50,3,ACTIVE,functional,0,16,1,1,UVM_MEDIUM,0,0,0.0,-O2 -sv,+UVM_TESTNAME=auto,r1p0,11,96,40.0,backpressure_test,backpressure_seq,APB3+UART
RUN-002050,uart_loopback_test-002050,Uart_Loopback,APB4,static,2,1,2,none,115200,32,1,level,25,8,32,500,2,ACTIVE,stress,0,16,0,1,UVM_MEDIUM,1,1,0.0244,-O2 -sv,+UVM_TESTNAME=auto,r1p2,7,384,40.0,uart_loopback_test,uart_loopback_seq,APB4+UART
RUN-002051,parity_stress_test-002051,Parity_Stress,APB3,round_robin,4,1,2,none,115200,4,1,edge,200,32,16,50,3,ACTIVE,functional,0,8,1,0,UVM_HIGH,0,0,0.0,-O2 -sv -assert svaext,+UVM_TESTNAME=auto -cm line+tgl,r1p0,5,48,5.0,parity_stress_test,parity_stress_seq,APB3+UART
RUN-002052,irq_storm_test-002052,Irq_Storm,APB4,priority,2,0,2,even,921600,16,1,edge,50,8,32,50,3,ACTIVE,stress,1,16,0,1,UVM_MEDIUM,0,0,0.0,-O2 -sv,+UVM_TESTNAME=auto,r1p2,1,192,20.0,irq_storm_test,irq_storm_seq,APB4+UART
RUN-002053,backpressure_test-002053,Backpressure,APB4,priority,4,0,4,even,230400,64,1,level,50,8,16,500,1,ACTIVE,stress,1,8,1,1,UVM_MEDIUM,0,1,0.0131,-O2 -sv -assert svaext,+UVM_TESTNAME=auto -cm line+tgl,r1p2,11,768,20.0,backpressure_test,backpressure_seq,APB4+UART
RUN-002054,reg_sweep_test-002054,Reg_Sweep,APB4,priority,2,1,0,even,115200,16,1,level,100,32,32,250,2,PASSIVE,regression,0,4,0,1,UVM_MEDIUM,0,0,0.0,-O2 -sv -assert svaext,+UVM_TESTNAME=auto,r2p0,4,192,10.0,reg_sweep_test,reg_sweep_seq,APB4+UART
RUN-002055,irq_storm_test-002055,Irq_Storm,APB4,round_robin,4,4,0,even,230400,16,1,level,25,16,32,500,3,ACTIVE,functional,0,8,0,1,UVM_MEDIUM,0,0,0.0,-O2 -sv -assert svaext,+UVM_TESTNAME=auto -cm line+tgl,r1p2,6,192,40.0,irq_storm_test,irq_storm_seq,APB4+UART
RUN-002056,parity_stress_test-002056,Parity_Stress,APB4,round_robin,2,6,0,odd,115200,32,1,level,100,32,32,500,1,ACTIVE,regression,0,4,0,1,UVM_LOW,0,1,0.0094,-O2 -sv -assert svaext,+UVM_TESTNAME=auto -cm line+tgl,r1p0,6,384,10.0,parity_stress_test,parity_stress_seq,APB4+UART
RUN-002057,irq_storm_test-002057,Irq_Storm,APB3,priority,4,3,0,none,115200,4,1,level,50,16,32,100,1,PASSIVE,regression,0,4,1,1,UVM_MEDIUM,0,0,0.0,-O2 -sv -assert svaext,+UVM_TESTNAME=auto -cm line+tgl,r2p0,10,48,20.0,irq_storm_test,irq_storm_seq,APB3+UART
RUN-002058,irq_storm_test-002058,Irq_Storm,APB3,static,8,3,4,none,115200,16,1,edge,100,8,32,500,2,ACTIVE,functional,0,4,1,0,UVM_MEDIUM,0,0,0.0,-O2 -sv,+UVM_TESTNAME=auto,r2p0,9,192,10.0,irq_storm_test,irq_storm_seq,APB3+UART
RUN-002059,irq_storm_test-002059,Irq_Storm,APB3,round_robin,16,3,4,none,1500000,16,0,edge,100,8,16,250,2,ACTIVE,functional,0,8,1,1,UVM_LOW,0,0,0.0,-O2 -sv,+UVM_TESTNAME=auto,r2p0,8,192,10.0,irq_storm_test,irq_storm_seq,APB3+UART
RUN-002060,irq_storm_test-002060,Irq_Storm,APB3,static,16,6,1,even,460800,8,0,edge,100,32,32,50,2,ACTIVE,regression,0,8,1,1,UVM_LOW,0,0,0.0,-O0 -sv -debug,+UVM_TESTNAME=auto -cm line+tgl,r2p0,6,96,10.0,irq_storm_test,irq_storm_seq,APB3+UART
RUN-002061,irq_storm_test-002061,Irq_Storm,APB4,priority,2,2,1,none,230400,32,1,edge,25,32,32,100,1,ACTIVE,regression,0,8,0,1,UVM_MEDIUM,0,0,0.0,-O0 -sv -debug,+UVM_TESTNAME=auto -cm line+tgl,r1p0,5,384,40.0,irq_storm_test,irq_storm_seq,APB4+UART
RUN-002062,irq_storm_test-002062,Irq_Storm,APB4,priority,8,6,2,none,115200,64,0,level,100,8,16,50,3,PASSIVE,stress,0,8,1,1,UVM_HIGH,0,0,0.0,-O2 -sv,+UVM_TESTNAME=auto,r1p2,9,768,10.0,irq_storm_test,irq_storm_seq,APB4+UART
RUN-002063,uart_loopback_test-002063,Uart_Loopback,APB4,static,8,5,1,none,115200,64,1,edge,100,16,32,250,1,PASSIVE,regression,0,8,0,1,UVM_LOW,1,0,0.0,-O2 -sv,+UVM_TESTNAME=auto -cm line+tgl,r1p2,1,768,10.0,uart_loopback_test,uart_loopback_seq,APB4+UART
RUN-002064,backpressure_test-002064,Backpressure,APB3,round_robin,16,5,1,odd,115200,16,1,edge,50,16,16,100,2,ACTIVE,functional,0,4,1,1,UVM_HIGH,0,1,0.0197,-O2 -sv -assert svaext,+UVM_TESTNAME=auto -cm line+tgl,r1p2,0,192,20.0,backpressure_test,backpressure_seq,APB3+UART
RUN-002065,uart_loopback_test-002065,Uart_Loopback,APB4,priority,2,6,0,odd,921600,32,1,level,50,16,32,100,2,ACTIVE,functional,0,8,1,1,UVM_LOW,0,0,0.0,-O2 -sv,+UVM_TESTNAME=auto -cm line+tgl,r1p0,7,384,20.0,uart_loopback_test,uart_loopback_seq,APB4+UART
RUN-002066,uart_loopback_test-002066,Uart_Loopback,APB3,priority,4,5,4,odd,921600,16,1,level,100,8,32,500,3,ACTIVE,regression,0,8,1,1,UVM_MEDIUM,1,0,0.0,-O0 -sv -debug,+UVM_TESTNAME=auto -cm line+tgl,r1p0,0,192,10.0,uart_loopback_test,uart_loopback_seq,APB3+UART
RUN-002067,irq_storm_test-002067,Irq_Storm,APB3,static,8,5,1,none,921600,16,0,level,100,32,16,500,3,ACTIVE,functional,1,8,1,1,UVM_MEDIUM,1,0,0.0,-O2 -sv,+UVM_TESTNAME=auto,r2p0,10,192,10.0,irq_storm_test,irq_storm_seq,APB3+UART
RUN-002068,reg_sweep_test-002068,Reg_Sweep,APB4,round_robin,4,1,0,even,230400,8,1,edge,50,32,16,500,3,ACTIVE,stress,0,8,1,1,UVM_LOW,0,0,0.0,-O0 -sv -debug,+UVM_TESTNAME=auto,r1p0,10,96,20.0,reg_sweep_test,reg_sweep_seq,APB4+UART
RUN-002069,dma_burst_test-002069,Dma_Burst,APB3,round_robin,4,2,0,even,230400,16,0,edge,50,32,32,100,2,ACTIVE,functional,0,16,1,1,UVM_HIGH,0,1,0.0021,-O0 -sv -debug,+UVM_TESTNAME=auto,r1p0,3,192,20.0,dma_burst_test,dma_burst_seq,APB3+UART
RUN-002070,dma_burst_test-002070,Dma_Burst,APB3,static,8,1,4,even,921600,16,1,edge,100,16,16,100,1,ACTIVE,regression,0,4,0,1,UVM_LOW,1,0,0.0,-O2 -sv,+UVM_TESTNAME=auto -cm line+tgl,r2p0,4,192,10.0,dma_burst_test,dma_burst_seq,APB3+UART
RUN-002071,uart_loopback_test-002071,Uart_Loopback,APB4,priority,16,4,0,none,460800,8,0,level,200,32,32,500,1,PASSIVE,stress,0,8,1,1,UVM_LOW,0,0,0.0,-O2 -sv,+UVM_TESTNAME=auto,r1p2,1,96,5.0,uart_loopback_test,uart_loopback_seq,APB4+UART
RUN-002072,uart_loopback_test-002072,Uart_Loopback,APB4,static,4,4,2,even,460800,4,1,edge,50,32,32,50,2,ACTIVE,regression,0,8,1,1,UVM_LOW,0,0,0.0,-O2 -sv,+UVM_TESTNAME=auto,r1p2,10,48,20.0,uart_loopback_test,uart_loopback_seq,APB4+UART
RUN-002073,dma_burst_test-002073,Dma_Burst,APB4,round_robin,2,4,0,odd,921600,8,0,edge,50,16,32,50,2,ACTIVE,stress,0,4,1,0,UVM_LOW,0,0,0.0,-O2 -sv,+UVM_TESTNAME=auto,r1p2,10,96,20.0,dma_burst_test,dma_burst_seq,APB4+UART
RUN-002074,irq_storm_test-002074,Irq_Storm,APB3,round_robin,4,6,2,odd,460800,4,1,level,50,32,32,250,1,ACTIVE,functional,1,16,1,1,UVM_LOW,0,1,0.0024,-O2 -sv -assert svaext,+UVM_TESTNAME=auto -cm line+tgl,r1p0,2,48,20.0,irq_storm_test,irq_storm_seq,APB3+UART
RUN-002075,reg_sweep_test-002075,Reg_Sweep,APB4,priority,16,4,4,odd,1500000,16,1,level,100,8,32,50,2,ACTIVE,regression,0,4,1,1,UVM_LOW,1,0,0.0,-O2 -sv,+UVM_TESTNAME=auto -cm line+tgl,r1p2,10,192,10.0,reg_sweep_test,reg_sweep_seq,APB4+UART
RUN-002076,backpressure_test-002076,Backpressure,APB3,priority,2,6,0,even,230400,32,1,edge,50,8,32,100,3,ACTIVE,stress,0,8,1,1,UVM_LOW,0,0,0.0,-O2 -sv,+UVM_TESTNAME=auto -cm line+tgl,r1p2,3,384,20.0,backpressure_test,backpressure_seq,APB3+UART
RUN-002077,reg_sweep_test-002077,Reg_Sweep,APB4,round_robin,8,0,0,even,115200,8,1,edge,200,32,32,250,3,ACTIVE,functional,1,8,0,1,UVM_MEDIUM,0,1,0.0035,-O2 -sv,+UVM_TESTNAME=auto -cm line+tgl,r2p0,4,96,5.0,reg_sweep_test,reg_sweep_seq,APB4+UART
RUN-002078,parity_stress_test-002078,Parity_Stress,APB3,priority,8,2,1,even,230400,4,1,level,50,32,32,50,2,ACTIVE,stress,0,4,1,1,UVM_LOW,0,0,0.0,-O2 -sv -assert svaext,+UVM_TESTNAME=auto -cm line+tgl,r1p2,10,48,20.0,parity_stress_test,parity_stress_seq,APB3+UART
RUN-002079,reg_sweep_test-002079,Reg_Sweep,APB4,round_robin,4,6,2,even,115200,16,1,level,50,32,32,100,1,ACTIVE,functional,0,4,1,1,UVM_MEDIUM,0,0,0.0,-O2 -sv -assert svaext,+UVM_TESTNAME=auto,r2p0,1,192,20.0,reg_sweep_test,reg_sweep_seq,APB4+UART
RUN-002080,dma_burst_test-002080,Dma_Burst,APB3,priority,2,5,2,even,460800,16,0,level,100,16,32,250,2,ACTIVE,functional,0,8,0,1,UVM_MEDIUM,0,0,0.0,-O2 -sv -assert svaext,+UVM_TESTNAME=auto,r2p0,10,192,10.0,dma_burst_test,dma_burst_seq,APB3+UART
RUN-002081,parity_stress_test-002081,Parity_Stress,APB4,priority,2,7,2,none,230400,16,0,level,100,32,16,50,3,ACTIVE,regression,0,16,1,1,UVM_LOW,1,1,0.0374,-O2 -sv,+UVM_TESTNAME=auto,r1p2,11,192,10.0,parity_stress_test,parity_stress_seq,APB4+UART
RUN-002082,reg_sweep_test-002082,Reg_Sweep,APB3,static,16,6,1,even,921600,16,1,edge,25,16,16,250,1,ACTIVE,functional,1,4,0,0,UVM_MEDIUM,0,1,0.021,-O2 -sv,+UVM_TESTNAME=auto -cm line+tgl,r1p2,11,192,40.0,reg_sweep_test,reg_sweep_seq,APB3+UART
RUN-002083,dma_burst_test-002083,Dma_Burst,APB4,round_robin,8,3,1,none,1500000,16,0,edge,50,16,32,100,2,PASSIVE,regression,1,8,1,1,UVM_LOW,0,0,0.0,-O2 -sv -assert svaext,+UVM_TESTNAME=auto,r1p2,10,192,20.0,dma_burst_test,dma_burst_seq,APB4+UART
RUN-002084,backpressure_test-002084,Backpressure,APB3,static,2,2,2,none,460800,32,0,edge,100,16,32,500,1,ACTIVE,functional,0,4,1,0,UVM_LOW,1,0,0.0,-O2 -sv -assert svaext,+UVM_TESTNAME=auto -cm line+tgl,r1p0,11,384,10.0,backpressure_test,backpressure_seq,APB3+UART
RUN-002085,backpressure_test-002085,Backpressure,APB3,priority,4,1,2,none,230400,64,0,level,100,32,32,250,3,ACTIVE,regression,0,8,1,1,UVM_MEDIUM,1,1,0.0346,-O2 -sv,+UVM_TESTNAME=auto,r1p2,7,768,10.0,backpressure_test,backpressure_seq,APB3+UART
RUN-002086,uart_loopback_test-002086,Uart_Loopback,APB3,static,4,7,2,odd,921600,32,1,edge,100,32,32,50,1,ACTIVE,functional,0,4,1,1,UVM_HIGH,1,1,0.0212,-O2 -sv,+UVM_TESTNAME=auto -cm line+tgl,r1p0,10,384,10.0,uart_loopback_test,uart_loopback_seq,APB3+UART
RUN-002087,irq_storm_test-002087,Irq_Storm,APB4,round_robin,4,0,4,even,460800,32,0,edge,200,8,16,50,3,ACTIVE,functional,1,8,0,1,UVM_MEDIUM,0,0,0.0,-O2 -sv,+UVM_TESTNAME=auto -cm line+tgl,r1p2,8,384,5.0,irq_storm_test,irq_storm_seq,APB4+UART
RUN-002088,irq_storm_test-002088,Irq_Storm,APB3,round_robin,4,2,0,odd,460800,32,0,level,25,32,16,250,3,ACTIVE,stress,0,8,1,1,UVM_HIGH,0,1,0.0027,-O2 -sv,+UVM_TESTNAME=auto,r1p2,5,384,40.0,irq_storm_test,irq_storm_seq,APB3+UART
RUN-002089,parity_stress_test-002089,Parity_Stress,APB3,round_robin,2,3,0,odd,230400,32,0,edge,100,32,16,500,2,ACTIVE,stress,0,8,1,0,UVM_LOW,0,1,0.0195,-O2 -sv -assert svaext,+UVM_TESTNAME=auto -cm line+tgl,r1p2,5,384,10.0,parity_stress_test,parity_stress_seq,APB3+UART
RUN-002090,reg_sweep_test-002090,Reg_Sweep,APB3,priority,2,4,1,odd,230400,32,0,level,100,32,32,250,2,ACTIVE,stress,0,8,1,1,UVM_MEDIUM,1,0,0.0,-O2 -sv -assert svaext,+UVM_TESTNAME=auto,r1p2,9,384,10.0,reg_sweep_test,reg_sweep_seq,APB3+UART
RUN-002091,dma_burst_test-002091,Dma_Burst,APB3,priority,4,0,0,even,1500000,16,0,edge,50,32,16,100,2,ACTIVE,stress,0,8,1,1,UVM_LOW,1,1,0.0109,-O2 -sv -assert svaext,+UVM_TESTNAME=auto,r1p0,6,192,20.0,dma_burst_test,dma_burst_seq,APB3+UART
RUN-002092,backpressure_test-002092,Backpressure,APB4,round_robin,4,0,1,odd,115200,16,1,level,25,32,16,500,2,ACTIVE,functional,0,4,1,1,UVM_LOW,1,0,0.0,-O2 -sv -assert svaext,+UVM_TESTNAME=auto -cm line+tgl,r1p2,0,192,40.0,backpressure_test,backpressure_seq,APB4+UART
RUN-002093,dma_burst_test-002093,Dma_Burst,APB4,priority,8,7,4,none,921600,4,1,level,100,8,16,500,2,ACTIVE,regression,0,8,0,1,UVM_HIGH,1,0,0.0,-O2 -sv,+UVM_TESTNAME=auto -cm line+tgl,r1p2,6,48,10.0,dma_burst_test,dma_burst_seq,APB4+UART
RUN-002094,reset_recovery_test-002094,Reset_Recovery,APB4,static,2,5,1,none,115200,32,0,edge,25,32,32,250,1,ACTIVE,stress,0,16,1,1,UVM_HIGH,0,0,0.0,-O2 -sv,+UVM_TESTNAME=auto,r2p0,8,384,40.0,reset_recovery_test,reset_recovery_seq,APB4+UART
RUN-002095,irq_storm_test-002095,Irq_Storm,APB3,static,4,6,0,odd,1500000,4,0,edge,25,32,32,250,3,ACTIVE,functional,0,8,0,0,UVM_LOW,0,0,0.0,-O2 -sv -assert svaext,+UVM_TESTNAME=auto,r1p0,10,48,40.0,irq_storm_test,irq_storm_seq,APB3+UART
RUN-002096,reset_recovery_test-002096,Reset_Recovery,APB4,static,8,3,1,none,230400,16,1,edge,50,8,32,250,2,ACTIVE,stress,0,4,1,1,UVM_LOW,0,0,0.0,-O0 -sv -debug,+UVM_TESTNAME=auto -cm line+tgl,r1p0,1,192,20.0,reset_recovery_test,reset_recovery_seq,APB4+UART
RUN-002097,uart_loopback_test-002097,Uart_Loopback,APB4,priority,16,1,2,odd,1500000,16,1,edge,100,16,16,250,2,PASSIVE,functional,1,16,1,1,UVM_MEDIUM,1,1,0.0135,-O2 -sv,+UVM_TESTNAME=auto,r2p0,2,192,10.0,uart_loopback_test,uart_loopback_seq,APB4+UART
RUN-002098,uart_loopback_test-002098,Uart_Loopback,APB3,priority,8,2,2,odd,460800,32,0,level,100,32,32,100,3,ACTIVE,regression,0,4,1,1,UVM_MEDIUM,0,1,0.0014,-O0 -sv -debug,+UVM_TESTNAME=auto,r1p0,11,384,10.0,uart_loopback_test,uart_loopback_seq,APB3+UART
RUN-002099,backpressure_test-002099,Backpressure,APB3,round_robin,2,3,0,even,1500000,8,0,level,100,32,32,50,3,ACTIVE,stress,0,16,1,1,UVM_LOW,0,1,0.0002,-O2 -sv,+UVM_TESTNAME=auto,r1p2,6,96,10.0,backpressure_test,backpressure_seq,APB3+UART
RUN-002100,dma_burst_test-002100,Dma_Burst,APB4,round_robin,2,6,2,none,921600,4,1,level,50,32,16,500,2,ACTIVE,regression,0,8,1,1,UVM_MEDIUM,0,1,0.0294,-O2 -sv,+UVM_TESTNAME=auto,r1p2,1,48,20.0,dma_burst_test,dma_burst_seq,APB4+UART
RUN-002101,irq_storm_test-002101,Irq_Storm,APB4,priority,2,5,1,even,115200,32,0,edge,200,32,32,500,2,ACTIVE,regression,1,8,1,1,UVM_LOW,1,0,0.0,-O2 -sv,+UVM_TESTNAME=auto,r1p2,9,384,5.0,irq_storm_test,irq_storm_seq,APB4+UART
RUN-002102,reg_sweep_test-002102,Reg_Sweep,APB3,priority,2,7,1,odd,230400,64,1,level,100,32,32,100,1,PASSIVE,functional,0,4,1,0,UVM_LOW,0,0,0.0,-O2 -sv -assert svaext,+UVM_TESTNAME=auto,r2p0,10,768,10.0,reg_sweep_test,reg_sweep_seq,APB3+UART
RUN-002103,dma_burst_test-002103,Dma_Burst,APB4,priority,8,5,0,even,230400,64,1,edge,50,16,16,250,1,ACTIVE,regression,0,4,1,0,UVM_HIGH,0,0,0.0,-O0 -sv -debug,+UVM_TESTNAME=auto -cm line+tgl,r1p2,3,768,20.0,dma_burst_test,dma_burst_seq,APB4+UART
RUN-002104,dma_burst_test-002104,Dma_Burst,APB4,static,2,3,2,none,921600,16,1,level,200,32,32,100,3,ACTIVE,regression,0,8,1,1,UVM_LOW,0,1,0.0201,-O2 -sv -assert svaext,+UVM_TESTNAME=auto,r1p0,2,192,5.0,dma_burst_test,dma_burst_seq,APB4+UART
RUN-002105,parity_stress_test-002105,Parity_Stress,APB4,round_robin,8,2,2,none,1500000,16,0,edge,25,32,16,100,1,ACTIVE,regression,0,4,1,1,UVM_HIGH,0,0,0.0,-O0 -sv -debug,+UVM_TESTNAME=auto,r1p0,6,192,40.0,parity_stress_test,parity_stress_seq,APB4+UART
RUN-002106,irq_storm_test-002106,Irq_Storm,APB4,priority,2,3,0,even,115200,4,1,edge,25,16,16,50,1,ACTIVE,stress,0,4,0,1,UVM_LOW,0,1,0.0303,-O2 -sv,+UVM_TESTNAME=auto -cm line+tgl,r2p0,5,48,40.0,irq_storm_test,irq_storm_seq,APB4+UART
RUN-002107,dma_burst_test-002107,Dma_Burst,APB4,priority,8,1,4,none,460800,64,1,level,50,8,32,50,2,ACTIVE,functional,0,4,1,1,UVM_HIGH,0,0,0.0,-O2 -sv -assert svaext,+UVM_TESTNAME=auto -cm line+tgl,r1p0,7,768,20.0,dma_burst_test,dma_burst_seq,APB4+UART
RUN-002108,irq_storm_test-002108,Irq_Storm,APB4,round_robin,2,7,0,odd,115200,8,1,edge,100,32,32,50,1,ACTIVE,stress,1,8,1,0,UVM_LOW,0,0,0.0,-O0 -sv -debug,+UVM_TESTNAME=auto,r1p2,0,96,10.0,irq_storm_test,irq_storm_seq,APB4+UART
RUN-002109,reg_sweep_test-002109,Reg_Sweep,APB3,static,2,6,1,odd,115200,16,0,level,25,8,16,100,2,ACTIVE,regression,1,16,0,1,UVM_MEDIUM,0,1,0.0245,-O2 -sv,+UVM_TESTNAME=auto -cm line+tgl,r2p0,9,192,40.0,reg_sweep_test,reg_sweep_seq,APB3+UART
RUN-002110,reg_sweep_test-002110,Reg_Sweep,APB3,priority,4,1,0,none,230400,4,1,edge,50,16,16,250,2,ACTIVE,functional,1,8,1,1,UVM_MEDIUM,1,0,0.0,-O2 -sv,+UVM_TESTNAME=auto,r1p0,3,48,20.0,reg_sweep_test,reg_sweep_seq,APB3+UART
RUN-002111,backpressure_test-002111,Backpressure,APB4,priority,4,2,4,none,460800,8,1,edge,200,16,32,100,1,ACTIVE,regression,0,16,1,1,UVM_HIGH,0,1,0.0075,-O2 -sv,+UVM_TESTNAME=auto,r2p0,4,96,5.0,backpressure_test,backpressure_seq,APB4+UART
RUN-002112,dma_burst_test-002112,Dma_Burst,APB4,round_robin,8,0,4,odd,115200,4,1,edge,100,32,32,500,2,ACTIVE,functional,1,4,1,1,UVM_HIGH,0,0,0.0,-O0 -sv -debug,+UVM_TESTNAME=auto -cm line+tgl,r1p2,6,48,10.0,dma_burst_test,dma_burst_seq,APB4+UART
RUN-002113,uart_loopback_test-002113,Uart_Loopback,APB3,round_robin,4,1,2,odd,230400,64,1,level,100,8,16,250,2,ACTIVE,functional,0,4,1,1,UVM_LOW,0,0,0.0,-O2 -sv,+UVM_TESTNAME=auto -cm line+tgl,r1p2,0,768,10.0,uart_loopback_test,uart_loopback_seq,APB3+UART
RUN-002114,irq_storm_test-002114,Irq_Storm,APB3,priority,2,2,2,even,460800,4,1,edge,200,16,32,100,1,ACTIVE,functional,0,4,1,1,UVM_HIGH,0,1,0.0142,-O2 -sv -assert svaext,+UVM_TESTNAME=auto -cm line+tgl,r1p2,1,48,5.0,irq_storm_test,irq_storm_seq,APB3+UART
RUN-002115,reset_recovery_test-002115,Reset_Recovery,APB3,round_robin,2,2,1,none,230400,32,0,level,25,8,32,100,2,ACTIVE,functional,0,16,1,1,UVM_LOW,0,0,0.0,-O2 -sv -assert svaext,+UVM_TESTNAME=auto -cm line+tgl,r1p0,2,384,40.0,reset_recovery_test,reset_recovery_seq,APB3+UART
RUN-002116,irq_storm_test-002116,Irq_Storm,APB4,priority,4,2,2,even,460800,16,1,edge,25,8,32,100,1,ACTIVE,functional,1,4,1,1,UVM_LOW,0,0,0.0,-O2 -sv,+UVM_TESTNAME=auto -cm line+tgl,r1p0,7,192,40.0,irq_storm_test,irq_storm_seq,APB4+UART
RUN-002117,parity_stress_test-002117,Parity_Stress,APB3,priority,4,2,4,odd,921600,16,0,level,50,32,32,100,1,ACTIVE,regression,1,8,0,1,UVM_HIGH,0,1,0.0256,-O2 -sv,+UVM_TESTNAME=auto,r1p2,1,192,20.0,parity_stress_test,parity_stress_seq,APB3+UART
RUN-002118,irq_storm_test-002118,Irq_Storm,APB4,static,4,6,2,none,230400,16,1,level,50,16,32,250,1,ACTIVE,stress,1,8,1,1,UVM_LOW,0,1,0.015,-O2 -sv -assert svaext,+UVM_TESTNAME=auto,r2p0,1,192,20.0,irq_storm_test,irq_storm_seq,APB4+UART
RUN-002119,reg_sweep_test-002119,Reg_Sweep,APB3,priority,4,7,2,odd,115200,64,1,level,100,16,32,500,3,ACTIVE,functional,0,16,1,1,UVM_MEDIUM,0,1,0.0122,-O2 -sv -assert svaext,+UVM_TESTNAME=auto,r1p2,4,768,10.0,reg_sweep_test,reg_sweep_seq,APB3+UART
RUN-002120,uart_loopback_test-002120,Uart_Loopback,APB3,static,8,4,1,none,1500000,16,1,level,50,16,32,250,1,PASSIVE,stress,0,8,1,0,UVM_LOW,0,1,0.0379,-O2 -sv,+UVM_TESTNAME=auto,r1p2,1,192,20.0,uart_loopback_test,uart_loopback_seq,APB3+UART
RUN-002121,irq_storm_test-002121,Irq_Storm,APB3,priority,4,5,0,none,1500000,32,0,level,100,32,32,50,1,ACTIVE,functional,0,8,1,1,UVM_HIGH,0,0,0.0,-O2 -sv -assert svaext,+UVM_TESTNAME=auto,r1p2,6,384,10.0,irq_storm_test,irq_storm_seq,APB3+UART
RUN-002122,irq_storm_test-002122,Irq_Storm,APB3,priority,2,3,2,even,921600,64,1,level,100,16,32,50,1,ACTIVE,stress,1,4,1,1,UVM_LOW,1,0,0.0,-O2 -sv -assert svaext,+UVM_TESTNAME=auto,r2p0,0,768,10.0,irq_storm_test,irq_storm_seq,APB3+UART
RUN-002123,uart_loopback_test-002123,Uart_Loopback,APB3,round_robin,2,7,2,none,115200,16,0,edge,50,8,16,250,1,ACTIVE,stress,0,4,1,1,UVM_LOW,1,0,0.0,-O2 -sv -assert svaext,+UVM_TESTNAME=auto,r1p2,5,192,20.0,uart_loopback_test,uart_loopback_seq,APB3+UART
RUN-002124,dma_burst_test-002124,Dma_Burst,APB4,round_robin,2,2,1,even,115200,64,0,level,50,8,32,100,2,ACTIVE,functional,0,8,0,1,UVM_LOW,0,0,0.0,-O0 -sv -debug,+UVM_TESTNAME=auto -cm line+tgl,r2p0,7,768,20.0,dma_burst_test,dma_burst_seq,APB4+UART
RUN-002125,uart_loopback_test-002125,Uart_Loopback,APB4,round_robin,16,1,0,even,921600,16,0,level,50,16,32,100,2,ACTIVE,regression,1,4,1,1,UVM_MEDIUM,0,0,0.0,-O2 -sv,+UVM_TESTNAME=auto,r2p0,7,192,20.0,uart_loopback_test,uart_loopback_seq,APB4+UART
RUN-002126,reset_recovery_test-002126,Reset_Recovery,APB4,priority,2,4,1,odd,460800,32,1,level,50,32,32,100,1,ACTIVE,regression,1,8,1,1,UVM_MEDIUM,1,0,0.0,-O0 -sv -debug,+UVM_TESTNAME=auto,r2p0,10,384,20.0,reset_recovery_test,reset_recovery_seq,APB4+UART
RUN-002127,parity_stress_test-002127,Parity_Stress,APB4,round_robin,8,4,1,odd,230400,8,1,level,200,32,32,100,1,ACTIVE,regression,0,4,1,1,UVM_HIGH,1,0,0.0,-O2 -sv,+UVM_TESTNAME=auto -cm line+tgl,r2p0,1,96,5.0,parity_stress_test,parity_stress_seq,APB4+UART
RUN-002128,backpressure_test-002128,Backpressure,APB3,round_robin,2,1,0,odd,230400,64,0,level,200,32,32,500,2,ACTIVE,functional,0,4,0,1,UVM_LOW,0,0,0.0,-O2 -sv,+UVM_TESTNAME=auto,r1p2,8,768,5.0,backpressure_test,backpressure_seq,APB3+UART
RUN-002129,reset_recovery_test-002129,Reset_Recovery,APB4,priority,4,0,2,even,230400,4,0,level,100,32,32,100,1,ACTIVE,regression,1,8,1,1,UVM_MEDIUM,0,0,0.0,-O2 -sv -assert svaext,+UVM_TESTNAME=auto -cm line+tgl,r2p0,2,48,10.0,reset_recovery_test,reset_recovery_seq,APB4+UART
RUN-002130,irq_storm_test-002130,Irq_Storm,APB4,round_robin,2,5,0,none,921600,32,0,level,50,32,16,50,3,ACTIVE,regression,0,8,1,0,UVM_LOW,0,1,0.0285,-O0 -sv -debug,+UVM_TESTNAME=auto,r2p0,8,384,20.0,irq_storm_test,irq_storm_seq,APB4+UART
RUN-002131,uart_loopback_test-002131,Uart_Loopback,APB4,static,4,7,1,even,921600,64,0,edge,200,32,32,100,1,ACTIVE,functional,0,8,0,1,UVM_MEDIUM,0,1,0.0142,-O2 -sv -assert svaext,+UVM_TESTNAME=auto,r1p0,6,768,5.0,uart_loopback_test,uart_loopback_seq,APB4+UART
RUN-002132,reg_sweep_test-002132,Reg_Sweep,APB4,round_robin,4,7,2,odd,1500000,8,0,level,50,8,32,500,2,ACTIVE,stress,0,4,1,1,UVM_MEDIUM,0,0,0.0,-O0 -sv -debug,+UVM_TESTNAME=auto -cm line+tgl,r2p0,9,96,20.0,reg_sweep_test,reg_sweep_seq,APB4+UART
RUN-002133,backpressure_test-002133,Backpressure,APB3,round_robin,8,5,1,even,460800,16,1,edge,25,8,16,500,1,ACTIVE,stress,0,4,1,1,UVM_LOW,0,1,0.0399,-O2 -sv,+UVM_TESTNAME=auto,r1p2,6,192,40.0,backpressure_test,backpressure_seq,APB3+UART
RUN-002134,reg_sweep_test-002134,Reg_Sweep,APB3,priority,8,4,1,odd,1500000,16,1,level,25,16,32,50,2,ACTIVE,regression,1,16,0,1,UVM_LOW,1,1,0.0252,-O2 -sv -assert svaext,+UVM_TESTNAME=auto -cm line+tgl,r1p0,7,192,40.0,reg_sweep_test,reg_sweep_seq,APB3+UART
RUN-002135,dma_burst_test-002135,Dma_Burst,APB4,static,2,4,0,none,115200,16,0,edge,25,32,16,250,2,ACTIVE,regression,0,4,1,1,UVM_LOW,1,1,0.0328,-O2 -sv,+UVM_TESTNAME=auto,r1p2,9,192,40.0,dma_burst_test,dma_burst_seq,APB4+UART
RUN-002136,irq_storm_test-002136,Irq_Storm,APB4,priority,2,5,0,odd,115200,16,1,edge,25,16,32,250,2,ACTIVE,functional,0,8,0,1,UVM_LOW,0,0,0.0,-O2 -sv,+UVM_TESTNAME=auto,r1p2,5,192,40.0,irq_storm_test,irq_storm_seq,APB4+UART
RUN-002137,backpressure_test-002137,Backpressure,APB4,round_robin,2,4,1,even,460800,16,1,edge,200,32,32,50,2,PASSIVE,regression,0,8,0,0,UVM_HIGH,1,0,0.0,-O2 -sv -assert svaext,+UVM_TESTNAME=auto,r1p2,8,192,5.0,backpressure_test,backpressure_seq,APB4+UART
RUN-002138,parity_stress_test-002138,Parity_Stress,APB4,round_robin,8,6,4,odd,230400,4,1,level,50,32,16,100,3,ACTIVE,functional,1,4,1,1,UVM_LOW,0,0,0.0,-O2 -sv,+UVM_TESTNAME=auto,r1p0,7,48,20.0,parity_stress_test,parity_stress_seq,APB4+UART
RUN-002139,dma_burst_test-002139,Dma_Burst,APB4,round_robin,2,6,1,none,921600,32,1,edge,25,16,32,50,1,ACTIVE,stress,0,8,1,1,UVM_MEDIUM,0,1,0.0176,-O2 -sv -assert svaext,+UVM_TESTNAME=auto,r2p0,0,384,40.0,dma_burst_test,dma_burst_seq,APB4+UART
RUN-002140,reg_sweep_test-002140,Reg_Sweep,APB4,priority,16,6,2,even,460800,4,1,edge,200,16,16,50,2,ACTIVE,regression,0,8,1,1,UVM_LOW,0,1,0.0223,-O2 -sv -assert svaext,+UVM_TESTNAME=auto -cm line+tgl,r1p0,3,48,5.0,reg_sweep_test,reg_sweep_seq,APB4+UART
RUN-002141,uart_loopback_test-002141,Uart_Loopback,APB4,priority,8,5,4,even,115200,8,1,edge,25,16,32,100,1,PASSIVE,functional,1,4,1,1,UVM_MEDIUM,1,1,0.0064,-O2 -sv,+UVM_TESTNAME=auto,r1p0,2,96,40.0,uart_loopback_test,uart_loopback_seq,APB4+UART
RUN-002142,reg_sweep_test-002142,Reg_Sweep,APB3,round_robin,4,4,1,odd,1500000,16,1,level,50,32,32,100,2,ACTIVE,stress,0,4,1,1,UVM_MEDIUM,0,0,0.0,-O2 -sv,+UVM_TESTNAME=auto,r1p2,0,192,20.0,reg_sweep_test,reg_sweep_seq,APB3+UART
RUN-002143,dma_burst_test-002143,Dma_Burst,APB3,static,16,4,0,none,921600,8,0,level,25,16,16,100,1,ACTIVE,regression,0,8,0,1,UVM_HIGH,0,1,0.0076,-O0 -sv -debug,+UVM_TESTNAME=auto -cm line+tgl,r1p0,4,96,40.0,dma_burst_test,dma_burst_seq,APB3+UART
RUN-002144,dma_burst_test-002144,Dma_Burst,APB4,round_robin,2,5,4,none,115200,64,0,edge,100,32,16,500,1,ACTIVE,stress,0,16,1,0,UVM_LOW,0,0,0.0,-O2 -sv,+UVM_TESTNAME=auto,r1p2,5,768,10.0,dma_burst_test,dma_burst_seq,APB4+UART
RUN-002145,reg_sweep_test-002145,Reg_Sweep,APB4,round_robin,4,6,0,odd,230400,16,0,edge,50,32,32,100,2,ACTIVE,regression,0,8,0,1,UVM_LOW,0,1,0.0022,-O0 -sv -debug,+UVM_TESTNAME=auto,r1p2,3,192,20.0,reg_sweep_test,reg_sweep_seq,APB4+UART
RUN-002146,parity_stress_test-002146,Parity_Stress,APB3,static,8,6,1,none,460800,8,0,edge,50,8,16,100,2,ACTIVE,regression,0,8,0,1,UVM_MEDIUM,0,0,0.0,-O2 -sv -assert svaext,+UVM_TESTNAME=auto,r2p0,0,96,20.0,parity_stress_test,parity_stress_seq,APB3+UART
RUN-002147,parity_stress_test-002147,Parity_Stress,APB3,static,4,7,0,odd,115200,8,0,edge,200,32,32,250,1,ACTIVE,regression,0,4,1,1,UVM_LOW,0,1,0.0054,-O0 -sv -debug,+UVM_TESTNAME=auto,r1p2,2,96,5.0,parity_stress_test,parity_stress_seq,APB3+UART
RUN-002148,reset_recovery_test-002148,Reset_Recovery,APB3,static,4,2,1,even,921600,16,1,edge,50,16,32,250,2,ACTIVE,functional,1,16,1,1,UVM_HIGH,0,0,0.0,-O2 -sv,+UVM_TESTNAME=auto,r1p2,5,192,20.0,reset_recovery_test,reset_recovery_seq,APB3+UART
RUN-002149,parity_stress_test-002149,Parity_Stress,APB3,round_robin,4,5,4,none,460800,32,0,level,50,32,32,250,2,ACTIVE,regression,0,16,1,1,UVM_MEDIUM,0,0,0.0,-O2 -sv,+UVM_TESTNAME=auto -cm line+tgl,r2p0,10,384,20.0,parity_stress_test,parity_stress_seq,APB3+UART
RUN-002150,parity_stress_test-002150,Parity_Stress,APB4,static,4,7,4,none,230400,32,1,edge,25,16,16,500,2,ACTIVE,regression,0,4,0,0,UVM_HIGH,0,1,0.025,-O2 -sv,+UVM_TESTNAME=auto,r1p2,5,384,40.0,parity_stress_test,parity_stress_seq,APB4+UART
RUN-002151,uart_loopback_test-002151,Uart_Loopback,APB3,round_robin,8,5,1,even,921600,64,1,level,100,16,16,100,1,ACTIVE,functional,0,16,0,1,UVM_MEDIUM,0,0,0.0,-O2 -sv,+UVM_TESTNAME=auto,r2p0,0,768,10.0,uart_loopback_test,uart_loopback_seq,APB3+UART
RUN-002152,dma_burst_test-002152,Dma_Burst,APB4,priority,2,7,2,even,230400,32,1,edge,100,32,32,500,2,ACTIVE,stress,0,8,0,1,UVM_LOW,0,0,0.0,-O2 -sv -assert svaext,+UVM_TESTNAME=auto -cm line+tgl,r1p0,4,384,10.0,dma_burst_test,dma_burst_seq,APB4+UART
RUN-002153,reg_sweep_test-002153,Reg_Sweep,APB4,round_robin,8,3,2,none,921600,16,1,level,100,16,16,100,1,ACTIVE,functional,0,8,1,1,UVM_MEDIUM,0,0,0.0,-O2 -sv -assert svaext,+UVM_TESTNAME=auto,r1p2,6,192,10.0,reg_sweep_test,reg_sweep_seq,APB4+UART
RUN-002154,dma_burst_test-002154,Dma_Burst,APB3,static,4,2,1,none,115200,16,1,edge,100,8,32,250,2,ACTIVE,regression,1,4,1,1,UVM_MEDIUM,0,1,0.0231,-O2 -sv -assert svaext,+UVM_TESTNAME=auto,r1p0,4,192,10.0,dma_burst_test,dma_burst_seq,APB3+UART
RUN-002155,reg_sweep_test-002155,Reg_Sweep,APB3,priority,4,2,1,odd,460800,4,0,level,200,32,16,100,2,ACTIVE,stress,0,8,1,1,UVM_LOW,0,0,0.0,-O2 -sv,+UVM_TESTNAME=auto,r1p2,4,48,5.0,reg_sweep_test,reg_sweep_seq,APB3+UART
RUN-002156,dma_burst_test-002156,Dma_Burst,APB3,priority,2,6,1,none,460800,16,1,edge,50,32,32,100,1,PASSIVE,functional,0,8,0,0,UVM_LOW,0,0,0.0,-O2 -sv,+UVM_TESTNAME=auto -cm line+tgl,r2p0,10,192,20.0,dma_burst_test,dma_burst_seq,APB3+UART
RUN-002157,irq_storm_test-002157,Irq_Storm,APB4,priority,4,4,0,even,115200,16,1,level,200,8,16,50,1,ACTIVE,regression,0,8,0,0,UVM_LOW,0,1,0.0036,-O2 -sv -assert svaext,+UVM_TESTNAME=auto,r2p0,7,192,5.0,irq_storm_test,irq_storm_seq,APB4+UART
RUN-002158,parity_stress_test-002158,Parity_Stress,APB4,round_robin,4,2,0,even,460800,16,0,edge,200,32,32,50,1,ACTIVE,regression,1,16,1,0,UVM_HIGH,0,0,0.0,-O2 -sv,+UVM_TESTNAME=auto,r1p2,2,192,5.0,parity_stress_test,parity_stress_seq,APB4+UART
RUN-002159,uart_loopback_test-002159,Uart_Loopback,APB4,round_robin,8,6,1,even,460800,16,1,edge,100,32,32,250,2,ACTIVE,stress,0,8,0,1,UVM_LOW,0,0,0.0,-O2 -sv -assert svaext,+UVM_TESTNAME=auto -cm line+tgl,r2p0,11,192,10.0,uart_loopback_test,uart_loopback_seq,APB4+UART
RUN-002160,reset_recovery_test-002160,Reset_Recovery,APB4,priority,2,6,1,odd,230400,32,1,level,100,16,32,50,2,ACTIVE,stress,0,4,0,1,UVM_MEDIUM,0,0,0.0,-O2 -sv -assert svaext,+UVM_TESTNAME=auto,r1p0,3,384,10.0,reset_recovery_test,reset_recovery_seq,APB4+UART
RUN-002161,backpressure_test-002161,Backpressure,APB4,round_robin,8,0,1,odd,921600,16,1,level,200,32,32,50,1,ACTIVE,stress,0,8,0,1,UVM_HIGH,0,0,0.0,-O2 -sv -assert svaext,+UVM_TESTNAME=auto,r1p2,3,192,5.0,backpressure_test,backpressure_seq,APB4+UART
RUN-002162,backpressure_test-002162,Backpressure,APB4,round_robin,8,0,4,even,230400,64,1,edge,25,16,32,50,3,ACTIVE,stress,0,16,0,1,UVM_MEDIUM,0,0,0.0,-O2 -sv -assert svaext,+UVM_TESTNAME=auto -cm line+tgl,r1p2,5,768,40.0,backpressure_test,backpressure_seq,APB4+UART
RUN-002163,irq_storm_test-002163,Irq_Storm,APB3,round_robin,2,7,4,even,1500000,32,0,level,100,16,16,250,2,ACTIVE,regression,1,8,1,1,UVM_MEDIUM,1,0,0.0,-O2 -sv -assert svaext,+UVM_TESTNAME=auto,r1p2,10,384,10.0,irq_storm_test,irq_storm_seq,APB3+UART
RUN-002164,reg_sweep_test-002164,Reg_Sweep,APB3,round_robin,4,6,0,odd,230400,64,0,edge,200,16,16,100,3,ACTIVE,stress,0,8,1,1,UVM_LOW,0,0,0.0,-O0 -sv -debug,+UVM_TESTNAME=auto -cm line+tgl,r1p0,7,768,5.0,reg_sweep_test,reg_sweep_seq,APB3+UART
RUN-002165,parity_stress_test-002165,Parity_Stress,APB4,priority,2,6,2,even,921600,8,1,edge,25,32,16,500,1,ACTIVE,stress,0,8,1,1,UVM_MEDIUM,0,0,0.0,-O0 -sv -debug,+UVM_TESTNAME=auto -cm line+tgl,r1p2,3,96,40.0,parity_stress_test,parity_stress_seq,APB4+UART
RUN-002166,dma_burst_test-002166,Dma_Burst,APB4,round_robin,4,5,2,odd,1500000,8,0,edge,200,32,32,250,2,ACTIVE,stress,0,16,1,1,UVM_HIGH,0,1,0.0083,-O2 -sv,+UVM_TESTNAME=auto,r1p0,10,96,5.0,dma_burst_test,dma_burst_seq,APB4+UART
RUN-002167,dma_burst_test-002167,Dma_Burst,APB4,static,8,1,1,even,460800,16,1,edge,25,32,32,250,3,ACTIVE,functional,0,4,0,1,UVM_MEDIUM,0,0,0.0,-O2 -sv -assert svaext,+UVM_TESTNAME=auto,r2p0,0,192,40.0,dma_burst_test,dma_burst_seq,APB4+UART
RUN-002168,reg_sweep_test-002168,Reg_Sweep,APB3,round_robin,8,7,2,none,230400,16,0,level,200,32,32,100,2,ACTIVE,functional,0,4,1,1,UVM_LOW,0,0,0.0,-O0 -sv -debug,+UVM_TESTNAME=auto -cm line+tgl,r1p2,2,192,5.0,reg_sweep_test,reg_sweep_seq,APB3+UART
RUN-002169,irq_storm_test-002169,Irq_Storm,APB3,round_robin,2,2,4,even,460800,16,0,level,200,8,32,100,2,ACTIVE,stress,1,8,1,1,UVM_LOW,0,0,0.0,-O2 -sv,+UVM_TESTNAME=auto,r1p2,1,192,5.0,irq_storm_test,irq_storm_seq,APB3+UART
RUN-002170,reg_sweep_test-002170,Reg_Sweep,APB3,priority,16,7,1,even,460800,8,1,level,25,8,32,250,1,ACTIVE,stress,0,4,1,1,UVM_LOW,0,0,0.0,-O2 -sv -assert svaext,+UVM_TESTNAME=auto,r1p2,11,96,40.0,reg_sweep_test,reg_sweep_seq,APB3+UART
RUN-002171,backpressure_test-002171,Backpressure,APB4,round_robin,8,4,1,even,460800,16,0,level,200,32,16,50,1,PASSIVE,regression,0,8,1,1,UVM_MEDIUM,0,1,0.0329,-O0 -sv -debug,+UVM_TESTNAME=auto,r1p0,11,192,5.0,backpressure_test,backpressure_seq,APB4+UART
RUN-002172,backpressure_test-002172,Backpressure,APB3,round_robin,8,5,2,none,460800,8,1,edge,200,8,16,100,2,PASSIVE,stress,0,8,0,1,UVM_LOW,1,0,0.0,-O2 -sv -assert svaext,+UVM_TESTNAME=auto -cm line+tgl,r1p0,3,96,5.0,backpressure_test,backpressure_seq,APB3+UART
RUN-002173,reset_recovery_test-002173,Reset_Recovery,APB4,priority,2,5,1,none,921600,32,1,level,200,8,32,250,1,ACTIVE,functional,1,16,1,1,UVM_LOW,0,0,0.0,-O2 -sv,+UVM_TESTNAME=auto,r1p2,6,384,5.0,reset_recovery_test,reset_recovery_seq,APB4+UART
RUN-002174,reg_sweep_test-002174,Reg_Sweep,APB3,static,16,3,4,odd,230400,16,1,edge,50,16,32,100,2,ACTIVE,functional,0,8,1,1,UVM_LOW,0,0,0.0,-O2 -sv -assert svaext,+UVM_TESTNAME=auto,r1p0,10,192,20.0,reg_sweep_test,reg_sweep_seq,APB3+UART
RUN-002175,irq_storm_test-002175,Irq_Storm,APB3,static,2,7,0,even,115200,16,0,level,200,32,32,50,2,ACTIVE,functional,0,4,1,1,UVM_LOW,1,0,0.0,-O2 -sv -assert svaext,+UVM_TESTNAME=auto,r1p2,9,192,5.0,irq_storm_test,irq_storm_seq,APB3+UART
RUN-002176,reset_recovery_test-002176,Reset_Recovery,APB3,priority,8,4,2,none,460800,32,1,level,200,32,32,50,1,ACTIVE,functional,0,16,1,1,UVM_LOW,0,0,0.0,-O2 -sv -assert svaext,+UVM_TESTNAME=auto -cm line+tgl,r1p0,4,384,5.0,reset_recovery_test,reset_recovery_seq,APB3+UART
RUN-002177,reset_recovery_test-002177,Reset_Recovery,APB3,priority,4,2,0,even,460800,8,0,level,50,32,32,100,2,ACTIVE,functional,0,16,0,1,UVM_LOW,0,1,0.0203,-O2 -sv -assert svaext,+UVM_TESTNAME=auto,r1p2,0,96,20.0,reset_recovery_test,reset_recovery_seq,APB3+UART
RUN-002178,reg_sweep_test-002178,Reg_Sweep,APB3,static,8,5,1,odd,460800,16,0,level,100,16,16,100,2,ACTIVE,functional,0,8,1,1,UVM_MEDIUM,0,0,0.0,-O2 -sv -assert svaext,+UVM_TESTNAME=auto,r1p2,10,192,10.0,reg_sweep_test,reg_sweep_seq,APB3+UART
RUN-002179,dma_burst_test-002179,Dma_Burst,APB4,round_robin,4,6,4,even,115200,8,0,level,50,8,32,100,1,ACTIVE,stress,0,4,1,1,UVM_LOW,0,1,0.0016,-O0 -sv -debug,+UVM_TESTNAME=auto,r2p0,2,96,20.0,dma_burst_test,dma_burst_seq,APB4+UART
RUN-002180,reg_sweep_test-002180,Reg_Sweep,APB4,priority,16,0,1,odd,1500000,32,1,edge,25,32,16,250,1,ACTIVE,regression,1,16,1,1,UVM_LOW,1,0,0.0,-O2 -sv,+UVM_TESTNAME=auto,r2p0,7,384,40.0,reg_sweep_test,reg_sweep_seq,APB4+UART
RUN-002181,backpressure_test-002181,Backpressure,APB3,priority,8,5,4,none,1500000,32,0,edge,50,8,32,250,1,ACTIVE,regression,0,16,1,0,UVM_LOW,0,0,0.0,-O2 -sv -assert svaext,+UVM_TESTNAME=auto,r1p2,0,384,20.0,backpressure_test,backpressure_seq,APB3+UART
RUN-002182,reg_sweep_test-002182,Reg_Sweep,APB3,round_robin,8,0,2,odd,115200,16,0,level,50,16,32,50,1,ACTIVE,stress,0,16,1,1,UVM_HIGH,0,0,0.0,-O0 -sv -debug,+UVM_TESTNAME=auto,r1p2,9,192,20.0,reg_sweep_test,reg_sweep_seq,APB3+UART
RUN-002183,irq_storm_test-002183,Irq_Storm,APB4,round_robin,4,1,0,odd,115200,32,1,level,100,16,32,500,2,ACTIVE,regression,0,8,0,1,UVM_MEDIUM,1,0,0.0,-O2 -sv -assert svaext,+UVM_TESTNAME=auto,r1p2,7,384,10.0,irq_storm_test,irq_storm_seq,APB4+UART
RUN-002184,dma_burst_test-002184,Dma_Burst,APB4,priority,2,6,0,odd,230400,4,1,edge,100,16,16,100,2,ACTIVE,functional,0,16,1,1,UVM_HIGH,0,0,0.0,-O2 -sv -assert svaext,+UVM_TESTNAME=auto,r2p0,3,48,10.0,dma_burst_test,dma_burst_seq,APB4+UART
RUN-002185,parity_stress_test-002185,Parity_Stress,APB3,round_robin,4,6,2,even,230400,32,0,edge,50,32,32,250,2,ACTIVE,stress,0,4,1,1,UVM_MEDIUM,0,0,0.0,-O2 -sv,+UVM_TESTNAME=auto -cm line+tgl,r1p2,3,384,20.0,parity_stress_test,parity_stress_seq,APB3+UART
RUN-002186,reg_sweep_test-002186,Reg_Sweep,APB3,round_robin,4,6,0,even,1500000,4,1,edge,25,8,16,250,1,ACTIVE,stress,0,8,1,0,UVM_LOW,0,0,0.0,-O2 -sv -assert svaext,+UVM_TESTNAME=auto,r2p0,9,48,40.0,reg_sweep_test,reg_sweep_seq,APB3+UART
RUN-002187,parity_stress_test-002187,Parity_Stress,APB4,static,4,4,4,even,115200,32,1,level,100,8,16,50,2,ACTIVE,regression,0,16,1,1,UVM_MEDIUM,0,0,0.0,-O2 -sv -assert svaext,+UVM_TESTNAME=auto,r2p0,4,384,10.0,parity_stress_test,parity_stress_seq,APB4+UART
RUN-002188,reg_sweep_test-002188,Reg_Sweep,APB4,round_robin,16,4,1,none,921600,32,1,edge,100,8,32,250,3,ACTIVE,functional,0,8,0,1,UVM_MEDIUM,1,1,0.0305,-O0 -sv -debug,+UVM_TESTNAME=auto,r1p2,5,384,10.0,reg_sweep_test,reg_sweep_seq,APB4+UART
RUN-002189,reg_sweep_test-002189,Reg_Sweep,APB4,static,4,5,0,none,230400,4,0,level,25,8,16,500,3,ACTIVE,stress,0,16,0,1,UVM_MEDIUM,0,0,0.0,-O2 -sv,+UVM_TESTNAME=auto,r2p0,11,48,40.0,reg_sweep_test,reg_sweep_seq,APB4+UART
RUN-002190,irq_storm_test-002190,Irq_Storm,APB4,round_robin,16,0,2,odd,921600,8,1,edge,25,16,32,250,2,ACTIVE,regression,1,8,1,1,UVM_LOW,0,0,0.0,-O0 -sv -debug,+UVM_TESTNAME=auto -cm line+tgl,r1p0,8,96,40.0,irq_storm_test,irq_storm_seq,APB4+UART
RUN-002191,reg_sweep_test-002191,Reg_Sweep,APB3,round_robin,8,5,1,even,230400,16,1,level,200,16,32,100,2,ACTIVE,functional,0,4,0,1,UVM_MEDIUM,1,0,0.0,-O0 -sv -debug,+UVM_TESTNAME=auto,r2p0,9,192,5.0,reg_sweep_test,reg_sweep_seq,APB3+UART
RUN-002192,backpressure_test-002192,Backpressure,APB3,round_robin,4,1,1,even,230400,64,1,edge,50,32,16,100,1,ACTIVE,functional,0,4,0,1,UVM_HIGH,1,0,0.0,-O0 -sv -debug,+UVM_TESTNAME=auto -cm line+tgl,r1p0,11,768,20.0,backpressure_test,backpressure_seq,APB3+UART
RUN-002193,reg_sweep_test-002193,Reg_Sweep,APB3,priority,8,2,0,even,1500000,16,0,edge,100,16,16,100,3,PASSIVE,functional,0,4,1,1,UVM_MEDIUM,0,1,0.0304,-O2 -sv,+UVM_TESTNAME=auto,r1p2,3,192,10.0,reg_sweep_test,reg_sweep_seq,APB3+UART
RUN-002194,backpressure_test-002194,Backpressure,APB4,round_robin,2,3,0,even,115200,16,1,edge,25,32,32,100,1,ACTIVE,functional,0,4,1,1,UVM_LOW,0,1,0.0386,-O2 -sv -assert svaext,+UVM_TESTNAME=auto -cm line+tgl,r1p0,0,192,40.0,backpressure_test,backpressure_seq,APB4+UART
RUN-002195,backpressure_test-002195,Backpressure,APB4,round_robin,4,0,0,odd,230400,16,1,edge,50,32,32,250,3,ACTIVE,stress,0,16,1,1,UVM_LOW,0,0,0.0,-O2 -sv -assert svaext,+UVM_TESTNAME=auto -cm line+tgl,r1p2,1,192,20.0,backpressure_test,backpressure_seq,APB4+UART
RUN-002196,reg_sweep_test-002196,Reg_Sweep,APB4,round_robin,2,2,4,odd,115200,8,1,level,25,8,16,100,2,ACTIVE,functional,0,16,1,1,UVM_MEDIUM,0,0,0.0,-O0 -sv -debug,+UVM_TESTNAME=auto -cm line+tgl,r1p0,0,96,40.0,reg_sweep_test,reg_sweep_seq,APB4+UART
RUN-002197,reg_sweep_test-002197,Reg_Sweep,APB4,priority,2,7,1,even,1500000,32,1,edge,100,32,32,50,3,ACTIVE,regression,0,4,0,1,UVM_MEDIUM,1,0,0.0,-O2 -sv,+UVM_TESTNAME=auto -cm line+tgl,r1p0,4,384,10.0,reg_sweep_test,reg_sweep_seq,APB4+UART
RUN-002198,reg_sweep_test-002198,Reg_Sweep,APB4,priority,4,5,1,odd,921600,4,0,level,100,32,16,500,3,ACTIVE,stress,0,4,0,1,UVM_MEDIUM,0,0,0.0,-O2 -sv -assert svaext,+UVM_TESTNAME=auto,r1p2,5,48,10.0,reg_sweep_test,reg_sweep_seq,APB4+UART
RUN-002199,parity_stress_test-002199,Parity_Stress,APB3,static,16,5,0,odd,230400,16,1,edge,200,8,32,100,2,ACTIVE,functional,0,16,0,0,UVM_LOW,0,0,0.0,-O0 -sv -debug,+UVM_TESTNAME=auto,r1p2,10,192,5.0,parity_stress_test,parity_stress_seq,APB3+UART
RUN-002200,reset_recovery_test-002200,Reset_Recovery,APB4,static,4,2,2,odd,921600,32,0,level,25,32,32,250,1,PASSIVE,functional,0,8,1,1,UVM_LOW,0,0,0.0,-O2 -sv,+UVM_TESTNAME=auto -cm line+tgl,r2p0,5,384,40.0,reset_recovery_test,reset_recovery_seq,APB4+UART
RUN-002201,reg_sweep_test-002201,Reg_Sweep,APB4,priority,8,3,0,odd,230400,16,0,edge,100,8,16,500,2,ACTIVE,regression,0,4,1,0,UVM_LOW,0,0,0.0,-O2 -sv -assert svaext,+UVM_TESTNAME=auto -cm line+tgl,r2p0,8,192,10.0,reg_sweep_test,reg_sweep_seq,APB4+UART
RUN-002202,uart_loopback_test-002202,Uart_Loopback,APB4,priority,8,5,0,none,1500000,64,1,level,50,8,32,50,1,ACTIVE,regression,0,8,0,1,UVM_LOW,0,0,0.0,-O2 -sv -assert svaext,+UVM_TESTNAME=auto,r1p0,5,768,20.0,uart_loopback_test,uart_loopback_seq,APB4+UART
RUN-002203,reg_sweep_test-002203,Reg_Sweep,APB4,round_robin,2,2,0,none,115200,16,1,level,25,16,16,250,2,ACTIVE,regression,1,8,1,1,UVM_LOW,0,1,0.025,-O2 -sv,+UVM_TESTNAME=auto,r1p0,1,192,40.0,reg_sweep_test,reg_sweep_seq,APB4+UART
RUN-002204,irq_storm_test-002204,Irq_Storm,APB4,static,2,6,2,odd,921600,16,1,level,50,32,32,50,1,ACTIVE,regression,1,4,1,1,UVM_LOW,0,0,0.0,-O0 -sv -debug,+UVM_TESTNAME=auto -cm line+tgl,r2p0,5,192,20.0,irq_storm_test,irq_storm_seq,APB4+UART
RUN-002205,uart_loopback_test-002205,Uart_Loopback,APB4,priority,16,3,1,odd,1500000,16,1,edge,100,8,32,500,1,PASSIVE,stress,0,4,1,1,UVM_LOW,0,0,0.0,-O0 -sv -debug,+UVM_TESTNAME=auto -cm line+tgl,r1p0,11,192,10.0,uart_loopback_test,uart_loopback_seq,APB4+UART
RUN-002206,irq_storm_test-002206,Irq_Storm,APB4,static,8,7,0,none,921600,16,1,level,100,32,32,250,3,ACTIVE,functional,0,4,0,1,UVM_LOW,1,0,0.0,-O2 -sv -assert svaext,+UVM_TESTNAME=auto -cm line+tgl,r2p0,11,192,10.0,irq_storm_test,irq_storm_seq,APB4+UART
RUN-002207,uart_loopback_test-002207,Uart_Loopback,APB4,static,8,4,2,even,921600,32,1,edge,50,32,16,100,1,ACTIVE,regression,1,4,1,1,UVM_LOW,0,1,0.0364,-O2 -sv,+UVM_TESTNAME=auto,r1p2,2,384,20.0,uart_loopback_test,uart_loopback_seq,APB4+UART
RUN-002208,parity_stress_test-002208,Parity_Stress,APB4,round_robin,16,4,0,odd,115200,32,1,level,25,32,32,100,2,ACTIVE,stress,1,4,1,1,UVM_MEDIUM,1,0,0.0,-O2 -sv -assert svaext,+UVM_TESTNAME=auto,r1p2,7,384,40.0,parity_stress_test,parity_stress_seq,APB4+UART
RUN-002209,parity_stress_test-002209,Parity_Stress,APB3,round_robin,8,0,0,even,1500000,8,1,edge,100,8,32,100,3,ACTIVE,functional,0,4,1,1,UVM_LOW,1,0,0.0,-O2 -sv -assert svaext,+UVM_TESTNAME=auto,r1p0,6,96,10.0,parity_stress_test,parity_stress_seq,APB3+UART
RUN-002210,reg_sweep_test-002210,Reg_Sweep,APB4,round_robin,4,0,2,none,1500000,8,0,level,100,16,32,500,1,ACTIVE,functional,0,4,1,1,UVM_MEDIUM,0,0,0.0,-O0 -sv -debug,+UVM_TESTNAME=auto -cm line+tgl,r2p0,7,96,10.0,reg_sweep_test,reg_sweep_seq,APB4+UART
RUN-002211,uart_loopback_test-002211,Uart_Loopback,APB3,priority,4,3,2,none,921600,8,0,level,100,16,16,100,2,ACTIVE,functional,0,8,1,1,UVM_MEDIUM,0,1,0.0009,-O2 -sv,+UVM_TESTNAME=auto,r1p2,11,96,10.0,uart_loopback_test,uart_loopback_seq,APB3+UART
RUN-002212,irq_storm_test-002212,Irq_Storm,APB4,round_robin,16,0,2,even,115200,16,1,edge,50,16,16,100,1,ACTIVE,functional,0,8,1,1,UVM_LOW,0,1,0.0093,-O2 -sv,+UVM_TESTNAME=auto,r2p0,9,192,20.0,irq_storm_test,irq_storm_seq,APB4+UART
RUN-002213,irq_storm_test-002213,Irq_Storm,APB4,priority,4,6,1,none,460800,32,1,edge,100,8,32,250,2,ACTIVE,functional,0,4,0,1,UVM_LOW,0,1,0.0107,-O2 -sv,+UVM_TESTNAME=auto,r2p0,7,384,10.0,irq_storm_test,irq_storm_seq,APB4+UART
RUN-002214,reset_recovery_test-002214,Reset_Recovery,APB3,priority,4,4,0,none,921600,32,1,edge,100,32,32,500,3,ACTIVE,stress,0,16,1,1,UVM_LOW,1,0,0.0,-O2 -sv -assert svaext,+UVM_TESTNAME=auto,r1p2,1,384,10.0,reset_recovery_test,reset_recovery_seq,APB3+UART
RUN-002215,irq_storm_test-002215,Irq_Storm,APB4,priority,16,7,2,odd,230400,32,0,edge,100,16,16,100,1,ACTIVE,functional,0,16,0,1,UVM_MEDIUM,1,0,0.0,-O2 -sv,+UVM_TESTNAME=auto -cm line+tgl,r1p0,8,384,10.0,irq_storm_test,irq_storm_seq,APB4+UART
RUN-002216,reg_sweep_test-002216,Reg_Sweep,APB4,round_robin,16,0,4,odd,921600,64,0,edge,50,32,16,500,3,ACTIVE,regression,0,16,1,1,UVM_MEDIUM,1,0,0.0,-O2 -sv -assert svaext,+UVM_TESTNAME=auto,r2p0,11,768,20.0,reg_sweep_test,reg_sweep_seq,APB4+UART
RUN-002217,reg_sweep_test-002217,Reg_Sweep,APB4,round_robin,2,3,1,odd,230400,8,1,level,100,32,16,500,2,ACTIVE,stress,0,8,1,1,UVM_MEDIUM,1,0,0.0,-O2 -sv,+UVM_TESTNAME=auto -cm line+tgl,r2p0,3,96,10.0,reg_sweep_test,reg_sweep_seq,APB4+UART
RUN-002218,irq_storm_test-002218,Irq_Storm,APB3,static,8,6,2,odd,230400,4,0,edge,50,16,32,100,2,PASSIVE,stress,0,8,0,1,UVM_MEDIUM,0,1,0.0017,-O2 -sv,+UVM_TESTNAME=auto -cm line+tgl,r1p2,3,48,20.0,irq_storm_test,irq_storm_seq,APB3+UART
RUN-002219,reset_recovery_test-002219,Reset_Recovery,APB4,round_robin,16,4,0,even,460800,64,1,level,25,16,16,500,2,ACTIVE,functional,0,8,0,1,UVM_MEDIUM,0,0,0.0,-O0 -sv -debug,+UVM_TESTNAME=auto,r1p2,11,768,40.0,reset_recovery_test,reset_recovery_seq,APB4+UART
RUN-002220,backpressure_test-002220,Backpressure,APB3,static,2,3,0,odd,460800,8,1,edge,50,16,16,50,3,ACTIVE,stress,1,16,1,1,UVM_MEDIUM,0,0,0.0,-O2 -sv -assert svaext,+UVM_TESTNAME=auto,r1p2,9,96,20.0,backpressure_test,backpressure_seq,APB3+UART
RUN-002221,uart_loopback_test-002221,Uart_Loopback,APB4,priority,4,0,1,even,115200,8,0,level,100,16,16,100,2,ACTIVE,functional,1,8,0,1,UVM_LOW,0,0,0.0,-O0 -sv -debug,+UVM_TESTNAME=auto,r1p2,10,96,10.0,uart_loopback_test,uart_loopback_seq,APB4+UART
RUN-002222,irq_storm_test-002222,Irq_Storm,APB3,static,2,4,1,odd,230400,8,1,level,50,32,32,250,3,ACTIVE,regression,0,8,1,0,UVM_MEDIUM,0,0,0.0,-O0 -sv -debug,+UVM_TESTNAME=auto,r1p0,4,96,20.0,irq_storm_test,irq_storm_seq,APB3+UART
RUN-002223,irq_storm_test-002223,Irq_Storm,APB3,priority,8,3,2,even,460800,8,1,level,50,16,32,100,3,ACTIVE,regression,0,4,0,1,UVM_MEDIUM,0,1,0.0157,-O2 -sv -assert svaext,+UVM_TESTNAME=auto -cm line+tgl,r1p2,9,96,20.0,irq_storm_test,irq_storm_seq,APB3+UART
RUN-002224,uart_loopback_test-002224,Uart_Loopback,APB3,round_robin,2,6,1,even,1500000,8,0,level,50,8,32,100,3,ACTIVE,regression,0,4,0,1,UVM_HIGH,0,1,0.0227,-O2 -sv,+UVM_TESTNAME=auto -cm line+tgl,r1p2,1,96,20.0,uart_loopback_test,uart_loopback_seq,APB3+UART
RUN-002225,irq_storm_test-002225,Irq_Storm,APB3,round_robin,2,0,1,odd,921600,64,1,level,25,32,32,250,2,ACTIVE,functional,1,8,0,1,UVM_HIGH,0,1,0.0086,-O2 -sv,+UVM_TESTNAME=auto,r1p2,5,768,40.0,irq_storm_test,irq_storm_seq,APB3+UART
RUN-002226,uart_loopback_test-002226,Uart_Loopback,APB4,priority,4,4,1,even,460800,16,0,edge,50,16,16,250,2,ACTIVE,functional,0,8,1,1,UVM_LOW,0,1,0.0082,-O2 -sv,+UVM_TESTNAME=auto -cm line+tgl,r2p0,10,192,20.0,uart_loopback_test,uart_loopback_seq,APB4+UART
RUN-002227,reg_sweep_test-002227,Reg_Sweep,APB4,priority,4,0,0,none,460800,8,0,edge,50,32,32,100,3,ACTIVE,functional,0,8,1,1,UVM_HIGH,0,1,0.0276,-O0 -sv -debug,+UVM_TESTNAME=auto,r1p0,10,96,20.0,reg_sweep_test,reg_sweep_seq,APB4+UART
RUN-002228,backpressure_test-002228,Backpressure,APB4,round_robin,4,0,0,odd,1500000,16,0,level,200,32,32,250,2,PASSIVE,stress,0,8,1,0,UVM_LOW,0,1,0.0168,-O0 -sv -debug,+UVM_TESTNAME=auto,r1p2,3,192,5.0,backpressure_test,backpressure_seq,APB4+UART
RUN-002229,uart_loopback_test-002229,Uart_Loopback,APB3,static,16,4,2,even,1500000,16,1,edge,100,32,16,250,1,ACTIVE,regression,1,4,0,1,UVM_MEDIUM,1,0,0.0,-O0 -sv -debug,+UVM_TESTNAME=auto,r1p2,3,192,10.0,uart_loopback_test,uart_loopback_seq,APB3+UART
RUN-002230,parity_stress_test-002230,Parity_Stress,APB4,round_robin,4,4,2,even,230400,32,1,level,100,16,16,250,2,ACTIVE,functional,0,16,0,1,UVM_LOW,1,0,0.0,-O2 -sv,+UVM_TESTNAME=auto -cm line+tgl,r2p0,5,384,10.0,parity_stress_test,parity_stress_seq,APB4+UART
RUN-002231,reg_sweep_test-002231,Reg_Sweep,APB4,round_robin,4,0,2,even,115200,32,1,edge,50,32,32,250,3,ACTIVE,regression,0,8,1,0,UVM_LOW,0,1,0.0295,-O2 -sv,+UVM_TESTNAME=auto -cm line+tgl,r2p0,3,384,20.0,reg_sweep_test,reg_sweep_seq,APB4+UART
RUN-002232,dma_burst_test-002232,Dma_Burst,APB3,static,2,0,1,even,460800,32,0,level,50,32,32,100,2,PASSIVE,functional,0,16,1,1,UVM_MEDIUM,1,1,0.0245,-O2 -sv,+UVM_TESTNAME=auto,r1p2,2,384,20.0,dma_burst_test,dma_burst_seq,APB3+UART
RUN-002233,parity_stress_test-002233,Parity_Stress,APB3,static,16,3,2,even,115200,4,1,edge,25,32,32,500,3,ACTIVE,stress,0,8,1,0,UVM_LOW,0,0,0.0,-O0 -sv -debug,+UVM_TESTNAME=auto -cm line+tgl,r2p0,7,48,40.0,parity_stress_test,parity_stress_seq,APB3+UART
RUN-002234,reg_sweep_test-002234,Reg_Sweep,APB4,static,16,2,0,even,1500000,16,1,edge,100,16,32,50,3,ACTIVE,regression,0,16,0,1,UVM_LOW,0,0,0.0,-O2 -sv,+UVM_TESTNAME=auto,r1p0,10,192,10.0,reg_sweep_test,reg_sweep_seq,APB4+UART
RUN-002235,reset_recovery_test-002235,Reset_Recovery,APB4,priority,4,4,1,none,921600,16,1,level,25,32,16,100,2,ACTIVE,regression,0,16,0,1,UVM_LOW,0,0,0.0,-O0 -sv -debug,+UVM_TESTNAME=auto,r1p0,10,192,40.0,reset_recovery_test,reset_recovery_seq,APB4+UART
RUN-002236,reg_sweep_test-002236,Reg_Sweep,APB4,static,8,0,1,even,921600,16,0,level,100,8,32,500,1,ACTIVE,regression,0,4,1,1,UVM_LOW,0,0,0.0,-O2 -sv,+UVM_TESTNAME=auto,r2p0,0,192,10.0,reg_sweep_test,reg_sweep_seq,APB4+UART
RUN-002237,dma_burst_test-002237,Dma_Burst,APB3,round_robin,4,7,2,odd,460800,64,1,level,50,32,16,250,1,PASSIVE,stress,0,8,0,1,UVM_MEDIUM,1,1,0.0234,-O0 -sv -debug,+UVM_TESTNAME=auto,r1p2,1,768,20.0,dma_burst_test,dma_burst_seq,APB3+UART
RUN-002238,reset_recovery_test-002238,Reset_Recovery,APB3,priority,4,7,1,even,1500000,8,1,level,50,16,32,250,2,PASSIVE,functional,0,16,1,1,UVM_MEDIUM,0,0,0.0,-O0 -sv -debug,+UVM_TESTNAME=auto,r1p2,4,96,20.0,reset_recovery_test,reset_recovery_seq,APB3+UART
RUN-002239,uart_loopback_test-002239,Uart_Loopback,APB4,round_robin,4,3,1,odd,1500000,16,0,level,25,32,16,250,2,ACTIVE,functional,0,4,0,0,UVM_MEDIUM,1,0,0.0,-O2 -sv,+UVM_TESTNAME=auto,r1p2,2,192,40.0,uart_loopback_test,uart_loopback_seq,APB4+UART
RUN-002240,reg_sweep_test-002240,Reg_Sweep,APB3,static,8,0,4,odd,1500000,4,0,level,100,16,16,50,1,ACTIVE,stress,0,4,0,1,UVM_MEDIUM,0,0,0.0,-O2 -sv,+UVM_TESTNAME=auto -cm line+tgl,r2p0,8,48,10.0,reg_sweep_test,reg_sweep_seq,APB3+UART
RUN-002241,dma_burst_test-002241,Dma_Burst,APB4,round_robin,8,4,2,even,230400,64,0,level,100,32,16,500,3,ACTIVE,stress,0,8,1,1,UVM_MEDIUM,0,1,0.0033,-O2 -sv,+UVM_TESTNAME=auto,r1p2,9,768,10.0,dma_burst_test,dma_burst_seq,APB4+UART
RUN-002242,dma_burst_test-002242,Dma_Burst,APB4,priority,8,1,0,none,460800,32,0,level,200,32,16,500,1,ACTIVE,stress,0,16,0,1,UVM_HIGH,0,0,0.0,-O2 -sv,+UVM_TESTNAME=auto -cm line+tgl,r1p2,11,384,5.0,dma_burst_test,dma_burst_seq,APB4+UART
RUN-002243,reset_recovery_test-002243,Reset_Recovery,APB3,static,4,5,1,odd,460800,16,0,edge,50,32,16,500,2,ACTIVE,regression,0,16,1,0,UVM_HIGH,0,1,0.0301,-O2 -sv -assert svaext,+UVM_TESTNAME=auto,r2p0,4,192,20.0,reset_recovery_test,reset_recovery_seq,APB3+UART
RUN-002244,parity_stress_test-002244,Parity_Stress,APB4,round_robin,2,7,0,odd,115200,16,0,edge,25,32,32,250,3,ACTIVE,functional,0,8,1,1,UVM_LOW,0,1,0.0223,-O0 -sv -debug,+UVM_TESTNAME=auto,r2p0,8,192,40.0,parity_stress_test,parity_stress_seq,APB4+UART
RUN-002245,dma_burst_test-002245,Dma_Burst,APB3,round_robin,2,4,4,none,1500000,16,1,level,100,32,32,500,2,PASSIVE,stress,1,4,1,1,UVM_HIGH,0,0,0.0,-O2 -sv -assert svaext,+UVM_TESTNAME=auto,r1p2,3,192,10.0,dma_burst_test,dma_burst_seq,APB3+UART
RUN-002246,reset_recovery_test-002246,Reset_Recovery,APB4,round_robin,8,1,2,even,230400,32,1,level,50,8,16,250,3,ACTIVE,functional,0,4,1,1,UVM_LOW,1,0,0.0,-O2 -sv -assert svaext,+UVM_TESTNAME=auto -cm line+tgl,r2p0,1,384,20.0,reset_recovery_test,reset_recovery_seq,APB4+UART
RUN-002247,reg_sweep_test-002247,Reg_Sweep,APB4,priority,8,0,2,even,460800,8,1,level,50,16,16,250,2,ACTIVE,stress,0,8,1,1,UVM_MEDIUM,0,0,0.0,-O2 -sv -assert svaext,+UVM_TESTNAME=auto,r1p2,2,96,20.0,reg_sweep_test,reg_sweep_seq,APB4+UART
RUN-002248,dma_burst_test-002248,Dma_Burst,APB4,priority,2,2,1,none,115200,4,1,level,50,32,32,100,1,ACTIVE,regression,0,4,0,1,UVM_MEDIUM,0,0,0.0,-O2 -sv -assert svaext,+UVM_TESTNAME=auto -cm line+tgl,r2p0,8,48,20.0,dma_burst_test,dma_burst_seq,APB4+UART
RUN-002249,uart_loopback_test-002249,Uart_Loopback,APB4,priority,2,4,0,even,460800,16,1,level,25,32,16,250,2,ACTIVE,stress,0,8,0,1,UVM_MEDIUM,0,0,0.0,-O2 -sv -assert svaext,+UVM_TESTNAME=auto,r1p2,3,192,40.0,uart_loopback_test,uart_loopback_seq,APB4+UART
RUN-002250,irq_storm_test-002250,Irq_Storm,APB4,priority,16,6,2,none,921600,64,0,edge,100,32,16,500,2,PASSIVE,stress,1,4,1,1,UVM_LOW,0,0,0.0,-O2 -sv -assert svaext,+UVM_TESTNAME=auto -cm line+tgl,r1p0,10,768,10.0,irq_storm_test,irq_storm_seq,APB4+UART
RUN-002251,reg_sweep_test-002251,Reg_Sweep,APB4,round_robin,4,4,0,odd,1500000,16,0,edge,50,16,32,100,3,ACTIVE,functional,0,16,1,1,UVM_HIGH,1,0,0.0,-O2 -sv -assert svaext,+UVM_TESTNAME=auto -cm line+tgl,r1p0,3,192,20.0,reg_sweep_test,reg_sweep_seq,APB4+UART
RUN-002252,uart_loopback_test-002252,Uart_Loopback,APB4,round_robin,8,5,2,odd,230400,4,0,edge,50,32,32,250,1,ACTIVE,regression,0,16,1,1,UVM_MEDIUM,0,0,0.0,-O2 -sv -assert svaext,+UVM_TESTNAME=auto -cm line+tgl,r1p2,0,48,20.0,uart_loopback_test,uart_loopback_seq,APB4+UART
RUN-002253,reset_recovery_test-002253,Reset_Recovery,APB3,round_robin,4,1,1,even,1500000,64,1,level,100,32,32,50,1,PASSIVE,functional,0,8,0,1,UVM_LOW,0,1,0.0366,-O2 -sv -assert svaext,+UVM_TESTNAME=auto,r1p0,1,768,10.0,reset_recovery_test,reset_recovery_seq,APB3+UART
RUN-002254,dma_burst_test-002254,Dma_Burst,APB4,priority,4,1,2,odd,230400,32,0,edge,200,32,32,500,1,ACTIVE,regression,0,8,1,1,UVM_HIGH,0,0,0.0,-O2 -sv,+UVM_TESTNAME=auto -cm line+tgl,r1p2,8,384,5.0,dma_burst_test,dma_burst_seq,APB4+UART
RUN-002255,reset_recovery_test-002255,Reset_Recovery,APB4,round_robin,4,2,1,even,115200,4,0,edge,100,32,16,250,1,ACTIVE,stress,1,4,0,1,UVM_LOW,0,1,0.0051,-O2 -sv -assert svaext,+UVM_TESTNAME=auto,r1p2,10,48,10.0,reset_recovery_test,reset_recovery_seq,APB4+UART
RUN-002256,dma_burst_test-002256,Dma_Burst,APB4,round_robin,8,3,0,even,921600,16,0,level,50,16,32,100,2,ACTIVE,regression,0,8,1,1,UVM_MEDIUM,0,0,0.0,-O2 -sv,+UVM_TESTNAME=auto,r1p2,11,192,20.0,dma_burst_test,dma_burst_seq,APB4+UART
RUN-002257,dma_burst_test-002257,Dma_Burst,APB3,round_robin,8,6,0,odd,460800,32,1,level,25,8,32,250,2,ACTIVE,functional,1,4,1,1,UVM_HIGH,0,1,0.0188,-O0 -sv -debug,+UVM_TESTNAME=auto,r2p0,5,384,40.0,dma_burst_test,dma_burst_seq,APB3+UART
RUN-002258,dma_burst_test-002258,Dma_Burst,APB3,round_robin,8,7,1,odd,115200,64,1,level,25,32,32,250,1,ACTIVE,regression,0,8,0,1,UVM_LOW,0,1,0.0163,-O2 -sv -assert svaext,+UVM_TESTNAME=auto,r1p2,7,768,40.0,dma_burst_test,dma_burst_seq,APB3+UART
RUN-002259,parity_stress_test-002259,Parity_Stress,APB3,static,8,2,1,even,115200,32,0,edge,200,16,16,100,1,ACTIVE,functional,0,4,1,1,UVM_MEDIUM,0,1,0.0241,-O2 -sv,+UVM_TESTNAME=auto -cm line+tgl,r2p0,7,384,5.0,parity_stress_test,parity_stress_seq,APB3+UART
RUN-002260,irq_storm_test-002260,Irq_Storm,APB4,priority,2,7,2,even,115200,8,1,level,50,8,32,100,2,ACTIVE,stress,1,8,1,1,UVM_MEDIUM,0,0,0.0,-O0 -sv -debug,+UVM_TESTNAME=auto -cm line+tgl,r1p2,9,96,20.0,irq_storm_test,irq_storm_seq,APB4+UART
RUN-002261,reg_sweep_test-002261,Reg_Sweep,APB3,priority,2,1,4,none,460800,16,1,level,100,16,32,50,3,ACTIVE,functional,0,16,1,1,UVM_LOW,1,0,0.0,-O2 -sv -assert svaext,+UVM_TESTNAME=auto,r2p0,8,192,10.0,reg_sweep_test,reg_sweep_seq,APB3+UART
RUN-002262,reg_sweep_test-002262,Reg_Sweep,APB3,round_robin,4,1,1,none,921600,8,0,edge,25,32,32,250,3,ACTIVE,stress,0,8,1,1,UVM_LOW,1,0,0.0,-O2 -sv -assert svaext,+UVM_TESTNAME=auto,r1p0,5,96,40.0,reg_sweep_test,reg_sweep_seq,APB3+UART
RUN-002263,irq_storm_test-002263,Irq_Storm,APB4,round_robin,4,5,0,none,921600,64,0,edge,100,8,16,500,1,ACTIVE,regression,0,8,1,1,UVM_LOW,0,0,0.0,-O2 -sv,+UVM_TESTNAME=auto -cm line+tgl,r2p0,1,768,10.0,irq_storm_test,irq_storm_seq,APB4+UART
RUN-002264,parity_stress_test-002264,Parity_Stress,APB4,round_robin,16,2,0,even,115200,4,0,level,50,16,16,500,1,ACTIVE,regression,0,8,1,1,UVM_MEDIUM,0,1,0.0336,-O2 -sv -assert svaext,+UVM_TESTNAME=auto,r1p2,2,48,20.0,parity_stress_test,parity_stress_seq,APB4+UART
RUN-002265,irq_storm_test-002265,Irq_Storm,APB3,static,4,1,0,odd,921600,64,1,edge,100,32,16,500,1,ACTIVE,stress,0,16,1,1,UVM_LOW,0,1,0.0169,-O0 -sv -debug,+UVM_TESTNAME=auto -cm line+tgl,r1p0,6,768,10.0,irq_storm_test,irq_storm_seq,APB3+UART
RUN-002266,reset_recovery_test-002266,Reset_Recovery,APB4,static,8,0,0,none,230400,16,1,edge,50,8,16,50,2,ACTIVE,stress,0,8,1,1,UVM_LOW,1,1,0.0246,-O2 -sv -assert svaext,+UVM_TESTNAME=auto,r2p0,6,192,20.0,reset_recovery_test,reset_recovery_seq,APB4+UART
RUN-002267,dma_burst_test-002267,Dma_Burst,APB4,priority,8,0,2,even,115200,32,1,edge,50,32,32,100,1,ACTIVE,functional,0,4,0,0,UVM_MEDIUM,0,0,0.0,-O2 -sv -assert svaext,+UVM_TESTNAME=auto,r1p0,5,384,20.0,dma_burst_test,dma_burst_seq,APB4+UART
RUN-002268,reg_sweep_test-002268,Reg_Sweep,APB3,priority,2,0,2,even,115200,32,1,edge,50,32,32,50,3,ACTIVE,functional,0,4,0,1,UVM_LOW,0,0,0.0,-O2 -sv -assert svaext,+UVM_TESTNAME=auto -cm line+tgl,r1p2,7,384,20.0,reg_sweep_test,reg_sweep_seq,APB3+UART
RUN-002269,reset_recovery_test-002269,Reset_Recovery,APB4,round_robin,16,1,4,odd,1500000,16,0,level,100,32,16,250,1,ACTIVE,functional,0,16,0,1,UVM_MEDIUM,0,1,0.0255,-O2 -sv,+UVM_TESTNAME=auto -cm line+tgl,r1p2,0,192,10.0,reset_recovery_test,reset_recovery_seq,APB4+UART
RUN-002270,reg_sweep_test-002270,Reg_Sweep,APB3,static,8,7,1,none,921600,16,0,edge,50,32,32,50,1,ACTIVE,regression,0,16,0,1,UVM_MEDIUM,1,1,0.0333,-O2 -sv,+UVM_TESTNAME=auto,r1p2,2,192,20.0,reg_sweep_test,reg_sweep_seq,APB3+UART
RUN-002271,reset_recovery_test-002271,Reset_Recovery,APB4,static,16,6,4,even,230400,8,0,level,50,32,16,50,2,PASSIVE,functional,0,8,1,1,UVM_MEDIUM,0,0,0.0,-O2 -sv,+UVM_TESTNAME=auto -cm line+tgl,r1p0,1,96,20.0,reset_recovery_test,reset_recovery_seq,APB4+UART
RUN-002272,irq_storm_test-002272,Irq_Storm,APB4,static,2,4,0,even,460800,32,1,edge,25,16,32,50,2,ACTIVE,stress,0,16,1,1,UVM_LOW,0,0,0.0,-O2 -sv -assert svaext,+UVM_TESTNAME=auto -cm line+tgl,r2p0,9,384,40.0,irq_storm_test,irq_storm_seq,APB4+UART
RUN-002273,dma_burst_test-002273,Dma_Burst,APB4,static,2,6,2,odd,230400,32,0,edge,25,32,32,250,1,ACTIVE,regression,0,16,1,1,UVM_MEDIUM,0,1,0.0263,-O2 -sv -assert svaext,+UVM_TESTNAME=auto,r1p0,5,384,40.0,dma_burst_test,dma_burst_seq,APB4+UART
RUN-002274,backpressure_test-002274,Backpressure,APB3,priority,2,1,0,none,921600,16,0,edge,100,32,32,100,2,ACTIVE,stress,0,8,1,1,UVM_LOW,0,0,0.0,-O0 -sv -debug,+UVM_TESTNAME=auto -cm line+tgl,r1p2,10,192,10.0,backpressure_test,backpressure_seq,APB3+UART
RUN-002275,uart_loopback_test-002275,Uart_Loopback,APB3,round_robin,16,1,0,odd,230400,16,0,edge,100,32,32,50,3,ACTIVE,stress,0,4,1,1,UVM_LOW,1,1,0.0205,-O0 -sv -debug,+UVM_TESTNAME=auto -cm line+tgl,r1p0,1,192,10.0,uart_loopback_test,uart_loopback_seq,APB3+UART
RUN-002276,parity_stress_test-002276,Parity_Stress,APB3,priority,8,0,1,none,921600,16,0,edge,25,32,32,50,1,ACTIVE,stress,0,8,1,1,UVM_LOW,0,1,0.0092,-O2 -sv,+UVM_TESTNAME=auto -cm line+tgl,r1p2,8,192,40.0,parity_stress_test,parity_stress_seq,APB3+UART
RUN-002277,reg_sweep_test-002277,Reg_Sweep,APB4,round_robin,8,0,1,none,921600,8,1,level,50,32,32,50,2,ACTIVE,stress,0,4,0,1,UVM_LOW,1,0,0.0,-O2 -sv,+UVM_TESTNAME=auto,r1p0,0,96,20.0,reg_sweep_test,reg_sweep_seq,APB4+UART
RUN-002278,uart_loopback_test-002278,Uart_Loopback,APB3,round_robin,4,1,2,even,230400,16,0,level,50,32,32,500,2,ACTIVE,stress,0,8,1,1,UVM_LOW,0,0,0.0,-O2 -sv,+UVM_TESTNAME=auto -cm line+tgl,r1p0,10,192,20.0,uart_loopback_test,uart_loopback_seq,APB3+UART
RUN-002279,irq_storm_test-002279,Irq_Storm,APB3,round_robin,2,0,0,none,921600,16,1,edge,50,32,16,250,2,ACTIVE,regression,1,4,1,1,UVM_LOW,1,1,0.0134,-O2 -sv,+UVM_TESTNAME=auto -cm line+tgl,r1p2,4,192,20.0,irq_storm_test,irq_storm_seq,APB3+UART
RUN-002280,reset_recovery_test-002280,Reset_Recovery,APB4,static,8,4,2,even,230400,8,0,level,100,16,32,250,1,ACTIVE,regression,1,4,1,1,UVM_MEDIUM,0,0,0.0,-O2 -sv,+UVM_TESTNAME=auto,r1p2,1,96,10.0,reset_recovery_test,reset_recovery_seq,APB4+UART
RUN-002281,backpressure_test-002281,Backpressure,APB3,priority,4,2,0,even,460800,8,1,edge,100,8,16,250,2,ACTIVE,regression,0,8,1,1,UVM_LOW,0,0,0.0,-O2 -sv -assert svaext,+UVM_TESTNAME=auto,r1p2,7,96,10.0,backpressure_test,backpressure_seq,APB3+UART
RUN-002282,reg_sweep_test-002282,Reg_Sweep,APB3,static,2,4,2,none,230400,4,1,level,200,8,16,500,3,ACTIVE,regression,0,4,1,1,UVM_MEDIUM,0,0,0.0,-O2 -sv,+UVM_TESTNAME=auto -cm line+tgl,r1p2,5,48,5.0,reg_sweep_test,reg_sweep_seq,APB3+UART
RUN-002283,backpressure_test-002283,Backpressure,APB3,priority,2,0,1,odd,921600,8,0,edge,25,32,32,50,2,ACTIVE,functional,1,16,1,1,UVM_MEDIUM,1,0,0.0,-O2 -sv,+UVM_TESTNAME=auto,r2p0,7,96,40.0,backpressure_test,backpressure_seq,APB3+UART
RUN-002284,dma_burst_test-002284,Dma_Burst,APB3,static,8,6,1,even,115200,4,1,edge,100,8,16,250,2,ACTIVE,stress,0,16,1,1,UVM_MEDIUM,1,0,0.0,-O2 -sv,+UVM_TESTNAME=auto -cm line+tgl,r2p0,7,48,10.0,dma_burst_test,dma_burst_seq,APB3+UART
RUN-002285,backpressure_test-002285,Backpressure,APB4,round_robin,2,2,2,none,115200,64,0,edge,50,16,16,100,1,PASSIVE,functional,0,4,1,0,UVM_MEDIUM,0,1,0.0097,-O2 -sv,+UVM_TESTNAME=auto -cm line+tgl,r1p0,7,768,20.0,backpressure_test,backpressure_seq,APB4+UART
RUN-002286,reg_sweep_test-002286,Reg_Sweep,APB3,round_robin,4,5,2,odd,921600,32,0,level,25,16,16,250,2,ACTIVE,stress,0,4,0,1,UVM_MEDIUM,0,1,0.0133,-O2 -sv -assert svaext,+UVM_TESTNAME=auto,r1p0,4,384,40.0,reg_sweep_test,reg_sweep_seq,APB3+UART
RUN-002287,reg_sweep_test-002287,Reg_Sweep,APB4,priority,4,5,2,odd,921600,32,0,level,100,16,32,50,1,ACTIVE,regression,0,8,1,0,UVM_MEDIUM,1,1,0.0119,-O2 -sv,+UVM_TESTNAME=auto,r1p0,0,384,10.0,reg_sweep_test,reg_sweep_seq,APB4+UART
RUN-002288,backpressure_test-002288,Backpressure,APB3,round_robin,4,5,4,even,921600,4,1,level,200,8,32,500,1,ACTIVE,functional,1,16,0,1,UVM_LOW,0,0,0.0,-O2 -sv,+UVM_TESTNAME=auto -cm line+tgl,r2p0,4,48,5.0,backpressure_test,backpressure_seq,APB3+UART
RUN-002289,backpressure_test-002289,Backpressure,APB3,static,2,6,4,even,230400,16,1,level,100,32,32,100,2,PASSIVE,regression,0,16,0,1,UVM_LOW,0,0,0.0,-O2 -sv,+UVM_TESTNAME=auto,r2p0,11,192,10.0,backpressure_test,backpressure_seq,APB3+UART
RUN-002290,parity_stress_test-002290,Parity_Stress,APB3,static,4,0,1,even,460800,32,1,edge,100,32,16,250,1,ACTIVE,functional,0,8,0,1,UVM_LOW,1,0,0.0,-O2 -sv,+UVM_TESTNAME=auto -cm line+tgl,r1p2,7,384,10.0,parity_stress_test,parity_stress_seq,APB3+UART
RUN-002291,dma_burst_test-002291,Dma_Burst,APB3,round_robin,2,2,4,even,460800,4,1,level,100,16,32,500,3,ACTIVE,regression,0,4,1,1,UVM_LOW,0,1,0.0072,-O0 -sv -debug,+UVM_TESTNAME=auto,r1p0,6,48,10.0,dma_burst_test,dma_burst_seq,APB3+UART
RUN-002292,reg_sweep_test-002292,Reg_Sweep,APB3,round_robin,16,1,2,even,230400,8,1,level,200,16,32,100,1,ACTIVE,regression,0,4,0,1,UVM_HIGH,0,1,0.0114,-O2 -sv,+UVM_TESTNAME=auto,r1p0,6,96,5.0,reg_sweep_test,reg_sweep_seq,APB3+UART
RUN-002293,dma_burst_test-002293,Dma_Burst,APB4,priority,2,0,0,even,921600,16,1,edge,100,16,32,250,2,ACTIVE,regression,0,4,1,1,UVM_LOW,0,0,0.0,-O2 -sv,+UVM_TESTNAME=auto,r1p0,3,192,10.0,dma_burst_test,dma_burst_seq,APB4+UART
RUN-002294,uart_loopback_test-002294,Uart_Loopback,APB3,static,4,1,1,odd,921600,8,1,level,200,8,32,100,2,ACTIVE,stress,1,8,1,1,UVM_MEDIUM,0,0,0.0,-O2 -sv,+UVM_TESTNAME=auto -cm line+tgl,r1p2,0,96,5.0,uart_loopback_test,uart_loopback_seq,APB3+UART
RUN-002295,reset_recovery_test-002295,Reset_Recovery,APB3,round_robin,8,5,1,none,115200,16,1,level,200,16,32,100,3,PASSIVE,functional,0,8,1,1,UVM_LOW,1,0,0.0,-O2 -sv -assert svaext,+UVM_TESTNAME=auto,r1p0,11,192,5.0,reset_recovery_test,reset_recovery_seq,APB3+UART
RUN-002296,dma_burst_test-002296,Dma_Burst,APB4,static,8,1,0,none,230400,16,0,level,100,32,32,100,1,PASSIVE,functional,0,16,0,1,UVM_LOW,0,0,0.0,-O2 -sv,+UVM_TESTNAME=auto,r1p2,3,192,10.0,dma_burst_test,dma_burst_seq,APB4+UART
RUN-002297,parity_stress_test-002297,Parity_Stress,APB4,static,16,4,1,odd,460800,8,0,level,50,8,32,500,3,ACTIVE,regression,0,16,1,1,UVM_LOW,0,0,0.0,-O0 -sv -debug,+UVM_TESTNAME=auto -cm line+tgl,r1p2,1,96,20.0,parity_stress_test,parity_stress_seq,APB4+UART
RUN-002298,dma_burst_test-002298,Dma_Burst,APB3,round_robin,8,4,1,odd,115200,4,1,edge,100,16,16,250,2,ACTIVE,regression,0,8,1,1,UVM_MEDIUM,0,0,0.0,-O2 -sv -assert svaext,+UVM_TESTNAME=auto,r1p2,5,48,10.0,dma_burst_test,dma_burst_seq,APB3+UART
RUN-002299,reset_recovery_test-002299,Reset_Recovery,APB3,static,4,4,1,even,115200,32,1,edge,50,32,32,100,3,ACTIVE,stress,0,8,1,1,UVM_MEDIUM,0,0,0.0,-O2 -sv -assert svaext,+UVM_TESTNAME=auto,r1p0,5,384,20.0,reset_recovery_test,reset_recovery_seq,APB3+UART
RUN-002300,uart_loopback_test-002300,Uart_Loopback,APB4,round_robin,2,2,1,even,230400,16,0,level,100,8,32,50,2,ACTIVE,functional,1,16,0,1,UVM_MEDIUM,0,0,0.0,-O2 -sv -assert svaext,+UVM_TESTNAME=auto -cm line+tgl,r1p2,3,192,10.0,uart_loopback_test,uart_loopback_seq,APB4+UART
RUN-002301,parity_stress_test-002301,Parity_Stress,APB3,priority,2,6,0,odd,460800,64,1,level,100,32,16,50,2,ACTIVE,functional,0,16,1,1,UVM_LOW,0,0,0.0,-O2 -sv,+UVM_TESTNAME=auto,r1p2,3,768,10.0,parity_stress_test,parity_stress_seq,APB3+UART
RUN-002302,uart_loopback_test-002302,Uart_Loopback,APB3,round_robin,4,2,0,even,460800,64,0,level,200,32,16,100,1,ACTIVE,stress,0,8,1,1,UVM_LOW,0,0,0.0,-O2 -sv,+UVM_TESTNAME=auto,r1p0,5,768,5.0,uart_loopback_test,uart_loopback_seq,APB3+UART
RUN-002303,backpressure_test-002303,Backpressure,APB3,round_robin,2,7,2,odd,115200,16,1,level,25,16,32,100,1,ACTIVE,functional,0,4,0,1,UVM_LOW,0,0,0.0,-O2 -sv -assert svaext,+UVM_TESTNAME=auto -cm line+tgl,r1p2,10,192,40.0,backpressure_test,backpressure_seq,APB3+UART
RUN-002304,dma_burst_test-002304,Dma_Burst,APB4,round_robin,4,3,2,even,230400,16,0,edge,50,32,32,100,3,ACTIVE,regression,0,8,1,1,UVM_MEDIUM,0,1,0.0334,-O0 -sv -debug,+UVM_TESTNAME=auto,r1p2,6,192,20.0,dma_burst_test,dma_burst_seq,APB4+UART
RUN-002305,parity_stress_test-002305,Parity_Stress,APB4,priority,2,7,1,none,115200,8,0,level,100,32,16,100,2,ACTIVE,functional,0,16,1,1,UVM_LOW,0,0,0.0,-O2 -sv -assert svaext,+UVM_TESTNAME=auto,r1p2,2,96,10.0,parity_stress_test,parity_stress_seq,APB4+UART
RUN-002306,uart_loopback_test-002306,Uart_Loopback,APB4,priority,8,3,2,none,230400,4,1,level,100,8,16,100,2,ACTIVE,stress,0,8,1,1,UVM_MEDIUM,1,1,0.0234,-O2 -sv -assert svaext,+UVM_TESTNAME=auto,r1p2,8,48,10.0,uart_loopback_test,uart_loopback_seq,APB4+UART
RUN-002307,backpressure_test-002307,Backpressure,APB4,static,8,4,2,even,1500000,16,0,edge,100,32,32,100,3,ACTIVE,functional,1,4,1,1,UVM_MEDIUM,0,1,0.0195,-O2 -sv -assert svaext,+UVM_TESTNAME=auto -cm line+tgl,r2p0,5,192,10.0,backpressure_test,backpressure_seq,APB4+UART
RUN-002308,uart_loopback_test-002308,Uart_Loopback,APB3,priority,4,4,2,odd,1500000,16,0,edge,100,8,32,250,2,ACTIVE,regression,0,4,1,1,UVM_LOW,0,0,0.0,-O0 -sv -debug,+UVM_TESTNAME=auto -cm line+tgl,r2p0,7,192,10.0,uart_loopback_test,uart_loopback_seq,APB3+UART
RUN-002309,reset_recovery_test-002309,Reset_Recovery,APB4,round_robin,8,7,1,odd,460800,64,1,level,200,32,16,50,2,ACTIVE,stress,0,4,1,1,UVM_MEDIUM,0,0,0.0,-O0 -sv -debug,+UVM_TESTNAME=auto,r2p0,11,768,5.0,reset_recovery_test,reset_recovery_seq,APB4+UART
RUN-002310,reg_sweep_test-002310,Reg_Sweep,APB4,round_robin,8,2,1,odd,230400,16,0,edge,100,16,32,50,3,ACTIVE,functional,0,8,1,1,UVM_LOW,0,0,0.0,-O2 -sv -assert svaext,+UVM_TESTNAME=auto,r1p2,0,192,10.0,reg_sweep_test,reg_sweep_seq,APB4+UART
RUN-002311,reg_sweep_test-002311,Reg_Sweep,APB3,priority,2,4,1,even,460800,16,1,level,100,32,16,250,3,ACTIVE,stress,0,8,1,1,UVM_MEDIUM,0,0,0.0,-O2 -sv,+UVM_TESTNAME=auto,r1p0,4,192,10.0,reg_sweep_test,reg_sweep_seq,APB3+UART
RUN-002312,parity_stress_test-002312,Parity_Stress,APB3,round_robin,16,0,1,none,230400,4,0,edge,100,16,16,100,2,ACTIVE,stress,0,8,1,1,UVM_MEDIUM,0,0,0.0,-O2 -sv,+UVM_TESTNAME=auto,r2p0,6,48,10.0,parity_stress_test,parity_stress_seq,APB3+UART
RUN-002313,reset_recovery_test-002313,Reset_Recovery,APB4,round_robin,4,1,1,odd,921600,32,1,level,200,16,32,250,3,ACTIVE,stress,0,16,0,1,UVM_LOW,0,0,0.0,-O0 -sv -debug,+UVM_TESTNAME=auto -cm line+tgl,r1p2,10,384,5.0,reset_recovery_test,reset_recovery_seq,APB4+UART
RUN-002314,reg_sweep_test-002314,Reg_Sweep,APB3,priority,2,2,2,none,115200,4,0,level,200,16,32,500,1,ACTIVE,functional,0,4,0,1,UVM_HIGH,0,0,0.0,-O0 -sv -debug,+UVM_TESTNAME=auto -cm line+tgl,r2p0,4,48,5.0,reg_sweep_test,reg_sweep_seq,APB3+UART
RUN-002315,parity_stress_test-002315,Parity_Stress,APB4,priority,2,6,2,odd,230400,4,1,edge,25,32,32,250,1,ACTIVE,regression,0,8,1,1,UVM_LOW,1,1,0.0304,-O0 -sv -debug,+UVM_TESTNAME=auto,r1p0,1,48,40.0,parity_stress_test,parity_stress_seq,APB4+UART
RUN-002316,reg_sweep_test-002316,Reg_Sweep,APB4,priority,16,6,2,odd,460800,4,0,edge,100,32,32,50,2,ACTIVE,functional,0,8,0,1,UVM_LOW,0,0,0.0,-O2 -sv,+UVM_TESTNAME=auto,r2p0,10,48,10.0,reg_sweep_test,reg_sweep_seq,APB4+UART
RUN-002317,uart_loopback_test-002317,Uart_Loopback,APB3,static,8,0,4,even,230400,16,1,level,25,16,32,50,1,PASSIVE,stress,0,8,1,1,UVM_HIGH,0,0,0.0,-O2 -sv,+UVM_TESTNAME=auto,r2p0,0,192,40.0,uart_loopback_test,uart_loopback_seq,APB3+UART
RUN-002318,dma_burst_test-002318,Dma_Burst,APB3,priority,4,1,1,none,921600,16,0,level,200,8,16,250,3,ACTIVE,stress,1,8,0,1,UVM_LOW,0,0,0.0,-O2 -sv -assert svaext,+UVM_TESTNAME=auto,r2p0,11,192,5.0,dma_burst_test,dma_burst_seq,APB3+UART
RUN-002319,reg_sweep_test-002319,Reg_Sweep,APB4,round_robin,8,6,0,none,460800,4,0,level,100,16,16,250,2,ACTIVE,regression,0,4,0,0,UVM_LOW,1,0,0.0,-O2 -sv,+UVM_TESTNAME=auto,r2p0,7,48,10.0,reg_sweep_test,reg_sweep_seq,APB4+UART
RUN-002320,dma_burst_test-002320,Dma_Burst,APB4,priority,8,7,4,even,921600,32,1,level,100,16,32,500,2,ACTIVE,functional,0,8,1,1,UVM_LOW,1,0,0.0,-O2 -sv,+UVM_TESTNAME=auto -cm line+tgl,r2p0,10,384,10.0,dma_burst_test,dma_burst_seq,APB4+UART
RUN-002321,reset_recovery_test-002321,Reset_Recovery,APB4,static,8,4,0,odd,460800,16,0,level,25,32,32,500,1,ACTIVE,functional,0,16,1,1,UVM_MEDIUM,0,1,0.0207,-O2 -sv,+UVM_TESTNAME=auto,r2p0,9,192,40.0,reset_recovery_test,reset_recovery_seq,APB4+UART
RUN-002322,dma_burst_test-002322,Dma_Burst,APB3,static,2,1,1,odd,115200,32,1,level,100,8,32,250,1,ACTIVE,stress,0,4,1,1,UVM_HIGH,0,0,0.0,-O2 -sv,+UVM_TESTNAME=auto -cm line+tgl,r2p0,3,384,10.0,dma_burst_test,dma_burst_seq,APB3+UART
RUN-002323,uart_loopback_test-002323,Uart_Loopback,APB3,static,16,7,1,even,1500000,16,1,level,100,32,32,500,1,ACTIVE,regression,1,16,1,1,UVM_LOW,0,0,0.0,-O2 -sv,+UVM_TESTNAME=auto,r2p0,3,192,10.0,uart_loopback_test,uart_loopback_seq,APB3+UART
RUN-002324,reg_sweep_test-002324,Reg_Sweep,APB4,static,4,5,1,odd,460800,32,1,level,25,32,32,50,2,PASSIVE,stress,0,8,0,0,UVM_LOW,0,0,0.0,-O0 -sv -debug,+UVM_TESTNAME=auto -cm line+tgl,r1p2,3,384,40.0,reg_sweep_test,reg_sweep_seq,APB4+UART
RUN-002325,reset_recovery_test-002325,Reset_Recovery,APB3,round_robin,4,1,0,odd,230400,16,0,level,100,16,32,100,2,ACTIVE,stress,0,16,1,0,UVM_MEDIUM,0,1,0.0096,-O2 -sv,+UVM_TESTNAME=auto,r1p0,10,192,10.0,reset_recovery_test,reset_recovery_seq,APB3+UART
RUN-002326,backpressure_test-002326,Backpressure,APB4,priority,16,4,0,none,460800,16,0,edge,100,16,32,500,1,ACTIVE,regression,0,16,0,1,UVM_MEDIUM,1,0,0.0,-O0 -sv -debug,+UVM_TESTNAME=auto -cm line+tgl,r1p0,1,192,10.0,backpressure_test,backpressure_seq,APB4+UART
RUN-002327,uart_loopback_test-002327,Uart_Loopback,APB3,priority,2,5,0,even,921600,16,0,level,200,8,16,100,2,ACTIVE,functional,0,16,1,0,UVM_MEDIUM,0,0,0.0,-O2 -sv -assert svaext,+UVM_TESTNAME=auto -cm line+tgl,r1p0,10,192,5.0,uart_loopback_test,uart_loopback_seq,APB3+UART
RUN-002328,reset_recovery_test-002328,Reset_Recovery,APB4,static,2,6,1,even,230400,8,1,level,100,8,16,100,2,ACTIVE,stress,0,8,1,1,UVM_MEDIUM,1,0,0.0,-O2 -sv -assert svaext,+UVM_TESTNAME=auto,r1p0,6,96,10.0,reset_recovery_test,reset_recovery_seq,APB4+UART
RUN-002329,reg_sweep_test-002329,Reg_Sweep,APB3,static,16,1,2,none,1500000,32,0,edge,50,16,32,500,1,ACTIVE,regression,0,8,0,1,UVM_MEDIUM,1,0,0.0,-O2 -sv -assert svaext,+UVM_TESTNAME=auto,r1p2,0,384,20.0,reg_sweep_test,reg_sweep_seq,APB3+UART
RUN-002330,uart_loopback_test-002330,Uart_Loopback,APB4,round_robin,4,1,2,none,230400,8,0,level,50,32,16,100,2,ACTIVE,regression,0,4,1,1,UVM_MEDIUM,1,0,0.0,-O2 -sv -assert svaext,+UVM_TESTNAME=auto,r1p0,2,96,20.0,uart_loopback_test,uart_loopback_seq,APB4+UART
RUN-002331,irq_storm_test-002331,Irq_Storm,APB3,static,16,4,2,even,1500000,16,0,level,50,16,32,250,2,ACTIVE,stress,0,4,0,1,UVM_MEDIUM,0,1,0.0161,-O2 -sv,+UVM_TESTNAME=auto,r1p0,2,192,20.0,irq_storm_test,irq_storm_seq,APB3+UART
RUN-002332,uart_loopback_test-002332,Uart_Loopback,APB4,round_robin,4,1,4,odd,460800,8,1,level,25,8,32,250,2,ACTIVE,functional,0,4,0,1,UVM_HIGH,0,0,0.0,-O2 -sv,+UVM_TESTNAME=auto,r1p2,3,96,40.0,uart_loopback_test,uart_loopback_seq,APB4+UART
RUN-002333,reset_recovery_test-002333,Reset_Recovery,APB4,static,8,1,2,even,921600,64,1,level,100,16,32,250,1,PASSIVE,functional,0,4,0,1,UVM_LOW,0,0,0.0,-O2 -sv,+UVM_TESTNAME=auto,r2p0,8,768,10.0,reset_recovery_test,reset_recovery_seq,APB4+UART
RUN-002334,reset_recovery_test-002334,Reset_Recovery,APB4,priority,8,1,0,odd,230400,8,1,edge,100,16,32,100,1,ACTIVE,regression,1,4,1,1,UVM_MEDIUM,0,0,0.0,-O2 -sv,+UVM_TESTNAME=auto,r1p2,6,96,10.0,reset_recovery_test,reset_recovery_seq,APB4+UART
RUN-002335,uart_loopback_test-002335,Uart_Loopback,APB3,round_robin,16,1,4,odd,115200,4,0,level,100,32,32,50,1,ACTIVE,stress,1,8,1,1,UVM_MEDIUM,1,1,0.0002,-O2 -sv,+UVM_TESTNAME=auto,r1p0,11,48,10.0,uart_loopback_test,uart_loopback_seq,APB3+UART
RUN-002336,dma_burst_test-002336,Dma_Burst,APB3,round_robin,4,6,2,none,1500000,32,1,level,25,8,32,100,3,ACTIVE,stress,0,16,1,1,UVM_MEDIUM,0,0,0.0,-O2 -sv -assert svaext,+UVM_TESTNAME=auto -cm line+tgl,r1p0,2,384,40.0,dma_burst_test,dma_burst_seq,APB3+UART
RUN-002337,dma_burst_test-002337,Dma_Burst,APB4,static,2,2,2,even,1500000,16,0,level,25,32,16,500,1,ACTIVE,regression,1,4,1,1,UVM_MEDIUM,0,1,0.0098,-O2 -sv -assert svaext,+UVM_TESTNAME=auto -cm line+tgl,r1p2,0,192,40.0,dma_burst_test,dma_burst_seq,APB4+UART
RUN-002338,backpressure_test-002338,Backpressure,APB3,priority,8,2,4,odd,460800,32,0,level,50,8,32,50,2,ACTIVE,stress,0,4,1,0,UVM_LOW,0,0,0.0,-O2 -sv -assert svaext,+UVM_TESTNAME=auto,r1p2,4,384,20.0,backpressure_test,backpressure_seq,APB3+UART
RUN-002339,reg_sweep_test-002339,Reg_Sweep,APB4,round_robin,4,3,0,none,115200,32,1,edge,100,16,16,50,3,ACTIVE,functional,0,8,1,1,UVM_MEDIUM,0,0,0.0,-O2 -sv,+UVM_TESTNAME=auto -cm line+tgl,r1p0,9,384,10.0,reg_sweep_test,reg_sweep_seq,APB4+UART
RUN-002340,irq_storm_test-002340,Irq_Storm,APB4,priority,4,4,2,odd,230400,32,0,edge,25,32,16,250,1,ACTIVE,regression,0,16,0,1,UVM_LOW,1,1,0.0201,-O2 -sv -assert svaext,+UVM_TESTNAME=auto,r1p0,2,384,40.0,irq_storm_test,irq_storm_seq,APB4+UART
RUN-002341,uart_loopback_test-002341,Uart_Loopback,APB3,static,16,4,2,odd,230400,16,1,level,100,16,16,100,2,ACTIVE,stress,0,4,1,1,UVM_LOW,1,1,0.0183,-O2 -sv,+UVM_TESTNAME=auto,r2p0,1,192,10.0,uart_loopback_test,uart_loopback_seq,APB3+UART
RUN-002342,irq_storm_test-002342,Irq_Storm,APB3,round_robin,2,0,4,odd,1500000,32,0,level,50,32,32,500,3,ACTIVE,functional,0,4,1,1,UVM_LOW,1,0,0.0,-O2 -sv -assert svaext,+UVM_TESTNAME=auto -cm line+tgl,r2p0,2,384,20.0,irq_storm_test,irq_storm_seq,APB3+UART
RUN-002343,dma_burst_test-002343,Dma_Burst,APB4,static,2,0,2,none,230400,16,1,level,50,8,32,100,2,PASSIVE,functional,1,4,1,1,UVM_MEDIUM,0,1,0.015,-O2 -sv,+UVM_TESTNAME=auto,r1p2,8,192,20.0,dma_burst_test,dma_burst_seq,APB4+UART
RUN-002344,backpressure_test-002344,Backpressure,APB4,priority,8,3,0,none,921600,32,0,edge,100,32,32,250,1,ACTIVE,functional,0,4,1,1,UVM_LOW,0,0,0.0,-O2 -sv -assert svaext,+UVM_TESTNAME=auto,r1p2,9,384,10.0,backpressure_test,backpressure_seq,APB4+UART
RUN-002345,irq_storm_test-002345,Irq_Storm,APB4,round_robin,2,1,0,odd,115200,4,1,level,25,8,32,500,1,ACTIVE,regression,0,8,1,1,UVM_MEDIUM,0,0,0.0,-O2 -sv,+UVM_TESTNAME=auto,r2p0,1,48,40.0,irq_storm_test,irq_storm_seq,APB4+UART
RUN-002346,dma_burst_test-002346,Dma_Burst,APB3,round_robin,8,6,1,none,460800,32,1,level,100,16,16,100,1,ACTIVE,stress,0,16,0,1,UVM_HIGH,0,0,0.0,-O2 -sv,+UVM_TESTNAME=auto,r2p0,11,384,10.0,dma_burst_test,dma_burst_seq,APB3+UART
RUN-002347,dma_burst_test-002347,Dma_Burst,APB3,priority,2,3,2,none,460800,16,1,edge,25,8,16,50,2,ACTIVE,stress,0,16,0,1,UVM_MEDIUM,1,0,0.0,-O2 -sv -assert svaext,+UVM_TESTNAME=auto -cm line+tgl,r1p2,4,192,40.0,dma_burst_test,dma_burst_seq,APB3+UART
RUN-002348,reset_recovery_test-002348,Reset_Recovery,APB4,priority,4,0,0,even,115200,32,1,edge,50,8,16,100,2,PASSIVE,stress,0,4,1,1,UVM_LOW,0,1,0.0311,-O2 -sv -assert svaext,+UVM_TESTNAME=auto,r1p2,0,384,20.0,reset_recovery_test,reset_recovery_seq,APB4+UART
RUN-002349,reset_recovery_test-002349,Reset_Recovery,APB4,priority,16,6,4,odd,115200,64,1,level,50,8,32,100,1,ACTIVE,regression,0,8,1,1,UVM_HIGH,0,0,0.0,-O2 -sv,+UVM_TESTNAME=auto -cm line+tgl,r1p2,11,768,20.0,reset_recovery_test,reset_recovery_seq,APB4+UART
RUN-002350,reg_sweep_test-002350,Reg_Sweep,APB3,round_robin,2,4,0,odd,115200,16,0,edge,50,16,16,250,1,ACTIVE,functional,1,4,1,1,UVM_MEDIUM,1,1,0.0135,-O2 -sv,+UVM_TESTNAME=auto,r1p2,6,192,20.0,reg_sweep_test,reg_sweep_seq,APB3+UART
RUN-002351,irq_storm_test-002351,Irq_Storm,APB4,static,2,5,1,odd,921600,4,0,edge,200,8,32,500,1,ACTIVE,functional,0,8,1,0,UVM_MEDIUM,0,1,0.0184,-O2 -sv,+UVM_TESTNAME=auto -cm line+tgl,r1p0,7,48,5.0,irq_storm_test,irq_storm_seq,APB4+UART
RUN-002352,irq_storm_test-002352,Irq_Storm,APB4,round_robin,4,6,2,none,230400,16,0,level,50,8,32,250,1,ACTIVE,functional,0,16,0,1,UVM_LOW,1,1,0.0216,-O2 -sv,+UVM_TESTNAME=auto,r2p0,4,192,20.0,irq_storm_test,irq_storm_seq,APB4+UART
RUN-002353,backpressure_test-002353,Backpressure,APB4,priority,8,4,1,none,921600,64,1,edge,50,32,16,50,2,ACTIVE,functional,0,4,0,1,UVM_HIGH,0,0,0.0,-O2 -sv -assert svaext,+UVM_TESTNAME=auto,r1p2,7,768,20.0,backpressure_test,backpressure_seq,APB4+UART
RUN-002354,dma_burst_test-002354,Dma_Burst,APB3,static,4,4,1,odd,115200,16,0,level,25,32,32,250,3,ACTIVE,stress,1,8,1,0,UVM_MEDIUM,0,0,0.0,-O2 -sv,+UVM_TESTNAME=auto -cm line+tgl,r1p2,4,192,40.0,dma_burst_test,dma_burst_seq,APB3+UART
RUN-002355,dma_burst_test-002355,Dma_Burst,APB4,round_robin,4,2,1,none,921600,32,0,level,50,32,32,50,2,ACTIVE,functional,0,16,1,1,UVM_MEDIUM,0,0,0.0,-O0 -sv -debug,+UVM_TESTNAME=auto,r1p2,0,384,20.0,dma_burst_test,dma_burst_seq,APB4+UART
RUN-002356,uart_loopback_test-002356,Uart_Loopback,APB3,round_robin,2,0,0,odd,460800,64,0,edge,25,32,32,500,1,ACTIVE,functional,0,8,1,1,UVM_MEDIUM,1,1,0.0093,-O2 -sv -assert svaext,+UVM_TESTNAME=auto,r1p2,3,768,40.0,uart_loopback_test,uart_loopback_seq,APB3+UART
RUN-002357,parity_stress_test-002357,Parity_Stress,APB4,round_robin,4,5,0,none,460800,64,1,edge,200,32,16,500,1,PASSIVE,functional,1,4,1,1,UVM_LOW,0,0,0.0,-O2 -sv,+UVM_TESTNAME=auto,r1p2,3,768,5.0,parity_stress_test,parity_stress_seq,APB4+UART
RUN-002358,reset_recovery_test-002358,Reset_Recovery,APB4,priority,8,7,0,even,230400,4,0,edge,200,32,32,100,3,ACTIVE,functional,0,4,0,1,UVM_LOW,0,0,0.0,-O2 -sv -assert svaext,+UVM_TESTNAME=auto,r1p2,4,48,5.0,reset_recovery_test,reset_recovery_seq,APB4+UART
RUN-002359,dma_burst_test-002359,Dma_Burst,APB4,static,8,3,0,even,115200,4,0,level,100,16,16,250,1,PASSIVE,functional,0,8,1,1,UVM_LOW,0,0,0.0,-O0 -sv -debug,+UVM_TESTNAME=auto,r1p2,3,48,10.0,dma_burst_test,dma_burst_seq,APB4+UART
RUN-002360,parity_stress_test-002360,Parity_Stress,APB3,static,4,2,0,even,921600,16,1,level,200,8,32,50,1,ACTIVE,regression,0,8,1,1,UVM_LOW,1,1,0.0213,-O2 -sv -assert svaext,+UVM_TESTNAME=auto -cm line+tgl,r1p2,8,192,5.0,parity_stress_test,parity_stress_seq,APB3+UART
RUN-002361,dma_burst_test-002361,Dma_Burst,APB3,priority,4,4,2,even,921600,64,1,level,25,32,16,50,2,ACTIVE,functional,1,8,1,0,UVM_HIGH,0,0,0.0,-O2 -sv -assert svaext,+UVM_TESTNAME=auto,r1p0,2,768,40.0,dma_burst_test,dma_burst_seq,APB3+UART
RUN-002362,irq_storm_test-002362,Irq_Storm,APB3,priority,16,7,2,odd,460800,32,1,level,100,8,16,50,3,ACTIVE,regression,0,4,1,1,UVM_LOW,1,0,0.0,-O2 -sv,+UVM_TESTNAME=auto,r1p2,5,384,10.0,irq_storm_test,irq_storm_seq,APB3+UART
RUN-002363,uart_loopback_test-002363,Uart_Loopback,APB4,priority,4,5,1,even,115200,16,0,level,50,8,16,250,1,PASSIVE,regression,0,8,1,1,UVM_MEDIUM,0,0,0.0,-O0 -sv -debug,+UVM_TESTNAME=auto -cm line+tgl,r2p0,11,192,20.0,uart_loopback_test,uart_loopback_seq,APB4+UART
RUN-002364,reg_sweep_test-002364,Reg_Sweep,APB3,round_robin,8,4,2,none,1500000,16,1,level,100,8,32,50,1,ACTIVE,regression,1,8,1,1,UVM_LOW,0,1,0.0179,-O2 -sv,+UVM_TESTNAME=auto,r2p0,3,192,10.0,reg_sweep_test,reg_sweep_seq,APB3+UART
RUN-002365,reset_recovery_test-002365,Reset_Recovery,APB4,priority,2,6,1,odd,230400,8,1,edge,25,16,32,250,1,ACTIVE,functional,0,4,1,1,UVM_LOW,1,0,0.0,-O0 -sv -debug,+UVM_TESTNAME=auto -cm line+tgl,r2p0,6,96,40.0,reset_recovery_test,reset_recovery_seq,APB4+UART
RUN-002366,irq_storm_test-002366,Irq_Storm,APB3,priority,4,3,1,none,230400,16,1,level,100,32,16,100,3,ACTIVE,stress,1,4,1,1,UVM_MEDIUM,0,0,0.0,-O2 -sv -assert svaext,+UVM_TESTNAME=auto,r2p0,0,192,10.0,irq_storm_test,irq_storm_seq,APB3+UART
RUN-002367,reset_recovery_test-002367,Reset_Recovery,APB4,round_robin,4,3,4,none,230400,8,0,edge,100,8,32,250,1,ACTIVE,functional,0,16,0,1,UVM_MEDIUM,0,0,0.0,-O2 -sv,+UVM_TESTNAME=auto -cm line+tgl,r2p0,3,96,10.0,reset_recovery_test,reset_recovery_seq,APB4+UART
RUN-002368,backpressure_test-002368,Backpressure,APB3,static,16,6,1,none,921600,32,0,level,200,32,32,50,2,ACTIVE,stress,0,4,1,1,UVM_MEDIUM,0,1,0.0126,-O2 -sv -assert svaext,+UVM_TESTNAME=auto,r1p2,3,384,5.0,backpressure_test,backpressure_seq,APB3+UART
RUN-002369,backpressure_test-002369,Backpressure,APB3,round_robin,4,7,1,none,115200,32,0,level,50,16,16,100,3,ACTIVE,functional,0,8,1,1,UVM_LOW,1,1,0.0314,-O0 -sv -debug,+UVM_TESTNAME=auto,r2p0,9,384,20.0,backpressure_test,backpressure_seq,APB3+UART
RUN-002370,uart_loopback_test-002370,Uart_Loopback,APB4,round_robin,2,1,1,even,921600,16,0,level,100,32,16,100,2,ACTIVE,stress,0,16,1,1,UVM_MEDIUM,0,1,0.0076,-O2 -sv,+UVM_TESTNAME=auto,r1p2,5,192,10.0,uart_loopback_test,uart_loopback_seq,APB4+UART
RUN-002371,parity_stress_test-002371,Parity_Stress,APB4,priority,4,6,4,even,115200,32,0,level,100,32,32,500,1,ACTIVE,stress,0,4,1,1,UVM_MEDIUM,0,0,0.0,-O2 -sv -assert svaext,+UVM_TESTNAME=auto,r1p2,11,384,10.0,parity_stress_test,parity_stress_seq,APB4+UART
RUN-002372,uart_loopback_test-002372,Uart_Loopback,APB3,round_robin,16,2,4,none,115200,64,0,level,200,8,32,250,2,PASSIVE,functional,1,16,1,1,UVM_MEDIUM,0,1,0.0318,-O0 -sv -debug,+UVM_TESTNAME=auto,r2p0,4,768,5.0,uart_loopback_test,uart_loopback_seq,APB3+UART
RUN-002373,irq_storm_test-002373,Irq_Storm,APB4,priority,8,6,2,odd,115200,8,0,edge,50,8,32,100,1,ACTIVE,regression,1,16,0,1,UVM_LOW,0,0,0.0,-O2 -sv -assert svaext,+UVM_TESTNAME=auto,r1p2,9,96,20.0,irq_storm_test,irq_storm_seq,APB4+UART
RUN-002374,reg_sweep_test-002374,Reg_Sweep,APB3,round_robin,16,2,1,none,460800,16,0,edge,25,32,32,500,2,ACTIVE,functional,0,8,1,1,UVM_MEDIUM,1,0,0.0,-O2 -sv -assert svaext,+UVM_TESTNAME=auto -cm line+tgl,r1p2,10,192,40.0,reg_sweep_test,reg_sweep_seq,APB3+UART
RUN-002375,parity_stress_test-002375,Parity_Stress,APB4,priority,16,6,4,none,115200,64,1,level,50,32,32,500,3,ACTIVE,functional,0,8,0,1,UVM_LOW,0,0,0.0,-O2 -sv,+UVM_TESTNAME=auto,r1p0,8,768,20.0,parity_stress_test,parity_stress_seq,APB4+UART
RUN-002376,backpressure_test-002376,Backpressure,APB3,round_robin,4,2,4,odd,230400,16,0,edge,50,8,32,100,1,PASSIVE,regression,1,8,1,1,UVM_LOW,1,0,0.0,-O2 -sv -assert svaext,+UVM_TESTNAME=auto,r1p2,7,192,20.0,backpressure_test,backpressure_seq,APB3+UART
RUN-002377,reg_sweep_test-002377,Reg_Sweep,APB4,priority,8,0,2,even,230400,32,1,level,50,32,32,50,2,ACTIVE,regression,0,16,1,1,UVM_HIGH,0,0,0.0,-O2 -sv -assert svaext,+UVM_TESTNAME=auto -cm line+tgl,r1p0,2,384,20.0,reg_sweep_test,reg_sweep_seq,APB4+UART
RUN-002378,dma_burst_test-002378,Dma_Burst,APB4,round_robin,4,7,1,even,460800,4,0,edge,100,16,32,100,2,ACTIVE,functional,0,8,1,1,UVM_MEDIUM,1,1,0.0268,-O2 -sv -assert svaext,+UVM_TESTNAME=auto,r1p2,10,48,10.0,dma_burst_test,dma_burst_seq,APB4+UART
RUN-002379,dma_burst_test-002379,Dma_Burst,APB3,priority,8,0,1,even,921600,4,1,edge,25,32,32,100,2,ACTIVE,functional,1,16,0,1,UVM_HIGH,0,1,0.0316,-O2 -sv -assert svaext,+UVM_TESTNAME=auto -cm line+tgl,r1p2,6,48,40.0,dma_burst_test,dma_burst_seq,APB3+UART
RUN-002380,backpressure_test-002380,Backpressure,APB4,round_robin,16,1,2,odd,921600,64,1,level,50,32,32,100,2,ACTIVE,functional,0,4,0,1,UVM_LOW,0,0,0.0,-O2 -sv -assert svaext,+UVM_TESTNAME=auto,r1p2,7,768,20.0,backpressure_test,backpressure_seq,APB4+UART
RUN-002381,parity_stress_test-002381,Parity_Stress,APB3,priority,4,5,0,even,460800,16,0,level,25,32,32,250,1,PASSIVE,functional,0,8,1,1,UVM_LOW,0,0,0.0,-O0 -sv -debug,+UVM_TESTNAME=auto,r2p0,8,192,40.0,parity_stress_test,parity_stress_seq,APB3+UART
RUN-002382,reg_sweep_test-002382,Reg_Sweep,APB4,static,8,3,0,none,1500000,8,1,edge,200,8,32,500,1,ACTIVE,functional,0,8,1,1,UVM_HIGH,0,0,0.0,-O2 -sv -assert svaext,+UVM_TESTNAME=auto,r1p2,1,96,5.0,reg_sweep_test,reg_sweep_seq,APB4+UART
RUN-002383,reg_sweep_test-002383,Reg_Sweep,APB3,static,2,1,4,none,460800,16,1,edge,100,32,16,100,1,ACTIVE,functional,0,8,0,1,UVM_MEDIUM,0,0,0.0,-O0 -sv -debug,+UVM_TESTNAME=auto -cm line+tgl,r2p0,1,192,10.0,reg_sweep_test,reg_sweep_seq,APB3+UART
RUN-002384,dma_burst_test-002384,Dma_Burst,APB4,priority,8,3,2,odd,460800,8,0,edge,100,16,32,100,2,ACTIVE,functional,0,16,1,1,UVM_HIGH,0,0,0.0,-O2 -sv,+UVM_TESTNAME=auto,r1p2,1,96,10.0,dma_burst_test,dma_burst_seq,APB4+UART
RUN-002385,reg_sweep_test-002385,Reg_Sweep,APB3,priority,16,7,1,even,1500000,32,1,level,25,32,16,50,1,PASSIVE,regression,0,16,0,1,UVM_LOW,0,0,0.0,-O2 -sv -assert svaext,+UVM_TESTNAME=auto -cm line+tgl,r2p0,1,384,40.0,reg_sweep_test,reg_sweep_seq,APB3+UART
RUN-002386,dma_burst_test-002386,Dma_Burst,APB4,priority,4,1,1,none,921600,16,1,level,50,8,32,500,1,ACTIVE,regression,0,4,0,1,UVM_HIGH,0,0,0.0,-O2 -sv,+UVM_TESTNAME=auto,r1p0,8,192,20.0,dma_burst_test,dma_burst_seq,APB4+UART
RUN-002387,parity_stress_test-002387,Parity_Stress,APB4,round_robin,16,6,0,even,460800,4,1,level,200,32,32,250,3,PASSIVE,stress,0,8,1,1,UVM_MEDIUM,0,0,0.0,-O2 -sv,+UVM_TESTNAME=auto,r1p0,10,48,5.0,parity_stress_test,parity_stress_seq,APB4+UART
RUN-002388,dma_burst_test-002388,Dma_Burst,APB4,round_robin,4,0,2,odd,460800,8,1,edge,100,16,32,250,1,ACTIVE,stress,0,16,0,1,UVM_LOW,0,0,0.0,-O2 -sv -assert svaext,+UVM_TESTNAME=auto -cm line+tgl,r1p0,1,96,10.0,dma_burst_test,dma_burst_seq,APB4+UART
RUN-002389,dma_burst_test-002389,Dma_Burst,APB4,static,4,1,0,odd,460800,32,1,level,25,32,32,500,2,PASSIVE,regression,0,16,1,1,UVM_HIGH,0,1,0.0369,-O2 -sv -assert svaext,+UVM_TESTNAME=auto,r1p0,5,384,40.0,dma_burst_test,dma_burst_seq,APB4+UART
RUN-002390,irq_storm_test-002390,Irq_Storm,APB4,static,8,7,0,odd,115200,64,1,edge,200,16,32,50,1,ACTIVE,regression,0,4,1,1,UVM_LOW,1,1,0.037,-O2 -sv,+UVM_TESTNAME=auto,r1p0,5,768,5.0,irq_storm_test,irq_storm_seq,APB4+UART
RUN-002391,uart_loopback_test-002391,Uart_Loopback,APB4,priority,8,5,1,odd,460800,8,1,level,25,8,32,250,1,ACTIVE,regression,0,16,1,1,UVM_LOW,0,0,0.0,-O2 -sv,+UVM_TESTNAME=auto -cm line+tgl,r1p2,5,96,40.0,uart_loopback_test,uart_loopback_seq,APB4+UART
RUN-002392,parity_stress_test-002392,Parity_Stress,APB3,round_robin,4,2,0,odd,230400,32,0,edge,200,32,32,250,1,ACTIVE,regression,0,16,1,1,UVM_MEDIUM,0,1,0.0151,-O0 -sv -debug,+UVM_TESTNAME=auto -cm line+tgl,r2p0,6,384,5.0,parity_stress_test,parity_stress_seq,APB3+UART
RUN-002393,reg_sweep_test-002393,Reg_Sweep,APB4,round_robin,8,4,1,none,115200,32,0,edge,25,8,32,250,2,PASSIVE,functional,0,4,1,0,UVM_LOW,0,0,0.0,-O0 -sv -debug,+UVM_TESTNAME=auto -cm line+tgl,r2p0,6,384,40.0,reg_sweep_test,reg_sweep_seq,APB4+UART
RUN-002394,uart_loopback_test-002394,Uart_Loopback,APB4,static,4,7,2,none,921600,32,0,level,100,8,32,50,1,ACTIVE,regression,1,4,1,1,UVM_MEDIUM,1,1,0.0017,-O2 -sv -assert svaext,+UVM_TESTNAME=auto -cm line+tgl,r2p0,11,384,10.0,uart_loopback_test,uart_loopback_seq,APB4+UART
RUN-002395,dma_burst_test-002395,Dma_Burst,APB3,round_robin,8,0,0,none,1500000,32,1,edge,50,16,32,500,1,ACTIVE,stress,1,8,1,1,UVM_LOW,0,0,0.0,-O2 -sv -assert svaext,+UVM_TESTNAME=auto,r2p0,9,384,20.0,dma_burst_test,dma_burst_seq,APB3+UART
RUN-002396,irq_storm_test-002396,Irq_Storm,APB3,static,4,3,4,odd,921600,32,0,edge,200,32,32,50,3,ACTIVE,stress,0,16,1,1,UVM_MEDIUM,0,0,0.0,-O2 -sv -assert svaext,+UVM_TESTNAME=auto,r1p2,7,384,5.0,irq_storm_test,irq_storm_seq,APB3+UART
RUN-002397,reg_sweep_test-002397,Reg_Sweep,APB3,static,4,5,4,odd,460800,4,0,edge,50,32,32,500,2,ACTIVE,functional,0,4,0,1,UVM_MEDIUM,0,1,0.0046,-O2 -sv -assert svaext,+UVM_TESTNAME=auto -cm line+tgl,r1p2,5,48,20.0,reg_sweep_test,reg_sweep_seq,APB3+UART
RUN-002398,irq_storm_test-002398,Irq_Storm,APB3,static,2,4,1,none,115200,8,1,level,100,32,32,100,2,ACTIVE,functional,0,16,1,1,UVM_LOW,0,1,0.0013,-O0 -sv -debug,+UVM_TESTNAME=auto -cm line+tgl,r1p0,10,96,10.0,irq_storm_test,irq_storm_seq,APB3+UART
RUN-002399,parity_stress_test-002399,Parity_Stress,APB4,priority,8,7,4,even,921600,4,1,edge,100,16,16,250,3,ACTIVE,functional,0,4,1,1,UVM_LOW,0,1,0.0006,-O2 -sv -assert svaext,+UVM_TESTNAME=auto,r1p2,3,48,10.0,parity_stress_test,parity_stress_seq,APB4+UART
RUN-002400,uart_loopback_test-002400,Uart_Loopback,APB4,priority,8,4,0,none,460800,4,1,edge,100,32,32,50,2,PASSIVE,stress,1,16,1,1,UVM_LOW,0,1,0.0387,-O2 -sv -assert svaext,+UVM_TESTNAME=auto,r1p0,9,48,10.0,uart_loopback_test,uart_loopback_seq,APB4+UART
RUN-002401,dma_burst_test-002401,Dma_Burst,APB4,round_robin,2,0,2,even,460800,16,1,level,100,32,32,250,2,ACTIVE,functional,0,16,1,1,UVM_HIGH,0,0,0.0,-O2 -sv,+UVM_TESTNAME=auto,r1p0,11,192,10.0,dma_burst_test,dma_burst_seq,APB4+UART
RUN-002402,reset_recovery_test-002402,Reset_Recovery,APB3,round_robin,4,1,1,none,921600,32,1,edge,200,16,32,100,1,PASSIVE,stress,0,4,1,1,UVM_MEDIUM,0,0,0.0,-O0 -sv -debug,+UVM_TESTNAME=auto,r1p0,11,384,5.0,reset_recovery_test,reset_recovery_seq,APB3+UART
RUN-002403,reg_sweep_test-002403,Reg_Sweep,APB4,static,4,2,0,even,115200,16,1,edge,50,8,32,50,2,ACTIVE,stress,1,16,1,1,UVM_LOW,1,0,0.0,-O2 -sv -assert svaext,+UVM_TESTNAME=auto,r1p2,6,192,20.0,reg_sweep_test,reg_sweep_seq,APB4+UART
RUN-002404,backpressure_test-002404,Backpressure,APB4,priority,4,4,1,none,230400,64,0,edge,100,32,32,50,1,PASSIVE,regression,1,16,1,1,UVM_HIGH,0,0,0.0,-O2 -sv,+UVM_TESTNAME=auto,r1p0,5,768,10.0,backpressure_test,backpressure_seq,APB4+UART
RUN-002405,irq_storm_test-002405,Irq_Storm,APB3,round_robin,4,1,2,none,230400,8,1,edge,200,32,32,500,1,ACTIVE,regression,0,16,0,0,UVM_HIGH,0,0,0.0,-O0 -sv -debug,+UVM_TESTNAME=auto,r1p2,3,96,5.0,irq_storm_test,irq_storm_seq,APB3+UART
RUN-002406,irq_storm_test-002406,Irq_Storm,APB3,round_robin,4,5,1,even,115200,16,1,edge,100,32,32,250,1,ACTIVE,regression,0,8,1,1,UVM_HIGH,0,0,0.0,-O2 -sv -assert svaext,+UVM_TESTNAME=auto,r2p0,3,192,10.0,irq_storm_test,irq_storm_seq,APB3+UART
RUN-002407,dma_burst_test-002407,Dma_Burst,APB3,priority,2,2,4,odd,115200,64,1,level,100,32,16,50,1,ACTIVE,regression,0,8,0,1,UVM_MEDIUM,0,1,0.0369,-O2 -sv -assert svaext,+UVM_TESTNAME=auto -cm line+tgl,r1p2,8,768,10.0,dma_burst_test,dma_burst_seq,APB3+UART
RUN-002408,uart_loopback_test-002408,Uart_Loopback,APB3,priority,2,4,1,odd,230400,4,1,edge,100,32,32,250,3,PASSIVE,regression,0,16,1,1,UVM_MEDIUM,0,0,0.0,-O2 -sv,+UVM_TESTNAME=auto -cm line+tgl,r1p2,9,48,10.0,uart_loopback_test,uart_loopback_seq,APB3+UART
RUN-002409,backpressure_test-002409,Backpressure,APB3,priority,4,6,2,odd,115200,8,1,level,50,32,32,100,1,ACTIVE,functional,0,8,1,1,UVM_MEDIUM,0,1,0.0115,-O0 -sv -debug,+UVM_TESTNAME=auto -cm line+tgl,r1p2,9,96,20.0,backpressure_test,backpressure_seq,APB3+UART
RUN-002410,irq_storm_test-002410,Irq_Storm,APB3,round_robin,8,0,2,even,921600,8,0,edge,25,8,32,100,1,ACTIVE,stress,0,8,1,1,UVM_LOW,0,0,0.0,-O0 -sv -debug,+UVM_TESTNAME=auto -cm line+tgl,r1p0,3,96,40.0,irq_storm_test,irq_storm_seq,APB3+UART
RUN-002411,irq_storm_test-002411,Irq_Storm,APB4,priority,16,3,0,none,230400,16,1,edge,100,32,16,100,2,ACTIVE,functional,1,4,0,1,UVM_MEDIUM,1,1,0.004,-O2 -sv,+UVM_TESTNAME=auto -cm line+tgl,r1p0,6,192,10.0,irq_storm_test,irq_storm_seq,APB4+UART
RUN-002412,reset_recovery_test-002412,Reset_Recovery,APB4,static,2,6,0,even,230400,16,1,level,200,32,16,100,3,ACTIVE,stress,0,4,0,1,UVM_MEDIUM,0,0,0.0,-O0 -sv -debug,+UVM_TESTNAME=auto,r2p0,5,192,5.0,reset_recovery_test,reset_recovery_seq,APB4+UART
RUN-002413,reg_sweep_test-002413,Reg_Sweep,APB4,static,8,4,1,odd,460800,16,0,edge,25,32,32,250,2,ACTIVE,functional,0,4,1,1,UVM_LOW,0,1,0.0078,-O2 -sv -assert svaext,+UVM_TESTNAME=auto,r1p0,8,192,40.0,reg_sweep_test,reg_sweep_seq,APB4+UART
RUN-002414,uart_loopback_test-002414,Uart_Loopback,APB4,priority,4,3,1,even,460800,16,1,level,100,8,32,50,2,ACTIVE,stress,1,4,1,1,UVM_HIGH,0,0,0.0,-O2 -sv -assert svaext,+UVM_TESTNAME=auto,r1p2,11,192,10.0,uart_loopback_test,uart_loopback_seq,APB4+UART
RUN-002415,dma_burst_test-002415,Dma_Burst,APB3,priority,4,0,0,odd,1500000,64,1,level,200,8,16,100,1,ACTIVE,stress,1,16,1,1,UVM_MEDIUM,1,0,0.0,-O2 -sv,+UVM_TESTNAME=auto,r2p0,8,768,5.0,dma_burst_test,dma_burst_seq,APB3+UART
RUN-002416,backpressure_test-002416,Backpressure,APB4,priority,2,3,4,none,230400,8,1,level,100,8,32,500,1,ACTIVE,stress,0,4,1,1,UVM_LOW,0,1,0.0318,-O2 -sv,+UVM_TESTNAME=auto,r1p0,5,96,10.0,backpressure_test,backpressure_seq,APB4+UART
RUN-002417,parity_stress_test-002417,Parity_Stress,APB3,priority,2,1,4,none,1500000,4,0,edge,50,32,32,50,1,ACTIVE,functional,0,16,1,1,UVM_MEDIUM,0,0,0.0,-O2 -sv -assert svaext,+UVM_TESTNAME=auto,r1p0,8,48,20.0,parity_stress_test,parity_stress_seq,APB3+UART
RUN-002418,parity_stress_test-002418,Parity_Stress,APB4,priority,8,6,2,odd,921600,64,0,level,50,32,16,100,1,ACTIVE,functional,0,8,1,1,UVM_LOW,0,1,0.0006,-O0 -sv -debug,+UVM_TESTNAME=auto,r2p0,7,768,20.0,parity_stress_test,parity_stress_seq,APB4+UART
RUN-002419,reg_sweep_test-002419,Reg_Sweep,APB3,priority,16,4,2,none,115200,32,1,level,50,8,16,100,1,ACTIVE,functional,0,8,0,1,UVM_MEDIUM,0,0,0.0,-O2 -sv,+UVM_TESTNAME=auto -cm line+tgl,r1p2,8,384,20.0,reg_sweep_test,reg_sweep_seq,APB3+UART
RUN-002420,irq_storm_test-002420,Irq_Storm,APB3,round_robin,2,2,1,even,460800,32,1,level,25,32,32,50,1,ACTIVE,stress,1,8,0,1,UVM_MEDIUM,0,1,0.0316,-O2 -sv,+UVM_TESTNAME=auto -cm line+tgl,r1p2,7,384,40.0,irq_storm_test,irq_storm_seq,APB3+UART
RUN-002421,uart_loopback_test-002421,Uart_Loopback,APB3,priority,2,5,1,odd,921600,16,1,level,200,8,32,500,3,PASSIVE,stress,1,8,1,1,UVM_HIGH,0,1,0.0112,-O2 -sv -assert svaext,+UVM_TESTNAME=auto,r2p0,8,192,5.0,uart_loopback_test,uart_loopback_seq,APB3+UART
RUN-002422,reg_sweep_test-002422,Reg_Sweep,APB4,round_robin,8,0,1,even,230400,64,1,edge,100,16,32,500,2,ACTIVE,stress,0,16,1,1,UVM_MEDIUM,0,1,0.0124,-O2 -sv -assert svaext,+UVM_TESTNAME=auto,r2p0,1,768,10.0,reg_sweep_test,reg_sweep_seq,APB4+UART
RUN-002423,uart_loopback_test-002423,Uart_Loopback,APB4,static,2,7,1,odd,230400,16,0,level,50,32,16,250,2,ACTIVE,regression,1,8,1,1,UVM_MEDIUM,0,1,0.0018,-O2 -sv,+UVM_TESTNAME=auto -cm line+tgl,r1p0,0,192,20.0,uart_loopback_test,uart_loopback_seq,APB4+UART
RUN-002424,uart_loopback_test-002424,Uart_Loopback,APB4,round_robin,16,3,2,odd,460800,4,0,level,25,32,16,250,1,ACTIVE,stress,1,4,1,0,UVM_HIGH,0,1,0.0093,-O2 -sv -assert svaext,+UVM_TESTNAME=auto,r1p2,6,48,40.0,uart_loopback_test,uart_loopback_seq,APB4+UART
RUN-002425,reg_sweep_test-002425,Reg_Sweep,APB3,static,2,7,0,even,921600,16,0,level,200,32,32,250,1,ACTIVE,functional,0,4,1,1,UVM_MEDIUM,0,0,0.0,-O2 -sv -assert svaext,+UVM_TESTNAME=auto,r1p2,6,192,5.0,reg_sweep_test,reg_sweep_seq,APB3+UART
RUN-002426,reg_sweep_test-002426,Reg_Sweep,APB4,priority,4,6,0,odd,230400,4,0,level,50,32,16,100,3,ACTIVE,functional,0,8,1,1,UVM_MEDIUM,0,1,0.0275,-O2 -sv -assert svaext,+UVM_TESTNAME=auto,r2p0,5,48,20.0,reg_sweep_test,reg_sweep_seq,APB4+UART
RUN-002427,backpressure_test-002427,Backpressure,APB4,round_robin,8,2,2,even,115200,64,1,edge,25,16,16,250,1,ACTIVE,regression,0,8,1,1,UVM_LOW,0,0,0.0,-O2 -sv -assert svaext,+UVM_TESTNAME=auto -cm line+tgl,r1p0,1,768,40.0,backpressure_test,backpressure_seq,APB4+UART
RUN-002428,irq_storm_test-002428,Irq_Storm,APB3,static,8,3,0,odd,921600,8,0,level,200,32,32,250,3,ACTIVE,stress,0,8,1,1,UVM_MEDIUM,0,0,0.0,-O2 -sv -assert svaext,+UVM_TESTNAME=auto -cm line+tgl,r2p0,2,96,5.0,irq_storm_test,irq_storm_seq,APB3+UART
RUN-002429,irq_storm_test-002429,Irq_Storm,APB4,round_robin,16,2,0,odd,230400,8,0,level,100,32,16,50,1,ACTIVE,regression,0,4,1,0,UVM_LOW,1,0,0.0,-O2 -sv,+UVM_TESTNAME=auto -cm line+tgl,r1p2,0,96,10.0,irq_storm_test,irq_storm_seq,APB4+UART
RUN-002430,reg_sweep_test-002430,Reg_Sweep,APB4,round_robin,8,3,0,none,115200,8,1,level,200,32,16,50,1,ACTIVE,functional,0,8,0,1,UVM_HIGH,0,1,0.0238,-O2 -sv,+UVM_TESTNAME=auto,r1p0,8,96,5.0,reg_sweep_test,reg_sweep_seq,APB4+UART
RUN-002431,reg_sweep_test-002431,Reg_Sweep,APB4,priority,2,0,2,odd,460800,8,1,level,25,32,32,100,1,ACTIVE,stress,1,4,1,1,UVM_MEDIUM,0,0,0.0,-O2 -sv,+UVM_TESTNAME=auto -cm line+tgl,r1p2,10,96,40.0,reg_sweep_test,reg_sweep_seq,APB4+UART
RUN-002432,uart_loopback_test-002432,Uart_Loopback,APB4,priority,4,6,1,odd,1500000,16,0,edge,25,16,32,250,1,ACTIVE,stress,1,4,1,1,UVM_LOW,0,1,0.0216,-O2 -sv,+UVM_TESTNAME=auto,r1p2,11,192,40.0,uart_loopback_test,uart_loopback_seq,APB4+UART
RUN-002433,reg_sweep_test-002433,Reg_Sweep,APB4,priority,4,2,2,none,115200,64,0,edge,50,8,16,50,2,ACTIVE,functional,0,8,0,1,UVM_MEDIUM,0,0,0.0,-O2 -sv -assert svaext,+UVM_TESTNAME=auto,r1p2,9,768,20.0,reg_sweep_test,reg_sweep_seq,APB4+UART
RUN-002434,parity_stress_test-002434,Parity_Stress,APB4,priority,8,7,0,even,921600,8,1,edge,50,32,32,250,2,ACTIVE,regression,0,8,1,1,UVM_HIGH,0,1,0.0304,-O2 -sv,+UVM_TESTNAME=auto,r1p0,5,96,20.0,parity_stress_test,parity_stress_seq,APB4+UART
RUN-002435,dma_burst_test-002435,Dma_Burst,APB4,static,16,7,1,even,460800,16,1,edge,200,32,32,250,1,ACTIVE,functional,0,16,1,1,UVM_LOW,0,1,0.0311,-O2 -sv,+UVM_TESTNAME=auto,r2p0,5,192,5.0,dma_burst_test,dma_burst_seq,APB4+UART
RUN-002436,uart_loopback_test-002436,Uart_Loopback,APB3,priority,2,2,2,none,115200,32,1,level,25,32,32,100,2,ACTIVE,stress,0,16,1,1,UVM_LOW,0,0,0.0,-O2 -sv,+UVM_TESTNAME=auto,r1p0,1,384,40.0,uart_loopback_test,uart_loopback_seq,APB3+UART
RUN-002437,uart_loopback_test-002437,Uart_Loopback,APB4,static,2,0,1,none,921600,32,0,edge,25,8,32,250,2,ACTIVE,regression,0,8,1,1,UVM_LOW,0,0,0.0,-O2 -sv -assert svaext,+UVM_TESTNAME=auto -cm line+tgl,r1p0,4,384,40.0,uart_loopback_test,uart_loopback_seq,APB4+UART
RUN-002438,irq_storm_test-002438,Irq_Storm,APB3,round_robin,2,6,0,even,921600,8,1,edge,200,8,16,250,3,ACTIVE,stress,0,16,1,1,UVM_MEDIUM,0,0,0.0,-O2 -sv -assert svaext,+UVM_TESTNAME=auto,r1p2,2,96,5.0,irq_storm_test,irq_storm_seq,APB3+UART
RUN-002439,uart_loopback_test-002439,Uart_Loopback,APB3,priority,16,7,4,even,115200,16,0,edge,25,32,32,50,3,ACTIVE,regression,0,16,1,1,UVM_LOW,0,0,0.0,-O0 -sv -debug,+UVM_TESTNAME=auto,r1p0,1,192,40.0,uart_loopback_test,uart_loopback_seq,APB3+UART
RUN-002440,parity_stress_test-002440,Parity_Stress,APB4,priority,16,5,0,none,1500000,16,1,edge,50,32,16,500,1,ACTIVE,stress,0,8,1,1,UVM_MEDIUM,0,0,0.0,-O2 -sv,+UVM_TESTNAME=auto -cm line+tgl,r2p0,2,192,20.0,parity_stress_test,parity_stress_seq,APB4+UART
RUN-002441,uart_loopback_test-002441,Uart_Loopback,APB4,static,2,6,1,even,230400,16,1,level,100,16,32,100,1,ACTIVE,functional,0,4,1,1,UVM_MEDIUM,1,1,0.022,-O0 -sv -debug,+UVM_TESTNAME=auto -cm line+tgl,r1p0,3,192,10.0,uart_loopback_test,uart_loopback_seq,APB4+UART
RUN-002442,irq_storm_test-002442,Irq_Storm,APB4,priority,16,6,1,even,115200,16,0,level,50,32,32,50,1,ACTIVE,stress,0,16,1,1,UVM_MEDIUM,1,0,0.0,-O2 -sv -assert svaext,+UVM_TESTNAME=auto -cm line+tgl,r2p0,9,192,20.0,irq_storm_test,irq_storm_seq,APB4+UART
RUN-002443,backpressure_test-002443,Backpressure,APB3,static,2,0,1,even,115200,16,1,level,50,32,32,100,1,ACTIVE,functional,1,8,0,1,UVM_LOW,0,0,0.0,-O2 -sv -assert svaext,+UVM_TESTNAME=auto,r2p0,5,192,20.0,backpressure_test,backpressure_seq,APB3+UART
RUN-002444,dma_burst_test-002444,Dma_Burst,APB3,round_robin,8,4,0,none,921600,64,1,edge,100,16,32,100,2,ACTIVE,regression,0,16,1,1,UVM_LOW,0,0,0.0,-O2 -sv,+UVM_TESTNAME=auto,r1p0,4,768,10.0,dma_burst_test,dma_burst_seq,APB3+UART
RUN-002445,reset_recovery_test-002445,Reset_Recovery,APB3,priority,8,6,0,even,460800,4,1,edge,100,16,32,100,2,ACTIVE,functional,1,8,1,1,UVM_MEDIUM,0,0,0.0,-O2 -sv -assert svaext,+UVM_TESTNAME=auto -cm line+tgl,r2p0,8,48,10.0,reset_recovery_test,reset_recovery_seq,APB3+UART
RUN-002446,reset_recovery_test-002446,Reset_Recovery,APB4,round_robin,8,2,0,even,460800,16,1,edge,50,8,32,50,2,ACTIVE,stress,0,8,1,1,UVM_MEDIUM,0,1,0.0138,-O2 -sv,+UVM_TESTNAME=auto,r1p0,5,192,20.0,reset_recovery_test,reset_recovery_seq,APB4+UART
RUN-002447,uart_loopback_test-002447,Uart_Loopback,APB4,round_robin,2,3,2,even,115200,8,1,edge,100,8,32,500,3,PASSIVE,stress,0,8,0,1,UVM_MEDIUM,0,0,0.0,-O2 -sv,+UVM_TESTNAME=auto -cm line+tgl,r2p0,2,96,10.0,uart_loopback_test,uart_loopback_seq,APB4+UART
RUN-002448,reg_sweep_test-002448,Reg_Sweep,APB4,round_robin,2,0,4,even,115200,8,0,level,200,32,32,100,3,ACTIVE,regression,0,4,0,1,UVM_MEDIUM,0,1,0.0358,-O2 -sv -assert svaext,+UVM_TESTNAME=auto,r1p0,0,96,5.0,reg_sweep_test,reg_sweep_seq,APB4+UART
RUN-002449,reg_sweep_test-002449,Reg_Sweep,APB4,priority,2,5,2,odd,115200,16,0,level,25,8,32,50,2,PASSIVE,regression,0,4,1,1,UVM_HIGH,0,1,0.0389,-O2 -sv,+UVM_TESTNAME=auto -cm line+tgl,r1p2,6,192,40.0,reg_sweep_test,reg_sweep_seq,APB4+UART
RUN-002450,uart_loopback_test-002450,Uart_Loopback,APB3,static,2,2,1,none,1500000,4,1,level,25,8,16,500,2,ACTIVE,stress,0,4,0,1,UVM_MEDIUM,0,0,0.0,-O2 -sv -assert svaext,+UVM_TESTNAME=auto,r1p2,10,48,40.0,uart_loopback_test,uart_loopback_seq,APB3+UART
RUN-002451,reg_sweep_test-002451,Reg_Sweep,APB4,static,2,1,4,odd,230400,8,1,edge,100,16,32,500,1,ACTIVE,functional,0,16,1,1,UVM_MEDIUM,1,0,0.0,-O2 -sv -assert svaext,+UVM_TESTNAME=auto,r2p0,0,96,10.0,reg_sweep_test,reg_sweep_seq,APB4+UART
RUN-002452,dma_burst_test-002452,Dma_Burst,APB4,priority,4,4,4,none,1500000,16,0,level,100,8,16,100,1,ACTIVE,stress,0,8,0,1,UVM_MEDIUM,0,1,0.0066,-O2 -sv -assert svaext,+UVM_TESTNAME=auto,r1p0,2,192,10.0,dma_burst_test,dma_burst_seq,APB4+UART
RUN-002453,reg_sweep_test-002453,Reg_Sweep,APB4,round_robin,4,4,1,even,115200,4,1,edge,25,32,32,100,1,ACTIVE,stress,0,8,1,1,UVM_MEDIUM,0,0,0.0,-O0 -sv -debug,+UVM_TESTNAME=auto -cm line+tgl,r2p0,8,48,40.0,reg_sweep_test,reg_sweep_seq,APB4+UART
RUN-002454,parity_stress_test-002454,Parity_Stress,APB3,static,2,2,0,none,921600,8,0,edge,200,32,32,100,1,PASSIVE,functional,0,4,1,1,UVM_HIGH,0,0,0.0,-O2 -sv,+UVM_TESTNAME=auto -cm line+tgl,r1p2,7,96,5.0,parity_stress_test,parity_stress_seq,APB3+UART
RUN-002455,uart_loopback_test-002455,Uart_Loopback,APB4,round_robin,8,4,2,odd,460800,16,1,level,100,32,32,100,2,ACTIVE,regression,0,16,0,0,UVM_LOW,1,0,0.0,-O2 -sv,+UVM_TESTNAME=auto -cm line+tgl,r1p0,3,192,10.0,uart_loopback_test,uart_loopback_seq,APB4+UART
RUN-002456,dma_burst_test-002456,Dma_Burst,APB3,priority,8,2,0,even,115200,16,1,edge,25,32,16,250,1,ACTIVE,functional,1,4,0,1,UVM_LOW,0,1,0.0241,-O2 -sv -assert svaext,+UVM_TESTNAME=auto,r1p0,1,192,40.0,dma_burst_test,dma_burst_seq,APB3+UART
RUN-002457,backpressure_test-002457,Backpressure,APB4,priority,16,6,1,even,460800,16,1,level,100,32,32,50,2,ACTIVE,functional,0,16,1,1,UVM_MEDIUM,0,0,0.0,-O2 -sv -assert svaext,+UVM_TESTNAME=auto -cm line+tgl,r1p0,10,192,10.0,backpressure_test,backpressure_seq,APB4+UART
RUN-002458,reg_sweep_test-002458,Reg_Sweep,APB3,round_robin,2,6,1,none,115200,8,1,level,25,32,32,100,1,ACTIVE,stress,0,8,1,1,UVM_MEDIUM,0,0,0.0,-O0 -sv -debug,+UVM_TESTNAME=auto -cm line+tgl,r1p0,3,96,40.0,reg_sweep_test,reg_sweep_seq,APB3+UART
RUN-002459,irq_storm_test-002459,Irq_Storm,APB3,priority,2,5,0,even,460800,16,1,edge,100,32,16,100,1,ACTIVE,functional,0,4,1,1,UVM_MEDIUM,0,0,0.0,-O2 -sv,+UVM_TESTNAME=auto,r1p2,9,192,10.0,irq_storm_test,irq_storm_seq,APB3+UART
RUN-002460,parity_stress_test-002460,Parity_Stress,APB3,priority,8,2,2,odd,460800,8,1,edge,50,32,32,50,2,PASSIVE,functional,0,8,1,1,UVM_LOW,0,1,0.0256,-O0 -sv -debug,+UVM_TESTNAME=auto,r1p0,1,96,20.0,parity_stress_test,parity_stress_seq,APB3+UART
RUN-002461,reg_sweep_test-002461,Reg_Sweep,APB3,static,8,6,2,none,460800,8,0,level,200,16,32,100,2,ACTIVE,functional,1,4,0,1,UVM_HIGH,0,0,0.0,-O2 -sv -assert svaext,+UVM_TESTNAME=auto,r1p2,11,96,5.0,reg_sweep_test,reg_sweep_seq,APB3+UART
RUN-002462,dma_burst_test-002462,Dma_Burst,APB4,priority,16,5,1,none,460800,32,0,edge,50,32,16,100,2,ACTIVE,stress,0,8,1,1,UVM_LOW,0,1,0.0053,-O0 -sv -debug,+UVM_TESTNAME=auto -cm line+tgl,r1p2,2,384,20.0,dma_burst_test,dma_burst_seq,APB4+UART
RUN-002463,backpressure_test-002463,Backpressure,APB3,round_robin,4,3,0,odd,460800,8,1,edge,50,8,16,250,2,ACTIVE,regression,0,16,1,1,UVM_HIGH,0,0,0.0,-O2 -sv,+UVM_TESTNAME=auto -cm line+tgl,r2p0,11,96,20.0,backpressure_test,backpressure_seq,APB3+UART
RUN-002464,reset_recovery_test-002464,Reset_Recovery,APB4,priority,8,4,2,none,460800,8,1,edge,25,8,32,500,1,ACTIVE,stress,0,8,1,1,UVM_LOW,0,0,0.0,-O0 -sv -debug,+UVM_TESTNAME=auto,r2p0,4,96,40.0,reset_recovery_test,reset_recovery_seq,APB4+UART
RUN-002465,reg_sweep_test-002465,Reg_Sweep,APB3,static,8,3,1,odd,460800,32,1,edge,50,32,32,250,2,ACTIVE,regression,0,4,0,1,UVM_MEDIUM,1,1,0.0007,-O2 -sv -assert svaext,+UVM_TESTNAME=auto,r1p0,0,384,20.0,reg_sweep_test,reg_sweep_seq,APB3+UART
RUN-002466,backpressure_test-002466,Backpressure,APB3,round_robin,4,5,0,none,460800,64,1,level,200,16,32,100,3,ACTIVE,regression,0,8,0,0,UVM_MEDIUM,1,0,0.0,-O2 -sv,+UVM_TESTNAME=auto -cm line+tgl,r1p2,10,768,5.0,backpressure_test,backpressure_seq,APB3+UART
RUN-002467,reg_sweep_test-002467,Reg_Sweep,APB4,static,8,3,1,even,230400,64,1,edge,25,8,16,250,1,ACTIVE,regression,0,8,0,1,UVM_MEDIUM,0,0,0.0,-O0 -sv -debug,+UVM_TESTNAME=auto,r1p0,10,768,40.0,reg_sweep_test,reg_sweep_seq,APB4+UART
RUN-002468,irq_storm_test-002468,Irq_Storm,APB4,round_robin,8,2,0,none,1500000,16,0,level,50,32,16,250,1,ACTIVE,stress,0,4,0,1,UVM_LOW,0,0,0.0,-O2 -sv,+UVM_TESTNAME=auto,r1p0,2,192,20.0,irq_storm_test,irq_storm_seq,APB4+UART
RUN-002469,irq_storm_test-002469,Irq_Storm,APB3,round_robin,16,6,0,none,115200,8,1,edge,100,32,32,50,2,ACTIVE,regression,0,16,1,1,UVM_LOW,0,1,0.0162,-O2 -sv -assert svaext,+UVM_TESTNAME=auto,r2p0,5,96,10.0,irq_storm_test,irq_storm_seq,APB3+UART
RUN-002470,irq_storm_test-002470,Irq_Storm,APB4,round_robin,2,1,0,even,921600,16,0,level,100,16,16,500,1,ACTIVE,regression,0,16,1,1,UVM_LOW,1,0,0.0,-O2 -sv -assert svaext,+UVM_TESTNAME=auto -cm line+tgl,r1p2,7,192,10.0,irq_storm_test,irq_storm_seq,APB4+UART
RUN-002471,irq_storm_test-002471,Irq_Storm,APB4,static,4,7,2,odd,230400,64,1,level,100,8,16,250,3,ACTIVE,stress,0,8,1,0,UVM_MEDIUM,0,0,0.0,-O2 -sv -assert svaext,+UVM_TESTNAME=auto,r1p0,10,768,10.0,irq_storm_test,irq_storm_seq,APB4+UART
RUN-002472,backpressure_test-002472,Backpressure,APB4,static,2,6,1,none,115200,32,0,level,200,16,16,50,3,ACTIVE,functional,0,16,1,1,UVM_LOW,0,0,0.0,-O2 -sv,+UVM_TESTNAME=auto -cm line+tgl,r1p0,1,384,5.0,backpressure_test,backpressure_seq,APB4+UART
RUN-002473,irq_storm_test-002473,Irq_Storm,APB4,priority,2,5,2,odd,460800,16,1,edge,25,16,16,250,1,ACTIVE,functional,0,16,0,1,UVM_HIGH,1,0,0.0,-O2 -sv,+UVM_TESTNAME=auto,r1p2,9,192,40.0,irq_storm_test,irq_storm_seq,APB4+UART
RUN-002474,parity_stress_test-002474,Parity_Stress,APB4,round_robin,2,7,4,none,460800,4,0,edge,50,16,16,100,2,ACTIVE,stress,0,8,1,1,UVM_LOW,0,0,0.0,-O2 -sv -assert svaext,+UVM_TESTNAME=auto -cm line+tgl,r1p0,8,48,20.0,parity_stress_test,parity_stress_seq,APB4+UART
RUN-002475,irq_storm_test-002475,Irq_Storm,APB3,round_robin,4,6,4,even,1500000,16,0,edge,50,32,32,50,1,ACTIVE,functional,0,8,1,1,UVM_LOW,0,0,0.0,-O2 -sv,+UVM_TESTNAME=auto,r1p2,2,192,20.0,irq_storm_test,irq_storm_seq,APB3+UART
RUN-002476,irq_storm_test-002476,Irq_Storm,APB3,round_robin,4,1,1,even,115200,4,0,level,200,32,16,500,2,PASSIVE,stress,0,8,1,1,UVM_LOW,0,0,0.0,-O0 -sv -debug,+UVM_TESTNAME=auto,r1p2,9,48,5.0,irq_storm_test,irq_storm_seq,APB3+UART
RUN-002477,parity_stress_test-002477,Parity_Stress,APB3,round_robin,4,1,1,none,230400,4,0,level,50,32,32,100,2,ACTIVE,functional,0,16,1,1,UVM_LOW,0,0,0.0,-O2 -sv -assert svaext,+UVM_TESTNAME=auto,r1p0,9,48,20.0,parity_stress_test,parity_stress_seq,APB3+UART
RUN-002478,reg_sweep_test-002478,Reg_Sweep,APB4,static,4,0,1,odd,230400,32,0,level,200,32,16,50,1,ACTIVE,stress,0,4,1,1,UVM_LOW,1,1,0.0282,-O2 -sv -assert svaext,+UVM_TESTNAME=auto,r2p0,6,384,5.0,reg_sweep_test,reg_sweep_seq,APB4+UART
RUN-002479,reset_recovery_test-002479,Reset_Recovery,APB4,round_robin,2,5,4,none,921600,64,1,level,50,8,32,250,1,ACTIVE,stress,1,4,0,1,UVM_LOW,1,1,0.0272,-O2 -sv,+UVM_TESTNAME=auto -cm line+tgl,r1p2,5,768,20.0,reset_recovery_test,reset_recovery_seq,APB4+UART
RUN-002480,reg_sweep_test-002480,Reg_Sweep,APB4,static,4,3,1,even,230400,16,1,edge,200,32,32,100,3,ACTIVE,regression,1,4,1,1,UVM_MEDIUM,0,0,0.0,-O2 -sv -assert svaext,+UVM_TESTNAME=auto,r2p0,0,192,5.0,reg_sweep_test,reg_sweep_seq,APB4+UART
RUN-002481,reg_sweep_test-002481,Reg_Sweep,APB3,priority,4,1,1,none,1500000,32,0,level,200,32,32,50,1,ACTIVE,stress,0,16,1,1,UVM_HIGH,0,1,0.0257,-O2 -sv,+UVM_TESTNAME=auto -cm line+tgl,r2p0,3,384,5.0,reg_sweep_test,reg_sweep_seq,APB3+UART
RUN-002482,dma_burst_test-002482,Dma_Burst,APB4,priority,2,4,1,even,230400,4,0,level,25,8,32,500,2,ACTIVE,functional,0,4,0,1,UVM_LOW,0,0,0.0,-O2 -sv,+UVM_TESTNAME=auto,r1p2,0,48,40.0,dma_burst_test,dma_burst_seq,APB4+UART
RUN-002483,backpressure_test-002483,Backpressure,APB3,priority,4,2,1,none,460800,64,1,level,25,32,32,100,3,ACTIVE,regression,0,4,1,1,UVM_LOW,0,1,0.0062,-O2 -sv -assert svaext,+UVM_TESTNAME=auto,r2p0,5,768,40.0,backpressure_test,backpressure_seq,APB3+UART
RUN-002484,parity_stress_test-002484,Parity_Stress,APB4,round_robin,2,3,2,none,115200,8,0,level,100,32,16,50,2,ACTIVE,functional,0,8,1,1,UVM_LOW,0,0,0.0,-O2 -sv,+UVM_TESTNAME=auto -cm line+tgl,r1p0,11,96,10.0,parity_stress_test,parity_stress_seq,APB4+UART
RUN-002485,uart_loopback_test-002485,Uart_Loopback,APB3,priority,4,5,2,even,230400,4,0,level,25,32,16,50,2,ACTIVE,stress,0,4,1,1,UVM_LOW,1,0,0.0,-O2 -sv -assert svaext,+UVM_TESTNAME=auto,r2p0,8,48,40.0,uart_loopback_test,uart_loopback_seq,APB3+UART
RUN-002486,uart_loopback_test-002486,Uart_Loopback,APB3,round_robin,8,3,1,odd,230400,16,1,edge,100,32,32,50,1,PASSIVE,stress,0,4,1,1,UVM_LOW,0,0,0.0,-O2 -sv -assert svaext,+UVM_TESTNAME=auto,r2p0,4,192,10.0,uart_loopback_test,uart_loopback_seq,APB3+UART
RUN-002487,parity_stress_test-002487,Parity_Stress,APB4,priority,16,1,4,odd,460800,32,1,edge,100,16,32,250,3,ACTIVE,stress,0,16,0,1,UVM_MEDIUM,0,0,0.0,-O2 -sv -assert svaext,+UVM_TESTNAME=auto,r1p2,5,384,10.0,parity_stress_test,parity_stress_seq,APB4+UART
RUN-002488,uart_loopback_test-002488,Uart_Loopback,APB4,priority,8,1,1,none,115200,16,1,edge,50,16,32,50,1,ACTIVE,stress,0,8,0,1,UVM_MEDIUM,0,1,0.0393,-O2 -sv -assert svaext,+UVM_TESTNAME=auto,r1p2,1,192,20.0,uart_loopback_test,uart_loopback_seq,APB4+UART
RUN-002489,dma_burst_test-002489,Dma_Burst,APB4,round_robin,2,0,2,none,230400,64,0,level,100,8,32,50,2,ACTIVE,regression,0,4,1,1,UVM_MEDIUM,0,1,0.0174,-O0 -sv -debug,+UVM_TESTNAME=auto,r2p0,5,768,10.0,dma_burst_test,dma_burst_seq,APB4+UART
RUN-002490,uart_loopback_test-002490,Uart_Loopback,APB3,static,2,3,0,odd,230400,32,0,edge,50,8,32,250,1,ACTIVE,regression,0,8,1,1,UVM_LOW,0,1,0.0395,-O0 -sv -debug,+UVM_TESTNAME=auto,r1p0,4,384,20.0,uart_loopback_test,uart_loopback_seq,APB3+UART
RUN-002491,uart_loopback_test-002491,Uart_Loopback,APB4,static,4,0,0,none,1500000,32,0,edge,50,16,32,100,1,ACTIVE,regression,0,8,0,1,UVM_MEDIUM,0,0,0.0,-O2 -sv,+UVM_TESTNAME=auto,r1p0,2,384,20.0,uart_loopback_test,uart_loopback_seq,APB4+UART
RUN-002492,uart_loopback_test-002492,Uart_Loopback,APB4,round_robin,16,6,2,even,921600,4,0,level,100,32,32,100,2,PASSIVE,regression,0,4,1,1,UVM_MEDIUM,0,0,0.0,-O2 -sv,+UVM_TESTNAME=auto -cm line+tgl,r1p2,9,48,10.0,uart_loopback_test,uart_loopback_seq,APB4+UART
RUN-002493,irq_storm_test-002493,Irq_Storm,APB3,priority,4,1,1,odd,230400,16,1,edge,100,16,16,500,1,ACTIVE,functional,0,4,1,1,UVM_MEDIUM,0,1,0.0168,-O0 -sv -debug,+UVM_TESTNAME=auto,r2p0,11,192,10.0,irq_storm_test,irq_storm_seq,APB3+UART
RUN-002494,reset_recovery_test-002494,Reset_Recovery,APB3,static,16,0,0,even,921600,32,1,edge,50,32,32,50,1,ACTIVE,functional,1,16,1,1,UVM_MEDIUM,0,0,0.0,-O2 -sv -assert svaext,+UVM_TESTNAME=auto -cm line+tgl,r1p2,5,384,20.0,reset_recovery_test,reset_recovery_seq,APB3+UART
RUN-002495,backpressure_test-002495,Backpressure,APB3,round_robin,8,1,2,even,460800,16,1,level,25,32,32,250,2,ACTIVE,functional,0,8,1,0,UVM_MEDIUM,0,0,0.0,-O2 -sv -assert svaext,+UVM_TESTNAME=auto -cm line+tgl,r1p2,10,192,40.0,backpressure_test,backpressure_seq,APB3+UART
RUN-002496,parity_stress_test-002496,Parity_Stress,APB4,static,2,0,2,even,921600,32,0,level,100,32,16,100,1,ACTIVE,regression,0,4,0,1,UVM_MEDIUM,1,0,0.0,-O2 -sv,+UVM_TESTNAME=auto -cm line+tgl,r2p0,9,384,10.0,parity_stress_test,parity_stress_seq,APB4+UART
RUN-002497,reg_sweep_test-002497,Reg_Sweep,APB3,round_robin,2,7,4,odd,115200,8,1,edge,200,16,16,50,2,ACTIVE,functional,1,16,1,0,UVM_LOW,1,0,0.0,-O2 -sv,+UVM_TESTNAME=auto,r1p0,1,96,5.0,reg_sweep_test,reg_sweep_seq,APB3+UART
RUN-002498,reg_sweep_test-002498,Reg_Sweep,APB3,static,2,0,1,odd,921600,16,0,edge,50,16,32,100,2,ACTIVE,functional,0,4,1,1,UVM_LOW,0,0,0.0,-O2 -sv -assert svaext,+UVM_TESTNAME=auto -cm line+tgl,r2p0,0,192,20.0,reg_sweep_test,reg_sweep_seq,APB3+UART
RUN-002499,dma_burst_test-002499,Dma_Burst,APB4,round_robin,4,4,2,even,460800,64,1,level,25,16,16,500,2,ACTIVE,functional,0,8,1,1,UVM_LOW,1,0,0.0,-O0 -sv -debug,+UVM_TESTNAME=auto -cm line+tgl,r1p2,4,768,40.0,dma_burst_test,dma_burst_seq,APB4+UART
RUN-002500,uart_loopback_test-002500,Uart_Loopback,APB3,priority,2,3,4,odd,230400,32,1,level,25,8,16,100,2,ACTIVE,regression,1,4,1,1,UVM_LOW,1,0,0.0,-O0 -sv -debug,+UVM_TESTNAME=auto -cm line+tgl,r1p0,2,384,40.0,uart_loopback_test,uart_loopback_seq,APB3+UART
RUN-002501,reset_recovery_test-002501,Reset_Recovery,APB4,priority,16,3,1,even,115200,4,0,level,50,16,32,100,1,ACTIVE,stress,1,4,1,1,UVM_LOW,0,0,0.0,-O2 -sv,+UVM_TESTNAME=auto -cm line+tgl,r2p0,6,48,20.0,reset_recovery_test,reset_recovery_seq,APB4+UART
RUN-002502,parity_stress_test-002502,Parity_Stress,APB3,round_robin,2,5,0,none,460800,16,0,edge,50,32,16,250,1,ACTIVE,functional,0,16,1,1,UVM_LOW,0,0,0.0,-O2 -sv,+UVM_TESTNAME=auto,r2p0,2,192,20.0,parity_stress_test,parity_stress_seq,APB3+UART
RUN-002503,reg_sweep_test-002503,Reg_Sweep,APB4,priority,4,1,0,even,1500000,32,1,edge,100,32,32,50,1,ACTIVE,functional,0,16,1,1,UVM_HIGH,0,1,0.0013,-O2 -sv -assert svaext,+UVM_TESTNAME=auto,r1p2,4,384,10.0,reg_sweep_test,reg_sweep_seq,APB4+UART
RUN-002504,dma_burst_test-002504,Dma_Burst,APB3,static,16,1,2,even,230400,8,0,level,50,8,32,250,2,ACTIVE,functional,0,4,1,1,UVM_LOW,0,1,0.0013,-O2 -sv,+UVM_TESTNAME=auto,r1p0,5,96,20.0,dma_burst_test,dma_burst_seq,APB3+UART
RUN-002505,uart_loopback_test-002505,Uart_Loopback,APB4,priority,16,0,0,odd,230400,16,1,edge,100,32,32,100,3,ACTIVE,functional,0,16,1,1,UVM_MEDIUM,0,1,0.0213,-O2 -sv -assert svaext,+UVM_TESTNAME=auto -cm line+tgl,r2p0,0,192,10.0,uart_loopback_test,uart_loopback_seq,APB4+UART
RUN-002506,reg_sweep_test-002506,Reg_Sweep,APB4,priority,2,5,0,even,230400,32,0,level,100,32,32,50,2,PASSIVE,regression,0,8,1,1,UVM_HIGH,0,1,0.0107,-O2 -sv,+UVM_TESTNAME=auto,r1p2,4,384,10.0,reg_sweep_test,reg_sweep_seq,APB4+UART
RUN-002507,parity_stress_test-002507,Parity_Stress,APB3,round_robin,4,4,0,none,115200,4,1,level,50,8,32,500,2,ACTIVE,stress,0,8,0,1,UVM_LOW,0,0,0.0,-O2 -sv,+UVM_TESTNAME=auto -cm line+tgl,r2p0,1,48,20.0,parity_stress_test,parity_stress_seq,APB3+UART
RUN-002508,reset_recovery_test-002508,Reset_Recovery,APB4,round_robin,16,5,0,even,921600,8,0,level,200,32,32,250,2,ACTIVE,functional,1,8,0,1,UVM_MEDIUM,0,0,0.0,-O2 -sv -assert svaext,+UVM_TESTNAME=auto -cm line+tgl,r1p2,0,96,5.0,reset_recovery_test,reset_recovery_seq,APB4+UART
RUN-002509,dma_burst_test-002509,Dma_Burst,APB4,static,2,1,4,none,460800,16,0,edge,25,16,32,100,1,ACTIVE,stress,0,8,1,1,UVM_MEDIUM,1,0,0.0,-O2 -sv,+UVM_TESTNAME=auto,r1p0,6,192,40.0,dma_burst_test,dma_burst_seq,APB4+UART
RUN-002510,backpressure_test-002510,Backpressure,APB3,priority,8,3,2,even,230400,64,1,edge,200,32,32,250,2,ACTIVE,regression,0,8,0,1,UVM_MEDIUM,0,0,0.0,-O2 -sv -assert svaext,+UVM_TESTNAME=auto,r2p0,8,768,5.0,backpressure_test,backpressure_seq,APB3+UART
RUN-002511,parity_stress_test-002511,Parity_Stress,APB3,priority,2,7,1,even,115200,32,0,edge,25,32,32,250,1,ACTIVE,regression,1,4,1,1,UVM_LOW,0,0,0.0,-O2 -sv -assert svaext,+UVM_TESTNAME=auto -cm line+tgl,r2p0,1,384,40.0,parity_stress_test,parity_stress_seq,APB3+UART
RUN-002512,uart_loopback_test-002512,Uart_Loopback,APB4,round_robin,4,4,2,even,230400,16,0,level,100,16,16,50,3,ACTIVE,stress,1,4,1,1,UVM_LOW,0,0,0.0,-O2 -sv -assert svaext,+UVM_TESTNAME=auto,r1p0,1,192,10.0,uart_loopback_test,uart_loopback_seq,APB4+UART
RUN-002513,reg_sweep_test-002513,Reg_Sweep,APB4,priority,2,6,0,odd,115200,16,1,edge,50,16,32,500,2,ACTIVE,stress,1,8,1,1,UVM_LOW,1,0,0.0,-O2 -sv -assert svaext,+UVM_TESTNAME=auto -cm line+tgl,r1p2,2,192,20.0,reg_sweep_test,reg_sweep_seq,APB4+UART
RUN-002514,uart_loopback_test-002514,Uart_Loopback,APB3,priority,2,1,2,none,921600,32,0,edge,25,32,16,100,2,ACTIVE,functional,0,8,1,1,UVM_MEDIUM,0,0,0.0,-O2 -sv,+UVM_TESTNAME=auto,r1p0,4,384,40.0,uart_loopback_test,uart_loopback_seq,APB3+UART
RUN-002515,irq_storm_test-002515,Irq_Storm,APB4,round_robin,4,3,4,none,230400,4,1,level,100,16,16,500,1,ACTIVE,stress,0,16,0,1,UVM_LOW,1,1,0.0297,-O2 -sv -assert svaext,+UVM_TESTNAME=auto -cm line+tgl,r1p0,6,48,10.0,irq_storm_test,irq_storm_seq,APB4+UART
RUN-002516,reg_sweep_test-002516,Reg_Sweep,APB4,priority,4,7,0,odd,460800,32,0,level,50,32,32,100,1,ACTIVE,stress,1,16,1,1,UVM_HIGH,0,0,0.0,-O2 -sv,+UVM_TESTNAME=auto,r1p0,6,384,20.0,reg_sweep_test,reg_sweep_seq,APB4+UART
RUN-002517,uart_loopback_test-002517,Uart_Loopback,APB4,priority,8,5,1,odd,230400,32,1,edge,50,32,32,500,1,ACTIVE,stress,0,8,1,1,UVM_MEDIUM,0,0,0.0,-O2 -sv,+UVM_TESTNAME=auto -cm line+tgl,r2p0,5,384,20.0,uart_loopback_test,uart_loopback_seq,APB4+UART
RUN-002518,uart_loopback_test-002518,Uart_Loopback,APB4,priority,4,4,1,even,460800,8,1,edge,25,8,16,250,2,ACTIVE,functional,0,4,1,1,UVM_HIGH,1,0,0.0,-O2 -sv,+UVM_TESTNAME=auto,r1p0,10,96,40.0,uart_loopback_test,uart_loopback_seq,APB4+UART
RUN-002519,reset_recovery_test-002519,Reset_Recovery,APB3,priority,4,7,0,none,230400,4,1,level,50,16,32,100,3,ACTIVE,stress,1,16,0,1,UVM_MEDIUM,1,0,0.0,-O2 -sv -assert svaext,+UVM_TESTNAME=auto -cm line+tgl,r1p0,5,48,20.0,reset_recovery_test,reset_recovery_seq,APB3+UART
RUN-002520,reset_recovery_test-002520,Reset_Recovery,APB4,static,2,5,1,even,230400,16,1,level,50,16,32,250,2,ACTIVE,stress,0,8,0,0,UVM_LOW,1,0,0.0,-O2 -sv -assert svaext,+UVM_TESTNAME=auto,r1p0,10,192,20.0,reset_recovery_test,reset_recovery_seq,APB4+UART
RUN-002521,backpressure_test-002521,Backpressure,APB4,priority,4,5,2,none,230400,32,0,edge,50,16,16,100,2,ACTIVE,functional,0,8,1,0,UVM_LOW,1,1,0.0243,-O2 -sv,+UVM_TESTNAME=auto -cm line+tgl,r1p2,11,384,20.0,backpressure_test,backpressure_seq,APB4+UART
RUN-002522,backpressure_test-002522,Backpressure,APB3,priority,16,4,1,odd,230400,4,0,level,100,8,16,500,2,ACTIVE,functional,1,4,0,1,UVM_LOW,0,1,0.0332,-O0 -sv -debug,+UVM_TESTNAME=auto,r1p2,9,48,10.0,backpressure_test,backpressure_seq,APB3+UART
RUN-002523,parity_stress_test-002523,Parity_Stress,APB4,static,16,3,1,odd,115200,4,0,level,100,16,32,50,3,PASSIVE,regression,1,8,1,1,UVM_MEDIUM,0,1,0.0377,-O2 -sv,+UVM_TESTNAME=auto,r2p0,10,48,10.0,parity_stress_test,parity_stress_seq,APB4+UART
RUN-002524,dma_burst_test-002524,Dma_Burst,APB4,round_robin,16,4,1,odd,921600,32,0,level,100,8,32,100,2,ACTIVE,stress,0,4,0,1,UVM_MEDIUM,0,1,0.024,-O2 -sv,+UVM_TESTNAME=auto,r1p0,1,384,10.0,dma_burst_test,dma_burst_seq,APB4+UART
RUN-002525,reg_sweep_test-002525,Reg_Sweep,APB3,round_robin,2,6,2,odd,460800,16,1,level,50,32,32,250,2,ACTIVE,stress,0,8,1,1,UVM_MEDIUM,0,1,0.0355,-O2 -sv,+UVM_TESTNAME=auto,r2p0,11,192,20.0,reg_sweep_test,reg_sweep_seq,APB3+UART
RUN-002526,uart_loopback_test-002526,Uart_Loopback,APB4,priority,8,1,2,odd,115200,64,0,level,50,16,32,250,3,ACTIVE,stress,0,8,1,1,UVM_MEDIUM,0,0,0.0,-O2 -sv,+UVM_TESTNAME=auto,r1p0,2,768,20.0,uart_loopback_test,uart_loopback_seq,APB4+UART
RUN-002527,uart_loopback_test-002527,Uart_Loopback,APB3,round_robin,4,7,1,none,1500000,32,0,edge,100,32,32,50,2,ACTIVE,regression,0,8,1,1,UVM_MEDIUM,0,0,0.0,-O0 -sv -debug,+UVM_TESTNAME=auto -cm line+tgl,r1p2,2,384,10.0,uart_loopback_test,uart_loopback_seq,APB3+UART
RUN-002528,dma_burst_test-002528,Dma_Burst,APB4,priority,4,2,0,even,230400,16,1,level,200,8,32,250,1,ACTIVE,stress,0,4,1,1,UVM_HIGH,0,0,0.0,-O2 -sv -assert svaext,+UVM_TESTNAME=auto -cm line+tgl,r1p2,6,192,5.0,dma_burst_test,dma_burst_seq,APB4+UART
RUN-002529,reset_recovery_test-002529,Reset_Recovery,APB4,static,16,3,4,odd,1500000,32,1,level,25,32,16,50,2,ACTIVE,stress,0,4,1,1,UVM_LOW,0,1,0.0333,-O2 -sv -assert svaext,+UVM_TESTNAME=auto -cm line+tgl,r2p0,0,384,40.0,reset_recovery_test,reset_recovery_seq,APB4+UART
RUN-002530,dma_burst_test-002530,Dma_Burst,APB4,static,4,5,4,even,115200,16,0,edge,100,16,32,250,1,ACTIVE,functional,0,8,0,1,UVM_LOW,0,1,0.0226,-O2 -sv,+UVM_TESTNAME=auto,r1p2,9,192,10.0,dma_burst_test,dma_burst_seq,APB4+UART
RUN-002531,dma_burst_test-002531,Dma_Burst,APB3,priority,16,5,2,even,1500000,32,0,level,100,8,32,250,1,ACTIVE,functional,0,4,0,1,UVM_MEDIUM,1,0,0.0,-O2 -sv,+UVM_TESTNAME=auto -cm line+tgl,r1p2,8,384,10.0,dma_burst_test,dma_burst_seq,APB3+UART
RUN-002532,dma_burst_test-002532,Dma_Burst,APB3,priority,8,4,0,even,460800,64,1,level,100,16,16,250,2,ACTIVE,regression,0,4,0,1,UVM_HIGH,1,1,0.0051,-O2 -sv,+UVM_TESTNAME=auto,r1p2,8,768,10.0,dma_burst_test,dma_burst_seq,APB3+UART
RUN-002533,dma_burst_test-002533,Dma_Burst,APB3,round_robin,4,2,0,odd,115200,4,0,edge,100,16,16,250,1,ACTIVE,functional,0,8,1,1,UVM_HIGH,0,1,0.0266,-O0 -sv -debug,+UVM_TESTNAME=auto -cm line+tgl,r1p0,5,48,10.0,dma_burst_test,dma_burst_seq,APB3+UART
RUN-002534,uart_loopback_test-002534,Uart_Loopback,APB4,static,4,4,1,odd,921600,16,1,edge,200,16,32,100,2,ACTIVE,regression,1,8,1,1,UVM_LOW,0,0,0.0,-O2 -sv -assert svaext,+UVM_TESTNAME=auto -cm line+tgl,r1p2,9,192,5.0,uart_loopback_test,uart_loopback_seq,APB4+UART
RUN-002535,uart_loopback_test-002535,Uart_Loopback,APB3,priority,16,4,0,even,460800,16,1,level,100,32,16,100,2,ACTIVE,functional,1,8,1,1,UVM_MEDIUM,1,1,0.0098,-O0 -sv -debug,+UVM_TESTNAME=auto -cm line+tgl,r1p2,10,192,10.0,uart_loopback_test,uart_loopback_seq,APB3+UART
RUN-002536,parity_stress_test-002536,Parity_Stress,APB3,round_robin,4,3,4,even,921600,64,1,level,25,32,32,100,2,ACTIVE,functional,0,16,0,0,UVM_HIGH,0,0,0.0,-O2 -sv -assert svaext,+UVM_TESTNAME=auto,r1p2,9,768,40.0,parity_stress_test,parity_stress_seq,APB3+UART
RUN-002537,dma_burst_test-002537,Dma_Burst,APB3,static,16,0,1,even,115200,8,1,level,200,16,32,500,1,ACTIVE,regression,0,4,0,1,UVM_LOW,1,0,0.0,-O2 -sv,+UVM_TESTNAME=auto,r2p0,8,96,5.0,dma_burst_test,dma_burst_seq,APB3+UART
RUN-002538,dma_burst_test-002538,Dma_Burst,APB4,static,4,3,2,none,921600,32,1,level,50,8,16,250,1,ACTIVE,regression,0,4,0,1,UVM_HIGH,0,0,0.0,-O2 -sv -assert svaext,+UVM_TESTNAME=auto,r1p2,1,384,20.0,dma_burst_test,dma_burst_seq,APB4+UART
RUN-002539,dma_burst_test-002539,Dma_Burst,APB3,static,2,6,0,even,921600,32,1,level,200,16,32,250,2,ACTIVE,stress,0,8,0,1,UVM_HIGH,0,0,0.0,-O2 -sv -assert svaext,+UVM_TESTNAME=auto,r1p2,8,384,5.0,dma_burst_test,dma_burst_seq,APB3+UART
RUN-002540,irq_storm_test-002540,Irq_Storm,APB4,priority,4,6,2,odd,230400,32,0,edge,50,16,16,100,2,ACTIVE,regression,0,16,1,1,UVM_MEDIUM,0,1,0.0244,-O2 -sv,+UVM_TESTNAME=auto -cm line+tgl,r1p0,7,384,20.0,irq_storm_test,irq_storm_seq,APB4+UART
RUN-002541,reset_recovery_test-002541,Reset_Recovery,APB3,round_robin,4,1,1,even,921600,8,1,edge,200,16,16,250,3,ACTIVE,stress,0,4,1,1,UVM_LOW,0,0,0.0,-O2 -sv,+UVM_TESTNAME=auto,r1p2,4,96,5.0,reset_recovery_test,reset_recovery_seq,APB3+UART
RUN-002542,reg_sweep_test-002542,Reg_Sweep,APB4,static,4,7,4,odd,921600,32,1,level,50,16,16,50,1,ACTIVE,functional,1,8,1,1,UVM_LOW,0,1,0.0176,-O2 -sv,+UVM_TESTNAME=auto,r1p0,9,384,20.0,reg_sweep_test,reg_sweep_seq,APB4+UART
RUN-002543,reg_sweep_test-002543,Reg_Sweep,APB4,static,4,0,1,even,230400,16,0,edge,50,16,32,100,2,PASSIVE,regression,0,4,1,1,UVM_MEDIUM,1,0,0.0,-O2 -sv,+UVM_TESTNAME=auto,r2p0,7,192,20.0,reg_sweep_test,reg_sweep_seq,APB4+UART
RUN-002544,dma_burst_test-002544,Dma_Burst,APB4,static,2,3,1,even,230400,4,1,level,25,32,32,250,2,ACTIVE,stress,0,4,1,1,UVM_LOW,0,0,0.0,-O2 -sv,+UVM_TESTNAME=auto -cm line+tgl,r1p2,11,48,40.0,dma_burst_test,dma_burst_seq,APB4+UART
RUN-002545,reg_sweep_test-002545,Reg_Sweep,APB4,priority,4,0,1,none,230400,32,0,level,50,16,32,500,2,ACTIVE,stress,0,4,1,1,UVM_LOW,0,1,0.0397,-O0 -sv -debug,+UVM_TESTNAME=auto,r1p0,11,384,20.0,reg_sweep_test,reg_sweep_seq,APB4+UART
RUN-002546,reg_sweep_test-002546,Reg_Sweep,APB4,priority,2,0,2,none,115200,16,1,edge,100,8,32,100,1,PASSIVE,regression,0,8,1,1,UVM_LOW,0,0,0.0,-O2 -sv,+UVM_TESTNAME=auto,r1p0,6,192,10.0,reg_sweep_test,reg_sweep_seq,APB4+UART
RUN-002547,reset_recovery_test-002547,Reset_Recovery,APB3,priority,8,3,0,even,460800,32,1,edge,50,8,32,500,2,PASSIVE,regression,1,8,0,1,UVM_MEDIUM,0,1,0.0156,-O0 -sv -debug,+UVM_TESTNAME=auto,r1p0,7,384,20.0,reset_recovery_test,reset_recovery_seq,APB3+UART
RUN-002548,dma_burst_test-002548,Dma_Burst,APB4,priority,16,2,4,none,921600,16,1,level,50,32,16,100,2,ACTIVE,regression,1,8,1,1,UVM_MEDIUM,1,0,0.0,-O2 -sv -assert svaext,+UVM_TESTNAME=auto,r2p0,7,192,20.0,dma_burst_test,dma_burst_seq,APB4+UART
RUN-002549,reg_sweep_test-002549,Reg_Sweep,APB3,static,16,2,2,even,460800,16,1,level,100,8,16,500,3,ACTIVE,functional,0,4,0,1,UVM_MEDIUM,0,0,0.0,-O2 -sv,+UVM_TESTNAME=auto,r2p0,2,192,10.0,reg_sweep_test,reg_sweep_seq,APB3+UART
RUN-002550,backpressure_test-002550,Backpressure,APB3,static,16,5,1,even,460800,8,1,level,100,16,16,250,1,ACTIVE,stress,0,8,1,1,UVM_MEDIUM,1,1,0.0211,-O2 -sv,+UVM_TESTNAME=auto,r1p0,8,96,10.0,backpressure_test,backpressure_seq,APB3+UART
RUN-002551,reg_sweep_test-002551,Reg_Sweep,APB4,priority,4,4,4,even,921600,16,1,level,50,16,16,50,1,ACTIVE,stress,1,8,0,1,UVM_MEDIUM,0,0,0.0,-O2 -sv,+UVM_TESTNAME=auto -cm line+tgl,r1p2,0,192,20.0,reg_sweep_test,reg_sweep_seq,APB4+UART
RUN-002552,irq_storm_test-002552,Irq_Storm,APB4,priority,8,2,2,even,230400,32,1,level,100,8,16,250,3,ACTIVE,regression,0,16,0,0,UVM_MEDIUM,1,0,0.0,-O2 -sv,+UVM_TESTNAME=auto,r1p0,2,384,10.0,irq_storm_test,irq_storm_seq,APB4+UART
RUN-002553,reg_sweep_test-002553,Reg_Sweep,APB3,round_robin,8,2,0,even,921600,32,1,edge,200,32,32,250,2,ACTIVE,functional,1,4,1,1,UVM_LOW,0,1,0.0104,-O2 -sv,+UVM_TESTNAME=auto,r1p2,1,384,5.0,reg_sweep_test,reg_sweep_seq,APB3+UART
RUN-002554,backpressure_test-002554,Backpressure,APB4,round_robin,16,0,0,even,230400,16,0,level,25,32,32,100,2,ACTIVE,functional,0,4,0,1,UVM_MEDIUM,0,0,0.0,-O0 -sv -debug,+UVM_TESTNAME=auto -cm line+tgl,r2p0,0,192,40.0,backpressure_test,backpressure_seq,APB4+UART
RUN-002555,reg_sweep_test-002555,Reg_Sweep,APB4,priority,4,2,1,none,1500000,32,1,level,200,32,32,250,1,PASSIVE,functional,0,4,0,1,UVM_LOW,0,1,0.0228,-O0 -sv -debug,+UVM_TESTNAME=auto,r1p0,0,384,5.0,reg_sweep_test,reg_sweep_seq,APB4+UART
RUN-002556,dma_burst_test-002556,Dma_Burst,APB4,static,2,4,0,even,921600,16,1,level,50,8,32,250,2,ACTIVE,functional,0,8,1,1,UVM_HIGH,0,0,0.0,-O2 -sv,+UVM_TESTNAME=auto,r2p0,2,192,20.0,dma_burst_test,dma_burst_seq,APB4+UART
RUN-002557,reg_sweep_test-002557,Reg_Sweep,APB4,static,8,1,2,none,460800,4,0,level,25,32,16,100,1,ACTIVE,functional,0,8,1,1,UVM_LOW,0,1,0.0086,-O0 -sv -debug,+UVM_TESTNAME=auto,r2p0,6,48,40.0,reg_sweep_test,reg_sweep_seq,APB4+UART
RUN-002558,parity_stress_test-002558,Parity_Stress,APB4,static,16,2,0,none,921600,32,1,level,50,16,16,50,2,PASSIVE,stress,0,16,1,1,UVM_MEDIUM,0,0,0.0,-O2 -sv -assert svaext,+UVM_TESTNAME=auto,r1p2,9,384,20.0,parity_stress_test,parity_stress_seq,APB4+UART
RUN-002559,irq_storm_test-002559,Irq_Storm,APB4,static,8,5,1,odd,460800,16,1,level,100,32,16,500,1,ACTIVE,stress,0,4,1,1,UVM_MEDIUM,1,0,0.0,-O2 -sv,+UVM_TESTNAME=auto -cm line+tgl,r1p2,6,192,10.0,irq_storm_test,irq_storm_seq,APB4+UART
RUN-002560,dma_burst_test-002560,Dma_Burst,APB3,round_robin,8,2,1,none,1500000,4,1,edge,50,32,32,100,2,ACTIVE,regression,0,4,1,1,UVM_MEDIUM,0,1,0.0107,-O2 -sv,+UVM_TESTNAME=auto,r1p2,5,48,20.0,dma_burst_test,dma_burst_seq,APB3+UART
RUN-002561,backpressure_test-002561,Backpressure,APB4,static,16,2,1,even,230400,32,0,level,200,32,16,100,1,PASSIVE,stress,0,4,1,1,UVM_LOW,1,0,0.0,-O0 -sv -debug,+UVM_TESTNAME=auto,r1p2,3,384,5.0,backpressure_test,backpressure_seq,APB4+UART
RUN-002562,irq_storm_test-002562,Irq_Storm,APB4,priority,2,4,0,odd,230400,16,0,edge,50,32,16,100,3,ACTIVE,functional,0,8,0,1,UVM_HIGH,1,0,0.0,-O0 -sv -debug,+UVM_TESTNAME=auto,r1p2,10,192,20.0,irq_storm_test,irq_storm_seq,APB4+UART
RUN-002563,reg_sweep_test-002563,Reg_Sweep,APB4,round_robin,8,0,1,none,460800,4,1,level,100,32,32,500,1,ACTIVE,functional,0,4,0,1,UVM_LOW,0,0,0.0,-O0 -sv -debug,+UVM_TESTNAME=auto -cm line+tgl,r1p0,10,48,10.0,reg_sweep_test,reg_sweep_seq,APB4+UART
RUN-002564,irq_storm_test-002564,Irq_Storm,APB3,round_robin,8,3,4,odd,921600,8,1,level,50,32,32,100,2,ACTIVE,functional,0,16,1,1,UVM_MEDIUM,0,1,0.0341,-O2 -sv,+UVM_TESTNAME=auto,r2p0,5,96,20.0,irq_storm_test,irq_storm_seq,APB3+UART
RUN-002565,parity_stress_test-002565,Parity_Stress,APB4,priority,4,4,0,none,460800,32,1,level,50,32,32,250,1,ACTIVE,stress,0,16,0,1,UVM_MEDIUM,1,1,0.0069,-O0 -sv -debug,+UVM_TESTNAME=auto,r1p0,1,384,20.0,parity_stress_test,parity_stress_seq,APB4+UART
RUN-002566,reg_sweep_test-002566,Reg_Sweep,APB3,priority,8,0,4,odd,230400,32,0,edge,100,8,32,100,1,ACTIVE,regression,0,8,1,1,UVM_LOW,0,0,0.0,-O0 -sv -debug,+UVM_TESTNAME=auto,r1p0,4,384,10.0,reg_sweep_test,reg_sweep_seq,APB3+UART
RUN-002567,reg_sweep_test-002567,Reg_Sweep,APB3,static,4,4,2,odd,115200,4,0,level,100,8,32,50,2,PASSIVE,functional,1,16,0,1,UVM_HIGH,0,0,0.0,-O2 -sv -assert svaext,+UVM_TESTNAME=auto -cm line+tgl,r1p0,0,48,10.0,reg_sweep_test,reg_sweep_seq,APB3+UART
RUN-002568,backpressure_test-002568,Backpressure,APB3,static,4,6,0,even,460800,8,0,level,200,32,32,250,1,ACTIVE,functional,1,8,1,0,UVM_LOW,1,1,0.0194,-O0 -sv -debug,+UVM_TESTNAME=auto,r1p0,4,96,5.0,backpressure_test,backpressure_seq,APB3+UART
RUN-002569,reset_recovery_test-002569,Reset_Recovery,APB3,round_robin,2,2,0,odd,460800,32,1,edge,100,32,32,500,2,ACTIVE,functional,0,4,1,1,UVM_MEDIUM,0,1,0.006,-O2 -sv -assert svaext,+UVM_TESTNAME=auto -cm line+tgl,r2p0,11,384,10.0,reset_recovery_test,reset_recovery_seq,APB3+UART
RUN-002570,reg_sweep_test-002570,Reg_Sweep,APB4,static,16,2,0,none,1500000,32,0,level,100,32,32,100,1,ACTIVE,stress,0,8,0,1,UVM_MEDIUM,0,0,0.0,-O0 -sv -debug,+UVM_TESTNAME=auto -cm line+tgl,r1p2,4,384,10.0,reg_sweep_test,reg_sweep_seq,APB4+UART
RUN-002571,dma_burst_test-002571,Dma_Burst,APB3,priority,4,4,4,none,230400,32,1,level,50,32,32,100,1,ACTIVE,functional,1,4,0,1,UVM_LOW,0,0,0.0,-O2 -sv -assert svaext,+UVM_TESTNAME=auto,r1p2,2,384,20.0,dma_burst_test,dma_burst_seq,APB3+UART
RUN-002572,parity_stress_test-002572,Parity_Stress,APB4,static,2,4,1,none,230400,16,1,edge,50,8,32,250,2,ACTIVE,functional,1,8,1,1,UVM_HIGH,0,0,0.0,-O0 -sv -debug,+UVM_TESTNAME=auto,r1p2,1,192,20.0,parity_stress_test,parity_stress_seq,APB4+UART
RUN-002573,reg_sweep_test-002573,Reg_Sweep,APB4,round_robin,16,1,0,even,1500000,8,1,level,25,32,32,50,2,ACTIVE,functional,0,4,0,1,UVM_LOW,0,0,0.0,-O0 -sv -debug,+UVM_TESTNAME=auto,r1p0,5,96,40.0,reg_sweep_test,reg_sweep_seq,APB4+UART
RUN-002574,dma_burst_test-002574,Dma_Burst,APB4,priority,2,6,4,even,1500000,16,1,edge,100,8,16,100,2,ACTIVE,stress,0,16,1,1,UVM_MEDIUM,0,1,0.0312,-O0 -sv -debug,+UVM_TESTNAME=auto,r1p0,9,192,10.0,dma_burst_test,dma_burst_seq,APB4+UART
RUN-002575,irq_storm_test-002575,Irq_Storm,APB4,priority,8,4,2,odd,1500000,16,0,level,200,32,32,100,3,ACTIVE,regression,0,16,0,1,UVM_MEDIUM,0,0,0.0,-O2 -sv,+UVM_TESTNAME=auto,r1p2,2,192,5.0,irq_storm_test,irq_storm_seq,APB4+UART
RUN-002576,parity_stress_test-002576,Parity_Stress,APB4,static,8,1,4,even,1500000,4,1,edge,50,32,16,100,2,ACTIVE,functional,0,8,1,1,UVM_MEDIUM,0,1,0.011,-O2 -sv -assert svaext,+UVM_TESTNAME=auto,r1p2,5,48,20.0,parity_stress_test,parity_stress_seq,APB4+UART
RUN-002577,backpressure_test-002577,Backpressure,APB4,priority,8,2,1,odd,460800,4,1,edge,50,8,16,100,2,ACTIVE,functional,0,4,1,1,UVM_MEDIUM,0,0,0.0,-O2 -sv,+UVM_TESTNAME=auto,r1p2,5,48,20.0,backpressure_test,backpressure_seq,APB4+UART
RUN-002578,irq_storm_test-002578,Irq_Storm,APB4,round_robin,16,3,0,even,230400,16,0,edge,200,16,32,100,1,ACTIVE,functional,1,8,1,1,UVM_LOW,1,1,0.0197,-O2 -sv,+UVM_TESTNAME=auto -cm line+tgl,r2p0,9,192,5.0,irq_storm_test,irq_storm_seq,APB4+UART
RUN-002579,dma_burst_test-002579,Dma_Burst,APB3,round_robin,8,5,1,none,921600,16,1,edge,200,16,32,100,2,PASSIVE,regression,0,16,1,1,UVM_HIGH,0,0,0.0,-O2 -sv,+UVM_TESTNAME=auto,r2p0,1,192,5.0,dma_burst_test,dma_burst_seq,APB3+UART
RUN-002580,irq_storm_test-002580,Irq_Storm,APB3,priority,4,7,2,odd,921600,16,0,level,100,8,32,500,1,ACTIVE,functional,0,8,0,1,UVM_LOW,0,1,0.0311,-O2 -sv,+UVM_TESTNAME=auto -cm line+tgl,r1p2,6,192,10.0,irq_storm_test,irq_storm_seq,APB3+UART
RUN-002581,reset_recovery_test-002581,Reset_Recovery,APB4,priority,2,3,1,even,460800,4,0,edge,50,16,32,250,1,ACTIVE,functional,0,16,1,1,UVM_MEDIUM,1,0,0.0,-O2 -sv,+UVM_TESTNAME=auto -cm line+tgl,r1p0,5,48,20.0,reset_recovery_test,reset_recovery_seq,APB4+UART
RUN-002582,uart_loopback_test-002582,Uart_Loopback,APB3,priority,8,4,1,odd,921600,4,0,edge,25,16,32,50,2,ACTIVE,regression,0,8,1,1,UVM_LOW,0,1,0.0053,-O0 -sv -debug,+UVM_TESTNAME=auto,r2p0,6,48,40.0,uart_loopback_test,uart_loopback_seq,APB3+UART
RUN-002583,reg_sweep_test-002583,Reg_Sweep,APB4,priority,8,2,2,even,921600,16,0,level,50,8,32,100,2,ACTIVE,regression,0,8,0,1,UVM_HIGH,0,0,0.0,-O2 -sv -assert svaext,+UVM_TESTNAME=auto,r1p0,8,192,20.0,reg_sweep_test,reg_sweep_seq,APB4+UART
RUN-002584,uart_loopback_test-002584,Uart_Loopback,APB4,static,2,4,0,odd,921600,64,0,level,50,32,16,250,2,ACTIVE,functional,0,4,1,1,UVM_HIGH,0,0,0.0,-O2 -sv,+UVM_TESTNAME=auto -cm line+tgl,r1p2,9,768,20.0,uart_loopback_test,uart_loopback_seq,APB4+UART
RUN-002585,backpressure_test-002585,Backpressure,APB3,round_robin,4,3,2,even,1500000,8,1,level,50,16,32,50,2,PASSIVE,functional,0,4,0,1,UVM_MEDIUM,1,0,0.0,-O0 -sv -debug,+UVM_TESTNAME=auto,r2p0,6,96,20.0,backpressure_test,backpressure_seq,APB3+UART
RUN-002586,uart_loopback_test-002586,Uart_Loopback,APB4,static,2,4,1,even,115200,16,1,level,50,32,32,100,3,ACTIVE,functional,0,8,1,1,UVM_HIGH,1,0,0.0,-O2 -sv,+UVM_TESTNAME=auto,r1p2,7,192,20.0,uart_loopback_test,uart_loopback_seq,APB4+UART
RUN-002587,reg_sweep_test-002587,Reg_Sweep,APB4,static,2,1,1,even,1500000,64,0,level,25,16,32,250,3,ACTIVE,regression,1,8,0,1,UVM_HIGH,0,0,0.0,-O2 -sv -assert svaext,+UVM_TESTNAME=auto -cm line+tgl,r1p2,6,768,40.0,reg_sweep_test,reg_sweep_seq,APB4+UART
RUN-002588,reg_sweep_test-002588,Reg_Sweep,APB4,priority,2,2,2,none,115200,16,1,level,50,32,32,100,2,ACTIVE,functional,0,8,1,1,UVM_LOW,1,1,0.0279,-O2 -sv,+UVM_TESTNAME=auto,r1p2,10,192,20.0,reg_sweep_test,reg_sweep_seq,APB4+UART
RUN-002589,uart_loopback_test-002589,Uart_Loopback,APB3,static,16,7,1,none,460800,32,0,level,50,16,32,100,2,ACTIVE,stress,1,4,0,1,UVM_LOW,0,1,0.0281,-O2 -sv -assert svaext,+UVM_TESTNAME=auto -cm line+tgl,r1p2,9,384,20.0,uart_loopback_test,uart_loopback_seq,APB3+UART
RUN-002590,backpressure_test-002590,Backpressure,APB4,round_robin,8,7,1,odd,1500000,8,0,edge,100,8,16,50,1,PASSIVE,regression,0,8,0,1,UVM_LOW,0,0,0.0,-O2 -sv -assert svaext,+UVM_TESTNAME=auto -cm line+tgl,r1p2,3,96,10.0,backpressure_test,backpressure_seq,APB4+UART
RUN-002591,reg_sweep_test-002591,Reg_Sweep,APB4,round_robin,2,3,2,even,460800,16,0,level,50,16,32,250,2,ACTIVE,regression,0,8,0,1,UVM_LOW,1,0,0.0,-O0 -sv -debug,+UVM_TESTNAME=auto,r1p2,5,192,20.0,reg_sweep_test,reg_sweep_seq,APB4+UART
RUN-002592,uart_loopback_test-002592,Uart_Loopback,APB3,priority,4,6,4,none,115200,4,0,level,200,32,32,100,1,ACTIVE,stress,0,16,1,1,UVM_MEDIUM,0,1,0.0216,-O2 -sv -assert svaext,+UVM_TESTNAME=auto -cm line+tgl,r1p2,9,48,5.0,uart_loopback_test,uart_loopback_seq,APB3+UART
RUN-002593,reg_sweep_test-002593,Reg_Sweep,APB4,round_robin,8,2,2,even,921600,16,0,edge,50,32,16,50,3,ACTIVE,stress,0,16,1,1,UVM_HIGH,0,0,0.0,-O2 -sv,+UVM_TESTNAME=auto -cm line+tgl,r1p0,6,192,20.0,reg_sweep_test,reg_sweep_seq,APB4+UART
RUN-002594,uart_loopback_test-002594,Uart_Loopback,APB3,priority,4,0,1,none,921600,4,1,edge,100,32,32,100,2,ACTIVE,functional,0,8,0,0,UVM_LOW,0,0,0.0,-O2 -sv -assert svaext,+UVM_TESTNAME=auto -cm line+tgl,r2p0,2,48,10.0,uart_loopback_test,uart_loopback_seq,APB3+UART
RUN-002595,parity_stress_test-002595,Parity_Stress,APB3,round_robin,8,6,4,even,1500000,32,0,edge,100,32,32,250,1,PASSIVE,stress,0,16,0,1,UVM_LOW,0,0,0.0,-O0 -sv -debug,+UVM_TESTNAME=auto,r1p2,10,384,10.0,parity_stress_test,parity_stress_seq,APB3+UART
RUN-002596,backpressure_test-002596,Backpressure,APB3,round_robin,2,6,4,none,921600,8,1,edge,25,32,16,500,2,ACTIVE,stress,1,4,0,1,UVM_MEDIUM,0,0,0.0,-O2 -sv,+UVM_TESTNAME=auto,r2p0,11,96,40.0,backpressure_test,backpressure_seq,APB3+UART
RUN-002597,reset_recovery_test-002597,Reset_Recovery,APB4,priority,2,4,4,even,115200,16,0,edge,100,8,32,50,2,ACTIVE,regression,0,8,1,1,UVM_MEDIUM,0,1,0.0384,-O2 -sv -assert svaext,+UVM_TESTNAME=auto,r2p0,6,192,10.0,reset_recovery_test,reset_recovery_seq,APB4+UART
RUN-002598,reset_recovery_test-002598,Reset_Recovery,APB3,priority,2,1,2,odd,115200,16,1,edge,25,16,16,250,2,ACTIVE,regression,0,4,1,1,UVM_MEDIUM,0,0,0.0,-O2 -sv -assert svaext,+UVM_TESTNAME=auto,r1p2,9,192,40.0,reset_recovery_test,reset_recovery_seq,APB3+UART
RUN-002599,reg_sweep_test-002599,Reg_Sweep,APB4,round_robin,2,5,4,none,115200,16,0,level,50,16,32,50,2,ACTIVE,stress,0,4,0,1,UVM_MEDIUM,0,1,0.0162,-O2 -sv,+UVM_TESTNAME=auto -cm line+tgl,r1p2,7,192,20.0,reg_sweep_test,reg_sweep_seq,APB4+UART
RUN-002600,backpressure_test-002600,Backpressure,APB3,static,2,1,2,odd,921600,4,1,level,100,8,16,250,2,ACTIVE,functional,1,8,1,1,UVM_LOW,1,0,0.0,-O0 -sv -debug,+UVM_TESTNAME=auto -cm line+tgl,r1p0,0,48,10.0,backpressure_test,backpressure_seq,APB3+UART
RUN-002601,backpressure_test-002601,Backpressure,APB3,priority,16,3,0,none,921600,16,0,edge,25,16,16,500,2,ACTIVE,functional,1,16,1,1,UVM_LOW,1,0,0.0,-O0 -sv -debug,+UVM_TESTNAME=auto,r2p0,5,192,40.0,backpressure_test,backpressure_seq,APB3+UART
RUN-002602,reg_sweep_test-002602,Reg_Sweep,APB3,static,4,7,1,odd,921600,64,1,level,100,32,32,50,1,ACTIVE,functional,0,16,1,1,UVM_HIGH,1,1,0.0176,-O2 -sv -assert svaext,+UVM_TESTNAME=auto -cm line+tgl,r1p2,8,768,10.0,reg_sweep_test,reg_sweep_seq,APB3+UART
RUN-002603,uart_loopback_test-002603,Uart_Loopback,APB4,round_robin,8,3,4,none,115200,16,1,edge,25,32,32,50,2,ACTIVE,regression,0,4,1,1,UVM_LOW,0,1,0.0335,-O0 -sv -debug,+UVM_TESTNAME=auto,r2p0,2,192,40.0,uart_loopback_test,uart_loopback_seq,APB4+UART
RUN-002604,backpressure_test-002604,Backpressure,APB4,round_robin,2,3,2,none,921600,64,1,level,25,32,32,100,3,ACTIVE,functional,0,16,1,1,UVM_LOW,1,1,0.0384,-O2 -sv,+UVM_TESTNAME=auto,r1p0,4,768,40.0,backpressure_test,backpressure_seq,APB4+UART
RUN-002605,reset_recovery_test-002605,Reset_Recovery,APB4,round_robin,2,1,0,even,115200,32,1,edge,25,32,32,250,1,ACTIVE,regression,0,8,1,0,UVM_MEDIUM,0,0,0.0,-O2 -sv,+UVM_TESTNAME=auto,r1p2,2,384,40.0,reset_recovery_test,reset_recovery_seq,APB4+UART
RUN-002606,backpressure_test-002606,Backpressure,APB3,round_robin,4,6,0,even,921600,16,0,edge,50,16,32,500,2,PASSIVE,functional,0,16,0,1,UVM_HIGH,0,0,0.0,-O2 -sv -assert svaext,+UVM_TESTNAME=auto -cm line+tgl,r2p0,2,192,20.0,backpressure_test,backpressure_seq,APB3+UART
RUN-002607,reg_sweep_test-002607,Reg_Sweep,APB4,static,8,0,2,none,230400,4,1,edge,100,32,16,250,1,ACTIVE,stress,0,8,1,1,UVM_MEDIUM,0,1,0.0303,-O2 -sv,+UVM_TESTNAME=auto -cm line+tgl,r1p2,5,48,10.0,reg_sweep_test,reg_sweep_seq,APB4+UART
RUN-002608,backpressure_test-002608,Backpressure,APB3,round_robin,4,3,1,none,115200,64,0,level,200,8,32,50,2,PASSIVE,functional,0,16,0,1,UVM_MEDIUM,1,1,0.0095,-O0 -sv -debug,+UVM_TESTNAME=auto -cm line+tgl,r2p0,11,768,5.0,backpressure_test,backpressure_seq,APB3+UART
RUN-002609,dma_burst_test-002609,Dma_Burst,APB4,priority,2,5,0,none,230400,8,1,level,25,16,16,250,1,ACTIVE,functional,1,4,1,1,UVM_MEDIUM,1,0,0.0,-O2 -sv -assert svaext,+UVM_TESTNAME=auto,r1p2,3,96,40.0,dma_burst_test,dma_burst_seq,APB4+UART
RUN-002610,parity_stress_test-002610,Parity_Stress,APB4,round_robin,8,7,2,odd,230400,16,1,level,100,16,16,100,2,ACTIVE,functional,0,16,1,0,UVM_LOW,1,1,0.0056,-O2 -sv,+UVM_TESTNAME=auto,r1p2,6,192,10.0,parity_stress_test,parity_stress_seq,APB4+UART
RUN-002611,reg_sweep_test-002611,Reg_Sweep,APB4,round_robin,4,6,0,odd,921600,64,0,edge,200,16,16,500,2,ACTIVE,regression,0,4,1,0,UVM_LOW,1,1,0.0393,-O2 -sv,+UVM_TESTNAME=auto,r2p0,3,768,5.0,reg_sweep_test,reg_sweep_seq,APB4+UART
RUN-002612,dma_burst_test-002612,Dma_Burst,APB4,priority,2,2,0,even,460800,32,1,level,100,32,16,500,2,ACTIVE,stress,0,8,1,1,UVM_LOW,0,0,0.0,-O2 -sv -assert svaext,+UVM_TESTNAME=auto -cm line+tgl,r1p2,3,384,10.0,dma_burst_test,dma_burst_seq,APB4+UART
RUN-002613,reg_sweep_test-002613,Reg_Sweep,APB3,round_robin,4,4,4,odd,230400,16,1,level,50,8,32,500,2,ACTIVE,stress,0,4,1,1,UVM_LOW,1,0,0.0,-O2 -sv -assert svaext,+UVM_TESTNAME=auto,r1p0,7,192,20.0,reg_sweep_test,reg_sweep_seq,APB3+UART
RUN-002614,dma_burst_test-002614,Dma_Burst,APB4,round_robin,2,6,1,even,115200,8,1,edge,200,8,32,100,1,ACTIVE,regression,1,16,1,1,UVM_LOW,0,1,0.0184,-O2 -sv,+UVM_TESTNAME=auto -cm line+tgl,r2p0,0,96,5.0,dma_burst_test,dma_burst_seq,APB4+UART
RUN-002615,dma_burst_test-002615,Dma_Burst,APB3,round_robin,4,7,1,odd,115200,16,1,edge,100,32,16,50,1,ACTIVE,functional,0,4,1,1,UVM_MEDIUM,0,0,0.0,-O0 -sv -debug,+UVM_TESTNAME=auto,r1p2,10,192,10.0,dma_burst_test,dma_burst_seq,APB3+UART
RUN-002616,dma_burst_test-002616,Dma_Burst,APB3,round_robin,2,7,2,odd,460800,4,1,level,25,32,16,100,1,ACTIVE,stress,0,4,1,0,UVM_LOW,0,0,0.0,-O2 -sv -assert svaext,+UVM_TESTNAME=auto -cm line+tgl,r1p0,4,48,40.0,dma_burst_test,dma_burst_seq,APB3+UART
RUN-002617,dma_burst_test-002617,Dma_Burst,APB4,static,2,3,2,odd,1500000,32,1,level,100,8,32,100,1,ACTIVE,functional,1,8,0,1,UVM_MEDIUM,0,1,0.0336,-O2 -sv,+UVM_TESTNAME=auto -cm line+tgl,r2p0,0,384,10.0,dma_burst_test,dma_burst_seq,APB4+UART
RUN-002618,reset_recovery_test-002618,Reset_Recovery,APB4,static,2,0,2,even,1500000,32,1,edge,100,16,32,250,3,ACTIVE,functional,0,8,1,1,UVM_MEDIUM,1,0,0.0,-O2 -sv -assert svaext,+UVM_TESTNAME=auto,r1p2,2,384,10.0,reset_recovery_test,reset_recovery_seq,APB4+UART
RUN-002619,reg_sweep_test-002619,Reg_Sweep,APB3,static,4,5,2,even,230400,8,1,edge,50,32,32,250,3,ACTIVE,stress,0,8,1,0,UVM_MEDIUM,0,1,0.0388,-O2 -sv -assert svaext,+UVM_TESTNAME=auto,r1p2,0,96,20.0,reg_sweep_test,reg_sweep_seq,APB3+UART
RUN-002620,reset_recovery_test-002620,Reset_Recovery,APB4,priority,8,1,2,odd,460800,16,1,level,100,8,32,100,1,ACTIVE,stress,0,4,1,1,UVM_LOW,0,1,0.0051,-O2 -sv -assert svaext,+UVM_TESTNAME=auto,r1p0,4,192,10.0,reset_recovery_test,reset_recovery_seq,APB4+UART
RUN-002621,dma_burst_test-002621,Dma_Burst,APB4,priority,2,6,0,even,115200,64,0,level,25,32,32,50,2,PASSIVE,functional,0,8,0,1,UVM_LOW,0,1,0.0037,-O2 -sv,+UVM_TESTNAME=auto -cm line+tgl,r1p0,8,768,40.0,dma_burst_test,dma_burst_seq,APB4+UART
RUN-002622,backpressure_test-002622,Backpressure,APB4,static,2,2,4,even,1500000,16,0,level,50,32,16,250,1,ACTIVE,stress,0,8,1,1,UVM_LOW,1,1,0.0113,-O0 -sv -debug,+UVM_TESTNAME=auto -cm line+tgl,r2p0,11,192,20.0,backpressure_test,backpressure_seq,APB4+UART
RUN-002623,uart_loopback_test-002623,Uart_Loopback,APB3,round_robin,2,1,2,even,115200,32,1,level,100,8,16,500,3,ACTIVE,functional,0,4,0,1,UVM_LOW,0,0,0.0,-O0 -sv -debug,+UVM_TESTNAME=auto,r2p0,3,384,10.0,uart_loopback_test,uart_loopback_seq,APB3+UART
RUN-002624,uart_loopback_test-002624,Uart_Loopback,APB4,priority,4,4,0,none,115200,16,0,level,25,16,16,500,1,ACTIVE,functional,0,8,1,1,UVM_MEDIUM,0,0,0.0,-O2 -sv -assert svaext,+UVM_TESTNAME=auto,r2p0,4,192,40.0,uart_loopback_test,uart_loopback_seq,APB4+UART
RUN-002625,reset_recovery_test-002625,Reset_Recovery,APB4,priority,4,1,1,even,921600,32,1,level,200,16,32,250,2,ACTIVE,stress,0,8,1,1,UVM_MEDIUM,0,1,0.0336,-O2 -sv -assert svaext,+UVM_TESTNAME=auto -cm line+tgl,r1p0,11,384,5.0,reset_recovery_test,reset_recovery_seq,APB4+UART
RUN-002626,reg_sweep_test-002626,Reg_Sweep,APB3,round_robin,2,2,4,odd,921600,8,1,level,50,32,16,250,3,ACTIVE,regression,0,16,0,1,UVM_LOW,0,1,0.0019,-O2 -sv,+UVM_TESTNAME=auto,r2p0,11,96,20.0,reg_sweep_test,reg_sweep_seq,APB3+UART
RUN-002627,reg_sweep_test-002627,Reg_Sweep,APB4,round_robin,4,2,1,even,921600,32,0,edge,50,8,16,100,2,ACTIVE,regression,0,4,1,1,UVM_MEDIUM,1,0,0.0,-O2 -sv -assert svaext,+UVM_TESTNAME=auto,r1p2,10,384,20.0,reg_sweep_test,reg_sweep_seq,APB4+UART
RUN-002628,reg_sweep_test-002628,Reg_Sweep,APB4,round_robin,4,2,1,even,460800,16,0,level,50,32,32,100,1,ACTIVE,regression,0,8,1,0,UVM_HIGH,1,0,0.0,-O0 -sv -debug,+UVM_TESTNAME=auto,r2p0,6,192,20.0,reg_sweep_test,reg_sweep_seq,APB4+UART
RUN-002629,dma_burst_test-002629,Dma_Burst,APB4,round_robin,2,6,0,even,460800,16,0,edge,50,16,16,100,2,ACTIVE,regression,0,8,0,1,UVM_LOW,0,0,0.0,-O0 -sv -debug,+UVM_TESTNAME=auto -cm line+tgl,r1p0,3,192,20.0,dma_burst_test,dma_burst_seq,APB4+UART
RUN-002630,backpressure_test-002630,Backpressure,APB3,round_robin,8,5,1,even,921600,64,1,edge,100,32,32,250,2,ACTIVE,functional,0,8,1,1,UVM_LOW,0,0,0.0,-O2 -sv,+UVM_TESTNAME=auto -cm line+tgl,r2p0,3,768,10.0,backpressure_test,backpressure_seq,APB3+UART
RUN-002631,reg_sweep_test-002631,Reg_Sweep,APB4,priority,2,1,2,none,921600,16,1,level,100,32,32,50,2,ACTIVE,regression,0,16,1,1,UVM_LOW,0,0,0.0,-O2 -sv -assert svaext,+UVM_TESTNAME=auto -cm line+tgl,r1p2,9,192,10.0,reg_sweep_test,reg_sweep_seq,APB4+UART
RUN-002632,dma_burst_test-002632,Dma_Burst,APB3,round_robin,4,6,0,odd,230400,4,1,edge,25,32,32,100,3,ACTIVE,stress,0,16,1,1,UVM_MEDIUM,0,0,0.0,-O2 -sv,+UVM_TESTNAME=auto,r1p0,8,48,40.0,dma_burst_test,dma_burst_seq,APB3+UART
RUN-002633,reset_recovery_test-002633,Reset_Recovery,APB3,static,16,5,0,none,115200,32,1,edge,50,16,32,100,3,ACTIVE,regression,0,4,0,1,UVM_HIGH,0,0,0.0,-O2 -sv -assert svaext,+UVM_TESTNAME=auto,r1p2,3,384,20.0,reset_recovery_test,reset_recovery_seq,APB3+UART
RUN-002634,dma_burst_test-002634,Dma_Burst,APB3,static,8,3,1,odd,230400,16,1,edge,100,16,32,100,1,ACTIVE,regression,1,8,1,1,UVM_MEDIUM,0,1,0.0359,-O0 -sv -debug,+UVM_TESTNAME=auto,r1p2,9,192,10.0,dma_burst_test,dma_burst_seq,APB3+UART
RUN-002635,reg_sweep_test-002635,Reg_Sweep,APB3,round_robin,4,3,0,odd,1500000,16,0,level,25,8,32,500,1,PASSIVE,functional,0,16,1,0,UVM_MEDIUM,1,1,0.0346,-O2 -sv,+UVM_TESTNAME=auto,r1p0,6,192,40.0,reg_sweep_test,reg_sweep_seq,APB3+UART
RUN-002636,backpressure_test-002636,Backpressure,APB3,round_robin,16,4,4,odd,921600,32,1,level,25,32,16,500,3,ACTIVE,regression,0,16,1,1,UVM_HIGH,1,0,0.0,-O2 -sv,+UVM_TESTNAME=auto,r2p0,1,384,40.0,backpressure_test,backpressure_seq,APB3+UART
RUN-002637,irq_storm_test-002637,Irq_Storm,APB4,priority,16,6,4,even,1500000,16,1,edge,200,32,32,250,2,ACTIVE,functional,0,4,0,1,UVM_MEDIUM,1,1,0.0374,-O2 -sv,+UVM_TESTNAME=auto -cm line+tgl,r1p0,9,192,5.0,irq_storm_test,irq_storm_seq,APB4+UART
RUN-002638,parity_stress_test-002638,Parity_Stress,APB3,round_robin,4,6,1,none,115200,4,1,level,50,8,32,250,3,ACTIVE,functional,0,8,1,1,UVM_MEDIUM,1,1,0.0134,-O2 -sv,+UVM_TESTNAME=auto,r1p2,8,48,20.0,parity_stress_test,parity_stress_seq,APB3+UART
RUN-002639,parity_stress_test-002639,Parity_Stress,APB4,round_robin,16,1,0,even,460800,16,0,level,25,32,32,250,2,ACTIVE,stress,0,4,1,1,UVM_LOW,0,1,0.0011,-O0 -sv -debug,+UVM_TESTNAME=auto -cm line+tgl,r2p0,8,192,40.0,parity_stress_test,parity_stress_seq,APB4+UART
RUN-002640,reg_sweep_test-002640,Reg_Sweep,APB4,priority,2,6,0,even,460800,32,1,edge,100,32,16,50,2,PASSIVE,functional,0,8,0,1,UVM_LOW,1,1,0.0081,-O2 -sv,+UVM_TESTNAME=auto -cm line+tgl,r1p2,7,384,10.0,reg_sweep_test,reg_sweep_seq,APB4+UART
RUN-002641,backpressure_test-002641,Backpressure,APB4,priority,4,6,2,none,230400,4,1,edge,100,8,32,250,1,ACTIVE,functional,1,16,1,1,UVM_LOW,0,0,0.0,-O0 -sv -debug,+UVM_TESTNAME=auto -cm line+tgl,r1p2,4,48,10.0,backpressure_test,backpressure_seq,APB4+UART
RUN-002642,reg_sweep_test-002642,Reg_Sweep,APB3,round_robin,8,4,1,none,460800,16,1,level,100,32,16,100,1,ACTIVE,stress,0,8,0,1,UVM_LOW,1,0,0.0,-O2 -sv,+UVM_TESTNAME=auto -cm line+tgl,r1p0,5,192,10.0,reg_sweep_test,reg_sweep_seq,APB3+UART
RUN-002643,dma_burst_test-002643,Dma_Burst,APB4,static,2,4,2,even,115200,32,1,edge,50,32,32,100,2,ACTIVE,stress,0,4,1,1,UVM_LOW,0,1,0.0326,-O2 -sv,+UVM_TESTNAME=auto,r1p0,6,384,20.0,dma_burst_test,dma_burst_seq,APB4+UART
RUN-002644,reg_sweep_test-002644,Reg_Sweep,APB4,round_robin,16,6,4,odd,921600,16,1,level,100,32,16,250,3,ACTIVE,functional,0,16,0,1,UVM_LOW,0,1,0.0319,-O2 -sv,+UVM_TESTNAME=auto,r2p0,3,192,10.0,reg_sweep_test,reg_sweep_seq,APB4+UART
RUN-002645,backpressure_test-002645,Backpressure,APB3,round_robin,4,1,1,none,115200,8,1,edge,50,32,32,50,2,ACTIVE,functional,0,8,1,1,UVM_LOW,0,0,0.0,-O2 -sv,+UVM_TESTNAME=auto -cm line+tgl,r1p2,4,96,20.0,backpressure_test,backpressure_seq,APB3+UART
RUN-002646,parity_stress_test-002646,Parity_Stress,APB4,priority,4,0,2,even,230400,32,0,level,25,16,16,250,3,ACTIVE,stress,0,8,0,1,UVM_LOW,0,0,0.0,-O2 -sv -assert svaext,+UVM_TESTNAME=auto,r2p0,0,384,40.0,parity_stress_test,parity_stress_seq,APB4+UART
RUN-002647,uart_loopback_test-002647,Uart_Loopback,APB4,static,4,1,2,none,921600,8,0,edge,50,8,32,100,2,ACTIVE,stress,0,8,1,1,UVM_LOW,0,1,0.0169,-O2 -sv,+UVM_TESTNAME=auto,r1p2,11,96,20.0,uart_loopback_test,uart_loopback_seq,APB4+UART
RUN-002648,uart_loopback_test-002648,Uart_Loopback,APB3,round_robin,16,4,2,none,230400,16,1,edge,25,32,32,100,2,ACTIVE,functional,1,16,1,1,UVM_HIGH,0,0,0.0,-O2 -sv,+UVM_TESTNAME=auto,r2p0,7,192,40.0,uart_loopback_test,uart_loopback_seq,APB3+UART
RUN-002649,dma_burst_test-002649,Dma_Burst,APB4,static,4,5,0,odd,230400,64,0,edge,50,16,32,100,2,ACTIVE,functional,0,8,0,1,UVM_MEDIUM,0,0,0.0,-O2 -sv,+UVM_TESTNAME=auto -cm line+tgl,r1p2,10,768,20.0,dma_burst_test,dma_burst_seq,APB4+UART
RUN-002650,reg_sweep_test-002650,Reg_Sweep,APB4,static,4,0,1,even,921600,8,1,edge,100,32,32,100,3,ACTIVE,stress,0,8,0,1,UVM_LOW,0,0,0.0,-O2 -sv -assert svaext,+UVM_TESTNAME=auto,r2p0,10,96,10.0,reg_sweep_test,reg_sweep_seq,APB4+UART
RUN-002651,parity_stress_test-002651,Parity_Stress,APB4,static,8,7,1,odd,115200,32,1,edge,50,8,32,500,1,ACTIVE,functional,0,16,1,1,UVM_MEDIUM,1,1,0.0301,-O2 -sv -assert svaext,+UVM_TESTNAME=auto,r1p0,3,384,20.0,parity_stress_test,parity_stress_seq,APB4+UART
RUN-002652,reset_recovery_test-002652,Reset_Recovery,APB4,round_robin,4,6,1,odd,230400,16,0,edge,100,32,32,250,1,ACTIVE,functional,1,8,1,1,UVM_HIGH,0,1,0.0193,-O0 -sv -debug,+UVM_TESTNAME=auto,r2p0,2,192,10.0,reset_recovery_test,reset_recovery_seq,APB4+UART
RUN-002653,dma_burst_test-002653,Dma_Burst,APB3,priority,4,6,1,none,921600,8,1,level,50,32,32,500,1,ACTIVE,functional,0,16,1,1,UVM_LOW,1,0,0.0,-O0 -sv -debug,+UVM_TESTNAME=auto,r2p0,4,96,20.0,dma_burst_test,dma_burst_seq,APB3+UART
RUN-002654,irq_storm_test-002654,Irq_Storm,APB4,round_robin,2,3,1,none,115200,8,0,level,50,32,16,50,2,ACTIVE,stress,0,4,1,1,UVM_HIGH,0,0,0.0,-O2 -sv,+UVM_TESTNAME=auto,r1p0,11,96,20.0,irq_storm_test,irq_storm_seq,APB4+UART
RUN-002655,reg_sweep_test-002655,Reg_Sweep,APB4,round_robin,4,5,1,odd,115200,16,1,level,200,16,16,500,1,ACTIVE,functional,0,4,1,1,UVM_LOW,0,0,0.0,-O2 -sv,+UVM_TESTNAME=auto -cm line+tgl,r2p0,0,192,5.0,reg_sweep_test,reg_sweep_seq,APB4+UART
RUN-002656,dma_burst_test-002656,Dma_Burst,APB4,priority,8,5,2,odd,115200,64,0,level,100,32,16,50,2,ACTIVE,regression,1,4,0,1,UVM_MEDIUM,0,0,0.0,-O0 -sv -debug,+UVM_TESTNAME=auto,r2p0,4,768,10.0,dma_burst_test,dma_burst_seq,APB4+UART
RUN-002657,backpressure_test-002657,Backpressure,APB3,round_robin,8,7,1,none,460800,32,1,level,100,16,32,50,1,ACTIVE,stress,0,16,1,1,UVM_MEDIUM,0,1,0.0333,-O2 -sv -assert svaext,+UVM_TESTNAME=auto -cm line+tgl,r1p2,4,384,10.0,backpressure_test,backpressure_seq,APB3+UART
RUN-002658,dma_burst_test-002658,Dma_Burst,APB4,static,4,1,0,odd,921600,64,0,edge,50,8,32,500,1,ACTIVE,regression,1,8,1,1,UVM_MEDIUM,0,0,0.0,-O0 -sv -debug,+UVM_TESTNAME=auto,r1p2,6,768,20.0,dma_burst_test,dma_burst_seq,APB4+UART
RUN-002659,irq_storm_test-002659,Irq_Storm,APB4,static,4,5,2,none,115200,64,1,edge,50,32,32,50,1,ACTIVE,functional,1,8,1,1,UVM_MEDIUM,1,1,0.0296,-O2 -sv,+UVM_TESTNAME=auto -cm line+tgl,r2p0,10,768,20.0,irq_storm_test,irq_storm_seq,APB4+UART
RUN-002660,backpressure_test-002660,Backpressure,APB4,static,8,7,4,odd,921600,64,0,edge,50,32,32,100,3,ACTIVE,functional,0,8,0,1,UVM_HIGH,1,0,0.0,-O2 -sv -assert svaext,+UVM_TESTNAME=auto -cm line+tgl,r2p0,4,768,20.0,backpressure_test,backpressure_seq,APB4+UART
RUN-002661,reset_recovery_test-002661,Reset_Recovery,APB4,priority,4,7,0,none,1500000,32,0,level,50,16,32,250,2,ACTIVE,functional,0,4,0,1,UVM_HIGH,0,1,0.0131,-O2 -sv -assert svaext,+UVM_TESTNAME=auto,r2p0,9,384,20.0,reset_recovery_test,reset_recovery_seq,APB4+UART
RUN-002662,irq_storm_test-002662,Irq_Storm,APB3,round_robin,16,7,1,even,1500000,8,1,edge,100,16,16,50,3,ACTIVE,regression,0,16,0,1,UVM_MEDIUM,0,1,0.0096,-O2 -sv -assert svaext,+UVM_TESTNAME=auto,r1p0,9,96,10.0,irq_storm_test,irq_storm_seq,APB3+UART
RUN-002663,reg_sweep_test-002663,Reg_Sweep,APB4,static,16,7,0,none,230400,4,0,edge,100,32,32,250,1,PASSIVE,functional,0,16,0,1,UVM_LOW,0,1,0.0256,-O0 -sv -debug,+UVM_TESTNAME=auto,r1p0,2,48,10.0,reg_sweep_test,reg_sweep_seq,APB4+UART
RUN-002664,reset_recovery_test-002664,Reset_Recovery,APB4,static,8,3,2,none,921600,16,0,edge,200,32,32,100,1,ACTIVE,functional,0,4,1,1,UVM_LOW,1,0,0.0,-O2 -sv,+UVM_TESTNAME=auto,r1p2,5,192,5.0,reset_recovery_test,reset_recovery_seq,APB4+UART
RUN-002665,backpressure_test-002665,Backpressure,APB3,round_robin,4,6,1,none,921600,8,0,level,100,32,16,250,2,ACTIVE,regression,0,16,0,1,UVM_LOW,1,1,0.0157,-O2 -sv,+UVM_TESTNAME=auto -cm line+tgl,r1p2,5,96,10.0,backpressure_test,backpressure_seq,APB3+UART
RUN-002666,dma_burst_test-002666,Dma_Burst,APB3,round_robin,8,4,2,even,1500000,8,1,edge,50,32,32,250,1,ACTIVE,functional,0,4,1,1,UVM_LOW,0,0,0.0,-O2 -sv -assert svaext,+UVM_TESTNAME=auto,r1p0,11,96,20.0,dma_burst_test,dma_burst_seq,APB3+UART
RUN-002667,reset_recovery_test-002667,Reset_Recovery,APB4,static,4,7,0,none,115200,64,1,edge,50,32,16,250,2,ACTIVE,functional,0,4,1,1,UVM_HIGH,0,0,0.0,-O0 -sv -debug,+UVM_TESTNAME=auto -cm line+tgl,r1p2,6,768,20.0,reset_recovery_test,reset_recovery_seq,APB4+UART
RUN-002668,reset_recovery_test-002668,Reset_Recovery,APB4,priority,8,7,4,even,1500000,32,0,edge,50,16,16,100,1,ACTIVE,stress,1,4,0,1,UVM_LOW,0,1,0.0194,-O0 -sv -debug,+UVM_TESTNAME=auto -cm line+tgl,r1p0,6,384,20.0,reset_recovery_test,reset_recovery_seq,APB4+UART
RUN-002669,parity_stress_test-002669,Parity_Stress,APB3,static,2,7,0,none,460800,16,0,edge,100,32,16,50,1,ACTIVE,functional,0,4,0,1,UVM_MEDIUM,0,1,0.0271,-O2 -sv,+UVM_TESTNAME=auto -cm line+tgl,r2p0,8,192,10.0,parity_stress_test,parity_stress_seq,APB3+UART
RUN-002670,reg_sweep_test-002670,Reg_Sweep,APB3,static,4,1,0,none,115200,8,0,edge,25,32,32,50,3,ACTIVE,functional,0,16,1,1,UVM_MEDIUM,0,1,0.0231,-O2 -sv,+UVM_TESTNAME=auto,r1p0,9,96,40.0,reg_sweep_test,reg_sweep_seq,APB3+UART
RUN-002671,dma_burst_test-002671,Dma_Burst,APB4,round_robin,2,4,0,none,460800,4,0,edge,50,8,32,100,1,ACTIVE,regression,0,8,1,1,UVM_MEDIUM,0,1,0.0246,-O2 -sv -assert svaext,+UVM_TESTNAME=auto,r2p0,10,48,20.0,dma_burst_test,dma_burst_seq,APB4+UART
RUN-002672,irq_storm_test-002672,Irq_Storm,APB4,priority,2,3,2,even,921600,32,1,edge,25,32,32,50,3,ACTIVE,stress,0,16,1,1,UVM_LOW,0,1,0.0072,-O0 -sv -debug,+UVM_TESTNAME=auto,r1p2,5,384,40.0,irq_storm_test,irq_storm_seq,APB4+UART
RUN-002673,irq_storm_test-002673,Irq_Storm,APB4,round_robin,8,0,2,even,921600,16,1,edge,50,16,32,250,2,ACTIVE,stress,1,16,0,1,UVM_LOW,1,1,0.015,-O0 -sv -debug,+UVM_TESTNAME=auto -cm line+tgl,r1p2,0,192,20.0,irq_storm_test,irq_storm_seq,APB4+UART
RUN-002674,uart_loopback_test-002674,Uart_Loopback,APB4,round_robin,4,5,0,odd,230400,32,1,level,50,16,16,100,1,ACTIVE,functional,0,4,1,1,UVM_MEDIUM,0,1,0.0203,-O0 -sv -debug,+UVM_TESTNAME=auto,r1p2,8,384,20.0,uart_loopback_test,uart_loopback_seq,APB4+UART
RUN-002675,reset_recovery_test-002675,Reset_Recovery,APB3,priority,4,6,4,none,1500000,32,1,edge,100,8,32,250,1,ACTIVE,regression,1,8,1,1,UVM_HIGH,1,0,0.0,-O2 -sv -assert svaext,+UVM_TESTNAME=auto,r1p0,7,384,10.0,reset_recovery_test,reset_recovery_seq,APB3+UART
RUN-002676,reg_sweep_test-002676,Reg_Sweep,APB4,round_robin,2,6,1,none,921600,4,1,level,50,16,32,50,3,ACTIVE,regression,0,16,1,1,UVM_LOW,0,0,0.0,-O2 -sv,+UVM_TESTNAME=auto,r1p2,7,48,20.0,reg_sweep_test,reg_sweep_seq,APB4+UART
RUN-002677,reg_sweep_test-002677,Reg_Sweep,APB4,priority,4,3,0,none,921600,16,1,edge,50,32,32,500,1,ACTIVE,functional,0,16,1,1,UVM_MEDIUM,0,0,0.0,-O2 -sv -assert svaext,+UVM_TESTNAME=auto -cm line+tgl,r1p0,11,192,20.0,reg_sweep_test,reg_sweep_seq,APB4+UART
RUN-002678,uart_loopback_test-002678,Uart_Loopback,APB3,static,8,4,4,none,921600,4,1,edge,25,32,32,50,2,ACTIVE,functional,0,16,1,0,UVM_HIGH,0,0,0.0,-O2 -sv,+UVM_TESTNAME=auto -cm line+tgl,r1p2,8,48,40.0,uart_loopback_test,uart_loopback_seq,APB3+UART
RUN-002679,parity_stress_test-002679,Parity_Stress,APB4,static,4,3,0,odd,230400,8,0,level,200,16,32,50,2,ACTIVE,regression,0,4,0,1,UVM_LOW,0,1,0.0044,-O2 -sv,+UVM_TESTNAME=auto -cm line+tgl,r1p0,1,96,5.0,parity_stress_test,parity_stress_seq,APB4+UART
RUN-002680,backpressure_test-002680,Backpressure,APB3,priority,2,1,0,even,115200,4,0,level,50,32,32,50,1,ACTIVE,regression,0,8,1,1,UVM_LOW,0,1,0.0083,-O2 -sv,+UVM_TESTNAME=auto -cm line+tgl,r1p2,6,48,20.0,backpressure_test,backpressure_seq,APB3+UART
RUN-002681,dma_burst_test-002681,Dma_Burst,APB4,priority,4,5,0,none,460800,8,1,edge,100,16,16,250,3,ACTIVE,functional,1,16,1,1,UVM_MEDIUM,0,0,0.0,-O2 -sv,+UVM_TESTNAME=auto -cm line+tgl,r2p0,2,96,10.0,dma_burst_test,dma_burst_seq,APB4+UART
RUN-002682,backpressure_test-002682,Backpressure,APB3,priority,16,0,2,odd,115200,4,0,edge,50,32,32,50,2,ACTIVE,functional,0,16,1,1,UVM_LOW,1,1,0.0198,-O2 -sv,+UVM_TESTNAME=auto -cm line+tgl,r1p2,11,48,20.0,backpressure_test,backpressure_seq,APB3+UART
RUN-002683,reg_sweep_test-002683,Reg_Sweep,APB3,static,8,6,4,odd,115200,32,1,edge,50,32,32,500,3,PASSIVE,functional,0,8,1,1,UVM_MEDIUM,0,0,0.0,-O2 -sv,+UVM_TESTNAME=auto,r1p2,8,384,20.0,reg_sweep_test,reg_sweep_seq,APB3+UART
RUN-002684,irq_storm_test-002684,Irq_Storm,APB4,round_robin,2,6,2,none,460800,8,1,level,50,16,32,500,2,ACTIVE,regression,0,16,0,1,UVM_LOW,0,0,0.0,-O2 -sv,+UVM_TESTNAME=auto,r1p2,5,96,20.0,irq_storm_test,irq_storm_seq,APB4+UART
RUN-002685,reg_sweep_test-002685,Reg_Sweep,APB3,priority,2,4,2,even,460800,4,0,level,25,16,32,250,2,ACTIVE,stress,0,16,0,1,UVM_LOW,1,0,0.0,-O2 -sv -assert svaext,+UVM_TESTNAME=auto -cm line+tgl,r2p0,9,48,40.0,reg_sweep_test,reg_sweep_seq,APB3+UART
RUN-002686,irq_storm_test-002686,Irq_Storm,APB3,priority,4,4,4,odd,460800,8,1,level,200,16,16,100,2,ACTIVE,stress,0,4,1,1,UVM_HIGH,0,0,0.0,-O2 -sv -assert svaext,+UVM_TESTNAME=auto -cm line+tgl,r1p2,8,96,5.0,irq_storm_test,irq_storm_seq,APB3+UART
RUN-002687,reg_sweep_test-002687,Reg_Sweep,APB3,round_robin,8,1,0,none,1500000,8,0,level,100,32,32,500,3,ACTIVE,stress,0,8,1,1,UVM_LOW,0,1,0.0124,-O0 -sv -debug,+UVM_TESTNAME=auto -cm line+tgl,r1p2,3,96,10.0,reg_sweep_test,reg_sweep_seq,APB3+UART
RUN-002688,reg_sweep_test-002688,Reg_Sweep,APB3,round_robin,8,4,2,odd,460800,16,1,level,25,8,16,100,2,ACTIVE,functional,0,16,0,0,UVM_LOW,0,0,0.0,-O2 -sv -assert svaext,+UVM_TESTNAME=auto -cm line+tgl,r1p2,0,192,40.0,reg_sweep_test,reg_sweep_seq,APB3+UART
RUN-002689,reg_sweep_test-002689,Reg_Sweep,APB4,priority,2,7,2,even,460800,32,0,edge,50,32,32,100,1,PASSIVE,stress,0,8,0,0,UVM_HIGH,0,0,0.0,-O2 -sv,+UVM_TESTNAME=auto,r1p2,2,384,20.0,reg_sweep_test,reg_sweep_seq,APB4+UART
RUN-002690,backpressure_test-002690,Backpressure,APB4,priority,8,3,0,none,460800,64,0,edge,50,16,32,500,3,ACTIVE,regression,0,4,0,1,UVM_LOW,0,0,0.0,-O2 -sv,+UVM_TESTNAME=auto,r1p2,2,768,20.0,backpressure_test,backpressure_seq,APB4+UART
RUN-002691,reg_sweep_test-002691,Reg_Sweep,APB3,static,8,7,0,odd,921600,8,1,edge,25,16,16,100,2,ACTIVE,regression,0,8,1,1,UVM_MEDIUM,1,1,0.0358,-O2 -sv,+UVM_TESTNAME=auto,r1p2,8,96,40.0,reg_sweep_test,reg_sweep_seq,APB3+UART
RUN-002692,uart_loopback_test-002692,Uart_Loopback,APB4,priority,8,6,1,none,460800,32,0,level,100,16,16,100,1,ACTIVE,stress,0,8,1,1,UVM_MEDIUM,0,0,0.0,-O2 -sv -assert svaext,+UVM_TESTNAME=auto -cm line+tgl,r1p0,9,384,10.0,uart_loopback_test,uart_loopback_seq,APB4+UART
RUN-002693,reset_recovery_test-002693,Reset_Recovery,APB4,priority,4,6,4,even,115200,8,0,level,100,8,16,50,2,ACTIVE,stress,0,8,0,1,UVM_MEDIUM,0,0,0.0,-O2 -sv -assert svaext,+UVM_TESTNAME=auto -cm line+tgl,r1p2,8,96,10.0,reset_recovery_test,reset_recovery_seq,APB4+UART
RUN-002694,reset_recovery_test-002694,Reset_Recovery,APB4,round_robin,4,4,1,none,115200,64,1,edge,100,8,32,100,1,ACTIVE,functional,0,4,1,1,UVM_HIGH,0,0,0.0,-O0 -sv -debug,+UVM_TESTNAME=auto,r1p2,2,768,10.0,reset_recovery_test,reset_recovery_seq,APB4+UART
RUN-002695,reset_recovery_test-002695,Reset_Recovery,APB4,priority,2,4,0,odd,921600,64,1,edge,200,32,16,100,2,ACTIVE,functional,0,8,1,1,UVM_LOW,0,1,0.0144,-O2 -sv,+UVM_TESTNAME=auto -cm line+tgl,r1p0,10,768,5.0,reset_recovery_test,reset_recovery_seq,APB4+UART
RUN-002696,irq_storm_test-002696,Irq_Storm,APB3,static,8,0,2,none,921600,32,0,edge,50,8,32,500,3,ACTIVE,regression,0,4,1,1,UVM_MEDIUM,0,0,0.0,-O2 -sv,+UVM_TESTNAME=auto,r1p2,1,384,20.0,irq_storm_test,irq_storm_seq,APB3+UART
RUN-002697,parity_stress_test-002697,Parity_Stress,APB3,static,2,1,4,none,460800,32,0,level,100,32,16,250,1,ACTIVE,regression,1,16,1,1,UVM_MEDIUM,0,1,0.0372,-O2 -sv -assert svaext,+UVM_TESTNAME=auto,r1p2,3,384,10.0,parity_stress_test,parity_stress_seq,APB3+UART
RUN-002698,reset_recovery_test-002698,Reset_Recovery,APB4,round_robin,8,7,1,none,1500000,32,1,level,25,32,16,500,2,ACTIVE,functional,0,8,1,1,UVM_MEDIUM,0,0,0.0,-O2 -sv -assert svaext,+UVM_TESTNAME=auto,r1p2,3,384,40.0,reset_recovery_test,reset_recovery_seq,APB4+UART
RUN-002699,irq_storm_test-002699,Irq_Storm,APB3,round_robin,2,5,2,odd,230400,16,0,level,200,8,16,50,2,ACTIVE,regression,0,4,1,1,UVM_MEDIUM,0,0,0.0,-O2 -sv,+UVM_TESTNAME=auto -cm line+tgl,r2p0,0,192,5.0,irq_storm_test,irq_storm_seq,APB3+UART
RUN-002700,irq_storm_test-002700,Irq_Storm,APB4,round_robin,16,4,0,odd,230400,16,0,level,100,16,32,50,2,ACTIVE,stress,1,4,1,0,UVM_HIGH,1,1,0.0285,-O0 -sv -debug,+UVM_TESTNAME=auto -cm line+tgl,r1p2,0,192,10.0,irq_storm_test,irq_storm_seq,APB4+UART
RUN-002701,backpressure_test-002701,Backpressure,APB4,priority,4,6,0,odd,460800,4,0,level,50,8,32,100,2,ACTIVE,functional,0,8,1,1,UVM_MEDIUM,0,0,0.0,-O0 -sv -debug,+UVM_TESTNAME=auto -cm line+tgl,r1p2,1,48,20.0,backpressure_test,backpressure_seq,APB4+UART
RUN-002702,uart_loopback_test-002702,Uart_Loopback,APB3,priority,8,2,2,even,230400,4,0,level,25,32,32,100,1,ACTIVE,regression,0,4,1,1,UVM_MEDIUM,0,1,0.0099,-O0 -sv -debug,+UVM_TESTNAME=auto,r1p0,11,48,40.0,uart_loopback_test,uart_loopback_seq,APB3+UART
RUN-002703,reset_recovery_test-002703,Reset_Recovery,APB3,static,4,0,0,even,460800,32,1,level,50,8,16,250,3,ACTIVE,functional,0,8,0,1,UVM_MEDIUM,0,1,0.032,-O2 -sv -assert svaext,+UVM_TESTNAME=auto,r2p0,5,384,20.0,reset_recovery_test,reset_recovery_seq,APB3+UART
RUN-002704,uart_loopback_test-002704,Uart_Loopback,APB3,round_robin,2,2,4,even,115200,16,0,edge,100,32,32,250,2,ACTIVE,stress,0,8,1,0,UVM_LOW,0,0,0.0,-O2 -sv -assert svaext,+UVM_TESTNAME=auto,r1p2,4,192,10.0,uart_loopback_test,uart_loopback_seq,APB3+UART
RUN-002705,backpressure_test-002705,Backpressure,APB3,priority,2,5,0,none,460800,16,0,edge,25,32,16,500,3,ACTIVE,stress,0,16,1,1,UVM_HIGH,1,1,0.0147,-O2 -sv,+UVM_TESTNAME=auto,r1p2,8,192,40.0,backpressure_test,backpressure_seq,APB3+UART
RUN-002706,reset_recovery_test-002706,Reset_Recovery,APB4,round_robin,2,0,4,none,460800,64,0,edge,100,16,32,100,1,ACTIVE,regression,0,16,1,1,UVM_MEDIUM,0,1,0.0231,-O2 -sv -assert svaext,+UVM_TESTNAME=auto,r1p2,11,768,10.0,reset_recovery_test,reset_recovery_seq,APB4+UART
RUN-002707,uart_loopback_test-002707,Uart_Loopback,APB3,priority,4,6,0,none,921600,4,1,edge,100,32,32,50,1,PASSIVE,stress,0,4,1,1,UVM_LOW,0,0,0.0,-O2 -sv,+UVM_TESTNAME=auto,r1p2,5,48,10.0,uart_loopback_test,uart_loopback_seq,APB3+UART
RUN-002708,uart_loopback_test-002708,Uart_Loopback,APB4,round_robin,16,0,1,none,1500000,64,0,edge,200,32,32,250,3,ACTIVE,regression,0,8,1,1,UVM_MEDIUM,0,1,0.03,-O2 -sv -assert svaext,+UVM_TESTNAME=auto -cm line+tgl,r1p0,6,768,5.0,uart_loopback_test,uart_loopback_seq,APB4+UART
RUN-002709,reg_sweep_test-002709,Reg_Sweep,APB4,static,8,3,0,odd,115200,4,0,level,50,32,32,100,1,ACTIVE,stress,0,4,1,1,UVM_MEDIUM,0,0,0.0,-O2 -sv,+UVM_TESTNAME=auto,r1p2,11,48,20.0,reg_sweep_test,reg_sweep_seq,APB4+UART
RUN-002710,uart_loopback_test-002710,Uart_Loopback,APB3,priority,8,4,1,none,115200,64,1,level,25,16,32,100,1,ACTIVE,stress,0,16,1,1,UVM_LOW,0,1,0.0381,-O2 -sv,+UVM_TESTNAME=auto,r2p0,0,768,40.0,uart_loopback_test,uart_loopback_seq,APB3+UART
RUN-002711,irq_storm_test-002711,Irq_Storm,APB4,round_robin,2,6,0,odd,115200,32,1,level,25,32,16,250,2,ACTIVE,functional,0,8,1,1,UVM_LOW,0,0,0.0,-O2 -sv -assert svaext,+UVM_TESTNAME=auto,r2p0,0,384,40.0,irq_storm_test,irq_storm_seq,APB4+UART
RUN-002712,reg_sweep_test-002712,Reg_Sweep,APB3,round_robin,4,3,2,even,460800,16,0,level,50,8,16,250,2,ACTIVE,functional,0,8,0,1,UVM_MEDIUM,1,1,0.0344,-O2 -sv -assert svaext,+UVM_TESTNAME=auto,r2p0,9,192,20.0,reg_sweep_test,reg_sweep_seq,APB3+UART
RUN-002713,irq_storm_test-002713,Irq_Storm,APB4,round_robin,2,1,0,odd,921600,16,1,edge,50,8,16,100,1,PASSIVE,regression,1,8,1,1,UVM_MEDIUM,0,1,0.0387,-O2 -sv,+UVM_TESTNAME=auto,r1p0,5,192,20.0,irq_storm_test,irq_storm_seq,APB4+UART
RUN-002714,reg_sweep_test-002714,Reg_Sweep,APB3,round_robin,2,1,2,even,115200,16,1,level,50,16,32,100,1,PASSIVE,stress,0,4,1,1,UVM_HIGH,1,1,0.0192,-O0 -sv -debug,+UVM_TESTNAME=auto,r1p0,2,192,20.0,reg_sweep_test,reg_sweep_seq,APB3+UART
RUN-002715,irq_storm_test-002715,Irq_Storm,APB3,static,4,0,1,none,115200,8,1,level,100,32,32,100,1,ACTIVE,regression,1,4,1,1,UVM_MEDIUM,0,1,0.0169,-O2 -sv,+UVM_TESTNAME=auto,r1p0,9,96,10.0,irq_storm_test,irq_storm_seq,APB3+UART
RUN-002716,backpressure_test-002716,Backpressure,APB3,priority,16,4,0,none,921600,16,1,edge,25,32,32,250,1,ACTIVE,functional,1,8,1,0,UVM_MEDIUM,0,0,0.0,-O2 -sv -assert svaext,+UVM_TESTNAME=auto,r1p2,2,192,40.0,backpressure_test,backpressure_seq,APB3+UART
RUN-002717,reset_recovery_test-002717,Reset_Recovery,APB4,round_robin,8,0,0,none,230400,8,0,level,100,32,32,100,3,ACTIVE,functional,1,16,1,1,UVM_LOW,0,0,0.0,-O2 -sv -assert svaext,+UVM_TESTNAME=auto -cm line+tgl,r1p0,8,96,10.0,reset_recovery_test,reset_recovery_seq,APB4+UART
RUN-002718,reg_sweep_test-002718,Reg_Sweep,APB3,priority,4,6,0,odd,230400,4,0,level,100,32,32,50,1,ACTIVE,regression,0,8,1,1,UVM_MEDIUM,1,0,0.0,-O2 -sv,+UVM_TESTNAME=auto -cm line+tgl,r1p0,5,48,10.0,reg_sweep_test,reg_sweep_seq,APB3+UART
RUN-002719,parity_stress_test-002719,Parity_Stress,APB3,priority,8,7,2,even,460800,32,1,edge,50,32,16,50,3,ACTIVE,stress,0,4,1,1,UVM_LOW,0,0,0.0,-O0 -sv -debug,+UVM_TESTNAME=auto,r1p0,4,384,20.0,parity_stress_test,parity_stress_seq,APB3+UART
RUN-002720,reg_sweep_test-002720,Reg_Sweep,APB4,round_robin,16,1,2,none,460800,8,1,level,100,16,32,250,1,ACTIVE,functional,0,4,1,0,UVM_HIGH,0,1,0.0355,-O0 -sv -debug,+UVM_TESTNAME=auto,r1p2,3,96,10.0,reg_sweep_test,reg_sweep_seq,APB4+UART
RUN-002721,irq_storm_test-002721,Irq_Storm,APB4,static,16,6,1,odd,460800,32,1,edge,100,8,32,250,1,ACTIVE,functional,0,16,1,1,UVM_LOW,0,0,0.0,-O2 -sv,+UVM_TESTNAME=auto -cm line+tgl,r1p0,1,384,10.0,irq_storm_test,irq_storm_seq,APB4+UART
RUN-002722,reset_recovery_test-002722,Reset_Recovery,APB3,round_robin,8,5,0,even,115200,16,1,level,50,32,32,250,3,ACTIVE,stress,0,8,1,1,UVM_LOW,1,0,0.0,-O2 -sv -assert svaext,+UVM_TESTNAME=auto,r1p2,7,192,20.0,reset_recovery_test,reset_recovery_seq,APB3+UART
RUN-002723,dma_burst_test-002723,Dma_Burst,APB3,priority,8,6,1,even,921600,32,0,level,50,8,32,250,1,ACTIVE,functional,0,4,0,1,UVM_MEDIUM,0,1,0.0064,-O2 -sv -assert svaext,+UVM_TESTNAME=auto,r2p0,6,384,20.0,dma_burst_test,dma_burst_seq,APB3+UART
RUN-002724,irq_storm_test-002724,Irq_Storm,APB4,round_robin,8,0,0,even,230400,8,1,level,100,16,32,500,1,ACTIVE,functional,1,16,0,1,UVM_LOW,1,1,0.0009,-O2 -sv,+UVM_TESTNAME=auto -cm line+tgl,r1p0,1,96,10.0,irq_storm_test,irq_storm_seq,APB4+UART
RUN-002725,dma_burst_test-002725,Dma_Burst,APB4,priority,2,1,2,odd,230400,16,0,level,50,32,32,50,2,ACTIVE,regression,1,4,1,1,UVM_MEDIUM,1,0,0.0,-O2 -sv,+UVM_TESTNAME=auto,r2p0,11,192,20.0,dma_burst_test,dma_burst_seq,APB4+UART
RUN-002726,irq_storm_test-002726,Irq_Storm,APB3,round_robin,2,0,0,none,460800,8,0,level,50,8,32,50,1,ACTIVE,functional,1,8,1,1,UVM_LOW,1,0,0.0,-O2 -sv -assert svaext,+UVM_TESTNAME=auto -cm line+tgl,r1p0,1,96,20.0,irq_storm_test,irq_storm_seq,APB3+UART
RUN-002727,parity_stress_test-002727,Parity_Stress,APB3,round_robin,4,0,4,none,460800,16,1,level,50,32,32,250,3,ACTIVE,stress,0,4,0,1,UVM_LOW,1,0,0.0,-O0 -sv -debug,+UVM_TESTNAME=auto,r1p0,11,192,20.0,parity_stress_test,parity_stress_seq,APB3+UART
RUN-002728,irq_storm_test-002728,Irq_Storm,APB4,priority,2,4,1,none,921600,16,1,edge,100,8,16,250,2,ACTIVE,functional,0,16,1,1,UVM_MEDIUM,0,0,0.0,-O2 -sv,+UVM_TESTNAME=auto,r1p2,5,192,10.0,irq_storm_test,irq_storm_seq,APB4+UART
RUN-002729,reg_sweep_test-002729,Reg_Sweep,APB3,priority,4,4,0,none,460800,16,1,level,100,32,32,250,2,ACTIVE,regression,1,4,1,1,UVM_MEDIUM,1,1,0.0023,-O2 -sv -assert svaext,+UVM_TESTNAME=auto -cm line+tgl,r2p0,2,192,10.0,reg_sweep_test,reg_sweep_seq,APB3+UART
RUN-002730,parity_stress_test-002730,Parity_Stress,APB4,priority,2,4,2,even,230400,4,0,level,25,32,16,100,2,ACTIVE,stress,0,16,1,1,UVM_LOW,1,0,0.0,-O2 -sv,+UVM_TESTNAME=auto -cm line+tgl,r1p2,2,48,40.0,parity_stress_test,parity_stress_seq,APB4+UART
RUN-002731,backpressure_test-002731,Backpressure,APB3,static,16,5,1,even,460800,16,1,level,25,8,32,50,1,ACTIVE,stress,0,4,1,1,UVM_MEDIUM,0,0,0.0,-O2 -sv,+UVM_TESTNAME=auto,r1p2,6,192,40.0,backpressure_test,backpressure_seq,APB3+UART
RUN-002732,reg_sweep_test-002732,Reg_Sweep,APB4,priority,2,6,4,none,921600,4,1,edge,50,32,32,500,2,ACTIVE,regression,1,8,1,1,UVM_LOW,0,0,0.0,-O2 -sv -assert svaext,+UVM_TESTNAME=auto -cm line+tgl,r1p2,8,48,20.0,reg_sweep_test,reg_sweep_seq,APB4+UART
RUN-002733,backpressure_test-002733,Backpressure,APB4,priority,2,3,1,none,1500000,32,0,level,200,32,32,100,2,ACTIVE,functional,1,8,1,1,UVM_MEDIUM,0,1,0.0387,-O2 -sv -assert svaext,+UVM_TESTNAME=auto -cm line+tgl,r1p0,0,384,5.0,backpressure_test,backpressure_seq,APB4+UART
RUN-002734,uart_loopback_test-002734,Uart_Loopback,APB3,round_robin,8,0,4,even,460800,16,0,edge,25,32,16,500,1,ACTIVE,regression,0,8,1,1,UVM_MEDIUM,0,0,0.0,-O0 -sv -debug,+UVM_TESTNAME=auto,r2p0,7,192,40.0,uart_loopback_test,uart_loopback_seq,APB3+UART
RUN-002735,backpressure_test-002735,Backpressure,APB4,priority,4,4,2,even,115200,16,1,level,50,32,32,50,2,ACTIVE,regression,0,16,0,1,UVM_MEDIUM,0,0,0.0,-O2 -sv -assert svaext,+UVM_TESTNAME=auto,r2p0,5,192,20.0,backpressure_test,backpressure_seq,APB4+UART
RUN-002736,parity_stress_test-002736,Parity_Stress,APB3,round_robin,2,5,2,even,115200,16,1,edge,100,16,32,100,1,ACTIVE,functional,0,16,1,1,UVM_LOW,0,0,0.0,-O2 -sv,+UVM_TESTNAME=auto,r1p0,5,192,10.0,parity_stress_test,parity_stress_seq,APB3+UART
RUN-002737,reset_recovery_test-002737,Reset_Recovery,APB4,static,8,2,2,odd,460800,64,0,edge,100,32,32,250,1,ACTIVE,functional,0,16,1,1,UVM_MEDIUM,0,1,0.0294,-O2 -sv -assert svaext,+UVM_TESTNAME=auto,r1p2,8,768,10.0,reset_recovery_test,reset_recovery_seq,APB4+UART
RUN-002738,backpressure_test-002738,Backpressure,APB3,priority,8,2,1,none,115200,32,0,level,200,32,16,500,2,ACTIVE,functional,0,16,1,1,UVM_HIGH,1,0,0.0,-O2 -sv,+UVM_TESTNAME=auto,r2p0,5,384,5.0,backpressure_test,backpressure_seq,APB3+UART
RUN-002739,irq_storm_test-002739,Irq_Storm,APB3,round_robin,8,1,4,none,115200,32,1,edge,50,8,32,250,1,ACTIVE,regression,0,8,1,0,UVM_MEDIUM,0,0,0.0,-O2 -sv,+UVM_TESTNAME=auto -cm line+tgl,r1p0,6,384,20.0,irq_storm_test,irq_storm_seq,APB3+UART
RUN-002740,dma_burst_test-002740,Dma_Burst,APB4,priority,16,7,2,odd,460800,16,0,edge,25,32,32,100,2,ACTIVE,stress,0,16,1,1,UVM_MEDIUM,1,0,0.0,-O2 -sv,+UVM_TESTNAME=auto,r1p0,8,192,40.0,dma_burst_test,dma_burst_seq,APB4+UART
RUN-002741,reset_recovery_test-002741,Reset_Recovery,APB4,static,4,2,0,even,115200,64,0,edge,25,16,32,100,3,ACTIVE,functional,0,4,0,1,UVM_HIGH,0,0,0.0,-O2 -sv,+UVM_TESTNAME=auto -cm line+tgl,r1p0,2,768,40.0,reset_recovery_test,reset_recovery_seq,APB4+UART
RUN-002742,uart_loopback_test-002742,Uart_Loopback,APB3,priority,2,1,2,even,460800,64,0,level,100,32,16,250,1,PASSIVE,stress,0,16,0,1,UVM_MEDIUM,0,0,0.0,-O2 -sv,+UVM_TESTNAME=auto -cm line+tgl,r1p2,8,768,10.0,uart_loopback_test,uart_loopback_seq,APB3+UART
RUN-002743,reg_sweep_test-002743,Reg_Sweep,APB4,round_robin,16,0,0,even,115200,16,0,level,50,32,16,250,3,ACTIVE,regression,0,16,0,1,UVM_HIGH,0,1,0.0074,-O2 -sv,+UVM_TESTNAME=auto -cm line+tgl,r1p2,0,192,20.0,reg_sweep_test,reg_sweep_seq,APB4+UART
RUN-002744,parity_stress_test-002744,Parity_Stress,APB3,round_robin,4,1,2,odd,460800,16,1,level,200,32,32,50,2,ACTIVE,regression,0,8,0,1,UVM_MEDIUM,0,1,0.0126,-O0 -sv -debug,+UVM_TESTNAME=auto,r1p2,0,192,5.0,parity_stress_test,parity_stress_seq,APB3+UART
RUN-002745,uart_loopback_test-002745,Uart_Loopback,APB3,round_robin,16,1,1,even,230400,4,1,edge,100,32,32,250,3,PASSIVE,stress,1,16,0,1,UVM_MEDIUM,1,1,0.0103,-O2 -sv -assert svaext,+UVM_TESTNAME=auto -cm line+tgl,r1p0,2,48,10.0,uart_loopback_test,uart_loopback_seq,APB3+UART
RUN-002746,reg_sweep_test-002746,Reg_Sweep,APB3,round_robin,8,3,2,even,230400,8,1,level,50,8,32,50,3,ACTIVE,regression,0,4,0,1,UVM_MEDIUM,0,0,0.0,-O2 -sv,+UVM_TESTNAME=auto,r1p0,10,96,20.0,reg_sweep_test,reg_sweep_seq,APB3+UART
RUN-002747,parity_stress_test-002747,Parity_Stress,APB3,static,4,0,2,even,921600,8,1,level,100,8,32,500,2,ACTIVE,stress,0,8,1,1,UVM_MEDIUM,0,0,0.0,-O2 -sv,+UVM_TESTNAME=auto -cm line+tgl,r1p2,5,96,10.0,parity_stress_test,parity_stress_seq,APB3+UART
RUN-002748,reg_sweep_test-002748,Reg_Sweep,APB3,round_robin,4,5,1,odd,115200,16,0,edge,100,16,32,50,3,ACTIVE,stress,0,16,0,1,UVM_MEDIUM,0,1,0.0143,-O2 -sv,+UVM_TESTNAME=auto -cm line+tgl,r2p0,2,192,10.0,reg_sweep_test,reg_sweep_seq,APB3+UART
RUN-002749,backpressure_test-002749,Backpressure,APB3,priority,8,5,1,even,460800,4,1,edge,25,16,32,50,1,ACTIVE,stress,0,8,0,1,UVM_MEDIUM,0,0,0.0,-O0 -sv -debug,+UVM_TESTNAME=auto -cm line+tgl,r2p0,6,48,40.0,backpressure_test,backpressure_seq,APB3+UART
RUN-002750,reg_sweep_test-002750,Reg_Sweep,APB4,round_robin,2,0,2,odd,230400,16,0,edge,100,32,32,250,2,ACTIVE,functional,0,8,1,1,UVM_LOW,0,0,0.0,-O0 -sv -debug,+UVM_TESTNAME=auto -cm line+tgl,r1p2,3,192,10.0,reg_sweep_test,reg_sweep_seq,APB4+UART
RUN-002751,dma_burst_test-002751,Dma_Burst,APB3,round_robin,2,4,1,even,921600,8,1,level,25,16,32,100,3,ACTIVE,stress,0,4,0,1,UVM_LOW,0,1,0.0197,-O2 -sv,+UVM_TESTNAME=auto -cm line+tgl,r1p0,5,96,40.0,dma_burst_test,dma_burst_seq,APB3+UART
RUN-002752,irq_storm_test-002752,Irq_Storm,APB4,round_robin,4,5,2,none,230400,8,1,edge,25,16,32,100,1,ACTIVE,regression,0,4,0,1,UVM_MEDIUM,1,1,0.0129,-O2 -sv,+UVM_TESTNAME=auto -cm line+tgl,r2p0,0,96,40.0,irq_storm_test,irq_storm_seq,APB4+UART
RUN-002753,irq_storm_test-002753,Irq_Storm,APB4,static,16,3,2,none,460800,8,1,edge,50,16,32,250,2,ACTIVE,regression,0,4,1,1,UVM_LOW,0,0,0.0,-O0 -sv -debug,+UVM_TESTNAME=auto,r2p0,3,96,20.0,irq_storm_test,irq_storm_seq,APB4+UART
RUN-002754,reg_sweep_test-002754,Reg_Sweep,APB4,priority,4,5,0,even,115200,16,0,level,25,16,32,100,1,ACTIVE,stress,1,16,1,1,UVM_LOW,1,1,0.038,-O2 -sv -assert svaext,+UVM_TESTNAME=auto -cm line+tgl,r1p2,1,192,40.0,reg_sweep_test,reg_sweep_seq,APB4+UART
RUN-002755,dma_burst_test-002755,Dma_Burst,APB4,priority,8,2,2,odd,115200,64,0,level,100,32,16,250,1,ACTIVE,functional,0,4,1,1,UVM_LOW,0,0,0.0,-O0 -sv -debug,+UVM_TESTNAME=auto,r1p2,6,768,10.0,dma_burst_test,dma_burst_seq,APB4+UART
RUN-002756,backpressure_test-002756,Backpressure,APB4,round_robin,2,4,0,none,460800,32,1,level,100,8,32,500,1,ACTIVE,stress,0,8,1,1,UVM_MEDIUM,0,1,0.0165,-O2 -sv,+UVM_TESTNAME=auto -cm line+tgl,r1p0,4,384,10.0,backpressure_test,backpressure_seq,APB4+UART
RUN-002757,reg_sweep_test-002757,Reg_Sweep,APB4,static,4,6,0,none,921600,32,1,level,100,16,32,100,2,ACTIVE,stress,0,4,0,1,UVM_MEDIUM,0,0,0.0,-O2 -sv -assert svaext,+UVM_TESTNAME=auto -cm line+tgl,r1p0,4,384,10.0,reg_sweep_test,reg_sweep_seq,APB4+UART
RUN-002758,irq_storm_test-002758,Irq_Storm,APB3,round_robin,8,6,1,even,921600,16,1,edge,200,16,32,250,3,ACTIVE,stress,1,16,1,1,UVM_LOW,0,1,0.0246,-O2 -sv,+UVM_TESTNAME=auto -cm line+tgl,r1p0,10,192,5.0,irq_storm_test,irq_storm_seq,APB3+UART
RUN-002759,backpressure_test-002759,Backpressure,APB4,static,2,0,0,none,115200,32,1,level,100,8,32,50,3,ACTIVE,functional,0,16,1,1,UVM_MEDIUM,0,0,0.0,-O0 -sv -debug,+UVM_TESTNAME=auto,r1p0,0,384,10.0,backpressure_test,backpressure_seq,APB4+UART
RUN-002760,irq_storm_test-002760,Irq_Storm,APB3,static,2,3,0,even,230400,64,1,level,50,32,32,100,2,ACTIVE,functional,0,16,0,1,UVM_HIGH,0,1,0.0203,-O2 -sv -assert svaext,+UVM_TESTNAME=auto -cm line+tgl,r1p2,11,768,20.0,irq_storm_test,irq_storm_seq,APB3+UART
RUN-002761,backpressure_test-002761,Backpressure,APB4,static,4,0,2,none,921600,16,1,edge,100,16,32,100,3,ACTIVE,regression,0,16,1,0,UVM_LOW,0,0,0.0,-O2 -sv -assert svaext,+UVM_TESTNAME=auto -cm line+tgl,r2p0,8,192,10.0,backpressure_test,backpressure_seq,APB4+UART
RUN-002762,parity_stress_test-002762,Parity_Stress,APB4,priority,4,2,0,even,460800,64,1,edge,200,16,16,100,3,ACTIVE,regression,0,8,1,0,UVM_MEDIUM,0,0,0.0,-O2 -sv -assert svaext,+UVM_TESTNAME=auto,r1p2,2,768,5.0,parity_stress_test,parity_stress_seq,APB4+UART
RUN-002763,dma_burst_test-002763,Dma_Burst,APB3,priority,8,7,1,even,230400,8,0,level,50,32,32,250,2,ACTIVE,functional,0,16,1,1,UVM_LOW,0,1,0.0114,-O0 -sv -debug,+UVM_TESTNAME=auto,r1p0,5,96,20.0,dma_burst_test,dma_burst_seq,APB3+UART
RUN-002764,irq_storm_test-002764,Irq_Storm,APB4,static,4,3,1,even,1500000,32,0,edge,25,32,32,250,1,ACTIVE,functional,1,4,1,1,UVM_LOW,0,0,0.0,-O2 -sv -assert svaext,+UVM_TESTNAME=auto,r1p0,6,384,40.0,irq_storm_test,irq_storm_seq,APB4+UART
RUN-002765,irq_storm_test-002765,Irq_Storm,APB4,round_robin,8,4,1,none,460800,16,1,level,50,32,32,100,1,ACTIVE,functional,0,8,1,1,UVM_LOW,1,1,0.0082,-O2 -sv,+UVM_TESTNAME=auto,r2p0,0,192,20.0,irq_storm_test,irq_storm_seq,APB4+UART
RUN-002766,uart_loopback_test-002766,Uart_Loopback,APB3,priority,4,7,2,odd,230400,32,0,level,100,32,16,500,2,ACTIVE,functional,0,8,1,1,UVM_LOW,0,0,0.0,-O2 -sv,+UVM_TESTNAME=auto -cm line+tgl,r1p0,4,384,10.0,uart_loopback_test,uart_loopback_seq,APB3+UART
RUN-002767,parity_stress_test-002767,Parity_Stress,APB3,round_robin,8,3,0,none,460800,16,0,level,50,16,32,250,3,ACTIVE,stress,0,8,1,0,UVM_LOW,1,0,0.0,-O0 -sv -debug,+UVM_TESTNAME=auto,r1p0,11,192,20.0,parity_stress_test,parity_stress_seq,APB3+UART
RUN-002768,uart_loopback_test-002768,Uart_Loopback,APB3,round_robin,4,5,1,even,460800,64,0,level,50,32,32,500,3,PASSIVE,functional,1,8,1,1,UVM_HIGH,1,0,0.0,-O2 -sv,+UVM_TESTNAME=auto,r2p0,6,768,20.0,uart_loopback_test,uart_loopback_seq,APB3+UART
RUN-002769,uart_loopback_test-002769,Uart_Loopback,APB3,priority,2,4,0,even,115200,8,1,edge,25,32,32,250,3,ACTIVE,functional,0,4,1,1,UVM_HIGH,0,0,0.0,-O2 -sv -assert svaext,+UVM_TESTNAME=auto -cm line+tgl,r2p0,2,96,40.0,uart_loopback_test,uart_loopback_seq,APB3+UART
RUN-002770,uart_loopback_test-002770,Uart_Loopback,APB3,static,4,5,2,none,460800,64,1,level,25,16,32,100,1,ACTIVE,stress,0,8,0,1,UVM_MEDIUM,0,1,0.0346,-O2 -sv -assert svaext,+UVM_TESTNAME=auto,r1p2,7,768,40.0,uart_loopback_test,uart_loopback_seq,APB3+UART
RUN-002771,parity_stress_test-002771,Parity_Stress,APB4,static,4,4,1,even,230400,16,0,level,100,32,32,250,2,ACTIVE,functional,0,8,0,1,UVM_MEDIUM,0,1,0.0245,-O0 -sv -debug,+UVM_TESTNAME=auto,r2p0,8,192,10.0,parity_stress_test,parity_stress_seq,APB4+UART
RUN-002772,reg_sweep_test-002772,Reg_Sweep,APB4,round_robin,2,5,1,even,115200,8,0,edge,200,32,32,50,2,PASSIVE,regression,0,4,1,1,UVM_LOW,1,1,0.0188,-O2 -sv -assert svaext,+UVM_TESTNAME=auto,r1p2,5,96,5.0,reg_sweep_test,reg_sweep_seq,APB4+UART
RUN-002773,reg_sweep_test-002773,Reg_Sweep,APB3,round_robin,4,2,2,odd,230400,16,1,edge,100,32,32,250,1,PASSIVE,regression,0,8,0,1,UVM_LOW,0,0,0.0,-O2 -sv,+UVM_TESTNAME=auto,r1p2,11,192,10.0,reg_sweep_test,reg_sweep_seq,APB3+UART
RUN-002774,dma_burst_test-002774,Dma_Burst,APB4,static,16,5,0,odd,460800,16,1,level,50,8,32,250,3,ACTIVE,regression,0,4,1,1,UVM_LOW,0,0,0.0,-O0 -sv -debug,+UVM_TESTNAME=auto,r1p2,5,192,20.0,dma_burst_test,dma_burst_seq,APB4+UART
RUN-002775,reset_recovery_test-002775,Reset_Recovery,APB3,priority,2,6,4,odd,1500000,32,0,edge,50,32,16,50,2,ACTIVE,stress,0,8,1,1,UVM_HIGH,0,0,0.0,-O2 -sv,+UVM_TESTNAME=auto -cm line+tgl,r1p0,5,384,20.0,reset_recovery_test,reset_recovery_seq,APB3+UART
RUN-002776,irq_storm_test-002776,Irq_Storm,APB4,priority,2,0,4,even,460800,4,0,edge,50,32,16,250,1,ACTIVE,functional,1,16,1,1,UVM_LOW,0,1,0.004,-O2 -sv,+UVM_TESTNAME=auto -cm line+tgl,r1p0,8,48,20.0,irq_storm_test,irq_storm_seq,APB4+UART
RUN-002777,backpressure_test-002777,Backpressure,APB3,round_robin,16,6,2,even,230400,16,1,edge,50,32,32,50,1,ACTIVE,functional,0,16,0,1,UVM_LOW,1,0,0.0,-O2 -sv,+UVM_TESTNAME=auto,r1p0,3,192,20.0,backpressure_test,backpressure_seq,APB3+UART
RUN-002778,parity_stress_test-002778,Parity_Stress,APB4,round_robin,8,4,0,even,921600,16,1,level,50,16,32,250,3,ACTIVE,functional,0,16,1,0,UVM_MEDIUM,0,1,0.0101,-O2 -sv -assert svaext,+UVM_TESTNAME=auto,r2p0,11,192,20.0,parity_stress_test,parity_stress_seq,APB4+UART
RUN-002779,parity_stress_test-002779,Parity_Stress,APB4,round_robin,4,6,4,odd,230400,32,0,level,25,8,32,50,2,ACTIVE,stress,0,4,1,1,UVM_LOW,0,1,0.0097,-O2 -sv,+UVM_TESTNAME=auto,r2p0,4,384,40.0,parity_stress_test,parity_stress_seq,APB4+UART
RUN-002780,reg_sweep_test-002780,Reg_Sweep,APB4,round_robin,2,5,1,even,921600,4,0,edge,50,32,32,250,1,ACTIVE,regression,0,16,0,1,UVM_MEDIUM,0,0,0.0,-O2 -sv,+UVM_TESTNAME=auto -cm line+tgl,r1p0,8,48,20.0,reg_sweep_test,reg_sweep_seq,APB4+UART
RUN-002781,parity_stress_test-002781,Parity_Stress,APB3,priority,8,2,1,none,230400,4,0,level,25,8,16,50,1,ACTIVE,stress,0,8,0,1,UVM_LOW,0,1,0.0097,-O2 -sv,+UVM_TESTNAME=auto,r1p2,6,48,40.0,parity_stress_test,parity_stress_seq,APB3+UART
RUN-002782,reg_sweep_test-002782,Reg_Sweep,APB4,round_robin,8,1,4,none,1500000,16,1,level,200,8,16,500,1,ACTIVE,functional,0,4,1,1,UVM_LOW,1,0,0.0,-O2 -sv -assert svaext,+UVM_TESTNAME=auto,r2p0,11,192,5.0,reg_sweep_test,reg_sweep_seq,APB4+UART
RUN-002783,irq_storm_test-002783,Irq_Storm,APB3,round_robin,4,3,4,even,921600,4,0,level,200,8,32,100,3,ACTIVE,functional,0,4,0,1,UVM_MEDIUM,0,0,0.0,-O2 -sv -assert svaext,+UVM_TESTNAME=auto -cm line+tgl,r1p0,8,48,5.0,irq_storm_test,irq_storm_seq,APB3+UART
RUN-002784,uart_loopback_test-002784,Uart_Loopback,APB4,round_robin,2,1,2,odd,230400,64,0,level,100,32,32,100,2,PASSIVE,functional,0,4,1,1,UVM_MEDIUM,0,1,0.0261,-O0 -sv -debug,+UVM_TESTNAME=auto -cm line+tgl,r1p0,11,768,10.0,uart_loopback_test,uart_loopback_seq,APB4+UART
RUN-002785,uart_loopback_test-002785,Uart_Loopback,APB3,round_robin,4,1,0,odd,460800,16,0,level,25,16,32,50,2,PASSIVE,functional,0,16,1,1,UVM_LOW,0,1,0.0229,-O2 -sv -assert svaext,+UVM_TESTNAME=auto,r2p0,0,192,40.0,uart_loopback_test,uart_loopback_seq,APB3+UART
RUN-002786,reg_sweep_test-002786,Reg_Sweep,APB3,round_robin,8,7,4,odd,115200,4,0,level,200,32,16,250,3,ACTIVE,functional,0,4,1,1,UVM_MEDIUM,0,0,0.0,-O2 -sv,+UVM_TESTNAME=auto,r1p2,3,48,5.0,reg_sweep_test,reg_sweep_seq,APB3+UART
RUN-002787,irq_storm_test-002787,Irq_Storm,APB3,round_robin,2,1,1,odd,460800,4,0,level,100,32,32,100,2,ACTIVE,regression,0,8,1,1,UVM_LOW,1,0,0.0,-O2 -sv,+UVM_TESTNAME=auto,r2p0,9,48,10.0,irq_storm_test,irq_storm_seq,APB3+UART
RUN-002788,uart_loopback_test-002788,Uart_Loopback,APB4,priority,16,4,1,none,921600,8,0,level,50,16,16,250,3,ACTIVE,functional,1,16,0,1,UVM_LOW,0,0,0.0,-O2 -sv,+UVM_TESTNAME=auto -cm line+tgl,r1p0,5,96,20.0,uart_loopback_test,uart_loopback_seq,APB4+UART
RUN-002789,dma_burst_test-002789,Dma_Burst,APB4,priority,16,6,1,even,115200,4,1,level,100,32,16,250,1,ACTIVE,functional,0,8,0,1,UVM_MEDIUM,1,0,0.0,-O2 -sv,+UVM_TESTNAME=auto -cm line+tgl,r1p0,4,48,10.0,dma_burst_test,dma_burst_seq,APB4+UART
RUN-002790,reset_recovery_test-002790,Reset_Recovery,APB3,round_robin,4,0,0,odd,460800,16,1,edge,25,16,32,100,3,ACTIVE,regression,0,4,1,1,UVM_LOW,0,0,0.0,-O2 -sv -assert svaext,+UVM_TESTNAME=auto -cm line+tgl,r1p0,9,192,40.0,reset_recovery_test,reset_recovery_seq,APB3+UART
RUN-002791,dma_burst_test-002791,Dma_Burst,APB4,round_robin,4,5,0,even,115200,32,1,level,200,16,32,250,2,ACTIVE,regression,0,4,0,1,UVM_MEDIUM,0,1,0.0016,-O0 -sv -debug,+UVM_TESTNAME=auto,r1p0,7,384,5.0,dma_burst_test,dma_burst_seq,APB4+UART
RUN-002792,uart_loopback_test-002792,Uart_Loopback,APB3,round_robin,4,6,0,none,1500000,32,0,level,50,32,32,100,2,ACTIVE,stress,0,8,1,1,UVM_LOW,0,0,0.0,-O2 -sv -assert svaext,+UVM_TESTNAME=auto -cm line+tgl,r2p0,6,384,20.0,uart_loopback_test,uart_loopback_seq,APB3+UART
RUN-002793,backpressure_test-002793,Backpressure,APB4,static,2,2,1,even,115200,32,0,level,50,16,32,100,1,PASSIVE,stress,0,4,1,1,UVM_MEDIUM,0,1,0.0352,-O0 -sv -debug,+UVM_TESTNAME=auto,r1p2,9,384,20.0,backpressure_test,backpressure_seq,APB4+UART
RUN-002794,backpressure_test-002794,Backpressure,APB4,static,4,3,4,odd,115200,32,1,edge,50,32,32,50,1,ACTIVE,stress,0,4,0,1,UVM_MEDIUM,0,1,0.0335,-O2 -sv,+UVM_TESTNAME=auto,r1p0,3,384,20.0,backpressure_test,backpressure_seq,APB4+UART
RUN-002795,irq_storm_test-002795,Irq_Storm,APB4,static,4,6,2,even,460800,16,1,edge,50,32,32,50,1,PASSIVE,functional,1,8,0,1,UVM_MEDIUM,0,0,0.0,-O2 -sv,+UVM_TESTNAME=auto,r2p0,8,192,20.0,irq_storm_test,irq_storm_seq,APB4+UART
RUN-002796,uart_loopback_test-002796,Uart_Loopback,APB3,priority,4,0,4,odd,460800,16,0,level,200,16,32,100,1,ACTIVE,stress,0,8,1,1,UVM_LOW,0,0,0.0,-O2 -sv,+UVM_TESTNAME=auto -cm line+tgl,r2p0,11,192,5.0,uart_loopback_test,uart_loopback_seq,APB3+UART
RUN-002797,dma_burst_test-002797,Dma_Burst,APB3,round_robin,4,3,2,odd,460800,4,1,level,200,16,32,250,1,ACTIVE,functional,0,8,1,1,UVM_HIGH,0,0,0.0,-O2 -sv -assert svaext,+UVM_TESTNAME=auto,r1p0,5,48,5.0,dma_burst_test,dma_burst_seq,APB3+UART
RUN-002798,backpressure_test-002798,Backpressure,APB3,static,8,2,1,odd,460800,8,1,level,50,32,16,100,1,ACTIVE,functional,0,8,0,1,UVM_LOW,0,1,0.0063,-O0 -sv -debug,+UVM_TESTNAME=auto,r1p0,5,96,20.0,backpressure_test,backpressure_seq,APB3+UART
RUN-002799,dma_burst_test-002799,Dma_Burst,APB4,priority,4,3,0,even,115200,16,1,edge,25,32,32,250,2,PASSIVE,functional,0,8,1,1,UVM_LOW,0,1,0.0395,-O0 -sv -debug,+UVM_TESTNAME=auto,r1p2,6,192,40.0,dma_burst_test,dma_burst_seq,APB4+UART
RUN-002800,uart_loopback_test-002800,Uart_Loopback,APB4,priority,2,2,1,odd,230400,32,0,edge,100,16,16,250,1,ACTIVE,regression,0,8,1,1,UVM_LOW,0,0,0.0,-O2 -sv,+UVM_TESTNAME=auto -cm line+tgl,r2p0,0,384,10.0,uart_loopback_test,uart_loopback_seq,APB4+UART
RUN-002801,reg_sweep_test-002801,Reg_Sweep,APB3,round_robin,16,6,1,odd,460800,64,0,edge,200,32,16,500,3,ACTIVE,regression,0,4,0,1,UVM_MEDIUM,0,0,0.0,-O2 -sv -assert svaext,+UVM_TESTNAME=auto,r1p0,10,768,5.0,reg_sweep_test,reg_sweep_seq,APB3+UART
RUN-002802,dma_burst_test-002802,Dma_Burst,APB3,round_robin,8,6,2,even,1500000,32,0,edge,100,32,32,50,1,ACTIVE,stress,0,4,0,1,UVM_LOW,1,1,0.0152,-O2 -sv,+UVM_TESTNAME=auto -cm line+tgl,r1p0,8,384,10.0,dma_burst_test,dma_burst_seq,APB3+UART
RUN-002803,reg_sweep_test-002803,Reg_Sweep,APB3,round_robin,4,4,2,none,1500000,4,1,edge,100,16,32,50,1,ACTIVE,stress,0,8,1,1,UVM_MEDIUM,0,0,0.0,-O0 -sv -debug,+UVM_TESTNAME=auto,r1p2,9,48,10.0,reg_sweep_test,reg_sweep_seq,APB3+UART
RUN-002804,irq_storm_test-002804,Irq_Storm,APB3,round_robin,2,0,1,even,460800,8,1,level,25,32,32,100,1,ACTIVE,stress,0,8,1,1,UVM_HIGH,0,1,0.0203,-O0 -sv -debug,+UVM_TESTNAME=auto -cm line+tgl,r2p0,10,96,40.0,irq_storm_test,irq_storm_seq,APB3+UART
RUN-002805,parity_stress_test-002805,Parity_Stress,APB4,priority,8,0,0,even,460800,32,1,edge,50,32,32,250,2,PASSIVE,stress,1,16,0,0,UVM_MEDIUM,1,1,0.0347,-O2 -sv,+UVM_TESTNAME=auto -cm line+tgl,r1p0,11,384,20.0,parity_stress_test,parity_stress_seq,APB4+UART
RUN-002806,backpressure_test-002806,Backpressure,APB3,round_robin,4,3,0,even,1500000,32,1,level,25,32,32,250,3,ACTIVE,stress,1,16,1,1,UVM_LOW,0,0,0.0,-O2 -sv -assert svaext,+UVM_TESTNAME=auto,r1p0,0,384,40.0,backpressure_test,backpressure_seq,APB3+UART
RUN-002807,irq_storm_test-002807,Irq_Storm,APB3,priority,4,6,2,even,1500000,8,0,level,25,32,16,250,3,ACTIVE,regression,0,16,0,1,UVM_LOW,0,1,0.0095,-O2 -sv -assert svaext,+UVM_TESTNAME=auto,r2p0,1,96,40.0,irq_storm_test,irq_storm_seq,APB3+UART
RUN-002808,reg_sweep_test-002808,Reg_Sweep,APB4,round_robin,4,5,1,even,460800,16,1,level,100,32,32,500,2,ACTIVE,regression,0,8,0,1,UVM_MEDIUM,1,1,0.0293,-O0 -sv -debug,+UVM_TESTNAME=auto -cm line+tgl,r2p0,4,192,10.0,reg_sweep_test,reg_sweep_seq,APB4+UART
RUN-002809,parity_stress_test-002809,Parity_Stress,APB4,round_robin,2,0,4,none,1500000,32,1,level,100,8,16,50,1,ACTIVE,functional,1,8,1,1,UVM_MEDIUM,1,0,0.0,-O0 -sv -debug,+UVM_TESTNAME=auto -cm line+tgl,r2p0,11,384,10.0,parity_stress_test,parity_stress_seq,APB4+UART
RUN-002810,dma_burst_test-002810,Dma_Burst,APB4,static,4,5,2,none,1500000,16,1,edge,200,32,32,100,2,ACTIVE,functional,0,8,1,1,UVM_HIGH,0,1,0.0003,-O2 -sv,+UVM_TESTNAME=auto,r2p0,2,192,5.0,dma_burst_test,dma_burst_seq,APB4+UART
RUN-002811,uart_loopback_test-002811,Uart_Loopback,APB4,round_robin,2,3,0,even,115200,4,1,edge,100,8,32,100,3,ACTIVE,stress,0,8,1,1,UVM_MEDIUM,1,0,0.0,-O2 -sv -assert svaext,+UVM_TESTNAME=auto,r1p0,7,48,10.0,uart_loopback_test,uart_loopback_seq,APB4+UART
RUN-002812,reg_sweep_test-002812,Reg_Sweep,APB4,priority,4,3,2,even,230400,16,0,level,50,8,32,100,3,ACTIVE,stress,1,8,1,1,UVM_LOW,1,1,0.0114,-O2 -sv,+UVM_TESTNAME=auto -cm line+tgl,r1p0,4,192,20.0,reg_sweep_test,reg_sweep_seq,APB4+UART
RUN-002813,reg_sweep_test-002813,Reg_Sweep,APB3,round_robin,4,3,0,even,115200,8,0,level,25,32,16,100,1,ACTIVE,stress,0,16,1,1,UVM_MEDIUM,0,1,0.026,-O2 -sv,+UVM_TESTNAME=auto -cm line+tgl,r1p0,2,96,40.0,reg_sweep_test,reg_sweep_seq,APB3+UART
RUN-002814,dma_burst_test-002814,Dma_Burst,APB3,static,8,1,0,even,921600,4,0,level,50,32,32,500,2,PASSIVE,functional,0,4,0,1,UVM_LOW,1,1,0.0244,-O2 -sv,+UVM_TESTNAME=auto -cm line+tgl,r1p2,11,48,20.0,dma_burst_test,dma_burst_seq,APB3+UART
RUN-002815,dma_burst_test-002815,Dma_Burst,APB4,static,4,7,2,even,115200,8,1,level,100,32,16,500,3,ACTIVE,functional,1,8,1,1,UVM_LOW,0,0,0.0,-O2 -sv -assert svaext,+UVM_TESTNAME=auto -cm line+tgl,r1p0,8,96,10.0,dma_burst_test,dma_burst_seq,APB4+UART
RUN-002816,uart_loopback_test-002816,Uart_Loopback,APB3,priority,2,0,1,odd,1500000,16,1,level,50,8,32,100,1,ACTIVE,regression,0,16,0,1,UVM_LOW,1,0,0.0,-O0 -sv -debug,+UVM_TESTNAME=auto,r2p0,3,192,20.0,uart_loopback_test,uart_loopback_seq,APB3+UART
RUN-002817,irq_storm_test-002817,Irq_Storm,APB4,static,4,5,2,odd,230400,8,0,level,200,16,16,250,1,ACTIVE,functional,0,8,1,1,UVM_MEDIUM,0,0,0.0,-O2 -sv,+UVM_TESTNAME=auto -cm line+tgl,r2p0,8,96,5.0,irq_storm_test,irq_storm_seq,APB4+UART
RUN-002818,dma_burst_test-002818,Dma_Burst,APB4,static,2,6,0,odd,460800,16,0,level,100,32,32,100,1,PASSIVE,stress,0,4,1,1,UVM_LOW,0,1,0.038,-O2 -sv,+UVM_TESTNAME=auto,r2p0,8,192,10.0,dma_burst_test,dma_burst_seq,APB4+UART
RUN-002819,dma_burst_test-002819,Dma_Burst,APB4,static,8,4,2,odd,115200,8,1,edge,50,32,32,250,2,ACTIVE,stress,0,16,0,1,UVM_MEDIUM,0,0,0.0,-O2 -sv -assert svaext,+UVM_TESTNAME=auto -cm line+tgl,r1p2,2,96,20.0,dma_burst_test,dma_burst_seq,APB4+UART
RUN-002820,reset_recovery_test-002820,Reset_Recovery,APB4,priority,2,0,1,none,1500000,16,0,level,100,16,16,250,1,ACTIVE,functional,0,4,1,0,UVM_MEDIUM,0,1,0.0088,-O2 -sv,+UVM_TESTNAME=auto,r1p0,4,192,10.0,reset_recovery_test,reset_recovery_seq,APB4+UART
RUN-002821,backpressure_test-002821,Backpressure,APB3,static,4,1,2,none,460800,16,1,level,25,16,32,250,2,ACTIVE,functional,0,4,0,1,UVM_LOW,0,1,0.0046,-O2 -sv -assert svaext,+UVM_TESTNAME=auto -cm line+tgl,r2p0,5,192,40.0,backpressure_test,backpressure_seq,APB3+UART
RUN-002822,irq_storm_test-002822,Irq_Storm,APB3,static,4,2,0,even,460800,32,1,level,100,32,32,100,2,PASSIVE,stress,1,8,1,1,UVM_MEDIUM,0,1,0.0038,-O0 -sv -debug,+UVM_TESTNAME=auto,r1p0,10,384,10.0,irq_storm_test,irq_storm_seq,APB3+UART
RUN-002823,reset_recovery_test-002823,Reset_Recovery,APB3,priority,2,5,2,none,921600,16,0,level,25,8,16,500,1,PASSIVE,stress,0,4,0,1,UVM_HIGH,0,0,0.0,-O2 -sv,+UVM_TESTNAME=auto,r1p0,8,192,40.0,reset_recovery_test,reset_recovery_seq,APB3+UART
RUN-002824,reg_sweep_test-002824,Reg_Sweep,APB4,priority,4,5,2,odd,921600,32,1,level,50,16,32,250,2,ACTIVE,stress,0,16,0,1,UVM_LOW,0,1,0.0344,-O2 -sv -assert svaext,+UVM_TESTNAME=auto -cm line+tgl,r1p2,1,384,20.0,reg_sweep_test,reg_sweep_seq,APB4+UART
RUN-002825,parity_stress_test-002825,Parity_Stress,APB3,static,8,5,2,even,1500000,64,1,level,50,32,32,50,1,ACTIVE,functional,1,4,1,1,UVM_MEDIUM,1,0,0.0,-O2 -sv -assert svaext,+UVM_TESTNAME=auto -cm line+tgl,r2p0,9,768,20.0,parity_stress_test,parity_stress_seq,APB3+UART
RUN-002826,uart_loopback_test-002826,Uart_Loopback,APB3,static,8,2,0,even,115200,64,0,edge,100,8,32,100,2,ACTIVE,regression,0,4,1,1,UVM_LOW,0,0,0.0,-O0 -sv -debug,+UVM_TESTNAME=auto,r2p0,7,768,10.0,uart_loopback_test,uart_loopback_seq,APB3+UART
RUN-002827,backpressure_test-002827,Backpressure,APB3,round_robin,4,2,1,odd,921600,8,1,edge,50,8,32,100,1,ACTIVE,functional,0,8,1,1,UVM_MEDIUM,0,0,0.0,-O0 -sv -debug,+UVM_TESTNAME=auto,r2p0,7,96,20.0,backpressure_test,backpressure_seq,APB3+UART
RUN-002828,reset_recovery_test-002828,Reset_Recovery,APB4,round_robin,2,7,0,even,460800,4,1,level,100,16,32,500,3,ACTIVE,regression,1,16,1,1,UVM_LOW,0,1,0.0172,-O2 -sv -assert svaext,+UVM_TESTNAME=auto -cm line+tgl,r1p2,3,48,10.0,reset_recovery_test,reset_recovery_seq,APB4+UART
RUN-002829,backpressure_test-002829,Backpressure,APB4,round_robin,2,3,2,even,1500000,16,1,level,50,16,16,250,1,ACTIVE,functional,0,16,0,1,UVM_MEDIUM,0,0,0.0,-O2 -sv -assert svaext,+UVM_TESTNAME=auto -cm line+tgl,r1p2,4,192,20.0,backpressure_test,backpressure_seq,APB4+UART
RUN-002830,reset_recovery_test-002830,Reset_Recovery,APB3,static,8,5,1,odd,460800,16,1,level,50,8,16,50,1,ACTIVE,functional,0,8,1,1,UVM_LOW,0,1,0.0158,-O2 -sv -assert svaext,+UVM_TESTNAME=auto,r1p2,6,192,20.0,reset_recovery_test,reset_recovery_seq,APB3+UART
RUN-002831,reg_sweep_test-002831,Reg_Sweep,APB4,priority,4,7,0,odd,921600,4,1,level,100,16,32,250,1,ACTIVE,functional,0,8,0,1,UVM_LOW,0,0,0.0,-O2 -sv -assert svaext,+UVM_TESTNAME=auto,r1p0,1,48,10.0,reg_sweep_test,reg_sweep_seq,APB4+UART
RUN-002832,reg_sweep_test-002832,Reg_Sweep,APB4,static,2,2,2,even,460800,8,1,level,100,32,16,100,2,ACTIVE,functional,0,4,0,0,UVM_LOW,1,0,0.0,-O2 -sv -assert svaext,+UVM_TESTNAME=auto,r1p0,7,96,10.0,reg_sweep_test,reg_sweep_seq,APB4+UART
RUN-002833,dma_burst_test-002833,Dma_Burst,APB3,static,4,2,1,odd,115200,32,0,edge,50,32,32,250,2,ACTIVE,stress,0,16,1,1,UVM_MEDIUM,0,0,0.0,-O2 -sv -assert svaext,+UVM_TESTNAME=auto -cm line+tgl,r1p2,6,384,20.0,dma_burst_test,dma_burst_seq,APB3+UART
RUN-002834,irq_storm_test-002834,Irq_Storm,APB3,round_robin,8,0,1,even,230400,64,1,level,50,8,32,250,1,ACTIVE,stress,1,4,1,1,UVM_LOW,0,1,0.0209,-O2 -sv -assert svaext,+UVM_TESTNAME=auto -cm line+tgl,r2p0,10,768,20.0,irq_storm_test,irq_storm_seq,APB3+UART
RUN-002835,dma_burst_test-002835,Dma_Burst,APB4,priority,4,5,0,even,115200,4,1,edge,100,16,32,100,2,ACTIVE,regression,0,4,0,1,UVM_LOW,1,1,0.0159,-O2 -sv,+UVM_TESTNAME=auto,r1p2,7,48,10.0,dma_burst_test,dma_burst_seq,APB4+UART
RUN-002836,parity_stress_test-002836,Parity_Stress,APB3,round_robin,2,4,0,even,115200,32,1,level,100,8,32,500,1,ACTIVE,regression,0,16,0,1,UVM_MEDIUM,0,0,0.0,-O2 -sv,+UVM_TESTNAME=auto -cm line+tgl,r1p0,2,384,10.0,parity_stress_test,parity_stress_seq,APB3+UART
RUN-002837,reg_sweep_test-002837,Reg_Sweep,APB3,round_robin,16,3,2,odd,1500000,32,1,edge,100,8,16,500,3,ACTIVE,functional,0,4,0,1,UVM_MEDIUM,1,0,0.0,-O2 -sv,+UVM_TESTNAME=auto,r2p0,1,384,10.0,reg_sweep_test,reg_sweep_seq,APB3+UART
RUN-002838,uart_loopback_test-002838,Uart_Loopback,APB4,round_robin,4,2,4,even,230400,16,1,edge,200,16,32,100,2,ACTIVE,regression,0,4,1,1,UVM_LOW,0,1,0.0006,-O2 -sv,+UVM_TESTNAME=auto,r1p2,8,192,5.0,uart_loopback_test,uart_loopback_seq,APB4+UART
RUN-002839,reg_sweep_test-002839,Reg_Sweep,APB3,priority,8,6,0,even,1500000,16,1,edge,50,8,16,250,1,ACTIVE,stress,0,8,1,1,UVM_MEDIUM,1,0,0.0,-O2 -sv -assert svaext,+UVM_TESTNAME=auto,r1p2,9,192,20.0,reg_sweep_test,reg_sweep_seq,APB3+UART
RUN-002840,parity_stress_test-002840,Parity_Stress,APB4,priority,4,7,0,none,115200,8,1,level,100,32,32,50,1,ACTIVE,functional,0,4,1,1,UVM_MEDIUM,0,1,0.0052,-O2 -sv,+UVM_TESTNAME=auto,r1p0,4,96,10.0,parity_stress_test,parity_stress_seq,APB4+UART
RUN-002841,dma_burst_test-002841,Dma_Burst,APB3,priority,4,7,1,none,115200,16,1,edge,50,32,32,500,1,ACTIVE,functional,0,4,1,1,UVM_LOW,0,0,0.0,-O2 -sv -assert svaext,+UVM_TESTNAME=auto -cm line+tgl,r1p0,2,192,20.0,dma_burst_test,dma_burst_seq,APB3+UART
RUN-002842,irq_storm_test-002842,Irq_Storm,APB4,static,4,6,0,none,115200,8,1,level,100,8,32,100,2,ACTIVE,stress,0,4,1,1,UVM_LOW,0,1,0.0292,-O2 -sv -assert svaext,+UVM_TESTNAME=auto,r1p2,10,96,10.0,irq_storm_test,irq_storm_seq,APB4+UART
RUN-002843,reset_recovery_test-002843,Reset_Recovery,APB4,priority,2,3,1,odd,460800,16,1,level,25,8,16,50,2,ACTIVE,stress,1,4,1,1,UVM_LOW,0,0,0.0,-O0 -sv -debug,+UVM_TESTNAME=auto,r2p0,4,192,40.0,reset_recovery_test,reset_recovery_seq,APB4+UART
RUN-002844,reset_recovery_test-002844,Reset_Recovery,APB4,priority,8,3,2,none,115200,4,1,edge,50,32,32,250,2,ACTIVE,regression,1,4,1,1,UVM_LOW,0,0,0.0,-O2 -sv,+UVM_TESTNAME=auto,r2p0,2,48,20.0,reset_recovery_test,reset_recovery_seq,APB4+UART
RUN-002845,reset_recovery_test-002845,Reset_Recovery,APB4,static,8,2,0,odd,115200,32,1,edge,100,16,32,500,2,ACTIVE,functional,0,8,1,1,UVM_HIGH,0,0,0.0,-O2 -sv -assert svaext,+UVM_TESTNAME=auto,r2p0,11,384,10.0,reset_recovery_test,reset_recovery_seq,APB4+UART
RUN-002846,backpressure_test-002846,Backpressure,APB4,priority,8,1,1,even,1500000,32,1,edge,100,32,16,250,2,ACTIVE,functional,0,16,1,1,UVM_HIGH,1,1,0.0001,-O2 -sv,+UVM_TESTNAME=auto -cm line+tgl,r1p0,4,384,10.0,backpressure_test,backpressure_seq,APB4+UART
RUN-002847,reset_recovery_test-002847,Reset_Recovery,APB4,static,4,2,0,none,230400,64,0,edge,100,16,32,250,1,ACTIVE,stress,0,8,1,1,UVM_LOW,1,1,0.0376,-O2 -sv,+UVM_TESTNAME=auto,r1p2,2,768,10.0,reset_recovery_test,reset_recovery_seq,APB4+UART
RUN-002848,reg_sweep_test-002848,Reg_Sweep,APB4,round_robin,16,3,4,odd,230400,64,0,level,50,32,32,50,1,ACTIVE,stress,1,16,0,1,UVM_MEDIUM,1,0,0.0,-O2 -sv,+UVM_TESTNAME=auto,r1p2,3,768,20.0,reg_sweep_test,reg_sweep_seq,APB4+UART
RUN-002849,reset_recovery_test-002849,Reset_Recovery,APB4,priority,4,5,4,none,460800,64,1,edge,200,16,16,500,2,ACTIVE,functional,1,4,1,1,UVM_LOW,0,0,0.0,-O2 -sv -assert svaext,+UVM_TESTNAME=auto -cm line+tgl,r1p2,6,768,5.0,reset_recovery_test,reset_recovery_seq,APB4+UART
RUN-002850,uart_loopback_test-002850,Uart_Loopback,APB3,priority,8,6,2,even,1500000,32,0,edge,25,32,32,100,3,PASSIVE,regression,0,16,1,1,UVM_MEDIUM,0,0,0.0,-O2 -sv -assert svaext,+UVM_TESTNAME=auto,r1p2,2,384,40.0,uart_loopback_test,uart_loopback_seq,APB3+UART
RUN-002851,dma_burst_test-002851,Dma_Burst,APB3,priority,4,3,0,even,460800,64,1,edge,50,8,16,250,1,ACTIVE,functional,0,16,1,1,UVM_HIGH,1,1,0.0267,-O0 -sv -debug,+UVM_TESTNAME=auto,r2p0,8,768,20.0,dma_burst_test,dma_burst_seq,APB3+UART
RUN-002852,dma_burst_test-002852,Dma_Burst,APB4,priority,8,2,1,none,921600,8,1,edge,25,8,32,250,2,PASSIVE,functional,0,8,1,1,UVM_LOW,0,0,0.0,-O2 -sv -assert svaext,+UVM_TESTNAME=auto,r1p0,2,96,40.0,dma_burst_test,dma_burst_seq,APB4+UART
RUN-002853,parity_stress_test-002853,Parity_Stress,APB3,round_robin,16,2,2,none,460800,8,0,level,50,32,32,250,1,ACTIVE,functional,0,4,1,1,UVM_LOW,0,1,0.0038,-O2 -sv,+UVM_TESTNAME=auto -cm line+tgl,r2p0,10,96,20.0,parity_stress_test,parity_stress_seq,APB3+UART
RUN-002854,irq_storm_test-002854,Irq_Storm,APB3,static,4,4,2,even,1500000,8,1,edge,100,32,32,100,3,ACTIVE,functional,0,8,1,1,UVM_LOW,0,1,0.0269,-O2 -sv,+UVM_TESTNAME=auto -cm line+tgl,r1p2,2,96,10.0,irq_storm_test,irq_storm_seq,APB3+UART
RUN-002855,reg_sweep_test-002855,Reg_Sweep,APB4,priority,2,4,2,none,921600,64,1,level,25,16,16,500,2,ACTIVE,stress,0,16,0,1,UVM_HIGH,0,1,0.0196,-O0 -sv -debug,+UVM_TESTNAME=auto,r1p2,3,768,40.0,reg_sweep_test,reg_sweep_seq,APB4+UART
RUN-002856,parity_stress_test-002856,Parity_Stress,APB3,round_robin,4,5,1,even,115200,32,1,edge,200,32,16,50,3,ACTIVE,regression,1,8,0,1,UVM_LOW,0,1,0.0305,-O0 -sv -debug,+UVM_TESTNAME=auto -cm line+tgl,r1p2,6,384,5.0,parity_stress_test,parity_stress_seq,APB3+UART
RUN-002857,reg_sweep_test-002857,Reg_Sweep,APB4,priority,16,7,0,even,230400,16,0,level,25,8,16,50,1,PASSIVE,functional,0,4,1,1,UVM_HIGH,0,0,0.0,-O2 -sv -assert svaext,+UVM_TESTNAME=auto -cm line+tgl,r1p0,4,192,40.0,reg_sweep_test,reg_sweep_seq,APB4+UART
RUN-002858,backpressure_test-002858,Backpressure,APB4,round_robin,8,4,2,none,921600,32,0,edge,50,32,32,500,1,ACTIVE,stress,0,16,1,1,UVM_LOW,1,0,0.0,-O2 -sv,+UVM_TESTNAME=auto -cm line+tgl,r2p0,10,384,20.0,backpressure_test,backpressure_seq,APB4+UART
RUN-002859,uart_loopback_test-002859,Uart_Loopback,APB3,priority,4,3,4,none,230400,16,1,level,100,32,16,250,2,ACTIVE,functional,0,8,1,1,UVM_MEDIUM,0,0,0.0,-O2 -sv,+UVM_TESTNAME=auto,r1p0,6,192,10.0,uart_loopback_test,uart_loopback_seq,APB3+UART
RUN-002860,uart_loopback_test-002860,Uart_Loopback,APB4,priority,4,5,4,even,230400,8,1,level,100,8,16,50,3,ACTIVE,stress,0,4,1,1,UVM_MEDIUM,0,0,0.0,-O2 -sv -assert svaext,+UVM_TESTNAME=auto,r1p2,10,96,10.0,uart_loopback_test,uart_loopback_seq,APB4+UART
RUN-002861,reg_sweep_test-002861,Reg_Sweep,APB4,round_robin,16,5,1,even,921600,32,1,edge,25,8,32,500,3,ACTIVE,functional,0,8,1,1,UVM_MEDIUM,0,0,0.0,-O2 -sv -assert svaext,+UVM_TESTNAME=auto,r1p0,9,384,40.0,reg_sweep_test,reg_sweep_seq,APB4+UART
RUN-002862,irq_storm_test-002862,Irq_Storm,APB3,round_robin,4,7,2,even,460800,8,1,edge,25,32,16,500,2,ACTIVE,regression,1,16,0,1,UVM_HIGH,0,0,0.0,-O2 -sv -assert svaext,+UVM_TESTNAME=auto,r1p2,9,96,40.0,irq_storm_test,irq_storm_seq,APB3+UART
RUN-002863,parity_stress_test-002863,Parity_Stress,APB4,static,16,7,0,odd,1500000,4,1,edge,200,32,32,500,1,ACTIVE,functional,0,8,1,0,UVM_LOW,0,0,0.0,-O2 -sv,+UVM_TESTNAME=auto,r1p2,6,48,5.0,parity_stress_test,parity_stress_seq,APB4+UART
RUN-002864,dma_burst_test-002864,Dma_Burst,APB3,round_robin,8,5,1,odd,921600,32,1,edge,50,8,32,50,2,ACTIVE,stress,1,8,1,1,UVM_MEDIUM,1,0,0.0,-O2 -sv -assert svaext,+UVM_TESTNAME=auto -cm line+tgl,r1p0,0,384,20.0,dma_burst_test,dma_burst_seq,APB3+UART
RUN-002865,parity_stress_test-002865,Parity_Stress,APB4,priority,4,7,1,even,460800,4,1,level,25,32,16,250,1,ACTIVE,functional,0,4,1,1,UVM_MEDIUM,0,1,0.0278,-O2 -sv,+UVM_TESTNAME=auto -cm line+tgl,r1p2,7,48,40.0,parity_stress_test,parity_stress_seq,APB4+UART
RUN-002866,backpressure_test-002866,Backpressure,APB4,priority,2,0,1,even,460800,64,1,edge,25,16,32,50,3,ACTIVE,functional,0,16,0,1,UVM_MEDIUM,0,1,0.0325,-O2 -sv -assert svaext,+UVM_TESTNAME=auto,r1p0,10,768,40.0,backpressure_test,backpressure_seq,APB4+UART
RUN-002867,irq_storm_test-002867,Irq_Storm,APB4,priority,8,1,2,odd,1500000,16,1,edge,50,8,32,100,1,ACTIVE,functional,0,8,1,1,UVM_LOW,1,1,0.0161,-O2 -sv -assert svaext,+UVM_TESTNAME=auto,r1p2,0,192,20.0,irq_storm_test,irq_storm_seq,APB4+UART
RUN-002868,backpressure_test-002868,Backpressure,APB3,static,16,6,4,odd,230400,4,1,level,25,16,32,50,1,ACTIVE,functional,0,4,1,1,UVM_LOW,0,1,0.0292,-O2 -sv -assert svaext,+UVM_TESTNAME=auto -cm line+tgl,r2p0,8,48,40.0,backpressure_test,backpressure_seq,APB3+UART
RUN-002869,reg_sweep_test-002869,Reg_Sweep,APB3,round_robin,16,7,1,even,230400,16,1,level,200,16,16,100,2,ACTIVE,functional,0,8,1,1,UVM_MEDIUM,0,0,0.0,-O2 -sv -assert svaext,+UVM_TESTNAME=auto -cm line+tgl,r1p0,2,192,5.0,reg_sweep_test,reg_sweep_seq,APB3+UART
RUN-002870,backpressure_test-002870,Backpressure,APB3,round_robin,4,3,0,odd,921600,32,1,level,50,8,32,50,2,ACTIVE,regression,0,8,1,1,UVM_MEDIUM,0,0,0.0,-O2 -sv -assert svaext,+UVM_TESTNAME=auto -cm line+tgl,r1p2,2,384,20.0,backpressure_test,backpressure_seq,APB3+UART
RUN-002871,backpressure_test-002871,Backpressure,APB3,static,2,0,0,none,921600,32,0,level,50,8,32,250,2,ACTIVE,functional,0,4,0,0,UVM_LOW,0,0,0.0,-O2 -sv,+UVM_TESTNAME=auto -cm line+tgl,r1p0,10,384,20.0,backpressure_test,backpressure_seq,APB3+UART
RUN-002872,backpressure_test-002872,Backpressure,APB3,priority,4,6,0,even,460800,16,1,level,100,8,16,250,1,ACTIVE,stress,0,8,0,1,UVM_MEDIUM,0,0,0.0,-O2 -sv,+UVM_TESTNAME=auto,r2p0,9,192,10.0,backpressure_test,backpressure_seq,APB3+UART
RUN-002873,irq_storm_test-002873,Irq_Storm,APB3,priority,4,0,4,none,921600,8,1,level,50,16,32,250,1,ACTIVE,regression,1,8,0,1,UVM_HIGH,1,1,0.0031,-O0 -sv -debug,+UVM_TESTNAME=auto,r1p2,11,96,20.0,irq_storm_test,irq_storm_seq,APB3+UART
RUN-002874,reset_recovery_test-002874,Reset_Recovery,APB4,priority,16,6,1,even,921600,32,1,level,200,32,16,250,1,ACTIVE,regression,0,4,1,1,UVM_MEDIUM,1,1,0.0069,-O2 -sv,+UVM_TESTNAME=auto -cm line+tgl,r1p2,5,384,5.0,reset_recovery_test,reset_recovery_seq,APB4+UART
RUN-002875,uart_loopback_test-002875,Uart_Loopback,APB4,priority,16,7,2,none,115200,32,0,level,50,32,16,100,3,ACTIVE,regression,0,16,1,1,UVM_LOW,0,1,0.0137,-O2 -sv -assert svaext,+UVM_TESTNAME=auto,r1p2,7,384,20.0,uart_loopback_test,uart_loopback_seq,APB4+UART
RUN-002876,backpressure_test-002876,Backpressure,APB3,round_robin,4,5,1,even,115200,32,1,level,100,32,32,50,2,PASSIVE,regression,0,4,1,1,UVM_MEDIUM,1,0,0.0,-O2 -sv -assert svaext,+UVM_TESTNAME=auto,r1p2,3,384,10.0,backpressure_test,backpressure_seq,APB3+UART
RUN-002877,dma_burst_test-002877,Dma_Burst,APB4,round_robin,8,5,2,even,1500000,8,1,edge,50,16,16,50,1,PASSIVE,regression,1,8,0,1,UVM_LOW,0,1,0.0156,-O2 -sv -assert svaext,+UVM_TESTNAME=auto -cm line+tgl,r2p0,8,96,20.0,dma_burst_test,dma_burst_seq,APB4+UART
RUN-002878,reg_sweep_test-002878,Reg_Sweep,APB3,round_robin,4,6,4,even,460800,64,1,level,200,16,32,100,3,ACTIVE,functional,0,4,1,1,UVM_MEDIUM,1,0,0.0,-O2 -sv -assert svaext,+UVM_TESTNAME=auto,r1p2,7,768,5.0,reg_sweep_test,reg_sweep_seq,APB3+UART
RUN-002879,backpressure_test-002879,Backpressure,APB3,priority,4,5,1,none,460800,16,0,level,50,8,16,100,2,PASSIVE,functional,0,16,0,1,UVM_LOW,0,0,0.0,-O0 -sv -debug,+UVM_TESTNAME=auto -cm line+tgl,r1p2,10,192,20.0,backpressure_test,backpressure_seq,APB3+UART
RUN-002880,dma_burst_test-002880,Dma_Burst,APB4,static,8,5,2,odd,460800,16,1,edge,50,16,32,500,1,PASSIVE,functional,0,4,0,1,UVM_HIGH,0,0,0.0,-O2 -sv -assert svaext,+UVM_TESTNAME=auto,r1p0,7,192,20.0,dma_burst_test,dma_burst_seq,APB4+UART
RUN-002881,reg_sweep_test-002881,Reg_Sweep,APB4,round_robin,2,4,1,odd,115200,16,0,edge,100,32,16,250,1,ACTIVE,functional,0,16,1,1,UVM_LOW,1,0,0.0,-O2 -sv -assert svaext,+UVM_TESTNAME=auto -cm line+tgl,r1p2,10,192,10.0,reg_sweep_test,reg_sweep_seq,APB4+UART
RUN-002882,reset_recovery_test-002882,Reset_Recovery,APB4,priority,8,2,0,odd,1500000,4,1,edge,200,8,32,500,1,ACTIVE,functional,0,8,0,1,UVM_LOW,0,1,0.0078,-O2 -sv,+UVM_TESTNAME=auto,r2p0,6,48,5.0,reset_recovery_test,reset_recovery_seq,APB4+UART
RUN-002883,backpressure_test-002883,Backpressure,APB4,round_robin,16,0,2,even,230400,16,0,edge,50,32,16,100,2,ACTIVE,functional,0,16,1,1,UVM_HIGH,0,1,0.0179,-O0 -sv -debug,+UVM_TESTNAME=auto,r1p0,9,192,20.0,backpressure_test,backpressure_seq,APB4+UART
RUN-002884,uart_loopback_test-002884,Uart_Loopback,APB4,static,4,7,1,none,115200,64,0,level,50,8,32,500,3,ACTIVE,regression,0,16,1,1,UVM_LOW,0,1,0.0144,-O2 -sv -assert svaext,+UVM_TESTNAME=auto -cm line+tgl,r1p2,11,768,20.0,uart_loopback_test,uart_loopback_seq,APB4+UART
RUN-002885,uart_loopback_test-002885,Uart_Loopback,APB3,priority,4,5,1,none,115200,16,0,level,25,32,32,100,2,ACTIVE,functional,1,16,1,1,UVM_MEDIUM,1,1,0.0389,-O2 -sv,+UVM_TESTNAME=auto,r1p0,4,192,40.0,uart_loopback_test,uart_loopback_seq,APB3+UART
RUN-002886,reg_sweep_test-002886,Reg_Sweep,APB4,round_robin,4,7,2,none,115200,16,1,level,100,32,16,50,1,ACTIVE,regression,0,8,1,1,UVM_LOW,0,0,0.0,-O0 -sv -debug,+UVM_TESTNAME=auto,r1p2,8,192,10.0,reg_sweep_test,reg_sweep_seq,APB4+UART
RUN-002887,dma_burst_test-002887,Dma_Burst,APB4,priority,16,5,2,odd,460800,32,0,edge,200,32,32,100,2,ACTIVE,stress,0,4,1,1,UVM_LOW,0,1,0.0097,-O2 -sv,+UVM_TESTNAME=auto,r2p0,3,384,5.0,dma_burst_test,dma_burst_seq,APB4+UART
RUN-002888,backpressure_test-002888,Backpressure,APB4,round_robin,4,4,2,odd,921600,16,1,edge,200,32,32,250,2,ACTIVE,stress,0,4,0,1,UVM_LOW,0,0,0.0,-O0 -sv -debug,+UVM_TESTNAME=auto,r2p0,11,192,5.0,backpressure_test,backpressure_seq,APB4+UART
RUN-002889,irq_storm_test-002889,Irq_Storm,APB4,round_robin,8,0,1,even,1500000,32,0,level,25,16,32,50,1,ACTIVE,stress,0,4,1,1,UVM_LOW,0,0,0.0,-O0 -sv -debug,+UVM_TESTNAME=auto -cm line+tgl,r2p0,4,384,40.0,irq_storm_test,irq_storm_seq,APB4+UART
RUN-002890,reg_sweep_test-002890,Reg_Sweep,APB3,static,2,2,0,odd,115200,4,0,edge,25,16,16,100,2,ACTIVE,functional,0,8,1,1,UVM_MEDIUM,0,0,0.0,-O2 -sv,+UVM_TESTNAME=auto,r2p0,9,48,40.0,reg_sweep_test,reg_sweep_seq,APB3+UART
RUN-002891,dma_burst_test-002891,Dma_Burst,APB4,priority,4,0,2,none,1500000,8,0,edge,100,32,32,100,2,ACTIVE,functional,0,4,1,1,UVM_LOW,0,1,0.0226,-O2 -sv,+UVM_TESTNAME=auto,r1p2,11,96,10.0,dma_burst_test,dma_burst_seq,APB4+UART
RUN-002892,backpressure_test-002892,Backpressure,APB3,round_robin,4,5,0,odd,921600,32,1,level,50,16,32,100,1,ACTIVE,stress,0,4,1,0,UVM_LOW,0,0,0.0,-O2 -sv -assert svaext,+UVM_TESTNAME=auto,r2p0,8,384,20.0,backpressure_test,backpressure_seq,APB3+UART
RUN-002893,irq_storm_test-002893,Irq_Storm,APB4,round_robin,4,6,0,odd,460800,32,1,level,50,32,16,50,3,ACTIVE,regression,0,16,1,0,UVM_LOW,0,1,0.0222,-O2 -sv -assert svaext,+UVM_TESTNAME=auto,r1p2,4,384,20.0,irq_storm_test,irq_storm_seq,APB4+UART
RUN-002894,irq_storm_test-002894,Irq_Storm,APB4,priority,2,3,1,odd,230400,64,0,level,50,32,32,100,2,ACTIVE,stress,0,4,1,1,UVM_HIGH,1,1,0.0301,-O2 -sv,+UVM_TESTNAME=auto -cm line+tgl,r1p0,3,768,20.0,irq_storm_test,irq_storm_seq,APB4+UART
RUN-002895,backpressure_test-002895,Backpressure,APB4,round_robin,4,6,0,none,921600,16,0,level,200,32,32,50,1,ACTIVE,regression,0,8,1,0,UVM_MEDIUM,0,0,0.0,-O2 -sv,+UVM_TESTNAME=auto -cm line+tgl,r1p2,4,192,5.0,backpressure_test,backpressure_seq,APB4+UART
RUN-002896,uart_loopback_test-002896,Uart_Loopback,APB3,priority,4,3,0,none,115200,32,1,edge,100,32,32,100,2,ACTIVE,stress,0,8,1,1,UVM_MEDIUM,1,1,0.0091,-O2 -sv -assert svaext,+UVM_TESTNAME=auto -cm line+tgl,r1p2,3,384,10.0,uart_loopback_test,uart_loopback_seq,APB3+UART
RUN-002897,parity_stress_test-002897,Parity_Stress,APB3,priority,8,4,4,odd,115200,16,1,edge,50,32,32,250,1,ACTIVE,stress,0,8,0,1,UVM_MEDIUM,0,0,0.0,-O2 -sv,+UVM_TESTNAME=auto -cm line+tgl,r1p2,0,192,20.0,parity_stress_test,parity_stress_seq,APB3+UART
RUN-002898,uart_loopback_test-002898,Uart_Loopback,APB3,priority,2,7,0,odd,230400,32,0,level,25,32,32,250,1,ACTIVE,functional,0,4,1,0,UVM_LOW,0,0,0.0,-O0 -sv -debug,+UVM_TESTNAME=auto,r1p0,6,384,40.0,uart_loopback_test,uart_loopback_seq,APB3+UART
RUN-002899,reg_sweep_test-002899,Reg_Sweep,APB3,static,16,5,2,even,115200,8,1,edge,50,32,16,100,3,ACTIVE,regression,1,4,1,1,UVM_HIGH,0,1,0.0181,-O2 -sv,+UVM_TESTNAME=auto,r1p0,4,96,20.0,reg_sweep_test,reg_sweep_seq,APB3+UART
RUN-002900,reg_sweep_test-002900,Reg_Sweep,APB3,round_robin,16,3,0,even,115200,8,0,level,200,16,16,250,3,ACTIVE,functional,0,8,1,0,UVM_MEDIUM,1,1,0.018,-O2 -sv -assert svaext,+UVM_TESTNAME=auto -cm line+tgl,r1p0,1,96,5.0,reg_sweep_test,reg_sweep_seq,APB3+UART
RUN-002901,reg_sweep_test-002901,Reg_Sweep,APB3,round_robin,8,7,1,even,921600,8,1,edge,50,16,16,250,1,PASSIVE,regression,0,16,1,1,UVM_HIGH,0,0,0.0,-O0 -sv -debug,+UVM_TESTNAME=auto,r1p2,8,96,20.0,reg_sweep_test,reg_sweep_seq,APB3+UART
RUN-002902,parity_stress_test-002902,Parity_Stress,APB3,static,8,2,2,none,230400,16,0,level,50,16,32,50,1,ACTIVE,regression,0,8,0,1,UVM_MEDIUM,0,1,0.0049,-O2 -sv -assert svaext,+UVM_TESTNAME=auto -cm line+tgl,r1p2,7,192,20.0,parity_stress_test,parity_stress_seq,APB3+UART
RUN-002903,irq_storm_test-002903,Irq_Storm,APB4,round_robin,4,1,1,none,230400,32,1,edge,50,16,32,50,2,ACTIVE,stress,0,4,0,1,UVM_LOW,1,1,0.0159,-O2 -sv -assert svaext,+UVM_TESTNAME=auto,r1p0,8,384,20.0,irq_storm_test,irq_storm_seq,APB4+UART
RUN-002904,parity_stress_test-002904,Parity_Stress,APB4,priority,2,0,0,even,230400,32,1,level,100,32,16,50,1,ACTIVE,stress,0,8,0,1,UVM_MEDIUM,1,1,0.0044,-O2 -sv -assert svaext,+UVM_TESTNAME=auto -cm line+tgl,r1p2,4,384,10.0,parity_stress_test,parity_stress_seq,APB4+UART
RUN-002905,reset_recovery_test-002905,Reset_Recovery,APB3,round_robin,16,1,0,none,460800,16,0,edge,200,16,32,250,2,ACTIVE,stress,0,4,1,1,UVM_MEDIUM,1,1,0.0038,-O2 -sv,+UVM_TESTNAME=auto -cm line+tgl,r2p0,7,192,5.0,reset_recovery_test,reset_recovery_seq,APB3+UART
RUN-002906,uart_loopback_test-002906,Uart_Loopback,APB4,static,2,7,1,none,460800,4,0,level,25,16,32,100,2,ACTIVE,stress,1,8,1,1,UVM_LOW,0,1,0.0219,-O0 -sv -debug,+UVM_TESTNAME=auto,r1p2,6,48,40.0,uart_loopback_test,uart_loopback_seq,APB4+UART
RUN-002907,backpressure_test-002907,Backpressure,APB3,round_robin,4,5,1,odd,230400,8,1,edge,200,32,32,500,1,ACTIVE,stress,0,4,1,1,UVM_LOW,0,0,0.0,-O0 -sv -debug,+UVM_TESTNAME=auto -cm line+tgl,r1p2,3,96,5.0,backpressure_test,backpressure_seq,APB3+UART
RUN-002908,irq_storm_test-002908,Irq_Storm,APB4,static,4,0,2,odd,115200,32,1,edge,100,32,16,500,1,PASSIVE,stress,0,8,1,1,UVM_LOW,0,0,0.0,-O2 -sv,+UVM_TESTNAME=auto -cm line+tgl,r1p0,4,384,10.0,irq_storm_test,irq_storm_seq,APB4+UART
RUN-002909,reset_recovery_test-002909,Reset_Recovery,APB4,static,2,2,0,none,460800,32,1,level,25,32,32,500,1,ACTIVE,stress,0,8,1,1,UVM_LOW,1,0,0.0,-O2 -sv -assert svaext,+UVM_TESTNAME=auto -cm line+tgl,r1p2,5,384,40.0,reset_recovery_test,reset_recovery_seq,APB4+UART
RUN-002910,dma_burst_test-002910,Dma_Burst,APB3,priority,4,4,2,odd,921600,16,1,level,50,32,32,50,1,ACTIVE,functional,0,16,1,1,UVM_MEDIUM,1,1,0.0148,-O2 -sv -assert svaext,+UVM_TESTNAME=auto,r1p2,6,192,20.0,dma_burst_test,dma_burst_seq,APB3+UART
RUN-002911,reset_recovery_test-002911,Reset_Recovery,APB4,round_robin,8,1,1,even,230400,8,1,edge,50,16,16,100,1,PASSIVE,regression,0,8,1,1,UVM_MEDIUM,0,1,0.0133,-O2 -sv -assert svaext,+UVM_TESTNAME=auto,r1p0,2,96,20.0,reset_recovery_test,reset_recovery_seq,APB4+UART
RUN-002912,uart_loopback_test-002912,Uart_Loopback,APB3,priority,8,1,1,none,230400,16,1,edge,200,32,16,50,1,ACTIVE,regression,0,16,1,1,UVM_LOW,0,1,0.0268,-O2 -sv,+UVM_TESTNAME=auto -cm line+tgl,r2p0,9,192,5.0,uart_loopback_test,uart_loopback_seq,APB3+UART
RUN-002913,reg_sweep_test-002913,Reg_Sweep,APB4,priority,8,4,0,even,230400,4,1,edge,200,32,32,50,2,ACTIVE,stress,0,8,0,1,UVM_MEDIUM,0,0,0.0,-O2 -sv,+UVM_TESTNAME=auto,r1p2,10,48,5.0,reg_sweep_test,reg_sweep_seq,APB4+UART
RUN-002914,parity_stress_test-002914,Parity_Stress,APB3,priority,4,2,1,even,921600,32,0,level,100,32,32,100,1,ACTIVE,regression,0,4,1,1,UVM_MEDIUM,0,0,0.0,-O2 -sv,+UVM_TESTNAME=auto,r2p0,0,384,10.0,parity_stress_test,parity_stress_seq,APB3+UART
RUN-002915,backpressure_test-002915,Backpressure,APB3,round_robin,2,1,0,odd,921600,32,1,level,25,32,32,50,2,ACTIVE,stress,0,8,1,0,UVM_MEDIUM,0,0,0.0,-O2 -sv,+UVM_TESTNAME=auto -cm line+tgl,r2p0,11,384,40.0,backpressure_test,backpressure_seq,APB3+UART
RUN-002916,dma_burst_test-002916,Dma_Burst,APB4,round_robin,2,0,2,even,115200,4,0,edge,100,32,16,500,3,ACTIVE,regression,1,8,1,1,UVM_MEDIUM,0,1,0.0328,-O0 -sv -debug,+UVM_TESTNAME=auto,r1p0,4,48,10.0,dma_burst_test,dma_burst_seq,APB4+UART
RUN-002917,reg_sweep_test-002917,Reg_Sweep,APB3,priority,16,2,0,none,115200,64,0,edge,25,32,16,50,3,ACTIVE,regression,0,16,0,1,UVM_MEDIUM,0,0,0.0,-O2 -sv,+UVM_TESTNAME=auto,r1p0,2,768,40.0,reg_sweep_test,reg_sweep_seq,APB3+UART
RUN-002918,backpressure_test-002918,Backpressure,APB3,static,2,2,2,none,921600,32,0,level,25,16,32,500,2,ACTIVE,functional,0,16,1,1,UVM_LOW,0,1,0.0167,-O2 -sv,+UVM_TESTNAME=auto,r1p2,2,384,40.0,backpressure_test,backpressure_seq,APB3+UART
RUN-002919,irq_storm_test-002919,Irq_Storm,APB3,priority,4,1,4,none,460800,32,0,edge,200,32,16,100,2,ACTIVE,functional,0,8,0,1,UVM_LOW,1,1,0.013,-O2 -sv,+UVM_TESTNAME=auto -cm line+tgl,r2p0,3,384,5.0,irq_storm_test,irq_storm_seq,APB3+UART
RUN-002920,dma_burst_test-002920,Dma_Burst,APB3,static,8,6,0,none,230400,32,1,level,200,32,32,50,3,ACTIVE,functional,0,16,1,1,UVM_LOW,0,0,0.0,-O2 -sv,+UVM_TESTNAME=auto,r1p0,9,384,5.0,dma_burst_test,dma_burst_seq,APB3+UART
RUN-002921,parity_stress_test-002921,Parity_Stress,APB3,priority,8,2,2,none,921600,16,0,level,200,32,32,100,1,ACTIVE,regression,1,8,1,0,UVM_LOW,0,1,0.016,-O2 -sv -assert svaext,+UVM_TESTNAME=auto,r1p2,5,192,5.0,parity_stress_test,parity_stress_seq,APB3+UART
RUN-002922,uart_loopback_test-002922,Uart_Loopback,APB4,priority,8,2,0,odd,1500000,8,1,level,100,32,16,100,2,ACTIVE,stress,0,4,1,1,UVM_MEDIUM,0,1,0.0022,-O0 -sv -debug,+UVM_TESTNAME=auto,r1p2,0,96,10.0,uart_loopback_test,uart_loopback_seq,APB4+UART
RUN-002923,reg_sweep_test-002923,Reg_Sweep,APB3,priority,16,6,2,even,230400,8,0,edge,100,32,32,50,1,PASSIVE,regression,0,8,1,1,UVM_MEDIUM,0,1,0.0307,-O2 -sv,+UVM_TESTNAME=auto -cm line+tgl,r1p2,4,96,10.0,reg_sweep_test,reg_sweep_seq,APB3+UART
RUN-002924,reset_recovery_test-002924,Reset_Recovery,APB3,static,2,4,4,none,230400,64,1,edge,100,32,32,100,1,ACTIVE,stress,0,8,1,1,UVM_LOW,0,0,0.0,-O2 -sv,+UVM_TESTNAME=auto,r1p0,8,768,10.0,reset_recovery_test,reset_recovery_seq,APB3+UART
RUN-002925,dma_burst_test-002925,Dma_Burst,APB3,round_robin,4,2,2,odd,1500000,16,1,level,100,16,32,500,1,ACTIVE,stress,0,8,0,1,UVM_MEDIUM,0,0,0.0,-O2 -sv -assert svaext,+UVM_TESTNAME=auto -cm line+tgl,r2p0,11,192,10.0,dma_burst_test,dma_burst_seq,APB3+UART
RUN-002926,reset_recovery_test-002926,Reset_Recovery,APB4,round_robin,4,1,1,odd,1500000,8,0,level,50,8,32,250,1,PASSIVE,functional,0,4,1,1,UVM_MEDIUM,0,1,0.0005,-O2 -sv,+UVM_TESTNAME=auto,r1p0,3,96,20.0,reset_recovery_test,reset_recovery_seq,APB4+UART
RUN-002927,reg_sweep_test-002927,Reg_Sweep,APB3,round_robin,4,4,1,odd,230400,16,1,edge,100,32,32,500,2,ACTIVE,stress,0,4,1,1,UVM_LOW,1,1,0.0322,-O2 -sv,+UVM_TESTNAME=auto,r1p2,4,192,10.0,reg_sweep_test,reg_sweep_seq,APB3+UART
RUN-002928,parity_stress_test-002928,Parity_Stress,APB3,round_robin,2,2,0,none,1500000,16,1,edge,100,32,32,500,2,ACTIVE,functional,0,4,0,1,UVM_MEDIUM,0,0,0.0,-O2 -sv,+UVM_TESTNAME=auto,r2p0,10,192,10.0,parity_stress_test,parity_stress_seq,APB3+UART
RUN-002929,dma_burst_test-002929,Dma_Burst,APB3,round_robin,4,1,2,even,230400,8,1,edge,100,32,32,250,3,PASSIVE,regression,0,8,1,1,UVM_LOW,0,1,0.0193,-O0 -sv -debug,+UVM_TESTNAME=auto -cm line+tgl,r1p2,0,96,10.0,dma_burst_test,dma_burst_seq,APB3+UART
RUN-002930,irq_storm_test-002930,Irq_Storm,APB3,priority,16,1,2,even,230400,32,1,level,50,16,16,250,1,ACTIVE,functional,0,4,0,0,UVM_HIGH,0,1,0.0182,-O0 -sv -debug,+UVM_TESTNAME=auto,r2p0,2,384,20.0,irq_storm_test,irq_storm_seq,APB3+UART
RUN-002931,dma_burst_test-002931,Dma_Burst,APB4,priority,4,7,0,odd,230400,16,1,level,50,32,32,250,1,ACTIVE,functional,0,4,1,1,UVM_LOW,1,0,0.0,-O2 -sv -assert svaext,+UVM_TESTNAME=auto,r1p0,8,192,20.0,dma_burst_test,dma_burst_seq,APB4+UART
RUN-002932,backpressure_test-002932,Backpressure,APB4,priority,2,4,4,even,230400,64,1,edge,50,16,16,100,1,ACTIVE,regression,0,8,0,1,UVM_MEDIUM,0,1,0.0092,-O2 -sv,+UVM_TESTNAME=auto,r1p0,1,768,20.0,backpressure_test,backpressure_seq,APB4+UART
RUN-002933,uart_loopback_test-002933,Uart_Loopback,APB3,priority,8,0,1,none,460800,16,0,edge,200,32,16,50,1,ACTIVE,functional,1,16,0,1,UVM_HIGH,1,0,0.0,-O2 -sv,+UVM_TESTNAME=auto -cm line+tgl,r1p2,8,192,5.0,uart_loopback_test,uart_loopback_seq,APB3+UART
RUN-002934,irq_storm_test-002934,Irq_Storm,APB3,round_robin,2,6,1,odd,230400,8,1,level,200,32,32,50,1,ACTIVE,regression,0,4,1,1,UVM_MEDIUM,1,1,0.0009,-O2 -sv,+UVM_TESTNAME=auto -cm line+tgl,r1p2,0,96,5.0,irq_storm_test,irq_storm_seq,APB3+UART
RUN-002935,backpressure_test-002935,Backpressure,APB3,round_robin,4,4,1,odd,230400,64,0,level,200,32,32,100,1,ACTIVE,functional,0,8,0,1,UVM_HIGH,1,0,0.0,-O2 -sv -assert svaext,+UVM_TESTNAME=auto -cm line+tgl,r1p2,8,768,5.0,backpressure_test,backpressure_seq,APB3+UART
RUN-002936,reg_sweep_test-002936,Reg_Sweep,APB4,static,4,7,0,odd,230400,16,1,level,50,32,32,500,1,ACTIVE,regression,1,8,0,1,UVM_LOW,0,0,0.0,-O2 -sv,+UVM_TESTNAME=auto,r2p0,8,192,20.0,reg_sweep_test,reg_sweep_seq,APB4+UART
RUN-002937,reset_recovery_test-002937,Reset_Recovery,APB4,static,8,6,0,none,115200,16,0,level,50,32,32,500,3,ACTIVE,stress,1,4,1,1,UVM_MEDIUM,0,0,0.0,-O2 -sv,+UVM_TESTNAME=auto -cm line+tgl,r1p2,4,192,20.0,reset_recovery_test,reset_recovery_seq,APB4+UART
RUN-002938,reset_recovery_test-002938,Reset_Recovery,APB3,static,2,7,2,none,115200,8,0,level,25,32,32,250,1,ACTIVE,functional,1,4,0,1,UVM_LOW,0,0,0.0,-O2 -sv -assert svaext,+UVM_TESTNAME=auto,r1p2,6,96,40.0,reset_recovery_test,reset_recovery_seq,APB3+UART
RUN-002939,reset_recovery_test-002939,Reset_Recovery,APB3,priority,2,5,4,odd,460800,16,1,edge,100,8,32,50,1,ACTIVE,regression,0,8,1,0,UVM_MEDIUM,0,1,0.0291,-O2 -sv -assert svaext,+UVM_TESTNAME=auto,r1p2,7,192,10.0,reset_recovery_test,reset_recovery_seq,APB3+UART
RUN-002940,irq_storm_test-002940,Irq_Storm,APB4,round_robin,16,4,1,none,1500000,32,1,level,100,16,16,250,1,ACTIVE,stress,0,4,0,1,UVM_MEDIUM,1,0,0.0,-O2 -sv,+UVM_TESTNAME=auto -cm line+tgl,r1p0,3,384,10.0,irq_storm_test,irq_storm_seq,APB4+UART
RUN-002941,dma_burst_test-002941,Dma_Burst,APB3,static,2,2,2,even,230400,32,0,edge,50,32,16,250,3,ACTIVE,stress,0,8,0,1,UVM_LOW,1,0,0.0,-O0 -sv -debug,+UVM_TESTNAME=auto,r1p0,2,384,20.0,dma_burst_test,dma_burst_seq,APB3+UART
RUN-002942,uart_loopback_test-002942,Uart_Loopback,APB3,static,4,1,2,none,460800,32,1,level,100,32,32,50,3,ACTIVE,functional,0,4,1,1,UVM_LOW,0,1,0.0392,-O2 -sv,+UVM_TESTNAME=auto -cm line+tgl,r1p2,5,384,10.0,uart_loopback_test,uart_loopback_seq,APB3+UART
RUN-002943,reg_sweep_test-002943,Reg_Sweep,APB3,priority,4,6,0,none,230400,16,0,level,25,8,16,100,3,ACTIVE,functional,0,4,1,1,UVM_MEDIUM,1,0,0.0,-O2 -sv -assert svaext,+UVM_TESTNAME=auto,r1p0,0,192,40.0,reg_sweep_test,reg_sweep_seq,APB3+UART
RUN-002944,uart_loopback_test-002944,Uart_Loopback,APB4,priority,4,1,1,even,115200,64,1,level,50,16,32,250,1,ACTIVE,regression,0,8,1,1,UVM_HIGH,0,0,0.0,-O2 -sv,+UVM_TESTNAME=auto,r2p0,0,768,20.0,uart_loopback_test,uart_loopback_seq,APB4+UART
RUN-002945,reg_sweep_test-002945,Reg_Sweep,APB3,priority,4,2,4,odd,230400,32,1,edge,100,32,32,100,2,ACTIVE,regression,0,16,1,1,UVM_MEDIUM,0,0,0.0,-O2 -sv,+UVM_TESTNAME=auto,r1p2,5,384,10.0,reg_sweep_test,reg_sweep_seq,APB3+UART
RUN-002946,irq_storm_test-002946,Irq_Storm,APB3,static,4,2,0,none,230400,64,1,edge,50,16,16,500,1,ACTIVE,functional,0,8,0,1,UVM_LOW,0,0,0.0,-O0 -sv -debug,+UVM_TESTNAME=auto -cm line+tgl,r1p0,10,768,20.0,irq_storm_test,irq_storm_seq,APB3+UART
RUN-002947,reset_recovery_test-002947,Reset_Recovery,APB3,priority,4,2,0,even,921600,8,0,level,50,32,32,100,2,PASSIVE,stress,0,16,0,1,UVM_MEDIUM,0,1,0.0301,-O2 -sv,+UVM_TESTNAME=auto -cm line+tgl,r1p0,6,96,20.0,reset_recovery_test,reset_recovery_seq,APB3+UART
RUN-002948,parity_stress_test-002948,Parity_Stress,APB4,round_robin,8,4,0,even,921600,16,1,level,25,32,32,250,3,ACTIVE,functional,0,8,1,1,UVM_LOW,0,1,0.0314,-O0 -sv -debug,+UVM_TESTNAME=auto,r1p0,0,192,40.0,parity_stress_test,parity_stress_seq,APB4+UART
RUN-002949,uart_loopback_test-002949,Uart_Loopback,APB4,round_robin,4,7,0,odd,1500000,64,0,edge,25,8,32,50,3,PASSIVE,stress,0,16,1,1,UVM_LOW,0,0,0.0,-O2 -sv -assert svaext,+UVM_TESTNAME=auto,r1p0,3,768,40.0,uart_loopback_test,uart_loopback_seq,APB4+UART
RUN-002950,parity_stress_test-002950,Parity_Stress,APB4,priority,2,4,0,even,460800,4,0,level,50,32,16,50,2,ACTIVE,stress,1,8,0,1,UVM_LOW,0,1,0.0358,-O2 -sv -assert svaext,+UVM_TESTNAME=auto,r1p0,4,48,20.0,parity_stress_test,parity_stress_seq,APB4+UART
RUN-002951,reg_sweep_test-002951,Reg_Sweep,APB4,static,8,3,2,even,921600,32,1,level,200,32,32,50,1,ACTIVE,functional,0,8,1,1,UVM_LOW,0,1,0.0368,-O0 -sv -debug,+UVM_TESTNAME=auto -cm line+tgl,r1p0,11,384,5.0,reg_sweep_test,reg_sweep_seq,APB4+UART
RUN-002952,dma_burst_test-002952,Dma_Burst,APB4,priority,2,5,0,even,230400,8,0,edge,200,16,16,50,1,ACTIVE,functional,0,16,0,1,UVM_HIGH,1,1,0.0013,-O0 -sv -debug,+UVM_TESTNAME=auto -cm line+tgl,r2p0,1,96,5.0,dma_burst_test,dma_burst_seq,APB4+UART
RUN-002953,reset_recovery_test-002953,Reset_Recovery,APB3,round_robin,4,5,0,even,115200,4,1,edge,25,32,32,100,1,ACTIVE,functional,0,8,1,1,UVM_LOW,0,0,0.0,-O2 -sv -assert svaext,+UVM_TESTNAME=auto,r1p2,8,48,40.0,reset_recovery_test,reset_recovery_seq,APB3+UART
RUN-002954,parity_stress_test-002954,Parity_Stress,APB3,static,2,7,1,none,921600,32,0,level,200,32,32,250,3,ACTIVE,stress,1,8,1,1,UVM_HIGH,0,0,0.0,-O2 -sv -assert svaext,+UVM_TESTNAME=auto,r1p0,10,384,5.0,parity_stress_test,parity_stress_seq,APB3+UART
RUN-002955,irq_storm_test-002955,Irq_Storm,APB4,round_robin,4,1,1,even,115200,32,0,edge,100,16,32,250,1,ACTIVE,functional,0,16,1,1,UVM_MEDIUM,1,1,0.023,-O2 -sv,+UVM_TESTNAME=auto -cm line+tgl,r1p0,8,384,10.0,irq_storm_test,irq_storm_seq,APB4+UART
RUN-002956,backpressure_test-002956,Backpressure,APB3,static,4,1,1,none,115200,16,0,level,50,32,32,500,1,ACTIVE,regression,0,8,1,0,UVM_HIGH,0,1,0.0353,-O2 -sv,+UVM_TESTNAME=auto -cm line+tgl,r1p2,2,192,20.0,backpressure_test,backpressure_seq,APB3+UART
RUN-002957,irq_storm_test-002957,Irq_Storm,APB4,priority,8,0,2,none,460800,16,1,level,25,32,32,250,1,ACTIVE,regression,0,4,1,1,UVM_MEDIUM,0,0,0.0,-O2 -sv,+UVM_TESTNAME=auto -cm line+tgl,r1p2,10,192,40.0,irq_storm_test,irq_storm_seq,APB4+UART
RUN-002958,dma_burst_test-002958,Dma_Burst,APB4,static,8,0,2,even,230400,32,1,level,100,16,32,100,2,ACTIVE,functional,0,8,1,1,UVM_LOW,0,0,0.0,-O2 -sv,+UVM_TESTNAME=auto -cm line+tgl,r1p0,8,384,10.0,dma_burst_test,dma_burst_seq,APB4+UART
RUN-002959,reg_sweep_test-002959,Reg_Sweep,APB3,priority,4,6,4,none,921600,32,0,level,25,8,32,500,3,PASSIVE,functional,0,4,1,0,UVM_MEDIUM,0,0,0.0,-O2 -sv,+UVM_TESTNAME=auto -cm line+tgl,r2p0,4,384,40.0,reg_sweep_test,reg_sweep_seq,APB3+UART
RUN-002960,irq_storm_test-002960,Irq_Storm,APB3,static,4,2,2,none,921600,64,1,level,25,8,32,100,1,ACTIVE,stress,1,8,0,0,UVM_LOW,0,1,0.0042,-O2 -sv,+UVM_TESTNAME=auto,r1p0,9,768,40.0,irq_storm_test,irq_storm_seq,APB3+UART
RUN-002961,irq_storm_test-002961,Irq_Storm,APB3,priority,4,0,4,odd,115200,32,0,edge,25,32,16,250,1,ACTIVE,regression,0,16,1,1,UVM_MEDIUM,0,0,0.0,-O2 -sv,+UVM_TESTNAME=auto,r1p2,2,384,40.0,irq_storm_test,irq_storm_seq,APB3+UART
RUN-002962,backpressure_test-002962,Backpressure,APB3,round_robin,2,2,1,none,921600,16,0,edge,100,16,32,100,2,ACTIVE,functional,0,4,0,1,UVM_LOW,0,1,0.0115,-O2 -sv -assert svaext,+UVM_TESTNAME=auto,r1p0,8,192,10.0,backpressure_test,backpressure_seq,APB3+UART
RUN-002963,irq_storm_test-002963,Irq_Storm,APB3,priority,2,5,0,even,460800,4,0,level,100,16,32,500,1,ACTIVE,functional,1,4,1,1,UVM_LOW,0,0,0.0,-O2 -sv,+UVM_TESTNAME=auto,r1p2,11,48,10.0,irq_storm_test,irq_storm_seq,APB3+UART
RUN-002964,reset_recovery_test-002964,Reset_Recovery,APB3,round_robin,4,2,2,even,230400,4,1,level,25,16,32,500,3,ACTIVE,regression,0,8,1,1,UVM_MEDIUM,0,0,0.0,-O2 -sv,+UVM_TESTNAME=auto,r1p0,9,48,40.0,reset_recovery_test,reset_recovery_seq,APB3+UART
RUN-002965,irq_storm_test-002965,Irq_Storm,APB3,static,4,3,2,odd,921600,16,0,level,100,32,32,50,1,ACTIVE,stress,0,4,1,1,UVM_MEDIUM,0,0,0.0,-O2 -sv,+UVM_TESTNAME=auto -cm line+tgl,r1p2,7,192,10.0,irq_storm_test,irq_storm_seq,APB3+UART
RUN-002966,reg_sweep_test-002966,Reg_Sweep,APB4,static,16,0,0,none,230400,32,1,level,200,32,32,100,3,ACTIVE,regression,0,8,1,1,UVM_MEDIUM,0,1,0.0348,-O0 -sv -debug,+UVM_TESTNAME=auto,r1p0,6,384,5.0,reg_sweep_test,reg_sweep_seq,APB4+UART
RUN-002967,irq_storm_test-002967,Irq_Storm,APB4,round_robin,2,5,0,odd,1500000,16,1,edge,25,8,16,100,3,ACTIVE,regression,0,8,0,1,UVM_LOW,1,0,0.0,-O2 -sv -assert svaext,+UVM_TESTNAME=auto,r2p0,5,192,40.0,irq_storm_test,irq_storm_seq,APB4+UART
RUN-002968,reset_recovery_test-002968,Reset_Recovery,APB3,round_robin,4,4,1,none,230400,64,1,level,50,8,16,50,1,ACTIVE,stress,0,4,0,1,UVM_MEDIUM,0,1,0.0027,-O2 -sv -assert svaext,+UVM_TESTNAME=auto -cm line+tgl,r2p0,6,768,20.0,reset_recovery_test,reset_recovery_seq,APB3+UART
RUN-002969,reg_sweep_test-002969,Reg_Sweep,APB4,round_robin,8,3,1,none,460800,32,1,level,25,32,16,100,1,ACTIVE,regression,1,8,1,1,UVM_MEDIUM,1,1,0.0378,-O2 -sv,+UVM_TESTNAME=auto -cm line+tgl,r1p2,0,384,40.0,reg_sweep_test,reg_sweep_seq,APB4+UART
RUN-002970,reg_sweep_test-002970,Reg_Sweep,APB4,priority,4,3,2,odd,921600,16,0,level,200,32,16,100,1,ACTIVE,regression,0,8,1,1,UVM_MEDIUM,0,0,0.0,-O0 -sv -debug,+UVM_TESTNAME=auto,r1p0,11,192,5.0,reg_sweep_test,reg_sweep_seq,APB4+UART
RUN-002971,reg_sweep_test-002971,Reg_Sweep,APB4,static,4,1,0,none,115200,4,1,level,50,16,16,50,2,ACTIVE,functional,0,4,1,1,UVM_LOW,0,1,0.0107,-O2 -sv -assert svaext,+UVM_TESTNAME=auto,r2p0,6,48,20.0,reg_sweep_test,reg_sweep_seq,APB4+UART
RUN-002972,irq_storm_test-002972,Irq_Storm,APB3,priority,4,5,0,odd,230400,16,1,level,200,16,16,250,1,ACTIVE,regression,0,16,1,1,UVM_HIGH,1,0,0.0,-O2 -sv,+UVM_TESTNAME=auto -cm line+tgl,r1p0,10,192,5.0,irq_storm_test,irq_storm_seq,APB3+UART
RUN-002973,reg_sweep_test-002973,Reg_Sweep,APB4,priority,2,2,0,even,460800,8,1,edge,100,8,16,100,2,ACTIVE,regression,0,16,0,1,UVM_LOW,0,0,0.0,-O0 -sv -debug,+UVM_TESTNAME=auto,r2p0,6,96,10.0,reg_sweep_test,reg_sweep_seq,APB4+UART
RUN-002974,backpressure_test-002974,Backpressure,APB4,static,8,1,4,even,460800,64,0,level,25,16,32,250,3,ACTIVE,stress,0,8,1,1,UVM_MEDIUM,0,1,0.0198,-O0 -sv -debug,+UVM_TESTNAME=auto -cm line+tgl,r1p0,9,768,40.0,backpressure_test,backpressure_seq,APB4+UART
RUN-002975,backpressure_test-002975,Backpressure,APB3,round_robin,2,6,4,even,115200,32,1,level,50,32,16,250,2,ACTIVE,regression,0,8,0,1,UVM_MEDIUM,0,1,0.0181,-O2 -sv,+UVM_TESTNAME=auto -cm line+tgl,r2p0,2,384,20.0,backpressure_test,backpressure_seq,APB3+UART
RUN-002976,reg_sweep_test-002976,Reg_Sweep,APB4,static,2,0,0,odd,230400,32,1,edge,50,32,32,100,2,ACTIVE,regression,0,4,1,1,UVM_LOW,0,1,0.0111,-O2 -sv,+UVM_TESTNAME=auto,r1p0,9,384,20.0,reg_sweep_test,reg_sweep_seq,APB4+UART
RUN-002977,reset_recovery_test-002977,Reset_Recovery,APB3,static,8,4,4,none,115200,32,0,level,50,16,16,100,1,PASSIVE,functional,1,8,0,1,UVM_HIGH,0,1,0.0321,-O2 -sv -assert svaext,+UVM_TESTNAME=auto,r2p0,4,384,20.0,reset_recovery_test,reset_recovery_seq,APB3+UART
RUN-002978,reset_recovery_test-002978,Reset_Recovery,APB4,static,2,2,1,odd,115200,16,1,level,50,32,32,50,3,ACTIVE,stress,0,4,0,1,UVM_MEDIUM,0,0,0.0,-O2 -sv,+UVM_TESTNAME=auto,r1p0,11,192,20.0,reset_recovery_test,reset_recovery_seq,APB4+UART
RUN-002979,dma_burst_test-002979,Dma_Burst,APB3,static,4,7,0,none,115200,32,1,edge,50,32,32,100,2,ACTIVE,functional,0,4,0,1,UVM_MEDIUM,0,0,0.0,-O2 -sv -assert svaext,+UVM_TESTNAME=auto -cm line+tgl,r1p2,10,384,20.0,dma_burst_test,dma_burst_seq,APB3+UART
RUN-002980,reg_sweep_test-002980,Reg_Sweep,APB4,round_robin,4,1,1,odd,1500000,32,0,level,25,32,32,100,3,ACTIVE,stress,0,8,1,1,UVM_LOW,1,1,0.0173,-O2 -sv,+UVM_TESTNAME=auto,r2p0,9,384,40.0,reg_sweep_test,reg_sweep_seq,APB4+UART
RUN-002981,parity_stress_test-002981,Parity_Stress,APB4,round_robin,2,0,2,odd,1500000,16,0,edge,200,32,32,250,1,ACTIVE,functional,0,8,0,1,UVM_LOW,0,1,0.0139,-O0 -sv -debug,+UVM_TESTNAME=auto,r2p0,11,192,5.0,parity_stress_test,parity_stress_seq,APB4+UART
RUN-002982,reg_sweep_test-002982,Reg_Sweep,APB4,priority,8,7,2,none,115200,32,0,level,25,16,32,250,2,PASSIVE,stress,0,8,1,1,UVM_LOW,0,1,0.0155,-O2 -sv,+UVM_TESTNAME=auto,r2p0,6,384,40.0,reg_sweep_test,reg_sweep_seq,APB4+UART
RUN-002983,reg_sweep_test-002983,Reg_Sweep,APB3,priority,4,3,1,none,460800,64,1,level,25,16,16,500,3,ACTIVE,functional,1,4,1,1,UVM_LOW,0,0,0.0,-O0 -sv -debug,+UVM_TESTNAME=auto,r1p0,0,768,40.0,reg_sweep_test,reg_sweep_seq,APB3+UART
RUN-002984,irq_storm_test-002984,Irq_Storm,APB4,round_robin,8,7,1,none,1500000,8,1,level,100,32,16,100,1,PASSIVE,functional,0,16,1,1,UVM_LOW,0,1,0.0157,-O0 -sv -debug,+UVM_TESTNAME=auto -cm line+tgl,r1p2,8,96,10.0,irq_storm_test,irq_storm_seq,APB4+UART
RUN-002985,parity_stress_test-002985,Parity_Stress,APB4,static,8,1,0,none,921600,32,1,level,25,32,32,250,3,ACTIVE,stress,0,8,1,1,UVM_LOW,0,0,0.0,-O0 -sv -debug,+UVM_TESTNAME=auto,r1p2,7,384,40.0,parity_stress_test,parity_stress_seq,APB4+UART
RUN-002986,parity_stress_test-002986,Parity_Stress,APB4,static,2,0,2,odd,115200,16,0,level,100,16,32,100,2,PASSIVE,functional,0,4,0,1,UVM_LOW,0,1,0.0359,-O0 -sv -debug,+UVM_TESTNAME=auto,r2p0,0,192,10.0,parity_stress_test,parity_stress_seq,APB4+UART
RUN-002987,reg_sweep_test-002987,Reg_Sweep,APB4,static,4,0,1,none,921600,8,1,edge,25,32,32,50,2,ACTIVE,functional,1,8,1,1,UVM_MEDIUM,1,1,0.0187,-O2 -sv,+UVM_TESTNAME=auto -cm line+tgl,r2p0,0,96,40.0,reg_sweep_test,reg_sweep_seq,APB4+UART
RUN-002988,irq_storm_test-002988,Irq_Storm,APB4,static,8,3,0,even,460800,4,1,edge,200,32,32,250,3,ACTIVE,functional,0,16,1,1,UVM_MEDIUM,0,0,0.0,-O2 -sv -assert svaext,+UVM_TESTNAME=auto -cm line+tgl,r1p0,8,48,5.0,irq_storm_test,irq_storm_seq,APB4+UART
RUN-002989,reg_sweep_test-002989,Reg_Sweep,APB4,round_robin,16,5,1,even,921600,8,0,edge,25,16,32,250,1,ACTIVE,stress,0,4,1,1,UVM_MEDIUM,0,0,0.0,-O2 -sv,+UVM_TESTNAME=auto,r1p0,9,96,40.0,reg_sweep_test,reg_sweep_seq,APB4+UART
RUN-002990,dma_burst_test-002990,Dma_Burst,APB4,round_robin,8,6,0,odd,115200,64,1,edge,50,16,32,250,2,PASSIVE,regression,0,8,1,0,UVM_MEDIUM,0,0,0.0,-O2 -sv -assert svaext,+UVM_TESTNAME=auto,r1p0,10,768,20.0,dma_burst_test,dma_burst_seq,APB4+UART
RUN-002991,uart_loopback_test-002991,Uart_Loopback,APB4,static,16,3,2,odd,115200,64,0,edge,100,16,32,250,1,ACTIVE,regression,1,4,1,1,UVM_MEDIUM,1,1,0.0072,-O2 -sv -assert svaext,+UVM_TESTNAME=auto,r2p0,0,768,10.0,uart_loopback_test,uart_loopback_seq,APB4+UART
RUN-002992,reg_sweep_test-002992,Reg_Sweep,APB3,static,2,1,0,none,921600,16,1,edge,25,32,32,100,3,ACTIVE,regression,0,16,0,1,UVM_LOW,0,0,0.0,-O2 -sv -assert svaext,+UVM_TESTNAME=auto -cm line+tgl,r1p2,6,192,40.0,reg_sweep_test,reg_sweep_seq,APB3+UART
RUN-002993,irq_storm_test-002993,Irq_Storm,APB3,round_robin,16,6,4,odd,115200,4,0,level,100,32,32,100,3,ACTIVE,stress,0,16,1,1,UVM_LOW,0,0,0.0,-O2 -sv -assert svaext,+UVM_TESTNAME=auto -cm line+tgl,r2p0,0,48,10.0,irq_storm_test,irq_storm_seq,APB3+UART
RUN-002994,reg_sweep_test-002994,Reg_Sweep,APB3,static,8,1,1,none,921600,64,0,edge,200,32,32,250,1,ACTIVE,regression,0,4,1,1,UVM_MEDIUM,1,1,0.0006,-O2 -sv,+UVM_TESTNAME=auto,r2p0,3,768,5.0,reg_sweep_test,reg_sweep_seq,APB3+UART
RUN-002995,reg_sweep_test-002995,Reg_Sweep,APB4,round_robin,4,0,4,even,921600,4,0,level,25,8,16,250,2,ACTIVE,functional,1,8,1,0,UVM_LOW,1,1,0.0152,-O2 -sv,+UVM_TESTNAME=auto,r1p0,9,48,40.0,reg_sweep_test,reg_sweep_seq,APB4+UART
RUN-002996,dma_burst_test-002996,Dma_Burst,APB4,round_robin,8,5,2,none,460800,16,0,edge,200,32,32,250,1,ACTIVE,functional,0,8,1,1,UVM_LOW,0,0,0.0,-O0 -sv -debug,+UVM_TESTNAME=auto -cm line+tgl,r1p0,9,192,5.0,dma_burst_test,dma_burst_seq,APB4+UART
RUN-002997,irq_storm_test-002997,Irq_Storm,APB3,round_robin,2,2,1,none,115200,32,1,level,100,16,16,50,3,ACTIVE,stress,1,16,1,1,UVM_MEDIUM,0,0,0.0,-O2 -sv -assert svaext,+UVM_TESTNAME=auto,r2p0,8,384,10.0,irq_storm_test,irq_storm_seq,APB3+UART
RUN-002998,reg_sweep_test-002998,Reg_Sweep,APB3,round_robin,4,2,4,none,115200,8,1,level,25,16,32,100,1,ACTIVE,functional,0,8,1,1,UVM_MEDIUM,0,1,0.0168,-O2 -sv,+UVM_TESTNAME=auto,r2p0,3,96,40.0,reg_sweep_test,reg_sweep_seq,APB3+UART
RUN-002999,parity_stress_test-002999,Parity_Stress,APB4,priority,16,4,1,even,460800,4,0,level,50,32,32,500,2,PASSIVE,functional,0,16,1,1,UVM_MEDIUM,1,1,0.0325,-O2 -sv,+UVM_TESTNAME=auto -cm line+tgl,r2p0,3,48,20.0,parity_stress_test,parity_stress_seq,APB4+UART
RUN-003000,backpressure_test-003000,Backpressure,APB3,round_robin,8,7,1,odd,921600,32,0,edge,25,32,16,250,2,ACTIVE,functional,0,4,1,1,UVM_LOW,1,0,0.0,-O0 -sv -debug,+UVM_TESTNAME=auto -cm line+tgl,r1p2,7,384,40.0,backpressure_test,backpressure_seq,APB3+UART
RUN-003001,reg_sweep_test-003001,Reg_Sweep,APB3,priority,8,4,2,none,230400,32,1,level,200,32,16,500,2,ACTIVE,functional,0,4,1,1,UVM_LOW,1,0,0.0,-O2 -sv -assert svaext,+UVM_TESTNAME=auto,r1p2,0,384,5.0,reg_sweep_test,reg_sweep_seq,APB3+UART
RUN-003002,dma_burst_test-003002,Dma_Burst,APB3,round_robin,4,3,4,none,1500000,64,0,edge,50,16,32,250,2,ACTIVE,regression,1,4,1,1,UVM_MEDIUM,1,0,0.0,-O2 -sv -assert svaext,+UVM_TESTNAME=auto,r1p0,10,768,20.0,dma_burst_test,dma_burst_seq,APB3+UART
RUN-003003,backpressure_test-003003,Backpressure,APB3,static,8,3,2,none,230400,64,1,edge,50,32,16,100,2,PASSIVE,regression,1,8,1,1,UVM_LOW,1,1,0.0351,-O2 -sv -assert svaext,+UVM_TESTNAME=auto,r1p0,10,768,20.0,backpressure_test,backpressure_seq,APB3+UART
RUN-003004,backpressure_test-003004,Backpressure,APB3,static,4,4,1,even,460800,64,0,level,25,32,16,50,2,ACTIVE,functional,0,8,1,0,UVM_MEDIUM,0,0,0.0,-O2 -sv,+UVM_TESTNAME=auto -cm line+tgl,r1p2,7,768,40.0,backpressure_test,backpressure_seq,APB3+UART
RUN-003005,parity_stress_test-003005,Parity_Stress,APB4,round_robin,2,2,1,none,115200,16,0,edge,100,16,32,500,1,ACTIVE,functional,0,8,1,1,UVM_HIGH,0,0,0.0,-O2 -sv,+UVM_TESTNAME=auto -cm line+tgl,r1p2,10,192,10.0,parity_stress_test,parity_stress_seq,APB4+UART
RUN-003006,uart_loopback_test-003006,Uart_Loopback,APB3,round_robin,8,4,1,odd,921600,16,1,level,100,32,32,250,2,ACTIVE,functional,1,8,0,1,UVM_MEDIUM,0,0,0.0,-O2 -sv -assert svaext,+UVM_TESTNAME=auto,r1p0,6,192,10.0,uart_loopback_test,uart_loopback_seq,APB3+UART
RUN-003007,reg_sweep_test-003007,Reg_Sweep,APB4,static,2,1,2,odd,230400,4,1,level,50,32,32,500,1,ACTIVE,regression,0,4,1,1,UVM_LOW,0,0,0.0,-O2 -sv -assert svaext,+UVM_TESTNAME=auto,r1p2,8,48,20.0,reg_sweep_test,reg_sweep_seq,APB4+UART
RUN-003008,backpressure_test-003008,Backpressure,APB3,static,2,7,2,even,230400,16,0,edge,50,16,16,100,3,ACTIVE,regression,0,8,1,1,UVM_MEDIUM,0,0,0.0,-O2 -sv,+UVM_TESTNAME=auto,r1p2,5,192,20.0,backpressure_test,backpressure_seq,APB3+UART
RUN-003009,reg_sweep_test-003009,Reg_Sweep,APB4,priority,16,6,1,even,115200,16,1,level,50,8,32,100,1,ACTIVE,stress,0,4,1,1,UVM_MEDIUM,0,0,0.0,-O2 -sv,+UVM_TESTNAME=auto,r1p0,7,192,20.0,reg_sweep_test,reg_sweep_seq,APB4+UART
RUN-003010,parity_stress_test-003010,Parity_Stress,APB3,priority,2,2,2,even,1500000,4,0,level,25,16,16,100,2,ACTIVE,stress,0,16,1,0,UVM_LOW,0,0,0.0,-O2 -sv,+UVM_TESTNAME=auto,r1p2,6,48,40.0,parity_stress_test,parity_stress_seq,APB3+UART
RUN-003011,dma_burst_test-003011,Dma_Burst,APB3,round_robin,2,7,1,none,921600,64,1,edge,25,8,16,100,2,ACTIVE,functional,0,16,1,1,UVM_LOW,0,1,0.0182,-O2 -sv,+UVM_TESTNAME=auto,r1p2,6,768,40.0,dma_burst_test,dma_burst_seq,APB3+UART
RUN-003012,uart_loopback_test-003012,Uart_Loopback,APB4,priority,8,3,1,even,115200,64,0,level,50,16,16,100,2,ACTIVE,regression,0,8,0,1,UVM_LOW,0,0,0.0,-O2 -sv -assert svaext,+UVM_TESTNAME=auto,r1p2,11,768,20.0,uart_loopback_test,uart_loopback_seq,APB4+UART
RUN-003013,backpressure_test-003013,Backpressure,APB3,priority,4,2,4,even,115200,64,0,level,200,8,32,250,2,ACTIVE,stress,0,8,0,1,UVM_LOW,0,1,0.023,-O2 -sv,+UVM_TESTNAME=auto -cm line+tgl,r1p2,0,768,5.0,backpressure_test,backpressure_seq,APB3+UART
RUN-003014,uart_loopback_test-003014,Uart_Loopback,APB4,round_robin,8,7,1,odd,921600,64,0,level,100,8,16,250,2,ACTIVE,functional,1,16,1,0,UVM_LOW,0,0,0.0,-O2 -sv,+UVM_TESTNAME=auto,r1p2,3,768,10.0,uart_loopback_test,uart_loopback_seq,APB4+UART
RUN-003015,uart_loopback_test-003015,Uart_Loopback,APB3,static,2,0,0,none,115200,16,0,edge,25,32,32,500,3,ACTIVE,regression,0,8,1,1,UVM_LOW,0,0,0.0,-O2 -sv -assert svaext,+UVM_TESTNAME=auto,r2p0,1,192,40.0,uart_loopback_test,uart_loopback_seq,APB3+UART
RUN-003016,reg_sweep_test-003016,Reg_Sweep,APB3,round_robin,16,3,4,odd,230400,4,1,level,25,8,32,250,3,ACTIVE,functional,0,4,1,1,UVM_HIGH,0,1,0.0259,-O2 -sv -assert svaext,+UVM_TESTNAME=auto,r1p2,10,48,40.0,reg_sweep_test,reg_sweep_seq,APB3+UART
RUN-003017,reg_sweep_test-003017,Reg_Sweep,APB4,round_robin,2,7,4,none,115200,8,1,edge,100,8,16,500,1,ACTIVE,functional,0,8,0,1,UVM_LOW,0,0,0.0,-O2 -sv -assert svaext,+UVM_TESTNAME=auto,r2p0,11,96,10.0,reg_sweep_test,reg_sweep_seq,APB4+UART
RUN-003018,backpressure_test-003018,Backpressure,APB4,priority,4,1,1,none,115200,32,0,edge,200,16,32,50,3,ACTIVE,stress,0,8,1,1,UVM_LOW,0,1,0.0057,-O2 -sv -assert svaext,+UVM_TESTNAME=auto -cm line+tgl,r1p0,6,384,5.0,backpressure_test,backpressure_seq,APB4+UART
RUN-003019,parity_stress_test-003019,Parity_Stress,APB4,priority,16,7,1,odd,921600,16,0,level,50,16,32,100,1,PASSIVE,functional,0,8,1,1,UVM_LOW,1,1,0.0119,-O2 -sv,+UVM_TESTNAME=auto,r2p0,5,192,20.0,parity_stress_test,parity_stress_seq,APB4+UART
RUN-003020,parity_stress_test-003020,Parity_Stress,APB4,priority,4,3,2,odd,921600,16,0,edge,50,16,32,50,3,ACTIVE,stress,0,8,1,1,UVM_MEDIUM,1,0,0.0,-O2 -sv,+UVM_TESTNAME=auto,r2p0,6,192,20.0,parity_stress_test,parity_stress_seq,APB4+UART
RUN-003021,reset_recovery_test-003021,Reset_Recovery,APB4,static,2,6,2,none,230400,16,1,level,50,8,32,250,1,ACTIVE,stress,0,8,1,1,UVM_HIGH,0,0,0.0,-O2 -sv,+UVM_TESTNAME=auto -cm line+tgl,r1p2,1,192,20.0,reset_recovery_test,reset_recovery_seq,APB4+UART
RUN-003022,parity_stress_test-003022,Parity_Stress,APB4,static,16,6,0,even,460800,16,1,edge,25,8,32,500,2,ACTIVE,regression,0,16,0,0,UVM_HIGH,0,1,0.01,-O2 -sv -assert svaext,+UVM_TESTNAME=auto,r1p0,5,192,40.0,parity_stress_test,parity_stress_seq,APB4+UART
RUN-003023,reg_sweep_test-003023,Reg_Sweep,APB4,round_robin,4,0,2,none,115200,32,1,edge,50,32,16,250,2,ACTIVE,stress,0,4,0,1,UVM_MEDIUM,0,0,0.0,-O0 -sv -debug,+UVM_TESTNAME=auto,r1p2,3,384,20.0,reg_sweep_test,reg_sweep_seq,APB4+UART
RUN-003024,uart_loopback_test-003024,Uart_Loopback,APB4,round_robin,8,5,0,even,230400,32,0,level,50,32,16,100,1,ACTIVE,functional,1,4,0,1,UVM_LOW,0,1,0.0251,-O2 -sv -assert svaext,+UVM_TESTNAME=auto,r1p0,6,384,20.0,uart_loopback_test,uart_loopback_seq,APB4+UART
RUN-003025,reset_recovery_test-003025,Reset_Recovery,APB3,round_robin,8,4,2,even,1500000,64,1,edge,50,16,32,500,1,ACTIVE,functional,1,4,0,1,UVM_LOW,0,1,0.0054,-O2 -sv,+UVM_TESTNAME=auto -cm line+tgl,r1p0,6,768,20.0,reset_recovery_test,reset_recovery_seq,APB3+UART
RUN-003026,reg_sweep_test-003026,Reg_Sweep,APB3,static,2,2,0,odd,115200,8,1,edge,50,8,32,50,1,ACTIVE,stress,0,8,1,1,UVM_LOW,0,0,0.0,-O2 -sv -assert svaext,+UVM_TESTNAME=auto,r1p2,4,96,20.0,reg_sweep_test,reg_sweep_seq,APB3+UART
RUN-003027,dma_burst_test-003027,Dma_Burst,APB4,priority,2,2,1,even,115200,32,1,edge,50,32,32,250,3,ACTIVE,functional,0,8,0,1,UVM_MEDIUM,0,1,0.0128,-O2 -sv -assert svaext,+UVM_TESTNAME=auto -cm line+tgl,r1p0,3,384,20.0,dma_burst_test,dma_burst_seq,APB4+UART
RUN-003028,irq_storm_test-003028,Irq_Storm,APB3,priority,4,0,0,none,1500000,16,0,level,50,32,16,50,1,ACTIVE,functional,1,8,1,1,UVM_MEDIUM,1,0,0.0,-O2 -sv -assert svaext,+UVM_TESTNAME=auto -cm line+tgl,r1p0,8,192,20.0,irq_storm_test,irq_storm_seq,APB3+UART
RUN-003029,dma_burst_test-003029,Dma_Burst,APB4,priority,2,7,0,odd,230400,8,1,level,100,32,32,500,3,ACTIVE,stress,0,8,0,1,UVM_LOW,1,0,0.0,-O2 -sv -assert svaext,+UVM_TESTNAME=auto,r2p0,1,96,10.0,dma_burst_test,dma_burst_seq,APB4+UART
RUN-003030,dma_burst_test-003030,Dma_Burst,APB3,round_robin,2,1,0,none,115200,64,1,level,50,32,32,500,2,ACTIVE,functional,0,8,0,1,UVM_LOW,0,1,0.0217,-O2 -sv,+UVM_TESTNAME=auto -cm line+tgl,r1p2,3,768,20.0,dma_burst_test,dma_burst_seq,APB3+UART
RUN-003031,reset_recovery_test-003031,Reset_Recovery,APB4,round_robin,16,3,2,even,230400,4,1,level,100,16,32,50,2,ACTIVE,stress,0,4,1,1,UVM_LOW,0,0,0.0,-O2 -sv -assert svaext,+UVM_TESTNAME=auto -cm line+tgl,r1p2,1,48,10.0,reset_recovery_test,reset_recovery_seq,APB4+UART
RUN-003032,parity_stress_test-003032,Parity_Stress,APB4,static,4,7,0,even,230400,16,1,edge,50,16,32,500,3,ACTIVE,functional,0,4,1,1,UVM_MEDIUM,0,0,0.0,-O2 -sv -assert svaext,+UVM_TESTNAME=auto,r1p0,2,192,20.0,parity_stress_test,parity_stress_seq,APB4+UART
RUN-003033,reg_sweep_test-003033,Reg_Sweep,APB3,priority,4,0,0,odd,115200,4,1,edge,200,32,32,250,1,ACTIVE,regression,0,8,1,1,UVM_MEDIUM,0,0,0.0,-O2 -sv,+UVM_TESTNAME=auto -cm line+tgl,r2p0,4,48,5.0,reg_sweep_test,reg_sweep_seq,APB3+UART
RUN-003034,irq_storm_test-003034,Irq_Storm,APB4,priority,2,7,1,none,1500000,32,1,edge,25,8,32,500,2,ACTIVE,functional,0,8,0,1,UVM_LOW,0,0,0.0,-O2 -sv -assert svaext,+UVM_TESTNAME=auto,r1p0,9,384,40.0,irq_storm_test,irq_storm_seq,APB4+UART
RUN-003035,irq_storm_test-003035,Irq_Storm,APB4,priority,8,2,1,even,230400,64,1,edge,100,32,32,100,1,ACTIVE,stress,1,16,1,1,UVM_LOW,0,0,0.0,-O0 -sv -debug,+UVM_TESTNAME=auto,r1p2,7,768,10.0,irq_storm_test,irq_storm_seq,APB4+UART
RUN-003036,dma_burst_test-003036,Dma_Burst,APB3,static,4,3,4,even,115200,16,0,edge,100,16,32,250,1,ACTIVE,regression,1,8,1,1,UVM_LOW,0,0,0.0,-O2 -sv,+UVM_TESTNAME=auto,r1p2,6,192,10.0,dma_burst_test,dma_burst_seq,APB3+UART
RUN-003037,reg_sweep_test-003037,Reg_Sweep,APB4,priority,4,4,1,odd,115200,8,1,edge,200,16,32,50,2,ACTIVE,stress,0,8,1,1,UVM_MEDIUM,0,0,0.0,-O2 -sv -assert svaext,+UVM_TESTNAME=auto,r1p2,3,96,5.0,reg_sweep_test,reg_sweep_seq,APB4+UART
RUN-003038,irq_storm_test-003038,Irq_Storm,APB4,round_robin,4,1,4,none,921600,8,0,edge,25,32,16,50,3,ACTIVE,regression,0,8,1,1,UVM_LOW,0,1,0.0145,-O2 -sv,+UVM_TESTNAME=auto -cm line+tgl,r2p0,4,96,40.0,irq_storm_test,irq_storm_seq,APB4+UART
RUN-003039,dma_burst_test-003039,Dma_Burst,APB4,priority,8,4,4,even,115200,16,1,level,25,32,32,250,2,ACTIVE,stress,1,8,1,1,UVM_MEDIUM,0,0,0.0,-O2 -sv,+UVM_TESTNAME=auto,r2p0,5,192,40.0,dma_burst_test,dma_burst_seq,APB4+UART
RUN-003040,reg_sweep_test-003040,Reg_Sweep,APB4,priority,2,5,4,none,460800,8,1,edge,200,32,32,250,2,ACTIVE,stress,0,4,0,1,UVM_LOW,1,1,0.002,-O2 -sv -assert svaext,+UVM_TESTNAME=auto,r1p2,11,96,5.0,reg_sweep_test,reg_sweep_seq,APB4+UART
RUN-003041,uart_loopback_test-003041,Uart_Loopback,APB4,priority,4,3,2,none,460800,32,1,edge,200,16,16,50,1,ACTIVE,stress,0,8,0,0,UVM_LOW,0,1,0.0169,-O0 -sv -debug,+UVM_TESTNAME=auto,r1p0,7,384,5.0,uart_loopback_test,uart_loopback_seq,APB4+UART
RUN-003042,dma_burst_test-003042,Dma_Burst,APB4,round_robin,2,2,1,even,230400,8,0,level,200,16,16,100,2,ACTIVE,regression,0,16,1,1,UVM_LOW,0,0,0.0,-O0 -sv -debug,+UVM_TESTNAME=auto -cm line+tgl,r1p2,2,96,5.0,dma_burst_test,dma_burst_seq,APB4+UART
RUN-003043,irq_storm_test-003043,Irq_Storm,APB4,priority,4,0,1,odd,921600,32,1,edge,50,32,16,100,1,ACTIVE,functional,0,4,1,1,UVM_MEDIUM,0,1,0.0075,-O2 -sv -assert svaext,+UVM_TESTNAME=auto,r1p2,6,384,20.0,irq_storm_test,irq_storm_seq,APB4+UART
RUN-003044,irq_storm_test-003044,Irq_Storm,APB3,round_robin,8,4,1,even,115200,8,0,edge,100,16,32,100,1,ACTIVE,functional,0,8,0,1,UVM_LOW,0,0,0.0,-O2 -sv -assert svaext,+UVM_TESTNAME=auto,r2p0,9,96,10.0,irq_storm_test,irq_storm_seq,APB3+UART
RUN-003045,dma_burst_test-003045,Dma_Burst,APB4,round_robin,4,2,0,even,1500000,16,1,edge,200,32,16,100,3,ACTIVE,functional,0,8,1,1,UVM_HIGH,0,0,0.0,-O2 -sv,+UVM_TESTNAME=auto,r2p0,11,192,5.0,dma_burst_test,dma_burst_seq,APB4+UART
RUN-003046,backpressure_test-003046,Backpressure,APB4,round_robin,16,5,0,even,921600,8,0,edge,100,16,16,500,3,ACTIVE,stress,1,4,1,1,UVM_LOW,0,1,0.0248,-O2 -sv -assert svaext,+UVM_TESTNAME=auto -cm line+tgl,r1p2,6,96,10.0,backpressure_test,backpressure_seq,APB4+UART
RUN-003047,backpressure_test-003047,Backpressure,APB3,round_robin,4,5,1,none,115200,64,0,edge,200,16,32,250,1,ACTIVE,functional,0,8,1,1,UVM_HIGH,0,0,0.0,-O2 -sv -assert svaext,+UVM_TESTNAME=auto,r1p0,5,768,5.0,backpressure_test,backpressure_seq,APB3+UART
RUN-003048,irq_storm_test-003048,Irq_Storm,APB4,priority,8,5,0,even,460800,32,1,edge,200,16,16,100,2,ACTIVE,functional,0,4,0,1,UVM_LOW,0,0,0.0,-O2 -sv -assert svaext,+UVM_TESTNAME=auto,r2p0,0,384,5.0,irq_storm_test,irq_storm_seq,APB4+UART
RUN-003049,dma_burst_test-003049,Dma_Burst,APB4,priority,2,0,1,even,460800,4,1,level,100,32,32,50,3,ACTIVE,functional,0,8,1,0,UVM_MEDIUM,0,0,0.0,-O2 -sv -assert svaext,+UVM_TESTNAME=auto,r1p0,1,48,10.0,dma_burst_test,dma_burst_seq,APB4+UART
RUN-003050,reg_sweep_test-003050,Reg_Sweep,APB4,static,16,7,4,odd,921600,4,1,level,25,16,32,250,1,ACTIVE,functional,0,4,1,1,UVM_MEDIUM,0,0,0.0,-O2 -sv -assert svaext,+UVM_TESTNAME=auto -cm line+tgl,r2p0,1,48,40.0,reg_sweep_test,reg_sweep_seq,APB4+UART
RUN-003051,reg_sweep_test-003051,Reg_Sweep,APB4,priority,2,7,1,even,460800,16,1,edge,50,32,16,500,1,ACTIVE,functional,1,4,1,0,UVM_LOW,1,0,0.0,-O2 -sv,+UVM_TESTNAME=auto,r1p0,1,192,20.0,reg_sweep_test,reg_sweep_seq,APB4+UART
RUN-003052,parity_stress_test-003052,Parity_Stress,APB4,round_robin,4,6,0,even,230400,8,1,level,25,16,32,50,2,ACTIVE,regression,1,4,1,1,UVM_HIGH,0,0,0.0,-O2 -sv,+UVM_TESTNAME=auto,r1p2,4,96,40.0,parity_stress_test,parity_stress_seq,APB4+UART
RUN-003053,irq_storm_test-003053,Irq_Storm,APB4,round_robin,8,1,0,odd,230400,16,1,edge,25,16,32,250,1,ACTIVE,functional,0,8,0,1,UVM_MEDIUM,1,0,0.0,-O2 -sv -assert svaext,+UVM_TESTNAME=auto,r2p0,0,192,40.0,irq_storm_test,irq_storm_seq,APB4+UART
RUN-003054,reg_sweep_test-003054,Reg_Sweep,APB3,round_robin,4,2,1,odd,230400,32,1,level,100,32,16,500,2,ACTIVE,functional,1,8,1,1,UVM_MEDIUM,1,0,0.0,-O0 -sv -debug,+UVM_TESTNAME=auto -cm line+tgl,r1p2,7,384,10.0,reg_sweep_test,reg_sweep_seq,APB3+UART
RUN-003055,backpressure_test-003055,Backpressure,APB3,priority,8,1,0,none,1500000,16,1,edge,100,16,32,500,1,PASSIVE,functional,1,4,1,1,UVM_LOW,0,0,0.0,-O2 -sv -assert svaext,+UVM_TESTNAME=auto -cm line+tgl,r2p0,4,192,10.0,backpressure_test,backpressure_seq,APB3+UART
RUN-003056,dma_burst_test-003056,Dma_Burst,APB4,static,4,5,1,even,230400,64,1,level,200,8,32,250,1,ACTIVE,stress,0,8,1,1,UVM_MEDIUM,0,0,0.0,-O0 -sv -debug,+UVM_TESTNAME=auto,r1p2,0,768,5.0,dma_burst_test,dma_burst_seq,APB4+UART
RUN-003057,reg_sweep_test-003057,Reg_Sweep,APB4,priority,4,2,1,none,460800,16,0,edge,25,32,32,100,2,ACTIVE,functional,0,4,0,1,UVM_LOW,0,1,0.0001,-O2 -sv -assert svaext,+UVM_TESTNAME=auto,r1p2,4,192,40.0,reg_sweep_test,reg_sweep_seq,APB4+UART
RUN-003058,reg_sweep_test-003058,Reg_Sweep,APB4,round_robin,4,0,0,even,115200,8,0,level,25,8,16,500,3,ACTIVE,stress,0,4,0,1,UVM_MEDIUM,0,0,0.0,-O2 -sv -assert svaext,+UVM_TESTNAME=auto,r1p2,7,96,40.0,reg_sweep_test,reg_sweep_seq,APB4+UART
RUN-003059,dma_burst_test-003059,Dma_Burst,APB4,round_robin,4,1,0,none,460800,16,1,level,200,8,16,250,2,ACTIVE,stress,0,4,1,1,UVM_MEDIUM,0,0,0.0,-O0 -sv -debug,+UVM_TESTNAME=auto -cm line+tgl,r1p0,5,192,5.0,dma_burst_test,dma_burst_seq,APB4+UART
RUN-003060,irq_storm_test-003060,Irq_Storm,APB3,round_robin,2,6,2,none,230400,4,0,edge,25,16,32,250,1,ACTIVE,regression,0,4,0,1,UVM_LOW,0,1,0.0323,-O0 -sv -debug,+UVM_TESTNAME=auto,r2p0,10,48,40.0,irq_storm_test,irq_storm_seq,APB3+UART
RUN-003061,parity_stress_test-003061,Parity_Stress,APB4,round_robin,4,0,0,odd,230400,16,1,edge,50,32,32,250,2,ACTIVE,functional,0,8,0,1,UVM_HIGH,0,1,0.0358,-O2 -sv,+UVM_TESTNAME=auto -cm line+tgl,r1p2,0,192,20.0,parity_stress_test,parity_stress_seq,APB4+UART
RUN-003062,reg_sweep_test-003062,Reg_Sweep,APB3,round_robin,2,5,0,even,921600,32,0,edge,25,16,16,500,2,PASSIVE,functional,0,4,1,1,UVM_LOW,0,1,0.018,-O2 -sv,+UVM_TESTNAME=auto -cm line+tgl,r1p2,4,384,40.0,reg_sweep_test,reg_sweep_seq,APB3+UART
RUN-003063,backpressure_test-003063,Backpressure,APB4,round_robin,8,1,2,even,230400,16,1,level,100,8,16,100,2,ACTIVE,regression,0,4,0,1,UVM_LOW,0,0,0.0,-O2 -sv,+UVM_TESTNAME=auto -cm line+tgl,r1p2,5,192,10.0,backpressure_test,backpressure_seq,APB4+UART
RUN-003064,reg_sweep_test-003064,Reg_Sweep,APB4,priority,8,0,1,odd,921600,64,0,level,100,16,32,50,2,ACTIVE,stress,0,4,0,1,UVM_LOW,0,0,0.0,-O2 -sv,+UVM_TESTNAME=auto,r1p2,8,768,10.0,reg_sweep_test,reg_sweep_seq,APB4+UART
RUN-003065,dma_burst_test-003065,Dma_Burst,APB4,priority,4,4,0,even,921600,4,1,edge,50,32,32,100,1,ACTIVE,functional,0,8,1,1,UVM_LOW,1,0,0.0,-O2 -sv,+UVM_TESTNAME=auto -cm line+tgl,r1p2,7,48,20.0,dma_burst_test,dma_burst_seq,APB4+UART
RUN-003066,reset_recovery_test-003066,Reset_Recovery,APB3,round_robin,16,2,0,none,921600,16,1,edge,100,32,16,100,2,ACTIVE,stress,1,4,0,1,UVM_HIGH,0,0,0.0,-O2 -sv,+UVM_TESTNAME=auto,r2p0,9,192,10.0,reset_recovery_test,reset_recovery_seq,APB3+UART
RUN-003067,reset_recovery_test-003067,Reset_Recovery,APB4,round_robin,4,2,2,none,115200,16,0,edge,25,8,32,50,2,ACTIVE,functional,0,16,1,1,UVM_MEDIUM,0,0,0.0,-O2 -sv -assert svaext,+UVM_TESTNAME=auto,r2p0,1,192,40.0,reset_recovery_test,reset_recovery_seq,APB4+UART
RUN-003068,dma_burst_test-003068,Dma_Burst,APB3,round_robin,4,0,0,even,1500000,32,1,level,200,16,16,100,2,ACTIVE,stress,0,16,1,1,UVM_LOW,0,1,0.0019,-O2 -sv,+UVM_TESTNAME=auto -cm line+tgl,r1p2,0,384,5.0,dma_burst_test,dma_burst_seq,APB3+UART
RUN-003069,parity_stress_test-003069,Parity_Stress,APB4,static,4,3,0,odd,115200,16,1,edge,25,32,32,100,2,ACTIVE,regression,0,4,1,1,UVM_LOW,1,0,0.0,-O2 -sv,+UVM_TESTNAME=auto -cm line+tgl,r2p0,4,192,40.0,parity_stress_test,parity_stress_seq,APB4+UART
RUN-003070,backpressure_test-003070,Backpressure,APB4,static,4,7,4,odd,230400,8,1,edge,50,32,32,50,1,ACTIVE,regression,0,8,1,1,UVM_LOW,0,0,0.0,-O2 -sv,+UVM_TESTNAME=auto,r1p2,7,96,20.0,backpressure_test,backpressure_seq,APB4+UART
RUN-003071,uart_loopback_test-003071,Uart_Loopback,APB4,round_robin,2,3,0,odd,460800,4,0,edge,200,16,32,50,2,ACTIVE,regression,0,4,1,1,UVM_MEDIUM,1,0,0.0,-O2 -sv,+UVM_TESTNAME=auto,r1p0,11,48,5.0,uart_loopback_test,uart_loopback_seq,APB4+UART
RUN-003072,reg_sweep_test-003072,Reg_Sweep,APB3,priority,4,3,2,even,230400,32,0,level,50,32,32,100,1,ACTIVE,stress,0,8,1,1,UVM_HIGH,0,0,0.0,-O0 -sv -debug,+UVM_TESTNAME=auto,r1p0,7,384,20.0,reg_sweep_test,reg_sweep_seq,APB3+UART
RUN-003073,backpressure_test-003073,Backpressure,APB3,priority,8,3,0,odd,115200,16,1,edge,25,32,32,100,3,ACTIVE,functional,0,4,1,1,UVM_LOW,0,1,0.038,-O2 -sv,+UVM_TESTNAME=auto,r2p0,10,192,40.0,backpressure_test,backpressure_seq,APB3+UART
RUN-003074,reset_recovery_test-003074,Reset_Recovery,APB3,static,16,0,1,odd,921600,64,1,edge,50,32,32,500,2,ACTIVE,stress,1,8,1,1,UVM_HIGH,0,0,0.0,-O2 -sv,+UVM_TESTNAME=auto,r2p0,6,768,20.0,reset_recovery_test,reset_recovery_seq,APB3+UART
RUN-003075,backpressure_test-003075,Backpressure,APB3,priority,2,4,0,none,921600,8,1,level,200,32,32,100,2,ACTIVE,functional,1,4,1,1,UVM_LOW,0,0,0.0,-O2 -sv,+UVM_TESTNAME=auto,r1p2,0,96,5.0,backpressure_test,backpressure_seq,APB3+UART
RUN-003076,parity_stress_test-003076,Parity_Stress,APB3,static,8,5,1,odd,230400,4,0,level,200,32,16,100,2,ACTIVE,functional,0,4,0,1,UVM_MEDIUM,0,1,0.0061,-O2 -sv,+UVM_TESTNAME=auto -cm line+tgl,r2p0,5,48,5.0,parity_stress_test,parity_stress_seq,APB3+UART
RUN-003077,parity_stress_test-003077,Parity_Stress,APB4,round_robin,4,1,4,odd,230400,16,1,edge,25,8,32,500,1,ACTIVE,regression,0,4,1,1,UVM_MEDIUM,0,0,0.0,-O2 -sv -assert svaext,+UVM_TESTNAME=auto,r1p2,11,192,40.0,parity_stress_test,parity_stress_seq,APB4+UART
RUN-003078,backpressure_test-003078,Backpressure,APB3,priority,8,3,4,even,1500000,32,1,level,25,32,32,250,1,ACTIVE,functional,0,4,1,1,UVM_MEDIUM,0,0,0.0,-O2 -sv,+UVM_TESTNAME=auto,r2p0,5,384,40.0,backpressure_test,backpressure_seq,APB3+UART
RUN-003079,uart_loopback_test-003079,Uart_Loopback,APB4,priority,2,0,1,even,1500000,64,0,edge,100,8,16,100,2,ACTIVE,stress,0,4,1,0,UVM_MEDIUM,1,1,0.0039,-O0 -sv -debug,+UVM_TESTNAME=auto,r1p2,6,768,10.0,uart_loopback_test,uart_loopback_seq,APB4+UART
RUN-003080,reg_sweep_test-003080,Reg_Sweep,APB4,round_robin,2,2,2,odd,921600,8,0,level,25,32,32,50,2,ACTIVE,regression,0,8,1,0,UVM_LOW,0,1,0.0254,-O2 -sv,+UVM_TESTNAME=auto,r1p0,7,96,40.0,reg_sweep_test,reg_sweep_seq,APB4+UART
RUN-003081,reset_recovery_test-003081,Reset_Recovery,APB4,round_robin,16,4,1,even,921600,16,0,level,50,16,32,100,1,ACTIVE,stress,1,16,0,1,UVM_MEDIUM,0,0,0.0,-O2 -sv -assert svaext,+UVM_TESTNAME=auto,r1p0,6,192,20.0,reset_recovery_test,reset_recovery_seq,APB4+UART
RUN-003082,reg_sweep_test-003082,Reg_Sweep,APB3,round_robin,8,5,1,odd,230400,32,1,level,100,16,32,100,2,ACTIVE,stress,0,4,1,1,UVM_LOW,0,0,0.0,-O0 -sv -debug,+UVM_TESTNAME=auto -cm line+tgl,r1p0,3,384,10.0,reg_sweep_test,reg_sweep_seq,APB3+UART
RUN-003083,reg_sweep_test-003083,Reg_Sweep,APB3,static,4,4,1,none,460800,4,1,edge,50,32,32,250,1,PASSIVE,functional,0,4,0,0,UVM_MEDIUM,0,1,0.0232,-O2 -sv -assert svaext,+UVM_TESTNAME=auto -cm line+tgl,r1p2,11,48,20.0,reg_sweep_test,reg_sweep_seq,APB3+UART
RUN-003084,uart_loopback_test-003084,Uart_Loopback,APB3,priority,2,2,2,even,921600,32,0,level,100,32,32,100,2,ACTIVE,stress,0,4,0,1,UVM_HIGH,0,1,0.0389,-O0 -sv -debug,+UVM_TESTNAME=auto -cm line+tgl,r1p2,4,384,10.0,uart_loopback_test,uart_loopback_seq,APB3+UART
RUN-003085,parity_stress_test-003085,Parity_Stress,APB4,priority,16,7,0,none,1500000,4,1,edge,200,32,32,250,1,ACTIVE,stress,0,16,1,1,UVM_MEDIUM,0,0,0.0,-O2 -sv -assert svaext,+UVM_TESTNAME=auto -cm line+tgl,r2p0,1,48,5.0,parity_stress_test,parity_stress_seq,APB4+UART
RUN-003086,dma_burst_test-003086,Dma_Burst,APB3,priority,2,7,2,odd,460800,32,0,level,100,32,16,250,1,PASSIVE,functional,0,4,1,1,UVM_HIGH,0,1,0.0158,-O2 -sv,+UVM_TESTNAME=auto,r2p0,11,384,10.0,dma_burst_test,dma_burst_seq,APB3+UART
RUN-003087,reg_sweep_test-003087,Reg_Sweep,APB3,static,8,1,0,none,230400,8,0,level,200,16,32,250,1,ACTIVE,functional,1,8,1,1,UVM_HIGH,0,1,0.0332,-O2 -sv,+UVM_TESTNAME=auto -cm line+tgl,r2p0,5,96,5.0,reg_sweep_test,reg_sweep_seq,APB3+UART
RUN-003088,irq_storm_test-003088,Irq_Storm,APB3,priority,4,1,1,even,230400,16,0,level,50,32,32,250,1,ACTIVE,functional,0,8,1,1,UVM_LOW,0,0,0.0,-O2 -sv,+UVM_TESTNAME=auto,r2p0,3,192,20.0,irq_storm_test,irq_storm_seq,APB3+UART
RUN-003089,reg_sweep_test-003089,Reg_Sweep,APB3,priority,4,4,0,none,921600,32,1,edge,25,32,32,100,2,ACTIVE,functional,0,8,0,1,UVM_MEDIUM,0,1,0.0182,-O2 -sv,+UVM_TESTNAME=auto -cm line+tgl,r1p0,1,384,40.0,reg_sweep_test,reg_sweep_seq,APB3+UART
RUN-003090,reg_sweep_test-003090,Reg_Sweep,APB4,round_robin,4,7,4,odd,115200,8,1,level,100,32,32,250,1,ACTIVE,stress,0,4,0,0,UVM_MEDIUM,0,1,0.0113,-O0 -sv -debug,+UVM_TESTNAME=auto -cm line+tgl,r1p2,5,96,10.0,reg_sweep_test,reg_sweep_seq,APB4+UART
RUN-003091,irq_storm_test-003091,Irq_Storm,APB3,round_robin,4,1,1,none,921600,32,0,level,200,16,32,50,3,ACTIVE,functional,0,8,1,1,UVM_LOW,0,1,0.004,-O2 -sv -assert svaext,+UVM_TESTNAME=auto -cm line+tgl,r1p2,11,384,5.0,irq_storm_test,irq_storm_seq,APB3+UART
RUN-003092,irq_storm_test-003092,Irq_Storm,APB3,round_robin,16,3,0,even,460800,8,0,edge,100,32,16,50,3,ACTIVE,stress,0,4,1,1,UVM_LOW,1,0,0.0,-O2 -sv -assert svaext,+UVM_TESTNAME=auto -cm line+tgl,r1p0,4,96,10.0,irq_storm_test,irq_storm_seq,APB3+UART
RUN-003093,reg_sweep_test-003093,Reg_Sweep,APB3,static,4,1,1,odd,1500000,32,0,edge,50,8,32,250,3,ACTIVE,functional,0,16,1,1,UVM_LOW,0,0,0.0,-O2 -sv,+UVM_TESTNAME=auto,r2p0,1,384,20.0,reg_sweep_test,reg_sweep_seq,APB3+UART
RUN-003094,dma_burst_test-003094,Dma_Burst,APB3,round_robin,16,0,1,even,1500000,32,0,level,25,16,32,500,1,ACTIVE,functional,0,16,0,1,UVM_LOW,1,1,0.0109,-O2 -sv,+UVM_TESTNAME=auto,r1p0,6,384,40.0,dma_burst_test,dma_burst_seq,APB3+UART
RUN-003095,irq_storm_test-003095,Irq_Storm,APB4,priority,4,6,2,none,921600,64,1,level,25,32,32,50,1,ACTIVE,functional,0,8,1,1,UVM_LOW,0,1,0.0005,-O2 -sv,+UVM_TESTNAME=auto -cm line+tgl,r2p0,8,768,40.0,irq_storm_test,irq_storm_seq,APB4+UART
RUN-003096,reg_sweep_test-003096,Reg_Sweep,APB4,priority,2,5,0,even,230400,32,1,edge,50,16,32,100,1,ACTIVE,stress,0,4,1,1,UVM_MEDIUM,0,1,0.0198,-O2 -sv -assert svaext,+UVM_TESTNAME=auto -cm line+tgl,r1p0,11,384,20.0,reg_sweep_test,reg_sweep_seq,APB4+UART
RUN-003097,parity_stress_test-003097,Parity_Stress,APB4,round_robin,8,2,0,even,921600,32,1,edge,100,8,16,100,3,ACTIVE,regression,0,4,1,0,UVM_LOW,0,0,0.0,-O2 -sv -assert svaext,+UVM_TESTNAME=auto,r1p2,6,384,10.0,parity_stress_test,parity_stress_seq,APB4+UART
RUN-003098,uart_loopback_test-003098,Uart_Loopback,APB4,static,2,5,0,even,1500000,8,1,level,100,32,16,50,2,ACTIVE,regression,0,16,1,1,UVM_LOW,0,0,0.0,-O2 -sv -assert svaext,+UVM_TESTNAME=auto -cm line+tgl,r2p0,11,96,10.0,uart_loopback_test,uart_loopback_seq,APB4+UART
RUN-003099,reg_sweep_test-003099,Reg_Sweep,APB4,priority,4,3,1,odd,115200,32,1,level,100,32,32,50,1,ACTIVE,stress,0,4,1,1,UVM_LOW,0,1,0.0123,-O2 -sv -assert svaext,+UVM_TESTNAME=auto -cm line+tgl,r1p2,7,384,10.0,reg_sweep_test,reg_sweep_seq,APB4+UART
RUN-003100,reset_recovery_test-003100,Reset_Recovery,APB4,static,16,7,0,even,1500000,32,0,edge,100,32,32,100,2,ACTIVE,regression,0,4,1,1,UVM_LOW,0,1,0.0217,-O2 -sv -assert svaext,+UVM_TESTNAME=auto -cm line+tgl,r1p0,1,384,10.0,reset_recovery_test,reset_recovery_seq,APB4+UART
RUN-003101,dma_burst_test-003101,Dma_Burst,APB4,round_robin,2,7,2,odd,921600,32,1,level,100,8,32,100,1,ACTIVE,stress,1,16,1,0,UVM_LOW,1,1,0.015,-O2 -sv,+UVM_TESTNAME=auto,r1p2,0,384,10.0,dma_burst_test,dma_burst_seq,APB4+UART
RUN-003102,irq_storm_test-003102,Irq_Storm,APB4,priority,2,6,4,even,115200,4,0,edge,25,8,32,50,2,PASSIVE,stress,0,4,1,1,UVM_MEDIUM,0,0,0.0,-O2 -sv -assert svaext,+UVM_TESTNAME=auto -cm line+tgl,r1p0,3,48,40.0,irq_storm_test,irq_storm_seq,APB4+UART
RUN-003103,parity_stress_test-003103,Parity_Stress,APB4,priority,4,2,2,even,460800,32,1,edge,100,16,32,250,3,ACTIVE,regression,0,8,1,1,UVM_LOW,0,1,0.0132,-O2 -sv,+UVM_TESTNAME=auto,r1p2,9,384,10.0,parity_stress_test,parity_stress_seq,APB4+UART
RUN-003104,uart_loopback_test-003104,Uart_Loopback,APB4,round_robin,4,4,1,odd,921600,64,0,edge,25,16,16,500,3,ACTIVE,functional,0,8,1,1,UVM_MEDIUM,0,0,0.0,-O2 -sv -assert svaext,+UVM_TESTNAME=auto -cm line+tgl,r1p0,11,768,40.0,uart_loopback_test,uart_loopback_seq,APB4+UART
RUN-003105,uart_loopback_test-003105,Uart_Loopback,APB4,round_robin,8,3,0,none,115200,8,1,edge,100,16,32,50,2,PASSIVE,regression,1,8,1,1,UVM_MEDIUM,0,1,0.0085,-O0 -sv -debug,+UVM_TESTNAME=auto -cm line+tgl,r1p0,9,96,10.0,uart_loopback_test,uart_loopback_seq,APB4+UART
RUN-003106,dma_burst_test-003106,Dma_Burst,APB4,static,8,6,1,odd,115200,64,1,level,25,32,16,250,1,ACTIVE,stress,0,8,0,1,UVM_LOW,0,0,0.0,-O2 -sv -assert svaext,+UVM_TESTNAME=auto -cm line+tgl,r1p0,4,768,40.0,dma_burst_test,dma_burst_seq,APB4+UART
RUN-003107,irq_storm_test-003107,Irq_Storm,APB3,round_robin,4,2,1,even,115200,16,1,edge,50,16,32,250,3,ACTIVE,functional,0,4,1,1,UVM_LOW,1,0,0.0,-O2 -sv -assert svaext,+UVM_TESTNAME=auto,r1p0,0,192,20.0,irq_storm_test,irq_storm_seq,APB3+UART
RUN-003108,reg_sweep_test-003108,Reg_Sweep,APB4,static,4,5,1,odd,460800,8,1,level,100,32,32,100,3,PASSIVE,stress,0,16,0,1,UVM_LOW,0,1,0.0066,-O2 -sv,+UVM_TESTNAME=auto,r1p2,2,96,10.0,reg_sweep_test,reg_sweep_seq,APB4+UART
RUN-003109,uart_loopback_test-003109,Uart_Loopback,APB3,round_robin,4,2,0,even,921600,16,0,level,100,16,32,50,2,ACTIVE,regression,0,4,1,1,UVM_LOW,0,0,0.0,-O0 -sv -debug,+UVM_TESTNAME=auto -cm line+tgl,r1p2,3,192,10.0,uart_loopback_test,uart_loopback_seq,APB3+UART
RUN-003110,backpressure_test-003110,Backpressure,APB4,static,16,3,0,none,230400,32,0,level,100,32,16,500,2,ACTIVE,stress,1,4,1,1,UVM_HIGH,0,0,0.0,-O2 -sv,+UVM_TESTNAME=auto,r1p2,7,384,10.0,backpressure_test,backpressure_seq,APB4+UART
RUN-003111,dma_burst_test-003111,Dma_Burst,APB3,priority,16,0,2,odd,460800,8,1,level,25,8,16,500,2,ACTIVE,functional,0,16,1,0,UVM_LOW,0,0,0.0,-O0 -sv -debug,+UVM_TESTNAME=auto,r1p2,0,96,40.0,dma_burst_test,dma_burst_seq,APB3+UART
RUN-003112,dma_burst_test-003112,Dma_Burst,APB3,priority,8,3,2,none,460800,16,0,level,100,8,32,250,2,ACTIVE,functional,0,8,1,1,UVM_HIGH,0,0,0.0,-O2 -sv -assert svaext,+UVM_TESTNAME=auto -cm line+tgl,r1p2,2,192,10.0,dma_burst_test,dma_burst_seq,APB3+UART
RUN-003113,uart_loopback_test-003113,Uart_Loopback,APB4,round_robin,4,1,0,none,115200,16,1,level,50,32,32,250,3,ACTIVE,functional,1,8,1,1,UVM_MEDIUM,0,1,0.0027,-O2 -sv -assert svaext,+UVM_TESTNAME=auto,r1p2,4,192,20.0,uart_loopback_test,uart_loopback_seq,APB4+UART
RUN-003114,reg_sweep_test-003114,Reg_Sweep,APB4,static,4,3,0,odd,230400,32,0,edge,200,16,16,50,3,ACTIVE,stress,0,8,1,1,UVM_MEDIUM,1,0,0.0,-O2 -sv -assert svaext,+UVM_TESTNAME=auto,r2p0,9,384,5.0,reg_sweep_test,reg_sweep_seq,APB4+UART
RUN-003115,reg_sweep_test-003115,Reg_Sweep,APB3,priority,2,2,1,odd,921600,16,0,level,50,8,16,100,2,ACTIVE,stress,0,8,1,1,UVM_LOW,0,0,0.0,-O0 -sv -debug,+UVM_TESTNAME=auto -cm line+tgl,r1p0,1,192,20.0,reg_sweep_test,reg_sweep_seq,APB3+UART
RUN-003116,dma_burst_test-003116,Dma_Burst,APB4,priority,4,0,1,none,921600,8,1,edge,100,32,32,250,1,ACTIVE,stress,0,8,0,1,UVM_LOW,0,1,0.0189,-O2 -sv -assert svaext,+UVM_TESTNAME=auto,r2p0,6,96,10.0,dma_burst_test,dma_burst_seq,APB4+UART
RUN-003117,irq_storm_test-003117,Irq_Storm,APB3,round_robin,8,6,4,even,921600,4,0,edge,50,16,16,50,2,ACTIVE,regression,1,8,1,1,UVM_LOW,0,1,0.0288,-O2 -sv,+UVM_TESTNAME=auto,r1p2,6,48,20.0,irq_storm_test,irq_storm_seq,APB3+UART
RUN-003118,reg_sweep_test-003118,Reg_Sweep,APB3,static,8,4,0,odd,1500000,16,1,edge,200,32,16,500,1,ACTIVE,regression,1,16,1,1,UVM_LOW,0,1,0.016,-O0 -sv -debug,+UVM_TESTNAME=auto,r1p2,9,192,5.0,reg_sweep_test,reg_sweep_seq,APB3+UART
RUN-003119,reset_recovery_test-003119,Reset_Recovery,APB4,priority,2,3,4,odd,460800,64,0,edge,200,32,32,100,3,ACTIVE,functional,0,8,1,1,UVM_MEDIUM,0,0,0.0,-O2 -sv -assert svaext,+UVM_TESTNAME=auto,r1p0,6,768,5.0,reset_recovery_test,reset_recovery_seq,APB4+UART
RUN-003120,dma_burst_test-003120,Dma_Burst,APB4,round_robin,2,1,0,even,230400,8,0,edge,200,16,32,250,1,ACTIVE,regression,0,8,0,1,UVM_LOW,1,1,0.0091,-O2 -sv -assert svaext,+UVM_TESTNAME=auto,r1p2,8,96,5.0,dma_burst_test,dma_burst_seq,APB4+UART
RUN-003121,reset_recovery_test-003121,Reset_Recovery,APB3,round_robin,8,2,0,none,115200,32,1,level,100,16,32,250,2,ACTIVE,regression,0,8,1,1,UVM_MEDIUM,0,1,0.0014,-O0 -sv -debug,+UVM_TESTNAME=auto -cm line+tgl,r2p0,3,384,10.0,reset_recovery_test,reset_recovery_seq,APB3+UART
RUN-003122,dma_burst_test-003122,Dma_Burst,APB3,static,8,5,4,odd,921600,64,1,edge,50,8,32,50,1,PASSIVE,stress,1,4,0,1,UVM_MEDIUM,1,0,0.0,-O2 -sv -assert svaext,+UVM_TESTNAME=auto -cm line+tgl,r1p0,6,768,20.0,dma_burst_test,dma_burst_seq,APB3+UART
RUN-003123,parity_stress_test-003123,Parity_Stress,APB4,round_robin,2,4,1,none,1500000,16,0,level,25,16,32,500,2,ACTIVE,functional,0,16,1,1,UVM_LOW,0,0,0.0,-O2 -sv,+UVM_TESTNAME=auto -cm line+tgl,r1p0,2,192,40.0,parity_stress_test,parity_stress_seq,APB4+UART
RUN-003124,uart_loopback_test-003124,Uart_Loopback,APB4,static,2,6,1,odd,921600,8,1,edge,25,16,16,50,2,ACTIVE,stress,0,16,0,1,UVM_MEDIUM,1,0,0.0,-O2 -sv,+UVM_TESTNAME=auto -cm line+tgl,r1p0,3,96,40.0,uart_loopback_test,uart_loopback_seq,APB4+UART
RUN-003125,reg_sweep_test-003125,Reg_Sweep,APB3,round_robin,16,2,4,none,230400,8,1,level,25,32,32,250,3,ACTIVE,stress,1,16,1,1,UVM_LOW,0,0,0.0,-O0 -sv -debug,+UVM_TESTNAME=auto,r1p2,6,96,40.0,reg_sweep_test,reg_sweep_seq,APB3+UART
RUN-003126,reg_sweep_test-003126,Reg_Sweep,APB4,priority,8,1,0,none,921600,64,0,level,50,16,32,250,2,ACTIVE,stress,0,16,1,1,UVM_MEDIUM,0,0,0.0,-O2 -sv,+UVM_TESTNAME=auto -cm line+tgl,r1p0,4,768,20.0,reg_sweep_test,reg_sweep_seq,APB4+UART
RUN-003127,uart_loopback_test-003127,Uart_Loopback,APB3,priority,2,0,0,odd,230400,8,0,edge,200,32,16,250,1,ACTIVE,functional,0,16,0,1,UVM_MEDIUM,0,1,0.009,-O2 -sv,+UVM_TESTNAME=auto -cm line+tgl,r1p2,9,96,5.0,uart_loopback_test,uart_loopback_seq,APB3+UART
RUN-003128,reset_recovery_test-003128,Reset_Recovery,APB3,static,4,1,2,odd,230400,32,0,level,100,32,32,100,2,PASSIVE,regression,1,8,1,1,UVM_MEDIUM,1,1,0.0397,-O2 -sv,+UVM_TESTNAME=auto -cm line+tgl,r1p0,9,384,10.0,reset_recovery_test,reset_recovery_seq,APB3+UART
RUN-003129,dma_burst_test-003129,Dma_Burst,APB4,round_robin,2,1,2,none,921600,64,0,level,50,16,32,50,3,ACTIVE,regression,0,4,1,1,UVM_MEDIUM,0,0,0.0,-O2 -sv,+UVM_TESTNAME=auto -cm line+tgl,r1p2,9,768,20.0,dma_burst_test,dma_burst_seq,APB4+UART
RUN-003130,backpressure_test-003130,Backpressure,APB3,priority,8,5,1,none,230400,8,1,edge,100,32,16,500,1,ACTIVE,stress,0,16,1,1,UVM_LOW,1,1,0.0287,-O2 -sv,+UVM_TESTNAME=auto,r1p0,3,96,10.0,backpressure_test,backpressure_seq,APB3+UART
RUN-003131,reset_recovery_test-003131,Reset_Recovery,APB4,round_robin,8,1,2,even,460800,16,1,level,200,32,16,50,1,ACTIVE,stress,0,8,1,1,UVM_MEDIUM,0,1,0.0192,-O2 -sv -assert svaext,+UVM_TESTNAME=auto -cm line+tgl,r1p2,1,192,5.0,reset_recovery_test,reset_recovery_seq,APB4+UART
RUN-003132,reg_sweep_test-003132,Reg_Sweep,APB4,priority,16,3,2,even,460800,4,0,level,200,32,32,100,2,ACTIVE,stress,1,16,1,1,UVM_HIGH,0,0,0.0,-O2 -sv,+UVM_TESTNAME=auto -cm line+tgl,r2p0,11,48,5.0,reg_sweep_test,reg_sweep_seq,APB4+UART
RUN-003133,irq_storm_test-003133,Irq_Storm,APB3,priority,8,7,4,even,1500000,32,1,level,50,32,16,250,1,PASSIVE,regression,0,4,1,1,UVM_HIGH,0,1,0.0102,-O2 -sv,+UVM_TESTNAME=auto -cm line+tgl,r1p2,5,384,20.0,irq_storm_test,irq_storm_seq,APB3+UART
RUN-003134,uart_loopback_test-003134,Uart_Loopback,APB4,priority,4,7,0,odd,230400,4,0,edge,200,8,32,50,1,ACTIVE,functional,0,8,0,1,UVM_MEDIUM,1,0,0.0,-O2 -sv -assert svaext,+UVM_TESTNAME=auto,r1p0,7,48,5.0,uart_loopback_test,uart_loopback_seq,APB4+UART
RUN-003135,dma_burst_test-003135,Dma_Burst,APB4,priority,4,1,2,none,921600,16,0,level,50,8,32,100,1,ACTIVE,functional,0,16,1,1,UVM_LOW,0,0,0.0,-O2 -sv,+UVM_TESTNAME=auto,r2p0,3,192,20.0,dma_burst_test,dma_burst_seq,APB4+UART
RUN-003136,irq_storm_test-003136,Irq_Storm,APB3,static,4,0,1,odd,460800,16,0,edge,50,16,32,250,3,ACTIVE,functional,0,16,1,1,UVM_LOW,1,1,0.0167,-O2 -sv -assert svaext,+UVM_TESTNAME=auto,r1p2,1,192,20.0,irq_storm_test,irq_storm_seq,APB3+UART
RUN-003137,dma_burst_test-003137,Dma_Burst,APB3,priority,8,7,2,none,460800,4,1,edge,25,16,32,100,2,ACTIVE,regression,0,16,1,1,UVM_MEDIUM,1,1,0.0162,-O0 -sv -debug,+UVM_TESTNAME=auto -cm line+tgl,r1p0,3,48,40.0,dma_burst_test,dma_burst_seq,APB3+UART
RUN-003138,reg_sweep_test-003138,Reg_Sweep,APB3,static,2,1,4,none,230400,64,1,edge,100,32,16,100,1,ACTIVE,functional,0,4,1,1,UVM_LOW,1,0,0.0,-O2 -sv,+UVM_TESTNAME=auto,r1p2,1,768,10.0,reg_sweep_test,reg_sweep_seq,APB3+UART
RUN-003139,backpressure_test-003139,Backpressure,APB4,round_robin,4,4,1,even,230400,32,0,level,50,8,32,500,1,ACTIVE,functional,0,16,0,1,UVM_LOW,0,0,0.0,-O2 -sv,+UVM_TESTNAME=auto,r1p2,3,384,20.0,backpressure_test,backpressure_seq,APB4+UART
RUN-003140,parity_stress_test-003140,Parity_Stress,APB3,priority,4,7,1,odd,1500000,64,1,level,100,8,32,500,1,ACTIVE,functional,0,4,0,1,UVM_HIGH,1,0,0.0,-O2 -sv -assert svaext,+UVM_TESTNAME=auto,r1p2,1,768,10.0,parity_stress_test,parity_stress_seq,APB3+UART
RUN-003141,backpressure_test-003141,Backpressure,APB3,static,8,2,1,none,230400,16,1,level,50,32,16,500,1,ACTIVE,stress,0,8,1,1,UVM_MEDIUM,0,0,0.0,-O2 -sv,+UVM_TESTNAME=auto,r1p2,2,192,20.0,backpressure_test,backpressure_seq,APB3+UART
RUN-003142,reg_sweep_test-003142,Reg_Sweep,APB4,static,2,5,0,even,115200,16,1,level,200,32,32,50,2,ACTIVE,stress,0,8,0,1,UVM_LOW,0,1,0.0235,-O2 -sv -assert svaext,+UVM_TESTNAME=auto -cm line+tgl,r2p0,10,192,5.0,reg_sweep_test,reg_sweep_seq,APB4+UART
RUN-003143,uart_loopback_test-003143,Uart_Loopback,APB4,static,4,7,1,none,460800,16,1,level,25,8,32,100,2,ACTIVE,functional,0,16,0,1,UVM_MEDIUM,1,0,0.0,-O2 -sv -assert svaext,+UVM_TESTNAME=auto,r1p0,6,192,40.0,uart_loopback_test,uart_loopback_seq,APB4+UART
RUN-003144,reset_recovery_test-003144,Reset_Recovery,APB4,round_robin,4,1,0,none,921600,32,1,level,100,32,32,100,1,ACTIVE,regression,0,8,1,0,UVM_MEDIUM,1,1,0.0016,-O2 -sv,+UVM_TESTNAME=auto,r2p0,0,384,10.0,reset_recovery_test,reset_recovery_seq,APB4+UART
RUN-003145,irq_storm_test-003145,Irq_Storm,APB4,static,8,7,2,even,115200,16,0,level,100,32,16,250,2,ACTIVE,functional,0,8,1,1,UVM_LOW,0,1,0.0382,-O2 -sv,+UVM_TESTNAME=auto -cm line+tgl,r1p2,6,192,10.0,irq_storm_test,irq_storm_seq,APB4+UART
RUN-003146,irq_storm_test-003146,Irq_Storm,APB3,static,2,4,4,even,230400,8,1,level,25,16,32,250,1,ACTIVE,stress,1,8,0,0,UVM_HIGH,1,1,0.0042,-O2 -sv -assert svaext,+UVM_TESTNAME=auto -cm line+tgl,r2p0,1,96,40.0,irq_storm_test,irq_storm_seq,APB3+UART
RUN-003147,dma_burst_test-003147,Dma_Burst,APB3,static,4,5,0,even,230400,16,0,level,50,32,32,250,2,PASSIVE,functional,0,4,0,1,UVM_MEDIUM,0,0,0.0,-O0 -sv -debug,+UVM_TESTNAME=auto -cm line+tgl,r1p0,4,192,20.0,dma_burst_test,dma_burst_seq,APB3+UART
RUN-003148,uart_loopback_test-003148,Uart_Loopback,APB3,round_robin,8,1,0,none,1500000,32,0,level,50,16,16,100,2,PASSIVE,stress,1,8,1,1,UVM_LOW,0,0,0.0,-O2 -sv -assert svaext,+UVM_TESTNAME=auto,r1p2,0,384,20.0,uart_loopback_test,uart_loopback_seq,APB3+UART
RUN-003149,dma_burst_test-003149,Dma_Burst,APB3,static,4,7,1,even,115200,4,0,edge,200,32,32,250,2,PASSIVE,functional,0,4,1,0,UVM_LOW,0,1,0.002,-O2 -sv,+UVM_TESTNAME=auto,r1p0,0,48,5.0,dma_burst_test,dma_burst_seq,APB3+UART
RUN-003150,irq_storm_test-003150,Irq_Storm,APB4,priority,2,6,1,even,921600,8,1,edge,100,8,16,100,2,ACTIVE,functional,0,4,1,1,UVM_LOW,0,1,0.0293,-O2 -sv -assert svaext,+UVM_TESTNAME=auto -cm line+tgl,r1p2,6,96,10.0,irq_storm_test,irq_storm_seq,APB4+UART
RUN-003151,irq_storm_test-003151,Irq_Storm,APB4,round_robin,4,1,1,even,115200,4,0,level,100,16,32,500,1,ACTIVE,regression,0,16,1,0,UVM_MEDIUM,0,1,0.03,-O2 -sv,+UVM_TESTNAME=auto,r1p2,1,48,10.0,irq_storm_test,irq_storm_seq,APB4+UART
RUN-003152,irq_storm_test-003152,Irq_Storm,APB4,static,4,5,4,odd,460800,32,0,level,100,32,16,500,2,ACTIVE,functional,1,4,1,1,UVM_LOW,0,0,0.0,-O2 -sv -assert svaext,+UVM_TESTNAME=auto,r2p0,0,384,10.0,irq_storm_test,irq_storm_seq,APB4+UART
RUN-003153,backpressure_test-003153,Backpressure,APB4,priority,2,0,2,even,1500000,32,1,edge,100,32,32,500,3,ACTIVE,functional,0,16,1,1,UVM_LOW,0,1,0.0111,-O2 -sv,+UVM_TESTNAME=auto,r1p0,1,384,10.0,backpressure_test,backpressure_seq,APB4+UART
RUN-003154,uart_loopback_test-003154,Uart_Loopback,APB4,static,16,3,2,none,921600,8,1,level,100,32,32,100,2,ACTIVE,regression,0,4,1,1,UVM_LOW,0,0,0.0,-O2 -sv -assert svaext,+UVM_TESTNAME=auto,r1p2,3,96,10.0,uart_loopback_test,uart_loopback_seq,APB4+UART
RUN-003155,backpressure_test-003155,Backpressure,APB4,round_robin,8,7,0,none,460800,8,1,edge,200,16,16,500,2,PASSIVE,stress,1,4,1,1,UVM_LOW,0,0,0.0,-O2 -sv,+UVM_TESTNAME=auto,r2p0,10,96,5.0,backpressure_test,backpressure_seq,APB4+UART
RUN-003156,uart_loopback_test-003156,Uart_Loopback,APB3,static,2,1,0,even,1500000,4,0,edge,50,32,16,250,2,PASSIVE,regression,0,4,1,1,UVM_HIGH,0,0,0.0,-O2 -sv,+UVM_TESTNAME=auto,r1p0,0,48,20.0,uart_loopback_test,uart_loopback_seq,APB3+UART
RUN-003157,uart_loopback_test-003157,Uart_Loopback,APB4,priority,4,1,1,none,115200,4,1,level,100,8,32,250,1,ACTIVE,regression,0,8,1,1,UVM_MEDIUM,0,1,0.0393,-O2 -sv,+UVM_TESTNAME=auto -cm line+tgl,r1p2,11,48,10.0,uart_loopback_test,uart_loopback_seq,APB4+UART
RUN-003158,parity_stress_test-003158,Parity_Stress,APB3,round_robin,8,6,1,odd,921600,32,0,level,25,32,32,100,2,ACTIVE,stress,0,16,1,1,UVM_HIGH,0,1,0.0199,-O2 -sv -assert svaext,+UVM_TESTNAME=auto,r1p0,0,384,40.0,parity_stress_test,parity_stress_seq,APB3+UART
RUN-003159,reg_sweep_test-003159,Reg_Sweep,APB4,static,4,3,0,none,115200,8,1,level,100,32,32,50,2,ACTIVE,regression,0,4,0,0,UVM_MEDIUM,0,1,0.0364,-O2 -sv,+UVM_TESTNAME=auto -cm line+tgl,r1p2,5,96,10.0,reg_sweep_test,reg_sweep_seq,APB4+UART
RUN-003160,dma_burst_test-003160,Dma_Burst,APB4,round_robin,8,1,2,even,230400,16,0,level,100,32,32,250,3,ACTIVE,functional,0,8,1,1,UVM_LOW,0,0,0.0,-O0 -sv -debug,+UVM_TESTNAME=auto -cm line+tgl,r2p0,7,192,10.0,dma_burst_test,dma_burst_seq,APB4+UART
RUN-003161,reg_sweep_test-003161,Reg_Sweep,APB3,priority,8,6,4,even,230400,32,1,level,200,16,16,100,1,PASSIVE,functional,0,8,1,1,UVM_LOW,0,0,0.0,-O2 -sv -assert svaext,+UVM_TESTNAME=auto,r1p2,6,384,5.0,reg_sweep_test,reg_sweep_seq,APB3+UART
RUN-003162,dma_burst_test-003162,Dma_Burst,APB4,priority,4,6,2,odd,1500000,64,1,edge,50,16,16,250,1,ACTIVE,stress,0,16,1,0,UVM_LOW,0,0,0.0,-O2 -sv,+UVM_TESTNAME=auto -cm line+tgl,r2p0,2,768,20.0,dma_burst_test,dma_burst_seq,APB4+UART
RUN-003163,uart_loopback_test-003163,Uart_Loopback,APB4,priority,4,0,0,odd,230400,16,1,level,25,8,16,100,1,ACTIVE,stress,0,4,1,1,UVM_LOW,1,0,0.0,-O2 -sv,+UVM_TESTNAME=auto,r1p2,2,192,40.0,uart_loopback_test,uart_loopback_seq,APB4+UART
RUN-003164,dma_burst_test-003164,Dma_Burst,APB3,round_robin,4,7,1,none,230400,8,1,edge,50,16,32,500,1,ACTIVE,functional,0,8,1,1,UVM_HIGH,1,0,0.0,-O0 -sv -debug,+UVM_TESTNAME=auto,r2p0,2,96,20.0,dma_burst_test,dma_burst_seq,APB3+UART
RUN-003165,reset_recovery_test-003165,Reset_Recovery,APB3,priority,4,5,0,odd,115200,64,0,level,50,16,16,100,3,ACTIVE,regression,0,4,1,0,UVM_MEDIUM,0,1,0.0216,-O2 -sv -assert svaext,+UVM_TESTNAME=auto,r1p0,1,768,20.0,reset_recovery_test,reset_recovery_seq,APB3+UART
RUN-003166,dma_burst_test-003166,Dma_Burst,APB3,static,8,6,0,even,115200,32,1,level,100,32,32,100,2,ACTIVE,stress,0,8,1,1,UVM_HIGH,0,0,0.0,-O2 -sv -assert svaext,+UVM_TESTNAME=auto -cm line+tgl,r1p2,1,384,10.0,dma_burst_test,dma_burst_seq,APB3+UART
RUN-003167,uart_loopback_test-003167,Uart_Loopback,APB3,round_robin,4,2,1,none,460800,16,0,edge,100,8,32,50,3,ACTIVE,functional,0,16,1,1,UVM_LOW,0,0,0.0,-O2 -sv,+UVM_TESTNAME=auto -cm line+tgl,r1p0,9,192,10.0,uart_loopback_test,uart_loopback_seq,APB3+UART
RUN-003168,parity_stress_test-003168,Parity_Stress,APB3,priority,4,5,1,even,230400,16,1,level,100,32,32,250,3,ACTIVE,functional,0,4,0,1,UVM_HIGH,0,1,0.0111,-O2 -sv -assert svaext,+UVM_TESTNAME=auto -cm line+tgl,r1p0,3,192,10.0,parity_stress_test,parity_stress_seq,APB3+UART
RUN-003169,uart_loopback_test-003169,Uart_Loopback,APB4,round_robin,2,5,0,odd,460800,4,1,level,100,8,16,500,2,ACTIVE,regression,0,4,1,1,UVM_MEDIUM,1,0,0.0,-O2 -sv -assert svaext,+UVM_TESTNAME=auto,r2p0,6,48,10.0,uart_loopback_test,uart_loopback_seq,APB4+UART
RUN-003170,irq_storm_test-003170,Irq_Storm,APB4,round_robin,4,7,1,even,1500000,4,0,edge,50,32,16,100,2,ACTIVE,stress,0,16,0,1,UVM_LOW,0,1,0.034,-O2 -sv,+UVM_TESTNAME=auto -cm line+tgl,r2p0,5,48,20.0,irq_storm_test,irq_storm_seq,APB4+UART
RUN-003171,reg_sweep_test-003171,Reg_Sweep,APB4,static,16,1,1,none,921600,32,1,level,25,16,16,500,2,ACTIVE,stress,0,4,1,1,UVM_LOW,0,0,0.0,-O2 -sv,+UVM_TESTNAME=auto -cm line+tgl,r2p0,1,384,40.0,reg_sweep_test,reg_sweep_seq,APB4+UART
RUN-003172,backpressure_test-003172,Backpressure,APB4,static,4,4,0,even,115200,8,0,edge,100,8,16,250,1,ACTIVE,functional,0,16,0,1,UVM_MEDIUM,0,0,0.0,-O2 -sv,+UVM_TESTNAME=auto,r1p2,2,96,10.0,backpressure_test,backpressure_seq,APB4+UART
RUN-003173,dma_burst_test-003173,Dma_Burst,APB3,static,16,4,0,even,115200,32,1,edge,50,32,16,50,1,ACTIVE,regression,0,16,1,1,UVM_LOW,0,0,0.0,-O2 -sv,+UVM_TESTNAME=auto,r1p0,10,384,20.0,dma_burst_test,dma_burst_seq,APB3+UART
RUN-003174,irq_storm_test-003174,Irq_Storm,APB3,static,2,6,2,none,115200,32,1,level,100,8,32,100,1,PASSIVE,regression,1,4,1,1,UVM_MEDIUM,0,1,0.013,-O0 -sv -debug,+UVM_TESTNAME=auto,r1p0,4,384,10.0,irq_storm_test,irq_storm_seq,APB3+UART
RUN-003175,uart_loopback_test-003175,Uart_Loopback,APB3,static,16,0,1,odd,1500000,8,1,level,100,16,16,50,2,ACTIVE,stress,0,8,1,1,UVM_MEDIUM,1,1,0.0328,-O2 -sv -assert svaext,+UVM_TESTNAME=auto,r2p0,6,96,10.0,uart_loopback_test,uart_loopback_seq,APB3+UART
RUN-003176,irq_storm_test-003176,Irq_Storm,APB3,round_robin,2,5,2,odd,230400,8,0,edge,25,8,16,250,1,ACTIVE,stress,0,16,0,1,UVM_LOW,0,0,0.0,-O2 -sv -assert svaext,+UVM_TESTNAME=auto,r1p0,10,96,40.0,irq_storm_test,irq_storm_seq,APB3+UART
RUN-003177,reset_recovery_test-003177,Reset_Recovery,APB3,priority,4,7,0,none,115200,8,0,edge,50,32,32,50,2,ACTIVE,regression,1,4,0,1,UVM_MEDIUM,0,0,0.0,-O2 -sv,+UVM_TESTNAME=auto -cm line+tgl,r2p0,3,96,20.0,reset_recovery_test,reset_recovery_seq,APB3+UART
RUN-003178,reset_recovery_test-003178,Reset_Recovery,APB3,round_robin,4,2,0,odd,230400,16,0,edge,25,32,32,250,1,PASSIVE,functional,1,4,0,1,UVM_MEDIUM,0,0,0.0,-O2 -sv,+UVM_TESTNAME=auto -cm line+tgl,r1p0,10,192,40.0,reset_recovery_test,reset_recovery_seq,APB3+UART
RUN-003179,reg_sweep_test-003179,Reg_Sweep,APB3,priority,2,1,2,odd,921600,32,1,edge,50,16,32,250,2,ACTIVE,functional,1,16,1,0,UVM_MEDIUM,0,0,0.0,-O2 -sv -assert svaext,+UVM_TESTNAME=auto -cm line+tgl,r2p0,6,384,20.0,reg_sweep_test,reg_sweep_seq,APB3+UART
RUN-003180,reg_sweep_test-003180,Reg_Sweep,APB4,priority,2,4,1,none,1500000,32,0,edge,100,32,32,100,2,ACTIVE,regression,1,8,1,1,UVM_MEDIUM,0,0,0.0,-O2 -sv,+UVM_TESTNAME=auto,r1p2,11,384,10.0,reg_sweep_test,reg_sweep_seq,APB4+UART
RUN-003181,uart_loopback_test-003181,Uart_Loopback,APB3,priority,8,0,4,even,921600,32,1,level,100,32,32,100,1,ACTIVE,regression,1,16,1,1,UVM_LOW,0,1,0.0256,-O2 -sv,+UVM_TESTNAME=auto,r1p2,0,384,10.0,uart_loopback_test,uart_loopback_seq,APB3+UART
RUN-003182,backpressure_test-003182,Backpressure,APB4,round_robin,8,0,1,odd,921600,8,1,level,50,16,32,250,2,ACTIVE,stress,0,16,1,1,UVM_MEDIUM,0,0,0.0,-O2 -sv,+UVM_TESTNAME=auto,r2p0,8,96,20.0,backpressure_test,backpressure_seq,APB4+UART
RUN-003183,reg_sweep_test-003183,Reg_Sweep,APB4,round_robin,16,2,0,none,1500000,16,0,level,100,32,32,250,2,ACTIVE,stress,0,16,1,1,UVM_LOW,0,1,0.021,-O0 -sv -debug,+UVM_TESTNAME=auto,r1p2,8,192,10.0,reg_sweep_test,reg_sweep_seq,APB4+UART
RUN-003184,reg_sweep_test-003184,Reg_Sweep,APB4,priority,2,1,0,odd,230400,16,0,edge,100,16,16,50,1,ACTIVE,regression,1,8,0,1,UVM_MEDIUM,0,1,0.0064,-O2 -sv,+UVM_TESTNAME=auto -cm line+tgl,r1p2,2,192,10.0,reg_sweep_test,reg_sweep_seq,APB4+UART
RUN-003185,uart_loopback_test-003185,Uart_Loopback,APB3,priority,8,3,1,none,460800,64,1,edge,50,8,16,100,3,ACTIVE,regression,1,8,1,1,UVM_HIGH,0,1,0.0394,-O2 -sv -assert svaext,+UVM_TESTNAME=auto -cm line+tgl,r2p0,4,768,20.0,uart_loopback_test,uart_loopback_seq,APB3+UART
RUN-003186,reg_sweep_test-003186,Reg_Sweep,APB4,priority,4,0,0,even,921600,4,1,edge,200,32,32,500,1,PASSIVE,functional,0,4,0,1,UVM_LOW,1,0,0.0,-O2 -sv,+UVM_TESTNAME=auto -cm line+tgl,r2p0,11,48,5.0,reg_sweep_test,reg_sweep_seq,APB4+UART
RUN-003187,backpressure_test-003187,Backpressure,APB4,static,8,5,2,odd,921600,32,1,level,50,32,32,250,1,ACTIVE,regression,1,16,1,1,UVM_MEDIUM,0,1,0.0031,-O2 -sv -assert svaext,+UVM_TESTNAME=auto,r1p0,4,384,20.0,backpressure_test,backpressure_seq,APB4+UART
RUN-003188,dma_burst_test-003188,Dma_Burst,APB4,priority,4,5,0,odd,115200,32,1,level,100,32,16,50,1,ACTIVE,functional,0,16,1,1,UVM_MEDIUM,0,0,0.0,-O2 -sv,+UVM_TESTNAME=auto -cm line+tgl,r1p0,4,384,10.0,dma_burst_test,dma_burst_seq,APB4+UART
RUN-003189,irq_storm_test-003189,Irq_Storm,APB3,round_robin,8,7,4,odd,921600,64,0,level,100,32,32,500,3,ACTIVE,stress,0,16,1,1,UVM_MEDIUM,0,1,0.0396,-O2 -sv -assert svaext,+UVM_TESTNAME=auto,r1p2,4,768,10.0,irq_storm_test,irq_storm_seq,APB3+UART
RUN-003190,backpressure_test-003190,Backpressure,APB4,round_robin,4,3,0,none,230400,8,1,level,200,16,32,50,1,ACTIVE,functional,0,4,1,1,UVM_LOW,1,0,0.0,-O2 -sv -assert svaext,+UVM_TESTNAME=auto,r1p2,1,96,5.0,backpressure_test,backpressure_seq,APB4+UART
RUN-003191,reg_sweep_test-003191,Reg_Sweep,APB4,round_robin,4,7,4,none,115200,16,0,level,200,32,16,250,1,ACTIVE,regression,0,4,0,1,UVM_MEDIUM,1,0,0.0,-O2 -sv -assert svaext,+UVM_TESTNAME=auto,r2p0,4,192,5.0,reg_sweep_test,reg_sweep_seq,APB4+UART
RUN-003192,dma_burst_test-003192,Dma_Burst,APB4,static,4,4,4,none,115200,4,1,edge,50,8,16,100,2,ACTIVE,stress,0,4,1,1,UVM_MEDIUM,1,0,0.0,-O2 -sv -assert svaext,+UVM_TESTNAME=auto,r2p0,0,48,20.0,dma_burst_test,dma_burst_seq,APB4+UART
RUN-003193,uart_loopback_test-003193,Uart_Loopback,APB4,static,16,6,1,odd,115200,32,1,level,50,32,32,100,3,ACTIVE,regression,0,4,1,1,UVM_MEDIUM,0,0,0.0,-O0 -sv -debug,+UVM_TESTNAME=auto,r1p2,1,384,20.0,uart_loopback_test,uart_loopback_seq,APB4+UART
RUN-003194,dma_burst_test-003194,Dma_Burst,APB4,static,16,0,0,none,115200,8,0,level,100,8,16,50,2,ACTIVE,stress,0,16,1,1,UVM_HIGH,0,1,0.0066,-O2 -sv,+UVM_TESTNAME=auto -cm line+tgl,r2p0,1,96,10.0,dma_burst_test,dma_burst_seq,APB4+UART
RUN-003195,reg_sweep_test-003195,Reg_Sweep,APB3,round_robin,4,4,2,odd,230400,16,0,level,100,32,32,50,2,ACTIVE,regression,0,8,1,1,UVM_LOW,1,0,0.0,-O0 -sv -debug,+UVM_TESTNAME=auto -cm line+tgl,r1p0,6,192,10.0,reg_sweep_test,reg_sweep_seq,APB3+UART
RUN-003196,backpressure_test-003196,Backpressure,APB4,round_robin,8,5,2,none,921600,32,1,level,100,8,32,50,1,ACTIVE,stress,0,4,1,1,UVM_LOW,0,0,0.0,-O2 -sv,+UVM_TESTNAME=auto -cm line+tgl,r2p0,4,384,10.0,backpressure_test,backpressure_seq,APB4+UART
RUN-003197,dma_burst_test-003197,Dma_Burst,APB4,round_robin,8,3,1,even,115200,16,0,edge,200,32,32,500,1,PASSIVE,regression,0,8,1,1,UVM_LOW,0,0,0.0,-O2 -sv,+UVM_TESTNAME=auto,r2p0,6,192,5.0,dma_burst_test,dma_burst_seq,APB4+UART
RUN-003198,uart_loopback_test-003198,Uart_Loopback,APB4,static,2,3,1,none,230400,32,1,level,25,32,32,250,2,ACTIVE,functional,0,16,0,1,UVM_LOW,0,0,0.0,-O2 -sv -assert svaext,+UVM_TESTNAME=auto,r1p2,10,384,40.0,uart_loopback_test,uart_loopback_seq,APB4+UART
RUN-003199,irq_storm_test-003199,Irq_Storm,APB4,round_robin,2,0,2,even,921600,32,0,level,25,16,32,500,3,ACTIVE,functional,0,16,1,1,UVM_LOW,0,1,0.0333,-O0 -sv -debug,+UVM_TESTNAME=auto,r2p0,6,384,40.0,irq_storm_test,irq_storm_seq,APB4+UART
RUN-003200,irq_storm_test-003200,Irq_Storm,APB4,round_robin,2,5,2,even,115200,16,1,edge,100,8,16,500,1,PASSIVE,stress,1,16,1,1,UVM_LOW,0,1,0.0298,-O2 -sv -assert svaext,+UVM_TESTNAME=auto -cm line+tgl,r2p0,0,192,10.0,irq_storm_test,irq_storm_seq,APB4+UART
RUN-003201,uart_loopback_test-003201,Uart_Loopback,APB4,static,8,6,4,odd,115200,64,0,edge,100,16,16,500,2,ACTIVE,stress,0,8,0,1,UVM_MEDIUM,0,0,0.0,-O2 -sv -assert svaext,+UVM_TESTNAME=auto -cm line+tgl,r1p0,0,768,10.0,uart_loopback_test,uart_loopback_seq,APB4+UART
RUN-003202,parity_stress_test-003202,Parity_Stress,APB3,static,8,3,2,none,460800,8,0,level,100,32,16,100,3,ACTIVE,stress,1,4,1,1,UVM_HIGH,1,1,0.0215,-O2 -sv,+UVM_TESTNAME=auto,r1p2,5,96,10.0,parity_stress_test,parity_stress_seq,APB3+UART
RUN-003203,uart_loopback_test-003203,Uart_Loopback,APB3,round_robin,8,6,2,none,115200,64,0,edge,100,32,16,50,1,ACTIVE,regression,0,8,1,1,UVM_LOW,0,0,0.0,-O2 -sv -assert svaext,+UVM_TESTNAME=auto,r2p0,10,768,10.0,uart_loopback_test,uart_loopback_seq,APB3+UART
RUN-003204,parity_stress_test-003204,Parity_Stress,APB3,round_robin,2,5,0,odd,921600,32,1,level,200,16,32,250,2,ACTIVE,regression,0,8,0,1,UVM_MEDIUM,0,0,0.0,-O2 -sv,+UVM_TESTNAME=auto,r1p2,11,384,5.0,parity_stress_test,parity_stress_seq,APB3+UART
RUN-003205,backpressure_test-003205,Backpressure,APB3,priority,4,3,2,none,115200,32,0,level,50,32,32,250,3,ACTIVE,functional,0,16,1,1,UVM_HIGH,0,1,0.0156,-O2 -sv -assert svaext,+UVM_TESTNAME=auto,r2p0,6,384,20.0,backpressure_test,backpressure_seq,APB3+UART
RUN-003206,dma_burst_test-003206,Dma_Burst,APB4,round_robin,2,7,4,none,115200,4,1,edge,100,32,32,50,3,ACTIVE,functional,0,8,0,1,UVM_MEDIUM,1,0,0.0,-O2 -sv,+UVM_TESTNAME=auto -cm line+tgl,r2p0,7,48,10.0,dma_burst_test,dma_burst_seq,APB4+UART
RUN-003207,reset_recovery_test-003207,Reset_Recovery,APB4,round_robin,8,7,4,even,230400,16,1,level,200,16,16,50,3,ACTIVE,functional,0,4,1,1,UVM_LOW,0,0,0.0,-O2 -sv,+UVM_TESTNAME=auto,r2p0,0,192,5.0,reset_recovery_test,reset_recovery_seq,APB4+UART
RUN-003208,reg_sweep_test-003208,Reg_Sweep,APB3,static,2,7,4,none,921600,32,0,edge,50,32,32,500,1,ACTIVE,functional,0,8,1,1,UVM_LOW,0,1,0.0328,-O0 -sv -debug,+UVM_TESTNAME=auto,r1p0,2,384,20.0,reg_sweep_test,reg_sweep_seq,APB3+UART
RUN-003209,dma_burst_test-003209,Dma_Burst,APB3,priority,4,4,4,none,230400,16,1,level,25,32,16,500,1,ACTIVE,stress,0,16,0,1,UVM_MEDIUM,1,1,0.0218,-O0 -sv -debug,+UVM_TESTNAME=auto,r2p0,6,192,40.0,dma_burst_test,dma_burst_seq,APB3+UART
RUN-003210,dma_burst_test-003210,Dma_Burst,APB4,round_robin,2,7,1,odd,921600,32,0,edge,25,16,32,250,3,ACTIVE,stress,0,16,1,1,UVM_MEDIUM,1,0,0.0,-O2 -sv -assert svaext,+UVM_TESTNAME=auto -cm line+tgl,r1p2,7,384,40.0,dma_burst_test,dma_burst_seq,APB4+UART
RUN-003211,reset_recovery_test-003211,Reset_Recovery,APB3,round_robin,4,3,0,odd,230400,8,1,level,25,16,32,500,2,PASSIVE,functional,0,4,0,1,UVM_MEDIUM,1,1,0.034,-O0 -sv -debug,+UVM_TESTNAME=auto,r1p2,2,96,40.0,reset_recovery_test,reset_recovery_seq,APB3+UART
RUN-003212,reset_recovery_test-003212,Reset_Recovery,APB3,static,4,2,1,even,115200,16,0,edge,50,8,32,250,2,ACTIVE,stress,0,8,0,1,UVM_LOW,0,0,0.0,-O2 -sv,+UVM_TESTNAME=auto -cm line+tgl,r2p0,8,192,20.0,reset_recovery_test,reset_recovery_seq,APB3+UART
RUN-003213,reg_sweep_test-003213,Reg_Sweep,APB4,round_robin,16,4,0,none,921600,32,1,level,200,16,32,50,2,ACTIVE,regression,0,8,1,1,UVM_MEDIUM,0,1,0.0244,-O0 -sv -debug,+UVM_TESTNAME=auto,r1p2,4,384,5.0,reg_sweep_test,reg_sweep_seq,APB4+UART
RUN-003214,parity_stress_test-003214,Parity_Stress,APB3,static,8,7,0,odd,230400,64,0,level,100,16,16,50,1,ACTIVE,functional,0,8,1,1,UVM_LOW,0,0,0.0,-O2 -sv,+UVM_TESTNAME=auto,r1p2,8,768,10.0,parity_stress_test,parity_stress_seq,APB3+UART
RUN-003215,reset_recovery_test-003215,Reset_Recovery,APB3,round_robin,2,3,1,none,115200,8,0,level,25,8,32,50,2,ACTIVE,stress,0,16,1,1,UVM_MEDIUM,0,0,0.0,-O0 -sv -debug,+UVM_TESTNAME=auto -cm line+tgl,r2p0,11,96,40.0,reset_recovery_test,reset_recovery_seq,APB3+UART
RUN-003216,dma_burst_test-003216,Dma_Burst,APB4,static,4,2,1,odd,115200,64,0,level,25,32,32,50,2,ACTIVE,stress,0,4,1,1,UVM_MEDIUM,1,1,0.019,-O2 -sv -assert svaext,+UVM_TESTNAME=auto,r1p2,8,768,40.0,dma_burst_test,dma_burst_seq,APB4+UART
RUN-003217,parity_stress_test-003217,Parity_Stress,APB3,round_robin,2,2,0,even,115200,8,0,edge,100,16,32,250,1,ACTIVE,stress,0,8,1,1,UVM_LOW,0,0,0.0,-O2 -sv -assert svaext,+UVM_TESTNAME=auto,r2p0,6,96,10.0,parity_stress_test,parity_stress_seq,APB3+UART
RUN-003218,dma_burst_test-003218,Dma_Burst,APB3,static,8,7,4,odd,230400,8,1,level,25,32,32,250,2,ACTIVE,stress,0,8,1,1,UVM_MEDIUM,0,0,0.0,-O2 -sv -assert svaext,+UVM_TESTNAME=auto,r1p0,9,96,40.0,dma_burst_test,dma_burst_seq,APB3+UART
RUN-003219,reset_recovery_test-003219,Reset_Recovery,APB3,priority,16,6,0,none,921600,32,0,edge,200,16,16,250,1,ACTIVE,functional,0,8,1,1,UVM_LOW,0,1,0.0342,-O2 -sv -assert svaext,+UVM_TESTNAME=auto,r1p2,3,384,5.0,reset_recovery_test,reset_recovery_seq,APB3+UART
RUN-003220,backpressure_test-003220,Backpressure,APB3,priority,4,0,0,odd,460800,16,1,edge,50,32,16,250,2,ACTIVE,functional,0,16,0,1,UVM_MEDIUM,0,1,0.0156,-O0 -sv -debug,+UVM_TESTNAME=auto -cm line+tgl,r2p0,10,192,20.0,backpressure_test,backpressure_seq,APB3+UART
RUN-003221,backpressure_test-003221,Backpressure,APB4,static,8,0,2,odd,115200,4,0,level,200,8,32,500,3,ACTIVE,regression,0,8,1,0,UVM_MEDIUM,1,1,0.0215,-O2 -sv,+UVM_TESTNAME=auto,r1p2,4,48,5.0,backpressure_test,backpressure_seq,APB4+UART
RUN-003222,irq_storm_test-003222,Irq_Storm,APB3,priority,2,4,1,none,460800,16,1,edge,100,8,32,500,3,ACTIVE,stress,0,8,0,1,UVM_LOW,0,1,0.034,-O2 -sv,+UVM_TESTNAME=auto,r1p0,2,192,10.0,irq_storm_test,irq_storm_seq,APB3+UART
RUN-003223,reset_recovery_test-003223,Reset_Recovery,APB3,round_robin,4,2,2,even,921600,64,1,level,50,32,32,500,1,ACTIVE,functional,0,4,1,1,UVM_MEDIUM,0,0,0.0,-O2 -sv,+UVM_TESTNAME=auto,r1p2,7,768,20.0,reset_recovery_test,reset_recovery_seq,APB3+UART
RUN-003224,uart_loopback_test-003224,Uart_Loopback,APB3,priority,4,2,1,none,230400,16,0,level,100,32,32,50,1,ACTIVE,stress,0,8,1,1,UVM_MEDIUM,1,0,0.0,-O2 -sv -assert svaext,+UVM_TESTNAME=auto,r2p0,2,192,10.0,uart_loopback_test,uart_loopback_seq,APB3+UART
RUN-003225,reg_sweep_test-003225,Reg_Sweep,APB4,round_robin,2,0,1,even,230400,4,0,level,100,32,32,50,1,ACTIVE,stress,0,8,0,1,UVM_HIGH,0,0,0.0,-O2 -sv -assert svaext,+UVM_TESTNAME=auto,r1p0,3,48,10.0,reg_sweep_test,reg_sweep_seq,APB4+UART
RUN-003226,uart_loopback_test-003226,Uart_Loopback,APB4,static,2,2,0,none,921600,16,1,level,25,32,32,100,2,ACTIVE,stress,0,8,0,1,UVM_HIGH,0,1,0.0122,-O2 -sv,+UVM_TESTNAME=auto,r1p2,9,192,40.0,uart_loopback_test,uart_loopback_seq,APB4+UART
RUN-003227,dma_burst_test-003227,Dma_Burst,APB3,priority,8,6,2,none,921600,8,0,edge,100,32,16,250,3,PASSIVE,functional,0,4,1,0,UVM_MEDIUM,0,0,0.0,-O2 -sv,+UVM_TESTNAME=auto,r2p0,5,96,10.0,dma_burst_test,dma_burst_seq,APB3+UART
RUN-003228,reg_sweep_test-003228,Reg_Sweep,APB3,round_robin,8,0,0,none,230400,16,1,level,25,16,16,500,1,ACTIVE,regression,0,4,0,1,UVM_LOW,0,0,0.0,-O2 -sv,+UVM_TESTNAME=auto,r1p0,11,192,40.0,reg_sweep_test,reg_sweep_seq,APB3+UART
RUN-003229,reset_recovery_test-003229,Reset_Recovery,APB4,round_robin,2,3,1,even,115200,16,1,edge,50,16,32,100,1,ACTIVE,stress,0,4,1,1,UVM_HIGH,1,0,0.0,-O2 -sv,+UVM_TESTNAME=auto -cm line+tgl,r1p2,2,192,20.0,reset_recovery_test,reset_recovery_seq,APB4+UART
RUN-003230,irq_storm_test-003230,Irq_Storm,APB4,priority,4,6,1,even,230400,16,1,level,200,16,32,250,3,ACTIVE,stress,0,4,0,1,UVM_LOW,1,1,0.0124,-O2 -sv -assert svaext,+UVM_TESTNAME=auto,r1p0,2,192,5.0,irq_storm_test,irq_storm_seq,APB4+UART
RUN-003231,uart_loopback_test-003231,Uart_Loopback,APB3,round_robin,4,1,2,even,460800,8,1,edge,50,16,16,500,1,ACTIVE,regression,0,8,0,1,UVM_LOW,0,0,0.0,-O0 -sv -debug,+UVM_TESTNAME=auto -cm line+tgl,r2p0,5,96,20.0,uart_loopback_test,uart_loopback_seq,APB3+UART
RUN-003232,parity_stress_test-003232,Parity_Stress,APB4,round_robin,8,5,2,even,230400,8,1,level,25,32,32,500,2,ACTIVE,regression,0,8,1,1,UVM_HIGH,0,0,0.0,-O0 -sv -debug,+UVM_TESTNAME=auto,r1p2,7,96,40.0,parity_stress_test,parity_stress_seq,APB4+UART
RUN-003233,reset_recovery_test-003233,Reset_Recovery,APB3,static,2,1,0,odd,115200,8,1,level,100,8,16,100,3,ACTIVE,functional,0,4,0,0,UVM_HIGH,0,0,0.0,-O2 -sv,+UVM_TESTNAME=auto -cm line+tgl,r1p2,3,96,10.0,reset_recovery_test,reset_recovery_seq,APB3+UART
RUN-003234,dma_burst_test-003234,Dma_Burst,APB4,static,4,5,2,odd,1500000,32,1,edge,50,32,32,250,1,ACTIVE,regression,1,4,1,1,UVM_MEDIUM,1,1,0.0363,-O2 -sv -assert svaext,+UVM_TESTNAME=auto,r1p2,6,384,20.0,dma_burst_test,dma_burst_seq,APB4+UART
RUN-003235,reset_recovery_test-003235,Reset_Recovery,APB3,round_robin,4,5,1,none,115200,8,1,level,50,8,16,100,3,ACTIVE,functional,0,8,1,1,UVM_MEDIUM,1,1,0.0101,-O2 -sv,+UVM_TESTNAME=auto,r2p0,10,96,20.0,reset_recovery_test,reset_recovery_seq,APB3+UART
RUN-003236,uart_loopback_test-003236,Uart_Loopback,APB3,priority,8,7,2,odd,921600,8,1,level,200,8,16,250,2,ACTIVE,functional,0,8,0,0,UVM_LOW,0,1,0.036,-O0 -sv -debug,+UVM_TESTNAME=auto -cm line+tgl,r2p0,6,96,5.0,uart_loopback_test,uart_loopback_seq,APB3+UART
RUN-003237,backpressure_test-003237,Backpressure,APB4,priority,4,7,1,even,230400,16,1,level,100,32,32,100,3,ACTIVE,stress,1,4,1,1,UVM_LOW,0,0,0.0,-O0 -sv -debug,+UVM_TESTNAME=auto,r1p0,10,192,10.0,backpressure_test,backpressure_seq,APB4+UART
RUN-003238,parity_stress_test-003238,Parity_Stress,APB4,round_robin,4,4,2,even,1500000,16,1,level,200,32,32,100,1,ACTIVE,regression,1,8,0,1,UVM_MEDIUM,1,0,0.0,-O2 -sv,+UVM_TESTNAME=auto,r1p2,1,192,5.0,parity_stress_test,parity_stress_seq,APB4+UART
RUN-003239,parity_stress_test-003239,Parity_Stress,APB3,static,8,2,1,even,1500000,32,1,level,100,16,16,250,1,ACTIVE,functional,0,8,0,1,UVM_HIGH,0,1,0.013,-O2 -sv -assert svaext,+UVM_TESTNAME=auto -cm line+tgl,r1p2,4,384,10.0,parity_stress_test,parity_stress_seq,APB3+UART
RUN-003240,reg_sweep_test-003240,Reg_Sweep,APB4,round_robin,4,4,0,odd,921600,32,0,level,50,32,32,100,2,ACTIVE,stress,1,4,1,1,UVM_LOW,0,1,0.0305,-O2 -sv,+UVM_TESTNAME=auto -cm line+tgl,r1p2,6,384,20.0,reg_sweep_test,reg_sweep_seq,APB4+UART
RUN-003241,irq_storm_test-003241,Irq_Storm,APB4,round_robin,16,6,2,odd,230400,64,1,edge,100,16,16,100,2,ACTIVE,functional,0,8,1,1,UVM_LOW,0,1,0.0104,-O2 -sv,+UVM_TESTNAME=auto,r2p0,5,768,10.0,irq_storm_test,irq_storm_seq,APB4+UART
RUN-003242,backpressure_test-003242,Backpressure,APB4,round_robin,8,5,0,even,921600,16,1,edge,200,32,32,100,2,ACTIVE,stress,0,8,1,1,UVM_LOW,0,0,0.0,-O2 -sv,+UVM_TESTNAME=auto -cm line+tgl,r1p2,3,192,5.0,backpressure_test,backpressure_seq,APB4+UART
RUN-003243,reg_sweep_test-003243,Reg_Sweep,APB4,priority,4,2,0,even,230400,32,1,level,50,16,32,100,1,ACTIVE,functional,1,4,1,1,UVM_LOW,0,1,0.0061,-O2 -sv,+UVM_TESTNAME=auto,r1p2,6,384,20.0,reg_sweep_test,reg_sweep_seq,APB4+UART
RUN-003244,irq_storm_test-003244,Irq_Storm,APB4,round_robin,4,7,0,even,230400,16,0,level,50,32,32,250,2,ACTIVE,regression,1,4,1,1,UVM_MEDIUM,0,1,0.001,-O2 -sv -assert svaext,+UVM_TESTNAME=auto -cm line+tgl,r1p0,10,192,20.0,irq_storm_test,irq_storm_seq,APB4+UART
RUN-003245,reg_sweep_test-003245,Reg_Sweep,APB3,round_robin,2,7,4,none,230400,16,0,level,100,16,32,250,1,ACTIVE,regression,0,4,1,1,UVM_MEDIUM,0,0,0.0,-O0 -sv -debug,+UVM_TESTNAME=auto,r1p0,5,192,10.0,reg_sweep_test,reg_sweep_seq,APB3+UART
RUN-003246,reset_recovery_test-003246,Reset_Recovery,APB4,round_robin,4,0,2,even,230400,32,1,edge,50,16,32,100,3,ACTIVE,functional,0,4,1,1,UVM_MEDIUM,1,0,0.0,-O2 -sv -assert svaext,+UVM_TESTNAME=auto -cm line+tgl,r1p0,1,384,20.0,reset_recovery_test,reset_recovery_seq,APB4+UART
RUN-003247,parity_stress_test-003247,Parity_Stress,APB3,static,8,0,1,even,460800,64,0,edge,100,8,32,500,2,ACTIVE,functional,1,8,1,1,UVM_MEDIUM,0,0,0.0,-O0 -sv -debug,+UVM_TESTNAME=auto -cm line+tgl,r2p0,0,768,10.0,parity_stress_test,parity_stress_seq,APB3+UART
RUN-003248,uart_loopback_test-003248,Uart_Loopback,APB4,round_robin,8,0,4,none,460800,32,0,edge,100,32,16,250,2,ACTIVE,regression,0,8,0,1,UVM_LOW,0,0,0.0,-O2 -sv -assert svaext,+UVM_TESTNAME=auto -cm line+tgl,r2p0,2,384,10.0,uart_loopback_test,uart_loopback_seq,APB4+UART
RUN-003249,backpressure_test-003249,Backpressure,APB3,priority,2,5,4,even,115200,64,0,edge,25,32,32,250,2,ACTIVE,stress,0,16,1,1,UVM_HIGH,0,1,0.0254,-O2 -sv -assert svaext,+UVM_TESTNAME=auto,r1p2,10,768,40.0,backpressure_test,backpressure_seq,APB3+UART
RUN-003250,backpressure_test-003250,Backpressure,APB4,priority,2,3,1,none,115200,4,0,level,50,8,16,100,3,ACTIVE,functional,1,16,0,0,UVM_HIGH,0,1,0.012,-O2 -sv -assert svaext,+UVM_TESTNAME=auto,r1p2,5,48,20.0,backpressure_test,backpressure_seq,APB4+UART
RUN-003251,reg_sweep_test-003251,Reg_Sweep,APB3,round_robin,8,5,2,even,230400,8,1,edge,25,32,16,250,1,ACTIVE,functional,0,4,0,1,UVM_MEDIUM,0,1,0.0225,-O0 -sv -debug,+UVM_TESTNAME=auto,r1p0,8,96,40.0,reg_sweep_test,reg_sweep_seq,APB3+UART
RUN-003252,reset_recovery_test-003252,Reset_Recovery,APB3,round_robin,2,6,2,odd,1500000,64,0,level,50,32,16,250,1,ACTIVE,functional,0,16,1,1,UVM_HIGH,0,0,0.0,-O2 -sv,+UVM_TESTNAME=auto,r2p0,4,768,20.0,reset_recovery_test,reset_recovery_seq,APB3+UART
RUN-003253,parity_stress_test-003253,Parity_Stress,APB4,static,2,4,1,even,115200,32,1,level,50,32,32,250,1,ACTIVE,functional,0,16,0,1,UVM_LOW,0,0,0.0,-O2 -sv,+UVM_TESTNAME=auto,r1p0,6,384,20.0,parity_stress_test,parity_stress_seq,APB4+UART
RUN-003254,dma_burst_test-003254,Dma_Burst,APB4,round_robin,8,2,1,none,460800,32,1,level,50,8,32,100,2,ACTIVE,functional,0,4,1,1,UVM_MEDIUM,1,1,0.0364,-O2 -sv,+UVM_TESTNAME=auto,r1p0,5,384,20.0,dma_burst_test,dma_burst_seq,APB4+UART
RUN-003255,reg_sweep_test-003255,Reg_Sweep,APB3,round_robin,4,3,4,odd,115200,64,1,level,50,8,16,100,2,ACTIVE,functional,0,8,1,1,UVM_MEDIUM,0,0,0.0,-O2 -sv -assert svaext,+UVM_TESTNAME=auto -cm line+tgl,r1p2,10,768,20.0,reg_sweep_test,reg_sweep_seq,APB3+UART
RUN-003256,parity_stress_test-003256,Parity_Stress,APB4,priority,8,3,1,even,115200,16,1,edge,50,16,32,50,1,ACTIVE,functional,0,4,0,1,UVM_LOW,1,1,0.0359,-O2 -sv,+UVM_TESTNAME=auto,r2p0,10,192,20.0,parity_stress_test,parity_stress_seq,APB4+UART
RUN-003257,backpressure_test-003257,Backpressure,APB4,round_robin,2,2,1,even,460800,32,0,level,200,8,32,250,1,ACTIVE,functional,0,16,1,0,UVM_LOW,1,0,0.0,-O2 -sv -assert svaext,+UVM_TESTNAME=auto,r1p2,4,384,5.0,backpressure_test,backpressure_seq,APB4+UART
RUN-003258,irq_storm_test-003258,Irq_Storm,APB3,priority,4,6,1,odd,460800,16,0,edge,50,32,32,100,2,ACTIVE,regression,0,8,1,1,UVM_MEDIUM,0,1,0.0399,-O2 -sv -assert svaext,+UVM_TESTNAME=auto -cm line+tgl,r1p0,4,192,20.0,irq_storm_test,irq_storm_seq,APB3+UART
RUN-003259,backpressure_test-003259,Backpressure,APB4,round_robin,4,0,1,none,1500000,16,1,level,50,8,32,250,1,ACTIVE,stress,0,4,1,1,UVM_LOW,0,0,0.0,-O2 -sv,+UVM_TESTNAME=auto,r2p0,4,192,20.0,backpressure_test,backpressure_seq,APB4+UART
RUN-003260,reg_sweep_test-003260,Reg_Sweep,APB3,priority,4,6,2,even,1500000,8,0,edge,200,32,16,250,3,ACTIVE,functional,0,8,1,1,UVM_LOW,0,0,0.0,-O2 -sv -assert svaext,+UVM_TESTNAME=auto,r1p2,2,96,5.0,reg_sweep_test,reg_sweep_seq,APB3+UART
RUN-003261,backpressure_test-003261,Backpressure,APB3,static,8,4,0,odd,230400,64,1,edge,25,16,32,50,1,ACTIVE,functional,0,8,1,1,UVM_LOW,0,0,0.0,-O2 -sv -assert svaext,+UVM_TESTNAME=auto,r1p0,9,768,40.0,backpressure_test,backpressure_seq,APB3+UART
RUN-003262,reg_sweep_test-003262,Reg_Sweep,APB3,static,8,7,2,odd,1500000,32,0,edge,50,32,16,50,3,ACTIVE,functional,0,16,1,1,UVM_LOW,1,0,0.0,-O2 -sv,+UVM_TESTNAME=auto,r2p0,9,384,20.0,reg_sweep_test,reg_sweep_seq,APB3+UART
RUN-003263,reg_sweep_test-003263,Reg_Sweep,APB3,round_robin,8,0,1,none,115200,32,0,edge,200,8,16,250,2,ACTIVE,functional,1,4,0,1,UVM_MEDIUM,0,0,0.0,-O2 -sv -assert svaext,+UVM_TESTNAME=auto -cm line+tgl,r1p0,0,384,5.0,reg_sweep_test,reg_sweep_seq,APB3+UART
RUN-003264,dma_burst_test-003264,Dma_Burst,APB3,priority,16,5,2,none,460800,16,0,edge,50,32,32,500,2,PASSIVE,stress,0,16,1,1,UVM_MEDIUM,0,1,0.0269,-O2 -sv -assert svaext,+UVM_TESTNAME=auto,r1p2,9,192,20.0,dma_burst_test,dma_burst_seq,APB3+UART
RUN-003265,dma_burst_test-003265,Dma_Burst,APB4,round_robin,4,2,1,even,460800,64,1,edge,100,16,16,100,2,ACTIVE,functional,0,16,1,1,UVM_LOW,1,1,0.0226,-O0 -sv -debug,+UVM_TESTNAME=auto -cm line+tgl,r1p2,3,768,10.0,dma_burst_test,dma_burst_seq,APB4+UART
RUN-003266,reg_sweep_test-003266,Reg_Sweep,APB4,priority,8,0,0,even,460800,64,1,level,100,32,32,250,1,ACTIVE,functional,0,4,1,1,UVM_MEDIUM,0,1,0.0337,-O0 -sv -debug,+UVM_TESTNAME=auto -cm line+tgl,r1p2,1,768,10.0,reg_sweep_test,reg_sweep_seq,APB4+UART
RUN-003267,dma_burst_test-003267,Dma_Burst,APB4,static,4,3,2,odd,460800,4,1,edge,25,32,32,100,1,ACTIVE,functional,1,16,1,1,UVM_LOW,0,0,0.0,-O0 -sv -debug,+UVM_TESTNAME=auto,r1p2,5,48,40.0,dma_burst_test,dma_burst_seq,APB4+UART
RUN-003268,backpressure_test-003268,Backpressure,APB4,round_robin,4,5,2,even,1500000,32,0,level,50,32,32,50,2,ACTIVE,regression,1,16,1,1,UVM_MEDIUM,1,1,0.0294,-O2 -sv -assert svaext,+UVM_TESTNAME=auto,r1p0,2,384,20.0,backpressure_test,backpressure_seq,APB4+UART
RUN-003269,backpressure_test-003269,Backpressure,APB3,static,8,4,1,odd,1500000,8,0,edge,100,32,32,50,2,ACTIVE,functional,0,4,0,0,UVM_MEDIUM,1,1,0.0029,-O0 -sv -debug,+UVM_TESTNAME=auto,r1p0,0,96,10.0,backpressure_test,backpressure_seq,APB3+UART
RUN-003270,dma_burst_test-003270,Dma_Burst,APB4,static,2,7,2,even,1500000,8,1,level,100,8,16,100,1,ACTIVE,functional,0,16,0,1,UVM_MEDIUM,1,1,0.02,-O2 -sv -assert svaext,+UVM_TESTNAME=auto -cm line+tgl,r2p0,1,96,10.0,dma_burst_test,dma_burst_seq,APB4+UART
RUN-003271,reg_sweep_test-003271,Reg_Sweep,APB3,static,8,1,0,none,921600,16,0,level,50,8,16,250,3,ACTIVE,functional,1,4,0,0,UVM_MEDIUM,0,0,0.0,-O2 -sv -assert svaext,+UVM_TESTNAME=auto,r1p0,2,192,20.0,reg_sweep_test,reg_sweep_seq,APB3+UART
RUN-003272,irq_storm_test-003272,Irq_Storm,APB3,priority,8,4,0,even,1500000,32,0,edge,50,16,32,100,2,ACTIVE,regression,1,8,1,1,UVM_HIGH,0,0,0.0,-O0 -sv -debug,+UVM_TESTNAME=auto -cm line+tgl,r1p0,8,384,20.0,irq_storm_test,irq_storm_seq,APB3+UART
RUN-003273,reg_sweep_test-003273,Reg_Sweep,APB4,priority,8,3,1,odd,230400,16,0,level,25,16,16,500,2,ACTIVE,functional,0,16,1,1,UVM_HIGH,0,1,0.0302,-O2 -sv -assert svaext,+UVM_TESTNAME=auto -cm line+tgl,r2p0,8,192,40.0,reg_sweep_test,reg_sweep_seq,APB4+UART
RUN-003274,irq_storm_test-003274,Irq_Storm,APB4,round_robin,2,3,4,none,230400,16,1,level,100,32,32,500,1,PASSIVE,functional,0,16,0,0,UVM_LOW,0,0,0.0,-O2 -sv -assert svaext,+UVM_TESTNAME=auto,r1p0,1,192,10.0,irq_storm_test,irq_storm_seq,APB4+UART
RUN-003275,irq_storm_test-003275,Irq_Storm,APB4,priority,8,4,0,even,115200,4,1,edge,200,32,16,500,3,ACTIVE,regression,1,8,0,1,UVM_MEDIUM,0,0,0.0,-O2 -sv -assert svaext,+UVM_TESTNAME=auto -cm line+tgl,r1p0,6,48,5.0,irq_storm_test,irq_storm_seq,APB4+UART
RUN-003276,irq_storm_test-003276,Irq_Storm,APB4,static,8,2,2,odd,115200,16,1,level,200,32,16,250,1,ACTIVE,functional,0,16,1,1,UVM_MEDIUM,0,0,0.0,-O2 -sv -assert svaext,+UVM_TESTNAME=auto,r2p0,7,192,5.0,irq_storm_test,irq_storm_seq,APB4+UART
RUN-003277,dma_burst_test-003277,Dma_Burst,APB3,static,2,4,1,none,230400,8,1,edge,100,16,32,250,2,ACTIVE,regression,0,4,1,1,UVM_LOW,0,1,0.0147,-O2 -sv,+UVM_TESTNAME=auto -cm line+tgl,r1p2,7,96,10.0,dma_burst_test,dma_burst_seq,APB3+UART
RUN-003278,dma_burst_test-003278,Dma_Burst,APB3,round_robin,2,3,0,none,230400,16,0,level,100,32,16,50,2,ACTIVE,stress,0,16,1,0,UVM_LOW,0,0,0.0,-O2 -sv -assert svaext,+UVM_TESTNAME=auto,r2p0,5,192,10.0,dma_burst_test,dma_burst_seq,APB3+UART
RUN-003279,irq_storm_test-003279,Irq_Storm,APB4,priority,2,5,2,odd,460800,32,1,level,25,32,32,50,1,ACTIVE,functional,0,4,1,1,UVM_LOW,0,1,0.0168,-O2 -sv,+UVM_TESTNAME=auto,r2p0,1,384,40.0,irq_storm_test,irq_storm_seq,APB4+UART
RUN-003280,backpressure_test-003280,Backpressure,APB3,round_robin,8,6,1,none,230400,16,1,edge,50,16,32,50,2,ACTIVE,stress,1,8,1,1,UVM_MEDIUM,1,0,0.0,-O2 -sv -assert svaext,+UVM_TESTNAME=auto,r2p0,3,192,20.0,backpressure_test,backpressure_seq,APB3+UART
RUN-003281,reg_sweep_test-003281,Reg_Sweep,APB3,round_robin,8,3,0,even,921600,8,1,level,200,8,32,100,1,ACTIVE,stress,0,16,0,0,UVM_LOW,0,0,0.0,-O2 -sv,+UVM_TESTNAME=auto,r1p0,3,96,5.0,reg_sweep_test,reg_sweep_seq,APB3+UART
RUN-003282,dma_burst_test-003282,Dma_Burst,APB4,round_robin,2,1,0,even,230400,64,0,edge,200,32,32,100,1,PASSIVE,functional,0,8,0,1,UVM_LOW,0,0,0.0,-O2 -sv -assert svaext,+UVM_TESTNAME=auto,r1p0,5,768,5.0,dma_burst_test,dma_burst_seq,APB4+UART
RUN-003283,irq_storm_test-003283,Irq_Storm,APB3,round_robin,4,3,0,even,230400,16,1,edge,100,32,16,250,3,ACTIVE,stress,1,4,1,1,UVM_LOW,0,0,0.0,-O2 -sv,+UVM_TESTNAME=auto -cm line+tgl,r1p2,10,192,10.0,irq_storm_test,irq_storm_seq,APB3+UART
RUN-003284,irq_storm_test-003284,Irq_Storm,APB3,priority,4,0,1,even,115200,32,0,level,50,8,32,50,1,ACTIVE,regression,0,4,1,1,UVM_LOW,1,1,0.032,-O2 -sv,+UVM_TESTNAME=auto,r2p0,8,384,20.0,irq_storm_test,irq_storm_seq,APB3+UART
RUN-003285,dma_burst_test-003285,Dma_Burst,APB3,round_robin,4,6,2,odd,115200,16,1,level,200,16,32,250,1,ACTIVE,functional,0,4,0,0,UVM_MEDIUM,0,0,0.0,-O2 -sv,+UVM_TESTNAME=auto,r1p0,7,192,5.0,dma_burst_test,dma_burst_seq,APB3+UART
RUN-003286,irq_storm_test-003286,Irq_Storm,APB3,static,2,7,2,odd,115200,16,1,level,50,8,16,100,2,ACTIVE,functional,0,16,1,1,UVM_LOW,0,1,0.0116,-O2 -sv,+UVM_TESTNAME=auto,r2p0,1,192,20.0,irq_storm_test,irq_storm_seq,APB3+UART
RUN-003287,reg_sweep_test-003287,Reg_Sweep,APB3,priority,2,7,2,none,115200,8,1,edge,200,8,32,250,1,ACTIVE,regression,0,4,0,1,UVM_LOW,0,0,0.0,-O0 -sv -debug,+UVM_TESTNAME=auto -cm line+tgl,r1p0,8,96,5.0,reg_sweep_test,reg_sweep_seq,APB3+UART
RUN-003288,reg_sweep_test-003288,Reg_Sweep,APB3,round_robin,2,4,4,none,921600,8,0,edge,200,16,32,50,3,ACTIVE,stress,0,4,1,1,UVM_MEDIUM,1,0,0.0,-O2 -sv -assert svaext,+UVM_TESTNAME=auto,r2p0,6,96,5.0,reg_sweep_test,reg_sweep_seq,APB3+UART
RUN-003289,irq_storm_test-003289,Irq_Storm,APB4,round_robin,8,2,0,even,230400,16,0,edge,200,32,32,250,1,ACTIVE,functional,0,16,1,1,UVM_MEDIUM,0,0,0.0,-O2 -sv,+UVM_TESTNAME=auto -cm line+tgl,r1p0,3,192,5.0,irq_storm_test,irq_storm_seq,APB4+UART
RUN-003290,reg_sweep_test-003290,Reg_Sweep,APB3,round_robin,4,7,1,none,115200,16,0,edge,25,8,16,500,2,ACTIVE,regression,0,8,0,1,UVM_MEDIUM,0,1,0.0086,-O0 -sv -debug,+UVM_TESTNAME=auto -cm line+tgl,r1p2,4,192,40.0,reg_sweep_test,reg_sweep_seq,APB3+UART
RUN-003291,irq_storm_test-003291,Irq_Storm,APB3,priority,4,6,1,even,921600,4,1,level,50,32,32,100,2,ACTIVE,stress,0,16,0,0,UVM_MEDIUM,0,1,0.0264,-O2 -sv -assert svaext,+UVM_TESTNAME=auto,r1p2,10,48,20.0,irq_storm_test,irq_storm_seq,APB3+UART
RUN-003292,reset_recovery_test-003292,Reset_Recovery,APB3,priority,8,1,4,even,921600,32,1,level,200,16,32,50,1,ACTIVE,functional,0,8,1,1,UVM_LOW,1,0,0.0,-O2 -sv,+UVM_TESTNAME=auto,r1p0,9,384,5.0,reset_recovery_test,reset_recovery_seq,APB3+UART
RUN-003293,uart_loopback_test-003293,Uart_Loopback,APB4,priority,4,0,1,odd,460800,16,0,edge,200,32,32,50,1,ACTIVE,stress,0,4,1,1,UVM_LOW,0,1,0.0168,-O2 -sv -assert svaext,+UVM_TESTNAME=auto,r1p0,5,192,5.0,uart_loopback_test,uart_loopback_seq,APB4+UART
RUN-003294,uart_loopback_test-003294,Uart_Loopback,APB4,static,2,6,1,even,921600,16,1,edge,200,16,32,50,2,ACTIVE,functional,0,8,0,1,UVM_LOW,0,0,0.0,-O0 -sv -debug,+UVM_TESTNAME=auto,r2p0,1,192,5.0,uart_loopback_test,uart_loopback_seq,APB4+UART
RUN-003295,reg_sweep_test-003295,Reg_Sweep,APB4,round_robin,16,7,1,none,230400,16,1,level,200,16,16,50,1,ACTIVE,stress,0,16,0,1,UVM_MEDIUM,1,0,0.0,-O2 -sv -assert svaext,+UVM_TESTNAME=auto -cm line+tgl,r1p2,5,192,5.0,reg_sweep_test,reg_sweep_seq,APB4+UART
RUN-003296,dma_burst_test-003296,Dma_Burst,APB3,static,2,0,1,odd,115200,16,1,edge,25,16,32,50,2,ACTIVE,stress,0,4,1,1,UVM_MEDIUM,0,1,0.0207,-O0 -sv -debug,+UVM_TESTNAME=auto -cm line+tgl,r1p0,4,192,40.0,dma_burst_test,dma_burst_seq,APB3+UART
RUN-003297,reset_recovery_test-003297,Reset_Recovery,APB4,round_robin,4,4,0,none,115200,32,1,level,25,32,32,50,3,ACTIVE,regression,0,4,0,1,UVM_LOW,0,0,0.0,-O0 -sv -debug,+UVM_TESTNAME=auto -cm line+tgl,r2p0,8,384,40.0,reset_recovery_test,reset_recovery_seq,APB4+UART
RUN-003298,dma_burst_test-003298,Dma_Burst,APB3,static,4,7,0,none,460800,32,0,edge,100,16,32,250,3,ACTIVE,functional,0,8,1,1,UVM_HIGH,0,0,0.0,-O2 -sv,+UVM_TESTNAME=auto,r1p2,0,384,10.0,dma_burst_test,dma_burst_seq,APB3+UART
RUN-003299,reg_sweep_test-003299,Reg_Sweep,APB3,round_robin,16,4,2,even,921600,32,0,level,100,16,16,250,2,ACTIVE,stress,0,8,0,1,UVM_MEDIUM,1,1,0.0327,-O2 -sv,+UVM_TESTNAME=auto -cm line+tgl,r2p0,1,384,10.0,reg_sweep_test,reg_sweep_seq,APB3+UART
RUN-003300,parity_stress_test-003300,Parity_Stress,APB4,round_robin,2,4,2,none,1500000,64,1,level,25,32,16,250,3,ACTIVE,regression,0,4,1,1,UVM_LOW,1,1,0.0247,-O2 -sv,+UVM_TESTNAME=auto,r1p2,2,768,40.0,parity_stress_test,parity_stress_seq,APB4+UART
RUN-003301,backpressure_test-003301,Backpressure,APB4,priority,4,7,2,odd,1500000,32,1,edge,100,32,16,100,2,PASSIVE,stress,0,8,0,1,UVM_LOW,0,1,0.0208,-O2 -sv,+UVM_TESTNAME=auto -cm line+tgl,r1p2,5,384,10.0,backpressure_test,backpressure_seq,APB4+UART
RUN-003302,reg_sweep_test-003302,Reg_Sweep,APB4,priority,16,0,1,none,921600,8,1,level,200,32,16,100,1,PASSIVE,stress,0,4,0,1,UVM_MEDIUM,0,0,0.0,-O0 -sv -debug,+UVM_TESTNAME=auto -cm line+tgl,r1p2,0,96,5.0,reg_sweep_test,reg_sweep_seq,APB4+UART
RUN-003303,reset_recovery_test-003303,Reset_Recovery,APB3,round_robin,4,7,2,even,921600,16,0,level,25,16,32,250,1,ACTIVE,functional,0,4,0,1,UVM_LOW,0,0,0.0,-O2 -sv,+UVM_TESTNAME=auto,r1p0,4,192,40.0,reset_recovery_test,reset_recovery_seq,APB3+UART
RUN-003304,dma_burst_test-003304,Dma_Burst,APB3,priority,8,6,4,odd,230400,64,0,level,100,32,32,500,1,ACTIVE,stress,0,4,1,0,UVM_MEDIUM,0,0,0.0,-O0 -sv -debug,+UVM_TESTNAME=auto -cm line+tgl,r1p0,2,768,10.0,dma_burst_test,dma_burst_seq,APB3+UART
RUN-003305,parity_stress_test-003305,Parity_Stress,APB4,round_robin,2,6,0,none,460800,8,0,level,50,8,32,100,2,ACTIVE,stress,0,8,1,0,UVM_MEDIUM,0,1,0.0143,-O2 -sv,+UVM_TESTNAME=auto,r1p0,6,96,20.0,parity_stress_test,parity_stress_seq,APB4+UART
RUN-003306,irq_storm_test-003306,Irq_Storm,APB4,round_robin,8,2,2,odd,230400,16,0,level,25,16,16,100,2,ACTIVE,functional,0,4,0,1,UVM_MEDIUM,0,0,0.0,-O2 -sv -assert svaext,+UVM_TESTNAME=auto -cm line+tgl,r2p0,0,192,40.0,irq_storm_test,irq_storm_seq,APB4+UART
RUN-003307,backpressure_test-003307,Backpressure,APB4,round_robin,16,7,4,none,1500000,16,1,level,200,32,16,50,1,ACTIVE,regression,0,4,0,1,UVM_HIGH,0,0,0.0,-O2 -sv,+UVM_TESTNAME=auto,r1p0,5,192,5.0,backpressure_test,backpressure_seq,APB4+UART
RUN-003308,backpressure_test-003308,Backpressure,APB3,round_robin,8,4,4,even,921600,64,0,edge,200,16,32,250,1,ACTIVE,functional,1,4,1,1,UVM_MEDIUM,1,1,0.0238,-O0 -sv -debug,+UVM_TESTNAME=auto,r1p2,8,768,5.0,backpressure_test,backpressure_seq,APB3+UART
RUN-003309,uart_loopback_test-003309,Uart_Loopback,APB4,round_robin,4,4,4,even,1500000,64,1,edge,200,32,16,500,1,ACTIVE,stress,0,8,0,0,UVM_HIGH,0,1,0.0137,-O0 -sv -debug,+UVM_TESTNAME=auto,r1p0,4,768,5.0,uart_loopback_test,uart_loopback_seq,APB4+UART
RUN-003310,backpressure_test-003310,Backpressure,APB4,priority,2,4,0,none,460800,32,0,level,100,32,32,50,1,ACTIVE,functional,0,8,1,1,UVM_MEDIUM,1,0,0.0,-O2 -sv -assert svaext,+UVM_TESTNAME=auto,r1p0,10,384,10.0,backpressure_test,backpressure_seq,APB4+UART
RUN-003311,uart_loopback_test-003311,Uart_Loopback,APB3,static,8,3,1,none,230400,16,1,level,100,16,16,500,2,ACTIVE,stress,0,4,1,0,UVM_LOW,0,0,0.0,-O2 -sv -assert svaext,+UVM_TESTNAME=auto,r1p2,0,192,10.0,uart_loopback_test,uart_loopback_seq,APB3+UART
RUN-003312,reg_sweep_test-003312,Reg_Sweep,APB4,round_robin,4,1,2,odd,1500000,32,1,edge,100,32,32,100,2,ACTIVE,regression,0,16,1,0,UVM_MEDIUM,1,0,0.0,-O2 -sv -assert svaext,+UVM_TESTNAME=auto,r1p0,10,384,10.0,reg_sweep_test,reg_sweep_seq,APB4+UART
RUN-003313,backpressure_test-003313,Backpressure,APB4,static,16,4,0,none,1500000,16,1,level,50,32,16,500,1,ACTIVE,stress,0,8,1,1,UVM_MEDIUM,0,1,0.0035,-O2 -sv,+UVM_TESTNAME=auto -cm line+tgl,r1p0,5,192,20.0,backpressure_test,backpressure_seq,APB4+UART
RUN-003314,parity_stress_test-003314,Parity_Stress,APB4,round_robin,4,6,1,none,921600,16,1,level,50,32,32,100,2,ACTIVE,stress,0,8,1,1,UVM_LOW,1,0,0.0,-O2 -sv,+UVM_TESTNAME=auto -cm line+tgl,r2p0,5,192,20.0,parity_stress_test,parity_stress_seq,APB4+UART
RUN-003315,uart_loopback_test-003315,Uart_Loopback,APB3,round_robin,8,0,0,odd,460800,16,0,level,50,16,16,250,1,PASSIVE,stress,0,4,0,1,UVM_HIGH,1,1,0.0008,-O2 -sv,+UVM_TESTNAME=auto -cm line+tgl,r1p0,6,192,20.0,uart_loopback_test,uart_loopback_seq,APB3+UART
RUN-003316,reg_sweep_test-003316,Reg_Sweep,APB3,round_robin,4,4,0,none,230400,16,1,edge,100,8,16,50,2,ACTIVE,functional,0,16,1,1,UVM_LOW,1,1,0.0228,-O2 -sv,+UVM_TESTNAME=auto,r2p0,9,192,10.0,reg_sweep_test,reg_sweep_seq,APB3+UART
RUN-003317,reset_recovery_test-003317,Reset_Recovery,APB3,round_robin,2,1,2,odd,115200,64,0,edge,50,32,32,100,3,ACTIVE,functional,0,8,1,1,UVM_MEDIUM,1,0,0.0,-O2 -sv,+UVM_TESTNAME=auto -cm line+tgl,r2p0,6,768,20.0,reset_recovery_test,reset_recovery_seq,APB3+UART
RUN-003318,reset_recovery_test-003318,Reset_Recovery,APB4,round_robin,4,7,2,none,230400,64,0,edge,200,8,16,50,2,ACTIVE,regression,1,8,0,1,UVM_LOW,1,0,0.0,-O2 -sv -assert svaext,+UVM_TESTNAME=auto -cm line+tgl,r2p0,5,768,5.0,reset_recovery_test,reset_recovery_seq,APB4+UART
RUN-003319,parity_stress_test-003319,Parity_Stress,APB4,round_robin,4,7,0,even,115200,4,0,level,50,32,32,50,1,ACTIVE,regression,0,8,1,1,UVM_LOW,0,0,0.0,-O2 -sv,+UVM_TESTNAME=auto -cm line+tgl,r2p0,2,48,20.0,parity_stress_test,parity_stress_seq,APB4+UART
RUN-003320,irq_storm_test-003320,Irq_Storm,APB3,priority,2,7,4,odd,115200,4,1,level,50,16,32,250,3,ACTIVE,stress,0,8,1,1,UVM_MEDIUM,0,1,0.0385,-O0 -sv -debug,+UVM_TESTNAME=auto,r1p2,9,48,20.0,irq_storm_test,irq_storm_seq,APB3+UART
RUN-003321,reg_sweep_test-003321,Reg_Sweep,APB4,round_robin,2,1,4,even,115200,8,0,edge,100,32,32,50,2,ACTIVE,functional,1,4,1,1,UVM_LOW,0,0,0.0,-O2 -sv -assert svaext,+UVM_TESTNAME=auto,r1p2,10,96,10.0,reg_sweep_test,reg_sweep_seq,APB4+UART
RUN-003322,dma_burst_test-003322,Dma_Burst,APB4,round_robin,8,6,4,none,115200,16,1,level,50,32,32,250,1,ACTIVE,stress,0,8,1,1,UVM_LOW,0,0,0.0,-O2 -sv -assert svaext,+UVM_TESTNAME=auto -cm line+tgl,r1p0,2,192,20.0,dma_burst_test,dma_burst_seq,APB4+UART
RUN-003323,irq_storm_test-003323,Irq_Storm,APB4,round_robin,4,1,0,even,115200,64,1,edge,200,32,16,100,2,ACTIVE,stress,0,8,1,1,UVM_HIGH,1,0,0.0,-O2 -sv -assert svaext,+UVM_TESTNAME=auto,r1p0,3,768,5.0,irq_storm_test,irq_storm_seq,APB4+UART
RUN-003324,irq_storm_test-003324,Irq_Storm,APB4,round_robin,2,5,0,none,230400,32,1,edge,50,32,32,100,3,ACTIVE,stress,0,16,1,1,UVM_LOW,0,0,0.0,-O2 -sv,+UVM_TESTNAME=auto -cm line+tgl,r2p0,7,384,20.0,irq_storm_test,irq_storm_seq,APB4+UART
RUN-003325,parity_stress_test-003325,Parity_Stress,APB4,static,16,7,1,odd,230400,32,1,edge,25,32,32,100,1,PASSIVE,functional,0,8,1,1,UVM_LOW,0,1,0.0176,-O2 -sv,+UVM_TESTNAME=auto -cm line+tgl,r2p0,6,384,40.0,parity_stress_test,parity_stress_seq,APB4+UART
RUN-003326,uart_loopback_test-003326,Uart_Loopback,APB3,priority,8,4,0,even,1500000,64,1,edge,100,8,32,500,2,ACTIVE,functional,1,16,1,1,UVM_LOW,1,1,0.0248,-O2 -sv,+UVM_TESTNAME=auto,r1p2,5,768,10.0,uart_loopback_test,uart_loopback_seq,APB3+UART
RUN-003327,irq_storm_test-003327,Irq_Storm,APB4,round_robin,2,2,4,odd,230400,8,1,level,200,16,16,250,2,ACTIVE,functional,0,8,1,1,UVM_LOW,0,0,0.0,-O0 -sv -debug,+UVM_TESTNAME=auto -cm line+tgl,r1p0,10,96,5.0,irq_storm_test,irq_storm_seq,APB4+UART
RUN-003328,uart_loopback_test-003328,Uart_Loopback,APB4,priority,4,2,1,even,1500000,8,1,edge,25,16,32,250,3,ACTIVE,functional,0,4,1,1,UVM_MEDIUM,0,0,0.0,-O2 -sv,+UVM_TESTNAME=auto -cm line+tgl,r2p0,4,96,40.0,uart_loopback_test,uart_loopback_seq,APB4+UART
RUN-003329,uart_loopback_test-003329,Uart_Loopback,APB3,round_robin,2,0,2,none,230400,32,0,edge,100,16,16,500,3,ACTIVE,stress,0,16,0,1,UVM_MEDIUM,0,0,0.0,-O0 -sv -debug,+UVM_TESTNAME=auto,r1p2,9,384,10.0,uart_loopback_test,uart_loopback_seq,APB3+UART
RUN-003330,backpressure_test-003330,Backpressure,APB3,priority,16,1,1,even,460800,4,1,edge,200,32,32,50,1,ACTIVE,regression,0,8,0,1,UVM_LOW,0,1,0.017,-O2 -sv,+UVM_TESTNAME=auto -cm line+tgl,r2p0,3,48,5.0,backpressure_test,backpressure_seq,APB3+UART
RUN-003331,backpressure_test-003331,Backpressure,APB3,priority,8,5,1,none,1500000,8,0,edge,50,16,16,250,1,ACTIVE,stress,0,8,1,1,UVM_MEDIUM,0,1,0.032,-O2 -sv,+UVM_TESTNAME=auto,r2p0,1,96,20.0,backpressure_test,backpressure_seq,APB3+UART
RUN-003332,uart_loopback_test-003332,Uart_Loopback,APB3,priority,8,3,2,even,115200,8,1,level,200,32,32,500,1,ACTIVE,functional,0,8,1,1,UVM_MEDIUM,0,0,0.0,-O2 -sv -assert svaext,+UVM_TESTNAME=auto,r1p2,4,96,5.0,uart_loopback_test,uart_loopback_seq,APB3+UART
RUN-003333,reg_sweep_test-003333,Reg_Sweep,APB4,static,2,6,2,none,460800,16,0,edge,100,16,32,500,1,ACTIVE,regression,0,16,1,1,UVM_LOW,0,0,0.0,-O2 -sv,+UVM_TESTNAME=auto -cm line+tgl,r1p2,0,192,10.0,reg_sweep_test,reg_sweep_seq,APB4+UART
RUN-003334,reg_sweep_test-003334,Reg_Sweep,APB3,priority,8,0,0,odd,230400,32,1,level,200,16,32,50,2,ACTIVE,functional,0,16,1,1,UVM_LOW,0,1,0.0026,-O2 -sv,+UVM_TESTNAME=auto -cm line+tgl,r2p0,11,384,5.0,reg_sweep_test,reg_sweep_seq,APB3+UART
RUN-003335,dma_burst_test-003335,Dma_Burst,APB4,round_robin,4,7,2,none,921600,32,0,edge,50,8,16,250,2,PASSIVE,stress,0,4,0,1,UVM_MEDIUM,0,1,0.0336,-O2 -sv,+UVM_TESTNAME=auto,r2p0,0,384,20.0,dma_burst_test,dma_burst_seq,APB4+UART
RUN-003336,uart_loopback_test-003336,Uart_Loopback,APB3,priority,2,5,1,even,230400,8,0,edge,50,8,32,100,1,ACTIVE,functional,0,8,0,1,UVM_LOW,1,1,0.0007,-O2 -sv,+UVM_TESTNAME=auto,r2p0,7,96,20.0,uart_loopback_test,uart_loopback_seq,APB3+UART
RUN-003337,backpressure_test-003337,Backpressure,APB3,round_robin,2,3,2,none,230400,8,0,level,50,16,16,250,2,ACTIVE,functional,0,4,1,1,UVM_LOW,0,1,0.0021,-O2 -sv -assert svaext,+UVM_TESTNAME=auto,r1p2,9,96,20.0,backpressure_test,backpressure_seq,APB3+UART
RUN-003338,backpressure_test-003338,Backpressure,APB3,priority,8,1,0,even,115200,16,0,edge,100,8,32,100,2,ACTIVE,regression,1,8,0,1,UVM_LOW,0,0,0.0,-O2 -sv,+UVM_TESTNAME=auto,r1p2,0,192,10.0,backpressure_test,backpressure_seq,APB3+UART
RUN-003339,dma_burst_test-003339,Dma_Burst,APB3,round_robin,2,6,1,even,460800,32,1,level,100,32,32,250,2,PASSIVE,regression,0,16,0,1,UVM_LOW,0,1,0.0059,-O2 -sv -assert svaext,+UVM_TESTNAME=auto,r1p2,5,384,10.0,dma_burst_test,dma_burst_seq,APB3+UART
RUN-003340,dma_burst_test-003340,Dma_Burst,APB4,priority,2,5,1,none,460800,32,0,edge,50,16,16,100,3,ACTIVE,functional,0,4,1,1,UVM_MEDIUM,0,1,0.006,-O2 -sv -assert svaext,+UVM_TESTNAME=auto,r2p0,7,384,20.0,dma_burst_test,dma_burst_seq,APB4+UART
RUN-003341,backpressure_test-003341,Backpressure,APB3,static,8,5,1,none,1500000,64,0,edge,25,32,32,250,1,ACTIVE,stress,0,16,1,1,UVM_HIGH,1,0,0.0,-O2 -sv -assert svaext,+UVM_TESTNAME=auto -cm line+tgl,r1p2,6,768,40.0,backpressure_test,backpressure_seq,APB3+UART
RUN-003342,backpressure_test-003342,Backpressure,APB4,round_robin,2,1,0,odd,921600,16,1,level,50,16,16,50,1,ACTIVE,stress,0,16,0,1,UVM_HIGH,0,0,0.0,-O2 -sv -assert svaext,+UVM_TESTNAME=auto,r1p0,6,192,20.0,backpressure_test,backpressure_seq,APB4+UART
RUN-003343,backpressure_test-003343,Backpressure,APB3,static,2,4,0,even,1500000,16,0,edge,50,16,32,500,3,ACTIVE,regression,0,4,1,1,UVM_LOW,0,0,0.0,-O2 -sv,+UVM_TESTNAME=auto -cm line+tgl,r1p2,0,192,20.0,backpressure_test,backpressure_seq,APB3+UART
RUN-003344,backpressure_test-003344,Backpressure,APB4,priority,4,0,1,odd,1500000,8,0,level,50,16,16,100,1,ACTIVE,functional,0,8,0,1,UVM_MEDIUM,0,0,0.0,-O0 -sv -debug,+UVM_TESTNAME=auto -cm line+tgl,r1p0,3,96,20.0,backpressure_test,backpressure_seq,APB4+UART
RUN-003345,reset_recovery_test-003345,Reset_Recovery,APB4,round_robin,8,1,1,none,115200,4,1,edge,50,32,16,250,1,ACTIVE,regression,0,16,0,1,UVM_MEDIUM,0,1,0.0112,-O0 -sv -debug,+UVM_TESTNAME=auto -cm line+tgl,r1p0,7,48,20.0,reset_recovery_test,reset_recovery_seq,APB4+UART
RUN-003346,reg_sweep_test-003346,Reg_Sweep,APB3,static,4,1,1,even,460800,64,0,level,200,16,16,50,1,ACTIVE,stress,0,4,1,1,UVM_MEDIUM,0,1,0.0385,-O0 -sv -debug,+UVM_TESTNAME=auto,r1p2,2,768,5.0,reg_sweep_test,reg_sweep_seq,APB3+UART
RUN-003347,reg_sweep_test-003347,Reg_Sweep,APB3,static,8,7,0,none,921600,16,0,edge,50,8,16,50,2,ACTIVE,functional,0,8,0,1,UVM_MEDIUM,1,1,0.001,-O0 -sv -debug,+UVM_TESTNAME=auto -cm line+tgl,r2p0,1,192,20.0,reg_sweep_test,reg_sweep_seq,APB3+UART
RUN-003348,reset_recovery_test-003348,Reset_Recovery,APB4,priority,8,0,0,none,460800,8,0,level,50,32,32,100,1,ACTIVE,regression,0,16,1,1,UVM_LOW,0,0,0.0,-O2 -sv -assert svaext,+UVM_TESTNAME=auto,r2p0,9,96,20.0,reset_recovery_test,reset_recovery_seq,APB4+UART
RUN-003349,parity_stress_test-003349,Parity_Stress,APB4,static,2,2,2,none,1500000,4,1,edge,25,32,16,500,1,ACTIVE,stress,1,8,1,1,UVM_MEDIUM,1,0,0.0,-O0 -sv -debug,+UVM_TESTNAME=auto,r1p0,10,48,40.0,parity_stress_test,parity_stress_seq,APB4+UART
RUN-003350,reg_sweep_test-003350,Reg_Sweep,APB3,static,8,0,2,even,1500000,16,0,edge,200,32,32,500,1,ACTIVE,regression,0,4,1,1,UVM_LOW,1,1,0.0384,-O2 -sv -assert svaext,+UVM_TESTNAME=auto,r2p0,3,192,5.0,reg_sweep_test,reg_sweep_seq,APB3+UART
RUN-003351,reg_sweep_test-003351,Reg_Sweep,APB4,round_robin,2,3,1,even,115200,32,0,level,200,16,32,50,1,ACTIVE,regression,1,8,1,1,UVM_MEDIUM,1,0,0.0,-O2 -sv,+UVM_TESTNAME=auto -cm line+tgl,r1p2,0,384,5.0,reg_sweep_test,reg_sweep_seq,APB4+UART
RUN-003352,irq_storm_test-003352,Irq_Storm,APB4,priority,8,7,1,even,1500000,32,1,level,200,8,16,50,1,ACTIVE,stress,0,8,1,1,UVM_HIGH,1,1,0.039,-O2 -sv,+UVM_TESTNAME=auto -cm line+tgl,r2p0,3,384,5.0,irq_storm_test,irq_storm_seq,APB4+UART
RUN-003353,irq_storm_test-003353,Irq_Storm,APB4,round_robin,4,7,0,none,460800,4,1,level,100,32,16,50,2,ACTIVE,regression,0,8,1,1,UVM_MEDIUM,0,0,0.0,-O2 -sv,+UVM_TESTNAME=auto,r2p0,4,48,10.0,irq_storm_test,irq_storm_seq,APB4+UART
RUN-003354,reset_recovery_test-003354,Reset_Recovery,APB3,priority,2,6,1,even,115200,4,1,edge,100,32,32,500,1,ACTIVE,functional,0,8,1,1,UVM_LOW,0,1,0.0051,-O0 -sv -debug,+UVM_TESTNAME=auto,r1p2,1,48,10.0,reset_recovery_test,reset_recovery_seq,APB3+UART
RUN-003355,reset_recovery_test-003355,Reset_Recovery,APB3,priority,2,4,2,even,921600,16,0,edge,100,32,16,50,2,ACTIVE,functional,0,16,1,1,UVM_HIGH,0,0,0.0,-O2 -sv -assert svaext,+UVM_TESTNAME=auto,r1p2,11,192,10.0,reset_recovery_test,reset_recovery_seq,APB3+UART
RUN-003356,backpressure_test-003356,Backpressure,APB4,priority,8,0,0,even,921600,32,1,level,200,16,16,250,2,ACTIVE,stress,0,16,0,1,UVM_HIGH,1,1,0.0083,-O2 -sv -assert svaext,+UVM_TESTNAME=auto,r1p2,3,384,5.0,backpressure_test,backpressure_seq,APB4+UART
RUN-003357,dma_burst_test-003357,Dma_Burst,APB3,priority,2,6,1,even,230400,16,1,level,50,16,32,500,1,PASSIVE,stress,0,16,1,1,UVM_MEDIUM,0,0,0.0,-O2 -sv,+UVM_TESTNAME=auto,r2p0,6,192,20.0,dma_burst_test,dma_burst_seq,APB3+UART
RUN-003358,irq_storm_test-003358,Irq_Storm,APB3,round_robin,2,0,4,none,921600,16,1,level,100,16,16,50,2,ACTIVE,regression,0,4,1,1,UVM_LOW,0,1,0.0363,-O2 -sv,+UVM_TESTNAME=auto,r1p2,1,192,10.0,irq_storm_test,irq_storm_seq,APB3+UART
RUN-003359,reg_sweep_test-003359,Reg_Sweep,APB4,priority,8,7,2,none,1500000,32,1,level,25,32,32,250,2,PASSIVE,regression,1,8,1,0,UVM_MEDIUM,0,0,0.0,-O2 -sv,+UVM_TESTNAME=auto,r1p2,1,384,40.0,reg_sweep_test,reg_sweep_seq,APB4+UART
RUN-003360,parity_stress_test-003360,Parity_Stress,APB3,priority,2,1,2,even,460800,32,0,edge,100,32,32,500,2,ACTIVE,regression,0,16,0,1,UVM_MEDIUM,0,1,0.0375,-O2 -sv,+UVM_TESTNAME=auto -cm line+tgl,r1p2,7,384,10.0,parity_stress_test,parity_stress_seq,APB3+UART
RUN-003361,uart_loopback_test-003361,Uart_Loopback,APB3,static,4,1,0,none,460800,8,0,level,100,16,16,50,1,PASSIVE,functional,0,8,1,1,UVM_LOW,0,0,0.0,-O2 -sv -assert svaext,+UVM_TESTNAME=auto -cm line+tgl,r2p0,6,96,10.0,uart_loopback_test,uart_loopback_seq,APB3+UART
RUN-003362,reset_recovery_test-003362,Reset_Recovery,APB3,priority,8,5,1,odd,115200,32,0,level,100,16,16,100,3,ACTIVE,functional,0,8,1,1,UVM_LOW,1,1,0.0186,-O0 -sv -debug,+UVM_TESTNAME=auto -cm line+tgl,r1p2,8,384,10.0,reset_recovery_test,reset_recovery_seq,APB3+UART
RUN-003363,reg_sweep_test-003363,Reg_Sweep,APB3,static,2,7,2,none,460800,32,0,edge,100,32,32,100,3,ACTIVE,stress,0,8,1,1,UVM_LOW,0,0,0.0,-O2 -sv,+UVM_TESTNAME=auto -cm line+tgl,r2p0,10,384,10.0,reg_sweep_test,reg_sweep_seq,APB3+UART
RUN-003364,reg_sweep_test-003364,Reg_Sweep,APB3,static,2,7,0,odd,230400,4,1,level,50,8,32,250,1,ACTIVE,functional,0,8,1,1,UVM_MEDIUM,0,0,0.0,-O0 -sv -debug,+UVM_TESTNAME=auto -cm line+tgl,r1p2,7,48,20.0,reg_sweep_test,reg_sweep_seq,APB3+UART
RUN-003365,backpressure_test-003365,Backpressure,APB3,round_robin,4,5,1,even,115200,16,1,level,100,8,16,100,3,ACTIVE,regression,0,8,1,1,UVM_LOW,0,1,0.0374,-O2 -sv,+UVM_TESTNAME=auto,r1p0,5,192,10.0,backpressure_test,backpressure_seq,APB3+UART
RUN-003366,dma_burst_test-003366,Dma_Burst,APB4,round_robin,4,0,4,none,460800,8,1,edge,50,32,16,50,3,ACTIVE,regression,1,4,0,1,UVM_HIGH,0,0,0.0,-O2 -sv,+UVM_TESTNAME=auto -cm line+tgl,r1p0,9,96,20.0,dma_burst_test,dma_burst_seq,APB4+UART
RUN-003367,uart_loopback_test-003367,Uart_Loopback,APB4,round_robin,2,7,1,none,460800,32,1,level,50,8,16,100,3,ACTIVE,functional,0,8,0,1,UVM_MEDIUM,0,1,0.0307,-O2 -sv,+UVM_TESTNAME=auto,r1p0,7,384,20.0,uart_loopback_test,uart_loopback_seq,APB4+UART
RUN-003368,uart_loopback_test-003368,Uart_Loopback,APB3,priority,2,4,0,none,921600,4,0,edge,100,16,32,50,1,ACTIVE,stress,0,4,1,1,UVM_MEDIUM,0,1,0.0235,-O2 -sv,+UVM_TESTNAME=auto,r1p0,0,48,10.0,uart_loopback_test,uart_loopback_seq,APB3+UART
RUN-003369,reset_recovery_test-003369,Reset_Recovery,APB3,priority,2,4,1,odd,921600,4,0,edge,100,8,16,250,2,ACTIVE,functional,1,4,1,1,UVM_MEDIUM,0,0,0.0,-O0 -sv -debug,+UVM_TESTNAME=auto,r2p0,7,48,10.0,reset_recovery_test,reset_recovery_seq,APB3+UART
RUN-003370,reset_recovery_test-003370,Reset_Recovery,APB3,round_robin,4,0,1,none,115200,8,0,edge,50,32,32,250,2,ACTIVE,functional,0,8,0,1,UVM_LOW,1,0,0.0,-O2 -sv -assert svaext,+UVM_TESTNAME=auto -cm line+tgl,r2p0,7,96,20.0,reset_recovery_test,reset_recovery_seq,APB3+UART
RUN-003371,parity_stress_test-003371,Parity_Stress,APB4,round_robin,16,6,0,odd,460800,4,1,level,50,32,16,100,1,ACTIVE,stress,0,4,0,1,UVM_LOW,0,0,0.0,-O2 -sv -assert svaext,+UVM_TESTNAME=auto,r1p2,8,48,20.0,parity_stress_test,parity_stress_seq,APB4+UART
RUN-003372,uart_loopback_test-003372,Uart_Loopback,APB3,priority,4,4,2,even,115200,16,1,level,25,32,16,100,1,ACTIVE,functional,0,8,1,1,UVM_MEDIUM,0,1,0.0397,-O0 -sv -debug,+UVM_TESTNAME=auto,r1p2,0,192,40.0,uart_loopback_test,uart_loopback_seq,APB3+UART
RUN-003373,backpressure_test-003373,Backpressure,APB4,round_robin,8,1,2,even,1500000,8,1,level,25,32,16,250,1,ACTIVE,stress,0,4,0,1,UVM_LOW,0,0,0.0,-O2 -sv,+UVM_TESTNAME=auto -cm line+tgl,r2p0,5,96,40.0,backpressure_test,backpressure_seq,APB4+UART
RUN-003374,uart_loopback_test-003374,Uart_Loopback,APB4,priority,16,3,2,odd,115200,8,0,edge,25,32,32,100,1,PASSIVE,functional,0,8,1,1,UVM_MEDIUM,0,1,0.0051,-O0 -sv -debug,+UVM_TESTNAME=auto -cm line+tgl,r1p2,8,96,40.0,uart_loopback_test,uart_loopback_seq,APB4+UART
RUN-003375,backpressure_test-003375,Backpressure,APB4,priority,2,1,2,even,921600,32,0,level,100,16,32,100,3,ACTIVE,stress,0,8,1,1,UVM_MEDIUM,1,0,0.0,-O2 -sv,+UVM_TESTNAME=auto -cm line+tgl,r1p2,7,384,10.0,backpressure_test,backpressure_seq,APB4+UART
RUN-003376,dma_burst_test-003376,Dma_Burst,APB4,round_robin,4,5,0,none,1500000,8,1,edge,200,32,32,250,1,ACTIVE,regression,0,8,0,1,UVM_MEDIUM,0,1,0.0329,-O0 -sv -debug,+UVM_TESTNAME=auto,r1p2,3,96,5.0,dma_burst_test,dma_burst_seq,APB4+UART
RUN-003377,reset_recovery_test-003377,Reset_Recovery,APB4,static,2,4,2,odd,230400,16,0,level,100,32,16,250,3,ACTIVE,functional,0,8,0,1,UVM_LOW,1,0,0.0,-O0 -sv -debug,+UVM_TESTNAME=auto -cm line+tgl,r1p0,4,192,10.0,reset_recovery_test,reset_recovery_seq,APB4+UART
RUN-003378,irq_storm_test-003378,Irq_Storm,APB3,priority,2,2,0,odd,460800,16,1,level,25,32,32,100,2,ACTIVE,regression,0,8,1,1,UVM_LOW,1,0,0.0,-O2 -sv,+UVM_TESTNAME=auto,r1p2,10,192,40.0,irq_storm_test,irq_storm_seq,APB3+UART
RUN-003379,reset_recovery_test-003379,Reset_Recovery,APB3,priority,8,5,2,none,921600,8,1,level,200,16,32,100,3,ACTIVE,functional,0,8,1,0,UVM_HIGH,1,1,0.0215,-O0 -sv -debug,+UVM_TESTNAME=auto -cm line+tgl,r1p0,9,96,5.0,reset_recovery_test,reset_recovery_seq,APB3+UART
RUN-003380,irq_storm_test-003380,Irq_Storm,APB3,static,8,6,0,odd,1500000,32,1,level,100,32,32,500,3,ACTIVE,regression,0,4,1,1,UVM_LOW,0,0,0.0,-O2 -sv,+UVM_TESTNAME=auto,r1p0,4,384,10.0,irq_storm_test,irq_storm_seq,APB3+UART
RUN-003381,reset_recovery_test-003381,Reset_Recovery,APB4,round_robin,2,0,1,none,230400,4,0,edge,25,32,16,50,1,ACTIVE,functional,0,16,1,1,UVM_MEDIUM,0,1,0.0279,-O2 -sv,+UVM_TESTNAME=auto,r1p0,9,48,40.0,reset_recovery_test,reset_recovery_seq,APB4+UART
RUN-003382,irq_storm_test-003382,Irq_Storm,APB4,priority,8,4,2,none,1500000,8,0,level,100,8,32,50,1,ACTIVE,regression,1,8,1,1,UVM_MEDIUM,0,0,0.0,-O0 -sv -debug,+UVM_TESTNAME=auto -cm line+tgl,r1p2,8,96,10.0,irq_storm_test,irq_storm_seq,APB4+UART
RUN-003383,reg_sweep_test-003383,Reg_Sweep,APB4,static,2,2,4,odd,921600,4,1,edge,25,16,32,50,3,ACTIVE,stress,0,4,0,0,UVM_LOW,0,0,0.0,-O2 -sv,+UVM_TESTNAME=auto -cm line+tgl,r2p0,7,48,40.0,reg_sweep_test,reg_sweep_seq,APB4+UART
RUN-003384,reset_recovery_test-003384,Reset_Recovery,APB4,static,2,6,0,odd,230400,16,1,level,50,16,16,100,3,ACTIVE,functional,0,16,0,1,UVM_MEDIUM,0,0,0.0,-O2 -sv,+UVM_TESTNAME=auto -cm line+tgl,r1p2,6,192,20.0,reset_recovery_test,reset_recovery_seq,APB4+UART
RUN-003385,reset_recovery_test-003385,Reset_Recovery,APB4,priority,2,5,0,even,115200,16,1,edge,100,8,32,500,1,ACTIVE,functional,0,16,0,1,UVM_HIGH,0,0,0.0,-O2 -sv,+UVM_TESTNAME=auto,r1p0,8,192,10.0,reset_recovery_test,reset_recovery_seq,APB4+UART
RUN-003386,dma_burst_test-003386,Dma_Burst,APB4,priority,4,3,0,even,115200,16,0,level,50,8,32,250,2,ACTIVE,functional,1,4,1,1,UVM_LOW,0,0,0.0,-O2 -sv,+UVM_TESTNAME=auto -cm line+tgl,r1p2,11,192,20.0,dma_burst_test,dma_burst_seq,APB4+UART
RUN-003387,irq_storm_test-003387,Irq_Storm,APB4,priority,2,1,2,none,230400,8,1,edge,50,16,32,100,1,ACTIVE,functional,1,16,1,1,UVM_LOW,1,0,0.0,-O2 -sv,+UVM_TESTNAME=auto,r1p2,10,96,20.0,irq_storm_test,irq_storm_seq,APB4+UART
RUN-003388,uart_loopback_test-003388,Uart_Loopback,APB3,static,8,0,0,even,115200,32,1,level,25,16,32,100,2,ACTIVE,stress,0,8,0,1,UVM_LOW,1,1,0.0393,-O2 -sv -assert svaext,+UVM_TESTNAME=auto,r1p2,9,384,40.0,uart_loopback_test,uart_loopback_seq,APB3+UART
RUN-003389,reg_sweep_test-003389,Reg_Sweep,APB4,static,4,5,1,odd,921600,8,0,level,50,32,16,100,3,ACTIVE,stress,0,16,0,1,UVM_MEDIUM,0,0,0.0,-O0 -sv -debug,+UVM_TESTNAME=auto,r1p0,4,96,20.0,reg_sweep_test,reg_sweep_seq,APB4+UART
RUN-003390,reset_recovery_test-003390,Reset_Recovery,APB4,static,2,4,0,none,115200,4,1,level,100,8,16,100,2,ACTIVE,stress,0,4,1,1,UVM_HIGH,0,1,0.0241,-O0 -sv -debug,+UVM_TESTNAME=auto,r1p0,10,48,10.0,reset_recovery_test,reset_recovery_seq,APB4+UART
RUN-003391,reset_recovery_test-003391,Reset_Recovery,APB4,static,4,5,1,odd,460800,16,1,edge,25,32,32,250,2,PASSIVE,functional,0,8,1,1,UVM_MEDIUM,0,1,0.0185,-O2 -sv,+UVM_TESTNAME=auto -cm line+tgl,r1p2,11,192,40.0,reset_recovery_test,reset_recovery_seq,APB4+UART
RUN-003392,dma_burst_test-003392,Dma_Burst,APB4,priority,4,5,1,odd,921600,4,0,edge,50,8,16,100,2,ACTIVE,functional,0,4,0,1,UVM_MEDIUM,1,0,0.0,-O2 -sv,+UVM_TESTNAME=auto -cm line+tgl,r2p0,0,48,20.0,dma_burst_test,dma_burst_seq,APB4+UART
RUN-003393,backpressure_test-003393,Backpressure,APB3,round_robin,2,5,1,odd,1500000,32,0,level,25,32,16,500,1,ACTIVE,functional,1,8,1,1,UVM_LOW,0,0,0.0,-O2 -sv -assert svaext,+UVM_TESTNAME=auto -cm line+tgl,r1p2,7,384,40.0,backpressure_test,backpressure_seq,APB3+UART
RUN-003394,reset_recovery_test-003394,Reset_Recovery,APB3,round_robin,4,7,0,even,1500000,32,0,level,50,32,16,100,2,PASSIVE,regression,0,4,1,1,UVM_LOW,1,0,0.0,-O2 -sv,+UVM_TESTNAME=auto -cm line+tgl,r1p2,11,384,20.0,reset_recovery_test,reset_recovery_seq,APB3+UART
RUN-003395,reg_sweep_test-003395,Reg_Sweep,APB4,round_robin,16,1,0,none,115200,8,0,edge,100,32,32,250,3,ACTIVE,functional,0,4,1,1,UVM_LOW,0,0,0.0,-O2 -sv,+UVM_TESTNAME=auto -cm line+tgl,r1p2,11,96,10.0,reg_sweep_test,reg_sweep_seq,APB4+UART
RUN-003396,uart_loopback_test-003396,Uart_Loopback,APB3,round_robin,16,7,0,even,1500000,32,1,edge,50,32,32,100,3,ACTIVE,functional,1,8,1,1,UVM_MEDIUM,1,0,0.0,-O2 -sv,+UVM_TESTNAME=auto -cm line+tgl,r1p2,0,384,20.0,uart_loopback_test,uart_loopback_seq,APB3+UART
RUN-003397,dma_burst_test-003397,Dma_Burst,APB4,static,4,3,1,none,230400,4,0,level,50,32,32,500,1,ACTIVE,functional,1,16,1,1,UVM_MEDIUM,0,1,0.0117,-O2 -sv -assert svaext,+UVM_TESTNAME=auto -cm line+tgl,r1p0,2,48,20.0,dma_burst_test,dma_burst_seq,APB4+UART
RUN-003398,reg_sweep_test-003398,Reg_Sweep,APB4,round_robin,8,7,0,even,921600,64,1,level,200,8,16,100,3,ACTIVE,stress,1,16,0,1,UVM_MEDIUM,0,1,0.0024,-O2 -sv,+UVM_TESTNAME=auto -cm line+tgl,r2p0,11,768,5.0,reg_sweep_test,reg_sweep_seq,APB4+UART
RUN-003399,dma_burst_test-003399,Dma_Burst,APB3,priority,8,4,1,even,460800,64,0,edge,50,16,16,100,1,ACTIVE,regression,0,4,1,1,UVM_LOW,0,0,0.0,-O2 -sv,+UVM_TESTNAME=auto -cm line+tgl,r1p2,8,768,20.0,dma_burst_test,dma_burst_seq,APB3+UART
RUN-003400,uart_loopback_test-003400,Uart_Loopback,APB4,round_robin,2,2,0,odd,230400,8,1,level,100,16,32,100,2,ACTIVE,functional,0,16,1,1,UVM_LOW,0,0,0.0,-O2 -sv -assert svaext,+UVM_TESTNAME=auto,r2p0,1,96,10.0,uart_loopback_test,uart_loopback_seq,APB4+UART
RUN-003401,backpressure_test-003401,Backpressure,APB3,round_robin,8,7,2,odd,460800,16,1,level,200,32,16,50,1,ACTIVE,stress,1,4,0,1,UVM_LOW,0,1,0.0215,-O0 -sv -debug,+UVM_TESTNAME=auto -cm line+tgl,r1p2,0,192,5.0,backpressure_test,backpressure_seq,APB3+UART
RUN-003402,reg_sweep_test-003402,Reg_Sweep,APB3,round_robin,4,0,2,none,115200,16,1,level,50,32,32,500,2,ACTIVE,stress,0,16,1,1,UVM_MEDIUM,0,0,0.0,-O2 -sv -assert svaext,+UVM_TESTNAME=auto,r2p0,8,192,20.0,reg_sweep_test,reg_sweep_seq,APB3+UART
RUN-003403,dma_burst_test-003403,Dma_Burst,APB4,priority,4,5,2,odd,115200,16,0,edge,100,32,32,100,3,ACTIVE,functional,1,4,0,1,UVM_LOW,0,0,0.0,-O2 -sv,+UVM_TESTNAME=auto,r1p2,9,192,10.0,dma_burst_test,dma_burst_seq,APB4+UART
RUN-003404,dma_burst_test-003404,Dma_Burst,APB4,round_robin,4,2,0,none,115200,32,1,edge,100,32,16,250,2,PASSIVE,regression,0,4,1,0,UVM_LOW,1,0,0.0,-O2 -sv,+UVM_TESTNAME=auto,r2p0,10,384,10.0,dma_burst_test,dma_burst_seq,APB4+UART
RUN-003405,dma_burst_test-003405,Dma_Burst,APB4,static,2,2,0,odd,230400,32,1,level,25,16,16,250,1,ACTIVE,regression,0,8,1,1,UVM_LOW,0,0,0.0,-O2 -sv,+UVM_TESTNAME=auto -cm line+tgl,r1p2,9,384,40.0,dma_burst_test,dma_burst_seq,APB4+UART
RUN-003406,reset_recovery_test-003406,Reset_Recovery,APB4,priority,8,1,4,even,230400,8,1,level,25,16,32,100,2,PASSIVE,functional,0,8,1,1,UVM_MEDIUM,1,1,0.0156,-O2 -sv -assert svaext,+UVM_TESTNAME=auto,r1p0,0,96,40.0,reset_recovery_test,reset_recovery_seq,APB4+UART
RUN-003407,dma_burst_test-003407,Dma_Burst,APB4,priority,8,6,0,none,115200,64,0,level,50,16,16,100,1,ACTIVE,stress,0,16,1,1,UVM_MEDIUM,1,1,0.0103,-O2 -sv -assert svaext,+UVM_TESTNAME=auto,r2p0,6,768,20.0,dma_burst_test,dma_burst_seq,APB4+UART
RUN-003408,irq_storm_test-003408,Irq_Storm,APB3,priority,8,7,1,even,921600,16,1,level,200,16,16,100,3,ACTIVE,stress,1,8,1,0,UVM_LOW,0,1,0.03,-O2 -sv -assert svaext,+UVM_TESTNAME=auto -cm line+tgl,r1p0,3,192,5.0,irq_storm_test,irq_storm_seq,APB3+UART
RUN-003409,uart_loopback_test-003409,Uart_Loopback,APB3,priority,16,0,0,none,230400,8,0,level,200,16,16,100,3,ACTIVE,functional,0,16,0,1,UVM_LOW,0,1,0.0138,-O2 -sv,+UVM_TESTNAME=auto,r1p0,7,96,5.0,uart_loopback_test,uart_loopback_seq,APB3+UART
RUN-003410,reset_recovery_test-003410,Reset_Recovery,APB3,round_robin,4,3,0,none,115200,4,1,level,100,16,16,100,2,PASSIVE,regression,0,4,1,1,UVM_HIGH,0,0,0.0,-O2 -sv,+UVM_TESTNAME=auto,r1p0,2,48,10.0,reset_recovery_test,reset_recovery_seq,APB3+UART
RUN-003411,irq_storm_test-003411,Irq_Storm,APB4,priority,16,2,0,even,230400,8,0,edge,200,16,32,100,2,ACTIVE,stress,1,8,1,1,UVM_MEDIUM,1,0,0.0,-O2 -sv,+UVM_TESTNAME=auto,r1p2,4,96,5.0,irq_storm_test,irq_storm_seq,APB4+UART
RUN-003412,reset_recovery_test-003412,Reset_Recovery,APB4,round_robin,4,1,2,none,1500000,16,1,level,100,32,32,250,2,ACTIVE,functional,0,8,1,1,UVM_HIGH,1,0,0.0,-O2 -sv -assert svaext,+UVM_TESTNAME=auto,r1p0,2,192,10.0,reset_recovery_test,reset_recovery_seq,APB4+UART
RUN-003413,reg_sweep_test-003413,Reg_Sweep,APB4,round_robin,4,5,0,even,230400,32,1,edge,100,16,32,100,1,ACTIVE,regression,0,16,1,1,UVM_LOW,1,0,0.0,-O0 -sv -debug,+UVM_TESTNAME=auto -cm line+tgl,r1p2,11,384,10.0,reg_sweep_test,reg_sweep_seq,APB4+UART
RUN-003414,irq_storm_test-003414,Irq_Storm,APB4,priority,2,3,4,even,460800,16,1,edge,50,8,16,500,1,ACTIVE,stress,0,4,0,1,UVM_LOW,0,1,0.0284,-O2 -sv,+UVM_TESTNAME=auto,r1p2,11,192,20.0,irq_storm_test,irq_storm_seq,APB4+UART
RUN-003415,irq_storm_test-003415,Irq_Storm,APB3,priority,2,4,2,even,921600,4,1,level,100,32,32,50,3,ACTIVE,regression,0,8,1,1,UVM_HIGH,1,0,0.0,-O0 -sv -debug,+UVM_TESTNAME=auto,r2p0,4,48,10.0,irq_storm_test,irq_storm_seq,APB3+UART
RUN-003416,reset_recovery_test-003416,Reset_Recovery,APB4,round_robin,8,4,0,none,921600,4,1,level,100,16,16,50,2,PASSIVE,stress,0,4,1,1,UVM_MEDIUM,0,1,0.0229,-O2 -sv -assert svaext,+UVM_TESTNAME=auto -cm line+tgl,r2p0,3,48,10.0,reset_recovery_test,reset_recovery_seq,APB4+UART
RUN-003417,reg_sweep_test-003417,Reg_Sweep,APB3,static,2,4,0,even,1500000,16,0,level,50,16,32,100,1,ACTIVE,stress,1,8,1,1,UVM_MEDIUM,0,1,0.0097,-O2 -sv -assert svaext,+UVM_TESTNAME=auto,r1p0,5,192,20.0,reg_sweep_test,reg_sweep_seq,APB3+UART
RUN-003418,dma_burst_test-003418,Dma_Burst,APB4,static,8,1,0,even,921600,8,1,level,25,32,32,100,1,PASSIVE,functional,0,8,1,1,UVM_LOW,0,1,0.0225,-O0 -sv -debug,+UVM_TESTNAME=auto -cm line+tgl,r1p2,11,96,40.0,dma_burst_test,dma_burst_seq,APB4+UART
RUN-003419,reset_recovery_test-003419,Reset_Recovery,APB3,priority,2,1,0,even,460800,32,1,level,100,32,32,100,1,ACTIVE,functional,1,4,1,1,UVM_HIGH,1,0,0.0,-O2 -sv -assert svaext,+UVM_TESTNAME=auto -cm line+tgl,r2p0,0,384,10.0,reset_recovery_test,reset_recovery_seq,APB3+UART
RUN-003420,parity_stress_test-003420,Parity_Stress,APB4,priority,16,6,1,odd,460800,64,1,edge,100,16,16,50,1,ACTIVE,functional,0,4,1,1,UVM_LOW,1,0,0.0,-O2 -sv,+UVM_TESTNAME=auto,r1p2,3,768,10.0,parity_stress_test,parity_stress_seq,APB4+UART
RUN-003421,reg_sweep_test-003421,Reg_Sweep,APB3,round_robin,2,2,2,none,230400,16,1,edge,50,8,32,100,3,ACTIVE,functional,0,8,1,1,UVM_MEDIUM,0,1,0.005,-O2 -sv,+UVM_TESTNAME=auto -cm line+tgl,r1p0,4,192,20.0,reg_sweep_test,reg_sweep_seq,APB3+UART
RUN-003422,reg_sweep_test-003422,Reg_Sweep,APB4,round_robin,2,3,0,none,230400,16,0,edge,50,32,32,100,2,ACTIVE,stress,0,8,1,1,UVM_LOW,1,0,0.0,-O2 -sv -assert svaext,+UVM_TESTNAME=auto -cm line+tgl,r1p0,0,192,20.0,reg_sweep_test,reg_sweep_seq,APB4+UART
RUN-003423,dma_burst_test-003423,Dma_Burst,APB4,round_robin,4,6,4,odd,115200,32,1,level,25,16,32,50,3,PASSIVE,functional,0,8,0,1,UVM_LOW,0,0,0.0,-O2 -sv -assert svaext,+UVM_TESTNAME=auto,r1p2,6,384,40.0,dma_burst_test,dma_burst_seq,APB4+UART
RUN-003424,reg_sweep_test-003424,Reg_Sweep,APB4,priority,8,5,0,odd,460800,16,0,level,50,32,32,50,1,PASSIVE,functional,0,16,0,1,UVM_LOW,0,0,0.0,-O0 -sv -debug,+UVM_TESTNAME=auto,r1p2,7,192,20.0,reg_sweep_test,reg_sweep_seq,APB4+UART
RUN-003425,parity_stress_test-003425,Parity_Stress,APB4,priority,8,4,0,odd,460800,8,1,edge,50,16,32,100,1,PASSIVE,regression,0,8,1,1,UVM_MEDIUM,0,0,0.0,-O2 -sv,+UVM_TESTNAME=auto -cm line+tgl,r2p0,9,96,20.0,parity_stress_test,parity_stress_seq,APB4+UART
RUN-003426,dma_burst_test-003426,Dma_Burst,APB4,round_robin,4,2,0,none,230400,16,1,level,50,32,16,100,3,ACTIVE,functional,0,4,1,1,UVM_HIGH,1,0,0.0,-O0 -sv -debug,+UVM_TESTNAME=auto,r1p2,6,192,20.0,dma_burst_test,dma_burst_seq,APB4+UART
RUN-003427,parity_stress_test-003427,Parity_Stress,APB4,priority,8,6,1,none,230400,32,1,edge,200,8,32,500,3,PASSIVE,regression,0,8,1,1,UVM_LOW,0,0,0.0,-O2 -sv,+UVM_TESTNAME=auto -cm line+tgl,r1p0,1,384,5.0,parity_stress_test,parity_stress_seq,APB4+UART
RUN-003428,reset_recovery_test-003428,Reset_Recovery,APB3,priority,16,1,1,none,1500000,8,0,level,200,16,16,250,1,ACTIVE,regression,0,4,1,1,UVM_MEDIUM,0,1,0.0175,-O0 -sv -debug,+UVM_TESTNAME=auto,r1p2,1,96,5.0,reset_recovery_test,reset_recovery_seq,APB3+UART
RUN-003429,irq_storm_test-003429,Irq_Storm,APB3,static,4,5,2,odd,230400,16,0,edge,100,32,32,500,1,ACTIVE,regression,0,4,1,1,UVM_LOW,1,1,0.0087,-O2 -sv,+UVM_TESTNAME=auto,r1p0,3,192,10.0,irq_storm_test,irq_storm_seq,APB3+UART
RUN-003430,parity_stress_test-003430,Parity_Stress,APB3,round_robin,4,0,1,even,1500000,32,0,edge,200,16,32,100,2,ACTIVE,stress,0,4,1,1,UVM_MEDIUM,0,1,0.035,-O2 -sv -assert svaext,+UVM_TESTNAME=auto -cm line+tgl,r1p2,10,384,5.0,parity_stress_test,parity_stress_seq,APB3+UART
RUN-003431,uart_loopback_test-003431,Uart_Loopback,APB3,round_robin,8,1,0,even,230400,16,1,level,50,32,32,500,2,ACTIVE,functional,0,4,1,1,UVM_LOW,0,1,0.0371,-O2 -sv -assert svaext,+UVM_TESTNAME=auto -cm line+tgl,r2p0,5,192,20.0,uart_loopback_test,uart_loopback_seq,APB3+UART
RUN-003432,dma_burst_test-003432,Dma_Burst,APB4,priority,8,5,1,none,115200,64,0,edge,200,32,16,50,2,ACTIVE,stress,0,8,1,0,UVM_LOW,0,1,0.025,-O2 -sv -assert svaext,+UVM_TESTNAME=auto -cm line+tgl,r1p2,2,768,5.0,dma_burst_test,dma_burst_seq,APB4+UART
RUN-003433,parity_stress_test-003433,Parity_Stress,APB3,priority,2,1,2,odd,1500000,8,0,level,100,32,16,100,2,ACTIVE,functional,0,4,1,1,UVM_MEDIUM,0,1,0.0288,-O2 -sv -assert svaext,+UVM_TESTNAME=auto,r2p0,0,96,10.0,parity_stress_test,parity_stress_seq,APB3+UART
RUN-003434,reg_sweep_test-003434,Reg_Sweep,APB3,priority,4,4,4,none,1500000,64,1,level,100,8,16,100,1,ACTIVE,regression,0,4,1,1,UVM_MEDIUM,1,0,0.0,-O2 -sv,+UVM_TESTNAME=auto,r1p2,0,768,10.0,reg_sweep_test,reg_sweep_seq,APB3+UART
RUN-003435,irq_storm_test-003435,Irq_Storm,APB4,static,4,3,0,odd,115200,32,1,edge,200,32,16,50,1,ACTIVE,functional,0,16,1,1,UVM_MEDIUM,0,0,0.0,-O2 -sv,+UVM_TESTNAME=auto,r2p0,9,384,5.0,irq_storm_test,irq_storm_seq,APB4+UART
RUN-003436,uart_loopback_test-003436,Uart_Loopback,APB3,round_robin,4,3,0,odd,230400,32,1,edge,200,32,32,100,2,ACTIVE,functional,0,8,0,1,UVM_HIGH,0,1,0.0069,-O2 -sv,+UVM_TESTNAME=auto -cm line+tgl,r2p0,7,384,5.0,uart_loopback_test,uart_loopback_seq,APB3+UART
RUN-003437,uart_loopback_test-003437,Uart_Loopback,APB4,round_robin,4,4,0,even,115200,32,1,level,25,32,16,50,2,ACTIVE,regression,1,4,1,1,UVM_HIGH,0,0,0.0,-O2 -sv -assert svaext,+UVM_TESTNAME=auto,r2p0,9,384,40.0,uart_loopback_test,uart_loopback_seq,APB4+UART
RUN-003438,reset_recovery_test-003438,Reset_Recovery,APB3,priority,8,3,2,even,921600,8,1,level,25,8,16,500,1,ACTIVE,functional,0,8,0,1,UVM_MEDIUM,1,1,0.0255,-O2 -sv,+UVM_TESTNAME=auto,r1p0,1,96,40.0,reset_recovery_test,reset_recovery_seq,APB3+UART
RUN-003439,reg_sweep_test-003439,Reg_Sweep,APB4,static,8,7,4,none,230400,8,1,level,50,32,16,250,2,ACTIVE,stress,0,16,0,1,UVM_LOW,0,0,0.0,-O2 -sv,+UVM_TESTNAME=auto -cm line+tgl,r1p0,8,96,20.0,reg_sweep_test,reg_sweep_seq,APB4+UART
RUN-003440,reg_sweep_test-003440,Reg_Sweep,APB3,priority,2,7,0,none,115200,16,1,level,100,32,32,100,2,ACTIVE,stress,0,16,1,1,UVM_LOW,1,0,0.0,-O2 -sv,+UVM_TESTNAME=auto,r2p0,10,192,10.0,reg_sweep_test,reg_sweep_seq,APB3+UART
RUN-003441,reg_sweep_test-003441,Reg_Sweep,APB4,round_robin,4,3,0,even,230400,8,1,level,50,32,32,500,1,ACTIVE,regression,0,8,1,1,UVM_MEDIUM,0,1,0.0178,-O2 -sv,+UVM_TESTNAME=auto -cm line+tgl,r2p0,10,96,20.0,reg_sweep_test,reg_sweep_seq,APB4+UART
RUN-003442,reg_sweep_test-003442,Reg_Sweep,APB4,static,4,1,0,odd,460800,16,1,level,200,32,32,50,3,ACTIVE,stress,0,16,1,1,UVM_LOW,0,0,0.0,-O2 -sv,+UVM_TESTNAME=auto,r2p0,7,192,5.0,reg_sweep_test,reg_sweep_seq,APB4+UART
RUN-003443,irq_storm_test-003443,Irq_Storm,APB4,static,4,3,2,none,230400,16,0,level,50,16,32,250,1,PASSIVE,regression,0,4,1,1,UVM_LOW,1,0,0.0,-O2 -sv,+UVM_TESTNAME=auto -cm line+tgl,r1p2,5,192,20.0,irq_storm_test,irq_storm_seq,APB4+UART
RUN-003444,dma_burst_test-003444,Dma_Burst,APB4,priority,8,1,0,none,1500000,32,0,level,100,16,32,250,2,ACTIVE,stress,0,8,1,1,UVM_MEDIUM,0,0,0.0,-O0 -sv -debug,+UVM_TESTNAME=auto -cm line+tgl,r2p0,3,384,10.0,dma_burst_test,dma_burst_seq,APB4+UART
RUN-003445,reg_sweep_test-003445,Reg_Sweep,APB4,static,8,5,2,odd,115200,32,1,edge,100,32,32,100,2,ACTIVE,stress,0,4,1,1,UVM_MEDIUM,0,1,0.0141,-O2 -sv -assert svaext,+UVM_TESTNAME=auto,r2p0,6,384,10.0,reg_sweep_test,reg_sweep_seq,APB4+UART
RUN-003446,backpressure_test-003446,Backpressure,APB4,priority,4,0,1,none,460800,32,0,level,100,8,32,50,1,ACTIVE,regression,1,16,0,1,UVM_LOW,0,0,0.0,-O0 -sv -debug,+UVM_TESTNAME=auto,r2p0,4,384,10.0,backpressure_test,backpressure_seq,APB4+UART
RUN-003447,uart_loopback_test-003447,Uart_Loopback,APB4,round_robin,4,7,2,none,115200,8,0,level,25,8,16,250,1,ACTIVE,stress,0,8,1,1,UVM_HIGH,0,0,0.0,-O2 -sv,+UVM_TESTNAME=auto -cm line+tgl,r2p0,4,96,40.0,uart_loopback_test,uart_loopback_seq,APB4+UART
RUN-003448,backpressure_test-003448,Backpressure,APB3,static,2,4,2,odd,1500000,64,1,level,50,32,16,250,2,ACTIVE,stress,0,4,0,1,UVM_LOW,0,1,0.0034,-O2 -sv,+UVM_TESTNAME=auto,r2p0,2,768,20.0,backpressure_test,backpressure_seq,APB3+UART
RUN-003449,irq_storm_test-003449,Irq_Storm,APB4,round_robin,8,1,1,odd,230400,32,1,level,50,32,32,50,3,ACTIVE,regression,0,16,1,1,UVM_MEDIUM,1,0,0.0,-O2 -sv -assert svaext,+UVM_TESTNAME=auto,r2p0,10,384,20.0,irq_storm_test,irq_storm_seq,APB4+UART
RUN-003450,irq_storm_test-003450,Irq_Storm,APB3,static,4,4,0,odd,115200,16,0,level,50,8,32,250,1,PASSIVE,stress,0,4,1,1,UVM_MEDIUM,0,0,0.0,-O2 -sv -assert svaext,+UVM_TESTNAME=auto -cm line+tgl,r1p2,3,192,20.0,irq_storm_test,irq_storm_seq,APB3+UART
RUN-003451,dma_burst_test-003451,Dma_Burst,APB3,round_robin,2,5,0,even,230400,16,0,level,50,16,16,100,1,ACTIVE,stress,0,4,1,0,UVM_HIGH,1,0,0.0,-O2 -sv,+UVM_TESTNAME=auto,r1p0,2,192,20.0,dma_burst_test,dma_burst_seq,APB3+UART
RUN-003452,reset_recovery_test-003452,Reset_Recovery,APB4,priority,2,4,2,even,230400,64,1,edge,100,8,32,50,2,ACTIVE,functional,0,16,1,1,UVM_MEDIUM,1,0,0.0,-O2 -sv,+UVM_TESTNAME=auto -cm line+tgl,r1p2,11,768,10.0,reset_recovery_test,reset_recovery_seq,APB4+UART
RUN-003453,backpressure_test-003453,Backpressure,APB4,round_robin,4,7,4,even,460800,16,0,level,100,8,32,500,3,PASSIVE,regression,0,16,1,1,UVM_LOW,0,0,0.0,-O2 -sv,+UVM_TESTNAME=auto,r2p0,9,192,10.0,backpressure_test,backpressure_seq,APB4+UART
RUN-003454,reg_sweep_test-003454,Reg_Sweep,APB3,round_robin,4,7,0,even,460800,32,0,edge,200,32,16,250,1,PASSIVE,regression,0,16,1,0,UVM_LOW,0,0,0.0,-O0 -sv -debug,+UVM_TESTNAME=auto -cm line+tgl,r1p0,6,384,5.0,reg_sweep_test,reg_sweep_seq,APB3+UART
RUN-003455,irq_storm_test-003455,Irq_Storm,APB3,priority,4,5,1,none,230400,32,1,level,200,8,16,500,2,ACTIVE,regression,0,8,0,1,UVM_HIGH,0,0,0.0,-O0 -sv -debug,+UVM_TESTNAME=auto -cm line+tgl,r1p2,2,384,5.0,irq_storm_test,irq_storm_seq,APB3+UART
RUN-003456,backpressure_test-003456,Backpressure,APB4,static,8,3,2,none,921600,4,1,edge,100,16,32,50,2,ACTIVE,stress,1,8,1,1,UVM_MEDIUM,1,0,0.0,-O2 -sv,+UVM_TESTNAME=auto,r1p2,7,48,10.0,backpressure_test,backpressure_seq,APB4+UART
RUN-003457,dma_burst_test-003457,Dma_Burst,APB3,static,8,0,0,none,230400,16,1,edge,100,32,16,100,2,PASSIVE,functional,0,4,0,0,UVM_HIGH,0,0,0.0,-O0 -sv -debug,+UVM_TESTNAME=auto -cm line+tgl,r1p0,1,192,10.0,dma_burst_test,dma_burst_seq,APB3+UART
RUN-003458,dma_burst_test-003458,Dma_Burst,APB3,priority,2,4,1,even,921600,64,1,edge,25,32,32,50,2,ACTIVE,regression,0,8,0,1,UVM_LOW,0,0,0.0,-O0 -sv -debug,+UVM_TESTNAME=auto,r1p0,10,768,40.0,dma_burst_test,dma_burst_seq,APB3+UART
RUN-003459,reg_sweep_test-003459,Reg_Sweep,APB4,priority,16,2,0,none,115200,64,0,edge,200,32,16,250,2,ACTIVE,stress,0,4,1,1,UVM_LOW,1,0,0.0,-O2 -sv -assert svaext,+UVM_TESTNAME=auto,r2p0,2,768,5.0,reg_sweep_test,reg_sweep_seq,APB4+UART
RUN-003460,reg_sweep_test-003460,Reg_Sweep,APB3,priority,4,3,0,none,115200,16,0,level,100,32,32,100,2,ACTIVE,stress,0,8,0,1,UVM_HIGH,0,0,0.0,-O0 -sv -debug,+UVM_TESTNAME=auto,r1p0,9,192,10.0,reg_sweep_test,reg_sweep_seq,APB3+UART
RUN-003461,uart_loopback_test-003461,Uart_Loopback,APB4,priority,8,6,1,even,115200,32,1,level,50,32,32,100,1,ACTIVE,regression,0,16,1,1,UVM_MEDIUM,0,0,0.0,-O2 -sv,+UVM_TESTNAME=auto,r1p0,6,384,20.0,uart_loopback_test,uart_loopback_seq,APB4+UART
RUN-003462,parity_stress_test-003462,Parity_Stress,APB4,priority,16,5,1,even,460800,32,0,level,100,16,16,100,2,ACTIVE,regression,1,16,1,1,UVM_MEDIUM,0,1,0.0391,-O0 -sv -debug,+UVM_TESTNAME=auto,r2p0,5,384,10.0,parity_stress_test,parity_stress_seq,APB4+UART
RUN-003463,reg_sweep_test-003463,Reg_Sweep,APB3,round_robin,2,2,2,even,230400,16,1,level,50,32,32,500,1,ACTIVE,functional,0,4,1,1,UVM_MEDIUM,0,0,0.0,-O2 -sv,+UVM_TESTNAME=auto,r1p0,11,192,20.0,reg_sweep_test,reg_sweep_seq,APB3+UART
RUN-003464,dma_burst_test-003464,Dma_Burst,APB3,round_robin,8,2,1,none,230400,16,1,level,50,32,16,250,2,ACTIVE,regression,1,4,1,0,UVM_MEDIUM,0,1,0.0153,-O2 -sv -assert svaext,+UVM_TESTNAME=auto -cm line+tgl,r2p0,0,192,20.0,dma_burst_test,dma_burst_seq,APB3+UART
RUN-003465,uart_loopback_test-003465,Uart_Loopback,APB3,round_robin,8,6,2,even,460800,64,0,level,50,32,16,500,2,ACTIVE,functional,0,16,1,1,UVM_LOW,0,1,0.0038,-O2 -sv -assert svaext,+UVM_TESTNAME=auto,r1p0,0,768,20.0,uart_loopback_test,uart_loopback_seq,APB3+UART
RUN-003466,reg_sweep_test-003466,Reg_Sweep,APB4,static,8,2,2,odd,1500000,8,0,level,50,16,16,100,1,ACTIVE,regression,0,8,1,1,UVM_HIGH,1,0,0.0,-O2 -sv,+UVM_TESTNAME=auto -cm line+tgl,r2p0,8,96,20.0,reg_sweep_test,reg_sweep_seq,APB4+UART
RUN-003467,dma_burst_test-003467,Dma_Burst,APB4,priority,8,6,0,none,1500000,8,1,edge,100,8,32,250,1,ACTIVE,functional,0,8,0,1,UVM_MEDIUM,1,1,0.0163,-O2 -sv,+UVM_TESTNAME=auto,r2p0,6,96,10.0,dma_burst_test,dma_burst_seq,APB4+UART
RUN-003468,reg_sweep_test-003468,Reg_Sweep,APB4,priority,2,6,0,odd,115200,16,1,level,100,32,16,100,2,ACTIVE,functional,0,16,1,1,UVM_LOW,0,1,0.0372,-O2 -sv -assert svaext,+UVM_TESTNAME=auto,r2p0,6,192,10.0,reg_sweep_test,reg_sweep_seq,APB4+UART
RUN-003469,reg_sweep_test-003469,Reg_Sweep,APB3,priority,8,5,2,none,115200,16,1,level,50,16,16,100,3,ACTIVE,stress,1,8,1,1,UVM_LOW,1,0,0.0,-O2 -sv,+UVM_TESTNAME=auto -cm line+tgl,r1p2,2,192,20.0,reg_sweep_test,reg_sweep_seq,APB3+UART
RUN-003470,dma_burst_test-003470,Dma_Burst,APB4,static,8,6,0,odd,115200,4,1,edge,50,16,32,250,2,ACTIVE,regression,0,16,1,1,UVM_LOW,0,0,0.0,-O2 -sv,+UVM_TESTNAME=auto -cm line+tgl,r2p0,5,48,20.0,dma_burst_test,dma_burst_seq,APB4+UART
RUN-003471,dma_burst_test-003471,Dma_Burst,APB4,static,4,0,2,odd,460800,16,1,edge,100,32,32,100,3,ACTIVE,regression,0,16,0,1,UVM_MEDIUM,1,0,0.0,-O2 -sv,+UVM_TESTNAME=auto -cm line+tgl,r1p2,7,192,10.0,dma_burst_test,dma_burst_seq,APB4+UART
RUN-003472,reg_sweep_test-003472,Reg_Sweep,APB4,static,4,4,0,even,230400,4,1,level,25,32,32,100,3,ACTIVE,stress,1,4,1,0,UVM_MEDIUM,0,0,0.0,-O2 -sv -assert svaext,+UVM_TESTNAME=auto,r2p0,10,48,40.0,reg_sweep_test,reg_sweep_seq,APB4+UART
RUN-003473,backpressure_test-003473,Backpressure,APB4,priority,16,6,4,even,1500000,4,1,level,100,32,16,50,2,ACTIVE,regression,0,8,1,1,UVM_HIGH,0,0,0.0,-O2 -sv -assert svaext,+UVM_TESTNAME=auto,r1p2,8,48,10.0,backpressure_test,backpressure_seq,APB4+UART
RUN-003474,uart_loopback_test-003474,Uart_Loopback,APB3,static,8,1,0,odd,460800,64,0,edge,100,8,16,50,3,ACTIVE,regression,1,8,1,0,UVM_HIGH,0,0,0.0,-O0 -sv -debug,+UVM_TESTNAME=auto -cm line+tgl,r1p2,6,768,10.0,uart_loopback_test,uart_loopback_seq,APB3+UART
RUN-003475,reg_sweep_test-003475,Reg_Sweep,APB3,round_robin,2,7,4,even,460800,16,1,edge,25,32,32,100,3,ACTIVE,functional,0,8,1,1,UVM_LOW,1,1,0.0343,-O0 -sv -debug,+UVM_TESTNAME=auto -cm line+tgl,r1p0,11,192,40.0,reg_sweep_test,reg_sweep_seq,APB3+UART
RUN-003476,backpressure_test-003476,Backpressure,APB4,round_robin,2,2,2,even,460800,8,0,edge,200,32,32,50,3,ACTIVE,regression,1,4,0,1,UVM_LOW,0,0,0.0,-O2 -sv -assert svaext,+UVM_TESTNAME=auto,r1p0,8,96,5.0,backpressure_test,backpressure_seq,APB4+UART
RUN-003477,irq_storm_test-003477,Irq_Storm,APB3,round_robin,2,1,2,even,1500000,32,1,level,25,16,16,250,2,ACTIVE,functional,0,8,1,1,UVM_MEDIUM,1,0,0.0,-O2 -sv -assert svaext,+UVM_TESTNAME=auto -cm line+tgl,r2p0,2,384,40.0,irq_storm_test,irq_storm_seq,APB3+UART
RUN-003478,reg_sweep_test-003478,Reg_Sweep,APB3,static,4,0,0,odd,115200,4,0,edge,50,32,16,250,2,ACTIVE,stress,1,8,1,1,UVM_LOW,1,0,0.0,-O2 -sv -assert svaext,+UVM_TESTNAME=auto -cm line+tgl,r1p2,1,48,20.0,reg_sweep_test,reg_sweep_seq,APB3+UART
RUN-003479,uart_loopback_test-003479,Uart_Loopback,APB4,priority,8,6,1,odd,115200,8,1,edge,25,32,16,250,2,ACTIVE,stress,1,8,1,1,UVM_MEDIUM,1,0,0.0,-O2 -sv -assert svaext,+UVM_TESTNAME=auto,r1p2,6,96,40.0,uart_loopback_test,uart_loopback_seq,APB4+UART
RUN-003480,reset_recovery_test-003480,Reset_Recovery,APB3,round_robin,4,2,0,even,460800,4,1,edge,25,8,16,100,3,ACTIVE,functional,0,16,1,1,UVM_LOW,0,0,0.0,-O2 -sv -assert svaext,+UVM_TESTNAME=auto,r1p0,6,48,40.0,reset_recovery_test,reset_recovery_seq,APB3+UART
RUN-003481,dma_burst_test-003481,Dma_Burst,APB3,static,2,7,1,odd,230400,16,0,edge,50,16,32,500,2,ACTIVE,stress,0,4,1,1,UVM_LOW,1,0,0.0,-O2 -sv -assert svaext,+UVM_TESTNAME=auto,r1p0,2,192,20.0,dma_burst_test,dma_burst_seq,APB3+UART
RUN-003482,dma_burst_test-003482,Dma_Burst,APB4,round_robin,2,1,1,odd,1500000,8,0,edge,200,16,32,100,1,ACTIVE,regression,0,4,1,1,UVM_MEDIUM,1,0,0.0,-O2 -sv -assert svaext,+UVM_TESTNAME=auto,r1p2,4,96,5.0,dma_burst_test,dma_burst_seq,APB4+UART
RUN-003483,parity_stress_test-003483,Parity_Stress,APB4,static,8,0,1,odd,921600,32,0,level,100,32,32,500,3,ACTIVE,functional,0,4,1,1,UVM_LOW,0,1,0.0365,-O2 -sv -assert svaext,+UVM_TESTNAME=auto -cm line+tgl,r1p2,2,384,10.0,parity_stress_test,parity_stress_seq,APB4+UART
RUN-003484,reset_recovery_test-003484,Reset_Recovery,APB3,round_robin,4,7,0,odd,230400,16,1,level,100,8,32,100,3,PASSIVE,regression,0,4,1,1,UVM_MEDIUM,0,1,0.0082,-O2 -sv,+UVM_TESTNAME=auto,r1p0,1,192,10.0,reset_recovery_test,reset_recovery_seq,APB3+UART
RUN-003485,backpressure_test-003485,Backpressure,APB3,static,4,3,2,none,230400,32,1,level,50,32,16,50,1,ACTIVE,stress,0,16,1,1,UVM_HIGH,0,1,0.0292,-O2 -sv,+UVM_TESTNAME=auto,r2p0,8,384,20.0,backpressure_test,backpressure_seq,APB3+UART
RUN-003486,irq_storm_test-003486,Irq_Storm,APB4,round_robin,2,0,2,none,230400,16,0,level,200,32,16,250,3,ACTIVE,regression,1,16,0,1,UVM_LOW,0,0,0.0,-O2 -sv,+UVM_TESTNAME=auto,r1p2,10,192,5.0,irq_storm_test,irq_storm_seq,APB4+UART
RUN-003487,uart_loopback_test-003487,Uart_Loopback,APB4,static,8,7,1,odd,230400,32,1,level,50,16,32,100,2,ACTIVE,functional,1,8,0,1,UVM_LOW,0,0,0.0,-O2 -sv,+UVM_TESTNAME=auto -cm line+tgl,r1p2,0,384,20.0,uart_loopback_test,uart_loopback_seq,APB4+UART
RUN-003488,backpressure_test-003488,Backpressure,APB4,round_robin,4,6,4,none,115200,32,0,edge,50,32,32,50,2,ACTIVE,functional,0,8,1,1,UVM_HIGH,0,0,0.0,-O2 -sv,+UVM_TESTNAME=auto,r2p0,0,384,20.0,backpressure_test,backpressure_seq,APB4+UART
RUN-003489,reg_sweep_test-003489,Reg_Sweep,APB3,round_robin,2,3,1,none,115200,8,1,level,100,16,32,50,2,ACTIVE,stress,0,8,1,0,UVM_LOW,0,1,0.0101,-O2 -sv,+UVM_TESTNAME=auto -cm line+tgl,r1p0,11,96,10.0,reg_sweep_test,reg_sweep_seq,APB3+UART
RUN-003490,reg_sweep_test-003490,Reg_Sweep,APB3,priority,4,6,1,none,460800,8,0,edge,100,32,32,500,1,ACTIVE,regression,0,8,1,1,UVM_MEDIUM,0,0,0.0,-O0 -sv -debug,+UVM_TESTNAME=auto,r1p0,0,96,10.0,reg_sweep_test,reg_sweep_seq,APB3+UART
RUN-003491,dma_burst_test-003491,Dma_Burst,APB4,priority,4,3,1,even,115200,16,1,edge,100,16,16,50,2,ACTIVE,stress,0,8,0,1,UVM_LOW,0,0,0.0,-O2 -sv,+UVM_TESTNAME=auto -cm line+tgl,r2p0,11,192,10.0,dma_burst_test,dma_burst_seq,APB4+UART
RUN-003492,irq_storm_test-003492,Irq_Storm,APB3,priority,2,1,0,even,115200,32,0,edge,25,32,16,100,1,ACTIVE,regression,0,16,1,1,UVM_LOW,0,0,0.0,-O2 -sv -assert svaext,+UVM_TESTNAME=auto -cm line+tgl,r1p0,9,384,40.0,irq_storm_test,irq_storm_seq,APB3+UART
RUN-003493,uart_loopback_test-003493,Uart_Loopback,APB4,priority,8,5,0,none,460800,64,1,level,25,32,32,500,1,ACTIVE,regression,0,8,1,1,UVM_MEDIUM,0,0,0.0,-O2 -sv,+UVM_TESTNAME=auto,r1p0,9,768,40.0,uart_loopback_test,uart_loopback_seq,APB4+UART
RUN-003494,dma_burst_test-003494,Dma_Burst,APB4,priority,4,1,2,odd,230400,32,1,edge,25,16,32,500,1,PASSIVE,functional,0,4,0,1,UVM_LOW,0,1,0.0387,-O2 -sv,+UVM_TESTNAME=auto,r1p2,5,384,40.0,dma_burst_test,dma_burst_seq,APB4+UART
RUN-003495,reg_sweep_test-003495,Reg_Sweep,APB3,round_robin,4,7,0,odd,921600,16,0,level,200,32,32,500,2,PASSIVE,regression,0,4,1,1,UVM_LOW,0,0,0.0,-O2 -sv -assert svaext,+UVM_TESTNAME=auto,r1p0,9,192,5.0,reg_sweep_test,reg_sweep_seq,APB3+UART
RUN-003496,uart_loopback_test-003496,Uart_Loopback,APB3,round_robin,4,2,0,even,921600,16,1,level,100,16,16,250,3,ACTIVE,functional,0,8,1,1,UVM_MEDIUM,0,1,0.0241,-O2 -sv,+UVM_TESTNAME=auto,r1p0,4,192,10.0,uart_loopback_test,uart_loopback_seq,APB3+UART
RUN-003497,reg_sweep_test-003497,Reg_Sweep,APB4,static,4,4,1,odd,1500000,8,0,edge,50,8,32,50,1,ACTIVE,stress,0,4,1,1,UVM_MEDIUM,0,0,0.0,-O2 -sv -assert svaext,+UVM_TESTNAME=auto -cm line+tgl,r1p2,4,96,20.0,reg_sweep_test,reg_sweep_seq,APB4+UART
RUN-003498,irq_storm_test-003498,Irq_Storm,APB4,round_robin,8,5,2,even,921600,8,1,level,200,32,16,500,1,ACTIVE,functional,1,8,1,1,UVM_MEDIUM,1,0,0.0,-O2 -sv,+UVM_TESTNAME=auto,r1p2,4,96,5.0,irq_storm_test,irq_storm_seq,APB4+UART
RUN-003499,backpressure_test-003499,Backpressure,APB4,priority,4,6,4,none,1500000,8,1,level,50,32,32,250,1,ACTIVE,stress,1,4,0,1,UVM_MEDIUM,1,0,0.0,-O2 -sv -assert svaext,+UVM_TESTNAME=auto -cm line+tgl,r2p0,4,96,20.0,backpressure_test,backpressure_seq,APB4+UART
RUN-003500,backpressure_test-003500,Backpressure,APB3,priority,2,5,0,even,460800,8,1,level,25,32,16,100,2,ACTIVE,stress,0,8,1,1,UVM_LOW,0,0,0.0,-O2 -sv,+UVM_TESTNAME=auto,r2p0,5,96,40.0,backpressure_test,backpressure_seq,APB3+UART
RUN-003501,backpressure_test-003501,Backpressure,APB3,round_robin,4,0,1,even,115200,16,0,edge,50,8,16,50,2,ACTIVE,functional,1,8,1,0,UVM_LOW,0,0,0.0,-O2 -sv,+UVM_TESTNAME=auto,r1p0,9,192,20.0,backpressure_test,backpressure_seq,APB3+UART
RUN-003502,irq_storm_test-003502,Irq_Storm,APB3,static,8,6,1,odd,1500000,16,1,edge,200,16,32,100,2,ACTIVE,functional,0,16,0,1,UVM_LOW,1,0,0.0,-O2 -sv,+UVM_TESTNAME=auto -cm line+tgl,r2p0,4,192,5.0,irq_storm_test,irq_storm_seq,APB3+UART
RUN-003503,irq_storm_test-003503,Irq_Storm,APB4,round_robin,8,5,0,odd,115200,16,0,level,50,32,32,250,2,ACTIVE,regression,0,16,0,1,UVM_LOW,0,0,0.0,-O0 -sv -debug,+UVM_TESTNAME=auto -cm line+tgl,r1p2,3,192,20.0,irq_storm_test,irq_storm_seq,APB4+UART
RUN-003504,uart_loopback_test-003504,Uart_Loopback,APB4,round_robin,16,3,4,even,921600,16,1,level,200,16,32,250,2,ACTIVE,functional,0,16,1,1,UVM_LOW,0,1,0.023,-O2 -sv,+UVM_TESTNAME=auto,r1p2,11,192,5.0,uart_loopback_test,uart_loopback_seq,APB4+UART
RUN-003505,reset_recovery_test-003505,Reset_Recovery,APB3,round_robin,8,1,2,odd,1500000,4,1,edge,50,32,32,100,2,ACTIVE,regression,0,4,1,1,UVM_LOW,0,1,0.0032,-O2 -sv,+UVM_TESTNAME=auto -cm line+tgl,r2p0,0,48,20.0,reset_recovery_test,reset_recovery_seq,APB3+UART
RUN-003506,parity_stress_test-003506,Parity_Stress,APB3,priority,2,5,1,none,460800,8,1,level,25,16,16,500,1,ACTIVE,stress,0,8,0,1,UVM_HIGH,1,1,0.0165,-O2 -sv -assert svaext,+UVM_TESTNAME=auto -cm line+tgl,r1p2,0,96,40.0,parity_stress_test,parity_stress_seq,APB3+UART
RUN-003507,uart_loopback_test-003507,Uart_Loopback,APB4,static,2,6,2,none,115200,16,0,edge,50,32,32,100,1,ACTIVE,stress,0,8,0,1,UVM_HIGH,0,0,0.0,-O2 -sv,+UVM_TESTNAME=auto,r1p0,6,192,20.0,uart_loopback_test,uart_loopback_seq,APB4+UART
RUN-003508,uart_loopback_test-003508,Uart_Loopback,APB3,priority,4,7,0,none,115200,64,1,edge,25,8,32,500,1,PASSIVE,stress,0,16,1,1,UVM_MEDIUM,1,1,0.0116,-O2 -sv,+UVM_TESTNAME=auto -cm line+tgl,r1p0,11,768,40.0,uart_loopback_test,uart_loopback_seq,APB3+UART
RUN-003509,reg_sweep_test-003509,Reg_Sweep,APB4,static,8,1,0,even,460800,64,0,level,100,16,32,500,3,ACTIVE,stress,0,16,1,1,UVM_MEDIUM,0,1,0.0128,-O2 -sv -assert svaext,+UVM_TESTNAME=auto,r1p2,7,768,10.0,reg_sweep_test,reg_sweep_seq,APB4+UART
RUN-003510,uart_loopback_test-003510,Uart_Loopback,APB3,round_robin,4,2,4,odd,115200,8,0,edge,25,8,32,250,1,ACTIVE,stress,1,8,1,1,UVM_MEDIUM,0,0,0.0,-O2 -sv,+UVM_TESTNAME=auto,r2p0,7,96,40.0,uart_loopback_test,uart_loopback_seq,APB3+UART
RUN-003511,backpressure_test-003511,Backpressure,APB3,static,2,1,1,even,460800,8,1,level,25,32,32,250,1,ACTIVE,stress,0,4,1,1,UVM_LOW,0,1,0.02,-O2 -sv -assert svaext,+UVM_TESTNAME=auto -cm line+tgl,r1p2,6,96,40.0,backpressure_test,backpressure_seq,APB3+UART
RUN-003512,uart_loopback_test-003512,Uart_Loopback,APB4,round_robin,8,2,4,even,115200,4,0,edge,200,16,32,100,2,PASSIVE,functional,0,8,1,1,UVM_MEDIUM,1,0,0.0,-O2 -sv,+UVM_TESTNAME=auto -cm line+tgl,r1p2,8,48,5.0,uart_loopback_test,uart_loopback_seq,APB4+UART
RUN-003513,uart_loopback_test-003513,Uart_Loopback,APB4,round_robin,4,7,2,odd,230400,32,1,edge,100,32,16,100,2,ACTIVE,regression,1,4,1,0,UVM_LOW,0,0,0.0,-O2 -sv,+UVM_TESTNAME=auto,r2p0,0,384,10.0,uart_loopback_test,uart_loopback_seq,APB4+UART
RUN-003514,irq_storm_test-003514,Irq_Storm,APB3,static,4,3,1,none,115200,64,1,edge,100,32,32,100,1,ACTIVE,regression,0,4,1,0,UVM_HIGH,0,1,0.0218,-O2 -sv,+UVM_TESTNAME=auto -cm line+tgl,r1p2,7,768,10.0,irq_storm_test,irq_storm_seq,APB3+UART
RUN-003515,uart_loopback_test-003515,Uart_Loopback,APB4,priority,4,7,1,none,921600,16,0,level,100,32,32,100,1,PASSIVE,regression,0,16,0,1,UVM_MEDIUM,0,1,0.0114,-O0 -sv -debug,+UVM_TESTNAME=auto -cm line+tgl,r2p0,7,192,10.0,uart_loopback_test,uart_loopback_seq,APB4+UART
RUN-003516,irq_storm_test-003516,Irq_Storm,APB4,round_robin,8,3,4,even,230400,32,0,level,200,32,16,500,1,ACTIVE,regression,0,4,1,1,UVM_MEDIUM,0,1,0.0278,-O2 -sv -assert svaext,+UVM_TESTNAME=auto,r1p2,5,384,5.0,irq_storm_test,irq_storm_seq,APB4+UART
RUN-003517,dma_burst_test-003517,Dma_Burst,APB4,priority,8,1,2,none,921600,32,1,edge,100,16,16,100,1,ACTIVE,regression,0,4,1,1,UVM_MEDIUM,0,1,0.0279,-O2 -sv,+UVM_TESTNAME=auto -cm line+tgl,r1p0,4,384,10.0,dma_burst_test,dma_burst_seq,APB4+UART
RUN-003518,irq_storm_test-003518,Irq_Storm,APB3,priority,16,2,4,even,115200,64,1,edge,50,16,32,50,2,ACTIVE,functional,0,8,0,0,UVM_MEDIUM,0,0,0.0,-O2 -sv,+UVM_TESTNAME=auto,r1p2,1,768,20.0,irq_storm_test,irq_storm_seq,APB3+UART
RUN-003519,uart_loopback_test-003519,Uart_Loopback,APB4,round_robin,2,1,1,none,115200,4,0,level,100,16,32,50,2,ACTIVE,stress,1,8,0,1,UVM_HIGH,1,0,0.0,-O2 -sv,+UVM_TESTNAME=auto,r1p2,8,48,10.0,uart_loopback_test,uart_loopback_seq,APB4+UART
RUN-003520,dma_burst_test-003520,Dma_Burst,APB4,static,8,7,1,odd,460800,16,1,level,50,16,32,500,1,PASSIVE,functional,0,4,1,1,UVM_MEDIUM,1,0,0.0,-O0 -sv -debug,+UVM_TESTNAME=auto,r1p0,1,192,20.0,dma_burst_test,dma_burst_seq,APB4+UART
RUN-003521,uart_loopback_test-003521,Uart_Loopback,APB3,round_robin,4,3,4,odd,460800,64,1,level,100,32,16,50,3,PASSIVE,stress,0,8,1,1,UVM_MEDIUM,0,0,0.0,-O2 -sv,+UVM_TESTNAME=auto,r2p0,4,768,10.0,uart_loopback_test,uart_loopback_seq,APB3+UART
RUN-003522,backpressure_test-003522,Backpressure,APB3,priority,8,5,0,even,230400,32,1,level,25,32,32,250,2,ACTIVE,stress,0,4,1,1,UVM_MEDIUM,0,1,0.0082,-O2 -sv,+UVM_TESTNAME=auto,r2p0,1,384,40.0,backpressure_test,backpressure_seq,APB3+UART
RUN-003523,reg_sweep_test-003523,Reg_Sweep,APB3,static,2,4,1,even,115200,8,1,level,25,8,32,50,1,PASSIVE,regression,0,8,1,1,UVM_LOW,1,1,0.02,-O2 -sv,+UVM_TESTNAME=auto,r1p2,2,96,40.0,reg_sweep_test,reg_sweep_seq,APB3+UART
RUN-003524,reg_sweep_test-003524,Reg_Sweep,APB4,round_robin,4,1,2,odd,230400,16,1,level,200,16,32,500,2,ACTIVE,regression,0,8,1,1,UVM_MEDIUM,0,0,0.0,-O2 -sv,+UVM_TESTNAME=auto -cm line+tgl,r1p0,2,192,5.0,reg_sweep_test,reg_sweep_seq,APB4+UART
RUN-003525,uart_loopback_test-003525,Uart_Loopback,APB4,static,2,6,0,none,460800,4,1,edge,50,8,32,100,1,ACTIVE,stress,0,8,1,1,UVM_MEDIUM,0,0,0.0,-O2 -sv,+UVM_TESTNAME=auto,r1p2,0,48,20.0,uart_loopback_test,uart_loopback_seq,APB4+UART
RUN-003526,reset_recovery_test-003526,Reset_Recovery,APB4,round_robin,8,1,4,none,230400,32,1,edge,100,32,16,500,3,ACTIVE,functional,1,16,1,1,UVM_LOW,0,0,0.0,-O2 -sv,+UVM_TESTNAME=auto,r1p2,11,384,10.0,reset_recovery_test,reset_recovery_seq,APB4+UART
RUN-003527,uart_loopback_test-003527,Uart_Loopback,APB4,priority,4,5,0,none,460800,32,0,edge,50,16,32,100,2,ACTIVE,stress,1,8,0,1,UVM_MEDIUM,1,1,0.0314,-O2 -sv,+UVM_TESTNAME=auto -cm line+tgl,r2p0,7,384,20.0,uart_loopback_test,uart_loopback_seq,APB4+UART
RUN-003528,uart_loopback_test-003528,Uart_Loopback,APB4,priority,4,4,1,even,460800,8,1,edge,50,8,32,500,2,ACTIVE,stress,0,8,0,1,UVM_MEDIUM,0,0,0.0,-O2 -sv,+UVM_TESTNAME=auto -cm line+tgl,r2p0,0,96,20.0,uart_loopback_test,uart_loopback_seq,APB4+UART
RUN-003529,uart_loopback_test-003529,Uart_Loopback,APB4,static,16,0,4,odd,1500000,16,1,edge,200,8,16,50,1,ACTIVE,functional,0,4,0,1,UVM_MEDIUM,0,0,0.0,-O0 -sv -debug,+UVM_TESTNAME=auto -cm line+tgl,r1p2,6,192,5.0,uart_loopback_test,uart_loopback_seq,APB4+UART
RUN-003530,uart_loopback_test-003530,Uart_Loopback,APB3,priority,2,1,4,even,1500000,16,1,level,200,16,16,50,1,ACTIVE,regression,0,8,0,1,UVM_LOW,0,0,0.0,-O2 -sv -assert svaext,+UVM_TESTNAME=auto,r1p2,4,192,5.0,uart_loopback_test,uart_loopback_seq,APB3+UART
RUN-003531,backpressure_test-003531,Backpressure,APB4,priority,4,7,2,none,230400,64,1,level,100,8,16,50,1,ACTIVE,regression,0,8,1,1,UVM_LOW,0,1,0.0122,-O2 -sv -assert svaext,+UVM_TESTNAME=auto,r2p0,2,768,10.0,backpressure_test,backpressure_seq,APB4+UART
RUN-003532,dma_burst_test-003532,Dma_Burst,APB4,round_robin,8,1,0,even,1500000,64,1,edge,200,32,32,100,3,PASSIVE,functional,0,4,1,1,UVM_MEDIUM,1,0,0.0,-O2 -sv,+UVM_TESTNAME=auto,r1p2,9,768,5.0,dma_burst_test,dma_burst_seq,APB4+UART
RUN-003533,irq_storm_test-003533,Irq_Storm,APB4,priority,8,1,2,odd,921600,8,0,level,25,32,32,100,2,ACTIVE,stress,1,16,1,1,UVM_LOW,0,0,0.0,-O2 -sv -assert svaext,+UVM_TESTNAME=auto,r1p0,10,96,40.0,irq_storm_test,irq_storm_seq,APB4+UART
RUN-003534,parity_stress_test-003534,Parity_Stress,APB3,round_robin,16,4,0,none,460800,8,1,edge,25,32,32,50,1,ACTIVE,functional,1,8,1,0,UVM_MEDIUM,0,0,0.0,-O2 -sv,+UVM_TESTNAME=auto -cm line+tgl,r1p0,3,96,40.0,parity_stress_test,parity_stress_seq,APB3+UART
RUN-003535,reset_recovery_test-003535,Reset_Recovery,APB3,priority,8,6,2,none,921600,4,0,level,50,16,32,50,2,ACTIVE,functional,0,4,1,1,UVM_MEDIUM,0,0,0.0,-O2 -sv -assert svaext,+UVM_TESTNAME=auto,r1p2,6,48,20.0,reset_recovery_test,reset_recovery_seq,APB3+UART
RUN-003536,irq_storm_test-003536,Irq_Storm,APB3,round_robin,4,0,2,even,115200,8,0,edge,50,32,32,100,1,ACTIVE,stress,0,8,1,1,UVM_LOW,0,0,0.0,-O2 -sv -assert svaext,+UVM_TESTNAME=auto,r1p0,8,96,20.0,irq_storm_test,irq_storm_seq,APB3+UART
RUN-003537,parity_stress_test-003537,Parity_Stress,APB4,round_robin,16,4,2,even,115200,32,0,level,50,32,32,50,1,ACTIVE,functional,0,8,1,1,UVM_LOW,0,0,0.0,-O2 -sv,+UVM_TESTNAME=auto -cm line+tgl,r1p2,11,384,20.0,parity_stress_test,parity_stress_seq,APB4+UART
RUN-003538,dma_burst_test-003538,Dma_Burst,APB4,priority,8,4,0,odd,230400,64,1,level,200,32,32,250,2,ACTIVE,functional,0,16,1,1,UVM_HIGH,0,0,0.0,-O2 -sv,+UVM_TESTNAME=auto,r1p0,8,768,5.0,dma_burst_test,dma_burst_seq,APB4+UART
RUN-003539,backpressure_test-003539,Backpressure,APB4,round_robin,4,5,1,even,115200,32,1,edge,50,16,16,100,1,PASSIVE,functional,0,8,1,1,UVM_MEDIUM,0,0,0.0,-O2 -sv -assert svaext,+UVM_TESTNAME=auto -cm line+tgl,r1p2,6,384,20.0,backpressure_test,backpressure_seq,APB4+UART
RUN-003540,dma_burst_test-003540,Dma_Burst,APB3,priority,4,2,2,odd,115200,64,1,level,200,16,32,500,1,ACTIVE,functional,0,8,1,1,UVM_LOW,0,0,0.0,-O0 -sv -debug,+UVM_TESTNAME=auto,r1p2,6,768,5.0,dma_burst_test,dma_burst_seq,APB3+UART
RUN-003541,dma_burst_test-003541,Dma_Burst,APB3,priority,2,2,2,none,921600,8,0,level,200,16,16,100,2,ACTIVE,functional,0,8,0,1,UVM_HIGH,0,0,0.0,-O2 -sv -assert svaext,+UVM_TESTNAME=auto,r2p0,1,96,5.0,dma_burst_test,dma_burst_seq,APB3+UART
RUN-003542,reset_recovery_test-003542,Reset_Recovery,APB4,static,2,3,4,even,230400,16,1,level,100,16,32,250,2,ACTIVE,regression,0,16,1,1,UVM_LOW,0,0,0.0,-O2 -sv -assert svaext,+UVM_TESTNAME=auto,r2p0,2,192,10.0,reset_recovery_test,reset_recovery_seq,APB4+UART
RUN-003543,backpressure_test-003543,Backpressure,APB4,static,8,7,1,none,230400,64,1,edge,100,16,32,50,2,ACTIVE,stress,0,4,1,1,UVM_MEDIUM,0,1,0.0088,-O2 -sv -assert svaext,+UVM_TESTNAME=auto -cm line+tgl,r1p2,1,768,10.0,backpressure_test,backpressure_seq,APB4+UART
RUN-003544,reg_sweep_test-003544,Reg_Sweep,APB4,priority,4,3,1,none,230400,64,1,edge,100,8,32,50,1,ACTIVE,functional,0,8,0,1,UVM_LOW,0,1,0.0082,-O2 -sv,+UVM_TESTNAME=auto,r1p0,5,768,10.0,reg_sweep_test,reg_sweep_seq,APB4+UART
RUN-003545,backpressure_test-003545,Backpressure,APB4,priority,16,2,0,none,460800,16,1,edge,100,8,32,100,1,PASSIVE,stress,0,4,0,1,UVM_MEDIUM,1,1,0.0151,-O2 -sv,+UVM_TESTNAME=auto,r1p2,1,192,10.0,backpressure_test,backpressure_seq,APB4+UART
RUN-003546,reg_sweep_test-003546,Reg_Sweep,APB3,round_robin,4,7,2,none,230400,16,1,edge,25,32,32,250,1,ACTIVE,stress,0,16,1,1,UVM_MEDIUM,0,1,0.0127,-O2 -sv,+UVM_TESTNAME=auto,r2p0,7,192,40.0,reg_sweep_test,reg_sweep_seq,APB3+UART
RUN-003547,uart_loopback_test-003547,Uart_Loopback,APB3,round_robin,8,6,0,odd,921600,16,0,level,200,32,32,250,3,ACTIVE,regression,0,16,0,0,UVM_MEDIUM,0,0,0.0,-O2 -sv,+UVM_TESTNAME=auto,r1p0,1,192,5.0,uart_loopback_test,uart_loopback_seq,APB3+UART
RUN-003548,reset_recovery_test-003548,Reset_Recovery,APB4,round_robin,8,4,1,none,115200,64,1,level,100,16,16,50,1,ACTIVE,stress,0,16,1,0,UVM_LOW,0,1,0.0251,-O2 -sv,+UVM_TESTNAME=auto,r1p2,9,768,10.0,reset_recovery_test,reset_recovery_seq,APB4+UART
RUN-003549,reg_sweep_test-003549,Reg_Sweep,APB3,static,4,6,1,none,460800,32,0,edge,100,8,16,100,3,ACTIVE,regression,1,4,1,1,UVM_LOW,0,0,0.0,-O2 -sv,+UVM_TESTNAME=auto,r1p2,4,384,10.0,reg_sweep_test,reg_sweep_seq,APB3+UART
RUN-003550,uart_loopback_test-003550,Uart_Loopback,APB3,static,4,3,2,none,230400,32,0,level,200,16,32,500,1,ACTIVE,functional,0,8,1,1,UVM_LOW,0,0,0.0,-O0 -sv -debug,+UVM_TESTNAME=auto -cm line+tgl,r1p2,8,384,5.0,uart_loopback_test,uart_loopback_seq,APB3+UART
RUN-003551,backpressure_test-003551,Backpressure,APB4,priority,8,3,1,odd,921600,16,0,edge,200,8,32,250,1,ACTIVE,regression,0,8,1,1,UVM_LOW,0,0,0.0,-O2 -sv,+UVM_TESTNAME=auto,r2p0,6,192,5.0,backpressure_test,backpressure_seq,APB4+UART
RUN-003552,uart_loopback_test-003552,Uart_Loopback,APB3,round_robin,4,3,0,odd,115200,32,0,edge,200,16,16,50,1,ACTIVE,regression,0,16,1,1,UVM_LOW,0,1,0.0062,-O2 -sv -assert svaext,+UVM_TESTNAME=auto,r2p0,2,384,5.0,uart_loopback_test,uart_loopback_seq,APB3+UART
RUN-003553,uart_loopback_test-003553,Uart_Loopback,APB3,round_robin,16,5,1,none,921600,8,0,edge,50,16,32,100,2,ACTIVE,stress,1,4,0,1,UVM_MEDIUM,1,0,0.0,-O0 -sv -debug,+UVM_TESTNAME=auto,r1p2,6,96,20.0,uart_loopback_test,uart_loopback_seq,APB3+UART
RUN-003554,uart_loopback_test-003554,Uart_Loopback,APB4,static,2,6,0,even,115200,64,1,level,50,32,32,100,1,ACTIVE,functional,0,16,0,1,UVM_MEDIUM,0,1,0.0045,-O0 -sv -debug,+UVM_TESTNAME=auto,r1p0,11,768,20.0,uart_loopback_test,uart_loopback_seq,APB4+UART
RUN-003555,uart_loopback_test-003555,Uart_Loopback,APB3,priority,2,5,1,none,1500000,4,1,edge,50,8,32,250,3,ACTIVE,stress,0,8,1,1,UVM_MEDIUM,0,1,0.0173,-O0 -sv -debug,+UVM_TESTNAME=auto -cm line+tgl,r2p0,8,48,20.0,uart_loopback_test,uart_loopback_seq,APB3+UART
RUN-003556,dma_burst_test-003556,Dma_Burst,APB4,static,2,0,1,none,230400,16,1,level,50,32,32,50,2,ACTIVE,stress,0,16,1,1,UVM_MEDIUM,0,0,0.0,-O2 -sv -assert svaext,+UVM_TESTNAME=auto -cm line+tgl,r1p2,7,192,20.0,dma_burst_test,dma_burst_seq,APB4+UART
RUN-003557,reset_recovery_test-003557,Reset_Recovery,APB4,round_robin,8,2,4,none,1500000,4,0,edge,25,16,32,100,3,ACTIVE,stress,1,8,0,1,UVM_LOW,1,1,0.0347,-O2 -sv,+UVM_TESTNAME=auto,r1p2,3,48,40.0,reset_recovery_test,reset_recovery_seq,APB4+UART
RUN-003558,irq_storm_test-003558,Irq_Storm,APB4,static,4,5,4,none,460800,16,1,level,25,8,16,250,2,ACTIVE,stress,0,8,0,1,UVM_HIGH,1,0,0.0,-O2 -sv -assert svaext,+UVM_TESTNAME=auto -cm line+tgl,r1p2,11,192,40.0,irq_storm_test,irq_storm_seq,APB4+UART
RUN-003559,irq_storm_test-003559,Irq_Storm,APB3,static,16,6,0,odd,1500000,32,0,edge,200,16,32,100,3,ACTIVE,functional,0,8,1,1,UVM_HIGH,0,0,0.0,-O0 -sv -debug,+UVM_TESTNAME=auto,r2p0,0,384,5.0,irq_storm_test,irq_storm_seq,APB3+UART
RUN-003560,parity_stress_test-003560,Parity_Stress,APB3,round_robin,4,0,0,odd,1500000,4,0,level,50,32,32,50,1,ACTIVE,regression,1,16,1,1,UVM_MEDIUM,0,0,0.0,-O0 -sv -debug,+UVM_TESTNAME=auto -cm line+tgl,r1p2,10,48,20.0,parity_stress_test,parity_stress_seq,APB3+UART
RUN-003561,reset_recovery_test-003561,Reset_Recovery,APB4,priority,4,5,0,none,230400,64,1,edge,25,32,32,250,3,PASSIVE,functional,0,4,0,1,UVM_LOW,0,0,0.0,-O2 -sv,+UVM_TESTNAME=auto,r2p0,10,768,40.0,reset_recovery_test,reset_recovery_seq,APB4+UART
RUN-003562,reg_sweep_test-003562,Reg_Sweep,APB3,priority,4,5,0,none,921600,32,0,level,25,32,16,100,1,ACTIVE,stress,0,16,0,1,UVM_HIGH,1,0,0.0,-O0 -sv -debug,+UVM_TESTNAME=auto,r2p0,1,384,40.0,reg_sweep_test,reg_sweep_seq,APB3+UART
RUN-003563,reg_sweep_test-003563,Reg_Sweep,APB4,priority,2,2,0,none,230400,16,1,edge,25,16,16,50,1,PASSIVE,regression,0,8,1,1,UVM_LOW,0,1,0.0059,-O2 -sv,+UVM_TESTNAME=auto,r1p2,10,192,40.0,reg_sweep_test,reg_sweep_seq,APB4+UART
RUN-003564,irq_storm_test-003564,Irq_Storm,APB3,priority,4,5,0,none,460800,8,1,edge,200,8,32,100,2,ACTIVE,functional,0,8,1,1,UVM_MEDIUM,1,1,0.0173,-O2 -sv -assert svaext,+UVM_TESTNAME=auto,r1p2,5,96,5.0,irq_storm_test,irq_storm_seq,APB3+UART
RUN-003565,uart_loopback_test-003565,Uart_Loopback,APB4,round_robin,2,7,4,none,230400,16,1,level,100,32,32,100,1,ACTIVE,regression,0,8,0,1,UVM_MEDIUM,0,1,0.0122,-O2 -sv -assert svaext,+UVM_TESTNAME=auto -cm line+tgl,r2p0,2,192,10.0,uart_loopback_test,uart_loopback_seq,APB4+UART
RUN-003566,reg_sweep_test-003566,Reg_Sweep,APB4,round_robin,4,3,2,none,115200,8,1,edge,25,32,32,100,1,ACTIVE,functional,0,4,1,1,UVM_MEDIUM,0,0,0.0,-O2 -sv -assert svaext,+UVM_TESTNAME=auto,r1p0,1,96,40.0,reg_sweep_test,reg_sweep_seq,APB4+UART
RUN-003567,uart_loopback_test-003567,Uart_Loopback,APB4,static,4,6,4,even,1500000,16,1,edge,100,8,32,50,2,ACTIVE,regression,0,4,1,1,UVM_HIGH,0,0,0.0,-O0 -sv -debug,+UVM_TESTNAME=auto,r1p0,3,192,10.0,uart_loopback_test,uart_loopback_seq,APB4+UART
RUN-003568,irq_storm_test-003568,Irq_Storm,APB3,priority,8,7,0,odd,230400,32,0,level,100,8,16,50,2,ACTIVE,stress,1,4,0,1,UVM_MEDIUM,0,0,0.0,-O2 -sv,+UVM_TESTNAME=auto,r1p2,2,384,10.0,irq_storm_test,irq_storm_seq,APB3+UART
RUN-003569,backpressure_test-003569,Backpressure,APB3,round_robin,4,0,1,odd,115200,32,1,level,50,32,32,250,1,ACTIVE,stress,0,16,1,1,UVM_LOW,1,0,0.0,-O2 -sv -assert svaext,+UVM_TESTNAME=auto,r1p2,6,384,20.0,backpressure_test,backpressure_seq,APB3+UART
RUN-003570,backpressure_test-003570,Backpressure,APB4,round_robin,2,1,0,none,921600,16,0,level,25,16,32,100,3,ACTIVE,functional,1,16,1,0,UVM_MEDIUM,0,1,0.0366,-O2 -sv,+UVM_TESTNAME=auto,r1p0,1,192,40.0,backpressure_test,backpressure_seq,APB4+UART
RUN-003571,backpressure_test-003571,Backpressure,APB4,priority,4,0,0,odd,460800,32,1,edge,200,8,32,100,2,ACTIVE,stress,0,4,1,1,UVM_LOW,0,0,0.0,-O2 -sv,+UVM_TESTNAME=auto -cm line+tgl,r1p0,6,384,5.0,backpressure_test,backpressure_seq,APB4+UART
RUN-003572,reset_recovery_test-003572,Reset_Recovery,APB3,priority,8,2,2,even,921600,4,1,level,100,8,32,500,1,ACTIVE,stress,0,16,0,1,UVM_MEDIUM,0,0,0.0,-O2 -sv,+UVM_TESTNAME=auto,r1p0,0,48,10.0,reset_recovery_test,reset_recovery_seq,APB3+UART
RUN-003573,irq_storm_test-003573,Irq_Storm,APB3,round_robin,4,4,1,even,460800,8,0,level,100,32,16,100,1,ACTIVE,regression,0,4,1,1,UVM_HIGH,1,1,0.0176,-O2 -sv,+UVM_TESTNAME=auto,r1p0,4,96,10.0,irq_storm_test,irq_storm_seq,APB3+UART
RUN-003574,reset_recovery_test-003574,Reset_Recovery,APB3,round_robin,4,2,0,none,115200,32,0,level,50,32,16,250,1,ACTIVE,functional,0,8,0,1,UVM_LOW,0,0,0.0,-O2 -sv,+UVM_TESTNAME=auto,r1p2,2,384,20.0,reset_recovery_test,reset_recovery_seq,APB3+UART
RUN-003575,reg_sweep_test-003575,Reg_Sweep,APB3,static,4,5,4,odd,115200,4,1,level,50,32,32,250,2,ACTIVE,functional,0,4,1,1,UVM_LOW,0,0,0.0,-O2 -sv,+UVM_TESTNAME=auto -cm line+tgl,r2p0,0,48,20.0,reg_sweep_test,reg_sweep_seq,APB3+UART
RUN-003576,dma_burst_test-003576,Dma_Burst,APB4,priority,4,3,0,even,230400,32,0,level,100,32,32,250,1,ACTIVE,functional,0,8,0,1,UVM_MEDIUM,1,0,0.0,-O2 -sv,+UVM_TESTNAME=auto -cm line+tgl,r1p2,4,384,10.0,dma_burst_test,dma_burst_seq,APB4+UART
RUN-003577,reset_recovery_test-003577,Reset_Recovery,APB4,static,2,1,0,even,1500000,16,0,level,25,8,16,500,1,ACTIVE,stress,1,4,1,1,UVM_HIGH,0,0,0.0,-O2 -sv,+UVM_TESTNAME=auto -cm line+tgl,r1p0,7,192,40.0,reset_recovery_test,reset_recovery_seq,APB4+UART
RUN-003578,uart_loopback_test-003578,Uart_Loopback,APB4,priority,8,6,2,none,1500000,8,1,edge,100,8,32,500,2,PASSIVE,regression,0,8,1,1,UVM_LOW,0,0,0.0,-O2 -sv,+UVM_TESTNAME=auto -cm line+tgl,r1p2,8,96,10.0,uart_loopback_test,uart_loopback_seq,APB4+UART
RUN-003579,irq_storm_test-003579,Irq_Storm,APB4,round_robin,8,4,0,none,460800,8,1,level,25,16,16,250,1,PASSIVE,regression,0,8,1,0,UVM_LOW,0,1,0.013,-O0 -sv -debug,+UVM_TESTNAME=auto,r1p2,11,96,40.0,irq_storm_test,irq_storm_seq,APB4+UART
RUN-003580,dma_burst_test-003580,Dma_Burst,APB4,priority,8,0,2,odd,460800,4,1,edge,100,32,16,100,2,PASSIVE,regression,0,8,1,1,UVM_LOW,0,1,0.033,-O0 -sv -debug,+UVM_TESTNAME=auto,r2p0,0,48,10.0,dma_burst_test,dma_burst_seq,APB4+UART
RUN-003581,irq_storm_test-003581,Irq_Storm,APB4,priority,4,6,0,even,921600,64,1,level,25,16,32,250,1,ACTIVE,stress,0,8,0,1,UVM_MEDIUM,1,0,0.0,-O2 -sv -assert svaext,+UVM_TESTNAME=auto,r1p2,7,768,40.0,irq_storm_test,irq_storm_seq,APB4+UART
RUN-003582,backpressure_test-003582,Backpressure,APB3,priority,4,0,0,even,921600,16,1,level,50,8,32,100,1,ACTIVE,functional,0,4,0,1,UVM_HIGH,0,0,0.0,-O2 -sv,+UVM_TESTNAME=auto -cm line+tgl,r2p0,5,192,20.0,backpressure_test,backpressure_seq,APB3+UART
RUN-003583,reg_sweep_test-003583,Reg_Sweep,APB3,round_robin,4,4,0,odd,460800,8,0,level,100,32,32,500,1,ACTIVE,stress,1,8,0,1,UVM_HIGH,0,0,0.0,-O2 -sv,+UVM_TESTNAME=auto,r1p2,1,96,10.0,reg_sweep_test,reg_sweep_seq,APB3+UART
RUN-003584,irq_storm_test-003584,Irq_Storm,APB4,static,2,7,2,odd,1500000,32,1,edge,25,8,32,250,1,ACTIVE,stress,1,8,1,1,UVM_LOW,0,1,0.0241,-O2 -sv -assert svaext,+UVM_TESTNAME=auto -cm line+tgl,r1p2,7,384,40.0,irq_storm_test,irq_storm_seq,APB4+UART
RUN-003585,reg_sweep_test-003585,Reg_Sweep,APB3,static,4,2,1,none,460800,4,1,edge,200,32,32,250,1,ACTIVE,functional,0,8,1,0,UVM_LOW,0,0,0.0,-O2 -sv,+UVM_TESTNAME=auto -cm line+tgl,r2p0,6,48,5.0,reg_sweep_test,reg_sweep_seq,APB3+UART
RUN-003586,reset_recovery_test-003586,Reset_Recovery,APB4,round_robin,8,6,0,even,115200,4,1,level,100,16,32,50,1,ACTIVE,stress,0,8,1,1,UVM_MEDIUM,0,1,0.0324,-O2 -sv -assert svaext,+UVM_TESTNAME=auto,r1p2,1,48,10.0,reset_recovery_test,reset_recovery_seq,APB4+UART
RUN-003587,irq_storm_test-003587,Irq_Storm,APB4,round_robin,16,4,4,odd,230400,8,1,level,200,8,32,250,2,ACTIVE,regression,0,16,1,1,UVM_LOW,0,0,0.0,-O2 -sv,+UVM_TESTNAME=auto -cm line+tgl,r2p0,6,96,5.0,irq_storm_test,irq_storm_seq,APB4+UART
RUN-003588,uart_loopback_test-003588,Uart_Loopback,APB3,round_robin,16,6,2,none,921600,16,1,level,100,32,16,100,3,ACTIVE,functional,0,4,1,1,UVM_MEDIUM,0,0,0.0,-O2 -sv,+UVM_TESTNAME=auto,r1p2,9,192,10.0,uart_loopback_test,uart_loopback_seq,APB3+UART
RUN-003589,reg_sweep_test-003589,Reg_Sweep,APB3,round_robin,2,3,1,even,115200,32,0,edge,50,16,32,100,1,ACTIVE,regression,1,8,1,1,UVM_LOW,0,0,0.0,-O0 -sv -debug,+UVM_TESTNAME=auto,r2p0,11,384,20.0,reg_sweep_test,reg_sweep_seq,APB3+UART
RUN-003590,uart_loopback_test-003590,Uart_Loopback,APB4,round_robin,16,7,1,odd,230400,8,1,level,100,16,32,250,2,ACTIVE,regression,0,8,1,1,UVM_LOW,1,0,0.0,-O2 -sv -assert svaext,+UVM_TESTNAME=auto -cm line+tgl,r2p0,3,96,10.0,uart_loopback_test,uart_loopback_seq,APB4+UART
RUN-003591,backpressure_test-003591,Backpressure,APB3,priority,4,0,1,even,230400,16,0,level,25,32,32,100,1,ACTIVE,stress,0,8,1,1,UVM_LOW,0,1,0.0206,-O2 -sv,+UVM_TESTNAME=auto -cm line+tgl,r1p0,10,192,40.0,backpressure_test,backpressure_seq,APB3+UART
RUN-003592,dma_burst_test-003592,Dma_Burst,APB3,round_robin,8,1,1,none,460800,32,1,level,100,16,32,500,1,ACTIVE,regression,1,4,0,1,UVM_MEDIUM,1,0,0.0,-O0 -sv -debug,+UVM_TESTNAME=auto,r1p0,6,384,10.0,dma_burst_test,dma_burst_seq,APB3+UART
RUN-003593,reg_sweep_test-003593,Reg_Sweep,APB4,static,2,0,0,even,230400,16,1,level,200,16,16,100,3,PASSIVE,functional,0,16,0,1,UVM_MEDIUM,0,0,0.0,-O2 -sv -assert svaext,+UVM_TESTNAME=auto,r1p2,6,192,5.0,reg_sweep_test,reg_sweep_seq,APB4+UART
RUN-003594,irq_storm_test-003594,Irq_Storm,APB4,round_robin,2,5,1,even,115200,8,1,level,50,16,16,250,2,ACTIVE,regression,1,4,1,1,UVM_MEDIUM,0,0,0.0,-O2 -sv,+UVM_TESTNAME=auto,r2p0,4,96,20.0,irq_storm_test,irq_storm_seq,APB4+UART
RUN-003595,reset_recovery_test-003595,Reset_Recovery,APB3,round_robin,8,2,1,odd,921600,16,0,edge,100,8,16,500,2,ACTIVE,stress,0,8,1,1,UVM_MEDIUM,0,0,0.0,-O2 -sv,+UVM_TESTNAME=auto,r1p0,2,192,10.0,reset_recovery_test,reset_recovery_seq,APB3+UART
RUN-003596,reset_recovery_test-003596,Reset_Recovery,APB4,priority,2,0,0,none,921600,32,0,level,50,16,32,100,1,ACTIVE,stress,0,8,0,1,UVM_HIGH,0,1,0.0265,-O2 -sv,+UVM_TESTNAME=auto -cm line+tgl,r1p0,7,384,20.0,reset_recovery_test,reset_recovery_seq,APB4+UART
RUN-003597,reset_recovery_test-003597,Reset_Recovery,APB4,priority,2,7,2,odd,460800,64,0,level,200,32,32,100,2,ACTIVE,stress,0,4,1,1,UVM_LOW,0,0,0.0,-O2 -sv -assert svaext,+UVM_TESTNAME=auto,r1p2,9,768,5.0,reset_recovery_test,reset_recovery_seq,APB4+UART
RUN-003598,reg_sweep_test-003598,Reg_Sweep,APB4,priority,8,4,4,odd,115200,16,1,level,25,8,32,100,1,ACTIVE,regression,0,8,0,1,UVM_LOW,1,0,0.0,-O2 -sv -assert svaext,+UVM_TESTNAME=auto,r2p0,8,192,40.0,reg_sweep_test,reg_sweep_seq,APB4+UART
RUN-003599,backpressure_test-003599,Backpressure,APB4,round_robin,2,0,0,none,230400,4,0,level,200,16,32,250,3,ACTIVE,regression,0,8,1,1,UVM_HIGH,0,0,0.0,-O0 -sv -debug,+UVM_TESTNAME=auto -cm line+tgl,r2p0,9,48,5.0,backpressure_test,backpressure_seq,APB4+UART
RUN-003600,parity_stress_test-003600,Parity_Stress,APB4,priority,2,6,0,odd,115200,32,0,level,100,32,16,250,1,ACTIVE,functional,0,8,1,1,UVM_LOW,0,0,0.0,-O2 -sv -assert svaext,+UVM_TESTNAME=auto -cm line+tgl,r1p2,8,384,10.0,parity_stress_test,parity_stress_seq,APB4+UART
RUN-003601,reg_sweep_test-003601,Reg_Sweep,APB4,round_robin,4,0,2,even,230400,32,1,edge,50,16,16,100,1,ACTIVE,functional,0,4,1,1,UVM_MEDIUM,0,0,0.0,-O2 -sv,+UVM_TESTNAME=auto -cm line+tgl,r2p0,1,384,20.0,reg_sweep_test,reg_sweep_seq,APB4+UART
RUN-003602,parity_stress_test-003602,Parity_Stress,APB4,round_robin,4,2,0,none,230400,4,1,edge,50,8,16,100,2,ACTIVE,stress,0,8,1,1,UVM_MEDIUM,1,0,0.0,-O2 -sv,+UVM_TESTNAME=auto,r2p0,2,48,20.0,parity_stress_test,parity_stress_seq,APB4+UART
RUN-003603,parity_stress_test-003603,Parity_Stress,APB4,priority,2,6,4,even,230400,16,1,level,100,16,32,250,1,ACTIVE,functional,0,8,1,1,UVM_LOW,0,0,0.0,-O2 -sv,+UVM_TESTNAME=auto,r2p0,3,192,10.0,parity_stress_test,parity_stress_seq,APB4+UART
RUN-003604,backpressure_test-003604,Backpressure,APB4,static,4,4,2,none,1500000,32,1,level,25,8,16,50,1,ACTIVE,regression,0,8,1,1,UVM_LOW,1,0,0.0,-O2 -sv -assert svaext,+UVM_TESTNAME=auto,r1p2,2,384,40.0,backpressure_test,backpressure_seq,APB4+UART
RUN-003605,reg_sweep_test-003605,Reg_Sweep,APB4,priority,8,7,4,even,230400,16,1,level,100,16,32,500,1,ACTIVE,stress,0,4,1,1,UVM_MEDIUM,0,0,0.0,-O2 -sv,+UVM_TESTNAME=auto,r1p2,6,192,10.0,reg_sweep_test,reg_sweep_seq,APB4+UART
RUN-003606,reg_sweep_test-003606,Reg_Sweep,APB3,round_robin,8,5,1,none,230400,64,1,level,200,32,32,250,2,ACTIVE,regression,0,4,1,1,UVM_MEDIUM,0,0,0.0,-O2 -sv,+UVM_TESTNAME=auto,r1p2,10,768,5.0,reg_sweep_test,reg_sweep_seq,APB3+UART
RUN-003607,uart_loopback_test-003607,Uart_Loopback,APB3,static,2,7,1,even,460800,4,1,level,100,8,32,250,3,ACTIVE,functional,1,8,1,1,UVM_LOW,0,0,0.0,-O2 -sv,+UVM_TESTNAME=auto -cm line+tgl,r2p0,10,48,10.0,uart_loopback_test,uart_loopback_seq,APB3+UART
RUN-003608,reset_recovery_test-003608,Reset_Recovery,APB3,round_robin,2,7,4,even,115200,8,0,level,50,16,16,500,2,ACTIVE,regression,1,4,1,1,UVM_MEDIUM,0,1,0.0201,-O2 -sv,+UVM_TESTNAME=auto,r1p0,3,96,20.0,reset_recovery_test,reset_recovery_seq,APB3+UART
RUN-003609,irq_storm_test-003609,Irq_Storm,APB3,round_robin,8,2,1,odd,460800,4,0,level,100,32,32,500,2,ACTIVE,functional,1,16,0,1,UVM_MEDIUM,0,1,0.0232,-O2 -sv -assert svaext,+UVM_TESTNAME=auto,r1p2,9,48,10.0,irq_storm_test,irq_storm_seq,APB3+UART
RUN-003610,irq_storm_test-003610,Irq_Storm,APB3,round_robin,8,5,2,even,115200,16,1,level,100,16,32,100,1,ACTIVE,functional,0,8,0,1,UVM_LOW,0,0,0.0,-O2 -sv,+UVM_TESTNAME=auto,r1p2,2,192,10.0,irq_storm_test,irq_storm_seq,APB3+UART
RUN-003611,dma_burst_test-003611,Dma_Burst,APB4,round_robin,8,0,1,none,921600,4,1,edge,50,16,32,100,2,ACTIVE,regression,0,8,1,1,UVM_LOW,0,1,0.0229,-O0 -sv -debug,+UVM_TESTNAME=auto,r1p0,9,48,20.0,dma_burst_test,dma_burst_seq,APB4+UART
RUN-003612,parity_stress_test-003612,Parity_Stress,APB4,static,4,7,1,even,230400,16,1,level,200,16,16,50,1,ACTIVE,regression,0,8,1,1,UVM_LOW,0,1,0.0356,-O2 -sv,+UVM_TESTNAME=auto,r1p0,5,192,5.0,parity_stress_test,parity_stress_seq,APB4+UART
RUN-003613,dma_burst_test-003613,Dma_Burst,APB3,round_robin,2,3,0,none,230400,4,1,edge,100,32,32,250,1,ACTIVE,regression,0,4,1,1,UVM_LOW,1,0,0.0,-O2 -sv -assert svaext,+UVM_TESTNAME=auto,r2p0,6,48,10.0,dma_burst_test,dma_burst_seq,APB3+UART
RUN-003614,dma_burst_test-003614,Dma_Burst,APB3,round_robin,4,6,1,even,460800,16,0,level,50,32,16,500,1,ACTIVE,stress,0,4,1,1,UVM_LOW,0,0,0.0,-O2 -sv,+UVM_TESTNAME=auto,r1p2,5,192,20.0,dma_burst_test,dma_burst_seq,APB3+UART
RUN-003615,reg_sweep_test-003615,Reg_Sweep,APB4,round_robin,8,2,2,none,230400,4,1,edge,50,32,32,100,3,ACTIVE,regression,0,16,1,1,UVM_MEDIUM,0,0,0.0,-O0 -sv -debug,+UVM_TESTNAME=auto -cm line+tgl,r1p0,1,48,20.0,reg_sweep_test,reg_sweep_seq,APB4+UART
RUN-003616,backpressure_test-003616,Backpressure,APB4,round_robin,16,6,2,none,460800,8,1,level,200,16,32,50,1,ACTIVE,functional,0,8,1,1,UVM_MEDIUM,0,1,0.0179,-O2 -sv,+UVM_TESTNAME=auto -cm line+tgl,r1p2,3,96,5.0,backpressure_test,backpressure_seq,APB4+UART
RUN-003617,uart_loopback_test-003617,Uart_Loopback,APB4,round_robin,4,1,4,odd,230400,32,1,edge,200,32,16,100,1,ACTIVE,regression,0,4,1,1,UVM_LOW,1,0,0.0,-O2 -sv,+UVM_TESTNAME=auto -cm line+tgl,r1p2,6,384,5.0,uart_loopback_test,uart_loopback_seq,APB4+UART
RUN-003618,uart_loopback_test-003618,Uart_Loopback,APB3,priority,4,5,0,even,230400,16,0,edge,50,32,16,250,1,ACTIVE,functional,0,8,1,1,UVM_LOW,0,1,0.0399,-O0 -sv -debug,+UVM_TESTNAME=auto -cm line+tgl,r1p0,7,192,20.0,uart_loopback_test,uart_loopback_seq,APB3+UART
RUN-003619,irq_storm_test-003619,Irq_Storm,APB4,static,8,7,1,even,460800,16,1,level,100,32,32,250,2,PASSIVE,functional,0,4,1,1,UVM_LOW,0,0,0.0,-O0 -sv -debug,+UVM_TESTNAME=auto,r1p0,3,192,10.0,irq_storm_test,irq_storm_seq,APB4+UART
RUN-003620,backpressure_test-003620,Backpressure,APB3,round_robin,4,6,0,none,115200,8,0,edge,50,16,16,50,1,PASSIVE,functional,0,16,1,1,UVM_MEDIUM,1,0,0.0,-O2 -sv -assert svaext,+UVM_TESTNAME=auto,r1p0,2,96,20.0,backpressure_test,backpressure_seq,APB3+UART
RUN-003621,parity_stress_test-003621,Parity_Stress,APB4,static,4,4,0,odd,460800,8,1,edge,100,32,32,100,1,ACTIVE,stress,0,4,1,1,UVM_MEDIUM,0,0,0.0,-O2 -sv -assert svaext,+UVM_TESTNAME=auto,r1p2,1,96,10.0,parity_stress_test,parity_stress_seq,APB4+UART
RUN-003622,reg_sweep_test-003622,Reg_Sweep,APB4,round_robin,8,2,4,odd,230400,16,0,level,25,32,32,50,1,ACTIVE,regression,0,4,1,1,UVM_HIGH,0,0,0.0,-O2 -sv -assert svaext,+UVM_TESTNAME=auto -cm line+tgl,r1p0,0,192,40.0,reg_sweep_test,reg_sweep_seq,APB4+UART
RUN-003623,uart_loopback_test-003623,Uart_Loopback,APB4,round_robin,4,6,1,none,115200,16,1,level,50,16,32,500,1,ACTIVE,regression,0,4,0,1,UVM_MEDIUM,1,0,0.0,-O2 -sv -assert svaext,+UVM_TESTNAME=auto -cm line+tgl,r1p2,0,192,20.0,uart_loopback_test,uart_loopback_seq,APB4+UART
RUN-003624,irq_storm_test-003624,Irq_Storm,APB4,priority,16,6,0,none,1500000,16,0,level,50,32,16,500,1,ACTIVE,functional,0,8,1,1,UVM_MEDIUM,0,1,0.0012,-O2 -sv,+UVM_TESTNAME=auto -cm line+tgl,r1p2,10,192,20.0,irq_storm_test,irq_storm_seq,APB4+UART
RUN-003625,reset_recovery_test-003625,Reset_Recovery,APB3,round_robin,16,6,2,none,230400,8,1,edge,200,8,32,50,2,ACTIVE,stress,1,8,1,1,UVM_MEDIUM,0,0,0.0,-O0 -sv -debug,+UVM_TESTNAME=auto,r1p2,11,96,5.0,reset_recovery_test,reset_recovery_seq,APB3+UART
RUN-003626,dma_burst_test-003626,Dma_Burst,APB3,static,8,4,0,none,460800,16,1,level,50,32,32,500,2,ACTIVE,stress,0,16,1,1,UVM_LOW,0,0,0.0,-O0 -sv -debug,+UVM_TESTNAME=auto -cm line+tgl,r2p0,4,192,20.0,dma_burst_test,dma_burst_seq,APB3+UART
RUN-003627,backpressure_test-003627,Backpressure,APB3,priority,4,3,1,none,230400,64,1,level,25,16,32,250,2,ACTIVE,regression,0,8,1,1,UVM_HIGH,1,1,0.0239,-O2 -sv -assert svaext,+UVM_TESTNAME=auto,r1p0,0,768,40.0,backpressure_test,backpressure_seq,APB3+UART
RUN-003628,parity_stress_test-003628,Parity_Stress,APB3,priority,4,0,2,none,115200,8,0,level,50,32,16,100,1,ACTIVE,regression,0,8,1,1,UVM_HIGH,0,0,0.0,-O2 -sv -assert svaext,+UVM_TESTNAME=auto,r2p0,10,96,20.0,parity_stress_test,parity_stress_seq,APB3+UART
RUN-003629,parity_stress_test-003629,Parity_Stress,APB4,round_robin,16,5,1,none,115200,16,0,edge,50,16,16,50,1,ACTIVE,functional,0,8,1,1,UVM_MEDIUM,0,1,0.0185,-O2 -sv -assert svaext,+UVM_TESTNAME=auto,r1p2,4,192,20.0,parity_stress_test,parity_stress_seq,APB4+UART
RUN-003630,reg_sweep_test-003630,Reg_Sweep,APB3,round_robin,4,3,0,none,460800,16,0,level,100,32,16,100,2,ACTIVE,stress,0,4,1,1,UVM_MEDIUM,0,0,0.0,-O2 -sv -assert svaext,+UVM_TESTNAME=auto,r2p0,1,192,10.0,reg_sweep_test,reg_sweep_seq,APB3+UART
RUN-003631,uart_loopback_test-003631,Uart_Loopback,APB3,static,2,2,4,even,921600,16,0,edge,100,32,16,500,2,ACTIVE,stress,0,4,0,0,UVM_LOW,0,0,0.0,-O2 -sv,+UVM_TESTNAME=auto -cm line+tgl,r2p0,9,192,10.0,uart_loopback_test,uart_loopback_seq,APB3+UART
RUN-003632,dma_burst_test-003632,Dma_Burst,APB4,round_robin,8,7,2,none,921600,4,1,edge,200,16,16,50,1,ACTIVE,regression,0,16,1,1,UVM_MEDIUM,0,1,0.04,-O2 -sv,+UVM_TESTNAME=auto,r2p0,4,48,5.0,dma_burst_test,dma_burst_seq,APB4+UART
RUN-003633,irq_storm_test-003633,Irq_Storm,APB4,static,16,0,0,none,1500000,16,0,edge,25,8,16,500,2,ACTIVE,functional,1,16,0,1,UVM_HIGH,0,1,0.0396,-O2 -sv,+UVM_TESTNAME=auto,r1p0,10,192,40.0,irq_storm_test,irq_storm_seq,APB4+UART
RUN-003634,backpressure_test-003634,Backpressure,APB4,static,4,7,1,none,115200,4,1,level,100,16,16,100,1,ACTIVE,stress,0,8,1,1,UVM_MEDIUM,0,0,0.0,-O2 -sv -assert svaext,+UVM_TESTNAME=auto,r1p0,5,48,10.0,backpressure_test,backpressure_seq,APB4+UART
RUN-003635,parity_stress_test-003635,Parity_Stress,APB4,round_robin,16,0,0,even,921600,8,0,edge,50,32,32,250,1,ACTIVE,regression,0,16,0,1,UVM_LOW,1,1,0.0289,-O2 -sv -assert svaext,+UVM_TESTNAME=auto,r1p2,4,96,20.0,parity_stress_test,parity_stress_seq,APB4+UART
RUN-003636,parity_stress_test-003636,Parity_Stress,APB3,priority,8,1,4,even,460800,16,0,edge,100,32,32,250,1,ACTIVE,functional,0,4,1,1,UVM_MEDIUM,0,0,0.0,-O2 -sv,+UVM_TESTNAME=auto,r2p0,8,192,10.0,parity_stress_test,parity_stress_seq,APB3+UART
RUN-003637,irq_storm_test-003637,Irq_Storm,APB4,round_robin,16,7,0,none,460800,16,0,edge,50,16,16,250,2,ACTIVE,regression,0,8,0,1,UVM_MEDIUM,0,0,0.0,-O0 -sv -debug,+UVM_TESTNAME=auto -cm line+tgl,r1p2,4,192,20.0,irq_storm_test,irq_storm_seq,APB4+UART
RUN-003638,reset_recovery_test-003638,Reset_Recovery,APB4,static,2,7,1,even,921600,16,1,level,200,16,16,100,1,ACTIVE,regression,1,8,0,1,UVM_MEDIUM,0,0,0.0,-O2 -sv -assert svaext,+UVM_TESTNAME=auto,r1p2,3,192,5.0,reset_recovery_test,reset_recovery_seq,APB4+UART
RUN-003639,dma_burst_test-003639,Dma_Burst,APB3,round_robin,2,2,0,odd,115200,32,1,level,25,32,32,250,2,PASSIVE,stress,1,8,0,1,UVM_LOW,1,0,0.0,-O2 -sv -assert svaext,+UVM_TESTNAME=auto,r2p0,1,384,40.0,dma_burst_test,dma_burst_seq,APB3+UART
RUN-003640,parity_stress_test-003640,Parity_Stress,APB4,priority,2,4,1,odd,1500000,16,0,edge,100,16,32,50,3,ACTIVE,functional,1,4,1,0,UVM_MEDIUM,1,1,0.0143,-O2 -sv,+UVM_TESTNAME=auto -cm line+tgl,r1p2,5,192,10.0,parity_stress_test,parity_stress_seq,APB4+UART
RUN-003641,dma_burst_test-003641,Dma_Burst,APB3,static,4,1,2,even,460800,16,1,level,50,32,16,500,1,ACTIVE,functional,0,8,0,1,UVM_MEDIUM,0,0,0.0,-O2 -sv -assert svaext,+UVM_TESTNAME=auto,r1p0,10,192,20.0,dma_burst_test,dma_burst_seq,APB3+UART
RUN-003642,backpressure_test-003642,Backpressure,APB4,round_robin,8,4,4,none,115200,8,1,edge,50,8,16,100,3,PASSIVE,stress,0,8,0,1,UVM_MEDIUM,0,0,0.0,-O2 -sv -assert svaext,+UVM_TESTNAME=auto,r1p2,5,96,20.0,backpressure_test,backpressure_seq,APB4+UART
RUN-003643,dma_burst_test-003643,Dma_Burst,APB3,round_robin,8,0,0,odd,115200,64,1,edge,200,32,32,100,1,ACTIVE,functional,1,16,0,1,UVM_MEDIUM,0,1,0.0133,-O2 -sv,+UVM_TESTNAME=auto,r1p2,11,768,5.0,dma_burst_test,dma_burst_seq,APB3+UART
RUN-003644,irq_storm_test-003644,Irq_Storm,APB4,static,8,2,1,odd,1500000,8,0,level,200,32,32,250,3,ACTIVE,functional,0,4,1,1,UVM_MEDIUM,1,0,0.0,-O2 -sv -assert svaext,+UVM_TESTNAME=auto -cm line+tgl,r2p0,7,96,5.0,irq_storm_test,irq_storm_seq,APB4+UART
RUN-003645,irq_storm_test-003645,Irq_Storm,APB4,round_robin,8,7,0,even,115200,4,0,edge,100,16,16,500,1,ACTIVE,regression,0,16,0,0,UVM_LOW,0,0,0.0,-O2 -sv,+UVM_TESTNAME=auto -cm line+tgl,r1p0,1,48,10.0,irq_storm_test,irq_storm_seq,APB4+UART
RUN-003646,backpressure_test-003646,Backpressure,APB3,round_robin,4,0,0,odd,460800,64,0,level,25,16,32,100,1,ACTIVE,regression,0,4,1,1,UVM_MEDIUM,1,1,0.0023,-O0 -sv -debug,+UVM_TESTNAME=auto,r1p2,8,768,40.0,backpressure_test,backpressure_seq,APB3+UART
RUN-003647,uart_loopback_test-003647,Uart_Loopback,APB3,round_robin,2,1,4,odd,1500000,4,0,level,50,16,16,100,1,ACTIVE,regression,0,4,1,1,UVM_LOW,0,1,0.0119,-O2 -sv,+UVM_TESTNAME=auto -cm line+tgl,r1p2,5,48,20.0,uart_loopback_test,uart_loopback_seq,APB3+UART
RUN-003648,irq_storm_test-003648,Irq_Storm,APB4,round_robin,2,7,2,even,115200,8,1,level,25,16,32,250,3,ACTIVE,functional,0,4,1,1,UVM_MEDIUM,0,0,0.0,-O2 -sv -assert svaext,+UVM_TESTNAME=auto -cm line+tgl,r1p2,4,96,40.0,irq_storm_test,irq_storm_seq,APB4+UART
RUN-003649,reset_recovery_test-003649,Reset_Recovery,APB4,round_robin,2,5,4,odd,921600,4,0,level,25,16,16,250,3,ACTIVE,functional,0,16,1,1,UVM_MEDIUM,0,0,0.0,-O2 -sv,+UVM_TESTNAME=auto,r1p2,7,48,40.0,reset_recovery_test,reset_recovery_seq,APB4+UART
RUN-003650,reset_recovery_test-003650,Reset_Recovery,APB4,priority,16,5,1,odd,230400,8,1,level,50,32,32,100,1,ACTIVE,functional,0,4,1,1,UVM_LOW,0,0,0.0,-O2 -sv,+UVM_TESTNAME=auto -cm line+tgl,r1p2,0,96,20.0,reset_recovery_test,reset_recovery_seq,APB4+UART
RUN-003651,parity_stress_test-003651,Parity_Stress,APB4,round_robin,16,0,1,odd,230400,16,0,level,200,16,16,50,1,ACTIVE,regression,0,16,1,1,UVM_HIGH,0,0,0.0,-O2 -sv -assert svaext,+UVM_TESTNAME=auto -cm line+tgl,r1p2,4,192,5.0,parity_stress_test,parity_stress_seq,APB4+UART
RUN-003652,dma_burst_test-003652,Dma_Burst,APB3,round_robin,4,2,2,none,115200,32,1,level,100,16,32,250,1,ACTIVE,stress,0,8,1,1,UVM_LOW,1,1,0.0102,-O2 -sv,+UVM_TESTNAME=auto -cm line+tgl,r1p2,5,384,10.0,dma_burst_test,dma_burst_seq,APB3+UART
RUN-003653,dma_burst_test-003653,Dma_Burst,APB3,priority,4,7,4,none,921600,32,0,edge,25,16,16,100,3,ACTIVE,regression,0,4,1,1,UVM_MEDIUM,0,1,0.0155,-O0 -sv -debug,+UVM_TESTNAME=auto,r1p0,6,384,40.0,dma_burst_test,dma_burst_seq,APB3+UART
RUN-003654,backpressure_test-003654,Backpressure,APB3,round_robin,2,5,0,odd,460800,32,1,level,100,16,32,250,1,ACTIVE,stress,1,4,1,0,UVM_LOW,0,0,0.0,-O2 -sv -assert svaext,+UVM_TESTNAME=auto,r2p0,7,384,10.0,backpressure_test,backpressure_seq,APB3+UART
RUN-003655,dma_burst_test-003655,Dma_Burst,APB3,static,2,4,1,none,230400,4,1,edge,25,32,16,100,1,ACTIVE,stress,0,4,0,1,UVM_MEDIUM,0,0,0.0,-O2 -sv,+UVM_TESTNAME=auto,r2p0,2,48,40.0,dma_burst_test,dma_burst_seq,APB3+UART
RUN-003656,reg_sweep_test-003656,Reg_Sweep,APB3,priority,2,0,4,none,921600,16,0,level,100,16,16,100,2,ACTIVE,stress,0,4,1,1,UVM_HIGH,1,1,0.0019,-O2 -sv,+UVM_TESTNAME=auto,r1p2,10,192,10.0,reg_sweep_test,reg_sweep_seq,APB3+UART
RUN-003657,reset_recovery_test-003657,Reset_Recovery,APB3,round_robin,4,0,2,odd,115200,64,1,edge,100,32,16,500,1,ACTIVE,functional,1,4,1,1,UVM_LOW,0,0,0.0,-O2 -sv -assert svaext,+UVM_TESTNAME=auto,r2p0,3,768,10.0,reset_recovery_test,reset_recovery_seq,APB3+UART
RUN-003658,reg_sweep_test-003658,Reg_Sweep,APB4,priority,2,5,0,odd,230400,16,0,edge,25,8,16,100,1,PASSIVE,stress,1,8,0,1,UVM_MEDIUM,0,0,0.0,-O2 -sv,+UVM_TESTNAME=auto,r1p2,11,192,40.0,reg_sweep_test,reg_sweep_seq,APB4+UART
RUN-003659,reset_recovery_test-003659,Reset_Recovery,APB4,round_robin,4,3,4,odd,921600,64,1,level,100,8,32,500,1,ACTIVE,functional,0,4,1,1,UVM_HIGH,0,0,0.0,-O0 -sv -debug,+UVM_TESTNAME=auto,r1p2,2,768,10.0,reset_recovery_test,reset_recovery_seq,APB4+UART
RUN-003660,dma_burst_test-003660,Dma_Burst,APB4,static,4,4,2,none,115200,32,0,edge,25,8,32,100,3,ACTIVE,functional,1,16,1,1,UVM_LOW,1,1,0.035,-O2 -sv -assert svaext,+UVM_TESTNAME=auto,r1p2,10,384,40.0,dma_burst_test,dma_burst_seq,APB4+UART
RUN-003661,irq_storm_test-003661,Irq_Storm,APB4,static,4,4,0,odd,460800,32,0,edge,100,8,32,100,2,ACTIVE,stress,0,4,1,1,UVM_LOW,0,1,0.0281,-O2 -sv,+UVM_TESTNAME=auto,r1p2,0,384,10.0,irq_storm_test,irq_storm_seq,APB4+UART
RUN-003662,reset_recovery_test-003662,Reset_Recovery,APB4,round_robin,16,3,1,odd,460800,16,1,level,100,32,32,100,1,ACTIVE,stress,0,4,1,1,UVM_LOW,1,1,0.002,-O2 -sv,+UVM_TESTNAME=auto,r1p2,3,192,10.0,reset_recovery_test,reset_recovery_seq,APB4+UART
RUN-003663,dma_burst_test-003663,Dma_Burst,APB4,priority,16,3,1,none,460800,64,1,level,100,16,16,100,2,ACTIVE,stress,0,8,1,1,UVM_LOW,0,0,0.0,-O2 -sv -assert svaext,+UVM_TESTNAME=auto,r1p2,6,768,10.0,dma_burst_test,dma_burst_seq,APB4+UART
RUN-003664,irq_storm_test-003664,Irq_Storm,APB4,priority,2,0,4,none,115200,4,0,edge,50,16,16,100,1,ACTIVE,stress,1,16,0,1,UVM_LOW,1,1,0.0389,-O2 -sv -assert svaext,+UVM_TESTNAME=auto,r2p0,10,48,20.0,irq_storm_test,irq_storm_seq,APB4+UART
RUN-003665,uart_loopback_test-003665,Uart_Loopback,APB4,round_robin,2,3,0,none,1500000,4,0,level,100,32,16,500,2,ACTIVE,functional,0,4,1,1,UVM_MEDIUM,0,1,0.0323,-O2 -sv -assert svaext,+UVM_TESTNAME=auto,r1p2,11,48,10.0,uart_loopback_test,uart_loopback_seq,APB4+UART
RUN-003666,uart_loopback_test-003666,Uart_Loopback,APB3,priority,8,3,1,even,115200,32,1,level,100,8,32,100,1,ACTIVE,functional,1,8,1,1,UVM_LOW,1,0,0.0,-O2 -sv,+UVM_TESTNAME=auto,r1p0,2,384,10.0,uart_loopback_test,uart_loopback_seq,APB3+UART
RUN-003667,reset_recovery_test-003667,Reset_Recovery,APB4,priority,4,4,2,none,230400,4,1,edge,100,32,32,50,3,ACTIVE,regression,0,4,0,1,UVM_MEDIUM,1,0,0.0,-O2 -sv -assert svaext,+UVM_TESTNAME=auto,r1p0,5,48,10.0,reset_recovery_test,reset_recovery_seq,APB4+UART
RUN-003668,uart_loopback_test-003668,Uart_Loopback,APB4,static,8,3,1,even,115200,8,1,level,50,16,16,500,2,ACTIVE,regression,0,16,1,1,UVM_LOW,0,1,0.0331,-O2 -sv -assert svaext,+UVM_TESTNAME=auto,r1p2,8,96,20.0,uart_loopback_test,uart_loopback_seq,APB4+UART
RUN-003669,parity_stress_test-003669,Parity_Stress,APB3,priority,2,2,0,none,230400,4,1,level,25,32,32,100,1,ACTIVE,stress,1,4,0,1,UVM_LOW,0,0,0.0,-O0 -sv -debug,+UVM_TESTNAME=auto,r2p0,4,48,40.0,parity_stress_test,parity_stress_seq,APB3+UART
RUN-003670,reset_recovery_test-003670,Reset_Recovery,APB3,static,2,7,1,none,115200,16,1,level,200,8,16,250,3,ACTIVE,functional,0,16,0,1,UVM_MEDIUM,0,0,0.0,-O2 -sv -assert svaext,+UVM_TESTNAME=auto -cm line+tgl,r1p2,5,192,5.0,reset_recovery_test,reset_recovery_seq,APB3+UART
RUN-003671,reg_sweep_test-003671,Reg_Sweep,APB3,priority,2,2,2,even,460800,32,1,edge,100,16,32,50,3,ACTIVE,stress,0,16,1,1,UVM_LOW,0,0,0.0,-O0 -sv -debug,+UVM_TESTNAME=auto,r1p0,2,384,10.0,reg_sweep_test,reg_sweep_seq,APB3+UART
RUN-003672,irq_storm_test-003672,Irq_Storm,APB4,static,8,6,2,odd,460800,8,0,edge,200,8,32,250,3,ACTIVE,functional,0,16,1,1,UVM_MEDIUM,0,0,0.0,-O0 -sv -debug,+UVM_TESTNAME=auto,r1p0,0,96,5.0,irq_storm_test,irq_storm_seq,APB4+UART
RUN-003673,reg_sweep_test-003673,Reg_Sweep,APB4,priority,2,7,1,odd,230400,8,0,level,25,8,32,100,1,ACTIVE,stress,0,16,1,1,UVM_HIGH,1,1,0.0284,-O2 -sv,+UVM_TESTNAME=auto,r1p2,10,96,40.0,reg_sweep_test,reg_sweep_seq,APB4+UART
RUN-003674,dma_burst_test-003674,Dma_Burst,APB4,round_robin,16,1,0,even,460800,8,0,level,100,32,32,100,1,ACTIVE,stress,0,16,0,0,UVM_LOW,0,1,0.0054,-O2 -sv -assert svaext,+UVM_TESTNAME=auto -cm line+tgl,r2p0,4,96,10.0,dma_burst_test,dma_burst_seq,APB4+UART
RUN-003675,parity_stress_test-003675,Parity_Stress,APB3,round_robin,4,5,4,even,115200,16,0,edge,200,32,16,100,1,ACTIVE,stress,1,4,1,1,UVM_HIGH,0,1,0.011,-O2 -sv -assert svaext,+UVM_TESTNAME=auto,r1p2,10,192,5.0,parity_stress_test,parity_stress_seq,APB3+UART
RUN-003676,parity_stress_test-003676,Parity_Stress,APB3,static,4,5,0,even,230400,32,1,edge,200,32,32,100,1,ACTIVE,regression,1,4,1,1,UVM_LOW,1,1,0.0232,-O2 -sv,+UVM_TESTNAME=auto,r1p2,3,384,5.0,parity_stress_test,parity_stress_seq,APB3+UART
RUN-003677,backpressure_test-003677,Backpressure,APB3,priority,4,7,2,none,230400,8,0,level,50,32,32,100,2,ACTIVE,stress,1,8,1,1,UVM_MEDIUM,0,1,0.0312,-O2 -sv,+UVM_TESTNAME=auto,r2p0,6,96,20.0,backpressure_test,backpressure_seq,APB3+UART
RUN-003678,reg_sweep_test-003678,Reg_Sweep,APB4,round_robin,4,4,1,none,460800,32,1,level,100,8,16,250,1,ACTIVE,stress,1,8,1,1,UVM_MEDIUM,0,1,0.0372,-O2 -sv,+UVM_TESTNAME=auto,r1p0,0,384,10.0,reg_sweep_test,reg_sweep_seq,APB4+UART
RUN-003679,dma_burst_test-003679,Dma_Burst,APB4,static,16,4,2,odd,230400,32,0,level,100,8,32,50,2,ACTIVE,functional,1,8,1,1,UVM_MEDIUM,0,1,0.0245,-O2 -sv,+UVM_TESTNAME=auto,r1p0,5,384,10.0,dma_burst_test,dma_burst_seq,APB4+UART
RUN-003680,reg_sweep_test-003680,Reg_Sweep,APB3,priority,2,6,1,none,460800,8,0,edge,200,32,32,250,2,ACTIVE,functional,0,4,1,1,UVM_LOW,1,0,0.0,-O2 -sv,+UVM_TESTNAME=auto -cm line+tgl,r2p0,7,96,5.0,reg_sweep_test,reg_sweep_seq,APB3+UART
RUN-003681,reg_sweep_test-003681,Reg_Sweep,APB3,priority,8,7,2,odd,460800,16,1,level,25,32,32,50,2,PASSIVE,regression,0,8,1,1,UVM_MEDIUM,0,1,0.009,-O2 -sv -assert svaext,+UVM_TESTNAME=auto,r1p0,8,192,40.0,reg_sweep_test,reg_sweep_seq,APB3+UART
RUN-003682,dma_burst_test-003682,Dma_Burst,APB4,static,4,2,2,even,460800,64,1,level,50,32,32,500,3,ACTIVE,regression,0,8,1,0,UVM_HIGH,0,1,0.0118,-O2 -sv -assert svaext,+UVM_TESTNAME=auto -cm line+tgl,r2p0,7,768,20.0,dma_burst_test,dma_burst_seq,APB4+UART
RUN-003683,irq_storm_test-003683,Irq_Storm,APB3,round_robin,16,3,2,odd,230400,4,1,edge,25,32,16,250,2,ACTIVE,functional,0,4,1,1,UVM_MEDIUM,0,0,0.0,-O0 -sv -debug,+UVM_TESTNAME=auto,r1p0,4,48,40.0,irq_storm_test,irq_storm_seq,APB3+UART
RUN-003684,dma_burst_test-003684,Dma_Burst,APB3,round_robin,4,5,0,even,460800,32,0,edge,100,32,32,100,3,ACTIVE,functional,0,8,1,1,UVM_HIGH,0,1,0.011,-O2 -sv -assert svaext,+UVM_TESTNAME=auto -cm line+tgl,r2p0,1,384,10.0,dma_burst_test,dma_burst_seq,APB3+UART
RUN-003685,dma_burst_test-003685,Dma_Burst,APB4,round_robin,4,3,2,none,115200,64,1,edge,100,16,32,50,1,ACTIVE,regression,0,8,1,1,UVM_MEDIUM,0,0,0.0,-O2 -sv -assert svaext,+UVM_TESTNAME=auto -cm line+tgl,r1p0,3,768,10.0,dma_burst_test,dma_burst_seq,APB4+UART
RUN-003686,parity_stress_test-003686,Parity_Stress,APB3,round_robin,4,7,1,none,921600,16,0,edge,100,32,32,50,1,ACTIVE,regression,0,16,0,1,UVM_MEDIUM,0,0,0.0,-O0 -sv -debug,+UVM_TESTNAME=auto -cm line+tgl,r1p2,9,192,10.0,parity_stress_test,parity_stress_seq,APB3+UART
RUN-003687,uart_loopback_test-003687,Uart_Loopback,APB4,static,2,6,0,none,115200,8,0,edge,50,32,32,100,2,ACTIVE,functional,0,4,1,1,UVM_LOW,1,1,0.0307,-O2 -sv -assert svaext,+UVM_TESTNAME=auto,r2p0,1,96,20.0,uart_loopback_test,uart_loopback_seq,APB4+UART
RUN-003688,reset_recovery_test-003688,Reset_Recovery,APB4,static,4,6,0,none,1500000,32,1,edge,100,32,32,50,1,ACTIVE,regression,0,4,1,1,UVM_MEDIUM,0,1,0.0219,-O2 -sv,+UVM_TESTNAME=auto,r2p0,6,384,10.0,reset_recovery_test,reset_recovery_seq,APB4+UART
RUN-003689,backpressure_test-003689,Backpressure,APB3,round_robin,4,4,0,none,230400,32,0,level,25,16,32,250,1,ACTIVE,stress,0,8,0,1,UVM_LOW,0,1,0.0077,-O2 -sv -assert svaext,+UVM_TESTNAME=auto,r1p0,5,384,40.0,backpressure_test,backpressure_seq,APB3+UART
RUN-003690,backpressure_test-003690,Backpressure,APB4,priority,8,4,1,even,1500000,8,1,level,25,8,16,50,1,ACTIVE,regression,0,8,0,1,UVM_LOW,0,1,0.0233,-O2 -sv -assert svaext,+UVM_TESTNAME=auto -cm line+tgl,r1p2,5,96,40.0,backpressure_test,backpressure_seq,APB4+UART
RUN-003691,irq_storm_test-003691,Irq_Storm,APB4,static,16,7,2,even,230400,16,1,edge,50,8,32,100,2,ACTIVE,stress,1,4,0,1,UVM_LOW,0,1,0.0323,-O2 -sv,+UVM_TESTNAME=auto -cm line+tgl,r1p2,0,192,20.0,irq_storm_test,irq_storm_seq,APB4+UART
RUN-003692,backpressure_test-003692,Backpressure,APB4,round_robin,4,1,1,even,460800,8,1,edge,50,16,16,500,1,ACTIVE,regression,1,4,1,1,UVM_MEDIUM,0,0,0.0,-O2 -sv,+UVM_TESTNAME=auto,r2p0,8,96,20.0,backpressure_test,backpressure_seq,APB4+UART
RUN-003693,irq_storm_test-003693,Irq_Storm,APB4,static,4,1,0,even,1500000,32,0,level,100,32,16,100,2,ACTIVE,functional,0,16,0,1,UVM_LOW,0,0,0.0,-O0 -sv -debug,+UVM_TESTNAME=auto -cm line+tgl,r1p0,8,384,10.0,irq_storm_test,irq_storm_seq,APB4+UART
RUN-003694,dma_burst_test-003694,Dma_Burst,APB3,round_robin,2,7,0,even,115200,16,0,level,100,16,32,100,3,ACTIVE,regression,0,8,1,1,UVM_MEDIUM,0,0,0.0,-O2 -sv,+UVM_TESTNAME=auto,r1p2,9,192,10.0,dma_burst_test,dma_burst_seq,APB3+UART
RUN-003695,uart_loopback_test-003695,Uart_Loopback,APB4,priority,8,5,0,odd,1500000,16,1,level,50,16,16,250,2,ACTIVE,functional,0,16,1,1,UVM_LOW,1,0,0.0,-O0 -sv -debug,+UVM_TESTNAME=auto -cm line+tgl,r2p0,1,192,20.0,uart_loopback_test,uart_loopback_seq,APB4+UART
RUN-003696,reg_sweep_test-003696,Reg_Sweep,APB3,priority,4,3,4,none,921600,16,0,edge,25,16,32,250,2,ACTIVE,stress,0,16,1,1,UVM_MEDIUM,0,1,0.0006,-O2 -sv,+UVM_TESTNAME=auto -cm line+tgl,r1p2,6,192,40.0,reg_sweep_test,reg_sweep_seq,APB3+UART
RUN-003697,backpressure_test-003697,Backpressure,APB3,round_robin,4,2,2,none,460800,16,0,edge,25,8,16,100,2,ACTIVE,regression,0,8,0,1,UVM_HIGH,0,0,0.0,-O2 -sv,+UVM_TESTNAME=auto -cm line+tgl,r1p2,0,192,40.0,backpressure_test,backpressure_seq,APB3+UART
RUN-003698,reg_sweep_test-003698,Reg_Sweep,APB4,round_robin,8,3,1,none,230400,8,1,edge,100,32,16,250,1,ACTIVE,regression,0,4,1,1,UVM_MEDIUM,0,1,0.0387,-O2 -sv -assert svaext,+UVM_TESTNAME=auto -cm line+tgl,r1p2,2,96,10.0,reg_sweep_test,reg_sweep_seq,APB4+UART
RUN-003699,reset_recovery_test-003699,Reset_Recovery,APB4,static,8,4,4,even,115200,32,1,level,25,32,16,50,2,ACTIVE,functional,0,4,1,1,UVM_HIGH,1,0,0.0,-O0 -sv -debug,+UVM_TESTNAME=auto -cm line+tgl,r1p0,4,384,40.0,reset_recovery_test,reset_recovery_seq,APB4+UART
RUN-003700,parity_stress_test-003700,Parity_Stress,APB4,priority,4,7,2,none,921600,64,0,level,100,16,32,250,1,ACTIVE,regression,0,8,1,0,UVM_HIGH,0,1,0.0061,-O2 -sv -assert svaext,+UVM_TESTNAME=auto -cm line+tgl,r1p2,2,768,10.0,parity_stress_test,parity_stress_seq,APB4+UART
RUN-003701,reg_sweep_test-003701,Reg_Sweep,APB3,static,16,0,0,even,460800,16,0,level,25,16,16,250,2,PASSIVE,regression,0,8,0,1,UVM_MEDIUM,0,1,0.0264,-O0 -sv -debug,+UVM_TESTNAME=auto -cm line+tgl,r1p2,8,192,40.0,reg_sweep_test,reg_sweep_seq,APB3+UART
RUN-003702,reg_sweep_test-003702,Reg_Sweep,APB4,static,4,7,1,none,115200,32,0,level,25,32,32,250,2,ACTIVE,functional,0,8,1,1,UVM_MEDIUM,0,1,0.0185,-O0 -sv -debug,+UVM_TESTNAME=auto,r1p2,2,384,40.0,reg_sweep_test,reg_sweep_seq,APB4+UART
RUN-003703,irq_storm_test-003703,Irq_Storm,APB3,round_robin,4,0,2,even,921600,16,1,level,50,32,32,250,2,ACTIVE,functional,0,8,1,1,UVM_LOW,0,0,0.0,-O0 -sv -debug,+UVM_TESTNAME=auto -cm line+tgl,r1p2,10,192,20.0,irq_storm_test,irq_storm_seq,APB3+UART
RUN-003704,reset_recovery_test-003704,Reset_Recovery,APB4,priority,8,2,0,even,230400,16,1,edge,100,32,32,500,1,PASSIVE,functional,0,4,1,1,UVM_LOW,0,1,0.0259,-O2 -sv,+UVM_TESTNAME=auto -cm line+tgl,r1p0,7,192,10.0,reset_recovery_test,reset_recovery_seq,APB4+UART
RUN-003705,reset_recovery_test-003705,Reset_Recovery,APB3,static,8,1,4,odd,230400,4,1,level,25,16,32,500,2,ACTIVE,functional,1,4,1,1,UVM_MEDIUM,0,1,0.0385,-O2 -sv,+UVM_TESTNAME=auto,r1p2,4,48,40.0,reset_recovery_test,reset_recovery_seq,APB3+UART
RUN-003706,backpressure_test-003706,Backpressure,APB4,static,4,4,2,even,230400,16,0,edge,200,32,16,250,1,ACTIVE,regression,1,16,1,0,UVM_LOW,0,1,0.0036,-O2 -sv -assert svaext,+UVM_TESTNAME=auto,r1p0,7,192,5.0,backpressure_test,backpressure_seq,APB4+UART
RUN-003707,reg_sweep_test-003707,Reg_Sweep,APB4,static,8,2,1,none,115200,16,1,level,50,32,32,100,2,PASSIVE,regression,0,4,1,1,UVM_MEDIUM,0,0,0.0,-O2 -sv,+UVM_TESTNAME=auto,r2p0,4,192,20.0,reg_sweep_test,reg_sweep_seq,APB4+UART
RUN-003708,reg_sweep_test-003708,Reg_Sweep,APB3,round_robin,8,6,1,even,230400,4,0,level,50,16,16,50,1,ACTIVE,stress,0,8,1,1,UVM_LOW,0,1,0.0387,-O2 -sv -assert svaext,+UVM_TESTNAME=auto,r1p2,0,48,20.0,reg_sweep_test,reg_sweep_seq,APB3+UART
RUN-003709,reset_recovery_test-003709,Reset_Recovery,APB4,priority,2,1,2,none,115200,32,1,level,200,8,32,100,1,PASSIVE,functional,0,8,1,1,UVM_LOW,0,1,0.0195,-O2 -sv,+UVM_TESTNAME=auto,r1p2,0,384,5.0,reset_recovery_test,reset_recovery_seq,APB4+UART
RUN-003710,irq_storm_test-003710,Irq_Storm,APB4,round_robin,2,4,2,even,921600,8,0,level,50,32,32,100,2,ACTIVE,functional,0,8,1,1,UVM_MEDIUM,0,0,0.0,-O0 -sv -debug,+UVM_TESTNAME=auto,r1p0,7,96,20.0,irq_storm_test,irq_storm_seq,APB4+UART
RUN-003711,reg_sweep_test-003711,Reg_Sweep,APB4,static,16,4,0,none,230400,64,1,level,200,32,16,100,1,ACTIVE,stress,0,16,0,1,UVM_LOW,0,0,0.0,-O2 -sv,+UVM_TESTNAME=auto -cm line+tgl,r2p0,8,768,5.0,reg_sweep_test,reg_sweep_seq,APB4+UART
RUN-003712,uart_loopback_test-003712,Uart_Loopback,APB3,priority,16,6,1,none,1500000,16,1,level,50,16,16,100,2,ACTIVE,functional,1,4,1,1,UVM_MEDIUM,1,1,0.0139,-O0 -sv -debug,+UVM_TESTNAME=auto,r2p0,11,192,20.0,uart_loopback_test,uart_loopback_seq,APB3+UART
RUN-003713,reg_sweep_test-003713,Reg_Sweep,APB4,static,2,4,2,even,460800,64,0,edge,25,8,32,50,3,PASSIVE,functional,1,4,0,1,UVM_LOW,1,0,0.0,-O2 -sv -assert svaext,+UVM_TESTNAME=auto -cm line+tgl,r1p0,11,768,40.0,reg_sweep_test,reg_sweep_seq,APB4+UART
RUN-003714,uart_loopback_test-003714,Uart_Loopback,APB4,round_robin,4,5,1,none,921600,8,1,level,100,32,16,100,3,ACTIVE,stress,0,8,1,1,UVM_LOW,1,0,0.0,-O0 -sv -debug,+UVM_TESTNAME=auto -cm line+tgl,r2p0,9,96,10.0,uart_loopback_test,uart_loopback_seq,APB4+UART
RUN-003715,reset_recovery_test-003715,Reset_Recovery,APB3,round_robin,8,7,2,none,230400,4,1,edge,200,32,32,250,2,ACTIVE,functional,0,8,1,1,UVM_LOW,0,1,0.0349,-O2 -sv,+UVM_TESTNAME=auto,r2p0,6,48,5.0,reset_recovery_test,reset_recovery_seq,APB3+UART
RUN-003716,irq_storm_test-003716,Irq_Storm,APB3,round_robin,2,5,2,even,460800,16,1,level,100,8,16,100,2,ACTIVE,stress,0,16,0,1,UVM_MEDIUM,0,0,0.0,-O0 -sv -debug,+UVM_TESTNAME=auto -cm line+tgl,r2p0,5,192,10.0,irq_storm_test,irq_storm_seq,APB3+UART
RUN-003717,dma_burst_test-003717,Dma_Burst,APB4,static,8,4,2,none,1500000,16,1,level,100,8,16,100,1,ACTIVE,regression,0,8,1,1,UVM_LOW,0,1,0.0309,-O2 -sv -assert svaext,+UVM_TESTNAME=auto,r1p2,2,192,10.0,dma_burst_test,dma_burst_seq,APB4+UART
RUN-003718,reg_sweep_test-003718,Reg_Sweep,APB3,priority,4,0,1,none,230400,64,1,level,25,16,32,250,1,ACTIVE,stress,0,8,0,1,UVM_MEDIUM,0,0,0.0,-O2 -sv -assert svaext,+UVM_TESTNAME=auto -cm line+tgl,r1p2,10,768,40.0,reg_sweep_test,reg_sweep_seq,APB3+UART
RUN-003719,backpressure_test-003719,Backpressure,APB4,static,4,7,0,none,115200,32,0,edge,50,32,16,50,2,ACTIVE,stress,0,4,0,1,UVM_LOW,0,1,0.0131,-O2 -sv,+UVM_TESTNAME=auto -cm line+tgl,r1p0,7,384,20.0,backpressure_test,backpressure_seq,APB4+UART
RUN-003720,dma_burst_test-003720,Dma_Burst,APB4,round_robin,2,0,1,even,230400,16,1,edge,100,8,32,500,1,ACTIVE,regression,0,4,0,0,UVM_LOW,0,0,0.0,-O2 -sv -assert svaext,+UVM_TESTNAME=auto -cm line+tgl,r1p0,1,192,10.0,dma_burst_test,dma_burst_seq,APB4+UART
RUN-003721,reg_sweep_test-003721,Reg_Sweep,APB3,round_robin,4,5,0,odd,460800,8,0,edge,100,8,32,50,1,ACTIVE,functional,0,8,1,1,UVM_LOW,0,1,0.0173,-O0 -sv -debug,+UVM_TESTNAME=auto,r1p0,0,96,10.0,reg_sweep_test,reg_sweep_seq,APB3+UART
RUN-003722,backpressure_test-003722,Backpressure,APB3,priority,4,0,2,odd,921600,16,1,level,100,8,16,100,2,ACTIVE,functional,1,8,0,1,UVM_HIGH,0,0,0.0,-O0 -sv -debug,+UVM_TESTNAME=auto,r1p2,11,192,10.0,backpressure_test,backpressure_seq,APB3+UART
RUN-003723,irq_storm_test-003723,Irq_Storm,APB4,priority,2,4,1,odd,921600,4,0,edge,25,32,16,250,3,ACTIVE,functional,0,4,0,1,UVM_HIGH,1,1,0.019,-O0 -sv -debug,+UVM_TESTNAME=auto,r1p2,5,48,40.0,irq_storm_test,irq_storm_seq,APB4+UART
RUN-003724,backpressure_test-003724,Backpressure,APB4,priority,2,3,0,even,230400,16,0,level,100,32,32,250,1,ACTIVE,stress,1,16,0,1,UVM_LOW,0,0,0.0,-O2 -sv -assert svaext,+UVM_TESTNAME=auto -cm line+tgl,r2p0,0,192,10.0,backpressure_test,backpressure_seq,APB4+UART
RUN-003725,uart_loopback_test-003725,Uart_Loopback,APB4,round_robin,8,4,1,odd,115200,16,0,level,200,8,32,100,3,ACTIVE,regression,0,16,0,0,UVM_LOW,0,1,0.006,-O0 -sv -debug,+UVM_TESTNAME=auto,r1p0,0,192,5.0,uart_loopback_test,uart_loopback_seq,APB4+UART
RUN-003726,backpressure_test-003726,Backpressure,APB3,priority,16,3,1,odd,115200,32,0,edge,100,8,32,500,1,PASSIVE,regression,0,4,0,1,UVM_LOW,0,1,0.0183,-O2 -sv,+UVM_TESTNAME=auto,r2p0,3,384,10.0,backpressure_test,backpressure_seq,APB3+UART
RUN-003727,uart_loopback_test-003727,Uart_Loopback,APB4,priority,8,1,1,odd,230400,32,0,edge,25,8,16,50,3,ACTIVE,regression,0,8,1,1,UVM_HIGH,1,1,0.0131,-O2 -sv,+UVM_TESTNAME=auto,r1p0,7,384,40.0,uart_loopback_test,uart_loopback_seq,APB4+UART
RUN-003728,dma_burst_test-003728,Dma_Burst,APB4,round_robin,4,5,0,odd,230400,32,0,edge,50,16,16,500,1,ACTIVE,functional,0,4,1,1,UVM_LOW,1,0,0.0,-O2 -sv -assert svaext,+UVM_TESTNAME=auto,r1p0,9,384,20.0,dma_burst_test,dma_burst_seq,APB4+UART
RUN-003729,reset_recovery_test-003729,Reset_Recovery,APB4,round_robin,8,3,4,none,1500000,16,0,edge,50,8,16,500,2,ACTIVE,regression,0,8,0,1,UVM_MEDIUM,1,0,0.0,-O0 -sv -debug,+UVM_TESTNAME=auto -cm line+tgl,r1p2,4,192,20.0,reset_recovery_test,reset_recovery_seq,APB4+UART
RUN-003730,backpressure_test-003730,Backpressure,APB3,round_robin,4,3,0,odd,115200,8,1,edge,50,16,32,100,2,ACTIVE,regression,0,8,0,1,UVM_MEDIUM,0,1,0.0337,-O2 -sv -assert svaext,+UVM_TESTNAME=auto,r1p0,4,96,20.0,backpressure_test,backpressure_seq,APB3+UART
RUN-003731,reg_sweep_test-003731,Reg_Sweep,APB4,priority,2,2,1,even,1500000,4,1,level,200,16,16,500,1,ACTIVE,functional,0,4,1,1,UVM_MEDIUM,0,0,0.0,-O2 -sv,+UVM_TESTNAME=auto -cm line+tgl,r1p2,0,48,5.0,reg_sweep_test,reg_sweep_seq,APB4+UART
RUN-003732,reset_recovery_test-003732,Reset_Recovery,APB4,round_robin,4,5,1,odd,115200,64,1,level,100,32,16,100,1,ACTIVE,stress,0,16,1,1,UVM_MEDIUM,0,0,0.0,-O2 -sv,+UVM_TESTNAME=auto,r1p0,4,768,10.0,reset_recovery_test,reset_recovery_seq,APB4+UART
RUN-003733,dma_burst_test-003733,Dma_Burst,APB3,priority,8,7,0,none,921600,16,1,level,25,32,16,100,1,PASSIVE,functional,0,8,1,1,UVM_LOW,1,0,0.0,-O0 -sv -debug,+UVM_TESTNAME=auto,r1p2,4,192,40.0,dma_burst_test,dma_burst_seq,APB3+UART
RUN-003734,backpressure_test-003734,Backpressure,APB3,static,4,0,4,odd,230400,16,1,level,200,32,16,250,1,ACTIVE,regression,0,4,1,0,UVM_LOW,0,1,0.0092,-O2 -sv -assert svaext,+UVM_TESTNAME=auto -cm line+tgl,r1p2,1,192,5.0,backpressure_test,backpressure_seq,APB3+UART
RUN-003735,reset_recovery_test-003735,Reset_Recovery,APB3,round_robin,4,3,1,none,230400,16,1,edge,50,32,16,50,1,ACTIVE,functional,0,16,0,1,UVM_MEDIUM,1,0,0.0,-O2 -sv -assert svaext,+UVM_TESTNAME=auto -cm line+tgl,r1p2,6,192,20.0,reset_recovery_test,reset_recovery_seq,APB3+UART
RUN-003736,irq_storm_test-003736,Irq_Storm,APB4,priority,4,0,1,even,460800,32,0,edge,100,32,32,50,3,ACTIVE,stress,1,8,1,1,UVM_LOW,0,1,0.0247,-O2 -sv -assert svaext,+UVM_TESTNAME=auto -cm line+tgl,r1p0,2,384,10.0,irq_storm_test,irq_storm_seq,APB4+UART
RUN-003737,dma_burst_test-003737,Dma_Burst,APB3,static,4,4,0,even,115200,32,0,level,25,32,32,500,2,PASSIVE,stress,0,8,1,1,UVM_MEDIUM,0,0,0.0,-O2 -sv,+UVM_TESTNAME=auto -cm line+tgl,r1p0,3,384,40.0,dma_burst_test,dma_burst_seq,APB3+UART
RUN-003738,uart_loopback_test-003738,Uart_Loopback,APB4,round_robin,16,1,2,odd,230400,4,1,edge,50,8,16,500,3,ACTIVE,regression,0,8,0,1,UVM_MEDIUM,1,1,0.0389,-O2 -sv,+UVM_TESTNAME=auto,r1p0,1,48,20.0,uart_loopback_test,uart_loopback_seq,APB4+UART
RUN-003739,reset_recovery_test-003739,Reset_Recovery,APB3,round_robin,16,0,4,none,460800,32,1,edge,50,16,32,100,2,ACTIVE,stress,0,16,0,1,UVM_LOW,0,1,0.035,-O2 -sv,+UVM_TESTNAME=auto,r2p0,8,384,20.0,reset_recovery_test,reset_recovery_seq,APB3+UART
RUN-003740,irq_storm_test-003740,Irq_Storm,APB4,static,4,1,4,none,921600,8,0,level,25,32,32,250,2,ACTIVE,functional,0,16,0,1,UVM_LOW,0,0,0.0,-O2 -sv -assert svaext,+UVM_TESTNAME=auto -cm line+tgl,r1p0,4,96,40.0,irq_storm_test,irq_storm_seq,APB4+UART
RUN-003741,reg_sweep_test-003741,Reg_Sweep,APB3,static,4,5,1,none,115200,64,0,level,25,32,16,250,2,PASSIVE,functional,1,8,1,0,UVM_LOW,0,0,0.0,-O2 -sv,+UVM_TESTNAME=auto -cm line+tgl,r2p0,9,768,40.0,reg_sweep_test,reg_sweep_seq,APB3+UART
RUN-003742,dma_burst_test-003742,Dma_Burst,APB4,priority,2,3,0,odd,115200,64,0,level,25,32,32,500,1,ACTIVE,regression,0,16,1,1,UVM_LOW,0,1,0.0161,-O0 -sv -debug,+UVM_TESTNAME=auto -cm line+tgl,r1p0,7,768,40.0,dma_burst_test,dma_burst_seq,APB4+UART
RUN-003743,reg_sweep_test-003743,Reg_Sweep,APB4,round_robin,8,1,0,even,115200,64,0,edge,25,8,32,50,2,PASSIVE,functional,0,4,1,0,UVM_MEDIUM,0,1,0.0023,-O2 -sv -assert svaext,+UVM_TESTNAME=auto,r1p0,6,768,40.0,reg_sweep_test,reg_sweep_seq,APB4+UART
RUN-003744,uart_loopback_test-003744,Uart_Loopback,APB3,static,4,7,2,odd,1500000,32,0,edge,100,8,32,100,2,PASSIVE,functional,0,4,0,1,UVM_LOW,1,0,0.0,-O2 -sv -assert svaext,+UVM_TESTNAME=auto,r1p0,9,384,10.0,uart_loopback_test,uart_loopback_seq,APB3+UART
RUN-003745,reg_sweep_test-003745,Reg_Sweep,APB4,priority,4,1,4,even,921600,16,1,edge,100,32,16,250,2,ACTIVE,regression,0,16,1,1,UVM_HIGH,0,1,0.0338,-O0 -sv -debug,+UVM_TESTNAME=auto,r2p0,0,192,10.0,reg_sweep_test,reg_sweep_seq,APB4+UART
RUN-003746,uart_loopback_test-003746,Uart_Loopback,APB3,round_robin,4,1,4,odd,230400,16,1,level,100,16,16,250,2,ACTIVE,stress,0,16,1,1,UVM_LOW,1,0,0.0,-O2 -sv -assert svaext,+UVM_TESTNAME=auto -cm line+tgl,r2p0,6,192,10.0,uart_loopback_test,uart_loopback_seq,APB3+UART
RUN-003747,reg_sweep_test-003747,Reg_Sweep,APB3,round_robin,16,5,2,none,921600,32,1,edge,200,8,32,100,2,ACTIVE,functional,0,8,1,1,UVM_MEDIUM,0,1,0.0116,-O2 -sv,+UVM_TESTNAME=auto -cm line+tgl,r1p2,8,384,5.0,reg_sweep_test,reg_sweep_seq,APB3+UART
RUN-003748,reg_sweep_test-003748,Reg_Sweep,APB4,round_robin,4,3,1,even,921600,16,1,level,50,32,32,250,1,ACTIVE,functional,0,8,1,1,UVM_LOW,0,0,0.0,-O2 -sv,+UVM_TESTNAME=auto,r1p2,7,192,20.0,reg_sweep_test,reg_sweep_seq,APB4+UART
RUN-003749,dma_burst_test-003749,Dma_Burst,APB3,priority,4,6,0,none,1500000,64,1,edge,50,32,32,500,1,ACTIVE,regression,0,4,1,1,UVM_LOW,1,0,0.0,-O2 -sv,+UVM_TESTNAME=auto,r2p0,1,768,20.0,dma_burst_test,dma_burst_seq,APB3+UART
RUN-003750,parity_stress_test-003750,Parity_Stress,APB4,round_robin,2,0,0,none,115200,32,0,level,200,16,16,100,2,ACTIVE,functional,1,4,1,1,UVM_LOW,1,0,0.0,-O2 -sv -assert svaext,+UVM_TESTNAME=auto,r1p0,8,384,5.0,parity_stress_test,parity_stress_seq,APB4+UART
RUN-003751,reset_recovery_test-003751,Reset_Recovery,APB3,priority,8,5,4,none,115200,4,0,level,200,32,32,50,1,ACTIVE,regression,0,8,1,0,UVM_LOW,0,1,0.0184,-O0 -sv -debug,+UVM_TESTNAME=auto -cm line+tgl,r2p0,5,48,5.0,reset_recovery_test,reset_recovery_seq,APB3+UART
RUN-003752,reg_sweep_test-003752,Reg_Sweep,APB4,priority,16,2,4,odd,1500000,16,1,level,100,8,32,500,2,ACTIVE,functional,0,8,0,1,UVM_MEDIUM,0,1,0.0161,-O2 -sv,+UVM_TESTNAME=auto,r2p0,1,192,10.0,reg_sweep_test,reg_sweep_seq,APB4+UART
RUN-003753,uart_loopback_test-003753,Uart_Loopback,APB4,round_robin,2,0,1,even,921600,16,1,level,100,16,32,250,3,ACTIVE,regression,0,8,1,0,UVM_MEDIUM,0,1,0.0333,-O2 -sv -assert svaext,+UVM_TESTNAME=auto,r1p2,9,192,10.0,uart_loopback_test,uart_loopback_seq,APB4+UART
RUN-003754,reg_sweep_test-003754,Reg_Sweep,APB4,round_robin,16,5,0,odd,115200,32,1,edge,200,32,32,500,3,ACTIVE,regression,0,4,1,1,UVM_LOW,0,1,0.0204,-O0 -sv -debug,+UVM_TESTNAME=auto -cm line+tgl,r2p0,1,384,5.0,reg_sweep_test,reg_sweep_seq,APB4+UART
RUN-003755,dma_burst_test-003755,Dma_Burst,APB3,static,2,1,2,none,230400,32,0,edge,25,32,32,250,3,ACTIVE,stress,1,4,0,1,UVM_MEDIUM,0,0,0.0,-O2 -sv,+UVM_TESTNAME=auto,r2p0,2,384,40.0,dma_burst_test,dma_burst_seq,APB3+UART
RUN-003756,irq_storm_test-003756,Irq_Storm,APB4,priority,4,6,2,even,460800,16,1,level,25,8,16,250,1,ACTIVE,functional,1,8,1,1,UVM_MEDIUM,0,0,0.0,-O2 -sv,+UVM_TESTNAME=auto,r1p2,4,192,40.0,irq_storm_test,irq_storm_seq,APB4+UART
RUN-003757,dma_burst_test-003757,Dma_Burst,APB3,static,4,3,4,even,115200,16,1,level,200,32,32,50,3,ACTIVE,stress,0,16,1,1,UVM_LOW,1,0,0.0,-O0 -sv -debug,+UVM_TESTNAME=auto,r1p0,3,192,5.0,dma_burst_test,dma_burst_seq,APB3+UART
RUN-003758,parity_stress_test-003758,Parity_Stress,APB4,round_robin,8,4,0,odd,115200,32,1,level,100,32,32,100,2,ACTIVE,regression,1,8,1,1,UVM_LOW,1,1,0.0186,-O2 -sv -assert svaext,+UVM_TESTNAME=auto,r1p0,1,384,10.0,parity_stress_test,parity_stress_seq,APB4+UART
RUN-003759,uart_loopback_test-003759,Uart_Loopback,APB4,priority,2,7,4,odd,115200,32,0,edge,200,32,16,100,2,ACTIVE,functional,0,8,0,1,UVM_LOW,0,1,0.025,-O2 -sv,+UVM_TESTNAME=auto -cm line+tgl,r2p0,11,384,5.0,uart_loopback_test,uart_loopback_seq,APB4+UART
RUN-003760,backpressure_test-003760,Backpressure,APB3,static,8,3,1,none,921600,64,1,edge,100,32,16,500,2,ACTIVE,functional,0,16,1,1,UVM_HIGH,0,0,0.0,-O2 -sv,+UVM_TESTNAME=auto,r1p2,9,768,10.0,backpressure_test,backpressure_seq,APB3+UART
RUN-003761,dma_burst_test-003761,Dma_Burst,APB4,static,4,7,4,even,230400,32,1,edge,200,16,32,500,2,PASSIVE,functional,1,16,0,1,UVM_LOW,1,0,0.0,-O0 -sv -debug,+UVM_TESTNAME=auto -cm line+tgl,r1p2,7,384,5.0,dma_burst_test,dma_burst_seq,APB4+UART
RUN-003762,parity_stress_test-003762,Parity_Stress,APB3,priority,8,6,4,odd,115200,32,0,level,50,8,16,250,1,ACTIVE,functional,0,4,1,1,UVM_LOW,1,1,0.034,-O2 -sv -assert svaext,+UVM_TESTNAME=auto,r2p0,0,384,20.0,parity_stress_test,parity_stress_seq,APB3+UART
RUN-003763,reg_sweep_test-003763,Reg_Sweep,APB3,static,8,2,1,even,1500000,8,1,level,100,32,32,50,3,ACTIVE,regression,0,16,1,1,UVM_HIGH,1,0,0.0,-O2 -sv,+UVM_TESTNAME=auto,r1p2,10,96,10.0,reg_sweep_test,reg_sweep_seq,APB3+UART
RUN-003764,reset_recovery_test-003764,Reset_Recovery,APB3,priority,16,0,4,odd,230400,32,0,level,100,8,32,250,2,ACTIVE,stress,1,8,0,1,UVM_MEDIUM,0,1,0.0224,-O0 -sv -debug,+UVM_TESTNAME=auto -cm line+tgl,r1p0,3,384,10.0,reset_recovery_test,reset_recovery_seq,APB3+UART
RUN-003765,reg_sweep_test-003765,Reg_Sweep,APB3,priority,4,2,0,none,230400,64,1,edge,200,32,32,100,3,ACTIVE,functional,0,16,1,1,UVM_MEDIUM,1,0,0.0,-O2 -sv -assert svaext,+UVM_TESTNAME=auto -cm line+tgl,r1p0,9,768,5.0,reg_sweep_test,reg_sweep_seq,APB3+UART
RUN-003766,uart_loopback_test-003766,Uart_Loopback,APB4,round_robin,2,2,1,even,115200,32,1,level,50,32,32,250,1,ACTIVE,regression,0,8,1,1,UVM_MEDIUM,1,1,0.0257,-O2 -sv,+UVM_TESTNAME=auto,r2p0,8,384,20.0,uart_loopback_test,uart_loopback_seq,APB4+UART
RUN-003767,parity_stress_test-003767,Parity_Stress,APB3,round_robin,16,1,1,even,460800,64,0,edge,100,8,32,250,1,ACTIVE,functional,1,4,1,1,UVM_MEDIUM,0,1,0.0031,-O2 -sv,+UVM_TESTNAME=auto,r1p0,4,768,10.0,parity_stress_test,parity_stress_seq,APB3+UART
RUN-003768,reg_sweep_test-003768,Reg_Sweep,APB4,priority,8,7,4,odd,115200,32,1,edge,25,16,32,50,2,ACTIVE,regression,0,8,1,1,UVM_MEDIUM,0,0,0.0,-O0 -sv -debug,+UVM_TESTNAME=auto -cm line+tgl,r1p2,3,384,40.0,reg_sweep_test,reg_sweep_seq,APB4+UART
RUN-003769,dma_burst_test-003769,Dma_Burst,APB3,round_robin,8,7,0,even,115200,4,0,level,25,32,16,100,1,ACTIVE,stress,0,16,1,1,UVM_HIGH,0,0,0.0,-O2 -sv -assert svaext,+UVM_TESTNAME=auto -cm line+tgl,r1p2,7,48,40.0,dma_burst_test,dma_burst_seq,APB3+UART
RUN-003770,irq_storm_test-003770,Irq_Storm,APB3,static,2,0,1,odd,921600,4,0,edge,100,32,32,100,3,ACTIVE,stress,0,4,1,1,UVM_LOW,0,0,0.0,-O0 -sv -debug,+UVM_TESTNAME=auto -cm line+tgl,r2p0,2,48,10.0,irq_storm_test,irq_storm_seq,APB3+UART
RUN-003771,backpressure_test-003771,Backpressure,APB3,static,16,2,1,even,921600,16,1,level,100,32,32,50,2,ACTIVE,functional,0,8,1,1,UVM_LOW,0,1,0.0023,-O0 -sv -debug,+UVM_TESTNAME=auto -cm line+tgl,r2p0,11,192,10.0,backpressure_test,backpressure_seq,APB3+UART
RUN-003772,reg_sweep_test-003772,Reg_Sweep,APB3,priority,2,6,2,even,115200,32,1,edge,100,32,32,250,2,ACTIVE,functional,0,8,1,0,UVM_LOW,0,0,0.0,-O2 -sv -assert svaext,+UVM_TESTNAME=auto,r1p2,11,384,10.0,reg_sweep_test,reg_sweep_seq,APB3+UART
RUN-003773,reg_sweep_test-003773,Reg_Sweep,APB3,round_robin,8,6,1,none,460800,16,0,level,50,16,32,250,2,ACTIVE,regression,0,4,0,1,UVM_LOW,0,0,0.0,-O0 -sv -debug,+UVM_TESTNAME=auto,r1p0,4,192,20.0,reg_sweep_test,reg_sweep_seq,APB3+UART
RUN-003774,parity_stress_test-003774,Parity_Stress,APB3,priority,2,5,4,even,921600,32,1,level,100,32,16,50,2,ACTIVE,regression,0,4,1,1,UVM_MEDIUM,0,1,0.0066,-O2 -sv -assert svaext,+UVM_TESTNAME=auto,r1p0,8,384,10.0,parity_stress_test,parity_stress_seq,APB3+UART
RUN-003775,backpressure_test-003775,Backpressure,APB3,static,8,7,0,none,1500000,16,0,level,100,32,32,500,1,ACTIVE,functional,0,4,0,1,UVM_LOW,0,0,0.0,-O2 -sv -assert svaext,+UVM_TESTNAME=auto -cm line+tgl,r2p0,7,192,10.0,backpressure_test,backpressure_seq,APB3+UART
RUN-003776,irq_storm_test-003776,Irq_Storm,APB4,priority,4,7,2,none,1500000,32,0,edge,100,32,32,100,2,ACTIVE,stress,0,4,0,1,UVM_MEDIUM,0,0,0.0,-O2 -sv -assert svaext,+UVM_TESTNAME=auto,r2p0,7,384,10.0,irq_storm_test,irq_storm_seq,APB4+UART
RUN-003777,reset_recovery_test-003777,Reset_Recovery,APB4,priority,8,0,0,none,1500000,16,0,level,100,32,32,100,3,ACTIVE,functional,0,16,1,1,UVM_MEDIUM,0,1,0.0397,-O2 -sv,+UVM_TESTNAME=auto -cm line+tgl,r1p0,10,192,10.0,reset_recovery_test,reset_recovery_seq,APB4+UART
RUN-003778,dma_burst_test-003778,Dma_Burst,APB3,priority,4,2,4,even,230400,32,0,edge,25,16,16,50,1,ACTIVE,stress,1,16,1,1,UVM_LOW,0,1,0.0178,-O2 -sv,+UVM_TESTNAME=auto -cm line+tgl,r1p2,8,384,40.0,dma_burst_test,dma_burst_seq,APB3+UART
RUN-003779,reset_recovery_test-003779,Reset_Recovery,APB4,priority,2,4,2,none,230400,8,0,level,50,8,32,250,3,ACTIVE,regression,0,16,0,1,UVM_MEDIUM,0,0,0.0,-O2 -sv -assert svaext,+UVM_TESTNAME=auto,r1p2,9,96,20.0,reset_recovery_test,reset_recovery_seq,APB4+UART
RUN-003780,backpressure_test-003780,Backpressure,APB3,priority,16,3,1,odd,115200,4,1,edge,200,32,16,50,1,ACTIVE,functional,1,16,1,1,UVM_LOW,0,1,0.0232,-O2 -sv -assert svaext,+UVM_TESTNAME=auto,r1p0,9,48,5.0,backpressure_test,backpressure_seq,APB3+UART
RUN-003781,reg_sweep_test-003781,Reg_Sweep,APB3,round_robin,4,2,0,odd,115200,16,1,edge,50,8,32,100,3,ACTIVE,stress,0,8,1,0,UVM_LOW,0,0,0.0,-O2 -sv,+UVM_TESTNAME=auto,r1p0,10,192,20.0,reg_sweep_test,reg_sweep_seq,APB3+UART
RUN-003782,reg_sweep_test-003782,Reg_Sweep,APB3,static,2,2,0,none,230400,8,0,edge,200,8,32,50,2,ACTIVE,functional,0,4,1,1,UVM_LOW,0,0,0.0,-O0 -sv -debug,+UVM_TESTNAME=auto -cm line+tgl,r1p2,10,96,5.0,reg_sweep_test,reg_sweep_seq,APB3+UART
RUN-003783,dma_burst_test-003783,Dma_Burst,APB4,round_robin,4,5,0,odd,115200,4,0,level,100,16,32,50,1,ACTIVE,regression,0,8,1,1,UVM_MEDIUM,0,0,0.0,-O2 -sv -assert svaext,+UVM_TESTNAME=auto,r2p0,2,48,10.0,dma_burst_test,dma_burst_seq,APB4+UART
RUN-003784,uart_loopback_test-003784,Uart_Loopback,APB4,round_robin,16,5,0,none,115200,16,1,level,100,32,32,250,1,ACTIVE,functional,0,4,1,1,UVM_HIGH,0,1,0.0222,-O0 -sv -debug,+UVM_TESTNAME=auto -cm line+tgl,r1p0,9,192,10.0,uart_loopback_test,uart_loopback_seq,APB4+UART
RUN-003785,reg_sweep_test-003785,Reg_Sweep,APB4,priority,4,3,1,even,921600,8,1,edge,50,16,16,100,2,PASSIVE,regression,0,4,1,1,UVM_LOW,0,1,0.0327,-O2 -sv -assert svaext,+UVM_TESTNAME=auto,r2p0,4,96,20.0,reg_sweep_test,reg_sweep_seq,APB4+UART
RUN-003786,dma_burst_test-003786,Dma_Burst,APB4,priority,2,6,4,even,230400,16,0,edge,100,8,32,500,2,ACTIVE,regression,0,4,0,1,UVM_HIGH,0,1,0.0141,-O2 -sv -assert svaext,+UVM_TESTNAME=auto,r2p0,4,192,10.0,dma_burst_test,dma_burst_seq,APB4+UART
RUN-003787,irq_storm_test-003787,Irq_Storm,APB3,static,8,4,0,odd,230400,64,1,edge,50,8,16,50,2,ACTIVE,stress,1,8,1,0,UVM_LOW,0,0,0.0,-O2 -sv,+UVM_TESTNAME=auto -cm line+tgl,r1p2,3,768,20.0,irq_storm_test,irq_storm_seq,APB3+UART
RUN-003788,dma_burst_test-003788,Dma_Burst,APB3,static,4,6,1,even,460800,4,0,level,50,32,32,50,2,PASSIVE,functional,1,4,1,1,UVM_LOW,0,1,0.023,-O2 -sv,+UVM_TESTNAME=auto,r1p0,2,48,20.0,dma_burst_test,dma_burst_seq,APB3+UART
RUN-003789,reg_sweep_test-003789,Reg_Sweep,APB4,round_robin,2,6,1,none,1500000,8,1,level,50,32,16,250,2,ACTIVE,stress,0,4,1,1,UVM_MEDIUM,0,1,0.0252,-O0 -sv -debug,+UVM_TESTNAME=auto,r1p0,8,96,20.0,reg_sweep_test,reg_sweep_seq,APB4+UART
RUN-003790,irq_storm_test-003790,Irq_Storm,APB4,static,2,3,1,even,460800,16,0,edge,200,32,16,250,3,PASSIVE,stress,0,8,1,1,UVM_HIGH,0,1,0.0228,-O0 -sv -debug,+UVM_TESTNAME=auto,r2p0,10,192,5.0,irq_storm_test,irq_storm_seq,APB4+UART
RUN-003791,reg_sweep_test-003791,Reg_Sweep,APB4,static,2,6,0,odd,1500000,8,1,level,100,32,16,250,3,ACTIVE,functional,1,8,1,1,UVM_HIGH,0,0,0.0,-O2 -sv,+UVM_TESTNAME=auto,r1p0,10,96,10.0,reg_sweep_test,reg_sweep_seq,APB4+UART
RUN-003792,reg_sweep_test-003792,Reg_Sweep,APB3,static,2,3,1,even,921600,8,0,level,100,32,16,50,2,ACTIVE,functional,0,8,1,1,UVM_MEDIUM,0,1,0.0048,-O2 -sv,+UVM_TESTNAME=auto -cm line+tgl,r1p0,3,96,10.0,reg_sweep_test,reg_sweep_seq,APB3+UART
RUN-003793,dma_burst_test-003793,Dma_Burst,APB4,static,2,0,4,none,230400,16,1,level,50,8,16,500,1,ACTIVE,functional,0,8,0,1,UVM_MEDIUM,1,0,0.0,-O2 -sv,+UVM_TESTNAME=auto,r1p2,4,192,20.0,dma_burst_test,dma_burst_seq,APB4+UART
RUN-003794,reset_recovery_test-003794,Reset_Recovery,APB3,priority,8,5,2,none,115200,32,0,level,50,32,32,250,2,PASSIVE,functional,0,4,1,1,UVM_MEDIUM,1,0,0.0,-O2 -sv -assert svaext,+UVM_TESTNAME=auto,r1p2,1,384,20.0,reset_recovery_test,reset_recovery_seq,APB3+UART
RUN-003795,reset_recovery_test-003795,Reset_Recovery,APB4,static,8,2,1,odd,115200,8,0,edge,25,16,32,250,3,ACTIVE,functional,0,16,0,1,UVM_MEDIUM,0,0,0.0,-O2 -sv,+UVM_TESTNAME=auto -cm line+tgl,r1p2,0,96,40.0,reset_recovery_test,reset_recovery_seq,APB4+UART
RUN-003796,uart_loopback_test-003796,Uart_Loopback,APB4,round_robin,8,5,2,even,1500000,64,1,level,100,8,32,50,2,ACTIVE,regression,1,16,0,1,UVM_HIGH,0,1,0.0014,-O2 -sv -assert svaext,+UVM_TESTNAME=auto -cm line+tgl,r1p2,0,768,10.0,uart_loopback_test,uart_loopback_seq,APB4+UART
RUN-003797,irq_storm_test-003797,Irq_Storm,APB3,round_robin,16,2,2,odd,115200,16,1,level,50,16,32,100,1,ACTIVE,stress,0,16,1,1,UVM_LOW,0,1,0.0299,-O2 -sv,+UVM_TESTNAME=auto -cm line+tgl,r1p2,9,192,20.0,irq_storm_test,irq_storm_seq,APB3+UART
RUN-003798,reset_recovery_test-003798,Reset_Recovery,APB3,static,4,5,1,odd,921600,4,0,edge,25,32,32,50,3,PASSIVE,stress,1,8,0,1,UVM_LOW,0,1,0.0352,-O2 -sv,+UVM_TESTNAME=auto,r1p0,8,48,40.0,reset_recovery_test,reset_recovery_seq,APB3+UART
RUN-003799,dma_burst_test-003799,Dma_Burst,APB4,priority,2,5,0,even,460800,32,1,level,50,32,32,50,2,PASSIVE,functional,0,4,0,1,UVM_LOW,1,1,0.0072,-O2 -sv,+UVM_TESTNAME=auto -cm line+tgl,r1p2,7,384,20.0,dma_burst_test,dma_burst_seq,APB4+UART
RUN-003800,reset_recovery_test-003800,Reset_Recovery,APB3,priority,2,2,2,odd,460800,4,1,edge,200,16,32,100,1,ACTIVE,stress,0,4,1,1,UVM_LOW,0,1,0.0337,-O0 -sv -debug,+UVM_TESTNAME=auto,r1p0,6,48,5.0,reset_recovery_test,reset_recovery_seq,APB3+UART
RUN-003801,irq_storm_test-003801,Irq_Storm,APB3,round_robin,4,4,2,none,1500000,64,0,edge,200,32,16,500,1,ACTIVE,stress,0,8,0,1,UVM_HIGH,0,0,0.0,-O2 -sv,+UVM_TESTNAME=auto,r1p2,5,768,5.0,irq_storm_test,irq_storm_seq,APB3+UART
RUN-003802,dma_burst_test-003802,Dma_Burst,APB4,static,8,0,0,even,1500000,64,0,level,100,32,16,100,2,ACTIVE,stress,0,8,0,1,UVM_LOW,0,0,0.0,-O2 -sv -assert svaext,+UVM_TESTNAME=auto,r1p0,8,768,10.0,dma_burst_test,dma_burst_seq,APB4+UART
RUN-003803,reg_sweep_test-003803,Reg_Sweep,APB4,priority,16,6,4,none,230400,8,0,level,25,32,16,50,1,ACTIVE,stress,0,8,1,1,UVM_MEDIUM,0,0,0.0,-O2 -sv -assert svaext,+UVM_TESTNAME=auto,r1p0,5,96,40.0,reg_sweep_test,reg_sweep_seq,APB4+UART
RUN-003804,backpressure_test-003804,Backpressure,APB4,static,2,2,2,none,921600,8,0,edge,50,16,32,50,2,ACTIVE,regression,0,8,1,1,UVM_HIGH,0,0,0.0,-O2 -sv,+UVM_TESTNAME=auto -cm line+tgl,r2p0,4,96,20.0,backpressure_test,backpressure_seq,APB4+UART
RUN-003805,reset_recovery_test-003805,Reset_Recovery,APB4,priority,2,1,4,none,1500000,4,1,edge,50,16,32,100,2,ACTIVE,regression,0,8,1,1,UVM_MEDIUM,1,1,0.0065,-O2 -sv,+UVM_TESTNAME=auto,r1p0,1,48,20.0,reset_recovery_test,reset_recovery_seq,APB4+UART
RUN-003806,dma_burst_test-003806,Dma_Burst,APB3,round_robin,4,5,0,odd,460800,8,1,edge,100,32,16,500,2,ACTIVE,functional,0,8,1,1,UVM_LOW,1,1,0.0255,-O2 -sv,+UVM_TESTNAME=auto,r1p2,9,96,10.0,dma_burst_test,dma_burst_seq,APB3+UART
RUN-003807,irq_storm_test-003807,Irq_Storm,APB4,round_robin,8,4,2,none,230400,64,1,level,200,16,32,250,3,ACTIVE,stress,0,4,1,1,UVM_LOW,0,1,0.0308,-O2 -sv -assert svaext,+UVM_TESTNAME=auto,r2p0,3,768,5.0,irq_storm_test,irq_storm_seq,APB4+UART
RUN-003808,dma_burst_test-003808,Dma_Burst,APB4,static,2,0,1,none,230400,32,0,edge,100,16,32,100,3,ACTIVE,regression,1,8,1,1,UVM_MEDIUM,1,1,0.0058,-O2 -sv,+UVM_TESTNAME=auto,r1p2,4,384,10.0,dma_burst_test,dma_burst_seq,APB4+UART
RUN-003809,uart_loopback_test-003809,Uart_Loopback,APB4,round_robin,16,3,2,even,230400,64,0,edge,50,32,32,250,2,ACTIVE,stress,0,4,1,1,UVM_LOW,0,1,0.0312,-O2 -sv,+UVM_TESTNAME=auto,r1p0,8,768,20.0,uart_loopback_test,uart_loopback_seq,APB4+UART
RUN-003810,dma_burst_test-003810,Dma_Burst,APB4,round_robin,4,4,2,none,921600,8,0,level,50,32,16,50,2,ACTIVE,stress,1,8,0,1,UVM_HIGH,0,1,0.029,-O2 -sv,+UVM_TESTNAME=auto -cm line+tgl,r2p0,6,96,20.0,dma_burst_test,dma_burst_seq,APB4+UART
RUN-003811,reg_sweep_test-003811,Reg_Sweep,APB4,priority,8,3,4,none,460800,32,0,level,25,8,16,100,2,ACTIVE,regression,0,8,1,1,UVM_LOW,0,0,0.0,-O2 -sv,+UVM_TESTNAME=auto,r1p2,3,384,40.0,reg_sweep_test,reg_sweep_seq,APB4+UART
RUN-003812,irq_storm_test-003812,Irq_Storm,APB3,round_robin,4,5,0,even,921600,32,1,edge,25,32,16,500,2,ACTIVE,regression,1,16,1,1,UVM_MEDIUM,0,1,0.0122,-O2 -sv -assert svaext,+UVM_TESTNAME=auto -cm line+tgl,r2p0,8,384,40.0,irq_storm_test,irq_storm_seq,APB3+UART
RUN-003813,parity_stress_test-003813,Parity_Stress,APB3,static,16,1,0,none,921600,4,0,edge,50,32,32,50,2,ACTIVE,regression,0,4,0,0,UVM_MEDIUM,0,1,0.0263,-O0 -sv -debug,+UVM_TESTNAME=auto,r1p2,9,48,20.0,parity_stress_test,parity_stress_seq,APB3+UART
RUN-003814,dma_burst_test-003814,Dma_Burst,APB4,priority,2,7,0,even,1500000,8,0,edge,50,32,32,100,3,ACTIVE,functional,0,8,0,1,UVM_MEDIUM,0,1,0.0126,-O0 -sv -debug,+UVM_TESTNAME=auto,r1p2,2,96,20.0,dma_burst_test,dma_burst_seq,APB4+UART
RUN-003815,parity_stress_test-003815,Parity_Stress,APB4,static,8,2,0,odd,230400,16,0,level,100,16,16,250,1,ACTIVE,functional,0,4,1,1,UVM_MEDIUM,0,0,0.0,-O2 -sv -assert svaext,+UVM_TESTNAME=auto -cm line+tgl,r1p0,3,192,10.0,parity_stress_test,parity_stress_seq,APB4+UART
RUN-003816,backpressure_test-003816,Backpressure,APB3,round_robin,16,3,1,even,460800,64,0,edge,100,16,32,100,1,ACTIVE,functional,0,4,1,1,UVM_MEDIUM,1,1,0.0259,-O2 -sv,+UVM_TESTNAME=auto,r1p2,7,768,10.0,backpressure_test,backpressure_seq,APB3+UART
RUN-003817,reset_recovery_test-003817,Reset_Recovery,APB4,static,4,5,0,even,230400,16,1,level,100,32,32,50,2,ACTIVE,regression,0,4,1,1,UVM_MEDIUM,0,1,0.0135,-O0 -sv -debug,+UVM_TESTNAME=auto -cm line+tgl,r2p0,2,192,10.0,reset_recovery_test,reset_recovery_seq,APB4+UART
RUN-003818,parity_stress_test-003818,Parity_Stress,APB4,round_robin,2,1,1,odd,230400,16,0,level,200,32,32,50,1,ACTIVE,stress,0,16,1,1,UVM_MEDIUM,0,0,0.0,-O0 -sv -debug,+UVM_TESTNAME=auto -cm line+tgl,r2p0,3,192,5.0,parity_stress_test,parity_stress_seq,APB4+UART
RUN-003819,uart_loopback_test-003819,Uart_Loopback,APB4,priority,8,5,2,even,230400,8,1,level,25,32,32,500,2,ACTIVE,regression,0,4,1,1,UVM_MEDIUM,0,0,0.0,-O2 -sv -assert svaext,+UVM_TESTNAME=auto,r1p0,1,96,40.0,uart_loopback_test,uart_loopback_seq,APB4+UART
RUN-003820,reg_sweep_test-003820,Reg_Sweep,APB4,round_robin,8,2,0,none,115200,8,1,level,25,16,32,100,1,ACTIVE,regression,0,8,1,1,UVM_HIGH,0,0,0.0,-O2 -sv,+UVM_TESTNAME=auto,r2p0,10,96,40.0,reg_sweep_test,reg_sweep_seq,APB4+UART
RUN-003821,parity_stress_test-003821,Parity_Stress,APB3,static,16,6,0,even,460800,8,1,edge,100,16,32,500,3,ACTIVE,regression,0,16,0,1,UVM_MEDIUM,0,0,0.0,-O2 -sv,+UVM_TESTNAME=auto -cm line+tgl,r1p0,11,96,10.0,parity_stress_test,parity_stress_seq,APB3+UART
RUN-003822,reg_sweep_test-003822,Reg_Sweep,APB4,priority,16,2,0,none,230400,16,1,level,50,32,32,100,2,ACTIVE,functional,0,4,1,1,UVM_MEDIUM,0,0,0.0,-O2 -sv -assert svaext,+UVM_TESTNAME=auto,r2p0,6,192,20.0,reg_sweep_test,reg_sweep_seq,APB4+UART
RUN-003823,dma_burst_test-003823,Dma_Burst,APB4,static,8,1,2,none,230400,8,0,level,100,32,16,100,3,ACTIVE,stress,0,16,1,1,UVM_MEDIUM,1,0,0.0,-O2 -sv,+UVM_TESTNAME=auto,r2p0,1,96,10.0,dma_burst_test,dma_burst_seq,APB4+UART
RUN-003824,dma_burst_test-003824,Dma_Burst,APB4,round_robin,4,5,1,even,1500000,64,0,edge,100,32,32,100,3,ACTIVE,stress,0,4,0,0,UVM_MEDIUM,0,1,0.0331,-O2 -sv -assert svaext,+UVM_TESTNAME=auto,r1p2,7,768,10.0,dma_burst_test,dma_burst_seq,APB4+UART
RUN-003825,uart_loopback_test-003825,Uart_Loopback,APB4,priority,8,2,0,none,460800,32,1,edge,25,32,32,500,1,ACTIVE,functional,0,16,1,1,UVM_MEDIUM,0,1,0.0195,-O0 -sv -debug,+UVM_TESTNAME=auto -cm line+tgl,r1p0,0,384,40.0,uart_loopback_test,uart_loopback_seq,APB4+UART
RUN-003826,reg_sweep_test-003826,Reg_Sweep,APB4,priority,4,7,2,odd,921600,8,0,edge,25,32,32,250,2,ACTIVE,stress,1,8,1,0,UVM_MEDIUM,0,0,0.0,-O0 -sv -debug,+UVM_TESTNAME=auto -cm line+tgl,r1p2,10,96,40.0,reg_sweep_test,reg_sweep_seq,APB4+UART
RUN-003827,uart_loopback_test-003827,Uart_Loopback,APB4,round_robin,8,5,1,odd,921600,16,1,edge,50,8,32,100,2,ACTIVE,regression,0,16,1,1,UVM_MEDIUM,0,0,0.0,-O0 -sv -debug,+UVM_TESTNAME=auto,r1p0,2,192,20.0,uart_loopback_test,uart_loopback_seq,APB4+UART
RUN-003828,reg_sweep_test-003828,Reg_Sweep,APB3,priority,4,7,1,even,1500000,8,1,level,200,32,16,250,1,ACTIVE,functional,0,8,0,0,UVM_LOW,1,0,0.0,-O2 -sv -assert svaext,+UVM_TESTNAME=auto,r2p0,8,96,5.0,reg_sweep_test,reg_sweep_seq,APB3+UART
RUN-003829,backpressure_test-003829,Backpressure,APB3,priority,8,6,0,none,115200,8,1,level,25,32,16,500,2,ACTIVE,functional,0,8,1,1,UVM_MEDIUM,0,0,0.0,-O2 -sv,+UVM_TESTNAME=auto,r1p2,7,96,40.0,backpressure_test,backpressure_seq,APB3+UART
RUN-003830,irq_storm_test-003830,Irq_Storm,APB4,priority,4,5,2,odd,460800,8,0,level,50,32,32,100,1,ACTIVE,regression,0,4,1,1,UVM_MEDIUM,0,0,0.0,-O2 -sv,+UVM_TESTNAME=auto,r2p0,11,96,20.0,irq_storm_test,irq_storm_seq,APB4+UART
RUN-003831,backpressure_test-003831,Backpressure,APB4,priority,8,3,2,none,921600,16,0,level,25,32,32,500,2,ACTIVE,functional,0,8,1,1,UVM_MEDIUM,0,0,0.0,-O2 -sv,+UVM_TESTNAME=auto,r2p0,10,192,40.0,backpressure_test,backpressure_seq,APB4+UART
RUN-003832,uart_loopback_test-003832,Uart_Loopback,APB4,round_robin,8,6,0,odd,115200,64,0,level,50,32,16,500,3,ACTIVE,functional,0,8,0,1,UVM_LOW,0,0,0.0,-O2 -sv -assert svaext,+UVM_TESTNAME=auto,r2p0,7,768,20.0,uart_loopback_test,uart_loopback_seq,APB4+UART
RUN-003833,reg_sweep_test-003833,Reg_Sweep,APB3,round_robin,4,0,0,none,460800,32,0,level,25,8,16,500,2,PASSIVE,functional,1,8,1,1,UVM_LOW,0,0,0.0,-O2 -sv -assert svaext,+UVM_TESTNAME=auto,r1p0,1,384,40.0,reg_sweep_test,reg_sweep_seq,APB3+UART
RUN-003834,dma_burst_test-003834,Dma_Burst,APB3,priority,4,1,1,even,460800,64,1,level,200,32,32,50,2,ACTIVE,functional,0,16,1,1,UVM_MEDIUM,0,1,0.0074,-O2 -sv,+UVM_TESTNAME=auto -cm line+tgl,r1p0,5,768,5.0,dma_burst_test,dma_burst_seq,APB3+UART
RUN-003835,uart_loopback_test-003835,Uart_Loopback,APB4,static,4,6,1,none,921600,32,0,edge,50,8,16,250,2,ACTIVE,functional,1,8,1,1,UVM_LOW,0,1,0.0,-O2 -sv,+UVM_TESTNAME=auto -cm line+tgl,r1p0,7,384,20.0,uart_loopback_test,uart_loopback_seq,APB4+UART
RUN-003836,reset_recovery_test-003836,Reset_Recovery,APB4,priority,8,1,4,none,460800,32,1,level,100,32,32,250,2,ACTIVE,functional,1,4,1,1,UVM_HIGH,0,1,0.0352,-O2 -sv -assert svaext,+UVM_TESTNAME=auto,r2p0,4,384,10.0,reset_recovery_test,reset_recovery_seq,APB4+UART
RUN-003837,reset_recovery_test-003837,Reset_Recovery,APB3,priority,2,1,1,none,460800,16,1,edge,200,32,32,100,2,ACTIVE,stress,0,4,1,1,UVM_LOW,0,1,0.0098,-O2 -sv,+UVM_TESTNAME=auto,r1p2,1,192,5.0,reset_recovery_test,reset_recovery_seq,APB3+UART
RUN-003838,dma_burst_test-003838,Dma_Burst,APB4,round_robin,16,0,2,odd,1500000,8,0,level,100,16,16,100,3,ACTIVE,functional,0,4,0,1,UVM_LOW,0,1,0.024,-O2 -sv,+UVM_TESTNAME=auto,r1p0,11,96,10.0,dma_burst_test,dma_burst_seq,APB4+UART
RUN-003839,uart_loopback_test-003839,Uart_Loopback,APB3,priority,2,4,4,none,921600,32,0,edge,200,32,16,250,1,ACTIVE,regression,0,8,1,1,UVM_LOW,0,0,0.0,-O2 -sv -assert svaext,+UVM_TESTNAME=auto,r1p0,2,384,5.0,uart_loopback_test,uart_loopback_seq,APB3+UART
RUN-003840,reg_sweep_test-003840,Reg_Sweep,APB4,priority,4,0,2,even,460800,64,1,level,50,32,16,100,2,ACTIVE,regression,0,4,1,1,UVM_LOW,1,1,0.0112,-O2 -sv,+UVM_TESTNAME=auto,r2p0,4,768,20.0,reg_sweep_test,reg_sweep_seq,APB4+UART
RUN-003841,reg_sweep_test-003841,Reg_Sweep,APB3,static,4,0,0,none,230400,16,0,level,25,32,32,50,3,ACTIVE,regression,0,8,1,1,UVM_MEDIUM,0,0,0.0,-O2 -sv,+UVM_TESTNAME=auto,r1p0,0,192,40.0,reg_sweep_test,reg_sweep_seq,APB3+UART
RUN-003842,irq_storm_test-003842,Irq_Storm,APB4,static,4,5,1,even,115200,4,1,level,50,16,32,100,2,ACTIVE,regression,0,4,1,1,UVM_HIGH,0,0,0.0,-O0 -sv -debug,+UVM_TESTNAME=auto,r1p0,1,48,20.0,irq_storm_test,irq_storm_seq,APB4+UART
RUN-003843,parity_stress_test-003843,Parity_Stress,APB4,round_robin,4,3,2,odd,460800,32,1,edge,100,32,32,50,3,ACTIVE,functional,1,8,1,0,UVM_LOW,1,0,0.0,-O0 -sv -debug,+UVM_TESTNAME=auto,r1p0,2,384,10.0,parity_stress_test,parity_stress_seq,APB4+UART
RUN-003844,uart_loopback_test-003844,Uart_Loopback,APB4,static,4,5,0,odd,230400,8,0,edge,25,8,32,100,1,ACTIVE,stress,0,8,1,1,UVM_HIGH,0,1,0.0352,-O0 -sv -debug,+UVM_TESTNAME=auto -cm line+tgl,r1p0,2,96,40.0,uart_loopback_test,uart_loopback_seq,APB4+UART
RUN-003845,uart_loopback_test-003845,Uart_Loopback,APB3,round_robin,4,3,1,even,460800,4,1,level,25,32,32,250,2,ACTIVE,functional,1,8,0,1,UVM_LOW,1,0,0.0,-O2 -sv -assert svaext,+UVM_TESTNAME=auto,r1p0,7,48,40.0,uart_loopback_test,uart_loopback_seq,APB3+UART
RUN-003846,irq_storm_test-003846,Irq_Storm,APB3,priority,8,5,1,none,921600,32,1,edge,200,32,32,500,2,ACTIVE,functional,1,4,1,0,UVM_MEDIUM,0,1,0.0007,-O2 -sv,+UVM_TESTNAME=auto,r2p0,7,384,5.0,irq_storm_test,irq_storm_seq,APB3+UART
RUN-003847,dma_burst_test-003847,Dma_Burst,APB4,static,4,6,2,even,230400,32,1,level,50,32,16,100,2,PASSIVE,functional,0,8,1,1,UVM_LOW,0,0,0.0,-O2 -sv -assert svaext,+UVM_TESTNAME=auto,r2p0,5,384,20.0,dma_burst_test,dma_burst_seq,APB4+UART
RUN-003848,uart_loopback_test-003848,Uart_Loopback,APB3,static,2,6,2,odd,1500000,16,1,level,25,16,32,100,2,ACTIVE,stress,1,8,1,0,UVM_MEDIUM,0,1,0.0212,-O2 -sv,+UVM_TESTNAME=auto -cm line+tgl,r1p2,1,192,40.0,uart_loopback_test,uart_loopback_seq,APB3+UART
RUN-003849,reset_recovery_test-003849,Reset_Recovery,APB4,static,4,0,4,odd,230400,64,1,level,25,16,32,100,2,ACTIVE,functional,1,4,1,0,UVM_HIGH,0,0,0.0,-O2 -sv -assert svaext,+UVM_TESTNAME=auto -cm line+tgl,r1p2,2,768,40.0,reset_recovery_test,reset_recovery_seq,APB4+UART
RUN-003850,dma_burst_test-003850,Dma_Burst,APB4,round_robin,16,1,1,even,230400,8,0,level,50,16,16,250,2,ACTIVE,regression,0,16,1,1,UVM_HIGH,0,0,0.0,-O2 -sv -assert svaext,+UVM_TESTNAME=auto -cm line+tgl,r1p2,7,96,20.0,dma_burst_test,dma_burst_seq,APB4+UART
RUN-003851,uart_loopback_test-003851,Uart_Loopback,APB3,round_robin,4,4,0,none,230400,4,1,edge,200,16,32,500,1,ACTIVE,functional,0,8,0,1,UVM_MEDIUM,0,0,0.0,-O2 -sv,+UVM_TESTNAME=auto,r1p2,9,48,5.0,uart_loopback_test,uart_loopback_seq,APB3+UART
RUN-003852,reset_recovery_test-003852,Reset_Recovery,APB3,round_robin,4,2,0,odd,230400,32,1,level,200,8,32,500,1,ACTIVE,regression,0,8,1,1,UVM_LOW,0,0,0.0,-O2 -sv -assert svaext,+UVM_TESTNAME=auto,r2p0,1,384,5.0,reset_recovery_test,reset_recovery_seq,APB3+UART
RUN-003853,dma_burst_test-003853,Dma_Burst,APB4,static,2,5,0,none,921600,8,1,edge,200,16,16,250,3,PASSIVE,stress,1,4,0,1,UVM_LOW,0,0,0.0,-O2 -sv,+UVM_TESTNAME=auto,r1p0,5,96,5.0,dma_burst_test,dma_burst_seq,APB4+UART
RUN-003854,dma_burst_test-003854,Dma_Burst,APB4,round_robin,4,3,0,none,230400,4,1,edge,50,32,16,100,2,ACTIVE,stress,0,4,1,1,UVM_MEDIUM,0,0,0.0,-O0 -sv -debug,+UVM_TESTNAME=auto -cm line+tgl,r2p0,1,48,20.0,dma_burst_test,dma_burst_seq,APB4+UART
RUN-003855,reg_sweep_test-003855,Reg_Sweep,APB3,priority,2,7,0,even,230400,32,0,edge,50,32,32,100,2,ACTIVE,regression,0,16,1,1,UVM_HIGH,0,0,0.0,-O0 -sv -debug,+UVM_TESTNAME=auto,r2p0,1,384,20.0,reg_sweep_test,reg_sweep_seq,APB3+UART
RUN-003856,irq_storm_test-003856,Irq_Storm,APB3,priority,8,7,0,even,230400,64,1,level,50,32,32,50,1,ACTIVE,functional,0,8,1,1,UVM_LOW,0,0,0.0,-O2 -sv,+UVM_TESTNAME=auto -cm line+tgl,r1p0,1,768,20.0,irq_storm_test,irq_storm_seq,APB3+UART
RUN-003857,reset_recovery_test-003857,Reset_Recovery,APB4,static,8,3,0,even,921600,32,1,level,200,16,32,100,3,PASSIVE,stress,1,8,1,1,UVM_LOW,1,0,0.0,-O2 -sv -assert svaext,+UVM_TESTNAME=auto -cm line+tgl,r1p2,6,384,5.0,reset_recovery_test,reset_recovery_seq,APB4+UART
RUN-003858,backpressure_test-003858,Backpressure,APB3,static,8,4,1,odd,921600,64,0,level,200,32,32,100,2,ACTIVE,stress,0,4,1,1,UVM_MEDIUM,1,0,0.0,-O0 -sv -debug,+UVM_TESTNAME=auto,r1p2,10,768,5.0,backpressure_test,backpressure_seq,APB3+UART
RUN-003859,reset_recovery_test-003859,Reset_Recovery,APB4,priority,8,0,2,odd,921600,32,0,level,100,8,32,500,1,ACTIVE,functional,1,8,0,0,UVM_LOW,1,0,0.0,-O2 -sv,+UVM_TESTNAME=auto,r2p0,2,384,10.0,reset_recovery_test,reset_recovery_seq,APB4+UART
RUN-003860,backpressure_test-003860,Backpressure,APB4,round_robin,16,6,4,odd,115200,64,1,level,50,32,32,250,1,ACTIVE,functional,0,8,0,1,UVM_HIGH,0,1,0.0183,-O0 -sv -debug,+UVM_TESTNAME=auto -cm line+tgl,r1p2,10,768,20.0,backpressure_test,backpressure_seq,APB4+UART
RUN-003861,reg_sweep_test-003861,Reg_Sweep,APB4,static,8,4,0,none,230400,16,0,level,25,32,32,100,2,ACTIVE,regression,0,4,1,1,UVM_MEDIUM,0,0,0.0,-O2 -sv -assert svaext,+UVM_TESTNAME=auto -cm line+tgl,r2p0,10,192,40.0,reg_sweep_test,reg_sweep_seq,APB4+UART
RUN-003862,uart_loopback_test-003862,Uart_Loopback,APB4,static,2,6,1,even,115200,4,0,edge,200,8,16,50,2,ACTIVE,functional,0,4,0,1,UVM_HIGH,0,0,0.0,-O2 -sv,+UVM_TESTNAME=auto -cm line+tgl,r1p2,4,48,5.0,uart_loopback_test,uart_loopback_seq,APB4+UART
RUN-003863,dma_burst_test-003863,Dma_Burst,APB4,round_robin,4,3,1,none,921600,4,0,edge,25,8,32,250,2,ACTIVE,stress,0,8,1,1,UVM_LOW,0,0,0.0,-O2 -sv -assert svaext,+UVM_TESTNAME=auto -cm line+tgl,r1p0,9,48,40.0,dma_burst_test,dma_burst_seq,APB4+UART
RUN-003864,dma_burst_test-003864,Dma_Burst,APB3,priority,2,3,4,none,230400,32,0,edge,100,8,32,250,1,ACTIVE,functional,0,16,1,1,UVM_LOW,0,1,0.0375,-O2 -sv,+UVM_TESTNAME=auto -cm line+tgl,r2p0,8,384,10.0,dma_burst_test,dma_burst_seq,APB3+UART
RUN-003865,reg_sweep_test-003865,Reg_Sweep,APB3,round_robin,2,1,0,odd,921600,8,1,level,100,32,32,100,2,ACTIVE,functional,0,4,1,1,UVM_HIGH,1,0,0.0,-O2 -sv -assert svaext,+UVM_TESTNAME=auto,r1p2,4,96,10.0,reg_sweep_test,reg_sweep_seq,APB3+UART
RUN-003866,reset_recovery_test-003866,Reset_Recovery,APB4,priority,16,4,2,even,921600,64,1,level,25,32,32,50,1,ACTIVE,functional,0,8,1,1,UVM_MEDIUM,0,0,0.0,-O2 -sv -assert svaext,+UVM_TESTNAME=auto -cm line+tgl,r1p0,4,768,40.0,reset_recovery_test,reset_recovery_seq,APB4+UART
RUN-003867,uart_loopback_test-003867,Uart_Loopback,APB3,round_robin,4,3,0,odd,230400,32,1,level,200,32,16,100,2,ACTIVE,stress,0,8,1,1,UVM_MEDIUM,0,1,0.0052,-O2 -sv,+UVM_TESTNAME=auto -cm line+tgl,r1p2,7,384,5.0,uart_loopback_test,uart_loopback_seq,APB3+UART
RUN-003868,irq_storm_test-003868,Irq_Storm,APB4,round_robin,16,5,0,even,230400,64,0,edge,100,32,16,500,1,ACTIVE,regression,0,16,0,1,UVM_MEDIUM,0,0,0.0,-O2 -sv -assert svaext,+UVM_TESTNAME=auto,r2p0,5,768,10.0,irq_storm_test,irq_storm_seq,APB4+UART
RUN-003869,dma_burst_test-003869,Dma_Burst,APB4,static,16,3,4,odd,460800,32,0,level,25,16,32,50,1,ACTIVE,functional,1,16,0,1,UVM_LOW,0,1,0.0224,-O2 -sv -assert svaext,+UVM_TESTNAME=auto -cm line+tgl,r1p0,4,384,40.0,dma_burst_test,dma_burst_seq,APB4+UART
RUN-003870,backpressure_test-003870,Backpressure,APB3,round_robin,4,1,1,none,115200,64,0,edge,50,16,16,250,2,ACTIVE,functional,0,4,0,1,UVM_LOW,0,0,0.0,-O2 -sv,+UVM_TESTNAME=auto -cm line+tgl,r1p2,4,768,20.0,backpressure_test,backpressure_seq,APB3+UART
RUN-003871,reg_sweep_test-003871,Reg_Sweep,APB3,priority,4,3,1,even,921600,16,0,level,25,8,32,50,2,ACTIVE,regression,0,16,1,1,UVM_MEDIUM,1,0,0.0,-O2 -sv -assert svaext,+UVM_TESTNAME=auto,r1p2,11,192,40.0,reg_sweep_test,reg_sweep_seq,APB3+UART
RUN-003872,uart_loopback_test-003872,Uart_Loopback,APB4,round_robin,2,0,1,even,115200,4,0,level,100,16,32,250,2,ACTIVE,stress,0,8,0,1,UVM_LOW,0,1,0.0338,-O2 -sv,+UVM_TESTNAME=auto -cm line+tgl,r1p0,10,48,10.0,uart_loopback_test,uart_loopback_seq,APB4+UART
RUN-003873,reset_recovery_test-003873,Reset_Recovery,APB4,round_robin,2,4,1,even,921600,16,1,level,100,16,32,250,3,PASSIVE,regression,0,4,1,1,UVM_HIGH,1,0,0.0,-O2 -sv,+UVM_TESTNAME=auto,r2p0,4,192,10.0,reset_recovery_test,reset_recovery_seq,APB4+UART
RUN-003874,irq_storm_test-003874,Irq_Storm,APB3,priority,2,4,1,even,1500000,32,1,level,100,16,16,100,2,PASSIVE,stress,1,16,0,1,UVM_LOW,0,1,0.0393,-O0 -sv -debug,+UVM_TESTNAME=auto -cm line+tgl,r2p0,10,384,10.0,irq_storm_test,irq_storm_seq,APB3+UART
RUN-003875,parity_stress_test-003875,Parity_Stress,APB4,round_robin,2,2,2,odd,921600,32,0,edge,50,16,32,250,1,ACTIVE,stress,0,4,1,1,UVM_MEDIUM,0,0,0.0,-O2 -sv -assert svaext,+UVM_TESTNAME=auto -cm line+tgl,r1p0,1,384,20.0,parity_stress_test,parity_stress_seq,APB4+UART
RUN-003876,uart_loopback_test-003876,Uart_Loopback,APB4,static,16,7,4,even,460800,64,0,level,100,32,32,250,2,ACTIVE,functional,0,4,1,1,UVM_MEDIUM,0,0,0.0,-O2 -sv -assert svaext,+UVM_TESTNAME=auto -cm line+tgl,r1p2,0,768,10.0,uart_loopback_test,uart_loopback_seq,APB4+UART
RUN-003877,dma_burst_test-003877,Dma_Burst,APB3,static,4,4,0,none,230400,16,1,edge,50,16,16,250,2,ACTIVE,functional,0,4,1,1,UVM_MEDIUM,1,0,0.0,-O0 -sv -debug,+UVM_TESTNAME=auto,r1p0,3,192,20.0,dma_burst_test,dma_burst_seq,APB3+UART
RUN-003878,reg_sweep_test-003878,Reg_Sweep,APB4,priority,4,6,4,none,460800,16,1,level,25,32,32,250,1,ACTIVE,stress,0,16,1,1,UVM_LOW,0,0,0.0,-O2 -sv,+UVM_TESTNAME=auto -cm line+tgl,r1p2,9,192,40.0,reg_sweep_test,reg_sweep_seq,APB4+UART
RUN-003879,reg_sweep_test-003879,Reg_Sweep,APB3,static,4,3,1,none,115200,4,0,edge,50,32,32,250,1,ACTIVE,stress,0,8,1,1,UVM_MEDIUM,1,0,0.0,-O2 -sv -assert svaext,+UVM_TESTNAME=auto -cm line+tgl,r1p0,11,48,20.0,reg_sweep_test,reg_sweep_seq,APB3+UART
RUN-003880,uart_loopback_test-003880,Uart_Loopback,APB3,static,2,1,4,none,921600,8,0,edge,200,32,16,250,1,PASSIVE,regression,0,4,1,1,UVM_LOW,0,0,0.0,-O2 -sv -assert svaext,+UVM_TESTNAME=auto -cm line+tgl,r1p2,7,96,5.0,uart_loopback_test,uart_loopback_seq,APB3+UART
RUN-003881,uart_loopback_test-003881,Uart_Loopback,APB4,priority,2,2,1,even,230400,16,0,level,100,32,32,500,1,ACTIVE,functional,0,8,1,1,UVM_HIGH,0,0,0.0,-O2 -sv,+UVM_TESTNAME=auto -cm line+tgl,r2p0,0,192,10.0,uart_loopback_test,uart_loopback_seq,APB4+UART
RUN-003882,reset_recovery_test-003882,Reset_Recovery,APB3,round_robin,8,4,1,even,115200,8,1,edge,50,32,16,100,2,ACTIVE,functional,0,4,0,1,UVM_MEDIUM,0,1,0.0188,-O2 -sv,+UVM_TESTNAME=auto,r1p2,5,96,20.0,reset_recovery_test,reset_recovery_seq,APB3+UART
RUN-003883,reg_sweep_test-003883,Reg_Sweep,APB4,static,8,3,1,even,460800,32,1,level,100,16,32,250,2,ACTIVE,stress,1,16,1,1,UVM_MEDIUM,0,0,0.0,-O2 -sv,+UVM_TESTNAME=auto,r2p0,9,384,10.0,reg_sweep_test,reg_sweep_seq,APB4+UART
RUN-003884,reset_recovery_test-003884,Reset_Recovery,APB4,static,16,3,0,odd,460800,16,1,level,25,8,32,500,3,ACTIVE,functional,0,8,1,1,UVM_LOW,0,1,0.016,-O2 -sv -assert svaext,+UVM_TESTNAME=auto,r2p0,0,192,40.0,reset_recovery_test,reset_recovery_seq,APB4+UART
RUN-003885,reset_recovery_test-003885,Reset_Recovery,APB3,round_robin,4,2,0,odd,921600,16,1,edge,50,8,16,100,1,ACTIVE,functional,0,8,1,1,UVM_LOW,0,1,0.0034,-O0 -sv -debug,+UVM_TESTNAME=auto,r2p0,8,192,20.0,reset_recovery_test,reset_recovery_seq,APB3+UART
RUN-003886,dma_burst_test-003886,Dma_Burst,APB3,priority,16,3,2,odd,460800,64,1,level,100,16,16,500,2,ACTIVE,functional,0,4,0,1,UVM_LOW,0,1,0.0376,-O2 -sv,+UVM_TESTNAME=auto,r1p0,3,768,10.0,dma_burst_test,dma_burst_seq,APB3+UART
RUN-003887,dma_burst_test-003887,Dma_Burst,APB3,round_robin,4,3,2,even,460800,16,0,level,100,32,16,500,3,ACTIVE,stress,0,4,1,1,UVM_MEDIUM,0,1,0.0232,-O2 -sv,+UVM_TESTNAME=auto,r2p0,1,192,10.0,dma_burst_test,dma_burst_seq,APB3+UART
RUN-003888,reset_recovery_test-003888,Reset_Recovery,APB4,priority,4,6,0,even,230400,16,1,level,50,32,32,500,2,ACTIVE,stress,0,8,1,1,UVM_LOW,0,1,0.0139,-O2 -sv -assert svaext,+UVM_TESTNAME=auto,r1p2,10,192,20.0,reset_recovery_test,reset_recovery_seq,APB4+UART
RUN-003889,dma_burst_test-003889,Dma_Burst,APB4,static,2,5,1,none,115200,32,1,level,100,16,32,50,2,ACTIVE,functional,0,4,1,1,UVM_LOW,0,0,0.0,-O0 -sv -debug,+UVM_TESTNAME=auto,r1p2,1,384,10.0,dma_burst_test,dma_burst_seq,APB4+UART
RUN-003890,reg_sweep_test-003890,Reg_Sweep,APB3,priority,4,4,0,odd,921600,8,0,edge,25,32,16,250,1,ACTIVE,functional,0,16,1,1,UVM_HIGH,0,0,0.0,-O2 -sv,+UVM_TESTNAME=auto,r2p0,6,96,40.0,reg_sweep_test,reg_sweep_seq,APB3+UART
RUN-003891,parity_stress_test-003891,Parity_Stress,APB4,round_robin,2,3,0,odd,115200,4,0,edge,200,8,32,50,2,PASSIVE,functional,0,8,0,1,UVM_LOW,1,1,0.0121,-O2 -sv,+UVM_TESTNAME=auto,r2p0,2,48,5.0,parity_stress_test,parity_stress_seq,APB4+UART
RUN-003892,uart_loopback_test-003892,Uart_Loopback,APB3,round_robin,2,0,0,even,1500000,64,0,level,100,16,32,250,2,ACTIVE,functional,0,16,0,1,UVM_MEDIUM,1,0,0.0,-O2 -sv,+UVM_TESTNAME=auto,r1p2,6,768,10.0,uart_loopback_test,uart_loopback_seq,APB3+UART
RUN-003893,reg_sweep_test-003893,Reg_Sweep,APB4,round_robin,8,7,4,odd,1500000,16,0,level,50,32,32,50,2,ACTIVE,functional,0,8,1,1,UVM_LOW,0,0,0.0,-O2 -sv,+UVM_TESTNAME=auto,r1p2,10,192,20.0,reg_sweep_test,reg_sweep_seq,APB4+UART
RUN-003894,uart_loopback_test-003894,Uart_Loopback,APB4,static,4,1,1,even,115200,16,0,edge,50,32,32,100,1,ACTIVE,stress,0,8,1,1,UVM_LOW,0,0,0.0,-O2 -sv -assert svaext,+UVM_TESTNAME=auto,r1p0,1,192,20.0,uart_loopback_test,uart_loopback_seq,APB4+UART
RUN-003895,reset_recovery_test-003895,Reset_Recovery,APB4,priority,16,0,1,even,230400,16,1,edge,200,8,32,250,2,ACTIVE,regression,0,16,1,1,UVM_LOW,0,0,0.0,-O2 -sv -assert svaext,+UVM_TESTNAME=auto,r2p0,11,192,5.0,reset_recovery_test,reset_recovery_seq,APB4+UART
RUN-003896,reg_sweep_test-003896,Reg_Sweep,APB4,priority,4,7,2,odd,1500000,32,1,edge,25,32,32,100,1,PASSIVE,regression,0,8,1,1,UVM_MEDIUM,0,0,0.0,-O0 -sv -debug,+UVM_TESTNAME=auto,r2p0,10,384,40.0,reg_sweep_test,reg_sweep_seq,APB4+UART
RUN-003897,reset_recovery_test-003897,Reset_Recovery,APB3,static,16,3,4,odd,921600,64,1,edge,25,16,32,500,1,ACTIVE,functional,0,8,1,1,UVM_MEDIUM,1,0,0.0,-O0 -sv -debug,+UVM_TESTNAME=auto,r1p2,9,768,40.0,reset_recovery_test,reset_recovery_seq,APB3+UART
RUN-003898,irq_storm_test-003898,Irq_Storm,APB4,round_robin,16,7,4,none,230400,32,0,edge,100,32,16,250,1,ACTIVE,stress,1,8,1,1,UVM_LOW,0,0,0.0,-O2 -sv,+UVM_TESTNAME=auto -cm line+tgl,r1p2,7,384,10.0,irq_storm_test,irq_storm_seq,APB4+UART
RUN-003899,dma_burst_test-003899,Dma_Burst,APB3,static,16,1,4,odd,115200,16,1,edge,50,8,32,100,2,ACTIVE,regression,0,4,1,1,UVM_HIGH,1,0,0.0,-O2 -sv -assert svaext,+UVM_TESTNAME=auto,r1p2,6,192,20.0,dma_burst_test,dma_burst_seq,APB3+UART
RUN-003900,backpressure_test-003900,Backpressure,APB4,round_robin,2,2,1,even,921600,16,0,level,50,32,32,250,2,PASSIVE,functional,0,8,1,0,UVM_MEDIUM,0,0,0.0,-O2 -sv -assert svaext,+UVM_TESTNAME=auto,r1p2,9,192,20.0,backpressure_test,backpressure_seq,APB4+UART
RUN-003901,backpressure_test-003901,Backpressure,APB4,round_robin,4,2,2,even,921600,32,0,level,200,8,32,100,1,ACTIVE,functional,1,8,0,0,UVM_LOW,0,0,0.0,-O2 -sv,+UVM_TESTNAME=auto -cm line+tgl,r1p2,3,384,5.0,backpressure_test,backpressure_seq,APB4+UART
RUN-003902,reset_recovery_test-003902,Reset_Recovery,APB4,static,16,0,0,even,921600,4,0,level,50,16,32,250,3,PASSIVE,stress,0,4,1,1,UVM_MEDIUM,0,0,0.0,-O2 -sv -assert svaext,+UVM_TESTNAME=auto -cm line+tgl,r1p0,9,48,20.0,reset_recovery_test,reset_recovery_seq,APB4+UART
RUN-003903,uart_loopback_test-003903,Uart_Loopback,APB3,priority,8,2,4,odd,921600,8,1,edge,50,32,32,500,3,PASSIVE,stress,0,8,0,1,UVM_MEDIUM,0,0,0.0,-O2 -sv -assert svaext,+UVM_TESTNAME=auto -cm line+tgl,r1p0,8,96,20.0,uart_loopback_test,uart_loopback_seq,APB3+UART
RUN-003904,backpressure_test-003904,Backpressure,APB4,static,2,4,1,odd,921600,16,0,level,100,32,16,50,1,ACTIVE,functional,0,4,1,1,UVM_LOW,0,0,0.0,-O2 -sv -assert svaext,+UVM_TESTNAME=auto -cm line+tgl,r2p0,9,192,10.0,backpressure_test,backpressure_seq,APB4+UART
RUN-003905,irq_storm_test-003905,Irq_Storm,APB3,round_robin,8,0,1,even,1500000,32,1,level,25,8,16,500,1,PASSIVE,functional,0,16,1,1,UVM_HIGH,0,0,0.0,-O2 -sv -assert svaext,+UVM_TESTNAME=auto -cm line+tgl,r1p0,4,384,40.0,irq_storm_test,irq_storm_seq,APB3+UART
RUN-003906,backpressure_test-003906,Backpressure,APB3,round_robin,8,3,0,none,460800,32,1,edge,50,32,32,250,1,ACTIVE,regression,1,8,1,0,UVM_LOW,0,0,0.0,-O2 -sv,+UVM_TESTNAME=auto -cm line+tgl,r2p0,11,384,20.0,backpressure_test,backpressure_seq,APB3+UART
RUN-003907,parity_stress_test-003907,Parity_Stress,APB3,round_robin,8,5,0,none,1500000,64,1,edge,100,16,32,50,3,PASSIVE,regression,0,4,1,1,UVM_HIGH,0,0,0.0,-O2 -sv,+UVM_TESTNAME=auto,r1p2,9,768,10.0,parity_stress_test,parity_stress_seq,APB3+UART
RUN-003908,backpressure_test-003908,Backpressure,APB4,priority,16,6,0,odd,115200,8,1,level,50,32,32,500,2,ACTIVE,functional,0,8,1,1,UVM_LOW,0,0,0.0,-O2 -sv -assert svaext,+UVM_TESTNAME=auto -cm line+tgl,r2p0,10,96,20.0,backpressure_test,backpressure_seq,APB4+UART
RUN-003909,parity_stress_test-003909,Parity_Stress,APB3,round_robin,8,4,0,even,230400,32,0,edge,200,32,32,100,1,ACTIVE,stress,0,8,0,1,UVM_LOW,0,1,0.0269,-O0 -sv -debug,+UVM_TESTNAME=auto,r1p2,5,384,5.0,parity_stress_test,parity_stress_seq,APB3+UART
RUN-003910,backpressure_test-003910,Backpressure,APB4,round_robin,8,4,1,odd,460800,32,1,edge,200,16,16,250,1,ACTIVE,stress,0,16,1,0,UVM_MEDIUM,0,0,0.0,-O2 -sv -assert svaext,+UVM_TESTNAME=auto,r1p0,6,384,5.0,backpressure_test,backpressure_seq,APB4+UART
RUN-003911,backpressure_test-003911,Backpressure,APB4,round_robin,2,7,4,even,230400,8,0,level,100,32,32,250,1,ACTIVE,functional,0,8,1,1,UVM_MEDIUM,0,0,0.0,-O2 -sv -assert svaext,+UVM_TESTNAME=auto -cm line+tgl,r1p0,3,96,10.0,backpressure_test,backpressure_seq,APB4+UART
RUN-003912,backpressure_test-003912,Backpressure,APB3,round_robin,8,5,2,odd,460800,32,1,edge,100,8,32,50,3,ACTIVE,functional,0,4,0,1,UVM_LOW,0,0,0.0,-O2 -sv -assert svaext,+UVM_TESTNAME=auto,r1p2,4,384,10.0,backpressure_test,backpressure_seq,APB3+UART
RUN-003913,backpressure_test-003913,Backpressure,APB4,priority,16,1,0,odd,921600,8,1,level,25,8,16,500,1,ACTIVE,stress,0,4,1,1,UVM_HIGH,0,0,0.0,-O2 -sv,+UVM_TESTNAME=auto -cm line+tgl,r1p2,3,96,40.0,backpressure_test,backpressure_seq,APB4+UART
RUN-003914,backpressure_test-003914,Backpressure,APB3,priority,8,3,2,none,1500000,16,0,edge,50,32,32,100,3,ACTIVE,regression,0,4,1,1,UVM_MEDIUM,1,0,0.0,-O0 -sv -debug,+UVM_TESTNAME=auto,r1p0,4,192,20.0,backpressure_test,backpressure_seq,APB3+UART
RUN-003915,backpressure_test-003915,Backpressure,APB3,round_robin,4,7,4,odd,1500000,8,1,level,50,16,32,250,1,ACTIVE,regression,1,8,1,1,UVM_MEDIUM,1,0,0.0,-O2 -sv -assert svaext,+UVM_TESTNAME=auto -cm line+tgl,r1p2,0,96,20.0,backpressure_test,backpressure_seq,APB3+UART
RUN-003916,irq_storm_test-003916,Irq_Storm,APB3,round_robin,4,5,2,none,115200,32,1,edge,25,32,32,500,1,ACTIVE,regression,0,16,1,1,UVM_HIGH,0,0,0.0,-O2 -sv,+UVM_TESTNAME=auto,r1p0,9,384,40.0,irq_storm_test,irq_storm_seq,APB3+UART
RUN-003917,reg_sweep_test-003917,Reg_Sweep,APB3,static,2,4,0,even,460800,16,0,level,25,32,16,100,1,ACTIVE,functional,0,16,0,1,UVM_MEDIUM,0,0,0.0,-O2 -sv,+UVM_TESTNAME=auto -cm line+tgl,r1p0,10,192,40.0,reg_sweep_test,reg_sweep_seq,APB3+UART
RUN-003918,reset_recovery_test-003918,Reset_Recovery,APB4,round_robin,2,2,0,even,921600,16,1,level,100,32,16,50,1,ACTIVE,stress,0,4,1,1,UVM_HIGH,0,0,0.0,-O2 -sv -assert svaext,+UVM_TESTNAME=auto,r1p0,7,192,10.0,reset_recovery_test,reset_recovery_seq,APB4+UART
RUN-003919,uart_loopback_test-003919,Uart_Loopback,APB3,round_robin,4,5,0,odd,115200,32,1,level,25,32,16,500,1,ACTIVE,functional,1,8,0,1,UVM_LOW,1,0,0.0,-O2 -sv -assert svaext,+UVM_TESTNAME=auto -cm line+tgl,r2p0,1,384,40.0,uart_loopback_test,uart_loopback_seq,APB3+UART
RUN-003920,reg_sweep_test-003920,Reg_Sweep,APB4,round_robin,8,4,1,odd,1500000,32,0,level,100,8,32,100,3,ACTIVE,functional,0,4,1,1,UVM_MEDIUM,0,1,0.0308,-O2 -sv -assert svaext,+UVM_TESTNAME=auto -cm line+tgl,r1p2,10,384,10.0,reg_sweep_test,reg_sweep_seq,APB4+UART
RUN-003921,uart_loopback_test-003921,Uart_Loopback,APB4,round_robin,16,3,0,odd,230400,16,0,level,200,32,16,500,2,ACTIVE,stress,0,16,0,0,UVM_MEDIUM,0,0,0.0,-O2 -sv,+UVM_TESTNAME=auto,r1p2,6,192,5.0,uart_loopback_test,uart_loopback_seq,APB4+UART
RUN-003922,irq_storm_test-003922,Irq_Storm,APB4,priority,16,0,4,none,1500000,16,0,level,50,16,16,100,2,ACTIVE,functional,0,4,1,1,UVM_LOW,0,0,0.0,-O2 -sv,+UVM_TESTNAME=auto,r2p0,10,192,20.0,irq_storm_test,irq_storm_seq,APB4+UART
RUN-003923,uart_loopback_test-003923,Uart_Loopback,APB3,priority,8,0,4,odd,460800,4,1,level,100,8,32,100,1,ACTIVE,regression,0,4,0,1,UVM_LOW,0,1,0.0021,-O2 -sv,+UVM_TESTNAME=auto,r2p0,0,48,10.0,uart_loopback_test,uart_loopback_seq,APB3+UART
RUN-003924,dma_burst_test-003924,Dma_Burst,APB3,round_robin,16,6,2,even,230400,32,1,level,25,32,16,500,2,ACTIVE,regression,0,4,1,1,UVM_LOW,0,0,0.0,-O0 -sv -debug,+UVM_TESTNAME=auto -cm line+tgl,r2p0,7,384,40.0,dma_burst_test,dma_burst_seq,APB3+UART
RUN-003925,reg_sweep_test-003925,Reg_Sweep,APB4,static,4,0,0,even,230400,8,1,edge,25,8,32,50,1,ACTIVE,regression,0,8,1,1,UVM_LOW,0,1,0.0122,-O2 -sv -assert svaext,+UVM_TESTNAME=auto,r1p2,6,96,40.0,reg_sweep_test,reg_sweep_seq,APB4+UART
RUN-003926,parity_stress_test-003926,Parity_Stress,APB4,static,8,5,1,even,921600,16,1,edge,100,32,32,250,1,ACTIVE,stress,0,8,1,1,UVM_LOW,0,0,0.0,-O2 -sv,+UVM_TESTNAME=auto -cm line+tgl,r1p2,9,192,10.0,parity_stress_test,parity_stress_seq,APB4+UART
RUN-003927,irq_storm_test-003927,Irq_Storm,APB4,priority,16,2,1,odd,921600,4,1,level,50,16,32,50,3,ACTIVE,functional,0,8,0,1,UVM_MEDIUM,1,0,0.0,-O0 -sv -debug,+UVM_TESTNAME=auto -cm line+tgl,r1p0,5,48,20.0,irq_storm_test,irq_storm_seq,APB4+UART
RUN-003928,parity_stress_test-003928,Parity_Stress,APB4,static,2,4,1,odd,460800,16,0,edge,50,32,32,250,1,PASSIVE,stress,1,16,1,1,UVM_MEDIUM,0,0,0.0,-O2 -sv,+UVM_TESTNAME=auto,r1p0,7,192,20.0,parity_stress_test,parity_stress_seq,APB4+UART
RUN-003929,uart_loopback_test-003929,Uart_Loopback,APB3,round_robin,4,5,2,even,921600,16,1,edge,50,32,16,100,3,PASSIVE,functional,0,4,0,1,UVM_LOW,0,1,0.0265,-O2 -sv -assert svaext,+UVM_TESTNAME=auto -cm line+tgl,r1p0,9,192,20.0,uart_loopback_test,uart_loopback_seq,APB3+UART
RUN-003930,irq_storm_test-003930,Irq_Storm,APB3,priority,8,4,1,none,115200,8,1,level,50,8,32,250,3,ACTIVE,stress,0,8,1,1,UVM_MEDIUM,0,1,0.0345,-O0 -sv -debug,+UVM_TESTNAME=auto -cm line+tgl,r1p0,0,96,20.0,irq_storm_test,irq_storm_seq,APB3+UART
RUN-003931,reg_sweep_test-003931,Reg_Sweep,APB3,round_robin,4,7,1,none,115200,16,1,level,200,32,16,250,3,ACTIVE,regression,0,8,1,1,UVM_MEDIUM,0,1,0.0254,-O2 -sv,+UVM_TESTNAME=auto,r1p2,9,192,5.0,reg_sweep_test,reg_sweep_seq,APB3+UART
RUN-003932,dma_burst_test-003932,Dma_Burst,APB4,round_robin,8,0,1,none,230400,8,0,edge,25,8,32,250,3,PASSIVE,stress,0,16,1,1,UVM_LOW,0,1,0.0151,-O2 -sv,+UVM_TESTNAME=auto,r1p0,8,96,40.0,dma_burst_test,dma_burst_seq,APB4+UART
RUN-003933,backpressure_test-003933,Backpressure,APB4,static,8,3,2,none,460800,16,1,edge,100,16,32,250,2,ACTIVE,stress,0,4,0,1,UVM_MEDIUM,0,0,0.0,-O2 -sv,+UVM_TESTNAME=auto,r1p0,1,192,10.0,backpressure_test,backpressure_seq,APB4+UART
RUN-003934,irq_storm_test-003934,Irq_Storm,APB4,round_robin,4,7,1,none,921600,4,1,level,200,16,16,250,2,ACTIVE,functional,0,4,1,1,UVM_MEDIUM,1,1,0.0122,-O2 -sv -assert svaext,+UVM_TESTNAME=auto,r1p2,1,48,5.0,irq_storm_test,irq_storm_seq,APB4+UART
RUN-003935,reg_sweep_test-003935,Reg_Sweep,APB4,round_robin,2,4,0,none,460800,16,1,level,100,32,32,50,1,ACTIVE,stress,0,8,1,1,UVM_HIGH,1,0,0.0,-O0 -sv -debug,+UVM_TESTNAME=auto -cm line+tgl,r1p2,7,192,10.0,reg_sweep_test,reg_sweep_seq,APB4+UART
RUN-003936,uart_loopback_test-003936,Uart_Loopback,APB4,priority,8,2,2,even,921600,8,1,edge,100,32,16,100,1,PASSIVE,functional,0,4,1,1,UVM_LOW,1,1,0.0356,-O2 -sv,+UVM_TESTNAME=auto -cm line+tgl,r1p2,8,96,10.0,uart_loopback_test,uart_loopback_seq,APB4+UART
RUN-003937,irq_storm_test-003937,Irq_Storm,APB4,priority,8,1,2,odd,230400,4,0,level,50,16,32,100,1,ACTIVE,stress,0,8,1,1,UVM_LOW,0,0,0.0,-O2 -sv,+UVM_TESTNAME=auto,r1p0,5,48,20.0,irq_storm_test,irq_storm_seq,APB4+UART
RUN-003938,reset_recovery_test-003938,Reset_Recovery,APB4,priority,4,0,0,even,115200,4,0,edge,100,8,32,250,3,ACTIVE,stress,0,8,1,1,UVM_MEDIUM,0,1,0.0131,-O2 -sv,+UVM_TESTNAME=auto,r1p0,7,48,10.0,reset_recovery_test,reset_recovery_seq,APB4+UART
RUN-003939,irq_storm_test-003939,Irq_Storm,APB4,round_robin,2,4,1,odd,921600,8,0,level,25,16,16,250,2,ACTIVE,regression,0,16,1,0,UVM_MEDIUM,1,0,0.0,-O2 -sv,+UVM_TESTNAME=auto,r1p2,4,96,40.0,irq_storm_test,irq_storm_seq,APB4+UART
RUN-003940,reg_sweep_test-003940,Reg_Sweep,APB4,round_robin,16,7,0,odd,230400,16,0,edge,25,16,16,100,3,ACTIVE,functional,0,16,1,1,UVM_LOW,0,0,0.0,-O2 -sv,+UVM_TESTNAME=auto -cm line+tgl,r2p0,9,192,40.0,reg_sweep_test,reg_sweep_seq,APB4+UART
RUN-003941,dma_burst_test-003941,Dma_Burst,APB3,priority,2,0,0,even,460800,16,1,edge,100,32,32,50,1,ACTIVE,functional,0,4,1,1,UVM_MEDIUM,0,0,0.0,-O2 -sv,+UVM_TESTNAME=auto -cm line+tgl,r1p2,6,192,10.0,dma_burst_test,dma_burst_seq,APB3+UART
RUN-003942,irq_storm_test-003942,Irq_Storm,APB3,round_robin,8,4,1,even,921600,32,0,level,25,32,32,250,1,ACTIVE,functional,0,8,1,1,UVM_MEDIUM,1,1,0.0007,-O2 -sv -assert svaext,+UVM_TESTNAME=auto,r2p0,4,384,40.0,irq_storm_test,irq_storm_seq,APB3+UART
RUN-003943,reg_sweep_test-003943,Reg_Sweep,APB4,priority,2,6,1,odd,115200,32,1,level,50,32,32,50,1,ACTIVE,functional,0,16,1,1,UVM_LOW,0,0,0.0,-O2 -sv,+UVM_TESTNAME=auto,r1p2,8,384,20.0,reg_sweep_test,reg_sweep_seq,APB4+UART
RUN-003944,irq_storm_test-003944,Irq_Storm,APB4,round_robin,8,4,0,even,460800,4,1,level,25,16,32,250,2,ACTIVE,regression,1,16,0,1,UVM_LOW,1,1,0.0279,-O2 -sv,+UVM_TESTNAME=auto,r1p0,9,48,40.0,irq_storm_test,irq_storm_seq,APB4+UART
RUN-003945,reset_recovery_test-003945,Reset_Recovery,APB4,round_robin,8,6,1,none,115200,32,1,level,100,16,32,50,2,ACTIVE,stress,0,8,0,1,UVM_LOW,0,1,0.0025,-O2 -sv,+UVM_TESTNAME=auto,r1p0,4,384,10.0,reset_recovery_test,reset_recovery_seq,APB4+UART
RUN-003946,uart_loopback_test-003946,Uart_Loopback,APB3,priority,2,4,1,even,115200,64,1,level,50,32,16,500,2,ACTIVE,functional,0,4,1,0,UVM_MEDIUM,1,0,0.0,-O0 -sv -debug,+UVM_TESTNAME=auto,r2p0,10,768,20.0,uart_loopback_test,uart_loopback_seq,APB3+UART
RUN-003947,backpressure_test-003947,Backpressure,APB4,round_robin,8,5,4,none,230400,32,0,edge,200,16,32,100,1,ACTIVE,regression,1,8,0,1,UVM_HIGH,0,0,0.0,-O2 -sv -assert svaext,+UVM_TESTNAME=auto,r1p0,3,384,5.0,backpressure_test,backpressure_seq,APB4+UART
RUN-003948,irq_storm_test-003948,Irq_Storm,APB4,priority,8,7,2,even,460800,64,0,level,25,32,16,100,1,ACTIVE,functional,0,4,1,1,UVM_MEDIUM,0,1,0.0187,-O2 -sv,+UVM_TESTNAME=auto,r1p2,4,768,40.0,irq_storm_test,irq_storm_seq,APB4+UART
RUN-003949,uart_loopback_test-003949,Uart_Loopback,APB4,round_robin,2,0,0,odd,230400,4,0,level,200,8,16,100,2,ACTIVE,regression,0,16,1,1,UVM_LOW,0,1,0.0206,-O2 -sv -assert svaext,+UVM_TESTNAME=auto,r1p2,8,48,5.0,uart_loopback_test,uart_loopback_seq,APB4+UART
RUN-003950,dma_burst_test-003950,Dma_Burst,APB3,static,8,5,4,none,460800,16,0,level,200,32,16,50,1,ACTIVE,stress,0,8,0,1,UVM_MEDIUM,0,0,0.0,-O0 -sv -debug,+UVM_TESTNAME=auto,r2p0,2,192,5.0,dma_burst_test,dma_burst_seq,APB3+UART
RUN-003951,parity_stress_test-003951,Parity_Stress,APB3,round_robin,4,0,2,even,230400,16,0,edge,25,32,16,100,3,ACTIVE,regression,0,16,1,0,UVM_MEDIUM,0,1,0.0164,-O2 -sv,+UVM_TESTNAME=auto -cm line+tgl,r1p0,10,192,40.0,parity_stress_test,parity_stress_seq,APB3+UART
RUN-003952,dma_burst_test-003952,Dma_Burst,APB3,priority,4,5,0,even,115200,32,0,level,25,16,32,250,3,ACTIVE,functional,0,4,1,1,UVM_MEDIUM,0,0,0.0,-O0 -sv -debug,+UVM_TESTNAME=auto -cm line+tgl,r2p0,6,384,40.0,dma_burst_test,dma_burst_seq,APB3+UART
RUN-003953,irq_storm_test-003953,Irq_Storm,APB3,priority,8,5,0,odd,230400,8,0,edge,200,32,16,250,3,ACTIVE,functional,1,16,1,1,UVM_HIGH,0,0,0.0,-O2 -sv,+UVM_TESTNAME=auto -cm line+tgl,r1p0,3,96,5.0,irq_storm_test,irq_storm_seq,APB3+UART
RUN-003954,dma_burst_test-003954,Dma_Burst,APB3,priority,2,3,0,even,230400,32,0,edge,100,16,32,100,2,PASSIVE,functional,0,16,0,1,UVM_LOW,0,0,0.0,-O2 -sv -assert svaext,+UVM_TESTNAME=auto -cm line+tgl,r1p0,0,384,10.0,dma_burst_test,dma_burst_seq,APB3+UART
RUN-003955,reg_sweep_test-003955,Reg_Sweep,APB3,priority,16,4,0,even,230400,64,1,edge,50,16,16,100,2,ACTIVE,stress,0,8,0,1,UVM_LOW,0,0,0.0,-O2 -sv,+UVM_TESTNAME=auto,r1p0,4,768,20.0,reg_sweep_test,reg_sweep_seq,APB3+UART
RUN-003956,uart_loopback_test-003956,Uart_Loopback,APB3,static,8,5,1,none,115200,32,0,level,50,32,32,100,2,ACTIVE,functional,1,8,0,0,UVM_MEDIUM,1,1,0.0078,-O2 -sv,+UVM_TESTNAME=auto,r2p0,10,384,20.0,uart_loopback_test,uart_loopback_seq,APB3+UART
RUN-003957,uart_loopback_test-003957,Uart_Loopback,APB4,round_robin,2,5,2,even,115200,8,1,level,50,32,32,100,2,ACTIVE,regression,0,8,1,1,UVM_LOW,0,0,0.0,-O0 -sv -debug,+UVM_TESTNAME=auto,r1p0,1,96,20.0,uart_loopback_test,uart_loopback_seq,APB4+UART
RUN-003958,dma_burst_test-003958,Dma_Burst,APB3,round_robin,16,3,0,odd,1500000,8,0,level,200,32,16,100,2,ACTIVE,functional,0,8,1,1,UVM_MEDIUM,0,0,0.0,-O2 -sv,+UVM_TESTNAME=auto,r1p0,5,96,5.0,dma_burst_test,dma_burst_seq,APB3+UART
RUN-003959,dma_burst_test-003959,Dma_Burst,APB4,priority,16,6,0,odd,1500000,4,1,level,25,32,32,50,1,PASSIVE,stress,0,4,0,1,UVM_MEDIUM,0,1,0.0027,-O2 -sv -assert svaext,+UVM_TESTNAME=auto -cm line+tgl,r2p0,7,48,40.0,dma_burst_test,dma_burst_seq,APB4+UART
RUN-003960,uart_loopback_test-003960,Uart_Loopback,APB3,priority,4,6,1,odd,230400,8,1,edge,200,32,32,100,2,PASSIVE,stress,0,8,1,1,UVM_LOW,0,1,0.032,-O2 -sv -assert svaext,+UVM_TESTNAME=auto,r2p0,3,96,5.0,uart_loopback_test,uart_loopback_seq,APB3+UART
RUN-003961,dma_burst_test-003961,Dma_Burst,APB4,static,8,0,4,none,921600,16,1,edge,50,8,32,100,3,ACTIVE,regression,1,4,0,1,UVM_LOW,1,0,0.0,-O2 -sv,+UVM_TESTNAME=auto,r2p0,6,192,20.0,dma_burst_test,dma_burst_seq,APB4+UART
RUN-003962,dma_burst_test-003962,Dma_Burst,APB3,static,8,5,1,none,230400,32,0,level,100,32,16,100,2,ACTIVE,stress,1,4,0,1,UVM_MEDIUM,0,0,0.0,-O2 -sv,+UVM_TESTNAME=auto,r1p2,8,384,10.0,dma_burst_test,dma_burst_seq,APB3+UART
RUN-003963,reg_sweep_test-003963,Reg_Sweep,APB3,static,2,4,2,odd,115200,8,0,level,25,16,32,50,1,ACTIVE,functional,0,8,1,1,UVM_MEDIUM,0,1,0.0291,-O2 -sv,+UVM_TESTNAME=auto -cm line+tgl,r1p2,0,96,40.0,reg_sweep_test,reg_sweep_seq,APB3+UART
RUN-003964,reset_recovery_test-003964,Reset_Recovery,APB3,priority,16,1,0,none,230400,64,0,edge,25,32,32,250,3,ACTIVE,regression,0,16,0,1,UVM_LOW,0,1,0.0084,-O2 -sv -assert svaext,+UVM_TESTNAME=auto,r1p0,0,768,40.0,reset_recovery_test,reset_recovery_seq,APB3+UART
RUN-003965,irq_storm_test-003965,Irq_Storm,APB3,round_robin,2,0,2,even,921600,16,0,edge,200,8,32,50,2,ACTIVE,stress,1,8,0,0,UVM_MEDIUM,0,0,0.0,-O2 -sv,+UVM_TESTNAME=auto,r1p0,10,192,5.0,irq_storm_test,irq_storm_seq,APB3+UART
RUN-003966,backpressure_test-003966,Backpressure,APB4,round_robin,2,3,2,even,460800,32,0,level,200,32,32,50,1,ACTIVE,functional,0,16,0,1,UVM_LOW,1,1,0.0371,-O0 -sv -debug,+UVM_TESTNAME=auto -cm line+tgl,r1p2,4,384,5.0,backpressure_test,backpressure_seq,APB4+UART
RUN-003967,reg_sweep_test-003967,Reg_Sweep,APB4,static,2,6,2,odd,1500000,4,1,level,200,16,16,100,1,ACTIVE,stress,0,8,1,1,UVM_HIGH,0,1,0.0241,-O2 -sv,+UVM_TESTNAME=auto,r1p0,1,48,5.0,reg_sweep_test,reg_sweep_seq,APB4+UART
RUN-003968,parity_stress_test-003968,Parity_Stress,APB3,round_robin,4,3,0,even,115200,4,1,level,25,8,32,250,2,ACTIVE,stress,1,16,1,0,UVM_MEDIUM,1,1,0.021,-O2 -sv -assert svaext,+UVM_TESTNAME=auto,r2p0,9,48,40.0,parity_stress_test,parity_stress_seq,APB3+UART
RUN-003969,parity_stress_test-003969,Parity_Stress,APB3,static,4,5,2,even,230400,32,0,edge,100,32,32,100,3,PASSIVE,stress,0,16,0,1,UVM_HIGH,0,1,0.0299,-O2 -sv -assert svaext,+UVM_TESTNAME=auto,r1p0,8,384,10.0,parity_stress_test,parity_stress_seq,APB3+UART
RUN-003970,reset_recovery_test-003970,Reset_Recovery,APB4,round_robin,4,3,4,none,115200,64,1,level,200,32,16,50,2,ACTIVE,stress,1,4,1,1,UVM_LOW,1,0,0.0,-O2 -sv,+UVM_TESTNAME=auto -cm line+tgl,r2p0,0,768,5.0,reset_recovery_test,reset_recovery_seq,APB4+UART
RUN-003971,backpressure_test-003971,Backpressure,APB3,round_robin,16,4,4,even,1500000,16,0,edge,50,32,16,250,3,ACTIVE,stress,1,8,1,1,UVM_MEDIUM,0,0,0.0,-O2 -sv,+UVM_TESTNAME=auto -cm line+tgl,r2p0,4,192,20.0,backpressure_test,backpressure_seq,APB3+UART
RUN-003972,uart_loopback_test-003972,Uart_Loopback,APB4,round_robin,8,0,1,none,230400,16,0,level,100,8,16,100,2,ACTIVE,functional,0,4,1,1,UVM_MEDIUM,0,0,0.0,-O2 -sv,+UVM_TESTNAME=auto,r1p2,1,192,10.0,uart_loopback_test,uart_loopback_seq,APB4+UART
RUN-003973,dma_burst_test-003973,Dma_Burst,APB4,priority,4,0,0,odd,230400,4,1,edge,100,32,32,250,2,ACTIVE,regression,1,16,0,1,UVM_LOW,1,1,0.0094,-O2 -sv,+UVM_TESTNAME=auto -cm line+tgl,r1p0,9,48,10.0,dma_burst_test,dma_burst_seq,APB4+UART
RUN-003974,dma_burst_test-003974,Dma_Burst,APB4,round_robin,2,2,1,odd,115200,8,1,level,200,32,16,250,1,ACTIVE,functional,1,8,0,1,UVM_MEDIUM,0,1,0.0355,-O0 -sv -debug,+UVM_TESTNAME=auto,r2p0,0,96,5.0,dma_burst_test,dma_burst_seq,APB4+UART
RUN-003975,reg_sweep_test-003975,Reg_Sweep,APB3,priority,16,5,1,even,115200,16,0,edge,50,32,16,100,2,ACTIVE,stress,0,16,1,1,UVM_LOW,0,1,0.0153,-O2 -sv -assert svaext,+UVM_TESTNAME=auto -cm line+tgl,r1p2,10,192,20.0,reg_sweep_test,reg_sweep_seq,APB3+UART
RUN-003976,irq_storm_test-003976,Irq_Storm,APB4,static,8,3,0,even,115200,8,1,level,50,32,32,50,1,ACTIVE,functional,0,4,1,1,UVM_LOW,0,0,0.0,-O2 -sv,+UVM_TESTNAME=auto -cm line+tgl,r1p2,3,96,20.0,irq_storm_test,irq_storm_seq,APB4+UART
RUN-003977,uart_loopback_test-003977,Uart_Loopback,APB4,round_robin,2,0,4,odd,115200,32,0,level,25,8,32,50,3,ACTIVE,stress,0,8,1,1,UVM_LOW,0,0,0.0,-O2 -sv,+UVM_TESTNAME=auto,r2p0,3,384,40.0,uart_loopback_test,uart_loopback_seq,APB4+UART
RUN-003978,reset_recovery_test-003978,Reset_Recovery,APB3,round_robin,16,5,0,even,1500000,16,1,level,200,16,16,100,1,ACTIVE,stress,0,4,1,1,UVM_MEDIUM,0,0,0.0,-O2 -sv,+UVM_TESTNAME=auto,r1p0,0,192,5.0,reset_recovery_test,reset_recovery_seq,APB3+UART
RUN-003979,parity_stress_test-003979,Parity_Stress,APB4,static,2,5,0,odd,230400,8,1,edge,50,8,32,100,1,ACTIVE,stress,0,8,0,1,UVM_LOW,0,1,0.0172,-O2 -sv -assert svaext,+UVM_TESTNAME=auto,r1p2,1,96,20.0,parity_stress_test,parity_stress_seq,APB4+UART
RUN-003980,dma_burst_test-003980,Dma_Burst,APB3,static,4,5,2,even,115200,4,0,edge,50,16,16,50,1,ACTIVE,functional,0,16,1,1,UVM_MEDIUM,1,1,0.0191,-O2 -sv,+UVM_TESTNAME=auto -cm line+tgl,r2p0,7,48,20.0,dma_burst_test,dma_burst_seq,APB3+UART
RUN-003981,dma_burst_test-003981,Dma_Burst,APB4,round_robin,16,4,1,even,115200,32,1,edge,100,16,32,250,2,ACTIVE,stress,0,8,1,1,UVM_LOW,0,1,0.0334,-O0 -sv -debug,+UVM_TESTNAME=auto -cm line+tgl,r1p2,0,384,10.0,dma_burst_test,dma_burst_seq,APB4+UART
RUN-003982,irq_storm_test-003982,Irq_Storm,APB4,priority,2,4,2,odd,460800,8,1,level,200,32,32,250,3,ACTIVE,functional,0,8,0,1,UVM_LOW,0,1,0.0268,-O2 -sv,+UVM_TESTNAME=auto,r1p2,10,96,5.0,irq_storm_test,irq_storm_seq,APB4+UART
RUN-003983,dma_burst_test-003983,Dma_Burst,APB4,static,2,4,4,even,1500000,32,1,level,50,32,16,100,2,ACTIVE,regression,0,4,0,1,UVM_MEDIUM,0,1,0.0274,-O2 -sv,+UVM_TESTNAME=auto -cm line+tgl,r1p2,11,384,20.0,dma_burst_test,dma_burst_seq,APB4+UART
RUN-003984,reg_sweep_test-003984,Reg_Sweep,APB3,round_robin,8,6,0,odd,230400,4,0,edge,50,32,32,500,3,ACTIVE,stress,0,8,0,1,UVM_LOW,0,0,0.0,-O2 -sv,+UVM_TESTNAME=auto,r2p0,5,48,20.0,reg_sweep_test,reg_sweep_seq,APB3+UART
RUN-003985,reg_sweep_test-003985,Reg_Sweep,APB4,priority,4,4,1,none,460800,8,0,edge,25,32,16,50,2,ACTIVE,stress,0,4,1,0,UVM_MEDIUM,0,1,0.0381,-O2 -sv -assert svaext,+UVM_TESTNAME=auto -cm line+tgl,r1p2,0,96,40.0,reg_sweep_test,reg_sweep_seq,APB4+UART
RUN-003986,backpressure_test-003986,Backpressure,APB3,round_robin,16,3,2,even,115200,32,1,level,25,32,32,100,2,PASSIVE,regression,0,8,0,0,UVM_HIGH,0,0,0.0,-O2 -sv,+UVM_TESTNAME=auto,r2p0,2,384,40.0,backpressure_test,backpressure_seq,APB3+UART
RUN-003987,dma_burst_test-003987,Dma_Burst,APB3,round_robin,2,7,0,none,921600,32,1,level,100,32,16,100,3,ACTIVE,stress,0,4,1,1,UVM_HIGH,0,1,0.0038,-O2 -sv,+UVM_TESTNAME=auto -cm line+tgl,r2p0,0,384,10.0,dma_burst_test,dma_burst_seq,APB3+UART
RUN-003988,reg_sweep_test-003988,Reg_Sweep,APB3,priority,4,5,0,even,460800,16,0,level,50,32,16,50,3,ACTIVE,stress,0,4,1,1,UVM_LOW,0,1,0.0252,-O2 -sv,+UVM_TESTNAME=auto -cm line+tgl,r1p0,5,192,20.0,reg_sweep_test,reg_sweep_seq,APB3+UART
RUN-003989,uart_loopback_test-003989,Uart_Loopback,APB4,round_robin,4,2,1,even,115200,16,0,edge,25,8,16,250,1,ACTIVE,regression,0,8,1,0,UVM_LOW,1,0,0.0,-O2 -sv,+UVM_TESTNAME=auto,r1p2,10,192,40.0,uart_loopback_test,uart_loopback_seq,APB4+UART
RUN-003990,uart_loopback_test-003990,Uart_Loopback,APB4,static,4,4,2,even,115200,16,0,level,100,16,32,50,2,ACTIVE,functional,0,4,1,1,UVM_HIGH,0,0,0.0,-O2 -sv -assert svaext,+UVM_TESTNAME=auto -cm line+tgl,r1p2,3,192,10.0,uart_loopback_test,uart_loopback_seq,APB4+UART
RUN-003991,dma_burst_test-003991,Dma_Burst,APB3,priority,2,2,1,even,460800,16,1,edge,100,8,32,100,3,ACTIVE,functional,0,16,1,1,UVM_LOW,1,0,0.0,-O2 -sv,+UVM_TESTNAME=auto -cm line+tgl,r2p0,3,192,10.0,dma_burst_test,dma_burst_seq,APB3+UART
RUN-003992,uart_loopback_test-003992,Uart_Loopback,APB3,round_robin,4,2,1,even,460800,16,0,level,200,32,32,50,1,PASSIVE,functional,0,8,0,1,UVM_LOW,0,0,0.0,-O2 -sv -assert svaext,+UVM_TESTNAME=auto -cm line+tgl,r1p2,9,192,5.0,uart_loopback_test,uart_loopback_seq,APB3+UART
RUN-003993,dma_burst_test-003993,Dma_Burst,APB3,static,4,2,2,even,1500000,64,0,level,50,32,16,100,1,ACTIVE,functional,1,16,1,1,UVM_MEDIUM,0,1,0.0335,-O2 -sv,+UVM_TESTNAME=auto,r1p2,1,768,20.0,dma_burst_test,dma_burst_seq,APB3+UART
RUN-003994,reg_sweep_test-003994,Reg_Sweep,APB3,round_robin,2,1,2,none,460800,4,1,edge,200,8,32,50,3,PASSIVE,regression,0,16,0,1,UVM_LOW,0,0,0.0,-O2 -sv,+UVM_TESTNAME=auto -cm line+tgl,r1p2,2,48,5.0,reg_sweep_test,reg_sweep_seq,APB3+UART
RUN-003995,dma_burst_test-003995,Dma_Burst,APB4,static,2,6,2,none,460800,4,1,level,200,32,32,50,3,ACTIVE,functional,0,16,1,1,UVM_MEDIUM,0,0,0.0,-O2 -sv,+UVM_TESTNAME=auto,r2p0,2,48,5.0,dma_burst_test,dma_burst_seq,APB4+UART
RUN-003996,uart_loopback_test-003996,Uart_Loopback,APB4,static,4,0,2,none,460800,4,0,edge,50,32,32,250,1,ACTIVE,functional,0,16,0,1,UVM_LOW,1,1,0.0044,-O2 -sv -assert svaext,+UVM_TESTNAME=auto,r1p2,0,48,20.0,uart_loopback_test,uart_loopback_seq,APB4+UART
RUN-003997,parity_stress_test-003997,Parity_Stress,APB4,static,4,7,1,even,460800,8,1,edge,25,8,16,100,1,PASSIVE,functional,0,16,1,1,UVM_HIGH,0,1,0.0067,-O2 -sv -assert svaext,+UVM_TESTNAME=auto,r1p2,5,96,40.0,parity_stress_test,parity_stress_seq,APB4+UART
RUN-003998,irq_storm_test-003998,Irq_Storm,APB3,round_robin,2,1,1,odd,921600,32,0,level,25,32,32,250,2,ACTIVE,stress,1,8,0,0,UVM_MEDIUM,1,0,0.0,-O0 -sv -debug,+UVM_TESTNAME=auto,r1p2,7,384,40.0,irq_storm_test,irq_storm_seq,APB3+UART
RUN-003999,reg_sweep_test-003999,Reg_Sweep,APB4,priority,4,7,2,none,1500000,16,0,level,200,16,32,100,1,ACTIVE,stress,0,16,1,1,UVM_LOW,0,1,0.0129,-O2 -sv,+UVM_TESTNAME=auto,r1p0,9,192,5.0,reg_sweep_test,reg_sweep_seq,APB4+UART
RUN-004000,reset_recovery_test-004000,Reset_Recovery,APB4,priority,4,2,1,odd,921600,16,1,level,50,16,32,100,1,ACTIVE,functional,0,16,0,1,UVM_MEDIUM,1,0,0.0,-O2 -sv,+UVM_TESTNAME=auto,r1p0,1,192,20.0,reset_recovery_test,reset_recovery_seq,APB4+UART
