runId,test_id,seed,result,pass_fail,failure_class,err_code,error_id,first_error_time_ns,uvm_error_count,uvm_warning_count,uvm_fatal_count,assertion_failures,scoreboard_mismatches,execution_time_ms,throughput_mbps,sim_cycles,exit_code,verdict_source
RUN-000001,backpressure_test-000001,1994477663,FAIL,fail,BUS_STARVATION,B_ARB_0x12,BUS_STARVATION,184360,2,0,0,0,0,0.2095,3.22,5238,1,uvm_report_server
RUN-000002,uart_loopback_test-000002,1365143476,FAIL,fail,BUS_STARVATION,B_ARB_0x12,BUS_STARVATION,623216,3,0,0,0,0,0.7082,2.91,17705,1,uvm_report_server
RUN-000003,uart_loopback_test-000003,1081148320,FAIL,fail,IRQ_LOST,B_IRQ_0x45,IRQ_LOST,108328,2,0,0,0,0,0.1231,24.19,6154,1,uvm_report_server
RUN-000004,reset_recovery_test-000004,690194551,PASS,pass,NONE,,,,0,1,0,0,0,0.1479,27.19,14786,0,uvm_report_server
RUN-000005,parity_stress_test-000005,653883024,FAIL,fail,PREADY_TIMEOUT,B_APB_0x58,PREADY_TIMEOUT,70312,2,1,1,0,0,0.0799,15.77,15981,1,uvm_report_server
RUN-000006,reg_sweep_test-000006,1792005236,FAIL,fail,FRAMING_ERROR,B_UART_0x24,FRAMING_ERROR,74976,3,0,0,0,1,0.0852,3.35,4259,1,uvm_report_server
RUN-000007,reg_sweep_test-000007,505041956,FAIL,fail,FRAMING_ERROR,B_UART_0x24,FRAMING_ERROR,216656,4,0,0,1,1,0.2462,7.14,24615,1,uvm_report_server
RUN-000008,reg_sweep_test-000008,297082747,PASS,pass,NONE,,,,0,0,0,0,0,0.0719,13.79,3594,0,uvm_report_server
RUN-000009,uart_loopback_test-000009,2136726199,PASS,pass,NONE,,,,0,1,0,0,0,0.1112,35.13,11118,0,uvm_report_server
RUN-000010,reg_sweep_test-000010,649919962,PASS,pass,NONE,,,,0,1,0,0,0,0.2757,14.92,6892,0,uvm_report_server
RUN-000011,irq_storm_test-000011,536902621,FAIL,fail,FIFO_UNDERRUN,B_DMA_0x31,FIFO_UNDERRUN,87736,3,0,0,1,0,0.0997,10.5,4984,1,uvm_report_server
RUN-000012,irq_storm_test-000012,15911153,FAIL,fail,BUS_STARVATION,B_ARB_0x12,BUS_STARVATION,161304,1,1,0,0,0,0.1833,3.99,36661,1,uvm_report_server
RUN-000013,reg_sweep_test-000013,1304906936,PASS,pass,NONE,,,,0,0,0,0,0,0.1461,3.54,3651,0,uvm_report_server
RUN-000014,irq_storm_test-000014,2051099298,PASS,pass,NONE,,,,0,0,0,0,0,0.2746,3.71,13729,0,uvm_report_server
RUN-000015,reg_sweep_test-000015,1249631035,FAIL,fail,FIFO_UNDERRUN,B_DMA_0x31,FIFO_UNDERRUN,115104,1,0,0,0,0,0.1308,10.74,3269,1,uvm_report_server
RUN-000016,dma_burst_test-000016,178988917,PASS,pass,NONE,,,,0,0,0,0,0,0.8647,18.47,43236,0,uvm_report_server
RUN-000017,parity_stress_test-000017,78217397,PASS,pass,NONE,,,,0,0,0,0,0,0.0727,51.68,14545,0,uvm_report_server
RUN-000018,reset_recovery_test-000018,1487847970,PASS,pass,NONE,,,,0,0,0,0,0,0.2532,8.66,25319,0,uvm_report_server
RUN-000019,irq_storm_test-000019,2088629963,PASS,pass,NONE,,,,0,0,0,0,0,0.209,19.3,20900,0,uvm_report_server
RUN-000020,uart_loopback_test-000020,934524901,PASS,pass,NONE,,,,0,1,0,0,0,0.0664,14.79,6635,0,uvm_report_server
RUN-000021,uart_loopback_test-000021,965042309,PASS,pass,NONE,,,,0,0,0,0,0,0.0517,21.07,5174,0,uvm_report_server
RUN-000022,dma_burst_test-000022,1437000195,FAIL,fail,FRAMING_ERROR,B_UART_0x24,FRAMING_ERROR,47520,2,0,0,1,1,0.054,3.44,10800,1,uvm_report_server
RUN-000023,uart_loopback_test-000023,467319696,PASS,pass,NONE,,,,0,0,0,0,0,0.054,10.35,5397,0,uvm_report_server
RUN-000024,reset_recovery_test-000024,2066469103,PASS,pass,NONE,,,,0,0,0,0,0,0.1455,12.69,14549,0,uvm_report_server
RUN-000025,uart_loopback_test-000025,1856043471,PASS,pass,NONE,,,,0,0,0,0,0,0.061,16.7,6100,0,uvm_report_server
RUN-000026,uart_loopback_test-000026,429685346,FAIL,fail,PSLVERR_TIMEOUT,B_APB_0x55,PSLVERR_TIMEOUT,322872,2,1,1,0,0,0.3669,1.69,36687,1,uvm_report_server
RUN-000027,reset_recovery_test-000027,364609759,PASS,pass,NONE,,,,0,1,0,0,0,0.1835,45.51,18349,0,uvm_report_server
RUN-000028,uart_loopback_test-000028,2115805617,FAIL,fail,BUS_STARVATION,B_ARB_0x12,BUS_STARVATION,128920,1,1,0,0,0,0.1465,20.16,14648,1,uvm_report_server
RUN-000029,uart_loopback_test-000029,1444749762,FAIL,fail,FIFO_UNDERRUN,B_DMA_0x31,FIFO_UNDERRUN,78320,1,0,0,0,0,0.089,5.03,4449,1,uvm_report_server
RUN-000030,reg_sweep_test-000030,506970903,PASS,pass,NONE,,,,0,1,0,0,0,0.1781,6.05,4451,0,uvm_report_server
RUN-000031,dma_burst_test-000031,309405166,PASS,pass,NONE,,,,0,0,0,0,0,0.2958,13.78,7394,0,uvm_report_server
RUN-000032,uart_loopback_test-000032,851111806,PASS,pass,NONE,,,,0,1,0,0,0,0.2831,1.93,7078,0,uvm_report_server
RUN-000033,reset_recovery_test-000033,1939252542,FAIL,fail,FIFO_UNDERRUN,B_DMA_0x31,FIFO_UNDERRUN,59928,1,0,0,0,0,0.0681,0.93,3404,1,uvm_report_server
RUN-000034,uart_loopback_test-000034,498133270,PASS,pass,NONE,,,,0,1,0,0,0,0.7447,23.66,18617,0,uvm_report_server
RUN-000035,backpressure_test-000035,610915250,FAIL,fail,BUS_STARVATION,B_ARB_0x12,BUS_STARVATION,379456,2,0,0,0,0,0.4312,8.67,21561,1,uvm_report_server
RUN-000036,dma_burst_test-000036,343837892,FAIL,fail,FRAMING_ERROR,B_UART_0x24,FRAMING_ERROR,46552,2,0,0,1,1,0.0529,11.89,5292,1,uvm_report_server
RUN-000037,dma_burst_test-000037,2048333865,PASS,pass,NONE,,,,0,1,0,0,0,0.0781,26.82,15612,0,uvm_report_server
RUN-000038,parity_stress_test-000038,116268286,PASS,pass,NONE,,,,0,1,0,0,0,0.2816,31.37,14081,0,uvm_report_server
RUN-000039,reset_recovery_test-000039,1679308757,FAIL,fail,IRQ_LOST,B_IRQ_0x45,IRQ_LOST,244816,2,0,0,0,0,0.2782,5.42,6954,1,uvm_report_server
RUN-000040,reg_sweep_test-000040,1749430100,FAIL,fail,PSLVERR_TIMEOUT,B_APB_0x55,PSLVERR_TIMEOUT,169312,2,1,1,0,0,0.1924,7.42,19242,1,uvm_report_server
RUN-000041,uart_loopback_test-000041,1479435458,FAIL,fail,FIFO_UNDERRUN,B_DMA_0x31,FIFO_UNDERRUN,72248,3,1,0,0,0,0.0821,3.63,4102,1,uvm_report_server
RUN-000042,reg_sweep_test-000042,696135320,PASS,pass,NONE,,,,0,0,0,0,0,0.3518,23.07,35180,0,uvm_report_server
RUN-000043,parity_stress_test-000043,1109859003,PASS,pass,NONE,,,,0,0,0,0,0,0.1694,106.32,33877,0,uvm_report_server
RUN-000044,irq_storm_test-000044,1728034467,FAIL,fail,FRAMING_ERROR,B_UART_0x24,FRAMING_ERROR,207592,1,0,0,0,1,0.2359,2.61,11793,1,uvm_report_server
RUN-000045,dma_burst_test-000045,449059651,PASS,pass,NONE,,,,0,0,0,0,0,0.0217,12.56,4345,0,uvm_report_server
RUN-000046,reset_recovery_test-000046,2122512312,FAIL,fail,FRAMING_ERROR,B_UART_0x24,FRAMING_ERROR,243672,2,0,0,0,1,0.2769,5.48,6922,1,uvm_report_server
RUN-000047,uart_loopback_test-000047,49926152,PASS,pass,NONE,,,,0,0,0,0,0,0.0921,47.46,9205,0,uvm_report_server
RUN-000048,backpressure_test-000048,1556018083,FAIL,fail,BUS_STARVATION,B_ARB_0x12,BUS_STARVATION,161128,3,0,0,1,0,0.1831,14.58,9154,1,uvm_report_server
RUN-000049,uart_loopback_test-000049,1815798936,FAIL,fail,FIFO_UNDERRUN,B_DMA_0x31,FIFO_UNDERRUN,114224,2,0,0,1,0,0.1298,6.75,3245,1,uvm_report_server
RUN-000050,reg_sweep_test-000050,314776907,PASS,pass,NONE,,,,0,0,0,0,0,0.0896,23.06,4481,0,uvm_report_server
RUN-000051,backpressure_test-000051,1397096016,PASS,pass,NONE,,,,0,0,0,0,0,0.547,16.25,27349,0,uvm_report_server
RUN-000052,uart_loopback_test-000052,384278239,PASS,pass,NONE,,,,0,0,0,0,0,0.0782,28.73,7815,0,uvm_report_server
RUN-000053,uart_loopback_test-000053,339319995,PASS,pass,NONE,,,,0,0,0,0,0,0.0686,120.41,6862,0,uvm_report_server
RUN-000054,uart_loopback_test-000054,491820783,PASS,pass,NONE,,,,0,0,0,0,0,0.2181,4.71,5453,0,uvm_report_server
RUN-000055,uart_loopback_test-000055,775283917,PASS,pass,NONE,,,,0,0,0,0,0,0.5662,1.88,14153,0,uvm_report_server
RUN-000056,irq_storm_test-000056,1554944201,FAIL,fail,PSLVERR_TIMEOUT,B_APB_0x55,PSLVERR_TIMEOUT,436920,2,0,1,0,0,0.4965,9.9,49652,1,uvm_report_server
RUN-000057,uart_loopback_test-000057,477377038,PASS,pass,NONE,,,,0,1,0,0,0,0.0956,5.89,4780,0,uvm_report_server
RUN-000058,dma_burst_test-000058,1587314550,PASS,pass,NONE,,,,0,0,0,0,0,0.136,14.72,13596,0,uvm_report_server
RUN-000059,uart_loopback_test-000059,1599203603,PASS,pass,NONE,,,,0,0,0,0,0,0.0441,5.68,4408,0,uvm_report_server
RUN-000060,dma_burst_test-000060,1080333214,PASS,pass,NONE,,,,0,0,0,0,0,0.0635,33.64,3173,0,uvm_report_server
RUN-000061,irq_storm_test-000061,1410361674,PASS,pass,NONE,,,,0,0,0,0,0,0.2073,9.57,10363,0,uvm_report_server
RUN-000062,dma_burst_test-000062,1756356034,FAIL,fail,BUS_STARVATION,B_ARB_0x12,BUS_STARVATION,570328,3,0,0,0,0,0.6481,1.58,16202,1,uvm_report_server
RUN-000063,dma_burst_test-000063,1677472494,PASS,pass,NONE,,,,0,1,0,0,0,0.0843,10.96,8432,0,uvm_report_server
RUN-000064,parity_stress_test-000064,944535972,PASS,pass,NONE,,,,0,0,0,0,0,0.0481,41.28,9628,0,uvm_report_server
RUN-000065,reg_sweep_test-000065,1415973407,PASS,pass,NONE,,,,0,0,0,0,0,0.3488,10.63,8720,0,uvm_report_server
RUN-000066,uart_loopback_test-000066,1572005899,PASS,pass,NONE,,,,0,1,0,0,0,0.2052,10.05,10258,0,uvm_report_server
RUN-000067,irq_storm_test-000067,807773217,PASS,pass,NONE,,,,0,1,0,0,0,0.0617,36.36,12341,0,uvm_report_server
RUN-000068,irq_storm_test-000068,873906597,FAIL,fail,BUS_STARVATION,B_ARB_0x12,BUS_STARVATION,875776,3,0,0,1,0,0.9952,5.64,49759,1,uvm_report_server
RUN-000069,reg_sweep_test-000069,1618650378,FAIL,fail,BUS_STARVATION,B_ARB_0x12,BUS_STARVATION,368632,3,0,0,0,0,0.4189,1.21,20943,1,uvm_report_server
RUN-000070,uart_loopback_test-000070,1843534129,PASS,pass,NONE,,,,0,0,0,0,0,0.2263,2.21,11316,0,uvm_report_server
RUN-000071,reg_sweep_test-000071,862847913,PASS,pass,NONE,,,,0,0,0,0,0,0.4138,40.38,41384,0,uvm_report_server
RUN-000072,reg_sweep_test-000072,1741420405,PASS,pass,NONE,,,,0,0,0,0,0,0.2467,62.3,24668,0,uvm_report_server
RUN-000073,uart_loopback_test-000073,2065759418,FAIL,fail,IRQ_LOST,B_IRQ_0x45,IRQ_LOST,114312,3,0,0,1,0,0.1299,19.99,6495,1,uvm_report_server
RUN-000074,dma_burst_test-000074,1577608169,PASS,pass,NONE,,,,0,0,0,0,0,0.087,87.26,17394,0,uvm_report_server
RUN-000075,reset_recovery_test-000075,920615177,PASS,pass,NONE,,,,0,1,0,0,0,0.2037,21.54,20374,0,uvm_report_server
RUN-000076,reg_sweep_test-000076,1454795610,FAIL,fail,FIFO_UNDERRUN,B_DMA_0x31,FIFO_UNDERRUN,24992,4,0,0,1,0,0.0284,50.83,2835,1,uvm_report_server
RUN-000077,backpressure_test-000077,1454662639,PASS,pass,NONE,,,,0,1,0,0,0,0.0182,56.29,3632,0,uvm_report_server
RUN-000078,dma_burst_test-000078,1819794931,PASS,pass,NONE,,,,0,0,0,0,0,0.0208,26.42,4165,0,uvm_report_server
RUN-000079,irq_storm_test-000079,1879874040,PASS,pass,NONE,,,,0,1,0,0,0,0.1896,19.87,9479,0,uvm_report_server
RUN-000080,reg_sweep_test-000080,1243219533,FAIL,fail,PREADY_TIMEOUT,B_APB_0x58,PREADY_TIMEOUT,56848,1,1,1,0,0,0.0646,18.33,12929,1,uvm_report_server
RUN-000081,reset_recovery_test-000081,1007477001,PASS,pass,NONE,,,,0,1,0,0,0,0.0353,53.28,7068,0,uvm_report_server
RUN-000082,dma_burst_test-000082,1452937885,PASS,pass,NONE,,,,0,1,0,0,0,0.1217,18.0,12171,0,uvm_report_server
RUN-000083,dma_burst_test-000083,887197914,PASS,pass,NONE,,,,0,1,0,0,0,0.4964,4.23,12410,0,uvm_report_server
RUN-000084,irq_storm_test-000084,818897622,FAIL,fail,BUS_STARVATION,B_ARB_0x12,BUS_STARVATION,438328,3,0,0,1,0,0.4981,2.42,12451,1,uvm_report_server
RUN-000085,uart_loopback_test-000085,1218436386,PASS,pass,NONE,,,,0,0,0,0,0,0.0431,11.5,4306,0,uvm_report_server
RUN-000086,dma_burst_test-000086,510050654,PASS,pass,NONE,,,,0,0,0,0,0,0.0259,71.66,5186,0,uvm_report_server
RUN-000087,reg_sweep_test-000087,916865492,PASS,pass,NONE,,,,0,0,0,0,0,0.0485,38.35,4853,0,uvm_report_server
RUN-000088,backpressure_test-000088,1030693629,FAIL,fail,FIFO_UNDERRUN,B_DMA_0x31,FIFO_UNDERRUN,31504,2,1,0,1,0,0.0358,15.4,3584,1,uvm_report_server
RUN-000089,reg_sweep_test-000089,2040488009,PASS,pass,NONE,,,,0,0,0,0,0,0.0464,10.4,4641,0,uvm_report_server
RUN-000090,uart_loopback_test-000090,888476522,FAIL,fail,FRAMING_ERROR,B_UART_0x24,FRAMING_ERROR,95040,3,1,0,1,1,0.108,25.65,21604,1,uvm_report_server
RUN-000091,uart_loopback_test-000091,206214484,FAIL,fail,PSLVERR_TIMEOUT,B_APB_0x55,PSLVERR_TIMEOUT,201520,2,0,1,0,0,0.229,2.54,11450,1,uvm_report_server
RUN-000092,reg_sweep_test-000092,1378782008,FAIL,fail,BUS_STARVATION,B_ARB_0x12,BUS_STARVATION,97152,2,0,0,1,0,0.1104,5.5,11042,1,uvm_report_server
RUN-000093,irq_storm_test-000093,2115549120,PASS,pass,NONE,,,,0,0,0,0,0,0.1417,27.03,14172,0,uvm_report_server
RUN-000094,reg_sweep_test-000094,878627018,PASS,pass,NONE,,,,0,1,0,0,0,0.7162,2.82,17904,0,uvm_report_server
RUN-000095,backpressure_test-000095,615443963,FAIL,fail,BUS_STARVATION,B_ARB_0x12,BUS_STARVATION,237248,2,1,0,1,0,0.2696,3.02,26962,1,uvm_report_server
RUN-000096,uart_loopback_test-000096,1274255146,PASS,pass,NONE,,,,0,0,0,0,0,0.2011,19.87,20113,0,uvm_report_server
RUN-000097,parity_stress_test-000097,1151860759,PASS,pass,NONE,,,,0,0,0,0,0,0.1465,3.64,3661,0,uvm_report_server
RUN-000098,irq_storm_test-000098,183895686,FAIL,fail,FRAMING_ERROR,B_UART_0x24,FRAMING_ERROR,220880,3,0,0,1,1,0.251,5.5,12551,1,uvm_report_server
RUN-000099,reg_sweep_test-000099,1402337403,FAIL,fail,BUS_STARVATION,B_ARB_0x12,BUS_STARVATION,202840,1,0,0,0,0,0.2305,1.94,11523,1,uvm_report_server
RUN-000100,irq_storm_test-000100,1317797610,PASS,pass,NONE,,,,0,1,0,0,0,0.0342,14.79,3421,0,uvm_report_server
RUN-000101,uart_loopback_test-000101,1654899187,PASS,pass,NONE,,,,0,1,0,0,0,0.0444,46.9,8873,0,uvm_report_server
RUN-000102,dma_burst_test-000102,984364434,PASS,pass,NONE,,,,0,1,0,0,0,0.071,13.42,3550,0,uvm_report_server
RUN-000103,uart_loopback_test-000103,1384949119,PASS,pass,NONE,,,,0,0,0,0,0,0.3399,23.98,16993,0,uvm_report_server
RUN-000104,uart_loopback_test-000104,912173746,PASS,pass,NONE,,,,0,1,0,0,0,0.0497,38.1,4969,0,uvm_report_server
RUN-000105,irq_storm_test-000105,669497902,PASS,pass,NONE,,,,0,1,0,0,0,0.1524,114.46,30486,0,uvm_report_server
RUN-000106,dma_burst_test-000106,1268795592,PASS,pass,NONE,,,,0,0,0,0,0,0.1836,97.17,36717,0,uvm_report_server
RUN-000107,reg_sweep_test-000107,1884709097,PASS,pass,NONE,,,,0,0,0,0,0,0.0946,187.07,18926,0,uvm_report_server
RUN-000108,parity_stress_test-000108,1750348393,PASS,pass,NONE,,,,0,0,0,0,0,0.261,31.71,26103,0,uvm_report_server
RUN-000109,uart_loopback_test-000109,1418354792,FAIL,fail,FRAMING_ERROR,B_UART_0x24,FRAMING_ERROR,81840,2,1,0,0,1,0.093,1.71,9299,1,uvm_report_server
RUN-000110,dma_burst_test-000110,167306603,PASS,pass,NONE,,,,0,1,0,0,0,0.1431,104.45,28610,0,uvm_report_server
RUN-000111,reg_sweep_test-000111,1853603641,PASS,pass,NONE,,,,0,0,0,0,0,0.0455,85.5,9101,0,uvm_report_server
RUN-000112,dma_burst_test-000112,369170117,PASS,pass,NONE,,,,0,0,0,0,0,0.2335,17.1,23348,0,uvm_report_server
RUN-000113,reset_recovery_test-000113,497990995,FAIL,fail,FIFO_UNDERRUN,B_DMA_0x31,FIFO_UNDERRUN,15400,2,0,0,0,0,0.0175,11.88,3498,1,uvm_report_server
RUN-000114,uart_loopback_test-000114,1864799539,PASS,pass,NONE,,,,0,0,0,0,0,0.1067,20.09,5335,0,uvm_report_server
RUN-000115,reset_recovery_test-000115,1735745734,PASS,pass,NONE,,,,0,0,0,0,0,0.2283,19.23,11413,0,uvm_report_server
RUN-000116,irq_storm_test-000116,1226621501,PASS,pass,NONE,,,,0,1,0,0,0,0.1546,24.84,15462,0,uvm_report_server
RUN-000117,irq_storm_test-000117,1639331730,PASS,pass,NONE,,,,0,0,0,0,0,0.2388,34.78,23880,0,uvm_report_server
RUN-000118,parity_stress_test-000118,1284364331,FAIL,fail,BUS_STARVATION,B_ARB_0x12,BUS_STARVATION,73480,3,1,0,1,0,0.0835,4.61,8349,1,uvm_report_server
RUN-000119,dma_burst_test-000119,1554434355,FAIL,fail,PREADY_TIMEOUT,B_APB_0x58,PREADY_TIMEOUT,857032,2,0,1,0,0,0.9739,3.08,48696,1,uvm_report_server
RUN-000120,reg_sweep_test-000120,1538832457,PASS,pass,NONE,,,,0,1,0,0,0,0.0423,26.51,4232,0,uvm_report_server
RUN-000121,irq_storm_test-000121,1679926691,FAIL,fail,PREADY_TIMEOUT,B_APB_0x58,PREADY_TIMEOUT,563640,3,1,1,0,0,0.6405,8.27,32025,1,uvm_report_server
RUN-000122,irq_storm_test-000122,1481884713,FAIL,fail,PSLVERR_TIMEOUT,B_APB_0x55,PSLVERR_TIMEOUT,85008,2,0,1,0,0,0.0966,2.19,9655,1,uvm_report_server
RUN-000123,reset_recovery_test-000123,656828488,PASS,pass,NONE,,,,0,0,0,0,0,0.2074,9.84,20738,0,uvm_report_server
RUN-000124,reg_sweep_test-000124,1003677389,PASS,pass,NONE,,,,0,0,0,0,0,0.18,44.7,35995,0,uvm_report_server
RUN-000125,uart_loopback_test-000125,509335882,FAIL,fail,PSLVERR_TIMEOUT,B_APB_0x55,PSLVERR_TIMEOUT,96096,2,0,1,0,0,0.1092,1.73,10917,1,uvm_report_server
RUN-000126,parity_stress_test-000126,2042052406,PASS,pass,NONE,,,,0,0,0,0,0,0.7022,23.19,35110,0,uvm_report_server
RUN-000127,irq_storm_test-000127,785541415,FAIL,fail,BUS_STARVATION,B_ARB_0x12,BUS_STARVATION,267696,3,0,0,1,0,0.3042,0.48,7604,1,uvm_report_server
RUN-000128,uart_loopback_test-000128,1130141222,FAIL,fail,FRAMING_ERROR,B_UART_0x24,FRAMING_ERROR,202664,1,1,0,0,1,0.2303,10.67,23033,1,uvm_report_server
RUN-000129,dma_burst_test-000129,823972999,PASS,pass,NONE,,,,0,1,0,0,0,0.3763,45.8,37626,0,uvm_report_server
RUN-000130,dma_burst_test-000130,1728588069,PASS,pass,NONE,,,,0,1,0,0,0,0.0693,13.9,3464,0,uvm_report_server
RUN-000131,reg_sweep_test-000131,1790059022,PASS,pass,NONE,,,,0,0,0,0,0,0.1223,33.86,12230,0,uvm_report_server
RUN-000132,irq_storm_test-000132,706780235,PASS,pass,NONE,,,,0,0,0,0,0,0.0805,13.42,4024,0,uvm_report_server
RUN-000133,reg_sweep_test-000133,1776557561,PASS,pass,NONE,,,,0,0,0,0,0,0.1874,23.85,9367,0,uvm_report_server
RUN-000134,reg_sweep_test-000134,1289461176,PASS,pass,NONE,,,,0,0,0,0,0,0.2213,36.68,22128,0,uvm_report_server
RUN-000135,uart_loopback_test-000135,1412500762,PASS,pass,NONE,,,,0,1,0,0,0,0.3837,20.44,9591,0,uvm_report_server
RUN-000136,dma_burst_test-000136,492664184,PASS,pass,NONE,,,,0,0,0,0,0,0.1513,29.01,7563,0,uvm_report_server
RUN-000137,irq_storm_test-000137,1588552635,PASS,pass,NONE,,,,0,0,0,0,0,0.1209,16.88,24185,0,uvm_report_server
RUN-000138,parity_stress_test-000138,1188488034,FAIL,fail,BUS_STARVATION,B_ARB_0x12,BUS_STARVATION,58608,4,0,0,1,0,0.0666,2.43,13327,1,uvm_report_server
RUN-000139,uart_loopback_test-000139,934566779,FAIL,fail,BUS_STARVATION,B_ARB_0x12,BUS_STARVATION,180224,1,0,0,0,0,0.2048,11.31,20484,1,uvm_report_server
RUN-000140,reg_sweep_test-000140,1601066103,PASS,pass,NONE,,,,0,1,0,0,0,0.1091,8.81,10912,0,uvm_report_server
RUN-000141,reg_sweep_test-000141,208356777,PASS,pass,NONE,,,,0,1,0,0,0,0.124,120.83,24790,0,uvm_report_server
RUN-000142,reg_sweep_test-000142,20381392,PASS,pass,NONE,,,,0,0,0,0,0,0.0781,94.43,7812,0,uvm_report_server
RUN-000143,reg_sweep_test-000143,1469359334,PASS,pass,NONE,,,,0,0,0,0,0,0.399,38.11,39895,0,uvm_report_server
RUN-000144,uart_loopback_test-000144,1791828400,FAIL,fail,FIFO_UNDERRUN,B_DMA_0x31,FIFO_UNDERRUN,41888,2,0,0,0,0,0.0476,18.05,4757,1,uvm_report_server
RUN-000145,parity_stress_test-000145,159255617,PASS,pass,NONE,,,,0,0,0,0,0,0.0357,6.87,3570,0,uvm_report_server
RUN-000146,reset_recovery_test-000146,1208040151,FAIL,fail,PSLVERR_TIMEOUT,B_APB_0x55,PSLVERR_TIMEOUT,1167760,3,0,1,1,0,1.327,2.22,66351,1,uvm_report_server
RUN-000147,reg_sweep_test-000147,479847067,PASS,pass,NONE,,,,0,1,0,0,0,0.0441,6.3,4414,0,uvm_report_server
RUN-000148,reset_recovery_test-000148,1622422596,PASS,pass,NONE,,,,0,1,0,0,0,0.0444,24.45,4437,0,uvm_report_server
RUN-000149,reg_sweep_test-000149,1677889639,PASS,pass,NONE,,,,0,0,0,0,0,0.1823,97.79,36455,0,uvm_report_server
RUN-000150,backpressure_test-000150,1594411365,PASS,pass,NONE,,,,0,1,0,0,0,0.7757,5.15,19392,0,uvm_report_server
RUN-000151,uart_loopback_test-000151,1171406124,PASS,pass,NONE,,,,0,0,0,0,0,0.4722,4.49,11804,0,uvm_report_server
RUN-000152,uart_loopback_test-000152,2060825729,PASS,pass,NONE,,,,0,1,0,0,0,0.3575,23.08,17875,0,uvm_report_server
RUN-000153,uart_loopback_test-000153,2104665573,PASS,pass,NONE,,,,0,0,0,0,0,0.3998,10.1,9994,0,uvm_report_server
RUN-000154,irq_storm_test-000154,2135433519,PASS,pass,NONE,,,,0,0,0,0,0,0.3137,6.82,7842,0,uvm_report_server
RUN-000155,parity_stress_test-000155,1498964826,FAIL,fail,PSLVERR_TIMEOUT,B_APB_0x55,PSLVERR_TIMEOUT,338976,2,0,1,0,0,0.3852,4.85,77035,1,uvm_report_server
RUN-000156,reset_recovery_test-000156,262438362,PASS,pass,NONE,,,,0,0,0,0,0,0.1475,13.55,7376,0,uvm_report_server
RUN-000157,reset_recovery_test-000157,1136596354,PASS,pass,NONE,,,,0,1,0,0,0,0.0985,4.98,4923,0,uvm_report_server
RUN-000158,irq_storm_test-000158,245974295,PASS,pass,NONE,,,,0,0,0,0,0,0.0428,177.48,8555,0,uvm_report_server
RUN-000159,parity_stress_test-000159,1744086455,PASS,pass,NONE,,,,0,0,0,0,0,0.0922,11.18,4609,0,uvm_report_server
RUN-000160,reset_recovery_test-000160,661485138,PASS,pass,NONE,,,,0,1,0,0,0,0.2463,4.36,6156,0,uvm_report_server
RUN-000161,irq_storm_test-000161,2132967150,FAIL,fail,FIFO_UNDERRUN,B_DMA_0x31,FIFO_UNDERRUN,63624,2,1,0,0,0,0.0723,7.88,7230,1,uvm_report_server
RUN-000162,reset_recovery_test-000162,857152390,FAIL,fail,FRAMING_ERROR,B_UART_0x24,FRAMING_ERROR,79728,3,1,0,1,1,0.0906,1.65,4532,1,uvm_report_server
RUN-000163,reg_sweep_test-000163,314369756,PASS,pass,NONE,,,,0,0,0,0,0,0.3376,50.54,33759,0,uvm_report_server
RUN-000164,uart_loopback_test-000164,627746377,FAIL,fail,FIFO_UNDERRUN,B_DMA_0x31,FIFO_UNDERRUN,27192,3,0,0,0,0,0.0309,6.72,6188,1,uvm_report_server
RUN-000165,parity_stress_test-000165,1229935797,PASS,pass,NONE,,,,0,0,0,0,0,0.2827,13.17,14132,0,uvm_report_server
RUN-000166,reg_sweep_test-000166,1320127481,FAIL,fail,BUS_STARVATION,B_ARB_0x12,BUS_STARVATION,58256,3,0,0,0,0,0.0662,2.36,13236,1,uvm_report_server
RUN-000167,reg_sweep_test-000167,1502645170,FAIL,fail,PSLVERR_TIMEOUT,B_APB_0x55,PSLVERR_TIMEOUT,298232,3,1,1,1,0,0.3389,1.74,33891,1,uvm_report_server
RUN-000168,dma_burst_test-000168,769005849,FAIL,fail,PREADY_TIMEOUT,B_APB_0x58,PREADY_TIMEOUT,1395680,3,0,1,0,0,1.586,1.29,39650,1,uvm_report_server
RUN-000169,backpressure_test-000169,888730495,PASS,pass,NONE,,,,0,0,0,0,0,0.1064,71.27,10635,0,uvm_report_server
RUN-000170,irq_storm_test-000170,1846264861,PASS,pass,NONE,,,,0,1,0,0,0,0.3258,3.09,8144,0,uvm_report_server
RUN-000171,irq_storm_test-000171,289724187,PASS,pass,NONE,,,,0,1,0,0,0,0.1664,52.1,33286,0,uvm_report_server
RUN-000172,backpressure_test-000172,454771164,PASS,pass,NONE,,,,0,1,0,0,0,0.0569,8.52,5686,0,uvm_report_server
RUN-000173,reset_recovery_test-000173,1497104257,PASS,pass,NONE,,,,0,1,0,0,0,0.0624,17.11,3119,0,uvm_report_server
RUN-000174,reg_sweep_test-000174,1142802713,PASS,pass,NONE,,,,0,1,0,0,0,0.1491,26.38,14912,0,uvm_report_server
RUN-000175,reset_recovery_test-000175,898826164,FAIL,fail,FIFO_UNDERRUN,B_DMA_0x31,FIFO_UNDERRUN,119856,3,1,0,1,0,0.1362,7.99,6810,1,uvm_report_server
RUN-000176,irq_storm_test-000176,1602665833,FAIL,fail,PSLVERR_TIMEOUT,B_APB_0x55,PSLVERR_TIMEOUT,258544,3,1,1,1,0,0.2938,10.67,58768,1,uvm_report_server
RUN-000177,reset_recovery_test-000177,743552699,PASS,pass,NONE,,,,0,1,0,0,0,0.2312,8.99,5780,0,uvm_report_server
RUN-000178,dma_burst_test-000178,116431935,PASS,pass,NONE,,,,0,1,0,0,0,0.3506,2.84,8764,0,uvm_report_server
RUN-000179,uart_loopback_test-000179,902186723,PASS,pass,NONE,,,,0,1,0,0,0,0.0143,16.09,2869,0,uvm_report_server
RUN-000180,reg_sweep_test-000180,1588053051,PASS,pass,NONE,,,,0,0,0,0,0,0.0879,95.01,17589,0,uvm_report_server
RUN-000181,backpressure_test-000181,486073760,FAIL,fail,FRAMING_ERROR,B_UART_0x24,FRAMING_ERROR,326128,1,0,0,0,1,0.3706,3.56,18528,1,uvm_report_server
RUN-000182,reg_sweep_test-000182,419682869,FAIL,fail,IRQ_LOST,B_IRQ_0x45,IRQ_LOST,60544,1,0,0,0,0,0.0688,4.64,3442,1,uvm_report_server
RUN-000183,reset_recovery_test-000183,1890107997,PASS,pass,NONE,,,,0,1,0,0,0,0.1479,26.88,7396,0,uvm_report_server
RUN-000184,reg_sweep_test-000184,1307474942,PASS,pass,NONE,,,,0,1,0,0,0,0.2154,9.37,5384,0,uvm_report_server
RUN-000185,reg_sweep_test-000185,635101445,PASS,pass,NONE,,,,0,0,0,0,0,0.0983,38.15,19650,0,uvm_report_server
RUN-000186,backpressure_test-000186,243040776,PASS,pass,NONE,,,,0,0,0,0,0,0.0271,36.91,5414,0,uvm_report_server
RUN-000187,irq_storm_test-000187,1061909267,FAIL,fail,PREADY_TIMEOUT,B_APB_0x58,PREADY_TIMEOUT,237600,3,1,1,0,0,0.27,1.65,13500,1,uvm_report_server
RUN-000188,reg_sweep_test-000188,1631050272,FAIL,fail,PREADY_TIMEOUT,B_APB_0x58,PREADY_TIMEOUT,252648,1,0,1,0,0,0.2871,5.66,28713,1,uvm_report_server
RUN-000189,reg_sweep_test-000189,1869364346,PASS,pass,NONE,,,,0,0,0,0,0,0.4422,18.73,22110,0,uvm_report_server
RUN-000190,uart_loopback_test-000190,526006453,PASS,pass,NONE,,,,0,0,0,0,0,0.1358,57.63,6790,0,uvm_report_server
RUN-000191,reset_recovery_test-000191,2114959849,FAIL,fail,FRAMING_ERROR,B_UART_0x24,FRAMING_ERROR,722920,2,0,0,0,1,0.8215,3.24,41075,1,uvm_report_server
RUN-000192,dma_burst_test-000192,112369263,PASS,pass,NONE,,,,0,0,0,0,0,0.0542,74.49,5416,0,uvm_report_server
RUN-000193,backpressure_test-000193,137754072,PASS,pass,NONE,,,,0,0,0,0,0,0.1368,16.08,13678,0,uvm_report_server
RUN-000194,parity_stress_test-000194,281632911,PASS,pass,NONE,,,,0,1,0,0,0,0.1217,138.09,24347,0,uvm_report_server
RUN-000195,reset_recovery_test-000195,1951741375,FAIL,fail,FRAMING_ERROR,B_UART_0x24,FRAMING_ERROR,38632,3,1,0,0,1,0.0439,28.53,4388,1,uvm_report_server
RUN-000196,parity_stress_test-000196,1653848612,FAIL,fail,PSLVERR_TIMEOUT,B_APB_0x55,PSLVERR_TIMEOUT,150656,2,0,1,0,0,0.1712,3.56,34239,1,uvm_report_server
RUN-000197,dma_burst_test-000197,1830429369,FAIL,fail,FIFO_UNDERRUN,B_DMA_0x31,FIFO_UNDERRUN,191400,1,1,0,0,0,0.2175,1.71,5437,1,uvm_report_server
RUN-000198,parity_stress_test-000198,114663425,FAIL,fail,FRAMING_ERROR,B_UART_0x24,FRAMING_ERROR,38896,3,0,0,0,1,0.0442,7.69,4419,1,uvm_report_server
RUN-000199,reg_sweep_test-000199,2072655218,PASS,pass,NONE,,,,0,0,0,0,0,0.0879,46.31,8789,0,uvm_report_server
RUN-000200,reg_sweep_test-000200,1610410352,FAIL,fail,BUS_STARVATION,B_ARB_0x12,BUS_STARVATION,101640,3,1,0,1,0,0.1155,30.28,23091,1,uvm_report_server
RUN-000201,backpressure_test-000201,2035959893,FAIL,fail,BUS_STARVATION,B_ARB_0x12,BUS_STARVATION,957704,4,0,0,1,0,1.0883,2.26,27207,1,uvm_report_server
RUN-000202,parity_stress_test-000202,1396791629,FAIL,fail,PREADY_TIMEOUT,B_APB_0x58,PREADY_TIMEOUT,377872,1,1,1,0,0,0.4294,0.81,10733,1,uvm_report_server
RUN-000203,irq_storm_test-000203,2038241292,PASS,pass,NONE,,,,0,0,0,0,0,0.0573,17.61,2863,0,uvm_report_server
RUN-000204,irq_storm_test-000204,606185222,FAIL,fail,BUS_STARVATION,B_ARB_0x12,BUS_STARVATION,156552,3,0,0,1,0,0.1779,10.36,8896,1,uvm_report_server
RUN-000205,reset_recovery_test-000205,419222836,PASS,pass,NONE,,,,0,0,0,0,0,2.2518,3.82,56294,0,uvm_report_server
RUN-000206,uart_loopback_test-000206,201421828,PASS,pass,NONE,,,,0,0,0,0,0,0.0489,39.64,9787,0,uvm_report_server
RUN-000207,reset_recovery_test-000207,1999811424,PASS,pass,NONE,,,,0,1,0,0,0,0.0609,73.66,12176,0,uvm_report_server
RUN-000208,reg_sweep_test-000208,1149336427,PASS,pass,NONE,,,,0,1,0,0,0,0.4232,37.79,42324,0,uvm_report_server
RUN-000209,uart_loopback_test-000209,219589161,PASS,pass,NONE,,,,0,1,0,0,0,0.2331,4.6,11656,0,uvm_report_server
RUN-000210,reset_recovery_test-000210,234168940,PASS,pass,NONE,,,,0,1,0,0,0,0.0679,3.96,3396,0,uvm_report_server
RUN-000211,irq_storm_test-000211,1231209906,PASS,pass,NONE,,,,0,0,0,0,0,0.1242,32.54,12415,0,uvm_report_server
RUN-000212,reset_recovery_test-000212,206236646,FAIL,fail,PREADY_TIMEOUT,B_APB_0x58,PREADY_TIMEOUT,834944,2,0,1,0,0,0.9488,1.55,47441,1,uvm_report_server
RUN-000213,dma_burst_test-000213,886784009,FAIL,fail,BUS_STARVATION,B_ARB_0x12,BUS_STARVATION,472032,3,0,0,0,0,0.5364,2.41,26819,1,uvm_report_server
RUN-000214,reg_sweep_test-000214,1467674012,FAIL,fail,FIFO_UNDERRUN,B_DMA_0x31,FIFO_UNDERRUN,116248,4,0,0,1,0,0.1321,1.7,3302,1,uvm_report_server
RUN-000215,irq_storm_test-000215,883417629,FAIL,fail,BUS_STARVATION,B_ARB_0x12,BUS_STARVATION,48840,2,0,0,0,0,0.0555,8.53,5546,1,uvm_report_server
RUN-000216,irq_storm_test-000216,516601495,PASS,pass,NONE,,,,0,0,0,0,0,0.063,68.39,6304,0,uvm_report_server
RUN-000217,reg_sweep_test-000217,664105443,FAIL,fail,FRAMING_ERROR,B_UART_0x24,FRAMING_ERROR,37400,3,0,0,0,1,0.0425,4.02,4254,1,uvm_report_server
RUN-000218,irq_storm_test-000218,167219930,PASS,pass,NONE,,,,0,1,0,0,0,0.4052,1.38,10128,0,uvm_report_server
RUN-000219,backpressure_test-000219,233307725,PASS,pass,NONE,,,,0,0,0,0,0,0.2428,17.01,12142,0,uvm_report_server
RUN-000220,parity_stress_test-000220,454452643,PASS,pass,NONE,,,,0,0,0,0,0,0.537,16.38,26848,0,uvm_report_server
RUN-000221,backpressure_test-000221,1767046499,PASS,pass,NONE,,,,0,0,0,0,0,0.1289,14.86,6443,0,uvm_report_server
RUN-000222,irq_storm_test-000222,745811590,FAIL,fail,METASTABILITY,B_CDC_0x62,METASTABILITY,93984,4,1,0,1,0,0.1068,16.46,21359,1,uvm_report_server
RUN-000223,backpressure_test-000223,806769249,PASS,pass,NONE,,,,0,1,0,0,0,0.438,4.58,10949,0,uvm_report_server
RUN-000224,dma_burst_test-000224,652638239,PASS,pass,NONE,,,,0,0,0,0,0,0.3403,10.84,34031,0,uvm_report_server
RUN-000225,irq_storm_test-000225,2008766247,PASS,pass,NONE,,,,0,0,0,0,0,0.7656,5.71,19139,0,uvm_report_server
RUN-000226,dma_burst_test-000226,1173481548,PASS,pass,NONE,,,,0,0,0,0,0,0.1685,11.35,4212,0,uvm_report_server
RUN-000227,irq_storm_test-000227,1662277483,PASS,pass,NONE,,,,0,0,0,0,0,0.2376,17.98,11881,0,uvm_report_server
RUN-000228,irq_storm_test-000228,974866841,FAIL,fail,BUS_STARVATION,B_ARB_0x12,BUS_STARVATION,1010856,3,0,0,1,0,1.1487,0.4,28718,1,uvm_report_server
RUN-000229,backpressure_test-000229,1239604426,FAIL,fail,FIFO_UNDERRUN,B_DMA_0x31,FIFO_UNDERRUN,166408,3,1,0,1,0,0.1891,1.56,4727,1,uvm_report_server
RUN-000230,reset_recovery_test-000230,175924606,FAIL,fail,BUS_STARVATION,B_ARB_0x12,BUS_STARVATION,184888,2,0,0,1,0,0.2101,22.87,21007,1,uvm_report_server
RUN-000231,reg_sweep_test-000231,1893984455,PASS,pass,NONE,,,,0,0,0,0,0,0.1793,11.82,17932,0,uvm_report_server
RUN-000232,uart_loopback_test-000232,24441041,FAIL,fail,FIFO_UNDERRUN,B_DMA_0x31,FIFO_UNDERRUN,62656,1,0,0,0,0,0.0712,3.46,7119,1,uvm_report_server
RUN-000233,uart_loopback_test-000233,23147034,PASS,pass,NONE,,,,0,1,0,0,0,0.4691,9.18,11728,0,uvm_report_server
RUN-000234,parity_stress_test-000234,2074974365,PASS,pass,NONE,,,,0,1,0,0,0,0.0642,69.97,12835,0,uvm_report_server
RUN-000235,irq_storm_test-000235,852714148,FAIL,fail,PSLVERR_TIMEOUT,B_APB_0x55,PSLVERR_TIMEOUT,58784,3,0,1,1,0,0.0668,9.05,13356,1,uvm_report_server
RUN-000236,reg_sweep_test-000236,370937275,PASS,pass,NONE,,,,0,0,0,0,0,0.1237,33.2,12374,0,uvm_report_server
RUN-000237,uart_loopback_test-000237,1209138783,FAIL,fail,PSLVERR_TIMEOUT,B_APB_0x55,PSLVERR_TIMEOUT,82192,2,0,1,0,0,0.0934,2.84,9338,1,uvm_report_server
RUN-000238,backpressure_test-000238,1670291482,PASS,pass,NONE,,,,0,0,0,0,0,0.0165,123.58,3290,0,uvm_report_server
RUN-000239,uart_loopback_test-000239,850240577,FAIL,fail,BUS_STARVATION,B_ARB_0x12,BUS_STARVATION,145552,4,1,0,1,0,0.1654,1.56,8268,1,uvm_report_server
RUN-000240,backpressure_test-000240,3724414,FAIL,fail,FRAMING_ERROR,B_UART_0x24,FRAMING_ERROR,63712,1,1,0,0,1,0.0724,4.65,3618,1,uvm_report_server
RUN-000241,parity_stress_test-000241,1800971334,FAIL,fail,PREADY_TIMEOUT,B_APB_0x58,PREADY_TIMEOUT,286880,2,0,1,0,0,0.326,6.48,32604,1,uvm_report_server
RUN-000242,parity_stress_test-000242,25000323,FAIL,fail,BUS_STARVATION,B_ARB_0x12,BUS_STARVATION,268136,3,0,0,0,0,0.3047,5.95,30468,1,uvm_report_server
RUN-000243,dma_burst_test-000243,611855267,FAIL,fail,FRAMING_ERROR,B_UART_0x24,FRAMING_ERROR,34936,2,0,0,0,1,0.0397,25.74,3973,1,uvm_report_server
RUN-000244,uart_loopback_test-000244,137135055,PASS,pass,NONE,,,,0,0,0,0,0,0.0756,52.62,15115,0,uvm_report_server
RUN-000245,reg_sweep_test-000245,2120265907,PASS,pass,NONE,,,,0,0,0,0,0,0.379,11.08,18948,0,uvm_report_server
RUN-000246,reg_sweep_test-000246,290694170,PASS,pass,NONE,,,,0,0,0,0,0,0.5431,29.62,54314,0,uvm_report_server
RUN-000247,reg_sweep_test-000247,2130166181,PASS,pass,NONE,,,,0,1,0,0,0,0.0899,89.81,8990,0,uvm_report_server
RUN-000248,reset_recovery_test-000248,48243160,PASS,pass,NONE,,,,0,1,0,0,0,1.0176,16.42,50879,0,uvm_report_server
RUN-000249,uart_loopback_test-000249,609209219,FAIL,fail,PSLVERR_TIMEOUT,B_APB_0x55,PSLVERR_TIMEOUT,304128,2,1,1,0,0,0.3456,6.17,34560,1,uvm_report_server
RUN-000250,uart_loopback_test-000250,1738446686,PASS,pass,NONE,,,,0,0,0,0,0,0.6493,12.1,16232,0,uvm_report_server
RUN-000251,reset_recovery_test-000251,303928932,PASS,pass,NONE,,,,0,0,0,0,0,0.0275,36.48,2747,0,uvm_report_server
RUN-000252,reg_sweep_test-000252,823832098,PASS,pass,NONE,,,,0,0,0,0,0,0.162,50.0,16198,0,uvm_report_server
RUN-000253,reg_sweep_test-000253,218776564,PASS,pass,NONE,,,,0,0,0,0,0,0.1356,30.52,13558,0,uvm_report_server
RUN-000254,uart_loopback_test-000254,931197726,PASS,pass,NONE,,,,0,0,0,0,0,0.4227,10.32,21136,0,uvm_report_server
RUN-000255,reset_recovery_test-000255,951888290,PASS,pass,NONE,,,,0,0,0,0,0,0.469,8.87,46902,0,uvm_report_server
RUN-000256,reg_sweep_test-000256,58956169,PASS,pass,NONE,,,,0,0,0,0,0,0.4229,20.96,42288,0,uvm_report_server
RUN-000257,uart_loopback_test-000257,2046736295,FAIL,fail,IRQ_LOST,B_IRQ_0x45,IRQ_LOST,83776,2,1,0,0,0,0.0952,1.59,4760,1,uvm_report_server
RUN-000258,parity_stress_test-000258,2082461512,PASS,pass,NONE,,,,0,0,0,0,0,0.0201,50.41,4011,0,uvm_report_server
RUN-000259,reset_recovery_test-000259,472937715,FAIL,fail,PREADY_TIMEOUT,B_APB_0x58,PREADY_TIMEOUT,60192,1,0,1,0,0,0.0684,4.62,13670,1,uvm_report_server
RUN-000260,backpressure_test-000260,1882617226,PASS,pass,NONE,,,,0,0,0,0,0,0.1197,16.94,11974,0,uvm_report_server
RUN-000261,reg_sweep_test-000261,964212715,PASS,pass,NONE,,,,0,0,0,0,0,1.1101,7.33,27751,0,uvm_report_server
RUN-000262,backpressure_test-000262,590656955,PASS,pass,NONE,,,,0,1,0,0,0,0.0252,38.39,5044,0,uvm_report_server
RUN-000263,parity_stress_test-000263,1384063718,PASS,pass,NONE,,,,0,1,0,0,0,0.0981,39.64,9811,0,uvm_report_server
RUN-000264,backpressure_test-000264,1236921704,PASS,pass,NONE,,,,0,0,0,0,0,0.1477,6.89,7386,0,uvm_report_server
RUN-000265,irq_storm_test-000265,460149587,PASS,pass,NONE,,,,0,0,0,0,0,0.0219,46.42,4380,0,uvm_report_server
RUN-000266,backpressure_test-000266,92529574,PASS,pass,NONE,,,,0,0,0,0,0,0.0216,23.07,4322,0,uvm_report_server
RUN-000267,reset_recovery_test-000267,1634563989,FAIL,fail,FRAMING_ERROR,B_UART_0x24,FRAMING_ERROR,97240,1,0,0,0,1,0.1105,80.58,22093,1,uvm_report_server
RUN-000268,dma_burst_test-000268,8061398,PASS,pass,NONE,,,,0,0,0,0,0,0.1878,10.28,18775,0,uvm_report_server
RUN-000269,backpressure_test-000269,1639910528,FAIL,fail,BUS_STARVATION,B_ARB_0x12,BUS_STARVATION,122232,2,0,0,0,0,0.1389,6.56,27778,1,uvm_report_server
RUN-000270,irq_storm_test-000270,2032075509,PASS,pass,NONE,,,,0,0,0,0,0,0.1515,27.0,15150,0,uvm_report_server
RUN-000271,irq_storm_test-000271,1483294314,PASS,pass,NONE,,,,0,0,0,0,0,0.0937,43.38,9365,0,uvm_report_server
RUN-000272,dma_burst_test-000272,1258649762,FAIL,fail,BUS_STARVATION,B_ARB_0x12,BUS_STARVATION,154088,2,0,0,1,0,0.1751,3.96,17508,1,uvm_report_server
RUN-000273,dma_burst_test-000273,628584681,PASS,pass,NONE,,,,0,1,0,0,0,0.2833,28.58,28334,0,uvm_report_server
RUN-000274,reg_sweep_test-000274,703314125,PASS,pass,NONE,,,,0,1,0,0,0,0.0441,11.08,4413,0,uvm_report_server
RUN-000275,reset_recovery_test-000275,1209222015,PASS,pass,NONE,,,,0,0,0,0,0,1.0818,8.18,54087,0,uvm_report_server
RUN-000276,irq_storm_test-000276,2022688028,PASS,pass,NONE,,,,0,1,0,0,0,0.0524,167.76,10486,0,uvm_report_server
RUN-000277,irq_storm_test-000277,1441038881,FAIL,fail,BUS_STARVATION,B_ARB_0x12,BUS_STARVATION,102168,2,0,0,0,0,0.1161,7.96,23220,1,uvm_report_server
RUN-000278,uart_loopback_test-000278,1334069642,PASS,pass,NONE,,,,0,0,0,0,0,0.0651,7.9,6505,0,uvm_report_server
RUN-000279,irq_storm_test-000279,1444445926,PASS,pass,NONE,,,,0,1,0,0,0,0.1367,3.74,3417,0,uvm_report_server
RUN-000280,reg_sweep_test-000280,1155123104,FAIL,fail,FRAMING_ERROR,B_UART_0x24,FRAMING_ERROR,123288,2,0,0,1,1,0.1401,4.09,3502,1,uvm_report_server
RUN-000281,dma_burst_test-000281,1470209347,PASS,pass,NONE,,,,0,1,0,0,0,0.0741,13.17,14818,0,uvm_report_server
RUN-000282,irq_storm_test-000282,1812879635,PASS,pass,NONE,,,,0,0,0,0,0,1.0591,3.56,26478,0,uvm_report_server
RUN-000283,uart_loopback_test-000283,1081366985,FAIL,fail,BUS_STARVATION,B_ARB_0x12,BUS_STARVATION,169136,1,0,0,0,0,0.1922,6.15,9611,1,uvm_report_server
RUN-000284,uart_loopback_test-000284,1665528943,PASS,pass,NONE,,,,0,1,0,0,0,0.1499,56.84,29970,0,uvm_report_server
RUN-000285,irq_storm_test-000285,499911444,PASS,pass,NONE,,,,0,0,0,0,0,0.3949,9.81,19742,0,uvm_report_server
RUN-000286,reg_sweep_test-000286,950180912,PASS,pass,NONE,,,,0,0,0,0,0,0.035,59.93,3502,0,uvm_report_server
RUN-000287,reg_sweep_test-000287,1066210057,FAIL,fail,PSLVERR_TIMEOUT,B_APB_0x55,PSLVERR_TIMEOUT,553872,2,0,1,0,0,0.6294,0.53,15734,1,uvm_report_server
RUN-000288,reg_sweep_test-000288,1626194021,PASS,pass,NONE,,,,0,0,0,0,0,0.0979,22.31,4894,0,uvm_report_server
RUN-000289,uart_loopback_test-000289,1621609288,FAIL,fail,BUS_STARVATION,B_ARB_0x12,BUS_STARVATION,466136,2,0,0,0,0,0.5297,0.23,13241,1,uvm_report_server
RUN-000290,parity_stress_test-000290,629642679,FAIL,fail,BUS_STARVATION,B_ARB_0x12,BUS_STARVATION,177232,4,0,0,1,0,0.2014,16.47,40273,1,uvm_report_server
RUN-000291,reset_recovery_test-000291,1752638205,PASS,pass,NONE,,,,0,1,0,0,0,0.1247,1.89,3117,0,uvm_report_server
RUN-000292,dma_burst_test-000292,1409914531,PASS,pass,NONE,,,,0,0,0,0,0,0.1178,33.98,11778,0,uvm_report_server
RUN-000293,backpressure_test-000293,1404911106,PASS,pass,NONE,,,,0,0,0,0,0,0.0368,105.49,7368,0,uvm_report_server
RUN-000294,dma_burst_test-000294,1802131894,PASS,pass,NONE,,,,0,0,0,0,0,0.3249,25.1,32492,0,uvm_report_server
RUN-000295,backpressure_test-000295,1919062830,PASS,pass,NONE,,,,0,1,0,0,0,0.1432,1.84,3580,0,uvm_report_server
RUN-000296,backpressure_test-000296,65578684,PASS,pass,NONE,,,,0,0,0,0,0,0.1105,4.36,5522,0,uvm_report_server
RUN-000297,reg_sweep_test-000297,839072811,PASS,pass,NONE,,,,0,0,0,0,0,0.0495,87.46,9894,0,uvm_report_server
RUN-000298,irq_storm_test-000298,732912870,PASS,pass,NONE,,,,0,0,0,0,0,1.4234,5.23,35584,0,uvm_report_server
RUN-000299,uart_loopback_test-000299,1602158013,FAIL,fail,FIFO_UNDERRUN,B_DMA_0x31,FIFO_UNDERRUN,31504,2,0,0,0,0,0.0358,8.22,3584,1,uvm_report_server
RUN-000300,parity_stress_test-000300,885186585,FAIL,fail,PSLVERR_TIMEOUT,B_APB_0x55,PSLVERR_TIMEOUT,562232,2,0,1,0,0,0.6389,4.18,63894,1,uvm_report_server
RUN-000301,irq_storm_test-000301,1322084258,FAIL,fail,BUS_STARVATION,B_ARB_0x12,BUS_STARVATION,80344,1,0,0,0,0,0.0913,4.87,18269,1,uvm_report_server
RUN-000302,parity_stress_test-000302,257016355,PASS,pass,NONE,,,,0,0,0,0,0,0.0166,57.4,3311,0,uvm_report_server
RUN-000303,reset_recovery_test-000303,481915683,FAIL,fail,PREADY_TIMEOUT,B_APB_0x58,PREADY_TIMEOUT,297088,1,0,1,0,0,0.3376,3.84,16879,1,uvm_report_server
RUN-000304,dma_burst_test-000304,1277271574,PASS,pass,NONE,,,,0,1,0,0,0,0.8232,9.96,41158,0,uvm_report_server
RUN-000305,reset_recovery_test-000305,1798709073,PASS,pass,NONE,,,,0,0,0,0,0,0.1968,44.64,9839,0,uvm_report_server
RUN-000306,parity_stress_test-000306,625518336,FAIL,fail,PSLVERR_TIMEOUT,B_APB_0x55,PSLVERR_TIMEOUT,262064,3,0,1,1,0,0.2978,2.13,14888,1,uvm_report_server
RUN-000307,uart_loopback_test-000307,404042910,PASS,pass,NONE,,,,0,0,0,0,0,0.0455,96.02,9105,0,uvm_report_server
RUN-000308,dma_burst_test-000308,2051800501,PASS,pass,NONE,,,,0,0,0,0,0,1.0884,3.98,27209,0,uvm_report_server
RUN-000309,reg_sweep_test-000309,1665713067,PASS,pass,NONE,,,,0,0,0,0,0,0.2622,15.15,13111,0,uvm_report_server
RUN-000310,dma_burst_test-000310,269840714,PASS,pass,NONE,,,,0,0,0,0,0,0.0575,9.0,5752,0,uvm_report_server
RUN-000311,dma_burst_test-000311,815903270,PASS,pass,NONE,,,,0,1,0,0,0,0.0209,22.57,4173,0,uvm_report_server
RUN-000312,dma_burst_test-000312,881674143,PASS,pass,NONE,,,,0,0,0,0,0,0.1046,8.87,10460,0,uvm_report_server
RUN-000313,reg_sweep_test-000313,1902415910,PASS,pass,NONE,,,,0,0,0,0,0,0.0799,48.42,15975,0,uvm_report_server
RUN-000314,irq_storm_test-000314,1518494546,FAIL,fail,IRQ_LOST,B_IRQ_0x45,IRQ_LOST,243584,2,1,0,0,0,0.2768,6.05,6918,1,uvm_report_server
RUN-000315,dma_burst_test-000315,1807384611,PASS,pass,NONE,,,,0,0,0,0,0,0.0545,40.61,5449,0,uvm_report_server
RUN-000316,dma_burst_test-000316,237042591,PASS,pass,NONE,,,,0,1,0,0,0,0.3637,11.03,36373,0,uvm_report_server
RUN-000317,backpressure_test-000317,237889913,PASS,pass,NONE,,,,0,1,0,0,0,0.5999,6.49,14996,0,uvm_report_server
RUN-000318,dma_burst_test-000318,811239307,FAIL,fail,IRQ_LOST,B_IRQ_0x45,IRQ_LOST,350064,2,0,0,0,0,0.3978,3.07,9944,1,uvm_report_server
RUN-000319,reg_sweep_test-000319,1604757989,PASS,pass,NONE,,,,0,0,0,0,0,0.5277,4.04,26387,0,uvm_report_server
RUN-000320,dma_burst_test-000320,1724267781,PASS,pass,NONE,,,,0,0,0,0,0,0.0469,20.07,4685,0,uvm_report_server
RUN-000321,reset_recovery_test-000321,460037351,PASS,pass,NONE,,,,0,1,0,0,0,0.0819,22.96,8191,0,uvm_report_server
RUN-000322,uart_loopback_test-000322,1072170924,PASS,pass,NONE,,,,0,0,0,0,0,0.0287,36.76,5735,0,uvm_report_server
RUN-000323,reg_sweep_test-000323,1158237740,PASS,pass,NONE,,,,0,0,0,0,0,0.0289,31.93,5789,0,uvm_report_server
RUN-000324,reg_sweep_test-000324,358060099,PASS,pass,NONE,,,,0,0,0,0,0,0.6107,26.65,61070,0,uvm_report_server
RUN-000325,irq_storm_test-000325,533601519,PASS,pass,NONE,,,,0,0,0,0,0,0.0644,32.37,6442,0,uvm_report_server
RUN-000326,uart_loopback_test-000326,686395313,FAIL,fail,PREADY_TIMEOUT,B_APB_0x58,PREADY_TIMEOUT,267960,3,0,1,1,0,0.3045,2.72,15224,1,uvm_report_server
RUN-000327,uart_loopback_test-000327,1647619845,PASS,pass,NONE,,,,0,0,0,0,0,0.3822,9.76,19111,0,uvm_report_server
RUN-000328,reset_recovery_test-000328,309076108,FAIL,fail,BUS_STARVATION,B_ARB_0x12,BUS_STARVATION,471504,1,0,0,0,0,0.5358,3.9,13394,1,uvm_report_server
RUN-000329,reset_recovery_test-000329,150459501,FAIL,fail,BUS_STARVATION,B_ARB_0x12,BUS_STARVATION,285120,3,1,0,1,0,0.324,7.84,16202,1,uvm_report_server
RUN-000330,uart_loopback_test-000330,1186558392,PASS,pass,NONE,,,,0,0,0,0,0,0.3126,6.28,7815,0,uvm_report_server
RUN-000331,reg_sweep_test-000331,2105749513,PASS,pass,NONE,,,,0,0,0,0,0,0.1603,11.64,8013,0,uvm_report_server
RUN-000332,uart_loopback_test-000332,1326946085,FAIL,fail,BUS_STARVATION,B_ARB_0x12,BUS_STARVATION,130064,3,0,0,0,0,0.1478,5.2,14782,1,uvm_report_server
RUN-000333,parity_stress_test-000333,1530788407,PASS,pass,NONE,,,,0,0,0,0,0,0.3517,12.16,17582,0,uvm_report_server
RUN-000334,reg_sweep_test-000334,1969923585,PASS,pass,NONE,,,,0,0,0,0,0,0.3319,23.12,33194,0,uvm_report_server
RUN-000335,backpressure_test-000335,306697386,PASS,pass,NONE,,,,0,1,0,0,0,0.1947,20.03,19474,0,uvm_report_server
RUN-000336,parity_stress_test-000336,1544127006,PASS,pass,NONE,,,,0,0,0,0,0,0.0953,10.74,4762,0,uvm_report_server
RUN-000337,uart_loopback_test-000337,382630814,PASS,pass,NONE,,,,0,0,0,0,0,0.0354,55.06,7086,0,uvm_report_server
RUN-000338,reg_sweep_test-000338,234310758,PASS,pass,NONE,,,,0,0,0,0,0,0.5386,7.05,26930,0,uvm_report_server
RUN-000339,reset_recovery_test-000339,1679859164,FAIL,fail,FRAMING_ERROR,B_UART_0x24,FRAMING_ERROR,16368,3,0,0,0,1,0.0186,33.16,3726,1,uvm_report_server
RUN-000340,reg_sweep_test-000340,1100359408,FAIL,fail,IRQ_LOST,B_IRQ_0x45,IRQ_LOST,367048,3,1,0,1,0,0.4171,2.46,10428,1,uvm_report_server
RUN-000341,backpressure_test-000341,1132477036,FAIL,fail,PREADY_TIMEOUT,B_APB_0x58,PREADY_TIMEOUT,843480,4,0,1,1,0,0.9585,2.3,23961,1,uvm_report_server
RUN-000342,parity_stress_test-000342,1711866200,PASS,pass,NONE,,,,0,0,0,0,0,0.0595,37.38,5947,0,uvm_report_server
RUN-000343,dma_burst_test-000343,601803685,PASS,pass,NONE,,,,0,0,0,0,0,0.073,30.04,7299,0,uvm_report_server
RUN-000344,reg_sweep_test-000344,1871283123,FAIL,fail,PSLVERR_TIMEOUT,B_APB_0x55,PSLVERR_TIMEOUT,231880,3,0,1,1,0,0.2635,1.23,26349,1,uvm_report_server
RUN-000345,irq_storm_test-000345,1365017322,PASS,pass,NONE,,,,0,0,0,0,0,0.0221,179.57,4420,0,uvm_report_server
RUN-000346,backpressure_test-000346,581923223,FAIL,fail,FRAMING_ERROR,B_UART_0x24,FRAMING_ERROR,244200,3,1,0,0,1,0.2775,4.71,6937,1,uvm_report_server
RUN-000347,dma_burst_test-000347,457971814,PASS,pass,NONE,,,,0,1,0,0,0,0.3417,43.63,34165,0,uvm_report_server
RUN-000348,dma_burst_test-000348,1398559513,PASS,pass,NONE,,,,0,0,0,0,0,0.5364,16.79,26818,0,uvm_report_server
RUN-000349,dma_burst_test-000349,267197641,PASS,pass,NONE,,,,0,1,0,0,0,0.0539,70.04,5391,0,uvm_report_server
RUN-000350,backpressure_test-000350,637981731,FAIL,fail,BUS_STARVATION,B_ARB_0x12,BUS_STARVATION,188936,3,0,0,1,0,0.2147,2.78,21472,1,uvm_report_server
RUN-000351,uart_loopback_test-000351,703105631,PASS,pass,NONE,,,,0,0,0,0,0,0.8935,8.42,22337,0,uvm_report_server
RUN-000352,irq_storm_test-000352,401414592,PASS,pass,NONE,,,,0,0,0,0,0,0.1886,5.05,4714,0,uvm_report_server
RUN-000353,reg_sweep_test-000353,1617466345,PASS,pass,NONE,,,,0,0,0,0,0,0.0812,12.09,8119,0,uvm_report_server
RUN-000354,backpressure_test-000354,1066164604,FAIL,fail,PSLVERR_TIMEOUT,B_APB_0x55,PSLVERR_TIMEOUT,213840,2,0,1,0,0,0.243,3.28,24302,1,uvm_report_server
RUN-000355,backpressure_test-000355,875764128,FAIL,fail,IRQ_LOST,B_IRQ_0x45,IRQ_LOST,465344,4,0,0,1,0,0.5288,4.38,26441,1,uvm_report_server
RUN-000356,reg_sweep_test-000356,1604057844,PASS,pass,NONE,,,,0,0,0,0,0,0.026,160.09,5200,0,uvm_report_server
RUN-000357,uart_loopback_test-000357,1012974771,PASS,pass,NONE,,,,0,0,0,0,0,0.351,5.96,8774,0,uvm_report_server
RUN-000358,uart_loopback_test-000358,814546920,FAIL,fail,BUS_STARVATION,B_ARB_0x12,BUS_STARVATION,388432,2,0,0,0,0,0.4414,2.8,22067,1,uvm_report_server
RUN-000359,uart_loopback_test-000359,184799776,PASS,pass,NONE,,,,0,1,0,0,0,0.3284,27.08,32843,0,uvm_report_server
RUN-000360,uart_loopback_test-000360,1691389458,PASS,pass,NONE,,,,0,0,0,0,0,0.2135,41.91,21346,0,uvm_report_server
RUN-000361,backpressure_test-000361,1094427208,PASS,pass,NONE,,,,0,0,0,0,0,0.3892,9.52,19458,0,uvm_report_server
RUN-000362,reg_sweep_test-000362,1378683396,PASS,pass,NONE,,,,0,1,0,0,0,0.1749,47.65,17490,0,uvm_report_server
RUN-000363,reg_sweep_test-000363,832051120,PASS,pass,NONE,,,,0,1,0,0,0,0.0478,174.64,9569,0,uvm_report_server
RUN-000364,backpressure_test-000364,2142557914,PASS,pass,NONE,,,,0,0,0,0,0,0.3763,11.02,37633,0,uvm_report_server
RUN-000365,reg_sweep_test-000365,881500959,PASS,pass,NONE,,,,0,1,0,0,0,0.2311,34.96,11555,0,uvm_report_server
RUN-000366,reset_recovery_test-000366,820346191,PASS,pass,NONE,,,,0,1,0,0,0,0.0755,24.49,7546,0,uvm_report_server
RUN-000367,reset_recovery_test-000367,718646297,FAIL,fail,PSLVERR_TIMEOUT,B_APB_0x55,PSLVERR_TIMEOUT,511280,3,0,1,1,0,0.581,4.71,29048,1,uvm_report_server
RUN-000368,reset_recovery_test-000368,469405446,FAIL,fail,BUS_STARVATION,B_ARB_0x12,BUS_STARVATION,246400,2,0,0,1,0,0.28,8.65,28003,1,uvm_report_server
RUN-000369,irq_storm_test-000369,287768176,PASS,pass,NONE,,,,0,0,0,0,0,0.4828,15.46,24141,0,uvm_report_server
RUN-000370,reg_sweep_test-000370,441761148,PASS,pass,NONE,,,,0,0,0,0,0,0.2183,71.2,43650,0,uvm_report_server
RUN-000371,parity_stress_test-000371,130644023,PASS,pass,NONE,,,,0,1,0,0,0,0.0946,46.16,9458,0,uvm_report_server
RUN-000372,reg_sweep_test-000372,1767258289,FAIL,fail,PSLVERR_TIMEOUT,B_APB_0x55,PSLVERR_TIMEOUT,2079616,3,0,1,1,0,2.3632,0.44,59079,1,uvm_report_server
RUN-000373,reg_sweep_test-000373,1297487405,PASS,pass,NONE,,,,0,0,0,0,0,0.1468,27.59,14675,0,uvm_report_server
RUN-000374,irq_storm_test-000374,1640899357,PASS,pass,NONE,,,,0,0,0,0,0,0.3264,12.59,8160,0,uvm_report_server
RUN-000375,parity_stress_test-000375,1913195023,PASS,pass,NONE,,,,0,0,0,0,0,1.1237,7.59,28091,0,uvm_report_server
RUN-000376,uart_loopback_test-000376,1524780515,FAIL,fail,FRAMING_ERROR,B_UART_0x24,FRAMING_ERROR,42504,3,0,0,1,1,0.0483,9.1,4830,1,uvm_report_server
RUN-000377,backpressure_test-000377,1005815562,PASS,pass,NONE,,,,0,0,0,0,0,0.1289,57.24,12894,0,uvm_report_server
RUN-000378,dma_burst_test-000378,875341491,PASS,pass,NONE,,,,0,1,0,0,0,0.0655,16.48,3277,0,uvm_report_server
RUN-000379,reg_sweep_test-000379,1028100125,FAIL,fail,PREADY_TIMEOUT,B_APB_0x58,PREADY_TIMEOUT,476432,2,1,1,0,0,0.5414,1.73,27069,1,uvm_report_server
RUN-000380,irq_storm_test-000380,1953644064,PASS,pass,NONE,,,,0,0,0,0,0,0.6079,14.79,30394,0,uvm_report_server
RUN-000381,parity_stress_test-000381,1676451421,FAIL,fail,BUS_STARVATION,B_ARB_0x12,BUS_STARVATION,30800,3,1,0,0,0,0.035,6.66,7005,1,uvm_report_server
RUN-000382,backpressure_test-000382,419222166,FAIL,fail,BUS_STARVATION,B_ARB_0x12,BUS_STARVATION,561440,2,0,0,1,0,0.638,4.3,63804,1,uvm_report_server
RUN-000383,backpressure_test-000383,185049704,PASS,pass,NONE,,,,0,0,0,0,0,0.1274,28.93,12743,0,uvm_report_server
RUN-000384,irq_storm_test-000384,1390197669,PASS,pass,NONE,,,,0,0,0,0,0,0.1451,27.4,14513,0,uvm_report_server
RUN-000385,reg_sweep_test-000385,1358212124,FAIL,fail,FIFO_UNDERRUN,B_DMA_0x31,FIFO_UNDERRUN,246840,1,0,0,0,0,0.2805,1.75,7012,1,uvm_report_server
RUN-000386,dma_burst_test-000386,1034609711,PASS,pass,NONE,,,,0,0,0,0,0,0.0718,31.02,3592,0,uvm_report_server
RUN-000387,uart_loopback_test-000387,892603859,FAIL,fail,PREADY_TIMEOUT,B_APB_0x58,PREADY_TIMEOUT,670032,1,0,1,0,0,0.7614,3.2,19035,1,uvm_report_server
RUN-000388,irq_storm_test-000388,325281993,FAIL,fail,IRQ_LOST,B_IRQ_0x45,IRQ_LOST,564696,3,0,0,1,0,0.6417,5.37,16042,1,uvm_report_server
RUN-000389,irq_storm_test-000389,659754545,PASS,pass,NONE,,,,0,0,0,0,0,0.0796,25.26,15925,0,uvm_report_server
RUN-000390,reg_sweep_test-000390,351286885,PASS,pass,NONE,,,,0,0,0,0,0,0.2307,16.32,46140,0,uvm_report_server
RUN-000391,dma_burst_test-000391,815447591,FAIL,fail,FRAMING_ERROR,B_UART_0x24,FRAMING_ERROR,49544,3,0,0,0,1,0.0563,8.17,11255,1,uvm_report_server
RUN-000392,backpressure_test-000392,605417463,PASS,pass,NONE,,,,0,0,0,0,0,0.028,17.49,2796,0,uvm_report_server
RUN-000393,uart_loopback_test-000393,228107375,PASS,pass,NONE,,,,0,0,0,0,0,0.061,33.78,6099,0,uvm_report_server
RUN-000394,irq_storm_test-000394,148053215,PASS,pass,NONE,,,,0,1,0,0,0,0.182,11.55,9101,0,uvm_report_server
RUN-000395,uart_loopback_test-000395,2022829239,PASS,pass,NONE,,,,0,0,0,0,0,0.0625,4.27,6249,0,uvm_report_server
RUN-000396,reg_sweep_test-000396,1078293241,PASS,pass,NONE,,,,0,1,0,0,0,1.1935,3.54,29838,0,uvm_report_server
RUN-000397,reg_sweep_test-000397,1156259528,PASS,pass,NONE,,,,0,0,0,0,0,0.1348,1.99,3370,0,uvm_report_server
RUN-000398,reg_sweep_test-000398,1465485962,PASS,pass,NONE,,,,0,0,0,0,0,0.4832,4.16,24162,0,uvm_report_server
RUN-000399,reg_sweep_test-000399,1845553280,PASS,pass,NONE,,,,0,0,0,0,0,0.0861,10.84,17218,0,uvm_report_server
RUN-000400,backpressure_test-000400,1139755328,FAIL,fail,FIFO_UNDERRUN,B_DMA_0x31,FIFO_UNDERRUN,270688,2,0,0,1,0,0.3076,0.86,7689,1,uvm_report_server
RUN-000401,reg_sweep_test-000401,1905255533,PASS,pass,NONE,,,,0,0,0,0,0,0.5065,33.3,25326,0,uvm_report_server
RUN-000402,reset_recovery_test-000402,641193675,PASS,pass,NONE,,,,0,1,0,0,0,0.357,2.76,8925,0,uvm_report_server
RUN-000403,backpressure_test-000403,896815853,PASS,pass,NONE,,,,0,0,0,0,0,0.0823,22.93,8232,0,uvm_report_server
RUN-000404,backpressure_test-000404,518012333,PASS,pass,NONE,,,,0,0,0,0,0,0.0267,41.2,5342,0,uvm_report_server
RUN-000405,backpressure_test-000405,488352812,PASS,pass,NONE,,,,0,0,0,0,0,0.147,28.95,14697,0,uvm_report_server
RUN-000406,parity_stress_test-000406,1974364766,PASS,pass,NONE,,,,0,1,0,0,0,0.1662,12.23,16620,0,uvm_report_server
RUN-000407,irq_storm_test-000407,1182176354,PASS,pass,NONE,,,,0,0,0,0,0,0.5653,7.03,14131,0,uvm_report_server
RUN-000408,uart_loopback_test-000408,2145258779,PASS,pass,NONE,,,,0,0,0,0,0,0.2954,14.09,59076,0,uvm_report_server
RUN-000409,backpressure_test-000409,1685693568,FAIL,fail,FRAMING_ERROR,B_UART_0x24,FRAMING_ERROR,137808,2,0,0,1,1,0.1566,10.76,15658,1,uvm_report_server
RUN-000410,reg_sweep_test-000410,2092618631,PASS,pass,NONE,,,,0,0,0,0,0,0.2191,4.74,10954,0,uvm_report_server
RUN-000411,uart_loopback_test-000411,847542214,PASS,pass,NONE,,,,0,0,0,0,0,0.5155,7.81,51551,0,uvm_report_server
RUN-000412,reg_sweep_test-000412,951370877,FAIL,fail,PSLVERR_TIMEOUT,B_APB_0x55,PSLVERR_TIMEOUT,336336,2,1,1,0,0,0.3822,1.81,19108,1,uvm_report_server
RUN-000413,parity_stress_test-000413,1234092293,PASS,pass,NONE,,,,0,0,0,0,0,0.2299,35.01,22990,0,uvm_report_server
RUN-000414,uart_loopback_test-000414,822743755,PASS,pass,NONE,,,,0,1,0,0,0,0.6189,3.16,30942,0,uvm_report_server
RUN-000415,reset_recovery_test-000415,1705352011,PASS,pass,NONE,,,,0,1,0,0,0,0.274,3.93,13699,0,uvm_report_server
RUN-000416,reset_recovery_test-000416,2055023058,FAIL,fail,BUS_STARVATION,B_ARB_0x12,BUS_STARVATION,286704,4,1,0,1,0,0.3258,0.29,8145,1,uvm_report_server
RUN-000417,dma_burst_test-000417,1551999727,FAIL,fail,FRAMING_ERROR,B_UART_0x24,FRAMING_ERROR,44704,4,0,0,1,1,0.0508,13.22,5080,1,uvm_report_server
RUN-000418,backpressure_test-000418,453680853,PASS,pass,NONE,,,,0,1,0,0,0,0.1959,80.54,39177,0,uvm_report_server
RUN-000419,uart_loopback_test-000419,1044359812,PASS,pass,NONE,,,,0,0,0,0,0,0.1777,49.08,17773,0,uvm_report_server
RUN-000420,dma_burst_test-000420,2002716166,PASS,pass,NONE,,,,0,1,0,0,0,0.2387,3.87,11934,0,uvm_report_server
RUN-000421,parity_stress_test-000421,111897381,FAIL,fail,IRQ_LOST,B_IRQ_0x45,IRQ_LOST,177232,3,0,0,0,0,0.2014,2.99,5033,1,uvm_report_server
RUN-000422,parity_stress_test-000422,327379530,PASS,pass,NONE,,,,0,1,0,0,0,0.5222,16.28,13054,0,uvm_report_server
RUN-000423,reg_sweep_test-000423,1378371425,PASS,pass,NONE,,,,0,0,0,0,0,0.2753,32.61,27531,0,uvm_report_server
RUN-000424,reset_recovery_test-000424,1057003788,PASS,pass,NONE,,,,0,0,0,0,0,0.1036,21.59,10361,0,uvm_report_server
RUN-000425,reset_recovery_test-000425,1033568342,PASS,pass,NONE,,,,0,1,0,0,0,0.5989,7.34,14971,0,uvm_report_server
RUN-000426,dma_burst_test-000426,961556917,FAIL,fail,PREADY_TIMEOUT,B_APB_0x58,PREADY_TIMEOUT,298408,2,0,1,0,0,0.3391,4.45,33914,1,uvm_report_server
RUN-000427,reg_sweep_test-000427,2085069831,FAIL,fail,FIFO_UNDERRUN,B_DMA_0x31,FIFO_UNDERRUN,32208,3,0,0,0,0,0.0366,5.58,7316,1,uvm_report_server
RUN-000428,dma_burst_test-000428,1105074638,FAIL,fail,PSLVERR_TIMEOUT,B_APB_0x55,PSLVERR_TIMEOUT,1270456,3,0,1,1,0,1.4437,2.01,72186,1,uvm_report_server
RUN-000429,backpressure_test-000429,1780573170,PASS,pass,NONE,,,,0,0,0,0,0,0.7362,5.75,36811,0,uvm_report_server
RUN-000430,reg_sweep_test-000430,849741887,PASS,pass,NONE,,,,0,1,0,0,0,0.7795,4.86,19487,0,uvm_report_server
RUN-000431,irq_storm_test-000431,960773584,PASS,pass,NONE,,,,0,0,0,0,0,0.0544,19.65,5438,0,uvm_report_server
RUN-000432,parity_stress_test-000432,1940584998,FAIL,fail,PSLVERR_TIMEOUT,B_APB_0x55,PSLVERR_TIMEOUT,585288,2,0,1,0,0,0.6651,1.86,16626,1,uvm_report_server
RUN-000433,reg_sweep_test-000433,567210938,FAIL,fail,METASTABILITY,B_CDC_0x62,METASTABILITY,51128,4,1,0,1,0,0.0581,15.67,11621,1,uvm_report_server
RUN-000434,backpressure_test-000434,1629550923,FAIL,fail,FRAMING_ERROR,B_UART_0x24,FRAMING_ERROR,84832,2,0,0,0,1,0.0964,1.97,4818,1,uvm_report_server
RUN-000435,dma_burst_test-000435,1509917067,FAIL,fail,FRAMING_ERROR,B_UART_0x24,FRAMING_ERROR,33000,1,0,0,0,1,0.0375,13.81,7500,1,uvm_report_server
RUN-000436,backpressure_test-000436,486998017,PASS,pass,NONE,,,,0,1,0,0,0,0.2172,5.13,5431,0,uvm_report_server
RUN-000437,irq_storm_test-000437,482589057,PASS,pass,NONE,,,,0,0,0,0,0,0.0449,43.2,8972,0,uvm_report_server
RUN-000438,dma_burst_test-000438,483502375,PASS,pass,NONE,,,,0,0,0,0,0,0.0694,13.94,6940,0,uvm_report_server
RUN-000439,dma_burst_test-000439,1336342712,PASS,pass,NONE,,,,0,0,0,0,0,0.3296,12.9,16481,0,uvm_report_server
RUN-000440,reg_sweep_test-000440,1095806019,PASS,pass,NONE,,,,0,1,0,0,0,0.067,33.06,6699,0,uvm_report_server
RUN-000441,backpressure_test-000441,420754156,PASS,pass,NONE,,,,0,0,0,0,0,0.6796,11.24,16988,0,uvm_report_server
RUN-000442,uart_loopback_test-000442,36557252,FAIL,fail,FRAMING_ERROR,B_UART_0x24,FRAMING_ERROR,1250832,3,1,0,0,1,1.4214,5.45,35535,1,uvm_report_server
RUN-000443,parity_stress_test-000443,1043720903,FAIL,fail,FIFO_UNDERRUN,B_DMA_0x31,FIFO_UNDERRUN,52272,3,0,0,0,0,0.0594,11.75,5935,1,uvm_report_server
RUN-000444,reset_recovery_test-000444,195124674,PASS,pass,NONE,,,,0,0,0,0,0,0.0875,21.84,8745,0,uvm_report_server
RUN-000445,reg_sweep_test-000445,1122412362,PASS,pass,NONE,,,,0,0,0,0,0,0.1145,16.43,11446,0,uvm_report_server
RUN-000446,parity_stress_test-000446,1352275958,PASS,pass,NONE,,,,0,0,0,0,0,0.1045,83.47,20893,0,uvm_report_server
RUN-000447,dma_burst_test-000447,970467195,PASS,pass,NONE,,,,0,0,0,0,0,0.0878,51.27,8783,0,uvm_report_server
RUN-000448,backpressure_test-000448,564196463,PASS,pass,NONE,,,,0,1,0,0,0,0.0304,32.11,3040,0,uvm_report_server
RUN-000449,parity_stress_test-000449,659252641,PASS,pass,NONE,,,,0,0,0,0,0,0.1131,39.22,11308,0,uvm_report_server
RUN-000450,uart_loopback_test-000450,2144973182,FAIL,fail,FIFO_UNDERRUN,B_DMA_0x31,FIFO_UNDERRUN,22616,4,1,0,1,0,0.0257,20.73,5141,1,uvm_report_server
RUN-000451,uart_loopback_test-000451,1629916604,FAIL,fail,PREADY_TIMEOUT,B_APB_0x58,PREADY_TIMEOUT,444312,2,0,1,0,0,0.5049,7.37,50493,1,uvm_report_server
RUN-000452,reset_recovery_test-000452,112313053,PASS,pass,NONE,,,,0,1,0,0,0,1.4937,2.58,37343,0,uvm_report_server
RUN-000453,irq_storm_test-000453,273347559,PASS,pass,NONE,,,,0,0,0,0,0,0.0888,10.55,8881,0,uvm_report_server
RUN-000454,dma_burst_test-000454,974817444,PASS,pass,NONE,,,,0,0,0,0,0,0.1058,19.07,5288,0,uvm_report_server
RUN-000455,dma_burst_test-000455,1448246479,PASS,pass,NONE,,,,0,0,0,0,0,0.2653,29.6,26528,0,uvm_report_server
RUN-000456,backpressure_test-000456,1887000902,PASS,pass,NONE,,,,0,1,0,0,0,0.2262,35.0,11308,0,uvm_report_server
RUN-000457,uart_loopback_test-000457,573472669,FAIL,fail,FIFO_UNDERRUN,B_DMA_0x31,FIFO_UNDERRUN,91256,1,0,0,0,0,0.1037,6.34,5182,1,uvm_report_server
RUN-000458,reg_sweep_test-000458,2006822035,PASS,pass,NONE,,,,0,0,0,0,0,0.4716,37.29,23582,0,uvm_report_server
RUN-000459,uart_loopback_test-000459,1647744990,PASS,pass,NONE,,,,0,1,0,0,0,0.0284,32.53,5688,0,uvm_report_server
RUN-000460,reset_recovery_test-000460,655936894,PASS,pass,NONE,,,,0,0,0,0,0,0.1233,17.13,12334,0,uvm_report_server
RUN-000461,uart_loopback_test-000461,682642081,PASS,pass,NONE,,,,0,0,0,0,0,0.0994,38.04,4968,0,uvm_report_server
RUN-000462,uart_loopback_test-000462,2085126099,FAIL,fail,IRQ_LOST,B_IRQ_0x45,IRQ_LOST,376640,1,0,0,0,0,0.428,3.02,10699,1,uvm_report_server
RUN-000463,dma_burst_test-000463,1008570654,PASS,pass,NONE,,,,0,1,0,0,0,0.0531,37.81,5311,0,uvm_report_server
RUN-000464,irq_storm_test-000464,358663223,PASS,pass,NONE,,,,0,0,0,0,0,0.2286,17.13,11432,0,uvm_report_server
RUN-000465,parity_stress_test-000465,149091310,FAIL,fail,PSLVERR_TIMEOUT,B_APB_0x55,PSLVERR_TIMEOUT,124344,3,0,1,1,0,0.1413,3.1,14133,1,uvm_report_server
RUN-000466,irq_storm_test-000466,1799926048,PASS,pass,NONE,,,,0,0,0,0,0,0.388,19.11,19398,0,uvm_report_server
RUN-000467,reg_sweep_test-000467,1842618338,PASS,pass,NONE,,,,0,0,0,0,0,0.0657,30.51,6568,0,uvm_report_server
RUN-000468,reset_recovery_test-000468,42926065,PASS,pass,NONE,,,,0,0,0,0,0,0.1002,42.68,10023,0,uvm_report_server
RUN-000469,irq_storm_test-000469,315193903,PASS,pass,NONE,,,,0,0,0,0,0,0.1021,20.26,5103,0,uvm_report_server
RUN-000470,irq_storm_test-000470,607301538,PASS,pass,NONE,,,,0,0,0,0,0,0.3643,5.72,9107,0,uvm_report_server
RUN-000471,reg_sweep_test-000471,840564220,PASS,pass,NONE,,,,0,0,0,0,0,0.1677,22.07,16767,0,uvm_report_server
RUN-000472,uart_loopback_test-000472,1427294385,PASS,pass,NONE,,,,0,0,0,0,0,0.0468,42.53,9350,0,uvm_report_server
RUN-000473,irq_storm_test-000473,791883164,FAIL,fail,PREADY_TIMEOUT,B_APB_0x58,PREADY_TIMEOUT,251152,2,0,1,1,0,0.2854,2.19,14272,1,uvm_report_server
RUN-000474,uart_loopback_test-000474,203763423,PASS,pass,NONE,,,,0,0,0,0,0,0.1196,36.35,11956,0,uvm_report_server
RUN-000475,reset_recovery_test-000475,213315924,FAIL,fail,PSLVERR_TIMEOUT,B_APB_0x55,PSLVERR_TIMEOUT,1876424,2,1,1,0,0,2.1323,2.15,106617,1,uvm_report_server
RUN-000476,uart_loopback_test-000476,1278358612,FAIL,fail,FRAMING_ERROR,B_UART_0x24,FRAMING_ERROR,225456,2,1,0,0,1,0.2562,3.55,6404,1,uvm_report_server
RUN-000477,backpressure_test-000477,771859212,FAIL,fail,BUS_STARVATION,B_ARB_0x12,BUS_STARVATION,153736,1,0,0,0,0,0.1747,4.3,17470,1,uvm_report_server
RUN-000478,backpressure_test-000478,953700282,PASS,pass,NONE,,,,0,0,0,0,0,0.2058,40.54,20582,0,uvm_report_server
RUN-000479,uart_loopback_test-000479,1496142940,PASS,pass,NONE,,,,0,1,0,0,0,0.037,227.61,7402,0,uvm_report_server
RUN-000480,irq_storm_test-000480,1345144763,PASS,pass,NONE,,,,0,1,0,0,0,0.7767,4.84,19417,0,uvm_report_server
RUN-000481,parity_stress_test-000481,1655843698,PASS,pass,NONE,,,,0,1,0,0,0,0.2295,18.74,5736,0,uvm_report_server
RUN-000482,uart_loopback_test-000482,1425356585,PASS,pass,NONE,,,,0,0,0,0,0,0.0894,23.91,8944,0,uvm_report_server
RUN-000483,reset_recovery_test-000483,342006304,PASS,pass,NONE,,,,0,1,0,0,0,0.0885,11.33,4425,0,uvm_report_server
RUN-000484,irq_storm_test-000484,296222121,FAIL,fail,BUS_STARVATION,B_ARB_0x12,BUS_STARVATION,1372624,2,0,0,0,0,1.5598,0.74,38994,1,uvm_report_server
RUN-000485,uart_loopback_test-000485,51469760,PASS,pass,NONE,,,,0,0,0,0,0,0.2362,15.8,47247,0,uvm_report_server
RUN-000486,dma_burst_test-000486,1843729446,PASS,pass,NONE,,,,0,0,0,0,0,0.0768,28.87,7682,0,uvm_report_server
RUN-000487,reg_sweep_test-000487,162930194,PASS,pass,NONE,,,,0,1,0,0,0,0.4456,4.53,11139,0,uvm_report_server
RUN-000488,irq_storm_test-000488,2093944996,PASS,pass,NONE,,,,0,0,0,0,0,0.0967,39.5,19345,0,uvm_report_server
RUN-000489,irq_storm_test-000489,1192143318,FAIL,fail,FRAMING_ERROR,B_UART_0x24,FRAMING_ERROR,86680,2,0,0,1,1,0.0985,4.82,4925,1,uvm_report_server
RUN-000490,reset_recovery_test-000490,1231305035,PASS,pass,NONE,,,,0,0,0,0,0,0.0834,11.11,8338,0,uvm_report_server
RUN-000491,backpressure_test-000491,2064298206,FAIL,fail,FRAMING_ERROR,B_UART_0x24,FRAMING_ERROR,55264,4,0,0,1,1,0.0628,23.37,6281,1,uvm_report_server
RUN-000492,reg_sweep_test-000492,1902241364,FAIL,fail,FRAMING_ERROR,B_UART_0x24,FRAMING_ERROR,877096,1,1,0,0,1,0.9967,5.33,49833,1,uvm_report_server
RUN-000493,backpressure_test-000493,27354898,FAIL,fail,BUS_STARVATION,B_ARB_0x12,BUS_STARVATION,230824,3,1,0,1,0,0.2623,2.15,13115,1,uvm_report_server
RUN-000494,uart_loopback_test-000494,1907126430,PASS,pass,NONE,,,,0,0,0,0,0,0.3091,13.28,15453,0,uvm_report_server
RUN-000495,uart_loopback_test-000495,1045552177,PASS,pass,NONE,,,,0,1,0,0,0,0.0809,25.12,8089,0,uvm_report_server
RUN-000496,parity_stress_test-000496,307587275,FAIL,fail,BUS_STARVATION,B_ARB_0x12,BUS_STARVATION,340120,1,0,0,0,0,0.3865,11.84,19323,1,uvm_report_server
RUN-000497,parity_stress_test-000497,2005684129,PASS,pass,NONE,,,,0,1,0,0,0,0.0371,7.2,3710,0,uvm_report_server
RUN-000498,uart_loopback_test-000498,2025891902,FAIL,fail,PREADY_TIMEOUT,B_APB_0x58,PREADY_TIMEOUT,336512,1,0,1,0,0,0.3824,10.36,38242,1,uvm_report_server
RUN-000499,reg_sweep_test-000499,379202586,FAIL,fail,BUS_STARVATION,B_ARB_0x12,BUS_STARVATION,1273184,4,1,0,1,0,1.4468,0.68,36170,1,uvm_report_server
RUN-000500,dma_burst_test-000500,691743040,PASS,pass,NONE,,,,0,0,0,0,0,0.0406,107.33,8129,0,uvm_report_server
RUN-000501,dma_burst_test-000501,1366017059,PASS,pass,NONE,,,,0,0,0,0,0,0.3277,13.74,16387,0,uvm_report_server
RUN-000502,parity_stress_test-000502,379205591,PASS,pass,NONE,,,,0,0,0,0,0,0.1151,17.88,5753,0,uvm_report_server
RUN-000503,uart_loopback_test-000503,523974469,FAIL,fail,PSLVERR_TIMEOUT,B_APB_0x55,PSLVERR_TIMEOUT,316624,2,0,1,0,0,0.3598,0.58,17992,1,uvm_report_server
RUN-000504,reset_recovery_test-000504,1709668383,PASS,pass,NONE,,,,0,0,0,0,0,0.1313,58.04,6566,0,uvm_report_server
RUN-000505,dma_burst_test-000505,1626507245,FAIL,fail,FRAMING_ERROR,B_UART_0x24,FRAMING_ERROR,340648,1,0,0,0,1,0.3871,9.87,19355,1,uvm_report_server
RUN-000506,irq_storm_test-000506,51634954,FAIL,fail,BUS_STARVATION,B_ARB_0x12,BUS_STARVATION,114576,2,0,0,1,0,0.1302,7.43,6509,1,uvm_report_server
RUN-000507,parity_stress_test-000507,944270847,PASS,pass,NONE,,,,0,0,0,0,0,0.0508,19.87,5077,0,uvm_report_server
RUN-000508,dma_burst_test-000508,590411698,PASS,pass,NONE,,,,0,0,0,0,0,0.0491,19.14,4909,0,uvm_report_server
RUN-000509,backpressure_test-000509,935372782,FAIL,fail,FIFO_UNDERRUN,B_DMA_0x31,FIFO_UNDERRUN,89936,2,0,0,1,0,0.1022,4.38,2555,1,uvm_report_server
RUN-000510,reset_recovery_test-000510,1262449935,PASS,pass,NONE,,,,0,0,0,0,0,0.3525,12.07,17624,0,uvm_report_server
RUN-000511,reset_recovery_test-000511,1919387978,PASS,pass,NONE,,,,0,1,0,0,0,0.1278,17.1,12784,0,uvm_report_server
RUN-000512,dma_burst_test-000512,1103768127,PASS,pass,NONE,,,,0,1,0,0,0,0.0377,24.72,3768,0,uvm_report_server
RUN-000513,backpressure_test-000513,570429924,PASS,pass,NONE,,,,0,0,0,0,0,0.1711,22.15,34215,0,uvm_report_server
RUN-000514,reg_sweep_test-000514,1112606473,PASS,pass,NONE,,,,0,0,0,0,0,0.0488,43.79,9750,0,uvm_report_server
RUN-000515,reg_sweep_test-000515,790102256,PASS,pass,NONE,,,,0,0,0,0,0,0.0252,20.16,2520,0,uvm_report_server
RUN-000516,reset_recovery_test-000516,1726229389,PASS,pass,NONE,,,,0,0,0,0,0,0.0161,29.16,3221,0,uvm_report_server
RUN-000517,reg_sweep_test-000517,239476338,PASS,pass,NONE,,,,0,0,0,0,0,0.0715,13.41,3572,0,uvm_report_server
RUN-000518,reg_sweep_test-000518,2130961916,FAIL,fail,FRAMING_ERROR,B_UART_0x24,FRAMING_ERROR,168696,2,0,0,0,1,0.1917,3.44,4793,1,uvm_report_server
RUN-000519,reset_recovery_test-000519,848102424,PASS,pass,NONE,,,,0,0,0,0,0,0.1459,51.67,14588,0,uvm_report_server
RUN-000520,reg_sweep_test-000520,1791236371,PASS,pass,NONE,,,,0,0,0,0,0,0.0406,95.0,8120,0,uvm_report_server
RUN-000521,reg_sweep_test-000521,1407511768,PASS,pass,NONE,,,,0,0,0,0,0,0.2934,6.31,7334,0,uvm_report_server
RUN-000522,uart_loopback_test-000522,1149818387,FAIL,fail,FRAMING_ERROR,B_UART_0x24,FRAMING_ERROR,154968,4,1,0,1,1,0.1761,0.84,8807,1,uvm_report_server
RUN-000523,backpressure_test-000523,717771287,PASS,pass,NONE,,,,0,1,0,0,0,0.0174,126.11,3476,0,uvm_report_server
RUN-000524,reg_sweep_test-000524,392818493,PASS,pass,NONE,,,,0,0,0,0,0,0.2169,40.49,21691,0,uvm_report_server
RUN-000525,reset_recovery_test-000525,879803207,FAIL,fail,FIFO_UNDERRUN,B_DMA_0x31,FIFO_UNDERRUN,33704,3,1,0,0,0,0.0383,10.38,3833,1,uvm_report_server
RUN-000526,parity_stress_test-000526,819183870,PASS,pass,NONE,,,,0,1,0,0,0,0.2611,17.0,13052,0,uvm_report_server
RUN-000527,irq_storm_test-000527,22997657,PASS,pass,NONE,,,,0,1,0,0,0,0.1157,35.53,11566,0,uvm_report_server
RUN-000528,backpressure_test-000528,1998195344,PASS,pass,NONE,,,,0,1,0,0,0,0.1842,40.34,36848,0,uvm_report_server
RUN-000529,reg_sweep_test-000529,3438437,PASS,pass,NONE,,,,0,0,0,0,0,0.0319,118.87,6381,0,uvm_report_server
RUN-000530,irq_storm_test-000530,2117449062,FAIL,fail,IRQ_LOST,B_IRQ_0x45,IRQ_LOST,312664,4,1,0,1,0,0.3553,7.03,17765,1,uvm_report_server
RUN-000531,parity_stress_test-000531,254510194,FAIL,fail,PSLVERR_TIMEOUT,B_APB_0x55,PSLVERR_TIMEOUT,78584,2,0,1,0,0,0.0893,11.56,17862,1,uvm_report_server
RUN-000532,parity_stress_test-000532,1946499901,PASS,pass,NONE,,,,0,1,0,0,0,0.083,22.61,16590,0,uvm_report_server
RUN-000533,uart_loopback_test-000533,2027876278,PASS,pass,NONE,,,,0,0,0,0,0,0.169,23.49,16895,0,uvm_report_server
RUN-000534,backpressure_test-000534,1831163883,FAIL,fail,PSLVERR_TIMEOUT,B_APB_0x55,PSLVERR_TIMEOUT,1231032,3,1,1,1,0,1.3989,1.22,69946,1,uvm_report_server
RUN-000535,reg_sweep_test-000535,1251791322,PASS,pass,NONE,,,,0,1,0,0,0,0.0339,118.56,6786,0,uvm_report_server
RUN-000536,irq_storm_test-000536,259073752,PASS,pass,NONE,,,,0,0,0,0,0,0.0746,27.85,7459,0,uvm_report_server
RUN-000537,irq_storm_test-000537,1671289071,PASS,pass,NONE,,,,0,0,0,0,0,0.062,68.63,12398,0,uvm_report_server
RUN-000538,uart_loopback_test-000538,294538792,FAIL,fail,PSLVERR_TIMEOUT,B_APB_0x55,PSLVERR_TIMEOUT,623392,2,0,1,0,0,0.7084,5.54,70838,1,uvm_report_server
RUN-000539,uart_loopback_test-000539,1955230462,PASS,pass,NONE,,,,0,0,0,0,0,0.1213,16.56,6064,0,uvm_report_server
RUN-000540,reset_recovery_test-000540,944768064,PASS,pass,NONE,,,,0,0,0,0,0,0.0658,30.91,6576,0,uvm_report_server
RUN-000541,uart_loopback_test-000541,965012919,PASS,pass,NONE,,,,0,0,0,0,0,0.0899,47.71,4497,0,uvm_report_server
RUN-000542,uart_loopback_test-000542,1967988032,FAIL,fail,BUS_STARVATION,B_ARB_0x12,BUS_STARVATION,878328,4,0,0,1,0,0.9981,1.12,24952,1,uvm_report_server
RUN-000543,dma_burst_test-000543,764538592,PASS,pass,NONE,,,,0,0,0,0,0,0.663,12.01,33149,0,uvm_report_server
RUN-000544,reg_sweep_test-000544,131384640,FAIL,fail,FIFO_UNDERRUN,B_DMA_0x31,FIFO_UNDERRUN,19976,4,0,0,1,0,0.0227,23.64,4544,1,uvm_report_server
RUN-000545,dma_burst_test-000545,501130176,PASS,pass,NONE,,,,0,1,0,0,0,0.492,2.23,12300,0,uvm_report_server
RUN-000546,uart_loopback_test-000546,985539563,PASS,pass,NONE,,,,0,1,0,0,0,0.4229,19.31,10573,0,uvm_report_server
RUN-000547,dma_burst_test-000547,1587746414,FAIL,fail,FRAMING_ERROR,B_UART_0x24,FRAMING_ERROR,313368,3,0,0,1,1,0.3561,5.51,35605,1,uvm_report_server
RUN-000548,irq_storm_test-000548,878969473,FAIL,fail,FIFO_UNDERRUN,B_DMA_0x31,FIFO_UNDERRUN,243672,4,1,0,1,0,0.2769,0.86,6923,1,uvm_report_server
RUN-000549,reset_recovery_test-000549,567586204,PASS,pass,NONE,,,,0,0,0,0,0,1.1218,6.82,28044,0,uvm_report_server
RUN-000550,uart_loopback_test-000550,785842860,FAIL,fail,FIFO_UNDERRUN,B_DMA_0x31,FIFO_UNDERRUN,13288,3,1,0,1,0,0.0151,43.2,3018,1,uvm_report_server
RUN-000551,irq_storm_test-000551,410013673,PASS,pass,NONE,,,,0,1,0,0,0,0.1421,7.27,3551,0,uvm_report_server
RUN-000552,reg_sweep_test-000552,1748530807,FAIL,fail,FIFO_UNDERRUN,B_DMA_0x31,FIFO_UNDERRUN,171952,2,0,0,0,0,0.1954,1.9,4885,1,uvm_report_server
RUN-000553,reset_recovery_test-000553,772001054,PASS,pass,NONE,,,,0,1,0,0,0,0.0165,28.95,3293,0,uvm_report_server
RUN-000554,dma_burst_test-000554,2124469918,PASS,pass,NONE,,,,0,0,0,0,0,0.0514,39.04,5140,0,uvm_report_server
RUN-000555,parity_stress_test-000555,1709336606,PASS,pass,NONE,,,,0,0,0,0,0,0.0297,32.61,5930,0,uvm_report_server
RUN-000556,backpressure_test-000556,1528072132,PASS,pass,NONE,,,,0,0,0,0,0,0.2839,15.3,28394,0,uvm_report_server
RUN-000557,backpressure_test-000557,1179667129,PASS,pass,NONE,,,,0,0,0,0,0,0.1372,30.19,27441,0,uvm_report_server
RUN-000558,backpressure_test-000558,1831362657,FAIL,fail,FIFO_UNDERRUN,B_DMA_0x31,FIFO_UNDERRUN,12760,2,1,0,0,0,0.0145,44.06,2909,1,uvm_report_server
RUN-000559,reg_sweep_test-000559,489280792,PASS,pass,NONE,,,,0,1,0,0,0,0.935,4.65,23374,0,uvm_report_server
RUN-000560,reset_recovery_test-000560,1493097711,PASS,pass,NONE,,,,0,0,0,0,0,0.2005,19.67,10024,0,uvm_report_server
RUN-000561,dma_burst_test-000561,1731123464,FAIL,fail,FRAMING_ERROR,B_UART_0x24,FRAMING_ERROR,1260072,2,0,0,0,1,1.4319,2.28,71595,1,uvm_report_server
RUN-000562,backpressure_test-000562,104928350,PASS,pass,NONE,,,,0,0,0,0,0,0.4523,38.32,45234,0,uvm_report_server
RUN-000563,backpressure_test-000563,198307035,FAIL,fail,PREADY_TIMEOUT,B_APB_0x58,PREADY_TIMEOUT,309056,2,1,1,1,0,0.3512,15.53,35117,1,uvm_report_server
RUN-000564,reg_sweep_test-000564,1193518431,PASS,pass,NONE,,,,0,0,0,0,0,0.0735,110.82,7345,0,uvm_report_server
RUN-000565,parity_stress_test-000565,2038037622,PASS,pass,NONE,,,,0,0,0,0,0,0.2573,3.59,12867,0,uvm_report_server
RUN-000566,reg_sweep_test-000566,1609296753,PASS,pass,NONE,,,,0,1,0,0,0,0.0357,116.94,7148,0,uvm_report_server
RUN-000567,reset_recovery_test-000567,1249165626,PASS,pass,NONE,,,,0,0,0,0,0,0.101,4.56,5048,0,uvm_report_server
RUN-000568,irq_storm_test-000568,554358386,PASS,pass,NONE,,,,0,0,0,0,0,0.0927,6.07,4635,0,uvm_report_server
RUN-000569,dma_burst_test-000569,838935205,FAIL,fail,FRAMING_ERROR,B_UART_0x24,FRAMING_ERROR,89320,2,0,0,0,1,0.1015,6.55,10147,1,uvm_report_server
RUN-000570,reset_recovery_test-000570,362620468,PASS,pass,NONE,,,,0,1,0,0,0,0.0575,16.05,2873,0,uvm_report_server
RUN-000571,irq_storm_test-000571,1781320423,PASS,pass,NONE,,,,0,1,0,0,0,0.1306,31.23,13061,0,uvm_report_server
RUN-000572,reset_recovery_test-000572,272330094,PASS,pass,NONE,,,,0,0,0,0,0,0.8903,9.88,22256,0,uvm_report_server
RUN-000573,backpressure_test-000573,1775115782,PASS,pass,NONE,,,,0,0,0,0,0,0.0994,10.03,4969,0,uvm_report_server
RUN-000574,irq_storm_test-000574,1560125011,PASS,pass,NONE,,,,0,0,0,0,0,0.1411,28.21,14107,0,uvm_report_server
RUN-000575,dma_burst_test-000575,368110215,PASS,pass,NONE,,,,0,0,0,0,0,0.2421,35.71,24209,0,uvm_report_server
RUN-000576,backpressure_test-000576,863330529,PASS,pass,NONE,,,,0,0,0,0,0,0.3016,26.92,30160,0,uvm_report_server
RUN-000577,irq_storm_test-000577,515884203,FAIL,fail,FIFO_UNDERRUN,B_DMA_0x31,FIFO_UNDERRUN,18216,2,0,0,1,0,0.0207,66.71,2072,1,uvm_report_server
RUN-000578,dma_burst_test-000578,1087696266,PASS,pass,NONE,,,,0,0,0,0,0,0.4354,20.21,21770,0,uvm_report_server
RUN-000579,backpressure_test-000579,1534270808,FAIL,fail,PREADY_TIMEOUT,B_APB_0x58,PREADY_TIMEOUT,1630200,2,0,1,1,0,1.8525,1.58,92626,1,uvm_report_server
RUN-000580,dma_burst_test-000580,1039181774,PASS,pass,NONE,,,,0,0,0,0,0,0.1425,7.44,3561,0,uvm_report_server
RUN-000581,reset_recovery_test-000581,236702403,FAIL,fail,PSLVERR_TIMEOUT,B_APB_0x55,PSLVERR_TIMEOUT,329560,3,0,1,1,0,0.3745,9.74,74909,1,uvm_report_server
RUN-000582,backpressure_test-000582,1318290613,FAIL,fail,PSLVERR_TIMEOUT,B_APB_0x55,PSLVERR_TIMEOUT,529408,3,0,1,1,0,0.6016,5.03,30078,1,uvm_report_server
RUN-000583,parity_stress_test-000583,982873908,PASS,pass,NONE,,,,0,0,0,0,0,0.1155,36.88,11553,0,uvm_report_server
RUN-000584,reset_recovery_test-000584,1111100364,PASS,pass,NONE,,,,0,0,0,0,0,0.11,10.12,5499,0,uvm_report_server
RUN-000585,parity_stress_test-000585,1135329280,PASS,pass,NONE,,,,0,1,0,0,0,0.4976,7.86,12441,0,uvm_report_server
RUN-000586,dma_burst_test-000586,2071451304,PASS,pass,NONE,,,,0,1,0,0,0,0.0186,57.34,3724,0,uvm_report_server
RUN-000587,backpressure_test-000587,1838163728,PASS,pass,NONE,,,,0,0,0,0,0,0.0548,19.24,10960,0,uvm_report_server
RUN-000588,parity_stress_test-000588,1114270261,FAIL,fail,FRAMING_ERROR,B_UART_0x24,FRAMING_ERROR,216480,1,0,0,0,1,0.246,0.59,6150,1,uvm_report_server
RUN-000589,reset_recovery_test-000589,1906941159,FAIL,fail,FIFO_UNDERRUN,B_DMA_0x31,FIFO_UNDERRUN,79288,1,0,0,0,0,0.0901,4.76,4504,1,uvm_report_server
RUN-000590,uart_loopback_test-000590,1481089707,FAIL,fail,FIFO_UNDERRUN,B_DMA_0x31,FIFO_UNDERRUN,84128,2,1,0,0,0,0.0956,2.84,4780,1,uvm_report_server
RUN-000591,irq_storm_test-000591,921764538,PASS,pass,NONE,,,,0,0,0,0,0,0.2444,17.91,12218,0,uvm_report_server
RUN-000592,uart_loopback_test-000592,291984901,FAIL,fail,PSLVERR_TIMEOUT,B_APB_0x55,PSLVERR_TIMEOUT,672056,3,1,1,1,0,0.7637,1.36,76374,1,uvm_report_server
RUN-000593,irq_storm_test-000593,418990097,PASS,pass,NONE,,,,0,1,0,0,0,0.1063,8.75,5315,0,uvm_report_server
RUN-000594,reset_recovery_test-000594,1380736798,PASS,pass,NONE,,,,0,0,0,0,0,0.1052,9.5,10522,0,uvm_report_server
RUN-000595,reset_recovery_test-000595,582170451,PASS,pass,NONE,,,,0,1,0,0,0,0.1856,10.6,9280,0,uvm_report_server
RUN-000596,reg_sweep_test-000596,1644375180,PASS,pass,NONE,,,,0,0,0,0,0,0.5313,15.55,26564,0,uvm_report_server
RUN-000597,irq_storm_test-000597,991288977,FAIL,fail,FIFO_UNDERRUN,B_DMA_0x31,FIFO_UNDERRUN,59488,2,0,0,0,0,0.0676,3.02,6758,1,uvm_report_server
RUN-000598,dma_burst_test-000598,535932850,FAIL,fail,ASSERTION_FAIL,B_ASRT_0x81,ASSERTION_FAIL,327448,2,0,0,0,0,0.3721,3.37,9301,1,uvm_report_server
RUN-000599,uart_loopback_test-000599,2074695918,PASS,pass,NONE,,,,0,1,0,0,0,0.0341,30.85,3413,0,uvm_report_server
RUN-000600,irq_storm_test-000600,1700678857,FAIL,fail,PSLVERR_TIMEOUT,B_APB_0x55,PSLVERR_TIMEOUT,1835592,3,0,1,1,0,2.0859,0.46,52146,1,uvm_report_server
RUN-000601,backpressure_test-000601,2053064347,FAIL,fail,PSLVERR_TIMEOUT,B_APB_0x55,PSLVERR_TIMEOUT,988768,3,0,1,1,0,1.1236,0.91,28090,1,uvm_report_server
RUN-000602,reg_sweep_test-000602,2047821393,PASS,pass,NONE,,,,0,1,0,0,0,0.2189,36.79,21888,0,uvm_report_server
RUN-000603,reset_recovery_test-000603,1023327476,PASS,pass,NONE,,,,0,0,0,0,0,0.5078,7.62,12695,0,uvm_report_server
RUN-000604,dma_burst_test-000604,1736168216,PASS,pass,NONE,,,,0,0,0,0,0,0.0965,20.26,4825,0,uvm_report_server
RUN-000605,backpressure_test-000605,805506279,PASS,pass,NONE,,,,0,0,0,0,0,0.0675,28.69,6747,0,uvm_report_server
RUN-000606,uart_loopback_test-000606,572815716,FAIL,fail,FRAMING_ERROR,B_UART_0x24,FRAMING_ERROR,114752,1,1,0,0,1,0.1304,5.35,13035,1,uvm_report_server
RUN-000607,backpressure_test-000607,1449255109,PASS,pass,NONE,,,,0,0,0,0,0,0.7315,5.61,18287,0,uvm_report_server
RUN-000608,reg_sweep_test-000608,860117201,PASS,pass,NONE,,,,0,0,0,0,0,0.043,46.02,4302,0,uvm_report_server
RUN-000609,parity_stress_test-000609,217727605,PASS,pass,NONE,,,,0,0,0,0,0,0.923,9.35,23075,0,uvm_report_server
RUN-000610,irq_storm_test-000610,366577436,PASS,pass,NONE,,,,0,0,0,0,0,0.546,15.47,27298,0,uvm_report_server
RUN-000611,reset_recovery_test-000611,2122060027,PASS,pass,NONE,,,,0,0,0,0,0,0.0334,31.06,3337,0,uvm_report_server
RUN-000612,reg_sweep_test-000612,1583439512,PASS,pass,NONE,,,,0,0,0,0,0,0.0508,83.67,10161,0,uvm_report_server
RUN-000613,uart_loopback_test-000613,1278033266,FAIL,fail,PSLVERR_TIMEOUT,B_APB_0x55,PSLVERR_TIMEOUT,673288,2,1,1,0,0,0.7651,2.71,38255,1,uvm_report_server
RUN-000614,backpressure_test-000614,1266269064,FAIL,fail,PREADY_TIMEOUT,B_APB_0x58,PREADY_TIMEOUT,480304,1,0,1,0,0,0.5458,1.78,27288,1,uvm_report_server
RUN-000615,reg_sweep_test-000615,987463891,PASS,pass,NONE,,,,0,0,0,0,0,0.0486,10.17,4855,0,uvm_report_server
RUN-000616,reset_recovery_test-000616,1768894858,PASS,pass,NONE,,,,0,1,0,0,0,0.1711,5.62,8554,0,uvm_report_server
RUN-000617,dma_burst_test-000617,1931917544,PASS,pass,NONE,,,,0,0,0,0,0,0.4879,16.26,24394,0,uvm_report_server
RUN-000618,uart_loopback_test-000618,1582378112,FAIL,fail,IRQ_LOST,B_IRQ_0x45,IRQ_LOST,195624,3,0,0,0,0,0.2223,0.97,5557,1,uvm_report_server
RUN-000619,uart_loopback_test-000619,1011608728,PASS,pass,NONE,,,,0,0,0,0,0,1.1939,6.36,29848,0,uvm_report_server
RUN-000620,reg_sweep_test-000620,1870501133,PASS,pass,NONE,,,,0,1,0,0,0,0.1829,5.5,4571,0,uvm_report_server
RUN-000621,reset_recovery_test-000621,1631478771,PASS,pass,NONE,,,,0,0,0,0,0,1.2286,3.21,61428,0,uvm_report_server
RUN-000622,parity_stress_test-000622,1609856155,PASS,pass,NONE,,,,0,0,0,0,0,0.0548,19.6,5475,0,uvm_report_server
RUN-000623,irq_storm_test-000623,541034622,FAIL,fail,PREADY_TIMEOUT,B_APB_0x58,PREADY_TIMEOUT,94864,2,0,1,1,0,0.1078,29.39,21555,1,uvm_report_server
RUN-000624,backpressure_test-000624,1371866552,PASS,pass,NONE,,,,0,0,0,0,0,0.2469,16.33,12343,0,uvm_report_server
RUN-000625,reset_recovery_test-000625,1860924960,FAIL,fail,PSLVERR_TIMEOUT,B_APB_0x55,PSLVERR_TIMEOUT,203104,2,0,1,0,0,0.2308,1.15,11540,1,uvm_report_server
RUN-000626,reg_sweep_test-000626,379864065,PASS,pass,NONE,,,,0,1,0,0,0,0.1093,9.63,10926,0,uvm_report_server
RUN-000627,dma_burst_test-000627,235891971,PASS,pass,NONE,,,,0,0,0,0,0,0.3005,7.23,15027,0,uvm_report_server
RUN-000628,dma_burst_test-000628,268240874,PASS,pass,NONE,,,,0,0,0,0,0,0.5981,15.06,59810,0,uvm_report_server
RUN-000629,uart_loopback_test-000629,1499086193,PASS,pass,NONE,,,,0,1,0,0,0,0.0533,42.12,5334,0,uvm_report_server
RUN-000630,reg_sweep_test-000630,1711820399,FAIL,fail,FRAMING_ERROR,B_UART_0x24,FRAMING_ERROR,91520,3,0,0,0,1,0.104,25.47,10399,1,uvm_report_server
RUN-000631,backpressure_test-000631,72101540,FAIL,fail,FIFO_UNDERRUN,B_DMA_0x31,FIFO_UNDERRUN,68904,4,1,0,1,0,0.0783,5.22,1956,1,uvm_report_server
RUN-000632,irq_storm_test-000632,366649745,PASS,pass,NONE,,,,0,0,0,0,0,0.1511,6.18,7553,0,uvm_report_server
RUN-000633,reset_recovery_test-000633,1648326117,PASS,pass,NONE,,,,0,0,0,0,0,0.0684,112.25,6840,0,uvm_report_server
RUN-000634,reset_recovery_test-000634,1621183486,PASS,pass,NONE,,,,0,1,0,0,0,0.0728,14.0,7281,0,uvm_report_server
RUN-000635,reg_sweep_test-000635,180393313,FAIL,fail,IRQ_LOST,B_IRQ_0x45,IRQ_LOST,68816,3,0,0,0,0,0.0782,7.07,3911,1,uvm_report_server
RUN-000636,parity_stress_test-000636,1953553708,FAIL,fail,PREADY_TIMEOUT,B_APB_0x58,PREADY_TIMEOUT,604912,3,0,1,0,0,0.6874,0.99,68738,1,uvm_report_server
RUN-000637,reset_recovery_test-000637,1103762441,PASS,pass,NONE,,,,0,1,0,0,0,0.1156,19.44,5778,0,uvm_report_server
RUN-000638,irq_storm_test-000638,1735757241,FAIL,fail,PSLVERR_TIMEOUT,B_APB_0x55,PSLVERR_TIMEOUT,144584,3,0,1,1,0,0.1643,4.26,16431,1,uvm_report_server
RUN-000639,reg_sweep_test-000639,2044745499,PASS,pass,NONE,,,,0,0,0,0,0,0.0277,154.69,5543,0,uvm_report_server
RUN-000640,reset_recovery_test-000640,85900125,PASS,pass,NONE,,,,0,0,0,0,0,0.0683,14.56,3413,0,uvm_report_server
RUN-000641,uart_loopback_test-000641,509923425,PASS,pass,NONE,,,,0,0,0,0,0,0.0979,19.36,9785,0,uvm_report_server
RUN-000642,reset_recovery_test-000642,1278016762,FAIL,fail,PSLVERR_TIMEOUT,B_APB_0x55,PSLVERR_TIMEOUT,699336,2,1,1,0,0,0.7947,6.67,79466,1,uvm_report_server
RUN-000643,backpressure_test-000643,1539229232,PASS,pass,NONE,,,,0,0,0,0,0,0.1638,6.76,4096,0,uvm_report_server
RUN-000644,dma_burst_test-000644,1278200344,PASS,pass,NONE,,,,0,1,0,0,0,0.1813,2.86,4532,0,uvm_report_server
RUN-000645,reg_sweep_test-000645,324487949,PASS,pass,NONE,,,,0,1,0,0,0,0.0553,10.0,2765,0,uvm_report_server
RUN-000646,irq_storm_test-000646,1979247464,FAIL,fail,BUS_STARVATION,B_ARB_0x12,BUS_STARVATION,93808,1,0,0,0,0,0.1066,3.33,10658,1,uvm_report_server
RUN-000647,backpressure_test-000647,318629918,FAIL,fail,IRQ_LOST,B_IRQ_0x45,IRQ_LOST,157432,1,0,0,0,0,0.1789,1.53,4472,1,uvm_report_server
RUN-000648,reset_recovery_test-000648,167704071,FAIL,fail,BUS_STARVATION,B_ARB_0x12,BUS_STARVATION,62744,4,0,0,1,0,0.0713,2.67,14251,1,uvm_report_server
RUN-000649,reg_sweep_test-000649,724194151,PASS,pass,NONE,,,,0,0,0,0,0,0.0213,44.92,4258,0,uvm_report_server
RUN-000650,irq_storm_test-000650,1929511638,FAIL,fail,PSLVERR_TIMEOUT,B_APB_0x55,PSLVERR_TIMEOUT,86856,2,0,1,0,0,0.0987,6.89,9873,1,uvm_report_server
RUN-000651,reg_sweep_test-000651,664572527,PASS,pass,NONE,,,,0,0,0,0,0,0.1957,41.55,39131,0,uvm_report_server
RUN-000652,reset_recovery_test-000652,1374233464,PASS,pass,NONE,,,,0,0,0,0,0,0.076,50.01,7599,0,uvm_report_server
RUN-000653,reg_sweep_test-000653,1185759030,PASS,pass,NONE,,,,0,0,0,0,0,0.0367,116.81,7339,0,uvm_report_server
RUN-000654,irq_storm_test-000654,1485353126,PASS,pass,NONE,,,,0,1,0,0,0,0.1326,15.11,13258,0,uvm_report_server
RUN-000655,backpressure_test-000655,1990670483,FAIL,fail,PSLVERR_TIMEOUT,B_APB_0x55,PSLVERR_TIMEOUT,164032,2,1,1,0,0,0.1864,3.73,18644,1,uvm_report_server
RUN-000656,reg_sweep_test-000656,897209,PASS,pass,NONE,,,,0,0,0,0,0,0.1594,11.77,3986,0,uvm_report_server
RUN-000657,reset_recovery_test-000657,668320945,PASS,pass,NONE,,,,0,0,0,0,0,0.289,14.57,14448,0,uvm_report_server
RUN-000658,reg_sweep_test-000658,1998170817,PASS,pass,NONE,,,,0,0,0,0,0,0.0572,18.55,5724,0,uvm_report_server
RUN-000659,dma_burst_test-000659,845369058,PASS,pass,NONE,,,,0,0,0,0,0,0.1385,26.64,13850,0,uvm_report_server
RUN-000660,reg_sweep_test-000660,718178645,FAIL,fail,FIFO_UNDERRUN,B_DMA_0x31,FIFO_UNDERRUN,23848,3,0,0,0,0,0.0271,10.66,2707,1,uvm_report_server
RUN-000661,uart_loopback_test-000661,1801888171,FAIL,fail,IRQ_LOST,B_IRQ_0x45,IRQ_LOST,709456,3,0,0,0,0,0.8062,4.99,40311,1,uvm_report_server
RUN-000662,backpressure_test-000662,394850028,PASS,pass,NONE,,,,0,1,0,0,0,0.2529,32.58,25294,0,uvm_report_server
RUN-000663,backpressure_test-000663,189708344,PASS,pass,NONE,,,,0,0,0,0,0,0.0285,36.57,2854,0,uvm_report_server
RUN-000664,backpressure_test-000664,819894940,PASS,pass,NONE,,,,0,1,0,0,0,0.0734,28.13,7343,0,uvm_report_server
RUN-000665,dma_burst_test-000665,1144822789,PASS,pass,NONE,,,,0,1,0,0,0,0.1861,44.43,18606,0,uvm_report_server
RUN-000666,irq_storm_test-000666,659835673,PASS,pass,NONE,,,,0,0,0,0,0,0.0264,42.16,5283,0,uvm_report_server
RUN-000667,reg_sweep_test-000667,2035877126,FAIL,fail,PREADY_TIMEOUT,B_APB_0x58,PREADY_TIMEOUT,1013408,2,1,1,0,0,1.1516,1.65,57580,1,uvm_report_server
RUN-000668,backpressure_test-000668,410388688,PASS,pass,NONE,,,,0,1,0,0,0,0.1072,9.04,5359,0,uvm_report_server
RUN-000669,uart_loopback_test-000669,405741634,PASS,pass,NONE,,,,0,0,0,0,0,0.1376,113.15,13762,0,uvm_report_server
RUN-000670,irq_storm_test-000670,462952476,PASS,pass,NONE,,,,0,0,0,0,0,0.0822,51.02,4111,0,uvm_report_server
RUN-000671,uart_loopback_test-000671,620531428,FAIL,fail,BUS_STARVATION,B_ARB_0x12,BUS_STARVATION,802472,1,0,0,0,0,0.9119,1.75,22796,1,uvm_report_server
RUN-000672,backpressure_test-000672,139146752,PASS,pass,NONE,,,,0,0,0,0,0,0.1194,34.5,23870,0,uvm_report_server
RUN-000673,reg_sweep_test-000673,1445492216,PASS,pass,NONE,,,,0,0,0,0,0,0.4638,17.25,23192,0,uvm_report_server
RUN-000674,dma_burst_test-000674,939975965,FAIL,fail,BUS_STARVATION,B_ARB_0x12,BUS_STARVATION,204424,3,0,0,0,0,0.2323,25.22,46467,1,uvm_report_server
RUN-000675,reg_sweep_test-000675,1891628102,PASS,pass,NONE,,,,0,1,0,0,0,0.1155,4.31,2886,0,uvm_report_server
RUN-000676,uart_loopback_test-000676,860329373,PASS,pass,NONE,,,,0,0,0,0,0,0.2139,4.64,5346,0,uvm_report_server
RUN-000677,uart_loopback_test-000677,1284935093,PASS,pass,NONE,,,,0,0,0,0,0,0.0905,90.37,9054,0,uvm_report_server
RUN-000678,irq_storm_test-000678,720519274,PASS,pass,NONE,,,,0,0,0,0,0,0.054,17.45,5395,0,uvm_report_server
RUN-000679,reg_sweep_test-000679,2132457611,PASS,pass,NONE,,,,0,0,0,0,0,0.2138,82.31,21379,0,uvm_report_server
RUN-000680,parity_stress_test-000680,2073978241,PASS,pass,NONE,,,,0,1,0,0,0,0.1558,57.11,15584,0,uvm_report_server
RUN-000681,dma_burst_test-000681,1089778233,PASS,pass,NONE,,,,0,0,0,0,0,0.0315,33.23,6300,0,uvm_report_server
RUN-000682,reset_recovery_test-000682,2133042188,PASS,pass,NONE,,,,0,0,0,0,0,0.4011,4.94,10026,0,uvm_report_server
RUN-000683,reset_recovery_test-000683,36710770,PASS,pass,NONE,,,,0,0,0,0,0,0.0373,26.56,3732,0,uvm_report_server
RUN-000684,dma_burst_test-000684,354149702,FAIL,fail,BUS_STARVATION,B_ARB_0x12,BUS_STARVATION,424248,2,0,0,1,0,0.4821,7.53,96414,1,uvm_report_server
RUN-000685,reg_sweep_test-000685,1742943112,PASS,pass,NONE,,,,0,1,0,0,0,0.6914,5.96,34567,0,uvm_report_server
RUN-000686,uart_loopback_test-000686,1340941463,FAIL,fail,PREADY_TIMEOUT,B_APB_0x58,PREADY_TIMEOUT,569272,2,0,1,0,0,0.6469,1.85,16173,1,uvm_report_server
RUN-000687,reg_sweep_test-000687,1145748253,PASS,pass,NONE,,,,0,0,0,0,0,0.0475,94.84,9496,0,uvm_report_server
RUN-000688,parity_stress_test-000688,1952867513,FAIL,fail,IRQ_LOST,B_IRQ_0x45,IRQ_LOST,63800,3,0,0,0,0,0.0725,3.0,3626,1,uvm_report_server
RUN-000689,backpressure_test-000689,747644304,FAIL,fail,PSLVERR_TIMEOUT,B_APB_0x55,PSLVERR_TIMEOUT,99000,3,1,1,1,0,0.1125,1.64,11249,1,uvm_report_server
RUN-000690,backpressure_test-000690,336194674,PASS,pass,NONE,,,,0,0,0,0,0,0.0729,7.23,7286,0,uvm_report_server
RUN-000691,backpressure_test-000691,2024272754,FAIL,fail,BUS_STARVATION,B_ARB_0x12,BUS_STARVATION,59928,2,0,0,0,0,0.0681,8.39,6811,1,uvm_report_server
RUN-000692,uart_loopback_test-000692,1686253838,PASS,pass,NONE,,,,0,1,0,0,0,0.1205,31.35,12052,0,uvm_report_server
RUN-000693,reset_recovery_test-000693,211132134,PASS,pass,NONE,,,,0,0,0,0,0,0.2032,21.71,10161,0,uvm_report_server
RUN-000694,backpressure_test-000694,1372265145,PASS,pass,NONE,,,,0,1,0,0,0,0.0792,6.34,3960,0,uvm_report_server
RUN-000695,irq_storm_test-000695,1949581870,PASS,pass,NONE,,,,0,0,0,0,0,0.4806,17.9,48056,0,uvm_report_server
RUN-000696,parity_stress_test-000696,1066325149,FAIL,fail,BUS_STARVATION,B_ARB_0x12,BUS_STARVATION,24816,2,0,0,0,0,0.0282,20.15,5643,1,uvm_report_server
RUN-000697,reset_recovery_test-000697,1950792243,PASS,pass,NONE,,,,0,1,0,0,0,0.1552,14.43,3881,0,uvm_report_server
RUN-000698,backpressure_test-000698,78951991,FAIL,fail,PSLVERR_TIMEOUT,B_APB_0x55,PSLVERR_TIMEOUT,562672,3,0,1,1,0,0.6394,0.89,15984,1,uvm_report_server
RUN-000699,parity_stress_test-000699,881858846,PASS,pass,NONE,,,,0,0,0,0,0,0.0265,73.4,5292,0,uvm_report_server
RUN-000700,uart_loopback_test-000700,1078153507,FAIL,fail,IRQ_LOST,B_IRQ_0x45,IRQ_LOST,467984,3,1,0,0,0,0.5318,3.5,13295,1,uvm_report_server
RUN-000701,reg_sweep_test-000701,581710793,PASS,pass,NONE,,,,0,0,0,0,0,0.2205,4.66,5512,0,uvm_report_server
RUN-000702,dma_burst_test-000702,328180671,FAIL,fail,BUS_STARVATION,B_ARB_0x12,BUS_STARVATION,187968,2,0,0,1,0,0.2136,4.09,21356,1,uvm_report_server
RUN-000703,uart_loopback_test-000703,2046022365,PASS,pass,NONE,,,,0,0,0,0,0,0.2064,19.54,10318,0,uvm_report_server
RUN-000704,uart_loopback_test-000704,973197587,PASS,pass,NONE,,,,0,0,0,0,0,0.0324,29.99,3240,0,uvm_report_server
RUN-000705,dma_burst_test-000705,1428125371,FAIL,fail,IRQ_LOST,B_IRQ_0x45,IRQ_LOST,948552,4,0,0,1,0,1.0779,2.47,26948,1,uvm_report_server
RUN-000706,uart_loopback_test-000706,1237363375,PASS,pass,NONE,,,,0,0,0,0,0,0.1031,9.59,5154,0,uvm_report_server
RUN-000707,uart_loopback_test-000707,1526981928,PASS,pass,NONE,,,,0,0,0,0,0,0.1088,9.53,5441,0,uvm_report_server
RUN-000708,parity_stress_test-000708,594725120,PASS,pass,NONE,,,,0,0,0,0,0,0.2294,8.06,22939,0,uvm_report_server
RUN-000709,uart_loopback_test-000709,43585858,FAIL,fail,PSLVERR_TIMEOUT,B_APB_0x55,PSLVERR_TIMEOUT,2155736,3,0,1,1,0,2.4497,0.65,61242,1,uvm_report_server
RUN-000710,parity_stress_test-000710,484063673,PASS,pass,NONE,,,,0,0,0,0,0,0.1299,59.24,25981,0,uvm_report_server
RUN-000711,uart_loopback_test-000711,1474054041,FAIL,fail,PREADY_TIMEOUT,B_APB_0x58,PREADY_TIMEOUT,442904,1,0,1,0,0,0.5033,2.58,50331,1,uvm_report_server
RUN-000712,irq_storm_test-000712,1442872523,PASS,pass,NONE,,,,0,0,0,0,0,0.0485,40.81,4853,0,uvm_report_server
RUN-000713,irq_storm_test-000713,1743318149,PASS,pass,NONE,,,,0,1,0,0,0,2.2743,3.65,56857,0,uvm_report_server
RUN-000714,parity_stress_test-000714,519995883,PASS,pass,NONE,,,,0,0,0,0,0,1.9103,4.35,47756,0,uvm_report_server
RUN-000715,backpressure_test-000715,616636754,FAIL,fail,FIFO_UNDERRUN,B_DMA_0x31,FIFO_UNDERRUN,26664,4,0,0,1,0,0.0303,19.65,6064,1,uvm_report_server
RUN-000716,parity_stress_test-000716,47493894,FAIL,fail,IRQ_LOST,B_IRQ_0x45,IRQ_LOST,402424,1,0,0,0,0,0.4573,6.43,11431,1,uvm_report_server
RUN-000717,reg_sweep_test-000717,806544799,PASS,pass,NONE,,,,0,1,0,0,0,0.5467,7.93,27334,0,uvm_report_server
RUN-000718,uart_loopback_test-000718,1037501136,PASS,pass,NONE,,,,0,1,0,0,0,0.0811,12.7,4053,0,uvm_report_server
RUN-000719,parity_stress_test-000719,943366485,FAIL,fail,PSLVERR_TIMEOUT,B_APB_0x55,PSLVERR_TIMEOUT,482240,3,0,1,1,0,0.548,4.24,109597,1,uvm_report_server
RUN-000720,parity_stress_test-000720,1230530243,PASS,pass,NONE,,,,0,0,0,0,0,0.3084,28.81,30842,0,uvm_report_server
RUN-000721,reg_sweep_test-000721,1453541072,PASS,pass,NONE,,,,0,0,0,0,0,1.5166,5.01,37915,0,uvm_report_server
RUN-000722,uart_loopback_test-000722,1484179262,FAIL,fail,FIFO_UNDERRUN,B_DMA_0x31,FIFO_UNDERRUN,18216,4,1,0,1,0,0.0207,17.46,4140,1,uvm_report_server
RUN-000723,uart_loopback_test-000723,60658123,PASS,pass,NONE,,,,0,1,0,0,0,0.1215,4.37,6077,0,uvm_report_server
RUN-000724,irq_storm_test-000724,38145268,PASS,pass,NONE,,,,0,0,0,0,0,0.1767,10.92,8832,0,uvm_report_server
RUN-000725,dma_burst_test-000725,584864116,FAIL,fail,FIFO_UNDERRUN,B_DMA_0x31,FIFO_UNDERRUN,102432,3,0,0,0,0,0.1164,1.12,5818,1,uvm_report_server
RUN-000726,dma_burst_test-000726,1454768185,PASS,pass,NONE,,,,0,0,0,0,0,0.0358,26.2,7155,0,uvm_report_server
RUN-000727,parity_stress_test-000727,678879730,FAIL,fail,BUS_STARVATION,B_ARB_0x12,BUS_STARVATION,45320,2,0,0,0,0,0.0515,10.15,10309,1,uvm_report_server
RUN-000728,reg_sweep_test-000728,127093454,PASS,pass,NONE,,,,0,1,0,0,0,0.0383,49.06,7657,0,uvm_report_server
RUN-000729,parity_stress_test-000729,401873575,PASS,pass,NONE,,,,0,1,0,0,0,0.0375,55.75,7503,0,uvm_report_server
RUN-000730,dma_burst_test-000730,74173459,FAIL,fail,PSLVERR_TIMEOUT,B_APB_0x55,PSLVERR_TIMEOUT,934824,2,0,1,0,0,1.0623,1.04,26556,1,uvm_report_server
RUN-000731,dma_burst_test-000731,1629063564,FAIL,fail,FRAMING_ERROR,B_UART_0x24,FRAMING_ERROR,27280,2,1,0,1,1,0.031,42.79,6208,1,uvm_report_server
RUN-000732,reset_recovery_test-000732,1255741808,PASS,pass,NONE,,,,0,0,0,0,0,0.5331,16.12,26654,0,uvm_report_server
RUN-000733,irq_storm_test-000733,1952078792,PASS,pass,NONE,,,,0,0,0,0,0,0.5054,8.18,12634,0,uvm_report_server
RUN-000734,irq_storm_test-000734,426475171,PASS,pass,NONE,,,,0,0,0,0,0,0.0251,40.25,5020,0,uvm_report_server
RUN-000735,parity_stress_test-000735,426595034,FAIL,fail,FRAMING_ERROR,B_UART_0x24,FRAMING_ERROR,95656,2,0,0,1,1,0.1087,19.57,10868,1,uvm_report_server
RUN-000736,irq_storm_test-000736,1204115187,PASS,pass,NONE,,,,0,1,0,0,0,0.1242,69.32,12417,0,uvm_report_server
RUN-000737,reg_sweep_test-000737,30563851,PASS,pass,NONE,,,,0,0,0,0,0,0.1078,4.65,5392,0,uvm_report_server
RUN-000738,uart_loopback_test-000738,1799108687,FAIL,fail,BUS_STARVATION,B_ARB_0x12,BUS_STARVATION,74360,4,0,0,1,0,0.0845,33.51,16897,1,uvm_report_server
RUN-000739,irq_storm_test-000739,1519914994,PASS,pass,NONE,,,,0,0,0,0,0,0.0436,23.34,8710,0,uvm_report_server
RUN-000740,irq_storm_test-000740,857569504,PASS,pass,NONE,,,,0,0,0,0,0,0.0917,10.51,4585,0,uvm_report_server
RUN-000741,dma_burst_test-000741,525887728,FAIL,fail,FRAMING_ERROR,B_UART_0x24,FRAMING_ERROR,98472,3,0,0,0,1,0.1119,3.06,5594,1,uvm_report_server
RUN-000742,reg_sweep_test-000742,209259421,PASS,pass,NONE,,,,0,0,0,0,0,0.4447,17.91,22235,0,uvm_report_server
RUN-000743,reg_sweep_test-000743,1581337683,PASS,pass,NONE,,,,0,0,0,0,0,0.1948,20.27,38968,0,uvm_report_server
RUN-000744,dma_burst_test-000744,432475635,FAIL,fail,METASTABILITY,B_CDC_0x62,METASTABILITY,120736,4,1,0,1,0,0.1372,12.73,13720,1,uvm_report_server
RUN-000745,reset_recovery_test-000745,1967318754,FAIL,fail,FIFO_UNDERRUN,B_DMA_0x31,FIFO_UNDERRUN,119416,2,1,0,1,0,0.1357,3.89,3391,1,uvm_report_server
RUN-000746,uart_loopback_test-000746,757798439,PASS,pass,NONE,,,,0,0,0,0,0,0.0816,11.49,8164,0,uvm_report_server
RUN-000747,uart_loopback_test-000747,1901258272,PASS,pass,NONE,,,,0,0,0,0,0,0.9998,2.02,24994,0,uvm_report_server
RUN-000748,irq_storm_test-000748,469338526,PASS,pass,NONE,,,,0,0,0,0,0,0.1594,25.44,15939,0,uvm_report_server
RUN-000749,backpressure_test-000749,243549344,FAIL,fail,FIFO_UNDERRUN,B_DMA_0x31,FIFO_UNDERRUN,21032,2,0,0,0,0,0.0239,9.93,4781,1,uvm_report_server
RUN-000750,uart_loopback_test-000750,1316453943,PASS,pass,NONE,,,,0,0,0,0,0,0.0525,39.11,5252,0,uvm_report_server
RUN-000751,reset_recovery_test-000751,419213434,PASS,pass,NONE,,,,0,1,0,0,0,0.9889,2.03,24722,0,uvm_report_server
RUN-000752,reg_sweep_test-000752,908020508,FAIL,fail,IRQ_LOST,B_IRQ_0x45,IRQ_LOST,513216,4,1,0,1,0,0.5832,3.85,14581,1,uvm_report_server
RUN-000753,uart_loopback_test-000753,860801457,PASS,pass,NONE,,,,0,1,0,0,0,0.3649,2.93,9123,0,uvm_report_server
RUN-000754,reset_recovery_test-000754,300848161,PASS,pass,NONE,,,,0,0,0,0,0,0.271,3.46,13548,0,uvm_report_server
RUN-000755,backpressure_test-000755,108531436,PASS,pass,NONE,,,,0,0,0,0,0,0.2468,30.96,12337,0,uvm_report_server
RUN-000756,uart_loopback_test-000756,1559839508,FAIL,fail,PREADY_TIMEOUT,B_APB_0x58,PREADY_TIMEOUT,882024,3,0,1,1,0,1.0023,1.34,25057,1,uvm_report_server
RUN-000757,irq_storm_test-000757,2131339779,FAIL,fail,PSLVERR_TIMEOUT,B_APB_0x55,PSLVERR_TIMEOUT,91256,2,0,1,0,0,0.1037,3.05,20736,1,uvm_report_server
RUN-000758,uart_loopback_test-000758,981583532,PASS,pass,NONE,,,,0,0,0,0,0,0.0785,23.95,3925,0,uvm_report_server
RUN-000759,reset_recovery_test-000759,463287847,PASS,pass,NONE,,,,0,0,0,0,0,0.1243,132.24,12425,0,uvm_report_server
RUN-000760,reg_sweep_test-000760,2433292,PASS,pass,NONE,,,,0,0,0,0,0,0.0771,13.22,7711,0,uvm_report_server
RUN-000761,dma_burst_test-000761,542744905,FAIL,fail,PSLVERR_TIMEOUT,B_APB_0x55,PSLVERR_TIMEOUT,341000,2,0,1,0,0,0.3875,5.57,38753,1,uvm_report_server
RUN-000762,parity_stress_test-000762,945759850,PASS,pass,NONE,,,,0,1,0,0,0,0.1426,14.4,14256,0,uvm_report_server
RUN-000763,reg_sweep_test-000763,663246902,FAIL,fail,IRQ_LOST,B_IRQ_0x45,IRQ_LOST,323928,3,1,0,0,0,0.3681,3.18,9203,1,uvm_report_server
RUN-000764,reset_recovery_test-000764,54050252,FAIL,fail,PSLVERR_TIMEOUT,B_APB_0x55,PSLVERR_TIMEOUT,597696,2,0,1,0,0,0.6792,14.63,135836,1,uvm_report_server
RUN-000765,parity_stress_test-000765,1431463632,FAIL,fail,PSLVERR_TIMEOUT,B_APB_0x55,PSLVERR_TIMEOUT,457160,2,1,1,0,0,0.5195,0.58,12986,1,uvm_report_server
RUN-000766,dma_burst_test-000766,2128608830,PASS,pass,NONE,,,,0,0,0,0,0,0.3162,6.48,31622,0,uvm_report_server
RUN-000767,backpressure_test-000767,648236750,PASS,pass,NONE,,,,0,1,0,0,0,0.0914,10.86,4571,0,uvm_report_server
RUN-000768,reg_sweep_test-000768,715068313,PASS,pass,NONE,,,,0,0,0,0,0,0.0567,146.54,11348,0,uvm_report_server
RUN-000769,reg_sweep_test-000769,1835600137,PASS,pass,NONE,,,,0,0,0,0,0,0.1342,31.02,13418,0,uvm_report_server
RUN-000770,dma_burst_test-000770,1428658608,FAIL,fail,PREADY_TIMEOUT,B_APB_0x58,PREADY_TIMEOUT,169048,4,0,1,1,0,0.1921,11.44,19212,1,uvm_report_server
RUN-000771,parity_stress_test-000771,23508533,FAIL,fail,FRAMING_ERROR,B_UART_0x24,FRAMING_ERROR,653488,4,0,0,1,1,0.7426,13.54,74264,1,uvm_report_server
RUN-000772,reg_sweep_test-000772,1536597214,PASS,pass,NONE,,,,0,1,0,0,0,0.422,8.98,21097,0,uvm_report_server
RUN-000773,reg_sweep_test-000773,1653742621,PASS,pass,NONE,,,,0,0,0,0,0,0.5053,8.38,25264,0,uvm_report_server
RUN-000774,reg_sweep_test-000774,480792495,PASS,pass,NONE,,,,0,0,0,0,0,0.129,33.01,12901,0,uvm_report_server
RUN-000775,reset_recovery_test-000775,1103985149,FAIL,fail,BUS_STARVATION,B_ARB_0x12,BUS_STARVATION,111584,2,1,0,1,0,0.1268,4.2,6340,1,uvm_report_server
RUN-000776,parity_stress_test-000776,1878280536,PASS,pass,NONE,,,,0,0,0,0,0,1.7648,2.52,44118,0,uvm_report_server
RUN-000777,parity_stress_test-000777,1705141720,PASS,pass,NONE,,,,0,0,0,0,0,0.1487,6.93,3718,0,uvm_report_server
RUN-000778,reg_sweep_test-000778,1232459810,PASS,pass,NONE,,,,0,0,0,0,0,0.0853,24.3,8527,0,uvm_report_server
RUN-000779,uart_loopback_test-000779,69523793,PASS,pass,NONE,,,,0,1,0,0,0,0.0887,24.49,4437,0,uvm_report_server
RUN-000780,backpressure_test-000780,330320293,FAIL,fail,BUS_STARVATION,B_ARB_0x12,BUS_STARVATION,167728,4,1,0,1,0,0.1906,2.72,9531,1,uvm_report_server
RUN-000781,reset_recovery_test-000781,608730781,FAIL,fail,FRAMING_ERROR,B_UART_0x24,FRAMING_ERROR,193160,2,0,0,0,1,0.2195,1.67,5486,1,uvm_report_server
RUN-000782,parity_stress_test-000782,2057327837,PASS,pass,NONE,,,,0,1,0,0,0,3.0383,4.91,75956,0,uvm_report_server
RUN-000783,reset_recovery_test-000783,1921562126,PASS,pass,NONE,,,,0,1,0,0,0,0.0684,27.88,6844,0,uvm_report_server
RUN-000784,reset_recovery_test-000784,1028244962,PASS,pass,NONE,,,,0,0,0,0,0,0.1641,12.52,16407,0,uvm_report_server
RUN-000785,dma_burst_test-000785,564340627,FAIL,fail,BUS_STARVATION,B_ARB_0x12,BUS_STARVATION,347160,1,0,0,0,0,0.3945,0.72,9863,1,uvm_report_server
RUN-000786,backpressure_test-000786,243931927,PASS,pass,NONE,,,,0,1,0,0,0,0.3477,23.98,8693,0,uvm_report_server
RUN-000787,irq_storm_test-000787,607119070,PASS,pass,NONE,,,,0,0,0,0,0,0.1088,73.67,21757,0,uvm_report_server
RUN-000788,irq_storm_test-000788,206979094,PASS,pass,NONE,,,,0,0,0,0,0,2.0656,7.27,51639,0,uvm_report_server
RUN-000789,backpressure_test-000789,403024161,FAIL,fail,FRAMING_ERROR,B_UART_0x24,FRAMING_ERROR,109208,2,1,0,0,1,0.1241,26.35,12411,1,uvm_report_server
RUN-000790,reg_sweep_test-000790,750680193,PASS,pass,NONE,,,,0,0,0,0,0,0.6263,6.23,15658,0,uvm_report_server
RUN-000791,dma_burst_test-000791,1326456867,PASS,pass,NONE,,,,0,0,0,0,0,0.2329,4.69,11644,0,uvm_report_server
RUN-000792,uart_loopback_test-000792,614246722,PASS,pass,NONE,,,,0,1,0,0,0,0.0824,13.26,8240,0,uvm_report_server
RUN-000793,uart_loopback_test-000793,2136096687,PASS,pass,NONE,,,,0,0,0,0,0,0.0212,46.51,4234,0,uvm_report_server
RUN-000794,dma_burst_test-000794,1997871426,FAIL,fail,PSLVERR_TIMEOUT,B_APB_0x55,PSLVERR_TIMEOUT,133936,2,1,1,0,0,0.1522,10.35,30434,1,uvm_report_server
RUN-000795,irq_storm_test-000795,2027472962,PASS,pass,NONE,,,,0,0,0,0,0,0.1192,33.65,11919,0,uvm_report_server
RUN-000796,reset_recovery_test-000796,894545504,PASS,pass,NONE,,,,0,0,0,0,0,0.4779,34.98,23896,0,uvm_report_server
RUN-000797,parity_stress_test-000797,713366585,FAIL,fail,FRAMING_ERROR,B_UART_0x24,FRAMING_ERROR,143176,3,0,0,1,1,0.1627,1.64,8136,1,uvm_report_server
RUN-000798,reg_sweep_test-000798,25537651,PASS,pass,NONE,,,,0,0,0,0,0,1.1064,7.19,55320,0,uvm_report_server
RUN-000799,backpressure_test-000799,1138559681,FAIL,fail,IRQ_LOST,B_IRQ_0x45,IRQ_LOST,79464,2,0,0,1,0,0.0903,6.79,4514,1,uvm_report_server
RUN-000800,parity_stress_test-000800,488286195,PASS,pass,NONE,,,,0,0,0,0,0,0.0772,27.73,7722,0,uvm_report_server
RUN-000801,reset_recovery_test-000801,947634109,PASS,pass,NONE,,,,0,1,0,0,0,0.1558,24.67,15580,0,uvm_report_server
RUN-000802,uart_loopback_test-000802,1477365028,FAIL,fail,FIFO_UNDERRUN,B_DMA_0x31,FIFO_UNDERRUN,121968,1,0,0,0,0,0.1386,2.62,3464,1,uvm_report_server
RUN-000803,uart_loopback_test-000803,1293617302,PASS,pass,NONE,,,,0,1,0,0,0,0.0692,14.65,6916,0,uvm_report_server
RUN-000804,backpressure_test-000804,776149685,PASS,pass,NONE,,,,0,0,0,0,0,0.0655,15.14,6548,0,uvm_report_server
RUN-000805,reg_sweep_test-000805,1525076053,PASS,pass,NONE,,,,0,0,0,0,0,0.2369,8.71,5923,0,uvm_report_server
RUN-000806,backpressure_test-000806,1872117549,PASS,pass,NONE,,,,0,0,0,0,0,0.8093,10.79,20233,0,uvm_report_server
RUN-000807,backpressure_test-000807,1217738321,FAIL,fail,BUS_STARVATION,B_ARB_0x12,BUS_STARVATION,113520,4,0,0,1,0,0.129,7.46,12897,1,uvm_report_server
RUN-000808,irq_storm_test-000808,178415521,PASS,pass,NONE,,,,0,1,0,0,0,0.1633,23.6,8163,0,uvm_report_server
RUN-000809,reg_sweep_test-000809,2013230740,FAIL,fail,PSLVERR_TIMEOUT,B_APB_0x55,PSLVERR_TIMEOUT,907984,2,0,1,0,0,1.0318,1.89,25794,1,uvm_report_server
RUN-000810,parity_stress_test-000810,1785515577,PASS,pass,NONE,,,,0,0,0,0,0,0.9615,8.41,24038,0,uvm_report_server
RUN-000811,backpressure_test-000811,1265845568,PASS,pass,NONE,,,,0,0,0,0,0,0.2445,17.7,6111,0,uvm_report_server
RUN-000812,uart_loopback_test-000812,1275661772,PASS,pass,NONE,,,,0,0,0,0,0,0.1652,11.68,8257,0,uvm_report_server
RUN-000813,uart_loopback_test-000813,639695222,PASS,pass,NONE,,,,0,0,0,0,0,0.0249,148.71,4972,0,uvm_report_server
RUN-000814,reg_sweep_test-000814,940207067,FAIL,fail,ASSERTION_FAIL,B_ASRT_0x81,ASSERTION_FAIL,107888,4,0,0,1,0,0.1226,3.79,6128,1,uvm_report_server
RUN-000815,reg_sweep_test-000815,1649297428,PASS,pass,NONE,,,,0,0,0,0,0,0.0634,16.8,3170,0,uvm_report_server
RUN-000816,reset_recovery_test-000816,449712824,PASS,pass,NONE,,,,0,0,0,0,0,0.0797,46.33,7973,0,uvm_report_server
RUN-000817,parity_stress_test-000817,1575535621,PASS,pass,NONE,,,,0,0,0,0,0,0.1327,7.22,3318,0,uvm_report_server
RUN-000818,uart_loopback_test-000818,660002946,FAIL,fail,PREADY_TIMEOUT,B_APB_0x58,PREADY_TIMEOUT,1057232,3,1,1,0,0,1.2014,2.04,60070,1,uvm_report_server
RUN-000819,reg_sweep_test-000819,1292563468,PASS,pass,NONE,,,,0,0,0,0,0,0.1392,3.43,3480,0,uvm_report_server
RUN-000820,irq_storm_test-000820,624497133,FAIL,fail,FRAMING_ERROR,B_UART_0x24,FRAMING_ERROR,95392,2,0,0,1,1,0.1084,2.43,5421,1,uvm_report_server
RUN-000821,parity_stress_test-000821,2114742019,FAIL,fail,PREADY_TIMEOUT,B_APB_0x58,PREADY_TIMEOUT,762960,3,0,1,0,0,0.867,5.27,21675,1,uvm_report_server
RUN-000822,reg_sweep_test-000822,1670434425,FAIL,fail,BUS_STARVATION,B_ARB_0x12,BUS_STARVATION,100056,1,0,0,0,0,0.1137,10.99,22743,1,uvm_report_server
RUN-000823,dma_burst_test-000823,1277933350,PASS,pass,NONE,,,,0,0,0,0,0,0.0956,182.4,19123,0,uvm_report_server
RUN-000824,reg_sweep_test-000824,2086936245,FAIL,fail,FIFO_UNDERRUN,B_DMA_0x31,FIFO_UNDERRUN,166584,3,0,0,1,0,0.1893,3.28,9467,1,uvm_report_server
RUN-000825,backpressure_test-000825,1637773998,PASS,pass,NONE,,,,0,0,0,0,0,0.082,3.24,4099,0,uvm_report_server
RUN-000826,uart_loopback_test-000826,853071706,FAIL,fail,IRQ_LOST,B_IRQ_0x45,IRQ_LOST,158752,2,0,0,0,0,0.1804,3.08,4511,1,uvm_report_server
RUN-000827,uart_loopback_test-000827,932979584,PASS,pass,NONE,,,,0,1,0,0,0,0.2693,29.38,26932,0,uvm_report_server
RUN-000828,uart_loopback_test-000828,1961735850,PASS,pass,NONE,,,,0,1,0,0,0,0.0377,14.56,3772,0,uvm_report_server
RUN-000829,reset_recovery_test-000829,1705125565,PASS,pass,NONE,,,,0,0,0,0,0,0.4122,10.79,20610,0,uvm_report_server
RUN-000830,dma_burst_test-000830,1572063050,PASS,pass,NONE,,,,0,0,0,0,0,0.0562,39.5,11245,0,uvm_report_server
RUN-000831,backpressure_test-000831,718489743,PASS,pass,NONE,,,,0,0,0,0,0,0.0668,15.48,6682,0,uvm_report_server
RUN-000832,dma_burst_test-000832,1957570524,FAIL,fail,PREADY_TIMEOUT,B_APB_0x58,PREADY_TIMEOUT,330880,4,0,1,1,0,0.376,4.72,37598,1,uvm_report_server
RUN-000833,dma_burst_test-000833,450429123,PASS,pass,NONE,,,,0,0,0,0,0,0.0954,87.92,19082,0,uvm_report_server
RUN-000834,parity_stress_test-000834,1001065240,PASS,pass,NONE,,,,0,0,0,0,0,0.0435,12.36,4354,0,uvm_report_server
RUN-000835,irq_storm_test-000835,2083967150,PASS,pass,NONE,,,,0,0,0,0,0,0.0814,13.46,8135,0,uvm_report_server
RUN-000836,reg_sweep_test-000836,1151289135,FAIL,fail,PREADY_TIMEOUT,B_APB_0x58,PREADY_TIMEOUT,1112936,3,0,1,1,0,1.2647,0.78,31616,1,uvm_report_server
RUN-000837,uart_loopback_test-000837,95791540,PASS,pass,NONE,,,,0,0,0,0,0,1.232,12.94,30800,0,uvm_report_server
RUN-000838,reg_sweep_test-000838,166674716,PASS,pass,NONE,,,,0,0,0,0,0,0.3392,11.72,16961,0,uvm_report_server
RUN-000839,parity_stress_test-000839,1002088874,PASS,pass,NONE,,,,0,1,0,0,0,0.0227,48.66,4530,0,uvm_report_server
RUN-000840,reg_sweep_test-000840,1753967166,PASS,pass,NONE,,,,0,1,0,0,0,0.0626,31.04,6262,0,uvm_report_server
RUN-000841,reg_sweep_test-000841,1930042208,FAIL,fail,BUS_STARVATION,B_ARB_0x12,BUS_STARVATION,48400,4,0,0,1,0,0.055,9.86,5503,1,uvm_report_server
RUN-000842,irq_storm_test-000842,324559566,PASS,pass,NONE,,,,0,0,0,0,0,0.0368,50.77,7358,0,uvm_report_server
RUN-000843,irq_storm_test-000843,1194825200,PASS,pass,NONE,,,,0,0,0,0,0,0.3122,7.09,15611,0,uvm_report_server
RUN-000844,reg_sweep_test-000844,2062036426,FAIL,fail,IRQ_LOST,B_IRQ_0x45,IRQ_LOST,327624,4,0,0,1,0,0.3723,2.92,18613,1,uvm_report_server
RUN-000845,parity_stress_test-000845,1446651329,PASS,pass,NONE,,,,0,0,0,0,0,0.4298,4.37,10745,0,uvm_report_server
RUN-000846,parity_stress_test-000846,2067173584,PASS,pass,NONE,,,,0,0,0,0,0,2.3443,6.63,58606,0,uvm_report_server
RUN-000847,dma_burst_test-000847,678522002,PASS,pass,NONE,,,,0,1,0,0,0,0.0551,36.25,5508,0,uvm_report_server
RUN-000848,dma_burst_test-000848,848534822,PASS,pass,NONE,,,,0,0,0,0,0,0.1792,5.39,4478,0,uvm_report_server
RUN-000849,reg_sweep_test-000849,1469025925,PASS,pass,NONE,,,,0,1,0,0,0,0.1731,12.47,4327,0,uvm_report_server
RUN-000850,irq_storm_test-000850,2137900752,FAIL,fail,FRAMING_ERROR,B_UART_0x24,FRAMING_ERROR,24640,1,0,0,0,1,0.028,11.81,5595,1,uvm_report_server
RUN-000851,uart_loopback_test-000851,1903138965,FAIL,fail,FIFO_UNDERRUN,B_DMA_0x31,FIFO_UNDERRUN,34232,4,0,0,1,0,0.0389,19.36,3890,1,uvm_report_server
RUN-000852,reset_recovery_test-000852,1729323598,FAIL,fail,IRQ_LOST,B_IRQ_0x45,IRQ_LOST,437448,4,0,0,1,0,0.4971,4.56,24856,1,uvm_report_server
RUN-000853,reg_sweep_test-000853,566438581,FAIL,fail,BUS_STARVATION,B_ARB_0x12,BUS_STARVATION,138864,2,0,0,0,0,0.1578,3.87,3945,1,uvm_report_server
RUN-000854,backpressure_test-000854,1742128305,PASS,pass,NONE,,,,0,1,0,0,0,1.2577,14.28,62884,0,uvm_report_server
RUN-000855,parity_stress_test-000855,136534482,PASS,pass,NONE,,,,0,0,0,0,0,0.1594,24.19,7969,0,uvm_report_server
RUN-000856,parity_stress_test-000856,1823942804,FAIL,fail,FRAMING_ERROR,B_UART_0x24,FRAMING_ERROR,112024,1,0,0,0,1,0.1273,8.78,6365,1,uvm_report_server
RUN-000857,reset_recovery_test-000857,419772835,FAIL,fail,FIFO_UNDERRUN,B_DMA_0x31,FIFO_UNDERRUN,73040,1,1,0,0,0,0.083,4.09,4150,1,uvm_report_server
RUN-000858,reg_sweep_test-000858,1184126942,PASS,pass,NONE,,,,0,0,0,0,0,0.0638,28.92,6382,0,uvm_report_server
RUN-000859,reg_sweep_test-000859,1988023291,PASS,pass,NONE,,,,0,0,0,0,0,0.4437,9.28,22184,0,uvm_report_server
RUN-000860,reset_recovery_test-000860,1321501235,PASS,pass,NONE,,,,0,0,0,0,0,0.116,16.38,11604,0,uvm_report_server
RUN-000861,reg_sweep_test-000861,48890377,PASS,pass,NONE,,,,0,1,0,0,0,0.2104,20.8,21038,0,uvm_report_server
RUN-000862,parity_stress_test-000862,313154280,PASS,pass,NONE,,,,0,0,0,0,0,0.1873,21.36,18725,0,uvm_report_server
RUN-000863,uart_loopback_test-000863,162969462,PASS,pass,NONE,,,,0,0,0,0,0,0.0205,208.61,4107,0,uvm_report_server
RUN-000864,uart_loopback_test-000864,2147015980,FAIL,fail,FRAMING_ERROR,B_UART_0x24,FRAMING_ERROR,113872,1,1,0,0,1,0.1294,5.03,12944,1,uvm_report_server
RUN-000865,uart_loopback_test-000865,82149050,PASS,pass,NONE,,,,0,0,0,0,0,0.1278,16.68,12781,0,uvm_report_server
RUN-000866,dma_burst_test-000866,969847550,PASS,pass,NONE,,,,0,0,0,0,0,0.0853,13.09,17063,0,uvm_report_server
RUN-000867,reset_recovery_test-000867,1966712010,FAIL,fail,BUS_STARVATION,B_ARB_0x12,BUS_STARVATION,52360,3,0,0,0,0,0.0595,2.59,11896,1,uvm_report_server
RUN-000868,uart_loopback_test-000868,744741164,PASS,pass,NONE,,,,0,1,0,0,0,0.0455,97.27,4547,0,uvm_report_server
RUN-000869,irq_storm_test-000869,462287247,PASS,pass,NONE,,,,0,0,0,0,0,0.1727,11.94,8633,0,uvm_report_server
RUN-000870,uart_loopback_test-000870,1687440702,PASS,pass,NONE,,,,0,0,0,0,0,0.4364,9.35,10910,0,uvm_report_server
RUN-000871,parity_stress_test-000871,844653340,PASS,pass,NONE,,,,0,1,0,0,0,0.0208,26.72,4161,0,uvm_report_server
RUN-000872,reset_recovery_test-000872,1985928917,PASS,pass,NONE,,,,0,0,0,0,0,0.1251,32.13,6253,0,uvm_report_server
RUN-000873,irq_storm_test-000873,1646329273,PASS,pass,NONE,,,,0,1,0,0,0,0.0192,27.13,3835,0,uvm_report_server
RUN-000874,uart_loopback_test-000874,1910344926,PASS,pass,NONE,,,,0,1,0,0,0,0.052,18.73,5197,0,uvm_report_server
RUN-000875,irq_storm_test-000875,1285429788,FAIL,fail,BUS_STARVATION,B_ARB_0x12,BUS_STARVATION,898744,2,0,0,0,0,1.0213,2.77,25533,1,uvm_report_server
RUN-000876,backpressure_test-000876,1347494140,PASS,pass,NONE,,,,0,0,0,0,0,0.0475,21.5,4750,0,uvm_report_server
RUN-000877,reg_sweep_test-000877,677707534,PASS,pass,NONE,,,,0,0,0,0,0,0.2052,9.91,5129,0,uvm_report_server
RUN-000878,parity_stress_test-000878,862034508,PASS,pass,NONE,,,,0,0,0,0,0,0.2051,9.12,20509,0,uvm_report_server
RUN-000879,reg_sweep_test-000879,1929033521,PASS,pass,NONE,,,,0,1,0,0,0,0.0784,57.28,7841,0,uvm_report_server
RUN-000880,reg_sweep_test-000880,79296042,PASS,pass,NONE,,,,0,0,0,0,0,0.0208,44.96,4161,0,uvm_report_server
RUN-000881,reset_recovery_test-000881,81537550,PASS,pass,NONE,,,,0,1,0,0,0,0.0916,22.28,9163,0,uvm_report_server
RUN-000882,reg_sweep_test-000882,851021998,FAIL,fail,FRAMING_ERROR,B_UART_0x24,FRAMING_ERROR,37840,1,0,0,0,1,0.043,15.08,8606,1,uvm_report_server
RUN-000883,backpressure_test-000883,1181161057,PASS,pass,NONE,,,,0,0,0,0,0,0.1741,11.37,4351,0,uvm_report_server
RUN-000884,backpressure_test-000884,794787166,FAIL,fail,IRQ_LOST,B_IRQ_0x45,IRQ_LOST,252384,3,0,0,0,0,0.2868,8.67,14338,1,uvm_report_server
RUN-000885,backpressure_test-000885,34168197,PASS,pass,NONE,,,,0,1,0,0,0,0.0566,9.13,2830,0,uvm_report_server
RUN-000886,backpressure_test-000886,361807043,FAIL,fail,FRAMING_ERROR,B_UART_0x24,FRAMING_ERROR,36520,2,0,0,0,1,0.0415,5.7,4149,1,uvm_report_server
RUN-000887,irq_storm_test-000887,357209076,FAIL,fail,BUS_STARVATION,B_ARB_0x12,BUS_STARVATION,189288,4,0,0,1,0,0.2151,1.62,5378,1,uvm_report_server
RUN-000888,uart_loopback_test-000888,333644170,FAIL,fail,IRQ_LOST,B_IRQ_0x45,IRQ_LOST,413864,4,0,0,1,0,0.4703,5.33,11758,1,uvm_report_server
RUN-000889,dma_burst_test-000889,1137791201,PASS,pass,NONE,,,,0,0,0,0,0,0.3194,54.23,63878,0,uvm_report_server
RUN-000890,backpressure_test-000890,1176954554,FAIL,fail,FIFO_UNDERRUN,B_DMA_0x31,FIFO_UNDERRUN,58872,3,0,0,0,0,0.0669,5.32,3343,1,uvm_report_server
RUN-000891,dma_burst_test-000891,388040109,FAIL,fail,BUS_STARVATION,B_ARB_0x12,BUS_STARVATION,446072,2,0,0,0,0,0.5069,1.02,12671,1,uvm_report_server
RUN-000892,reg_sweep_test-000892,1825488540,FAIL,fail,FIFO_UNDERRUN,B_DMA_0x31,FIFO_UNDERRUN,40216,3,0,0,0,0,0.0457,3.19,4569,1,uvm_report_server
RUN-000893,reset_recovery_test-000893,227903561,PASS,pass,NONE,,,,0,0,0,0,0,0.0632,4.25,3159,0,uvm_report_server
RUN-000894,parity_stress_test-000894,1881890875,PASS,pass,NONE,,,,0,0,0,0,0,0.1229,31.08,12287,0,uvm_report_server
RUN-000895,dma_burst_test-000895,423699316,FAIL,fail,PSLVERR_TIMEOUT,B_APB_0x55,PSLVERR_TIMEOUT,233288,2,0,1,0,0,0.2651,10.65,53022,1,uvm_report_server
RUN-000896,uart_loopback_test-000896,1178446483,PASS,pass,NONE,,,,0,1,0,0,0,0.0639,135.24,12785,0,uvm_report_server
RUN-000897,reset_recovery_test-000897,683526649,PASS,pass,NONE,,,,0,0,0,0,0,0.0999,40.13,4992,0,uvm_report_server
RUN-000898,reg_sweep_test-000898,991647840,FAIL,fail,IRQ_LOST,B_IRQ_0x45,IRQ_LOST,99968,4,0,0,1,0,0.1136,1.3,2839,1,uvm_report_server
RUN-000899,irq_storm_test-000899,870768107,PASS,pass,NONE,,,,0,1,0,0,0,0.1401,29.9,7002,0,uvm_report_server
RUN-000900,irq_storm_test-000900,1957857088,PASS,pass,NONE,,,,0,0,0,0,0,0.0475,39.62,4745,0,uvm_report_server
RUN-000901,dma_burst_test-000901,1273397430,PASS,pass,NONE,,,,0,1,0,0,0,0.131,15.43,6552,0,uvm_report_server
RUN-000902,backpressure_test-000902,919187222,FAIL,fail,FIFO_UNDERRUN,B_DMA_0x31,FIFO_UNDERRUN,59136,3,0,0,0,0,0.0672,1.44,3358,1,uvm_report_server
RUN-000903,uart_loopback_test-000903,54007994,PASS,pass,NONE,,,,0,0,0,0,0,0.3039,13.79,15192,0,uvm_report_server
RUN-000904,parity_stress_test-000904,1651010962,PASS,pass,NONE,,,,0,0,0,0,0,0.2231,4.89,5577,0,uvm_report_server
RUN-000905,uart_loopback_test-000905,143790723,PASS,pass,NONE,,,,0,0,0,0,0,0.5084,4.03,12709,0,uvm_report_server
RUN-000906,reg_sweep_test-000906,1492848586,FAIL,fail,FIFO_UNDERRUN,B_DMA_0x31,FIFO_UNDERRUN,13288,3,0,0,0,0,0.0151,33.36,3026,1,uvm_report_server
RUN-000907,irq_storm_test-000907,255803867,PASS,pass,NONE,,,,0,0,0,0,0,0.0538,80.66,10753,0,uvm_report_server
RUN-000908,irq_storm_test-000908,954722778,PASS,pass,NONE,,,,0,0,0,0,0,0.1462,14.0,7308,0,uvm_report_server
RUN-000909,irq_storm_test-000909,959071041,PASS,pass,NONE,,,,0,0,0,0,0,0.2299,35.38,11494,0,uvm_report_server
RUN-000910,reset_recovery_test-000910,968028601,PASS,pass,NONE,,,,0,0,0,0,0,0.0502,4.77,5021,0,uvm_report_server
RUN-000911,uart_loopback_test-000911,763467299,PASS,pass,NONE,,,,0,1,0,0,0,0.3383,5.79,8456,0,uvm_report_server
RUN-000912,irq_storm_test-000912,1419250210,PASS,pass,NONE,,,,0,0,0,0,0,0.4259,9.38,21297,0,uvm_report_server
RUN-000913,reset_recovery_test-000913,529801932,PASS,pass,NONE,,,,0,0,0,0,0,0.2483,34.89,24830,0,uvm_report_server
RUN-000914,uart_loopback_test-000914,697783006,PASS,pass,NONE,,,,0,0,0,0,0,0.1577,51.64,15765,0,uvm_report_server
RUN-000915,parity_stress_test-000915,2076981963,PASS,pass,NONE,,,,0,0,0,0,0,0.1878,10.42,9389,0,uvm_report_server
RUN-000916,parity_stress_test-000916,2145635392,PASS,pass,NONE,,,,0,0,0,0,0,0.51,15.71,12750,0,uvm_report_server
RUN-000917,reg_sweep_test-000917,1933056407,PASS,pass,NONE,,,,0,0,0,0,0,1.0947,7.78,27367,0,uvm_report_server
RUN-000918,parity_stress_test-000918,1276996790,FAIL,fail,FIFO_UNDERRUN,B_DMA_0x31,FIFO_UNDERRUN,105864,1,0,0,0,0,0.1203,2.31,6015,1,uvm_report_server
RUN-000919,irq_storm_test-000919,897417533,FAIL,fail,BUS_STARVATION,B_ARB_0x12,BUS_STARVATION,205568,3,1,0,0,0,0.2336,13.6,23361,1,uvm_report_server
RUN-000920,reg_sweep_test-000920,1469879017,FAIL,fail,PREADY_TIMEOUT,B_APB_0x58,PREADY_TIMEOUT,768768,2,0,1,0,0,0.8736,1.38,43681,1,uvm_report_server
RUN-000921,parity_stress_test-000921,681540443,FAIL,fail,PSLVERR_TIMEOUT,B_APB_0x55,PSLVERR_TIMEOUT,346984,2,0,1,0,0,0.3943,7.54,78866,1,uvm_report_server
RUN-000922,dma_burst_test-000922,928510166,PASS,pass,NONE,,,,0,0,0,0,0,0.056,34.24,5600,0,uvm_report_server
RUN-000923,backpressure_test-000923,1922426602,PASS,pass,NONE,,,,0,0,0,0,0,0.0827,45.43,16533,0,uvm_report_server
RUN-000924,reg_sweep_test-000924,1988460054,FAIL,fail,BUS_STARVATION,B_ARB_0x12,BUS_STARVATION,591096,2,0,0,0,0,0.6717,4.2,33582,1,uvm_report_server
RUN-000925,parity_stress_test-000925,870212816,FAIL,fail,FRAMING_ERROR,B_UART_0x24,FRAMING_ERROR,38984,3,1,0,1,1,0.0443,19.97,4426,1,uvm_report_server
RUN-000926,irq_storm_test-000926,645139307,PASS,pass,NONE,,,,0,0,0,0,0,0.0284,155.24,5687,0,uvm_report_server
RUN-000927,reset_recovery_test-000927,968599646,PASS,pass,NONE,,,,0,0,0,0,0,0.3378,49.57,33780,0,uvm_report_server
RUN-000928,reg_sweep_test-000928,2093782486,PASS,pass,NONE,,,,0,0,0,0,0,0.0252,19.79,2524,0,uvm_report_server
RUN-000929,reset_recovery_test-000929,302815981,FAIL,fail,PREADY_TIMEOUT,B_APB_0x58,PREADY_TIMEOUT,834328,3,0,1,0,0,0.9481,11.62,94807,1,uvm_report_server
RUN-000930,irq_storm_test-000930,99203936,PASS,pass,NONE,,,,0,1,0,0,0,0.4458,2.42,11143,0,uvm_report_server
RUN-000931,dma_burst_test-000931,1950961550,FAIL,fail,PSLVERR_TIMEOUT,B_APB_0x55,PSLVERR_TIMEOUT,645040,3,0,1,1,0,0.733,7.14,73303,1,uvm_report_server
RUN-000932,dma_burst_test-000932,306753721,PASS,pass,NONE,,,,0,1,0,0,0,0.0857,199.17,17133,0,uvm_report_server
RUN-000933,parity_stress_test-000933,200911372,PASS,pass,NONE,,,,0,0,0,0,0,0.1982,10.26,19822,0,uvm_report_server
RUN-000934,dma_burst_test-000934,1156141132,PASS,pass,NONE,,,,0,0,0,0,0,0.0431,46.49,4305,0,uvm_report_server
RUN-000935,parity_stress_test-000935,212507536,PASS,pass,NONE,,,,0,0,0,0,0,0.3957,2.4,9893,0,uvm_report_server
RUN-000936,dma_burst_test-000936,1391867846,PASS,pass,NONE,,,,0,0,0,0,0,0.455,19.69,22750,0,uvm_report_server
RUN-000937,irq_storm_test-000937,1134479445,PASS,pass,NONE,,,,0,1,0,0,0,0.0878,25.29,8778,0,uvm_report_server
RUN-000938,reset_recovery_test-000938,176376066,PASS,pass,NONE,,,,0,1,0,0,0,0.0165,121.98,3308,0,uvm_report_server
RUN-000939,reset_recovery_test-000939,1480070951,PASS,pass,NONE,,,,0,0,0,0,0,0.092,44.37,9203,0,uvm_report_server
RUN-000940,backpressure_test-000940,1051643603,FAIL,fail,IRQ_LOST,B_IRQ_0x45,IRQ_LOST,213840,1,0,0,0,0,0.243,2.4,12149,1,uvm_report_server
RUN-000941,uart_loopback_test-000941,2093495929,FAIL,fail,BUS_STARVATION,B_ARB_0x12,BUS_STARVATION,121528,1,1,0,0,0,0.1381,8.13,13806,1,uvm_report_server
RUN-000942,backpressure_test-000942,1282641324,PASS,pass,NONE,,,,0,0,0,0,0,0.1949,44.41,38984,0,uvm_report_server
RUN-000943,uart_loopback_test-000943,669688824,FAIL,fail,REG_MISMATCH,B_REG_0x70,REG_MISMATCH,141240,2,1,0,0,1,0.1605,7.46,16052,1,uvm_report_server
RUN-000944,dma_burst_test-000944,705917514,PASS,pass,NONE,,,,0,0,0,0,0,0.0446,20.88,8919,0,uvm_report_server
RUN-000945,uart_loopback_test-000945,1198464243,PASS,pass,NONE,,,,0,0,0,0,0,0.2019,21.79,10096,0,uvm_report_server
RUN-000946,reset_recovery_test-000946,1483601156,PASS,pass,NONE,,,,0,0,0,0,0,0.1584,12.39,3959,0,uvm_report_server
RUN-000947,reset_recovery_test-000947,1090293525,PASS,pass,NONE,,,,0,0,0,0,0,0.5924,1.58,14809,0,uvm_report_server
RUN-000948,dma_burst_test-000948,5995919,PASS,pass,NONE,,,,0,0,0,0,0,0.3042,7.38,7605,0,uvm_report_server
RUN-000949,parity_stress_test-000949,1316757908,PASS,pass,NONE,,,,0,0,0,0,0,0.0397,24.56,3965,0,uvm_report_server
RUN-000950,irq_storm_test-000950,731287272,PASS,pass,NONE,,,,0,0,0,0,0,0.0606,143.27,12126,0,uvm_report_server
RUN-000951,irq_storm_test-000951,1367972490,PASS,pass,NONE,,,,0,0,0,0,0,1.1493,13.28,57465,0,uvm_report_server
RUN-000952,reg_sweep_test-000952,926745768,FAIL,fail,FRAMING_ERROR,B_UART_0x24,FRAMING_ERROR,278784,2,1,0,1,1,0.3168,6.89,7918,1,uvm_report_server
RUN-000953,dma_burst_test-000953,452221098,PASS,pass,NONE,,,,0,0,0,0,0,0.2035,40.31,10174,0,uvm_report_server
RUN-000954,backpressure_test-000954,434641554,FAIL,fail,FRAMING_ERROR,B_UART_0x24,FRAMING_ERROR,327536,2,0,0,0,1,0.3722,6.44,18608,1,uvm_report_server
RUN-000955,reset_recovery_test-000955,1383875770,PASS,pass,NONE,,,,0,0,0,0,0,0.723,10.23,36149,0,uvm_report_server
RUN-000956,reg_sweep_test-000956,1670935099,PASS,pass,NONE,,,,0,1,0,0,0,0.2572,16.53,25717,0,uvm_report_server
RUN-000957,backpressure_test-000957,216079624,FAIL,fail,FRAMING_ERROR,B_UART_0x24,FRAMING_ERROR,579568,1,0,0,0,1,0.6586,1.32,32928,1,uvm_report_server
RUN-000958,reset_recovery_test-000958,1562505036,PASS,pass,NONE,,,,0,0,0,0,0,0.0442,23.95,4418,0,uvm_report_server
RUN-000959,reset_recovery_test-000959,1572520571,FAIL,fail,PSLVERR_TIMEOUT,B_APB_0x55,PSLVERR_TIMEOUT,411928,2,0,1,0,0,0.4681,11.43,46814,1,uvm_report_server
RUN-000960,reg_sweep_test-000960,675503933,FAIL,fail,IRQ_LOST,B_IRQ_0x45,IRQ_LOST,137104,1,0,0,0,0,0.1558,9.49,7791,1,uvm_report_server
RUN-000961,irq_storm_test-000961,1841937591,PASS,pass,NONE,,,,0,0,0,0,0,0.2506,15.52,25064,0,uvm_report_server
RUN-000962,uart_loopback_test-000962,1043657815,PASS,pass,NONE,,,,0,1,0,0,0,0.2216,9.83,22163,0,uvm_report_server
RUN-000963,irq_storm_test-000963,1039232388,PASS,pass,NONE,,,,0,0,0,0,0,0.4072,9.06,10179,0,uvm_report_server
RUN-000964,backpressure_test-000964,869152503,PASS,pass,NONE,,,,0,0,0,0,0,0.0806,23.02,16125,0,uvm_report_server
RUN-000965,uart_loopback_test-000965,575885867,FAIL,fail,PREADY_TIMEOUT,B_APB_0x58,PREADY_TIMEOUT,436216,4,1,1,1,0,0.4957,0.9,24785,1,uvm_report_server
RUN-000966,reg_sweep_test-000966,483286609,FAIL,fail,BUS_STARVATION,B_ARB_0x12,BUS_STARVATION,330880,2,0,0,0,0,0.376,2.47,37603,1,uvm_report_server
RUN-000967,backpressure_test-000967,860294133,PASS,pass,NONE,,,,0,1,0,0,0,0.0601,36.01,6010,0,uvm_report_server
RUN-000968,reset_recovery_test-000968,628536091,FAIL,fail,FRAMING_ERROR,B_UART_0x24,FRAMING_ERROR,77264,3,0,0,0,1,0.0878,13.31,8775,1,uvm_report_server
RUN-000969,reg_sweep_test-000969,1907883495,PASS,pass,NONE,,,,0,0,0,0,0,0.1945,42.16,19445,0,uvm_report_server
RUN-000970,dma_burst_test-000970,1279112313,PASS,pass,NONE,,,,0,0,0,0,0,0.0811,24.39,8111,0,uvm_report_server
RUN-000971,uart_loopback_test-000971,969179168,PASS,pass,NONE,,,,0,0,0,0,0,0.3412,24.21,8529,0,uvm_report_server
RUN-000972,uart_loopback_test-000972,1827830396,PASS,pass,NONE,,,,0,0,0,0,0,0.4728,9.36,11819,0,uvm_report_server
RUN-000973,dma_burst_test-000973,1597890283,PASS,pass,NONE,,,,0,0,0,0,0,0.0429,185.83,8587,0,uvm_report_server
RUN-000974,backpressure_test-000974,674932306,PASS,pass,NONE,,,,0,1,0,0,0,0.3555,46.1,35546,0,uvm_report_server
RUN-000975,parity_stress_test-000975,352695461,FAIL,fail,IRQ_LOST,B_IRQ_0x45,IRQ_LOST,209176,2,0,0,1,0,0.2377,5.04,5943,1,uvm_report_server
RUN-000976,backpressure_test-000976,1336866089,PASS,pass,NONE,,,,0,0,0,0,0,0.0137,37.24,2747,0,uvm_report_server
RUN-000977,irq_storm_test-000977,568625222,PASS,pass,NONE,,,,0,0,0,0,0,0.0962,76.82,9618,0,uvm_report_server
RUN-000978,dma_burst_test-000978,1837169561,PASS,pass,NONE,,,,0,0,0,0,0,0.1105,4.5,2762,0,uvm_report_server
RUN-000979,reset_recovery_test-000979,1526262765,PASS,pass,NONE,,,,0,0,0,0,0,0.3069,25.34,30687,0,uvm_report_server
RUN-000980,parity_stress_test-000980,1324245566,PASS,pass,NONE,,,,0,0,0,0,0,0.1047,4.51,10467,0,uvm_report_server
RUN-000981,parity_stress_test-000981,1255312972,FAIL,fail,BUS_STARVATION,B_ARB_0x12,BUS_STARVATION,128040,4,0,0,1,0,0.1455,4.38,7275,1,uvm_report_server
RUN-000982,irq_storm_test-000982,1785899355,FAIL,fail,FIFO_UNDERRUN,B_DMA_0x31,FIFO_UNDERRUN,78936,2,0,0,0,0,0.0897,2.56,4484,1,uvm_report_server
RUN-000983,reg_sweep_test-000983,1598017521,PASS,pass,NONE,,,,0,0,0,0,0,0.0235,40.7,4701,0,uvm_report_server
RUN-000984,uart_loopback_test-000984,700986379,FAIL,fail,PREADY_TIMEOUT,B_APB_0x58,PREADY_TIMEOUT,339592,2,0,1,1,0,0.3859,14.68,19297,1,uvm_report_server
RUN-000985,parity_stress_test-000985,1649059104,FAIL,fail,PSLVERR_TIMEOUT,B_APB_0x55,PSLVERR_TIMEOUT,312664,2,1,1,0,0,0.3553,4.36,35531,1,uvm_report_server
RUN-000986,reg_sweep_test-000986,1348983897,PASS,pass,NONE,,,,0,0,0,0,0,0.3151,3.14,7878,0,uvm_report_server
RUN-000987,uart_loopback_test-000987,304398938,PASS,pass,NONE,,,,0,0,0,0,0,0.1485,25.27,14852,0,uvm_report_server
RUN-000988,backpressure_test-000988,1166746762,FAIL,fail,IRQ_LOST,B_IRQ_0x45,IRQ_LOST,489368,3,0,0,0,0,0.5561,7.01,13901,1,uvm_report_server
RUN-000989,irq_storm_test-000989,158856716,FAIL,fail,BUS_STARVATION,B_ARB_0x12,BUS_STARVATION,351912,2,0,0,1,0,0.3999,1.18,9998,1,uvm_report_server
RUN-000990,uart_loopback_test-000990,1077617812,PASS,pass,NONE,,,,0,0,0,0,0,0.4789,36.86,47891,0,uvm_report_server
RUN-000991,dma_burst_test-000991,913321712,PASS,pass,NONE,,,,0,1,0,0,0,0.0379,98.8,7578,0,uvm_report_server
RUN-000992,irq_storm_test-000992,2131926492,FAIL,fail,BUS_STARVATION,B_ARB_0x12,BUS_STARVATION,148808,3,0,0,1,0,0.1691,3.39,8457,1,uvm_report_server
RUN-000993,parity_stress_test-000993,1600108580,PASS,pass,NONE,,,,0,1,0,0,0,0.1697,12.8,8486,0,uvm_report_server
RUN-000994,dma_burst_test-000994,1531595982,FAIL,fail,IRQ_LOST,B_IRQ_0x45,IRQ_LOST,393976,3,1,0,0,0,0.4477,5.6,22383,1,uvm_report_server
RUN-000995,reg_sweep_test-000995,1020713188,PASS,pass,NONE,,,,0,1,0,0,0,0.1821,5.6,4552,0,uvm_report_server
RUN-000996,uart_loopback_test-000996,1899245078,PASS,pass,NONE,,,,0,1,0,0,0,0.0147,76.37,2934,0,uvm_report_server
RUN-000997,reset_recovery_test-000997,1192692473,PASS,pass,NONE,,,,0,1,0,0,0,0.3329,13.15,16644,0,uvm_report_server
RUN-000998,parity_stress_test-000998,114866020,FAIL,fail,FRAMING_ERROR,B_UART_0x24,FRAMING_ERROR,520168,3,0,0,0,1,0.5911,3.74,59114,1,uvm_report_server
RUN-000999,reg_sweep_test-000999,1521222853,PASS,pass,NONE,,,,0,0,0,0,0,0.1268,30.91,12684,0,uvm_report_server
RUN-001000,reg_sweep_test-001000,471743211,PASS,pass,NONE,,,,0,0,0,0,0,0.2984,1.82,7460,0,uvm_report_server
RUN-001001,parity_stress_test-001001,1008047153,PASS,pass,NONE,,,,0,0,0,0,0,0.5287,7.15,13216,0,uvm_report_server
RUN-001002,reg_sweep_test-001002,322638104,PASS,pass,NONE,,,,0,0,0,0,0,0.0184,105.57,3679,0,uvm_report_server
RUN-001003,dma_burst_test-001003,1487821879,PASS,pass,NONE,,,,0,0,0,0,0,0.1187,18.88,5933,0,uvm_report_server
RUN-001004,dma_burst_test-001004,649956568,PASS,pass,NONE,,,,0,1,0,0,0,0.0426,94.67,8519,0,uvm_report_server
RUN-001005,parity_stress_test-001005,1106457341,PASS,pass,NONE,,,,0,1,0,0,0,0.9794,15.85,48971,0,uvm_report_server
RUN-001006,backpressure_test-001006,742815752,PASS,pass,NONE,,,,0,1,0,0,0,0.1245,16.03,6226,0,uvm_report_server
RUN-001007,backpressure_test-001007,556998697,FAIL,fail,BUS_STARVATION,B_ARB_0x12,BUS_STARVATION,323136,1,0,0,0,0,0.3672,0.69,18360,1,uvm_report_server
RUN-001008,parity_stress_test-001008,69489875,FAIL,fail,BUS_STARVATION,B_ARB_0x12,BUS_STARVATION,77264,2,0,0,0,0,0.0878,7.02,8775,1,uvm_report_server
RUN-001009,dma_burst_test-001009,1101959246,PASS,pass,NONE,,,,0,1,0,0,0,0.1767,2.79,4417,0,uvm_report_server
RUN-001010,dma_burst_test-001010,1015764989,PASS,pass,NONE,,,,0,0,0,0,0,0.0522,75.94,10435,0,uvm_report_server
RUN-001011,dma_burst_test-001011,1608343565,PASS,pass,NONE,,,,0,0,0,0,0,0.2375,9.09,11874,0,uvm_report_server
RUN-001012,backpressure_test-001012,116017449,PASS,pass,NONE,,,,0,0,0,0,0,0.0141,33.61,2818,0,uvm_report_server
RUN-001013,parity_stress_test-001013,850020508,PASS,pass,NONE,,,,0,0,0,0,0,0.2798,30.36,27978,0,uvm_report_server
RUN-001014,irq_storm_test-001014,328108069,PASS,pass,NONE,,,,0,0,0,0,0,0.2324,1.04,5808,0,uvm_report_server
RUN-001015,backpressure_test-001015,2111205134,FAIL,fail,PSLVERR_TIMEOUT,B_APB_0x55,PSLVERR_TIMEOUT,304480,3,1,1,1,0,0.346,2.04,17297,1,uvm_report_server
RUN-001016,irq_storm_test-001016,1459631804,PASS,pass,NONE,,,,0,0,0,0,0,0.5472,1.83,13679,0,uvm_report_server
RUN-001017,uart_loopback_test-001017,697806596,PASS,pass,NONE,,,,0,0,0,0,0,0.05,19.6,5000,0,uvm_report_server
RUN-001018,irq_storm_test-001018,1626796640,FAIL,fail,IRQ_LOST,B_IRQ_0x45,IRQ_LOST,1181136,2,0,0,0,0,1.3422,4.49,33555,1,uvm_report_server
RUN-001019,reg_sweep_test-001019,2002531830,FAIL,fail,FIFO_UNDERRUN,B_DMA_0x31,FIFO_UNDERRUN,134552,2,0,0,0,0,0.1529,2.9,3822,1,uvm_report_server
RUN-001020,reset_recovery_test-001020,1728765769,FAIL,fail,BUS_STARVATION,B_ARB_0x12,BUS_STARVATION,913264,2,1,0,0,0,1.0378,0.79,25946,1,uvm_report_server
RUN-001021,parity_stress_test-001021,1887233532,PASS,pass,NONE,,,,0,1,0,0,0,0.0813,22.72,8131,0,uvm_report_server
RUN-001022,uart_loopback_test-001022,1632467136,PASS,pass,NONE,,,,0,0,0,0,0,0.0483,10.11,4831,0,uvm_report_server
RUN-001023,backpressure_test-001023,724409069,FAIL,fail,PSLVERR_TIMEOUT,B_APB_0x55,PSLVERR_TIMEOUT,291984,2,0,1,0,0,0.3318,3.18,16591,1,uvm_report_server
RUN-001024,backpressure_test-001024,1912112119,PASS,pass,NONE,,,,0,0,0,0,0,1.0993,3.44,54967,0,uvm_report_server
RUN-001025,reg_sweep_test-001025,1055104330,PASS,pass,NONE,,,,0,0,0,0,0,0.1361,30.8,13609,0,uvm_report_server
RUN-001026,uart_loopback_test-001026,730681170,PASS,pass,NONE,,,,0,0,0,0,0,0.0823,47.83,8234,0,uvm_report_server
RUN-001027,dma_burst_test-001027,359359088,FAIL,fail,PSLVERR_TIMEOUT,B_APB_0x55,PSLVERR_TIMEOUT,335544,3,0,1,1,0,0.3813,2.57,19064,1,uvm_report_server
RUN-001028,dma_burst_test-001028,208317676,PASS,pass,NONE,,,,0,0,0,0,0,0.0325,29.61,6492,0,uvm_report_server
RUN-001029,irq_storm_test-001029,1873656901,PASS,pass,NONE,,,,0,0,0,0,0,0.2312,4.6,11559,0,uvm_report_server
RUN-001030,uart_loopback_test-001030,963176880,PASS,pass,NONE,,,,0,0,0,0,0,0.7627,11.15,38132,0,uvm_report_server
RUN-001031,reset_recovery_test-001031,280344063,PASS,pass,NONE,,,,0,0,0,0,0,0.4236,8.88,10590,0,uvm_report_server
RUN-001032,dma_burst_test-001032,1062314129,FAIL,fail,PSLVERR_TIMEOUT,B_APB_0x55,PSLVERR_TIMEOUT,87824,2,0,1,0,0,0.0998,5.39,19966,1,uvm_report_server
RUN-001033,parity_stress_test-001033,48370693,FAIL,fail,IRQ_LOST,B_IRQ_0x45,IRQ_LOST,256960,1,1,0,0,0,0.292,4.88,14598,1,uvm_report_server
RUN-001034,irq_storm_test-001034,410419074,PASS,pass,NONE,,,,0,1,0,0,0,0.5473,7.99,13682,0,uvm_report_server
RUN-001035,reset_recovery_test-001035,313080771,PASS,pass,NONE,,,,0,0,0,0,0,0.0252,82.64,5042,0,uvm_report_server
RUN-001036,reset_recovery_test-001036,953953755,PASS,pass,NONE,,,,0,1,0,0,0,0.1094,80.06,10942,0,uvm_report_server
RUN-001037,irq_storm_test-001037,1449263000,PASS,pass,NONE,,,,0,0,0,0,0,0.2019,19.52,10094,0,uvm_report_server
RUN-001038,backpressure_test-001038,1058732789,PASS,pass,NONE,,,,0,0,0,0,0,0.1536,14.38,7680,0,uvm_report_server
RUN-001039,dma_burst_test-001039,1817908711,PASS,pass,NONE,,,,0,0,0,0,0,0.0415,23.03,4153,0,uvm_report_server
RUN-001040,irq_storm_test-001040,1364003598,PASS,pass,NONE,,,,0,0,0,0,0,0.0443,198.34,8857,0,uvm_report_server
RUN-001041,dma_burst_test-001041,765654432,PASS,pass,NONE,,,,0,0,0,0,0,0.0396,12.43,3955,0,uvm_report_server
RUN-001042,dma_burst_test-001042,2118258454,PASS,pass,NONE,,,,0,1,0,0,0,0.1321,15.33,13206,0,uvm_report_server
RUN-001043,backpressure_test-001043,1942328689,PASS,pass,NONE,,,,0,0,0,0,0,0.1491,13.26,14907,0,uvm_report_server
RUN-001044,reset_recovery_test-001044,1195810801,PASS,pass,NONE,,,,0,1,0,0,0,0.3778,5.76,18891,0,uvm_report_server
RUN-001045,reg_sweep_test-001045,1026025525,PASS,pass,NONE,,,,0,0,0,0,0,0.0516,10.68,5157,0,uvm_report_server
RUN-001046,uart_loopback_test-001046,1097877870,FAIL,fail,PSLVERR_TIMEOUT,B_APB_0x55,PSLVERR_TIMEOUT,97152,3,1,1,1,0,0.1104,5.34,11037,1,uvm_report_server
RUN-001047,uart_loopback_test-001047,1270056529,FAIL,fail,IRQ_LOST,B_IRQ_0x45,IRQ_LOST,1743632,1,0,0,0,0,1.9814,2.03,49535,1,uvm_report_server
RUN-001048,reset_recovery_test-001048,2024170307,PASS,pass,NONE,,,,0,0,0,0,0,0.3389,45.14,33893,0,uvm_report_server
RUN-001049,uart_loopback_test-001049,1049479612,FAIL,fail,PSLVERR_TIMEOUT,B_APB_0x55,PSLVERR_TIMEOUT,2523928,3,0,1,1,0,2.8681,2.15,143403,1,uvm_report_server
RUN-001050,irq_storm_test-001050,1491895443,PASS,pass,NONE,,,,0,1,0,0,0,0.5207,14.95,26036,0,uvm_report_server
RUN-001051,irq_storm_test-001051,498530738,PASS,pass,NONE,,,,0,0,0,0,0,0.1782,21.51,35640,0,uvm_report_server
RUN-001052,backpressure_test-001052,1262774673,PASS,pass,NONE,,,,0,0,0,0,0,0.9821,2.23,24552,0,uvm_report_server
RUN-001053,reg_sweep_test-001053,958651263,FAIL,fail,FRAMING_ERROR,B_UART_0x24,FRAMING_ERROR,116512,2,0,0,1,1,0.1324,10.33,6618,1,uvm_report_server
RUN-001054,uart_loopback_test-001054,1349309107,PASS,pass,NONE,,,,0,0,0,0,0,0.1272,8.16,6361,0,uvm_report_server
RUN-001055,reg_sweep_test-001055,854773714,PASS,pass,NONE,,,,0,1,0,0,0,0.3791,9.91,18954,0,uvm_report_server
RUN-001056,parity_stress_test-001056,1688182614,PASS,pass,NONE,,,,0,0,0,0,0,0.5936,7.48,14840,0,uvm_report_server
RUN-001057,backpressure_test-001057,346991510,PASS,pass,NONE,,,,0,0,0,0,0,0.4515,16.51,22572,0,uvm_report_server
RUN-001058,irq_storm_test-001058,1456936202,PASS,pass,NONE,,,,0,0,0,0,0,0.9071,8.28,45357,0,uvm_report_server
RUN-001059,reset_recovery_test-001059,1678909297,FAIL,fail,PREADY_TIMEOUT,B_APB_0x58,PREADY_TIMEOUT,95568,3,0,1,0,0,0.1086,6.33,21727,1,uvm_report_server
RUN-001060,dma_burst_test-001060,242639811,PASS,pass,NONE,,,,0,1,0,0,0,0.1929,43.68,19288,0,uvm_report_server
RUN-001061,backpressure_test-001061,1321266355,FAIL,fail,FIFO_UNDERRUN,B_DMA_0x31,FIFO_UNDERRUN,68376,3,0,0,0,0,0.0777,3.4,3886,1,uvm_report_server
RUN-001062,reg_sweep_test-001062,174002349,PASS,pass,NONE,,,,0,0,0,0,0,0.0593,9.5,2963,0,uvm_report_server
RUN-001063,irq_storm_test-001063,21061483,FAIL,fail,PREADY_TIMEOUT,B_APB_0x58,PREADY_TIMEOUT,1428064,2,0,1,1,0,1.6228,0.67,81137,1,uvm_report_server
RUN-001064,uart_loopback_test-001064,917840851,PASS,pass,NONE,,,,0,0,0,0,0,1.4452,1.34,36129,0,uvm_report_server
RUN-001065,reg_sweep_test-001065,2111987564,FAIL,fail,FRAMING_ERROR,B_UART_0x24,FRAMING_ERROR,310024,3,0,0,0,1,0.3523,4.41,17614,1,uvm_report_server
RUN-001066,backpressure_test-001066,318097923,PASS,pass,NONE,,,,0,0,0,0,0,0.0596,8.28,2980,0,uvm_report_server
RUN-001067,reg_sweep_test-001067,234501514,PASS,pass,NONE,,,,0,0,0,0,0,1.2926,11.59,64627,0,uvm_report_server
RUN-001068,reset_recovery_test-001068,1384436125,PASS,pass,NONE,,,,0,1,0,0,0,0.1937,9.94,19374,0,uvm_report_server
RUN-001069,reg_sweep_test-001069,653424198,PASS,pass,NONE,,,,0,0,0,0,0,0.3097,7.15,7742,0,uvm_report_server
RUN-001070,parity_stress_test-001070,567356838,FAIL,fail,BUS_STARVATION,B_ARB_0x12,BUS_STARVATION,68904,3,0,0,0,0,0.0783,3.49,7827,1,uvm_report_server
RUN-001071,dma_burst_test-001071,1659499256,PASS,pass,NONE,,,,0,0,0,0,0,0.2805,14.85,14025,0,uvm_report_server
RUN-001072,irq_storm_test-001072,168335144,PASS,pass,NONE,,,,0,0,0,0,0,0.0613,30.75,3065,0,uvm_report_server
RUN-001073,reg_sweep_test-001073,315279112,FAIL,fail,PSLVERR_TIMEOUT,B_APB_0x55,PSLVERR_TIMEOUT,4022392,3,1,1,1,0,4.5709,1.64,114272,1,uvm_report_server
RUN-001074,backpressure_test-001074,634952947,FAIL,fail,BUS_STARVATION,B_ARB_0x12,BUS_STARVATION,259952,1,1,0,0,0,0.2954,6.02,29543,1,uvm_report_server
RUN-001075,dma_burst_test-001075,1241301060,PASS,pass,NONE,,,,0,0,0,0,0,0.4455,9.3,11136,0,uvm_report_server
RUN-001076,backpressure_test-001076,1876195845,PASS,pass,NONE,,,,0,0,0,0,0,0.1708,12.38,8538,0,uvm_report_server
RUN-001077,irq_storm_test-001077,795196554,FAIL,fail,PSLVERR_TIMEOUT,B_APB_0x55,PSLVERR_TIMEOUT,349976,2,0,1,0,0,0.3977,4.49,39767,1,uvm_report_server
RUN-001078,reg_sweep_test-001078,404027760,PASS,pass,NONE,,,,0,0,0,0,0,0.179,5.92,8950,0,uvm_report_server
RUN-001079,uart_loopback_test-001079,23683488,PASS,pass,NONE,,,,0,0,0,0,0,0.0323,14.6,6454,0,uvm_report_server
RUN-001080,dma_burst_test-001080,1467102094,PASS,pass,NONE,,,,0,0,0,0,0,0.1332,14.78,13320,0,uvm_report_server
RUN-001081,reg_sweep_test-001081,1112526189,PASS,pass,NONE,,,,0,1,0,0,0,0.3176,26.78,15879,0,uvm_report_server
RUN-001082,irq_storm_test-001082,1956929280,FAIL,fail,BUS_STARVATION,B_ARB_0x12,BUS_STARVATION,95832,1,1,0,0,0,0.1089,2.24,10893,1,uvm_report_server
RUN-001083,uart_loopback_test-001083,1241770194,PASS,pass,NONE,,,,0,0,0,0,0,0.0543,36.48,10869,0,uvm_report_server
RUN-001084,uart_loopback_test-001084,1881585441,PASS,pass,NONE,,,,0,0,0,0,0,0.0312,62.7,6237,0,uvm_report_server
RUN-001085,reg_sweep_test-001085,2022894741,PASS,pass,NONE,,,,0,0,0,0,0,0.0706,58.64,7060,0,uvm_report_server
RUN-001086,reset_recovery_test-001086,174938726,PASS,pass,NONE,,,,0,1,0,0,0,0.3283,24.67,16417,0,uvm_report_server
RUN-001087,uart_loopback_test-001087,238981334,FAIL,fail,FIFO_UNDERRUN,B_DMA_0x31,FIFO_UNDERRUN,49808,3,1,0,0,0,0.0566,4.38,2828,1,uvm_report_server
RUN-001088,uart_loopback_test-001088,1490835341,PASS,pass,NONE,,,,0,0,0,0,0,0.0559,38.89,11187,0,uvm_report_server
RUN-001089,parity_stress_test-001089,1664408730,PASS,pass,NONE,,,,0,0,0,0,0,0.3024,12.7,30241,0,uvm_report_server
RUN-001090,reg_sweep_test-001090,1451024834,FAIL,fail,BUS_STARVATION,B_ARB_0x12,BUS_STARVATION,170984,4,1,0,1,0,0.1943,2.5,19429,1,uvm_report_server
RUN-001091,dma_burst_test-001091,579163735,PASS,pass,NONE,,,,0,1,0,0,0,0.1029,76.19,20581,0,uvm_report_server
RUN-001092,dma_burst_test-001092,389460544,PASS,pass,NONE,,,,0,1,0,0,0,0.112,141.46,11196,0,uvm_report_server
RUN-001093,reg_sweep_test-001093,1770541092,PASS,pass,NONE,,,,0,0,0,0,0,0.0352,15.74,3522,0,uvm_report_server
RUN-001094,irq_storm_test-001094,1114260244,PASS,pass,NONE,,,,0,1,0,0,0,0.069,14.42,13808,0,uvm_report_server
RUN-001095,dma_burst_test-001095,1792636355,FAIL,fail,PREADY_TIMEOUT,B_APB_0x58,PREADY_TIMEOUT,429176,3,0,1,1,0,0.4877,0.8,12191,1,uvm_report_server
RUN-001096,parity_stress_test-001096,164748459,PASS,pass,NONE,,,,0,1,0,0,0,0.1603,49.85,16028,0,uvm_report_server
RUN-001097,dma_burst_test-001097,239798826,PASS,pass,NONE,,,,0,1,0,0,0,0.2385,4.25,5961,0,uvm_report_server
RUN-001098,reset_recovery_test-001098,875686250,PASS,pass,NONE,,,,0,1,0,0,0,0.0366,27.76,3655,0,uvm_report_server
RUN-001099,reg_sweep_test-001099,2037389233,FAIL,fail,PSLVERR_TIMEOUT,B_APB_0x55,PSLVERR_TIMEOUT,506176,2,0,1,0,0,0.5752,4.8,115049,1,uvm_report_server
RUN-001100,dma_burst_test-001100,1570453888,PASS,pass,NONE,,,,0,0,0,0,0,0.6512,12.32,65119,0,uvm_report_server
RUN-001101,parity_stress_test-001101,437292555,FAIL,fail,PREADY_TIMEOUT,B_APB_0x58,PREADY_TIMEOUT,253616,3,0,1,1,0,0.2882,17.85,57638,1,uvm_report_server
RUN-001102,uart_loopback_test-001102,338830154,PASS,pass,NONE,,,,0,0,0,0,0,0.4615,9.05,11537,0,uvm_report_server
RUN-001103,parity_stress_test-001103,1290132616,PASS,pass,NONE,,,,0,0,0,0,0,0.032,30.39,6408,0,uvm_report_server
RUN-001104,reset_recovery_test-001104,6955151,PASS,pass,NONE,,,,0,0,0,0,0,0.118,8.95,5899,0,uvm_report_server
RUN-001105,reg_sweep_test-001105,433337667,PASS,pass,NONE,,,,0,0,0,0,0,0.0529,19.94,5288,0,uvm_report_server
RUN-001106,irq_storm_test-001106,192811437,PASS,pass,NONE,,,,0,1,0,0,0,0.0263,36.05,5255,0,uvm_report_server
RUN-001107,reset_recovery_test-001107,1984305329,PASS,pass,NONE,,,,0,0,0,0,0,0.0699,15.5,3494,0,uvm_report_server
RUN-001108,reset_recovery_test-001108,1191658286,PASS,pass,NONE,,,,0,1,0,0,0,0.0974,9.6,4869,0,uvm_report_server
RUN-001109,dma_burst_test-001109,1378653398,FAIL,fail,PSLVERR_TIMEOUT,B_APB_0x55,PSLVERR_TIMEOUT,86680,2,0,1,0,0,0.0985,2.79,19701,1,uvm_report_server
RUN-001110,uart_loopback_test-001110,1884987762,PASS,pass,NONE,,,,0,0,0,0,0,0.0787,50.54,7871,0,uvm_report_server
RUN-001111,dma_burst_test-001111,1599099022,PASS,pass,NONE,,,,0,0,0,0,0,0.052,10.04,5203,0,uvm_report_server
RUN-001112,parity_stress_test-001112,645949632,PASS,pass,NONE,,,,0,0,0,0,0,0.114,33.33,22809,0,uvm_report_server
RUN-001113,backpressure_test-001113,1178959072,PASS,pass,NONE,,,,0,0,0,0,0,0.052,36.77,10398,0,uvm_report_server
RUN-001114,dma_burst_test-001114,1391938530,PASS,pass,NONE,,,,0,1,0,0,0,0.0518,37.4,5184,0,uvm_report_server
RUN-001115,backpressure_test-001115,1148715022,FAIL,fail,BUS_STARVATION,B_ARB_0x12,BUS_STARVATION,48048,2,0,0,0,0,0.0546,22.32,5457,1,uvm_report_server
RUN-001116,parity_stress_test-001116,207723589,FAIL,fail,FIFO_UNDERRUN,B_DMA_0x31,FIFO_UNDERRUN,55088,1,1,0,0,0,0.0626,2.79,3129,1,uvm_report_server
RUN-001117,parity_stress_test-001117,188164657,PASS,pass,NONE,,,,0,0,0,0,0,0.1081,76.06,21629,0,uvm_report_server
RUN-001118,uart_loopback_test-001118,1809605253,FAIL,fail,BUS_STARVATION,B_ARB_0x12,BUS_STARVATION,54736,2,1,0,0,0,0.0622,11.38,6220,1,uvm_report_server
RUN-001119,parity_stress_test-001119,610853745,FAIL,fail,FRAMING_ERROR,B_UART_0x24,FRAMING_ERROR,183656,2,0,0,0,1,0.2087,2.8,5217,1,uvm_report_server
RUN-001120,dma_burst_test-001120,790238127,FAIL,fail,FIFO_UNDERRUN,B_DMA_0x31,FIFO_UNDERRUN,109824,4,0,0,1,0,0.1248,0.9,3120,1,uvm_report_server
RUN-001121,dma_burst_test-001121,512653457,PASS,pass,NONE,,,,0,1,0,0,0,0.7333,2.86,18332,0,uvm_report_server
RUN-001122,reg_sweep_test-001122,125356164,PASS,pass,NONE,,,,0,0,0,0,0,0.2811,29.21,28111,0,uvm_report_server
RUN-001123,irq_storm_test-001123,1969923885,PASS,pass,NONE,,,,0,0,0,0,0,0.7727,11.08,19316,0,uvm_report_server
RUN-001124,backpressure_test-001124,491033201,FAIL,fail,FRAMING_ERROR,B_UART_0x24,FRAMING_ERROR,45760,2,0,0,1,1,0.052,6.42,5195,1,uvm_report_server
RUN-001125,reg_sweep_test-001125,309214855,PASS,pass,NONE,,,,0,0,0,0,0,0.2318,8.51,11588,0,uvm_report_server
RUN-001126,backpressure_test-001126,1449097363,PASS,pass,NONE,,,,0,1,0,0,0,0.0428,52.28,4279,0,uvm_report_server
RUN-001127,reset_recovery_test-001127,308838191,PASS,pass,NONE,,,,0,0,0,0,0,0.5864,28.7,58644,0,uvm_report_server
RUN-001128,parity_stress_test-001128,1732735161,PASS,pass,NONE,,,,0,0,0,0,0,0.0272,18.4,2722,0,uvm_report_server
RUN-001129,irq_storm_test-001129,1086789507,PASS,pass,NONE,,,,0,0,0,0,0,0.0702,55.25,7020,0,uvm_report_server
RUN-001130,dma_burst_test-001130,1663493454,FAIL,fail,PSLVERR_TIMEOUT,B_APB_0x55,PSLVERR_TIMEOUT,258280,2,0,1,0,0,0.2935,2.98,29346,1,uvm_report_server
RUN-001131,parity_stress_test-001131,383690365,PASS,pass,NONE,,,,0,0,0,0,0,0.6202,26.91,62020,0,uvm_report_server
RUN-001132,backpressure_test-001132,2058003771,FAIL,fail,BUS_STARVATION,B_ARB_0x12,BUS_STARVATION,159984,3,0,0,1,0,0.1818,4.84,9087,1,uvm_report_server
RUN-001133,irq_storm_test-001133,787629355,PASS,pass,NONE,,,,0,0,0,0,0,0.0405,53.53,8106,0,uvm_report_server
RUN-001134,reset_recovery_test-001134,2096876233,PASS,pass,NONE,,,,0,0,0,0,0,0.0642,31.91,12838,0,uvm_report_server
RUN-001135,irq_storm_test-001135,1470815611,PASS,pass,NONE,,,,0,0,0,0,0,1.3549,2.82,33871,0,uvm_report_server
RUN-001136,parity_stress_test-001136,753870978,FAIL,fail,PSLVERR_TIMEOUT,B_APB_0x55,PSLVERR_TIMEOUT,267256,3,1,1,1,0,0.3037,3.43,30373,1,uvm_report_server
RUN-001137,backpressure_test-001137,670104427,FAIL,fail,BUS_STARVATION,B_ARB_0x12,BUS_STARVATION,430320,3,0,0,0,0,0.489,5.58,48904,1,uvm_report_server
RUN-001138,backpressure_test-001138,316689982,PASS,pass,NONE,,,,0,1,0,0,0,0.3205,24.84,16024,0,uvm_report_server
RUN-001139,uart_loopback_test-001139,1282117596,PASS,pass,NONE,,,,0,0,0,0,0,0.7526,20.0,37628,0,uvm_report_server
RUN-001140,backpressure_test-001140,318070045,PASS,pass,NONE,,,,0,0,0,0,0,0.3558,21.47,8896,0,uvm_report_server
RUN-001141,uart_loopback_test-001141,1753215765,FAIL,fail,FIFO_UNDERRUN,B_DMA_0x31,FIFO_UNDERRUN,60104,4,1,0,1,0,0.0683,5.89,3413,1,uvm_report_server
RUN-001142,parity_stress_test-001142,365776486,FAIL,fail,BUS_STARVATION,B_ARB_0x12,BUS_STARVATION,345752,3,0,0,0,0,0.3929,4.67,39293,1,uvm_report_server
RUN-001143,backpressure_test-001143,1724316386,FAIL,fail,BUS_STARVATION,B_ARB_0x12,BUS_STARVATION,121352,2,0,0,0,0,0.1379,18.83,27585,1,uvm_report_server
RUN-001144,uart_loopback_test-001144,486508316,PASS,pass,NONE,,,,0,1,0,0,0,0.0683,15.64,6830,0,uvm_report_server
RUN-001145,reg_sweep_test-001145,1694169010,PASS,pass,NONE,,,,0,0,0,0,0,0.0472,93.76,4715,0,uvm_report_server
RUN-001146,uart_loopback_test-001146,1932607271,PASS,pass,NONE,,,,0,0,0,0,0,0.2405,32.25,12022,0,uvm_report_server
RUN-001147,parity_stress_test-001147,572335380,PASS,pass,NONE,,,,0,0,0,0,0,0.2007,22.4,20068,0,uvm_report_server
RUN-001148,dma_burst_test-001148,316093748,FAIL,fail,FIFO_UNDERRUN,B_DMA_0x31,FIFO_UNDERRUN,136048,1,0,0,0,0,0.1546,3.36,3865,1,uvm_report_server
RUN-001149,uart_loopback_test-001149,676720904,FAIL,fail,BUS_STARVATION,B_ARB_0x12,BUS_STARVATION,135608,3,0,0,1,0,0.1541,7.08,15413,1,uvm_report_server
RUN-001150,uart_loopback_test-001150,1372143693,PASS,pass,NONE,,,,0,0,0,0,0,0.1705,47.98,8523,0,uvm_report_server
RUN-001151,backpressure_test-001151,1906388982,FAIL,fail,FRAMING_ERROR,B_UART_0x24,FRAMING_ERROR,111320,2,1,0,0,1,0.1265,14.09,12647,1,uvm_report_server
RUN-001152,backpressure_test-001152,1219626962,PASS,pass,NONE,,,,0,0,0,0,0,1.2896,5.95,32238,0,uvm_report_server
RUN-001153,reset_recovery_test-001153,463961206,FAIL,fail,PSLVERR_TIMEOUT,B_APB_0x55,PSLVERR_TIMEOUT,1342968,2,0,1,0,0,1.5261,2.99,76304,1,uvm_report_server
RUN-001154,reset_recovery_test-001154,1338021761,FAIL,fail,BUS_STARVATION,B_ARB_0x12,BUS_STARVATION,264000,4,0,0,1,0,0.3,5.56,60001,1,uvm_report_server
RUN-001155,reg_sweep_test-001155,1280432774,PASS,pass,NONE,,,,0,0,0,0,0,1.1747,14.36,29367,0,uvm_report_server
RUN-001156,reset_recovery_test-001156,113485422,FAIL,fail,FRAMING_ERROR,B_UART_0x24,FRAMING_ERROR,201432,3,0,0,0,1,0.2289,11.44,5722,1,uvm_report_server
RUN-001157,uart_loopback_test-001157,1843234108,FAIL,fail,PSLVERR_TIMEOUT,B_APB_0x55,PSLVERR_TIMEOUT,535744,2,1,1,0,0,0.6088,2.3,60878,1,uvm_report_server
RUN-001158,reset_recovery_test-001158,261486532,FAIL,fail,BUS_STARVATION,B_ARB_0x12,BUS_STARVATION,49544,2,0,0,0,0,0.0563,4.26,5629,1,uvm_report_server
RUN-001159,reg_sweep_test-001159,1102058245,PASS,pass,NONE,,,,0,0,0,0,0,0.0517,40.83,10333,0,uvm_report_server
RUN-001160,reset_recovery_test-001160,1380783379,PASS,pass,NONE,,,,0,0,0,0,0,0.2261,70.39,45216,0,uvm_report_server
RUN-001161,backpressure_test-001161,180756839,FAIL,fail,BUS_STARVATION,B_ARB_0x12,BUS_STARVATION,99176,1,0,0,0,0,0.1127,8.59,22545,1,uvm_report_server
RUN-001162,uart_loopback_test-001162,1021214250,PASS,pass,NONE,,,,0,0,0,0,0,0.4073,21.1,10181,0,uvm_report_server
RUN-001163,backpressure_test-001163,330778215,FAIL,fail,PSLVERR_TIMEOUT,B_APB_0x55,PSLVERR_TIMEOUT,617936,3,1,1,1,0,0.7022,4.77,70222,1,uvm_report_server
RUN-001164,reg_sweep_test-001164,7824005,PASS,pass,NONE,,,,0,1,0,0,0,0.0721,60.61,14413,0,uvm_report_server
RUN-001165,irq_storm_test-001165,1666048362,FAIL,fail,IRQ_LOST,B_IRQ_0x45,IRQ_LOST,45936,1,0,0,0,0,0.0522,4.8,2607,1,uvm_report_server
RUN-001166,backpressure_test-001166,1199685314,PASS,pass,NONE,,,,0,0,0,0,0,0.3214,26.18,16070,0,uvm_report_server
RUN-001167,irq_storm_test-001167,154038914,PASS,pass,NONE,,,,0,0,0,0,0,0.1085,35.58,10851,0,uvm_report_server
RUN-001168,reg_sweep_test-001168,571819119,PASS,pass,NONE,,,,0,0,0,0,0,0.0311,7.97,3109,0,uvm_report_server
RUN-001169,reg_sweep_test-001169,612532042,PASS,pass,NONE,,,,0,0,0,0,0,0.4507,37.03,45072,0,uvm_report_server
RUN-001170,reg_sweep_test-001170,435130362,FAIL,fail,PSLVERR_TIMEOUT,B_APB_0x55,PSLVERR_TIMEOUT,1493712,2,0,1,0,0,1.6974,1.66,42435,1,uvm_report_server
RUN-001171,reg_sweep_test-001171,1508591591,PASS,pass,NONE,,,,0,0,0,0,0,0.0163,28.85,3264,0,uvm_report_server
RUN-001172,reg_sweep_test-001172,719991368,PASS,pass,NONE,,,,0,0,0,0,0,0.0409,108.42,8176,0,uvm_report_server
RUN-001173,reset_recovery_test-001173,1401234419,FAIL,fail,PREADY_TIMEOUT,B_APB_0x58,PREADY_TIMEOUT,155056,2,0,1,0,0,0.1762,3.28,17619,1,uvm_report_server
RUN-001174,reg_sweep_test-001174,548720807,PASS,pass,NONE,,,,0,0,0,0,0,0.0755,50.97,15093,0,uvm_report_server
RUN-001175,parity_stress_test-001175,844295583,PASS,pass,NONE,,,,0,0,0,0,0,0.724,5.72,18099,0,uvm_report_server
RUN-001176,irq_storm_test-001176,1387367712,FAIL,fail,FRAMING_ERROR,B_UART_0x24,FRAMING_ERROR,125400,1,1,0,0,1,0.1425,3.01,7126,1,uvm_report_server
RUN-001177,reg_sweep_test-001177,933642011,PASS,pass,NONE,,,,0,0,0,0,0,0.611,13.32,15275,0,uvm_report_server
RUN-001178,reg_sweep_test-001178,47628445,PASS,pass,NONE,,,,0,1,0,0,0,0.0855,23.37,8552,0,uvm_report_server
RUN-001179,dma_burst_test-001179,1586111713,PASS,pass,NONE,,,,0,0,0,0,0,0.141,53.86,14104,0,uvm_report_server
RUN-001180,uart_loopback_test-001180,1700287767,PASS,pass,NONE,,,,0,0,0,0,0,0.2447,17.74,6118,0,uvm_report_server
RUN-001181,irq_storm_test-001181,444334685,PASS,pass,NONE,,,,0,0,0,0,0,0.0529,20.06,5285,0,uvm_report_server
RUN-001182,irq_storm_test-001182,2018406752,PASS,pass,NONE,,,,0,0,0,0,0,0.1668,98.89,33360,0,uvm_report_server
RUN-001183,backpressure_test-001183,454992263,PASS,pass,NONE,,,,0,1,0,0,0,0.2543,8.76,12713,0,uvm_report_server
RUN-001184,backpressure_test-001184,1142663524,PASS,pass,NONE,,,,0,0,0,0,0,0.024,38.79,4791,0,uvm_report_server
RUN-001185,parity_stress_test-001185,237261747,FAIL,fail,BUS_STARVATION,B_ARB_0x12,BUS_STARVATION,160336,3,0,0,0,0,0.1822,19.58,18220,1,uvm_report_server
RUN-001186,uart_loopback_test-001186,1458692840,PASS,pass,NONE,,,,0,1,0,0,0,0.2391,15.95,5976,0,uvm_report_server
RUN-001187,parity_stress_test-001187,954759737,PASS,pass,NONE,,,,0,0,0,0,0,0.4172,10.05,10430,0,uvm_report_server
RUN-001188,backpressure_test-001188,2114300261,FAIL,fail,PSLVERR_TIMEOUT,B_APB_0x55,PSLVERR_TIMEOUT,108328,2,0,1,0,0,0.1231,2.61,12311,1,uvm_report_server
RUN-001189,irq_storm_test-001189,856171834,PASS,pass,NONE,,,,0,1,0,0,0,0.159,3.28,7949,0,uvm_report_server
RUN-001190,reg_sweep_test-001190,1633387133,PASS,pass,NONE,,,,0,0,0,0,0,0.2752,3.79,13761,0,uvm_report_server
RUN-001191,irq_storm_test-001191,2093069808,FAIL,fail,IRQ_LOST,B_IRQ_0x45,IRQ_LOST,699336,2,0,0,0,0,0.7947,1.17,19868,1,uvm_report_server
RUN-001192,reg_sweep_test-001192,713056605,PASS,pass,NONE,,,,0,0,0,0,0,0.1339,31.83,13387,0,uvm_report_server
RUN-001193,dma_burst_test-001193,724125747,FAIL,fail,PREADY_TIMEOUT,B_APB_0x58,PREADY_TIMEOUT,117128,1,0,1,0,0,0.1331,14.12,13309,1,uvm_report_server
RUN-001194,backpressure_test-001194,660392241,PASS,pass,NONE,,,,0,0,0,0,0,1.2848,3.5,32121,0,uvm_report_server
RUN-001195,reset_recovery_test-001195,1845184506,FAIL,fail,PSLVERR_TIMEOUT,B_APB_0x55,PSLVERR_TIMEOUT,209968,3,0,1,1,0,0.2386,2.74,11932,1,uvm_report_server
RUN-001196,dma_burst_test-001196,2025449941,PASS,pass,NONE,,,,0,0,0,0,0,3.1489,4.71,78721,0,uvm_report_server
RUN-001197,reg_sweep_test-001197,1141244389,PASS,pass,NONE,,,,0,1,0,0,0,0.4574,19.41,11435,0,uvm_report_server
RUN-001198,irq_storm_test-001198,2025476135,PASS,pass,NONE,,,,0,0,0,0,0,0.0395,216.8,7907,0,uvm_report_server
RUN-001199,backpressure_test-001199,1784375079,PASS,pass,NONE,,,,0,0,0,0,0,0.0579,35.09,5787,0,uvm_report_server
RUN-001200,irq_storm_test-001200,335992151,PASS,pass,NONE,,,,0,1,0,0,0,0.0828,101.51,8281,0,uvm_report_server
RUN-001201,reset_recovery_test-001201,2027790215,FAIL,fail,IRQ_LOST,B_IRQ_0x45,IRQ_LOST,249392,4,1,0,1,0,0.2834,1.68,7083,1,uvm_report_server
RUN-001202,dma_burst_test-001202,862024659,FAIL,fail,PREADY_TIMEOUT,B_APB_0x58,PREADY_TIMEOUT,805464,3,1,1,1,0,0.9153,3.76,91530,1,uvm_report_server
RUN-001203,uart_loopback_test-001203,982191286,FAIL,fail,BUS_STARVATION,B_ARB_0x12,BUS_STARVATION,1628352,1,1,0,0,0,1.8504,2.91,46259,1,uvm_report_server
RUN-001204,reg_sweep_test-001204,236361897,PASS,pass,NONE,,,,0,1,0,0,0,0.2913,6.62,14563,0,uvm_report_server
RUN-001205,parity_stress_test-001205,1192050590,PASS,pass,NONE,,,,0,1,0,0,0,0.0586,35.31,5856,0,uvm_report_server
RUN-001206,irq_storm_test-001206,1806596381,PASS,pass,NONE,,,,0,0,0,0,0,0.2532,35.04,12659,0,uvm_report_server
RUN-001207,dma_burst_test-001207,1013612777,FAIL,fail,FIFO_UNDERRUN,B_DMA_0x31,FIFO_UNDERRUN,80872,3,0,0,0,0,0.0919,7.78,2298,1,uvm_report_server
RUN-001208,reg_sweep_test-001208,626933885,PASS,pass,NONE,,,,0,0,0,0,0,0.11,20.23,5499,0,uvm_report_server
RUN-001209,irq_storm_test-001209,1960395503,FAIL,fail,PSLVERR_TIMEOUT,B_APB_0x55,PSLVERR_TIMEOUT,1536216,2,0,1,0,0,1.7457,1.03,43643,1,uvm_report_server
RUN-001210,uart_loopback_test-001210,389222715,PASS,pass,NONE,,,,0,1,0,0,0,0.1287,61.78,12868,0,uvm_report_server
RUN-001211,reg_sweep_test-001211,896058195,PASS,pass,NONE,,,,0,0,0,0,0,1.3805,6.47,34512,0,uvm_report_server
RUN-001212,uart_loopback_test-001212,1613593668,PASS,pass,NONE,,,,0,0,0,0,0,0.0237,10.23,4742,0,uvm_report_server
RUN-001213,backpressure_test-001213,1618471703,PASS,pass,NONE,,,,0,1,0,0,0,0.133,118.73,13301,0,uvm_report_server
RUN-001214,reset_recovery_test-001214,1602159959,PASS,pass,NONE,,,,0,0,0,0,0,0.1492,7.22,14923,0,uvm_report_server
RUN-001215,uart_loopback_test-001215,1263451495,FAIL,fail,BUS_STARVATION,B_ARB_0x12,BUS_STARVATION,286880,1,0,0,0,0,0.326,1.06,8149,1,uvm_report_server
RUN-001216,reset_recovery_test-001216,1902063427,FAIL,fail,FIFO_UNDERRUN,B_DMA_0x31,FIFO_UNDERRUN,184096,3,1,0,0,0,0.2092,1.73,5230,1,uvm_report_server
RUN-001217,irq_storm_test-001217,1590420665,FAIL,fail,BUS_STARVATION,B_ARB_0x12,BUS_STARVATION,375760,3,0,0,0,0,0.427,7.55,42704,1,uvm_report_server
RUN-001218,backpressure_test-001218,2018143691,FAIL,fail,PREADY_TIMEOUT,B_APB_0x58,PREADY_TIMEOUT,223696,3,1,1,0,0,0.2542,11.34,12711,1,uvm_report_server
RUN-001219,dma_burst_test-001219,1702149973,PASS,pass,NONE,,,,0,0,0,0,0,0.5438,30.32,54376,0,uvm_report_server
RUN-001220,reg_sweep_test-001220,218173242,PASS,pass,NONE,,,,0,0,0,0,0,0.3856,5.0,9640,0,uvm_report_server
RUN-001221,backpressure_test-001221,331843774,PASS,pass,NONE,,,,0,0,0,0,0,0.0862,11.84,4312,0,uvm_report_server
RUN-001222,backpressure_test-001222,363993202,FAIL,fail,FRAMING_ERROR,B_UART_0x24,FRAMING_ERROR,197384,2,1,0,1,1,0.2243,1.4,5608,1,uvm_report_server
RUN-001223,irq_storm_test-001223,1871634455,PASS,pass,NONE,,,,0,0,0,0,0,0.1488,13.9,7438,0,uvm_report_server
RUN-001224,backpressure_test-001224,1272113296,PASS,pass,NONE,,,,0,0,0,0,0,0.0336,131.22,6720,0,uvm_report_server
RUN-001225,reset_recovery_test-001225,1930187728,PASS,pass,NONE,,,,0,0,0,0,0,0.5329,4.12,13322,0,uvm_report_server
RUN-001226,parity_stress_test-001226,819996196,FAIL,fail,BUS_STARVATION,B_ARB_0x12,BUS_STARVATION,402336,2,1,0,0,0,0.4572,8.58,22860,1,uvm_report_server
RUN-001227,reg_sweep_test-001227,311024514,PASS,pass,NONE,,,,0,0,0,0,0,0.1093,17.45,10926,0,uvm_report_server
RUN-001228,dma_burst_test-001228,189706549,FAIL,fail,PREADY_TIMEOUT,B_APB_0x58,PREADY_TIMEOUT,202224,1,0,1,0,0,0.2298,5.65,22975,1,uvm_report_server
RUN-001229,backpressure_test-001229,1670402397,FAIL,fail,REG_MISMATCH,B_REG_0x70,REG_MISMATCH,31504,4,0,0,1,1,0.0358,5.36,3578,1,uvm_report_server
RUN-001230,backpressure_test-001230,561842980,FAIL,fail,FIFO_UNDERRUN,B_DMA_0x31,FIFO_UNDERRUN,42240,2,0,0,0,0,0.048,5.9,4801,1,uvm_report_server
RUN-001231,dma_burst_test-001231,1837268498,PASS,pass,NONE,,,,0,0,0,0,0,0.0506,38.77,5056,0,uvm_report_server
RUN-001232,irq_storm_test-001232,1253302598,FAIL,fail,PSLVERR_TIMEOUT,B_APB_0x55,PSLVERR_TIMEOUT,407704,3,0,1,1,0,0.4633,0.95,11583,1,uvm_report_server
RUN-001233,reg_sweep_test-001233,1932115515,PASS,pass,NONE,,,,0,0,0,0,0,0.0465,40.02,4652,0,uvm_report_server
RUN-001234,parity_stress_test-001234,1387744881,PASS,pass,NONE,,,,0,0,0,0,0,0.619,6.19,15475,0,uvm_report_server
RUN-001235,dma_burst_test-001235,298898659,FAIL,fail,FRAMING_ERROR,B_UART_0x24,FRAMING_ERROR,58696,4,0,0,1,1,0.0667,8.98,6669,1,uvm_report_server
RUN-001236,backpressure_test-001236,1008186494,FAIL,fail,FIFO_UNDERRUN,B_DMA_0x31,FIFO_UNDERRUN,22880,3,0,0,0,0,0.026,18.71,2595,1,uvm_report_server
RUN-001237,reg_sweep_test-001237,998335446,PASS,pass,NONE,,,,0,1,0,0,0,0.0433,87.94,8653,0,uvm_report_server
RUN-001238,dma_burst_test-001238,269097168,PASS,pass,NONE,,,,0,0,0,0,0,0.0664,8.29,3318,0,uvm_report_server
RUN-001239,irq_storm_test-001239,488485188,PASS,pass,NONE,,,,0,1,0,0,0,0.2002,20.8,10007,0,uvm_report_server
RUN-001240,uart_loopback_test-001240,1169061955,PASS,pass,NONE,,,,0,0,0,0,0,0.1837,11.44,9187,0,uvm_report_server
RUN-001241,parity_stress_test-001241,687630471,FAIL,fail,PSLVERR_TIMEOUT,B_APB_0x55,PSLVERR_TIMEOUT,636152,3,0,1,1,0,0.7229,4.28,72285,1,uvm_report_server
RUN-001242,uart_loopback_test-001242,1326321137,FAIL,fail,PREADY_TIMEOUT,B_APB_0x58,PREADY_TIMEOUT,763752,3,0,1,0,0,0.8679,2.61,43394,1,uvm_report_server
RUN-001243,irq_storm_test-001243,1200035777,FAIL,fail,PSLVERR_TIMEOUT,B_APB_0x55,PSLVERR_TIMEOUT,315920,3,0,1,1,0,0.359,0.67,17950,1,uvm_report_server
RUN-001244,uart_loopback_test-001244,799754257,FAIL,fail,FIFO_UNDERRUN,B_DMA_0x31,FIFO_UNDERRUN,39336,1,0,0,0,0,0.0447,18.0,4474,1,uvm_report_server
RUN-001245,parity_stress_test-001245,109834197,PASS,pass,NONE,,,,0,0,0,0,0,0.5288,2.1,13220,0,uvm_report_server
RUN-001246,uart_loopback_test-001246,67986695,PASS,pass,NONE,,,,0,1,0,0,0,0.0429,22.51,4293,0,uvm_report_server
RUN-001247,reset_recovery_test-001247,729327352,FAIL,fail,FRAMING_ERROR,B_UART_0x24,FRAMING_ERROR,337568,2,0,0,0,1,0.3836,17.35,19179,1,uvm_report_server
RUN-001248,uart_loopback_test-001248,303605506,FAIL,fail,BUS_STARVATION,B_ARB_0x12,BUS_STARVATION,109208,3,0,0,0,0,0.1241,5.6,12406,1,uvm_report_server
RUN-001249,reset_recovery_test-001249,9470763,PASS,pass,NONE,,,,0,0,0,0,0,0.5142,17.37,12854,0,uvm_report_server
RUN-001250,reset_recovery_test-001250,1923811626,PASS,pass,NONE,,,,0,1,0,0,0,0.1106,9.54,2765,0,uvm_report_server
RUN-001251,dma_burst_test-001251,1306107969,PASS,pass,NONE,,,,0,0,0,0,0,0.021,96.97,4201,0,uvm_report_server
RUN-001252,reset_recovery_test-001252,658398739,PASS,pass,NONE,,,,0,0,0,0,0,0.0568,16.77,5680,0,uvm_report_server
RUN-001253,dma_burst_test-001253,2061686322,PASS,pass,NONE,,,,0,0,0,0,0,0.0728,102.36,14567,0,uvm_report_server
RUN-001254,dma_burst_test-001254,1341701135,PASS,pass,NONE,,,,0,1,0,0,0,0.0904,2.68,4518,0,uvm_report_server
RUN-001255,uart_loopback_test-001255,1402197304,FAIL,fail,FRAMING_ERROR,B_UART_0x24,FRAMING_ERROR,49280,2,0,0,0,1,0.056,27.05,11204,1,uvm_report_server
RUN-001256,dma_burst_test-001256,1976683020,FAIL,fail,METASTABILITY,B_CDC_0x62,METASTABILITY,111936,2,0,0,0,0,0.1272,3.59,3178,1,uvm_report_server
RUN-001257,irq_storm_test-001257,1293301302,PASS,pass,NONE,,,,0,0,0,0,0,0.1614,12.5,8068,0,uvm_report_server
RUN-001258,reg_sweep_test-001258,549449660,PASS,pass,NONE,,,,0,1,0,0,0,0.2728,28.88,13638,0,uvm_report_server
RUN-001259,dma_burst_test-001259,2016460778,PASS,pass,NONE,,,,0,0,0,0,0,0.0917,42.09,18331,0,uvm_report_server
RUN-001260,uart_loopback_test-001260,1705804960,PASS,pass,NONE,,,,0,0,0,0,0,0.0545,9.17,10898,0,uvm_report_server
RUN-001261,parity_stress_test-001261,1190321095,PASS,pass,NONE,,,,0,0,0,0,0,0.161,52.36,32198,0,uvm_report_server
RUN-001262,parity_stress_test-001262,896936980,PASS,pass,NONE,,,,0,1,0,0,0,0.0865,11.27,4325,0,uvm_report_server
RUN-001263,uart_loopback_test-001263,614822401,PASS,pass,NONE,,,,0,0,0,0,0,0.4832,8.66,12079,0,uvm_report_server
RUN-001264,dma_burst_test-001264,917659571,PASS,pass,NONE,,,,0,0,0,0,0,0.0839,93.07,16780,0,uvm_report_server
RUN-001265,parity_stress_test-001265,2077181972,PASS,pass,NONE,,,,0,0,0,0,0,0.0442,23.05,4417,0,uvm_report_server
RUN-001266,parity_stress_test-001266,758342167,PASS,pass,NONE,,,,0,0,0,0,0,0.1508,6.13,3770,0,uvm_report_server
RUN-001267,uart_loopback_test-001267,1475134110,FAIL,fail,BUS_STARVATION,B_ARB_0x12,BUS_STARVATION,101464,3,0,0,0,0,0.1153,44.22,23054,1,uvm_report_server
RUN-001268,irq_storm_test-001268,946694483,PASS,pass,NONE,,,,0,0,0,0,0,0.2258,4.34,11287,0,uvm_report_server
RUN-001269,parity_stress_test-001269,1016782000,PASS,pass,NONE,,,,0,1,0,0,0,0.3761,2.57,9403,0,uvm_report_server
RUN-001270,reg_sweep_test-001270,578942534,FAIL,fail,BUS_STARVATION,B_ARB_0x12,BUS_STARVATION,32736,3,1,0,0,0,0.0372,26.95,7448,1,uvm_report_server
RUN-001271,dma_burst_test-001271,891307094,FAIL,fail,FIFO_UNDERRUN,B_DMA_0x31,FIFO_UNDERRUN,31592,4,0,0,1,0,0.0359,12.61,3592,1,uvm_report_server
RUN-001272,parity_stress_test-001272,1318631379,PASS,pass,NONE,,,,0,0,0,0,0,0.0511,38.6,10221,0,uvm_report_server
RUN-001273,reset_recovery_test-001273,1536649912,FAIL,fail,BUS_STARVATION,B_ARB_0x12,BUS_STARVATION,480568,1,0,0,0,0,0.5461,1.65,27302,1,uvm_report_server
RUN-001274,parity_stress_test-001274,1247466880,FAIL,fail,REG_MISMATCH,B_REG_0x70,REG_MISMATCH,61424,1,0,0,0,1,0.0698,18.49,3490,1,uvm_report_server
RUN-001275,dma_burst_test-001275,101971425,PASS,pass,NONE,,,,0,1,0,0,0,0.0274,18.27,2743,0,uvm_report_server
RUN-001276,dma_burst_test-001276,360338456,PASS,pass,NONE,,,,0,1,0,0,0,0.1202,31.07,12021,0,uvm_report_server
RUN-001277,parity_stress_test-001277,138200041,FAIL,fail,PSLVERR_TIMEOUT,B_APB_0x55,PSLVERR_TIMEOUT,797896,2,1,1,0,0,0.9067,0.58,22668,1,uvm_report_server
RUN-001278,irq_storm_test-001278,2052164698,FAIL,fail,PREADY_TIMEOUT,B_APB_0x58,PREADY_TIMEOUT,801064,3,0,1,0,0,0.9103,4.08,91033,1,uvm_report_server
RUN-001279,reg_sweep_test-001279,1655844522,PASS,pass,NONE,,,,0,0,0,0,0,1.0451,3.54,26126,0,uvm_report_server
RUN-001280,reset_recovery_test-001280,278048489,FAIL,fail,FIFO_UNDERRUN,B_DMA_0x31,FIFO_UNDERRUN,19448,2,0,0,1,0,0.0221,15.09,4421,1,uvm_report_server
RUN-001281,reg_sweep_test-001281,35927537,FAIL,fail,IRQ_LOST,B_IRQ_0x45,IRQ_LOST,495528,2,0,0,1,0,0.5631,8.73,14077,1,uvm_report_server
RUN-001282,reg_sweep_test-001282,569879184,PASS,pass,NONE,,,,0,1,0,0,0,0.0242,43.12,4830,0,uvm_report_server
RUN-001283,reg_sweep_test-001283,963657993,FAIL,fail,FIFO_UNDERRUN,B_DMA_0x31,FIFO_UNDERRUN,16720,2,1,0,0,0,0.019,16.83,3809,1,uvm_report_server
RUN-001284,dma_burst_test-001284,505892762,PASS,pass,NONE,,,,0,1,0,0,0,0.2689,32.58,26892,0,uvm_report_server
RUN-001285,backpressure_test-001285,904279660,PASS,pass,NONE,,,,0,1,0,0,0,0.1541,48.4,15413,0,uvm_report_server
RUN-001286,irq_storm_test-001286,773463381,PASS,pass,NONE,,,,0,1,0,0,0,0.1774,10.61,8869,0,uvm_report_server
RUN-001287,reset_recovery_test-001287,1864833261,FAIL,fail,PREADY_TIMEOUT,B_APB_0x58,PREADY_TIMEOUT,345752,1,1,1,0,0,0.3929,5.84,19645,1,uvm_report_server
RUN-001288,reg_sweep_test-001288,630459942,FAIL,fail,PSLVERR_TIMEOUT,B_APB_0x55,PSLVERR_TIMEOUT,765688,2,0,1,0,0,0.8701,4.16,43504,1,uvm_report_server
RUN-001289,reset_recovery_test-001289,2006923319,FAIL,fail,FIFO_UNDERRUN,B_DMA_0x31,FIFO_UNDERRUN,66176,4,1,0,1,0,0.0752,6.89,3757,1,uvm_report_server
RUN-001290,backpressure_test-001290,1451575566,PASS,pass,NONE,,,,0,0,0,0,0,0.1024,39.76,5121,0,uvm_report_server
RUN-001291,reset_recovery_test-001291,1198772600,PASS,pass,NONE,,,,0,0,0,0,0,0.061,30.24,6102,0,uvm_report_server
RUN-001292,uart_loopback_test-001292,229579180,PASS,pass,NONE,,,,0,0,0,0,0,0.4873,17.47,24365,0,uvm_report_server
RUN-001293,reset_recovery_test-001293,1895317260,FAIL,fail,BUS_STARVATION,B_ARB_0x12,BUS_STARVATION,79992,4,0,0,1,0,0.0909,22.29,18171,1,uvm_report_server
RUN-001294,uart_loopback_test-001294,305349416,PASS,pass,NONE,,,,0,1,0,0,0,0.0174,28.12,3488,0,uvm_report_server
RUN-001295,backpressure_test-001295,1963297476,PASS,pass,NONE,,,,0,0,0,0,0,0.1407,14.73,14071,0,uvm_report_server
RUN-001296,reset_recovery_test-001296,6673897,PASS,pass,NONE,,,,0,0,0,0,0,0.0399,96.95,7987,0,uvm_report_server
RUN-001297,reset_recovery_test-001297,765851079,PASS,pass,NONE,,,,0,1,0,0,0,0.2384,8.35,23836,0,uvm_report_server
RUN-001298,dma_burst_test-001298,1483503779,PASS,pass,NONE,,,,0,0,0,0,0,0.162,22.85,16198,0,uvm_report_server
RUN-001299,dma_burst_test-001299,594903924,PASS,pass,NONE,,,,0,0,0,0,0,0.2541,30.24,25407,0,uvm_report_server
RUN-001300,irq_storm_test-001300,281172091,PASS,pass,NONE,,,,0,0,0,0,0,0.2281,34.37,22810,0,uvm_report_server
RUN-001301,reset_recovery_test-001301,1933291145,PASS,pass,NONE,,,,0,0,0,0,0,0.1139,70.47,22787,0,uvm_report_server
RUN-001302,dma_burst_test-001302,2124590443,FAIL,fail,PSLVERR_TIMEOUT,B_APB_0x55,PSLVERR_TIMEOUT,263736,2,0,1,0,0,0.2997,14.0,59945,1,uvm_report_server
RUN-001303,parity_stress_test-001303,1442056313,FAIL,fail,IRQ_LOST,B_IRQ_0x45,IRQ_LOST,896808,2,0,0,1,0,1.0191,1.03,50955,1,uvm_report_server
RUN-001304,parity_stress_test-001304,1872418481,PASS,pass,NONE,,,,0,1,0,0,0,0.0889,3.15,4446,0,uvm_report_server
RUN-001305,dma_burst_test-001305,40340332,PASS,pass,NONE,,,,0,0,0,0,0,0.0844,25.89,16885,0,uvm_report_server
RUN-001306,dma_burst_test-001306,2080370065,PASS,pass,NONE,,,,0,0,0,0,0,0.0209,26.84,4189,0,uvm_report_server
RUN-001307,uart_loopback_test-001307,1415429545,PASS,pass,NONE,,,,0,1,0,0,0,0.2191,19.1,5477,0,uvm_report_server
RUN-001308,reset_recovery_test-001308,927676730,PASS,pass,NONE,,,,0,0,0,0,0,0.358,6.07,8949,0,uvm_report_server
RUN-001309,reg_sweep_test-001309,2085708899,PASS,pass,NONE,,,,0,0,0,0,0,0.1858,22.69,9287,0,uvm_report_server
RUN-001310,reset_recovery_test-001310,1601264671,FAIL,fail,PSLVERR_TIMEOUT,B_APB_0x55,PSLVERR_TIMEOUT,129008,3,1,1,1,0,0.1466,2.98,29326,1,uvm_report_server
RUN-001311,dma_burst_test-001311,637463588,PASS,pass,NONE,,,,0,0,0,0,0,0.0627,64.93,12542,0,uvm_report_server
RUN-001312,dma_burst_test-001312,1761126033,PASS,pass,NONE,,,,0,0,0,0,0,0.0308,15.65,3080,0,uvm_report_server
RUN-001313,dma_burst_test-001313,1344102961,PASS,pass,NONE,,,,0,1,0,0,0,0.0791,48.8,7914,0,uvm_report_server
RUN-001314,parity_stress_test-001314,1817140160,PASS,pass,NONE,,,,0,0,0,0,0,0.0649,60.11,12983,0,uvm_report_server
RUN-001315,uart_loopback_test-001315,1907588932,FAIL,fail,IRQ_LOST,B_IRQ_0x45,IRQ_LOST,113960,3,1,0,0,0,0.1295,9.69,6472,1,uvm_report_server
RUN-001316,reg_sweep_test-001316,415308454,PASS,pass,NONE,,,,0,0,0,0,0,0.0272,69.02,5440,0,uvm_report_server
RUN-001317,reset_recovery_test-001317,1812594711,FAIL,fail,PSLVERR_TIMEOUT,B_APB_0x55,PSLVERR_TIMEOUT,131384,2,0,1,0,0,0.1493,16.7,29867,1,uvm_report_server
RUN-001318,irq_storm_test-001318,1114141811,PASS,pass,NONE,,,,0,0,0,0,0,0.5602,28.02,56017,0,uvm_report_server
RUN-001319,reg_sweep_test-001319,311860843,PASS,pass,NONE,,,,0,0,0,0,0,0.097,44.31,9699,0,uvm_report_server
RUN-001320,reg_sweep_test-001320,37201062,PASS,pass,NONE,,,,0,0,0,0,0,0.259,31.75,25903,0,uvm_report_server
RUN-001321,reset_recovery_test-001321,263597691,PASS,pass,NONE,,,,0,0,0,0,0,0.5267,4.25,13168,0,uvm_report_server
RUN-001322,reg_sweep_test-001322,1545808072,PASS,pass,NONE,,,,0,0,0,0,0,0.1253,16.69,25068,0,uvm_report_server
RUN-001323,irq_storm_test-001323,1485771885,FAIL,fail,BUS_STARVATION,B_ARB_0x12,BUS_STARVATION,424336,3,1,0,1,0,0.4822,2.49,24108,1,uvm_report_server
RUN-001324,uart_loopback_test-001324,272341433,FAIL,fail,IRQ_LOST,B_IRQ_0x45,IRQ_LOST,51920,1,0,0,0,0,0.059,5.19,2950,1,uvm_report_server
RUN-001325,parity_stress_test-001325,1773124756,PASS,pass,NONE,,,,0,1,0,0,0,0.0785,109.86,7853,0,uvm_report_server
RUN-001326,dma_burst_test-001326,1880811896,FAIL,fail,FRAMING_ERROR,B_UART_0x24,FRAMING_ERROR,2332792,1,1,0,0,1,2.6509,0.94,66272,1,uvm_report_server
RUN-001327,irq_storm_test-001327,606016312,FAIL,fail,BUS_STARVATION,B_ARB_0x12,BUS_STARVATION,297792,1,1,0,0,0,0.3384,0.65,8459,1,uvm_report_server
RUN-001328,irq_storm_test-001328,2102293387,PASS,pass,NONE,,,,0,1,0,0,0,0.1347,14.75,6733,0,uvm_report_server
RUN-001329,irq_storm_test-001329,946089619,PASS,pass,NONE,,,,0,1,0,0,0,0.3541,22.7,17706,0,uvm_report_server
RUN-001330,reg_sweep_test-001330,1482468168,PASS,pass,NONE,,,,0,0,0,0,0,0.1513,58.69,7563,0,uvm_report_server
RUN-001331,backpressure_test-001331,1427425364,PASS,pass,NONE,,,,0,0,0,0,0,0.3517,21.35,17583,0,uvm_report_server
RUN-001332,irq_storm_test-001332,1320210920,PASS,pass,NONE,,,,0,0,0,0,0,0.0721,55.22,7211,0,uvm_report_server
RUN-001333,backpressure_test-001333,2052780930,FAIL,fail,BUS_STARVATION,B_ARB_0x12,BUS_STARVATION,715704,4,0,0,1,0,0.8133,7.25,20333,1,uvm_report_server
RUN-001334,irq_storm_test-001334,1537934265,PASS,pass,NONE,,,,0,0,0,0,0,0.9196,2.42,22990,0,uvm_report_server
RUN-001335,reg_sweep_test-001335,294408227,PASS,pass,NONE,,,,0,0,0,0,0,0.0669,60.9,13371,0,uvm_report_server
RUN-001336,reset_recovery_test-001336,1132501390,PASS,pass,NONE,,,,0,1,0,0,0,0.1103,71.29,22057,0,uvm_report_server
RUN-001337,irq_storm_test-001337,1986171816,PASS,pass,NONE,,,,0,1,0,0,0,0.1638,3.16,4096,0,uvm_report_server
RUN-001338,irq_storm_test-001338,1831127162,PASS,pass,NONE,,,,0,0,0,0,0,0.0129,82.75,2584,0,uvm_report_server
RUN-001339,uart_loopback_test-001339,875362159,FAIL,fail,FIFO_UNDERRUN,B_DMA_0x31,FIFO_UNDERRUN,20064,4,1,0,1,0,0.0228,10.51,4569,1,uvm_report_server
RUN-001340,uart_loopback_test-001340,1393296991,PASS,pass,NONE,,,,0,1,0,0,0,0.2211,9.71,11056,0,uvm_report_server
RUN-001341,dma_burst_test-001341,1032039665,FAIL,fail,PSLVERR_TIMEOUT,B_APB_0x55,PSLVERR_TIMEOUT,1160808,3,0,1,1,0,1.3191,3.18,65954,1,uvm_report_server
RUN-001342,uart_loopback_test-001342,634583735,PASS,pass,NONE,,,,0,1,0,0,0,0.1442,62.21,14422,0,uvm_report_server
RUN-001343,dma_burst_test-001343,954307792,PASS,pass,NONE,,,,0,0,0,0,0,0.9751,16.42,24377,0,uvm_report_server
RUN-001344,parity_stress_test-001344,1238452493,FAIL,fail,BUS_STARVATION,B_ARB_0x12,BUS_STARVATION,174944,2,0,0,1,0,0.1988,3.62,4969,1,uvm_report_server
RUN-001345,backpressure_test-001345,1406174458,FAIL,fail,PREADY_TIMEOUT,B_APB_0x58,PREADY_TIMEOUT,2324344,3,0,1,0,0,2.6413,1.26,66033,1,uvm_report_server
RUN-001346,reset_recovery_test-001346,339728585,PASS,pass,NONE,,,,0,0,0,0,0,0.1713,12.15,17126,0,uvm_report_server
RUN-001347,reg_sweep_test-001347,1321092348,PASS,pass,NONE,,,,0,0,0,0,0,0.042,100.78,8404,0,uvm_report_server
RUN-001348,irq_storm_test-001348,1452566606,PASS,pass,NONE,,,,0,1,0,0,0,0.0382,7.24,3816,0,uvm_report_server
RUN-001349,reg_sweep_test-001349,271617529,FAIL,fail,BUS_STARVATION,B_ARB_0x12,BUS_STARVATION,342144,2,0,0,0,0,0.3888,3.09,9720,1,uvm_report_server
RUN-001350,uart_loopback_test-001350,338681076,FAIL,fail,PREADY_TIMEOUT,B_APB_0x58,PREADY_TIMEOUT,102344,1,0,1,0,0,0.1163,3.91,23258,1,uvm_report_server
RUN-001351,uart_loopback_test-001351,1420479773,FAIL,fail,BUS_STARVATION,B_ARB_0x12,BUS_STARVATION,71280,1,0,0,0,0,0.081,4.02,8098,1,uvm_report_server
RUN-001352,reg_sweep_test-001352,819585845,PASS,pass,NONE,,,,0,1,0,0,0,0.1571,28.11,7855,0,uvm_report_server
RUN-001353,reg_sweep_test-001353,1564079247,FAIL,fail,BUS_STARVATION,B_ARB_0x12,BUS_STARVATION,553520,3,1,0,1,0,0.629,6.38,31448,1,uvm_report_server
RUN-001354,dma_burst_test-001354,2001761397,PASS,pass,NONE,,,,0,0,0,0,0,0.1237,35.6,12369,0,uvm_report_server
RUN-001355,backpressure_test-001355,1810372191,PASS,pass,NONE,,,,0,1,0,0,0,0.028,144.66,5596,0,uvm_report_server
RUN-001356,reg_sweep_test-001356,1587055250,PASS,pass,NONE,,,,0,1,0,0,0,0.3625,22.31,36249,0,uvm_report_server
RUN-001357,uart_loopback_test-001357,1330424538,FAIL,fail,PSLVERR_TIMEOUT,B_APB_0x55,PSLVERR_TIMEOUT,371184,2,0,1,0,0,0.4218,12.4,42177,1,uvm_report_server
RUN-001358,dma_burst_test-001358,72530300,FAIL,fail,FRAMING_ERROR,B_UART_0x24,FRAMING_ERROR,58696,2,0,0,0,1,0.0667,38.01,13332,1,uvm_report_server
RUN-001359,parity_stress_test-001359,859423998,PASS,pass,NONE,,,,0,0,0,0,0,0.0819,90.0,16384,0,uvm_report_server
RUN-001360,reset_recovery_test-001360,1094521970,FAIL,fail,PREADY_TIMEOUT,B_APB_0x58,PREADY_TIMEOUT,262592,3,0,1,1,0,0.2984,3.82,14921,1,uvm_report_server
RUN-001361,reg_sweep_test-001361,1314774081,PASS,pass,NONE,,,,0,1,0,0,0,0.084,44.59,16802,0,uvm_report_server
RUN-001362,backpressure_test-001362,512488846,PASS,pass,NONE,,,,0,1,0,0,0,0.0645,64.23,6451,0,uvm_report_server
RUN-001363,irq_storm_test-001363,577475561,FAIL,fail,FRAMING_ERROR,B_UART_0x24,FRAMING_ERROR,996512,1,0,0,0,1,1.1324,8.96,28310,1,uvm_report_server
RUN-001364,reset_recovery_test-001364,809621843,PASS,pass,NONE,,,,0,1,0,0,0,0.2787,29.68,55731,0,uvm_report_server
RUN-001365,dma_burst_test-001365,284245338,PASS,pass,NONE,,,,0,0,0,0,0,0.1831,5.98,18306,0,uvm_report_server
RUN-001366,parity_stress_test-001366,1777899308,PASS,pass,NONE,,,,0,0,0,0,0,0.2546,29.6,50920,0,uvm_report_server
RUN-001367,irq_storm_test-001367,1203436974,PASS,pass,NONE,,,,0,0,0,0,0,0.0799,53.7,15972,0,uvm_report_server
RUN-001368,backpressure_test-001368,1544029660,PASS,pass,NONE,,,,0,0,0,0,0,0.104,2.4,5197,0,uvm_report_server
RUN-001369,reg_sweep_test-001369,1775275430,PASS,pass,NONE,,,,0,0,0,0,0,0.0319,60.94,6372,0,uvm_report_server
RUN-001370,irq_storm_test-001370,1254704603,PASS,pass,NONE,,,,0,0,0,0,0,0.0172,30.98,3444,0,uvm_report_server
RUN-001371,irq_storm_test-001371,1373420627,PASS,pass,NONE,,,,0,0,0,0,0,1.6332,5.31,40830,0,uvm_report_server
RUN-001372,reset_recovery_test-001372,1147399748,PASS,pass,NONE,,,,0,0,0,0,0,0.038,52.11,7608,0,uvm_report_server
RUN-001373,irq_storm_test-001373,427437366,PASS,pass,NONE,,,,0,0,0,0,0,0.0601,69.75,6005,0,uvm_report_server
RUN-001374,reg_sweep_test-001374,1858465418,PASS,pass,NONE,,,,0,1,0,0,0,0.0579,16.95,11587,0,uvm_report_server
RUN-001375,parity_stress_test-001375,2126583025,PASS,pass,NONE,,,,0,1,0,0,0,0.1757,11.76,35131,0,uvm_report_server
RUN-001376,uart_loopback_test-001376,1656514708,FAIL,fail,PSLVERR_TIMEOUT,B_APB_0x55,PSLVERR_TIMEOUT,237600,3,0,1,1,0,0.27,7.48,26995,1,uvm_report_server
RUN-001377,backpressure_test-001377,1727342762,PASS,pass,NONE,,,,0,0,0,0,0,0.0533,18.9,5329,0,uvm_report_server
RUN-001378,reg_sweep_test-001378,22502054,PASS,pass,NONE,,,,0,0,0,0,0,0.6992,12.49,17479,0,uvm_report_server
RUN-001379,dma_burst_test-001379,1597950519,PASS,pass,NONE,,,,0,0,0,0,0,0.0175,119.53,3498,0,uvm_report_server
RUN-001380,parity_stress_test-001380,78014874,PASS,pass,NONE,,,,0,0,0,0,0,0.1357,58.98,27144,0,uvm_report_server
RUN-001381,dma_burst_test-001381,718613160,PASS,pass,NONE,,,,0,0,0,0,0,0.3119,27.3,7796,0,uvm_report_server
RUN-001382,irq_storm_test-001382,55754417,PASS,pass,NONE,,,,0,1,0,0,0,0.0503,38.68,5028,0,uvm_report_server
RUN-001383,parity_stress_test-001383,1257693919,PASS,pass,NONE,,,,0,0,0,0,0,0.053,154.27,10601,0,uvm_report_server
RUN-001384,backpressure_test-001384,330877973,FAIL,fail,BUS_STARVATION,B_ARB_0x12,BUS_STARVATION,119328,3,0,0,0,0,0.1356,16.75,27124,1,uvm_report_server
RUN-001385,backpressure_test-001385,548318279,PASS,pass,NONE,,,,0,0,0,0,0,0.0726,26.28,7258,0,uvm_report_server
RUN-001386,backpressure_test-001386,236522088,FAIL,fail,FIFO_UNDERRUN,B_DMA_0x31,FIFO_UNDERRUN,70400,1,0,0,0,0,0.08,3.06,4001,1,uvm_report_server
RUN-001387,parity_stress_test-001387,1889911085,PASS,pass,NONE,,,,0,0,0,0,0,0.0562,9.35,5615,0,uvm_report_server
RUN-001388,reset_recovery_test-001388,660070561,PASS,pass,NONE,,,,0,0,0,0,0,0.1401,7.23,7004,0,uvm_report_server
RUN-001389,reg_sweep_test-001389,597753913,PASS,pass,NONE,,,,0,0,0,0,0,0.0565,38.46,11303,0,uvm_report_server
RUN-001390,uart_loopback_test-001390,1800918595,FAIL,fail,BUS_STARVATION,B_ARB_0x12,BUS_STARVATION,68640,2,1,0,0,0,0.078,28.6,7799,1,uvm_report_server
RUN-001391,uart_loopback_test-001391,1915102673,PASS,pass,NONE,,,,0,0,0,0,0,0.5843,3.79,29216,0,uvm_report_server
RUN-001392,uart_loopback_test-001392,14716500,FAIL,fail,PREADY_TIMEOUT,B_APB_0x58,PREADY_TIMEOUT,549648,1,0,1,0,0,0.6246,1.29,31229,1,uvm_report_server
RUN-001393,reset_recovery_test-001393,40938765,PASS,pass,NONE,,,,0,0,0,0,0,0.3599,10.3,8998,0,uvm_report_server
RUN-001394,backpressure_test-001394,2031961711,PASS,pass,NONE,,,,0,0,0,0,0,0.0793,11.89,3963,0,uvm_report_server
RUN-001395,backpressure_test-001395,852863595,FAIL,fail,FIFO_UNDERRUN,B_DMA_0x31,FIFO_UNDERRUN,74448,2,0,0,0,0,0.0846,11.67,8463,1,uvm_report_server
RUN-001396,dma_burst_test-001396,647404237,PASS,pass,NONE,,,,0,1,0,0,0,0.029,77.56,5803,0,uvm_report_server
RUN-001397,reset_recovery_test-001397,1395197422,PASS,pass,NONE,,,,0,0,0,0,0,0.3201,3.26,8001,0,uvm_report_server
RUN-001398,reset_recovery_test-001398,2130971523,PASS,pass,NONE,,,,0,0,0,0,0,0.145,15.39,7248,0,uvm_report_server
RUN-001399,dma_burst_test-001399,189864945,PASS,pass,NONE,,,,0,0,0,0,0,0.2359,37.91,23586,0,uvm_report_server
RUN-001400,dma_burst_test-001400,1979930516,PASS,pass,NONE,,,,0,1,0,0,0,0.3446,12.26,17232,0,uvm_report_server
RUN-001401,dma_burst_test-001401,1884243471,FAIL,fail,METASTABILITY,B_CDC_0x62,METASTABILITY,142824,3,0,0,0,0,0.1623,29.75,32452,1,uvm_report_server
RUN-001402,reset_recovery_test-001402,1901708312,FAIL,fail,FRAMING_ERROR,B_UART_0x24,FRAMING_ERROR,1053624,4,0,0,1,1,1.1973,1.9,29933,1,uvm_report_server
RUN-001403,backpressure_test-001403,903928139,PASS,pass,NONE,,,,0,0,0,0,0,0.2321,18.47,11603,0,uvm_report_server
RUN-001404,dma_burst_test-001404,818673074,PASS,pass,NONE,,,,0,1,0,0,0,0.2063,10.28,20627,0,uvm_report_server
RUN-001405,reg_sweep_test-001405,1615329172,PASS,pass,NONE,,,,0,1,0,0,0,0.5238,3.68,13094,0,uvm_report_server
RUN-001406,reset_recovery_test-001406,1343812617,FAIL,fail,BUS_STARVATION,B_ARB_0x12,BUS_STARVATION,708840,1,1,0,0,0,0.8055,0.46,20136,1,uvm_report_server
RUN-001407,reg_sweep_test-001407,2098966974,PASS,pass,NONE,,,,0,0,0,0,0,0.1572,3.54,7859,0,uvm_report_server
RUN-001408,dma_burst_test-001408,1858505986,PASS,pass,NONE,,,,0,1,0,0,0,0.1139,36.06,22773,0,uvm_report_server
RUN-001409,backpressure_test-001409,1774605512,PASS,pass,NONE,,,,0,1,0,0,0,0.0465,22.43,4652,0,uvm_report_server
RUN-001410,dma_burst_test-001410,2040267642,FAIL,fail,BUS_STARVATION,B_ARB_0x12,BUS_STARVATION,89760,2,0,0,1,0,0.102,3.13,10199,1,uvm_report_server
RUN-001411,reg_sweep_test-001411,85081070,PASS,pass,NONE,,,,0,0,0,0,0,0.0856,25.14,8557,0,uvm_report_server
RUN-001412,reg_sweep_test-001412,1382785498,PASS,pass,NONE,,,,0,1,0,0,0,0.5404,4.16,13509,0,uvm_report_server
RUN-001413,reg_sweep_test-001413,599069574,PASS,pass,NONE,,,,0,0,0,0,0,0.2657,7.68,26566,0,uvm_report_server
RUN-001414,parity_stress_test-001414,937703900,PASS,pass,NONE,,,,0,0,0,0,0,0.3804,11.57,19019,0,uvm_report_server
RUN-001415,irq_storm_test-001415,120706980,FAIL,fail,IRQ_LOST,B_IRQ_0x45,IRQ_LOST,90288,1,0,0,0,0,0.1026,5.6,5132,1,uvm_report_server
RUN-001416,reset_recovery_test-001416,1337309124,PASS,pass,NONE,,,,0,0,0,0,0,0.0556,4.86,5558,0,uvm_report_server
RUN-001417,irq_storm_test-001417,1704208511,PASS,pass,NONE,,,,0,0,0,0,0,0.162,45.59,32399,0,uvm_report_server
RUN-001418,dma_burst_test-001418,1559043927,FAIL,fail,PSLVERR_TIMEOUT,B_APB_0x55,PSLVERR_TIMEOUT,693616,2,0,1,0,0,0.7882,1.31,19704,1,uvm_report_server
RUN-001419,uart_loopback_test-001419,330724852,PASS,pass,NONE,,,,0,0,0,0,0,0.0694,30.3,6943,0,uvm_report_server
RUN-001420,backpressure_test-001420,892136978,PASS,pass,NONE,,,,0,0,0,0,0,0.6366,24.27,15915,0,uvm_report_server
RUN-001421,backpressure_test-001421,364361822,PASS,pass,NONE,,,,0,0,0,0,0,0.557,3.85,27850,0,uvm_report_server
RUN-001422,uart_loopback_test-001422,1824649087,PASS,pass,NONE,,,,0,1,0,0,0,0.245,17.45,49006,0,uvm_report_server
RUN-001423,irq_storm_test-001423,37361212,PASS,pass,NONE,,,,0,0,0,0,0,0.2329,18.0,23293,0,uvm_report_server
RUN-001424,reset_recovery_test-001424,2015833388,PASS,pass,NONE,,,,0,1,0,0,0,0.1594,46.86,15936,0,uvm_report_server
RUN-001425,dma_burst_test-001425,939901650,PASS,pass,NONE,,,,0,0,0,0,0,0.2338,8.94,23379,0,uvm_report_server
RUN-001426,reset_recovery_test-001426,1394901395,FAIL,fail,FIFO_UNDERRUN,B_DMA_0x31,FIFO_UNDERRUN,36080,2,1,0,0,0,0.041,16.01,4097,1,uvm_report_server
RUN-001427,backpressure_test-001427,835750544,PASS,pass,NONE,,,,0,0,0,0,0,0.1082,41.33,21641,0,uvm_report_server
RUN-001428,uart_loopback_test-001428,449730374,PASS,pass,NONE,,,,0,0,0,0,0,0.1026,20.55,10257,0,uvm_report_server
RUN-001429,dma_burst_test-001429,2006548056,PASS,pass,NONE,,,,0,1,0,0,0,0.0231,20.16,4622,0,uvm_report_server
RUN-001430,parity_stress_test-001430,1447579364,PASS,pass,NONE,,,,0,0,0,0,0,0.03,31.77,5993,0,uvm_report_server
RUN-001431,reg_sweep_test-001431,999342610,PASS,pass,NONE,,,,0,0,0,0,0,0.0537,142.4,10745,0,uvm_report_server
RUN-001432,backpressure_test-001432,587389848,PASS,pass,NONE,,,,0,0,0,0,0,0.1679,2.78,4196,0,uvm_report_server
RUN-001433,dma_burst_test-001433,1370312889,PASS,pass,NONE,,,,0,1,0,0,0,0.2068,42.84,20679,0,uvm_report_server
RUN-001434,uart_loopback_test-001434,457512086,PASS,pass,NONE,,,,0,0,0,0,0,0.3914,21.55,19571,0,uvm_report_server
RUN-001435,backpressure_test-001435,328566877,PASS,pass,NONE,,,,0,0,0,0,0,0.2287,9.72,5718,0,uvm_report_server
RUN-001436,reset_recovery_test-001436,2011892104,PASS,pass,NONE,,,,0,0,0,0,0,0.0636,34.12,12717,0,uvm_report_server
RUN-001437,reset_recovery_test-001437,2013518645,PASS,pass,NONE,,,,0,1,0,0,0,0.0585,31.87,11702,0,uvm_report_server
RUN-001438,uart_loopback_test-001438,1013138536,FAIL,fail,FRAMING_ERROR,B_UART_0x24,FRAMING_ERROR,130856,2,0,0,1,1,0.1487,25.15,29734,1,uvm_report_server
RUN-001439,parity_stress_test-001439,334369707,PASS,pass,NONE,,,,0,1,0,0,0,0.1714,93.43,17138,0,uvm_report_server
RUN-001440,backpressure_test-001440,94518741,FAIL,fail,FRAMING_ERROR,B_UART_0x24,FRAMING_ERROR,35904,3,0,0,1,1,0.0408,8.78,4082,1,uvm_report_server
RUN-001441,dma_burst_test-001441,1751394414,PASS,pass,NONE,,,,0,1,0,0,0,0.0687,31.85,6870,0,uvm_report_server
RUN-001442,parity_stress_test-001442,1947125479,PASS,pass,NONE,,,,0,1,0,0,0,0.1049,10.64,5245,0,uvm_report_server
RUN-001443,backpressure_test-001443,619250439,PASS,pass,NONE,,,,0,0,0,0,0,0.0694,29.46,13889,0,uvm_report_server
RUN-001444,dma_burst_test-001444,1751930776,FAIL,fail,FIFO_UNDERRUN,B_DMA_0x31,FIFO_UNDERRUN,25080,2,1,0,0,0,0.0285,16.57,2851,1,uvm_report_server
RUN-001445,uart_loopback_test-001445,795576030,PASS,pass,NONE,,,,0,1,0,0,0,0.5774,3.76,28871,0,uvm_report_server
RUN-001446,parity_stress_test-001446,1837375702,PASS,pass,NONE,,,,0,1,0,0,0,0.6358,26.47,63577,0,uvm_report_server
RUN-001447,dma_burst_test-001447,1630236999,PASS,pass,NONE,,,,0,1,0,0,0,0.09,11.12,9002,0,uvm_report_server
RUN-001448,reset_recovery_test-001448,1691693498,FAIL,fail,PSLVERR_TIMEOUT,B_APB_0x55,PSLVERR_TIMEOUT,2177296,3,0,1,1,0,2.4742,1.02,61854,1,uvm_report_server
RUN-001449,backpressure_test-001449,133647465,PASS,pass,NONE,,,,0,0,0,0,0,0.0789,13.23,3945,0,uvm_report_server
RUN-001450,dma_burst_test-001450,349870762,PASS,pass,NONE,,,,0,0,0,0,0,0.0173,16.17,3459,0,uvm_report_server
RUN-001451,backpressure_test-001451,1724749145,PASS,pass,NONE,,,,0,0,0,0,0,0.4587,9.48,11468,0,uvm_report_server
RUN-001452,reset_recovery_test-001452,1218193275,PASS,pass,NONE,,,,0,0,0,0,0,0.2033,2.69,5082,0,uvm_report_server
RUN-001453,reset_recovery_test-001453,1564310870,FAIL,fail,PSLVERR_TIMEOUT,B_APB_0x55,PSLVERR_TIMEOUT,962104,2,0,1,0,0,1.0933,1.27,54666,1,uvm_report_server
RUN-001454,uart_loopback_test-001454,2036350314,PASS,pass,NONE,,,,0,1,0,0,0,0.2226,36.71,11128,0,uvm_report_server
RUN-001455,irq_storm_test-001455,406681916,PASS,pass,NONE,,,,0,1,0,0,0,0.2211,68.7,22112,0,uvm_report_server
RUN-001456,backpressure_test-001456,103725887,PASS,pass,NONE,,,,0,0,0,0,0,0.4031,18.87,20153,0,uvm_report_server
RUN-001457,reset_recovery_test-001457,1839148380,PASS,pass,NONE,,,,0,0,0,0,0,0.1248,32.66,12476,0,uvm_report_server
RUN-001458,reg_sweep_test-001458,476966097,PASS,pass,NONE,,,,0,0,0,0,0,0.1369,7.96,6845,0,uvm_report_server
RUN-001459,uart_loopback_test-001459,39500490,FAIL,fail,PSLVERR_TIMEOUT,B_APB_0x55,PSLVERR_TIMEOUT,483032,3,0,1,1,0,0.5489,2.11,54889,1,uvm_report_server
RUN-001460,uart_loopback_test-001460,131460554,FAIL,fail,FIFO_UNDERRUN,B_DMA_0x31,FIFO_UNDERRUN,39160,2,1,0,0,0,0.0445,24.94,2227,1,uvm_report_server
RUN-001461,dma_burst_test-001461,1039352080,PASS,pass,NONE,,,,0,0,0,0,0,0.0432,86.3,8636,0,uvm_report_server
RUN-001462,parity_stress_test-001462,276411931,PASS,pass,NONE,,,,0,1,0,0,0,0.3379,22.06,16896,0,uvm_report_server
RUN-001463,reset_recovery_test-001463,303092117,PASS,pass,NONE,,,,0,1,0,0,0,0.0879,50.3,8787,0,uvm_report_server
RUN-001464,uart_loopback_test-001464,1709074470,PASS,pass,NONE,,,,0,0,0,0,0,0.1313,126.41,26259,0,uvm_report_server
RUN-001465,irq_storm_test-001465,1558844804,PASS,pass,NONE,,,,0,1,0,0,0,0.3204,6.95,8009,0,uvm_report_server
RUN-001466,reset_recovery_test-001466,1976452412,FAIL,fail,IRQ_LOST,B_IRQ_0x45,IRQ_LOST,243320,1,0,0,0,0,0.2765,9.85,13825,1,uvm_report_server
RUN-001467,parity_stress_test-001467,173809007,FAIL,fail,PSLVERR_TIMEOUT,B_APB_0x55,PSLVERR_TIMEOUT,332728,2,0,1,0,0,0.3781,5.92,37812,1,uvm_report_server
RUN-001468,uart_loopback_test-001468,318962148,PASS,pass,NONE,,,,0,0,0,0,0,0.0164,61.94,3270,0,uvm_report_server
RUN-001469,irq_storm_test-001469,230942963,FAIL,fail,FIFO_UNDERRUN,B_DMA_0x31,FIFO_UNDERRUN,10384,3,0,0,1,0,0.0118,9.65,2362,1,uvm_report_server
RUN-001470,backpressure_test-001470,1504730327,PASS,pass,NONE,,,,0,0,0,0,0,0.2936,7.26,7339,0,uvm_report_server
RUN-001471,uart_loopback_test-001471,961762504,PASS,pass,NONE,,,,0,1,0,0,0,0.6394,13.72,15985,0,uvm_report_server
RUN-001472,reset_recovery_test-001472,1259709249,PASS,pass,NONE,,,,0,0,0,0,0,0.2145,17.87,5361,0,uvm_report_server
RUN-001473,dma_burst_test-001473,274843652,FAIL,fail,PSLVERR_TIMEOUT,B_APB_0x55,PSLVERR_TIMEOUT,541112,3,0,1,1,0,0.6149,1.17,30747,1,uvm_report_server
RUN-001474,dma_burst_test-001474,1224326593,PASS,pass,NONE,,,,0,0,0,0,0,0.0319,58.73,6386,0,uvm_report_server
RUN-001475,reg_sweep_test-001475,1435552952,FAIL,fail,PREADY_TIMEOUT,B_APB_0x58,PREADY_TIMEOUT,1007600,1,1,1,0,0,1.145,3.98,28626,1,uvm_report_server
RUN-001476,irq_storm_test-001476,598796029,PASS,pass,NONE,,,,0,0,0,0,0,0.2119,20.99,21193,0,uvm_report_server
RUN-001477,uart_loopback_test-001477,701727751,PASS,pass,NONE,,,,0,0,0,0,0,0.0134,41.7,2682,0,uvm_report_server
RUN-001478,backpressure_test-001478,1222983510,PASS,pass,NONE,,,,0,0,0,0,0,0.5093,4.28,12731,0,uvm_report_server
RUN-001479,backpressure_test-001479,566641197,PASS,pass,NONE,,,,0,0,0,0,0,0.0695,15.19,6953,0,uvm_report_server
RUN-001480,reg_sweep_test-001480,2040212837,PASS,pass,NONE,,,,0,1,0,0,0,0.0905,20.61,4523,0,uvm_report_server
RUN-001481,backpressure_test-001481,1102745871,PASS,pass,NONE,,,,0,0,0,0,0,0.0497,44.48,4971,0,uvm_report_server
RUN-001482,irq_storm_test-001482,380042542,PASS,pass,NONE,,,,0,0,0,0,0,0.0741,54.72,7408,0,uvm_report_server
RUN-001483,irq_storm_test-001483,1912315737,FAIL,fail,PREADY_TIMEOUT,B_APB_0x58,PREADY_TIMEOUT,161656,3,0,1,0,0,0.1837,15.17,18371,1,uvm_report_server
RUN-001484,backpressure_test-001484,1969673313,PASS,pass,NONE,,,,0,1,0,0,0,0.0564,17.07,2822,0,uvm_report_server
RUN-001485,reg_sweep_test-001485,1597139580,PASS,pass,NONE,,,,0,0,0,0,0,0.5255,3.57,13136,0,uvm_report_server
RUN-001486,uart_loopback_test-001486,1223399917,PASS,pass,NONE,,,,0,1,0,0,0,0.1392,1.77,3479,0,uvm_report_server
RUN-001487,dma_burst_test-001487,1473992158,PASS,pass,NONE,,,,0,0,0,0,0,0.0861,51.32,8608,0,uvm_report_server
RUN-001488,reg_sweep_test-001488,1086430841,PASS,pass,NONE,,,,0,0,0,0,0,0.0884,25.11,4418,0,uvm_report_server
RUN-001489,dma_burst_test-001489,604675600,PASS,pass,NONE,,,,0,1,0,0,0,0.2184,34.19,21835,0,uvm_report_server
RUN-001490,dma_burst_test-001490,934494176,PASS,pass,NONE,,,,0,0,0,0,0,0.0658,7.03,3288,0,uvm_report_server
RUN-001491,backpressure_test-001491,1736526828,PASS,pass,NONE,,,,0,0,0,0,0,0.1727,23.46,17266,0,uvm_report_server
RUN-001492,reset_recovery_test-001492,1908232654,FAIL,fail,PSLVERR_TIMEOUT,B_APB_0x55,PSLVERR_TIMEOUT,98208,3,1,1,1,0,0.1116,5.62,22317,1,uvm_report_server
RUN-001493,irq_storm_test-001493,1773191735,FAIL,fail,FRAMING_ERROR,B_UART_0x24,FRAMING_ERROR,346104,2,1,0,0,1,0.3933,31.48,19666,1,uvm_report_server
RUN-001494,parity_stress_test-001494,1329132158,FAIL,fail,PREADY_TIMEOUT,B_APB_0x58,PREADY_TIMEOUT,229504,1,0,1,0,0,0.2608,10.11,26077,1,uvm_report_server
RUN-001495,uart_loopback_test-001495,347489733,PASS,pass,NONE,,,,0,1,0,0,0,2.4237,6.81,60592,0,uvm_report_server
RUN-001496,dma_burst_test-001496,259534263,FAIL,fail,PREADY_TIMEOUT,B_APB_0x58,PREADY_TIMEOUT,670648,3,0,1,0,0,0.7621,2.55,38105,1,uvm_report_server
RUN-001497,dma_burst_test-001497,1884936194,PASS,pass,NONE,,,,0,0,0,0,0,0.1103,39.5,5515,0,uvm_report_server
RUN-001498,dma_burst_test-001498,1235902297,PASS,pass,NONE,,,,0,0,0,0,0,1.7946,4.93,44865,0,uvm_report_server
RUN-001499,uart_loopback_test-001499,1648040165,PASS,pass,NONE,,,,0,1,0,0,0,0.0665,55.88,6645,0,uvm_report_server
RUN-001500,reg_sweep_test-001500,1228285049,FAIL,fail,FIFO_UNDERRUN,B_DMA_0x31,FIFO_UNDERRUN,34144,1,0,0,0,0,0.0388,8.95,7763,1,uvm_report_server
RUN-001501,uart_loopback_test-001501,1878247906,PASS,pass,NONE,,,,0,0,0,0,0,0.1712,25.41,8559,0,uvm_report_server
RUN-001502,parity_stress_test-001502,291734902,PASS,pass,NONE,,,,0,1,0,0,0,0.1514,57.36,30289,0,uvm_report_server
RUN-001503,reg_sweep_test-001503,231327145,FAIL,fail,BUS_STARVATION,B_ARB_0x12,BUS_STARVATION,79640,2,1,0,0,0,0.0905,6.8,18108,1,uvm_report_server
RUN-001504,reset_recovery_test-001504,1100308806,PASS,pass,NONE,,,,0,0,0,0,0,0.0584,33.68,5844,0,uvm_report_server
RUN-001505,reg_sweep_test-001505,1270859076,PASS,pass,NONE,,,,0,0,0,0,0,0.5813,26.14,58131,0,uvm_report_server
RUN-001506,uart_loopback_test-001506,1934006272,PASS,pass,NONE,,,,0,0,0,0,0,0.1345,28.6,6723,0,uvm_report_server
RUN-001507,irq_storm_test-001507,1499824575,PASS,pass,NONE,,,,0,0,0,0,0,0.973,4.44,24325,0,uvm_report_server
RUN-001508,backpressure_test-001508,1404760009,PASS,pass,NONE,,,,0,0,0,0,0,0.0147,37.4,2937,0,uvm_report_server
RUN-001509,backpressure_test-001509,1025468761,FAIL,fail,FIFO_UNDERRUN,B_DMA_0x31,FIFO_UNDERRUN,149864,2,0,0,1,0,0.1703,4.44,4257,1,uvm_report_server
RUN-001510,uart_loopback_test-001510,1939120732,PASS,pass,NONE,,,,0,0,0,0,0,0.6107,6.08,30534,0,uvm_report_server
RUN-001511,reg_sweep_test-001511,2136435432,PASS,pass,NONE,,,,0,1,0,0,0,0.2404,16.0,12018,0,uvm_report_server
RUN-001512,reset_recovery_test-001512,1353689160,PASS,pass,NONE,,,,0,0,0,0,0,0.2126,10.36,21263,0,uvm_report_server
RUN-001513,reg_sweep_test-001513,1204271999,PASS,pass,NONE,,,,0,1,0,0,0,0.2285,36.35,22852,0,uvm_report_server
RUN-001514,reg_sweep_test-001514,44769527,FAIL,fail,BUS_STARVATION,B_ARB_0x12,BUS_STARVATION,79024,2,1,0,1,0,0.0898,4.17,8976,1,uvm_report_server
RUN-001515,reset_recovery_test-001515,1238497374,FAIL,fail,FIFO_UNDERRUN,B_DMA_0x31,FIFO_UNDERRUN,12496,1,1,0,0,0,0.0142,34.9,2846,1,uvm_report_server
RUN-001516,irq_storm_test-001516,1121287826,PASS,pass,NONE,,,,0,0,0,0,0,0.2532,7.97,6329,0,uvm_report_server
RUN-001517,uart_loopback_test-001517,534503683,PASS,pass,NONE,,,,0,0,0,0,0,0.2877,14.35,7192,0,uvm_report_server
RUN-001518,reg_sweep_test-001518,1345360165,PASS,pass,NONE,,,,0,0,0,0,0,0.181,12.36,9051,0,uvm_report_server
RUN-001519,dma_burst_test-001519,2029938040,FAIL,fail,BUS_STARVATION,B_ARB_0x12,BUS_STARVATION,481360,2,0,0,0,0,0.547,5.4,27351,1,uvm_report_server
RUN-001520,reset_recovery_test-001520,691371063,PASS,pass,NONE,,,,0,0,0,0,0,0.5742,7.43,14354,0,uvm_report_server
RUN-001521,dma_burst_test-001521,2056778385,FAIL,fail,METASTABILITY,B_CDC_0x62,METASTABILITY,46024,2,0,0,1,0,0.0523,3.53,5232,1,uvm_report_server
RUN-001522,uart_loopback_test-001522,603220710,FAIL,fail,BUS_STARVATION,B_ARB_0x12,BUS_STARVATION,456368,2,0,0,0,0,0.5186,3.99,25929,1,uvm_report_server
RUN-001523,parity_stress_test-001523,1824401675,PASS,pass,NONE,,,,0,1,0,0,0,0.1172,9.0,5862,0,uvm_report_server
RUN-001524,irq_storm_test-001524,467968100,PASS,pass,NONE,,,,0,0,0,0,0,0.181,46.49,36198,0,uvm_report_server
RUN-001525,uart_loopback_test-001525,2127888934,PASS,pass,NONE,,,,0,0,0,0,0,0.1767,5.27,4418,0,uvm_report_server
RUN-001526,dma_burst_test-001526,1810863244,PASS,pass,NONE,,,,0,1,0,0,0,0.0223,94.83,4462,0,uvm_report_server
RUN-001527,backpressure_test-001527,1295510825,FAIL,fail,FIFO_UNDERRUN,B_DMA_0x31,FIFO_UNDERRUN,49192,4,0,0,1,0,0.0559,13.17,2794,1,uvm_report_server
RUN-001528,reset_recovery_test-001528,440757935,PASS,pass,NONE,,,,0,0,0,0,0,0.3827,42.67,38267,0,uvm_report_server
RUN-001529,backpressure_test-001529,839640501,PASS,pass,NONE,,,,0,0,0,0,0,0.4984,7.85,12461,0,uvm_report_server
RUN-001530,reg_sweep_test-001530,1489382899,PASS,pass,NONE,,,,0,1,0,0,0,0.109,68.85,21794,0,uvm_report_server
RUN-001531,dma_burst_test-001531,1708311118,PASS,pass,NONE,,,,0,0,0,0,0,0.038,6.78,3798,0,uvm_report_server
RUN-001532,reg_sweep_test-001532,1542695882,FAIL,fail,BUS_STARVATION,B_ARB_0x12,BUS_STARVATION,72160,3,0,0,0,0,0.082,5.72,8202,1,uvm_report_server
RUN-001533,irq_storm_test-001533,1483997067,PASS,pass,NONE,,,,0,0,0,0,0,0.1276,16.98,12763,0,uvm_report_server
RUN-001534,reg_sweep_test-001534,2127317408,PASS,pass,NONE,,,,0,0,0,0,0,0.5065,32.25,25326,0,uvm_report_server
RUN-001535,dma_burst_test-001535,185708312,PASS,pass,NONE,,,,0,0,0,0,0,0.3817,19.49,9543,0,uvm_report_server
RUN-001536,uart_loopback_test-001536,1111872342,FAIL,fail,FRAMING_ERROR,B_UART_0x24,FRAMING_ERROR,106920,2,1,0,0,1,0.1215,14.9,12148,1,uvm_report_server
RUN-001537,uart_loopback_test-001537,870410349,FAIL,fail,PREADY_TIMEOUT,B_APB_0x58,PREADY_TIMEOUT,402688,1,0,1,0,0,0.4576,0.59,22882,1,uvm_report_server
RUN-001538,backpressure_test-001538,970925722,FAIL,fail,IRQ_LOST,B_IRQ_0x45,IRQ_LOST,127600,1,0,0,0,0,0.145,1.04,3623,1,uvm_report_server
RUN-001539,backpressure_test-001539,1156833934,PASS,pass,NONE,,,,0,0,0,0,0,0.5458,32.07,54576,0,uvm_report_server
RUN-001540,reg_sweep_test-001540,2125996347,PASS,pass,NONE,,,,0,0,0,0,0,0.6686,5.99,33429,0,uvm_report_server
RUN-001541,irq_storm_test-001541,382970132,FAIL,fail,BUS_STARVATION,B_ARB_0x12,BUS_STARVATION,19712,2,1,0,0,0,0.0224,21.93,4471,1,uvm_report_server
RUN-001542,reset_recovery_test-001542,1251494514,PASS,pass,NONE,,,,0,1,0,0,0,0.1485,14.78,3712,0,uvm_report_server
RUN-001543,reg_sweep_test-001543,539459225,FAIL,fail,BUS_STARVATION,B_ARB_0x12,BUS_STARVATION,83336,3,0,0,0,0,0.0947,23.62,18931,1,uvm_report_server
RUN-001544,dma_burst_test-001544,1223533932,FAIL,fail,FIFO_UNDERRUN,B_DMA_0x31,FIFO_UNDERRUN,145464,2,1,0,0,0,0.1653,3.65,8263,1,uvm_report_server
RUN-001545,irq_storm_test-001545,180373748,PASS,pass,NONE,,,,0,0,0,0,0,0.1987,20.06,9937,0,uvm_report_server
RUN-001546,reg_sweep_test-001546,1653409518,PASS,pass,NONE,,,,0,0,0,0,0,0.1594,25.02,7970,0,uvm_report_server
RUN-001547,reset_recovery_test-001547,1655960977,PASS,pass,NONE,,,,0,0,0,0,0,0.0439,24.77,4392,0,uvm_report_server
RUN-001548,reset_recovery_test-001548,1066464566,PASS,pass,NONE,,,,0,1,0,0,0,0.0333,32.34,6666,0,uvm_report_server
RUN-001549,uart_loopback_test-001549,565267648,PASS,pass,NONE,,,,0,0,0,0,0,0.2115,9.8,5288,0,uvm_report_server
RUN-001550,dma_burst_test-001550,282256117,FAIL,fail,FRAMING_ERROR,B_UART_0x24,FRAMING_ERROR,327096,3,0,0,0,1,0.3717,3.82,18585,1,uvm_report_server
RUN-001551,dma_burst_test-001551,536549909,PASS,pass,NONE,,,,0,1,0,0,0,0.0358,113.1,7165,0,uvm_report_server
RUN-001552,backpressure_test-001552,875490741,PASS,pass,NONE,,,,0,0,0,0,0,0.0939,5.4,4696,0,uvm_report_server
RUN-001553,irq_storm_test-001553,157174490,PASS,pass,NONE,,,,0,0,0,0,0,0.7539,21.82,37695,0,uvm_report_server
RUN-001554,uart_loopback_test-001554,34174479,FAIL,fail,PSLVERR_TIMEOUT,B_APB_0x55,PSLVERR_TIMEOUT,58256,2,0,1,0,0,0.0662,1.33,13239,1,uvm_report_server
RUN-001555,reg_sweep_test-001555,1761879036,PASS,pass,NONE,,,,0,1,0,0,0,0.0399,24.59,3992,0,uvm_report_server
RUN-001556,dma_burst_test-001556,1512776513,FAIL,fail,FRAMING_ERROR,B_UART_0x24,FRAMING_ERROR,52008,3,0,0,0,1,0.0591,8.97,5908,1,uvm_report_server
RUN-001557,parity_stress_test-001557,1852186604,PASS,pass,NONE,,,,0,0,0,0,0,0.1573,108.57,15725,0,uvm_report_server
RUN-001558,reg_sweep_test-001558,1709803453,PASS,pass,NONE,,,,0,0,0,0,0,0.0937,23.33,9371,0,uvm_report_server
RUN-001559,parity_stress_test-001559,2112235783,PASS,pass,NONE,,,,0,1,0,0,0,0.1231,34.17,12313,0,uvm_report_server
RUN-001560,reg_sweep_test-001560,203871252,PASS,pass,NONE,,,,0,1,0,0,0,0.0312,7.84,3119,0,uvm_report_server
RUN-001561,backpressure_test-001561,1122696860,FAIL,fail,BUS_STARVATION,B_ARB_0x12,BUS_STARVATION,189640,3,0,0,1,0,0.2155,6.25,21554,1,uvm_report_server
RUN-001562,reg_sweep_test-001562,1913963194,PASS,pass,NONE,,,,0,0,0,0,0,0.1841,48.64,9204,0,uvm_report_server
RUN-001563,irq_storm_test-001563,77052954,PASS,pass,NONE,,,,0,0,0,0,0,0.1572,51.86,31436,0,uvm_report_server
RUN-001564,reg_sweep_test-001564,169518339,FAIL,fail,FRAMING_ERROR,B_UART_0x24,FRAMING_ERROR,179432,3,1,0,0,1,0.2039,29.91,20385,1,uvm_report_server
RUN-001565,uart_loopback_test-001565,1518100116,FAIL,fail,BUS_STARVATION,B_ARB_0x12,BUS_STARVATION,31768,1,1,0,0,0,0.0361,12.48,7221,1,uvm_report_server
RUN-001566,uart_loopback_test-001566,2106849727,PASS,pass,NONE,,,,0,1,0,0,0,0.0682,29.19,6822,0,uvm_report_server
RUN-001567,parity_stress_test-001567,869289587,PASS,pass,NONE,,,,0,0,0,0,0,0.1103,9.79,5515,0,uvm_report_server
RUN-001568,irq_storm_test-001568,1044582239,PASS,pass,NONE,,,,0,0,0,0,0,0.5094,31.41,25472,0,uvm_report_server
RUN-001569,uart_loopback_test-001569,1485997310,PASS,pass,NONE,,,,0,0,0,0,0,0.0318,61.54,6361,0,uvm_report_server
RUN-001570,reg_sweep_test-001570,562914802,PASS,pass,NONE,,,,0,0,0,0,0,2.953,6.01,73825,0,uvm_report_server
RUN-001571,parity_stress_test-001571,1943409049,PASS,pass,NONE,,,,0,1,0,0,0,1.4298,5.94,35743,0,uvm_report_server
RUN-001572,uart_loopback_test-001572,1111843875,PASS,pass,NONE,,,,0,0,0,0,0,0.1182,8.96,11822,0,uvm_report_server
RUN-001573,dma_burst_test-001573,1308606125,PASS,pass,NONE,,,,0,0,0,0,0,1.2649,3.46,63242,0,uvm_report_server
RUN-001574,dma_burst_test-001574,960902163,PASS,pass,NONE,,,,0,1,0,0,0,0.9242,17.89,46211,0,uvm_report_server
RUN-001575,parity_stress_test-001575,550274953,PASS,pass,NONE,,,,0,1,0,0,0,0.1019,2.67,2547,0,uvm_report_server
RUN-001576,dma_burst_test-001576,690108626,FAIL,fail,PSLVERR_TIMEOUT,B_APB_0x55,PSLVERR_TIMEOUT,4107488,3,0,1,1,0,4.6676,2.06,116690,1,uvm_report_server
RUN-001577,irq_storm_test-001577,1426208610,PASS,pass,NONE,,,,0,0,0,0,0,0.1084,2.28,5417,0,uvm_report_server
RUN-001578,reg_sweep_test-001578,1130659214,PASS,pass,NONE,,,,0,1,0,0,0,0.0684,55.36,13675,0,uvm_report_server
RUN-001579,reg_sweep_test-001579,945629827,PASS,pass,NONE,,,,0,1,0,0,0,0.0356,30.99,3563,0,uvm_report_server
RUN-001580,dma_burst_test-001580,2075460086,FAIL,fail,BUS_STARVATION,B_ARB_0x12,BUS_STARVATION,58696,2,1,0,0,0,0.0667,4.11,6667,1,uvm_report_server
RUN-001581,reg_sweep_test-001581,454546398,PASS,pass,NONE,,,,0,1,0,0,0,0.1458,52.28,14578,0,uvm_report_server
RUN-001582,parity_stress_test-001582,733022514,PASS,pass,NONE,,,,0,1,0,0,0,0.1667,23.72,16673,0,uvm_report_server
RUN-001583,reg_sweep_test-001583,1985999232,PASS,pass,NONE,,,,0,1,0,0,0,0.221,39.42,22097,0,uvm_report_server
RUN-001584,reg_sweep_test-001584,814475451,FAIL,fail,PSLVERR_TIMEOUT,B_APB_0x55,PSLVERR_TIMEOUT,336336,2,0,1,0,0,0.3822,5.34,38216,1,uvm_report_server
RUN-001585,backpressure_test-001585,302466339,PASS,pass,NONE,,,,0,0,0,0,0,0.0452,90.36,9039,0,uvm_report_server
RUN-001586,dma_burst_test-001586,1614083956,FAIL,fail,FRAMING_ERROR,B_UART_0x24,FRAMING_ERROR,1353000,3,0,0,0,1,1.5375,4.07,38436,1,uvm_report_server
RUN-001587,parity_stress_test-001587,590160995,FAIL,fail,REG_MISMATCH,B_REG_0x70,REG_MISMATCH,52184,2,1,0,1,1,0.0593,23.8,5930,1,uvm_report_server
RUN-001588,dma_burst_test-001588,1291124643,FAIL,fail,FIFO_UNDERRUN,B_DMA_0x31,FIFO_UNDERRUN,13200,3,1,0,0,0,0.015,41.39,2995,1,uvm_report_server
RUN-001589,dma_burst_test-001589,737128107,PASS,pass,NONE,,,,0,0,0,0,0,0.0922,10.0,9224,0,uvm_report_server
RUN-001590,irq_storm_test-001590,357242901,PASS,pass,NONE,,,,0,0,0,0,0,1.7797,4.76,44491,0,uvm_report_server
RUN-001591,irq_storm_test-001591,714283664,FAIL,fail,PSLVERR_TIMEOUT,B_APB_0x55,PSLVERR_TIMEOUT,1167848,3,0,1,1,0,1.3271,6.52,132714,1,uvm_report_server
RUN-001592,dma_burst_test-001592,743574603,FAIL,fail,PSLVERR_TIMEOUT,B_APB_0x55,PSLVERR_TIMEOUT,870760,3,0,1,1,0,0.9895,0.9,49473,1,uvm_report_server
RUN-001593,backpressure_test-001593,1725111026,PASS,pass,NONE,,,,0,0,0,0,0,0.0631,59.01,6312,0,uvm_report_server
RUN-001594,uart_loopback_test-001594,556636238,PASS,pass,NONE,,,,0,0,0,0,0,1.2845,6.23,64225,0,uvm_report_server
RUN-001595,irq_storm_test-001595,1346195649,FAIL,fail,IRQ_LOST,B_IRQ_0x45,IRQ_LOST,233376,3,0,0,1,0,0.2652,4.55,6629,1,uvm_report_server
RUN-001596,uart_loopback_test-001596,1713229553,FAIL,fail,PSLVERR_TIMEOUT,B_APB_0x55,PSLVERR_TIMEOUT,103048,3,0,1,1,0,0.1171,2.54,23415,1,uvm_report_server
RUN-001597,backpressure_test-001597,857874577,FAIL,fail,METASTABILITY,B_CDC_0x62,METASTABILITY,133144,2,0,0,1,0,0.1513,25.66,15130,1,uvm_report_server
RUN-001598,reg_sweep_test-001598,426540249,PASS,pass,NONE,,,,0,0,0,0,0,0.6262,23.99,31308,0,uvm_report_server
RUN-001599,backpressure_test-001599,1719481837,PASS,pass,NONE,,,,0,0,0,0,0,0.1319,7.42,6596,0,uvm_report_server
RUN-001600,irq_storm_test-001600,1733659867,FAIL,fail,FRAMING_ERROR,B_UART_0x24,FRAMING_ERROR,17952,3,0,0,0,1,0.0204,7.31,4078,1,uvm_report_server
RUN-001601,reset_recovery_test-001601,472862597,PASS,pass,NONE,,,,0,0,0,0,0,0.0492,43.16,9830,0,uvm_report_server
RUN-001602,backpressure_test-001602,1617917685,PASS,pass,NONE,,,,0,0,0,0,0,0.1287,14.83,12865,0,uvm_report_server
RUN-001603,dma_burst_test-001603,917054691,PASS,pass,NONE,,,,0,1,0,0,0,0.2636,29.86,26357,0,uvm_report_server
RUN-001604,reg_sweep_test-001604,995274089,FAIL,fail,FIFO_UNDERRUN,B_DMA_0x31,FIFO_UNDERRUN,117744,3,0,0,0,0,0.1338,2.04,6688,1,uvm_report_server
RUN-001605,dma_burst_test-001605,849178055,PASS,pass,NONE,,,,0,1,0,0,0,0.0745,54.84,14907,0,uvm_report_server
RUN-001606,reset_recovery_test-001606,36363525,PASS,pass,NONE,,,,0,0,0,0,0,1.4934,11.87,37334,0,uvm_report_server
RUN-001607,irq_storm_test-001607,972177632,PASS,pass,NONE,,,,0,0,0,0,0,0.5271,14.65,52712,0,uvm_report_server
RUN-001608,uart_loopback_test-001608,1966925504,PASS,pass,NONE,,,,0,1,0,0,0,0.1306,15.24,6530,0,uvm_report_server
RUN-001609,backpressure_test-001609,1590035943,FAIL,fail,IRQ_LOST,B_IRQ_0x45,IRQ_LOST,64768,3,1,0,0,0,0.0736,5.88,3678,1,uvm_report_server
RUN-001610,parity_stress_test-001610,1462960323,FAIL,fail,FIFO_UNDERRUN,B_DMA_0x31,FIFO_UNDERRUN,45056,3,0,0,0,0,0.0512,5.28,2559,1,uvm_report_server
RUN-001611,uart_loopback_test-001611,742303302,PASS,pass,NONE,,,,0,1,0,0,0,0.1877,23.07,9384,0,uvm_report_server
RUN-001612,uart_loopback_test-001612,1061644238,PASS,pass,NONE,,,,0,0,0,0,0,0.171,5.56,8550,0,uvm_report_server
RUN-001613,dma_burst_test-001613,920233685,PASS,pass,NONE,,,,0,1,0,0,0,0.0279,18.85,5577,0,uvm_report_server
RUN-001614,uart_loopback_test-001614,196761252,FAIL,fail,PSLVERR_TIMEOUT,B_APB_0x55,PSLVERR_TIMEOUT,402072,3,0,1,1,0,0.4569,0.21,11422,1,uvm_report_server
RUN-001615,backpressure_test-001615,1461912897,FAIL,fail,PSLVERR_TIMEOUT,B_APB_0x55,PSLVERR_TIMEOUT,141328,2,0,1,0,0,0.1606,6.28,16059,1,uvm_report_server
RUN-001616,backpressure_test-001616,1811783339,PASS,pass,NONE,,,,0,0,0,0,0,0.0524,81.54,10481,0,uvm_report_server
RUN-001617,dma_burst_test-001617,1643301454,PASS,pass,NONE,,,,0,0,0,0,0,0.1616,54.58,16155,0,uvm_report_server
RUN-001618,dma_burst_test-001618,1132936561,PASS,pass,NONE,,,,0,0,0,0,0,0.1069,18.42,10688,0,uvm_report_server
RUN-001619,backpressure_test-001619,747820668,FAIL,fail,PSLVERR_TIMEOUT,B_APB_0x55,PSLVERR_TIMEOUT,374440,3,1,1,1,0,0.4255,3.68,42547,1,uvm_report_server
RUN-001620,reg_sweep_test-001620,2000140607,PASS,pass,NONE,,,,0,0,0,0,0,0.1705,95.19,17052,0,uvm_report_server
RUN-001621,backpressure_test-001621,1436121924,PASS,pass,NONE,,,,0,1,0,0,0,0.0218,25.51,4352,0,uvm_report_server
RUN-001622,uart_loopback_test-001622,1339521889,PASS,pass,NONE,,,,0,0,0,0,0,0.5579,15.83,27892,0,uvm_report_server
RUN-001623,dma_burst_test-001623,388240742,FAIL,fail,BUS_STARVATION,B_ARB_0x12,BUS_STARVATION,202136,2,1,0,1,0,0.2297,20.12,22969,1,uvm_report_server
RUN-001624,reg_sweep_test-001624,1749059239,PASS,pass,NONE,,,,0,0,0,0,0,0.4458,39.1,44576,0,uvm_report_server
RUN-001625,parity_stress_test-001625,133326688,PASS,pass,NONE,,,,0,0,0,0,0,0.0582,4.71,2909,0,uvm_report_server
RUN-001626,reset_recovery_test-001626,1533759846,PASS,pass,NONE,,,,0,0,0,0,0,0.048,42.29,4799,0,uvm_report_server
RUN-001627,dma_burst_test-001627,743436168,FAIL,fail,FIFO_UNDERRUN,B_DMA_0x31,FIFO_UNDERRUN,91696,3,0,0,0,0,0.1042,2.04,2604,1,uvm_report_server
RUN-001628,dma_burst_test-001628,1000449561,PASS,pass,NONE,,,,0,1,0,0,0,0.33,44.95,65995,0,uvm_report_server
RUN-001629,reg_sweep_test-001629,1203706035,FAIL,fail,FRAMING_ERROR,B_UART_0x24,FRAMING_ERROR,104808,3,1,0,1,1,0.1191,15.28,5957,1,uvm_report_server
RUN-001630,irq_storm_test-001630,1930697839,FAIL,fail,IRQ_LOST,B_IRQ_0x45,IRQ_LOST,599192,1,0,0,0,0,0.6809,7.4,34043,1,uvm_report_server
RUN-001631,uart_loopback_test-001631,1640493598,PASS,pass,NONE,,,,0,1,0,0,0,0.3028,7.13,30275,0,uvm_report_server
RUN-001632,irq_storm_test-001632,1413892987,PASS,pass,NONE,,,,0,1,0,0,0,0.0912,11.0,9117,0,uvm_report_server
RUN-001633,uart_loopback_test-001633,64956536,FAIL,fail,METASTABILITY,B_CDC_0x62,METASTABILITY,217184,3,0,0,1,0,0.2468,17.55,24683,1,uvm_report_server
RUN-001634,irq_storm_test-001634,1955070964,PASS,pass,NONE,,,,0,0,0,0,0,0.2931,13.24,29305,0,uvm_report_server
RUN-001635,parity_stress_test-001635,876787003,PASS,pass,NONE,,,,0,0,0,0,0,0.1064,19.17,10639,0,uvm_report_server
RUN-001636,parity_stress_test-001636,1330509767,PASS,pass,NONE,,,,0,0,0,0,0,0.962,3.84,24049,0,uvm_report_server
RUN-001637,reset_recovery_test-001637,480627168,PASS,pass,NONE,,,,0,1,0,0,0,0.3979,9.4,9948,0,uvm_report_server
RUN-001638,backpressure_test-001638,933630666,FAIL,fail,PREADY_TIMEOUT,B_APB_0x58,PREADY_TIMEOUT,409552,2,1,1,0,0,0.4654,5.79,46543,1,uvm_report_server
RUN-001639,dma_burst_test-001639,570097075,FAIL,fail,IRQ_LOST,B_IRQ_0x45,IRQ_LOST,414040,1,0,0,0,0,0.4705,10.53,23523,1,uvm_report_server
RUN-001640,reset_recovery_test-001640,862089842,FAIL,fail,PSLVERR_TIMEOUT,B_APB_0x55,PSLVERR_TIMEOUT,301136,2,0,1,0,0,0.3422,1.95,34217,1,uvm_report_server
RUN-001641,irq_storm_test-001641,307767156,PASS,pass,NONE,,,,0,0,0,0,0,0.0392,12.19,7844,0,uvm_report_server
RUN-001642,backpressure_test-001642,1766427916,FAIL,fail,BUS_STARVATION,B_ARB_0x12,BUS_STARVATION,314688,4,0,0,1,0,0.3576,3.18,35757,1,uvm_report_server
RUN-001643,irq_storm_test-001643,510575390,PASS,pass,NONE,,,,0,0,0,0,0,0.3721,21.77,37208,0,uvm_report_server
RUN-001644,reg_sweep_test-001644,1780844482,PASS,pass,NONE,,,,0,0,0,0,0,0.0205,13.64,4106,0,uvm_report_server
RUN-001645,irq_storm_test-001645,1693423917,PASS,pass,NONE,,,,0,1,0,0,0,0.0646,17.38,3227,0,uvm_report_server
RUN-001646,dma_burst_test-001646,1188141962,FAIL,fail,FIFO_UNDERRUN,B_DMA_0x31,FIFO_UNDERRUN,31240,4,0,0,1,0,0.0355,10.75,3548,1,uvm_report_server
RUN-001647,reset_recovery_test-001647,37658520,PASS,pass,NONE,,,,0,1,0,0,0,0.0667,31.41,13342,0,uvm_report_server
RUN-001648,reg_sweep_test-001648,379334850,FAIL,fail,PSLVERR_TIMEOUT,B_APB_0x55,PSLVERR_TIMEOUT,835296,2,0,1,0,0,0.9492,3.12,94921,1,uvm_report_server
RUN-001649,dma_burst_test-001649,624467071,PASS,pass,NONE,,,,0,1,0,0,0,0.0953,40.56,9525,0,uvm_report_server
RUN-001650,uart_loopback_test-001650,1519534022,FAIL,fail,BUS_STARVATION,B_ARB_0x12,BUS_STARVATION,59400,2,1,0,0,0,0.0675,7.06,13491,1,uvm_report_server
RUN-001651,irq_storm_test-001651,1661467746,PASS,pass,NONE,,,,0,0,0,0,0,0.4641,4.78,11602,0,uvm_report_server
RUN-001652,reset_recovery_test-001652,1785434451,FAIL,fail,PREADY_TIMEOUT,B_APB_0x58,PREADY_TIMEOUT,818136,3,1,1,0,0,0.9297,1.28,46486,1,uvm_report_server
RUN-001653,parity_stress_test-001653,1069376181,FAIL,fail,FIFO_UNDERRUN,B_DMA_0x31,FIFO_UNDERRUN,92576,2,0,0,0,0,0.1052,5.74,5259,1,uvm_report_server
RUN-001654,uart_loopback_test-001654,772280074,PASS,pass,NONE,,,,0,0,0,0,0,0.1099,36.52,10991,0,uvm_report_server
RUN-001655,dma_burst_test-001655,2102800613,FAIL,fail,BUS_STARVATION,B_ARB_0x12,BUS_STARVATION,351824,2,0,0,1,0,0.3998,3.11,19991,1,uvm_report_server
RUN-001656,parity_stress_test-001656,827746275,PASS,pass,NONE,,,,0,0,0,0,0,0.2188,8.76,21882,0,uvm_report_server
RUN-001657,reset_recovery_test-001657,1292725573,FAIL,fail,PSLVERR_TIMEOUT,B_APB_0x55,PSLVERR_TIMEOUT,737968,2,0,1,0,0,0.8386,1.78,167717,1,uvm_report_server
RUN-001658,uart_loopback_test-001658,1334322617,PASS,pass,NONE,,,,0,1,0,0,0,0.1823,81.94,36458,0,uvm_report_server
RUN-001659,reg_sweep_test-001659,844542399,PASS,pass,NONE,,,,0,0,0,0,0,0.3039,25.86,30392,0,uvm_report_server
RUN-001660,irq_storm_test-001660,1694160029,PASS,pass,NONE,,,,0,0,0,0,0,0.0139,71.03,2787,0,uvm_report_server
RUN-001661,reg_sweep_test-001661,1930226899,PASS,pass,NONE,,,,0,0,0,0,0,0.0413,105.72,8256,0,uvm_report_server
RUN-001662,reg_sweep_test-001662,1303886031,PASS,pass,NONE,,,,0,0,0,0,0,0.1015,39.55,5077,0,uvm_report_server
RUN-001663,reset_recovery_test-001663,311500670,PASS,pass,NONE,,,,0,0,0,0,0,0.1709,22.74,8543,0,uvm_report_server
RUN-001664,reg_sweep_test-001664,550661876,FAIL,fail,FIFO_UNDERRUN,B_DMA_0x31,FIFO_UNDERRUN,75504,4,1,0,1,0,0.0858,1.58,4288,1,uvm_report_server
RUN-001665,irq_storm_test-001665,1788098195,PASS,pass,NONE,,,,0,0,0,0,0,0.0585,17.82,5848,0,uvm_report_server
RUN-001666,dma_burst_test-001666,908966069,PASS,pass,NONE,,,,0,1,0,0,0,0.1134,33.05,5669,0,uvm_report_server
RUN-001667,reg_sweep_test-001667,1549638577,PASS,pass,NONE,,,,0,0,0,0,0,0.2841,14.31,7102,0,uvm_report_server
RUN-001668,reg_sweep_test-001668,1189396147,PASS,pass,NONE,,,,0,1,0,0,0,0.0564,36.12,11287,0,uvm_report_server
RUN-001669,dma_burst_test-001669,12058996,PASS,pass,NONE,,,,0,0,0,0,0,0.4232,20.67,10579,0,uvm_report_server
RUN-001670,reg_sweep_test-001670,1853112294,FAIL,fail,FRAMING_ERROR,B_UART_0x24,FRAMING_ERROR,321552,4,0,0,1,1,0.3654,12.1,36539,1,uvm_report_server
RUN-001671,irq_storm_test-001671,223781963,PASS,pass,NONE,,,,0,1,0,0,0,0.3411,6.6,8527,0,uvm_report_server
RUN-001672,parity_stress_test-001672,1178686643,FAIL,fail,FRAMING_ERROR,B_UART_0x24,FRAMING_ERROR,184184,2,0,0,0,1,0.2093,2.36,10462,1,uvm_report_server
RUN-001673,parity_stress_test-001673,2029099810,PASS,pass,NONE,,,,0,0,0,0,0,0.156,14.01,15595,0,uvm_report_server
RUN-001674,irq_storm_test-001674,105765343,PASS,pass,NONE,,,,0,0,0,0,0,1.0273,3.72,25683,0,uvm_report_server
RUN-001675,uart_loopback_test-001675,1717386004,FAIL,fail,PSLVERR_TIMEOUT,B_APB_0x55,PSLVERR_TIMEOUT,971872,2,0,1,0,0,1.1044,3.47,55222,1,uvm_report_server
RUN-001676,reset_recovery_test-001676,801127626,PASS,pass,NONE,,,,0,0,0,0,0,0.2806,53.29,56122,0,uvm_report_server
RUN-001677,irq_storm_test-001677,1460159064,PASS,pass,NONE,,,,0,0,0,0,0,0.0394,49.98,3939,0,uvm_report_server
RUN-001678,backpressure_test-001678,429523985,FAIL,fail,FRAMING_ERROR,B_UART_0x24,FRAMING_ERROR,348568,1,1,0,0,1,0.3961,0.77,9902,1,uvm_report_server
RUN-001679,backpressure_test-001679,1518801465,PASS,pass,NONE,,,,0,1,0,0,0,0.0953,42.14,4766,0,uvm_report_server
RUN-001680,dma_burst_test-001680,149067743,PASS,pass,NONE,,,,0,0,0,0,0,1.4609,2.98,36522,0,uvm_report_server
RUN-001681,reg_sweep_test-001681,631341186,PASS,pass,NONE,,,,0,1,0,0,0,0.3159,13.65,15794,0,uvm_report_server
RUN-001682,reg_sweep_test-001682,346386365,FAIL,fail,IRQ_LOST,B_IRQ_0x45,IRQ_LOST,533368,2,1,0,0,0,0.6061,7.01,15151,1,uvm_report_server
RUN-001683,reg_sweep_test-001683,1397474397,PASS,pass,NONE,,,,0,1,0,0,0,0.2319,9.42,5798,0,uvm_report_server
RUN-001684,reset_recovery_test-001684,358716824,PASS,pass,NONE,,,,0,0,0,0,0,0.059,37.13,11794,0,uvm_report_server
RUN-001685,parity_stress_test-001685,326424692,PASS,pass,NONE,,,,0,0,0,0,0,0.0561,79.83,5610,0,uvm_report_server
RUN-001686,dma_burst_test-001686,1299824449,PASS,pass,NONE,,,,0,0,0,0,0,0.0359,6.79,3591,0,uvm_report_server
RUN-001687,reg_sweep_test-001687,848321292,FAIL,fail,FIFO_UNDERRUN,B_DMA_0x31,FIFO_UNDERRUN,98648,4,1,0,1,0,0.1121,4.18,2802,1,uvm_report_server
RUN-001688,reg_sweep_test-001688,1933510116,PASS,pass,NONE,,,,0,0,0,0,0,0.0176,62.51,3520,0,uvm_report_server
RUN-001689,parity_stress_test-001689,1583354775,FAIL,fail,PSLVERR_TIMEOUT,B_APB_0x55,PSLVERR_TIMEOUT,1823008,2,0,1,0,0,2.0716,2.06,51791,1,uvm_report_server
RUN-001690,parity_stress_test-001690,2035429782,PASS,pass,NONE,,,,0,1,0,0,0,0.0801,25.94,8009,0,uvm_report_server
RUN-001691,dma_burst_test-001691,657315137,PASS,pass,NONE,,,,0,0,0,0,0,0.4998,15.45,12494,0,uvm_report_server
RUN-001692,irq_storm_test-001692,266543332,PASS,pass,NONE,,,,0,0,0,0,0,0.2201,10.02,11004,0,uvm_report_server
RUN-001693,dma_burst_test-001693,578361889,PASS,pass,NONE,,,,0,0,0,0,0,0.0494,21.71,4939,0,uvm_report_server
RUN-001694,dma_burst_test-001694,134403564,FAIL,fail,BUS_STARVATION,B_ARB_0x12,BUS_STARVATION,105248,4,0,0,1,0,0.1196,8.27,23922,1,uvm_report_server
RUN-001695,backpressure_test-001695,825359865,PASS,pass,NONE,,,,0,1,0,0,0,0.0814,45.5,16275,0,uvm_report_server
RUN-001696,uart_loopback_test-001696,1795649861,PASS,pass,NONE,,,,0,0,0,0,0,0.0741,111.6,14812,0,uvm_report_server
RUN-001697,parity_stress_test-001697,1552949612,PASS,pass,NONE,,,,0,0,0,0,0,0.0805,6.7,4025,0,uvm_report_server
RUN-001698,dma_burst_test-001698,1883176926,PASS,pass,NONE,,,,0,1,0,0,0,0.1451,13.0,7256,0,uvm_report_server
RUN-001699,backpressure_test-001699,1609020807,PASS,pass,NONE,,,,0,0,0,0,0,0.0692,29.07,13845,0,uvm_report_server
RUN-001700,irq_storm_test-001700,688469869,PASS,pass,NONE,,,,0,0,0,0,0,1.0047,4.16,25116,0,uvm_report_server
RUN-001701,reset_recovery_test-001701,1737097304,PASS,pass,NONE,,,,0,1,0,0,0,0.0693,59.99,6928,0,uvm_report_server
RUN-001702,dma_burst_test-001702,409537769,PASS,pass,NONE,,,,0,1,0,0,0,0.0853,49.26,8525,0,uvm_report_server
RUN-001703,backpressure_test-001703,35214878,PASS,pass,NONE,,,,0,0,0,0,0,0.6267,6.33,15668,0,uvm_report_server
RUN-001704,uart_loopback_test-001704,2138295883,FAIL,fail,FRAMING_ERROR,B_UART_0x24,FRAMING_ERROR,683232,3,1,0,0,1,0.7764,3.33,19409,1,uvm_report_server
RUN-001705,reg_sweep_test-001705,1971821862,PASS,pass,NONE,,,,0,0,0,0,0,0.4692,8.78,11731,0,uvm_report_server
RUN-001706,irq_storm_test-001706,1773591381,FAIL,fail,FRAMING_ERROR,B_UART_0x24,FRAMING_ERROR,225280,1,1,0,0,1,0.256,28.8,25598,1,uvm_report_server
RUN-001707,uart_loopback_test-001707,612164231,PASS,pass,NONE,,,,0,0,0,0,0,0.5252,1.85,13130,0,uvm_report_server
RUN-001708,parity_stress_test-001708,1295606920,PASS,pass,NONE,,,,0,0,0,0,0,0.1267,7.28,3166,0,uvm_report_server
RUN-001709,uart_loopback_test-001709,936711356,FAIL,fail,PREADY_TIMEOUT,B_APB_0x58,PREADY_TIMEOUT,193512,1,0,1,0,0,0.2199,5.3,21986,1,uvm_report_server
RUN-001710,reg_sweep_test-001710,1450264815,PASS,pass,NONE,,,,0,1,0,0,0,0.2999,13.49,14993,0,uvm_report_server
RUN-001711,dma_burst_test-001711,1019997573,PASS,pass,NONE,,,,0,0,0,0,0,0.7218,10.45,18045,0,uvm_report_server
RUN-001712,dma_burst_test-001712,587652620,FAIL,fail,PSLVERR_TIMEOUT,B_APB_0x55,PSLVERR_TIMEOUT,53680,2,0,1,0,0,0.061,4.39,12196,1,uvm_report_server
RUN-001713,reg_sweep_test-001713,464983720,FAIL,fail,IRQ_LOST,B_IRQ_0x45,IRQ_LOST,1174712,4,0,0,1,0,1.3349,3.94,33372,1,uvm_report_server
RUN-001714,dma_burst_test-001714,1036481670,PASS,pass,NONE,,,,0,0,0,0,0,0.7395,5.02,18486,0,uvm_report_server
RUN-001715,reset_recovery_test-001715,1812364137,FAIL,fail,PREADY_TIMEOUT,B_APB_0x58,PREADY_TIMEOUT,353144,2,0,1,1,0,0.4013,3.42,20065,1,uvm_report_server
RUN-001716,dma_burst_test-001716,107844422,PASS,pass,NONE,,,,0,1,0,0,0,0.0814,27.29,16285,0,uvm_report_server
RUN-001717,uart_loopback_test-001717,1033865436,FAIL,fail,FIFO_UNDERRUN,B_DMA_0x31,FIFO_UNDERRUN,65296,1,1,0,0,0,0.0742,14.75,7417,1,uvm_report_server
RUN-001718,reg_sweep_test-001718,91914879,PASS,pass,NONE,,,,0,1,0,0,0,0.0704,26.89,7039,0,uvm_report_server
RUN-001719,reg_sweep_test-001719,564364473,FAIL,fail,IRQ_LOST,B_IRQ_0x45,IRQ_LOST,292424,1,0,0,0,0,0.3323,11.94,16616,1,uvm_report_server
RUN-001720,dma_burst_test-001720,553839198,FAIL,fail,METASTABILITY,B_CDC_0x62,METASTABILITY,107800,2,0,0,1,0,0.1225,15.8,12247,1,uvm_report_server
RUN-001721,uart_loopback_test-001721,1890177416,FAIL,fail,PREADY_TIMEOUT,B_APB_0x58,PREADY_TIMEOUT,381920,3,1,1,0,0,0.434,1.33,10850,1,uvm_report_server
RUN-001722,reg_sweep_test-001722,376634111,FAIL,fail,FRAMING_ERROR,B_UART_0x24,FRAMING_ERROR,497376,3,1,0,0,1,0.5652,8.54,28261,1,uvm_report_server
RUN-001723,parity_stress_test-001723,681243516,PASS,pass,NONE,,,,0,1,0,0,0,0.2703,64.37,54062,0,uvm_report_server
RUN-001724,parity_stress_test-001724,152992453,FAIL,fail,PREADY_TIMEOUT,B_APB_0x58,PREADY_TIMEOUT,278608,3,0,1,0,0,0.3166,8.18,31657,1,uvm_report_server
RUN-001725,uart_loopback_test-001725,1185497887,FAIL,fail,FRAMING_ERROR,B_UART_0x24,FRAMING_ERROR,43736,1,0,0,0,1,0.0497,12.41,9946,1,uvm_report_server
RUN-001726,backpressure_test-001726,1655027289,PASS,pass,NONE,,,,0,0,0,0,0,0.5069,14.77,25345,0,uvm_report_server
RUN-001727,irq_storm_test-001727,165378263,FAIL,fail,FIFO_UNDERRUN,B_DMA_0x31,FIFO_UNDERRUN,110000,2,0,0,1,0,0.125,5.44,6249,1,uvm_report_server
RUN-001728,reset_recovery_test-001728,1073917984,PASS,pass,NONE,,,,0,0,0,0,0,0.5868,13.44,14670,0,uvm_report_server
RUN-001729,uart_loopback_test-001729,1071241118,PASS,pass,NONE,,,,0,0,0,0,0,0.1351,14.74,27023,0,uvm_report_server
RUN-001730,backpressure_test-001730,1403620175,PASS,pass,NONE,,,,0,1,0,0,0,0.0477,40.5,9548,0,uvm_report_server
RUN-001731,backpressure_test-001731,891547535,FAIL,fail,FIFO_UNDERRUN,B_DMA_0x31,FIFO_UNDERRUN,39512,3,1,0,0,0,0.0449,6.13,2243,1,uvm_report_server
RUN-001732,reset_recovery_test-001732,2065704312,PASS,pass,NONE,,,,0,1,0,0,0,0.2036,9.63,20363,0,uvm_report_server
RUN-001733,reset_recovery_test-001733,1437970455,PASS,pass,NONE,,,,0,0,0,0,0,0.4289,18.52,21445,0,uvm_report_server
RUN-001734,reset_recovery_test-001734,568489437,PASS,pass,NONE,,,,0,1,0,0,0,0.0193,48.77,3861,0,uvm_report_server
RUN-001735,reg_sweep_test-001735,1801387396,FAIL,fail,PSLVERR_TIMEOUT,B_APB_0x55,PSLVERR_TIMEOUT,421608,2,1,1,0,0,0.4791,2.86,47906,1,uvm_report_server
RUN-001736,reset_recovery_test-001736,470158820,PASS,pass,NONE,,,,0,0,0,0,0,0.0148,16.47,2961,0,uvm_report_server
RUN-001737,dma_burst_test-001737,1228178739,PASS,pass,NONE,,,,0,0,0,0,0,0.136,62.72,27204,0,uvm_report_server
RUN-001738,irq_storm_test-001738,1884814022,PASS,pass,NONE,,,,0,0,0,0,0,0.0183,50.91,3667,0,uvm_report_server
RUN-001739,uart_loopback_test-001739,2041718587,PASS,pass,NONE,,,,0,0,0,0,0,0.0719,7.72,3594,0,uvm_report_server
RUN-001740,uart_loopback_test-001740,785312844,PASS,pass,NONE,,,,0,0,0,0,0,0.565,7.81,14125,0,uvm_report_server
RUN-001741,reg_sweep_test-001741,1495541038,PASS,pass,NONE,,,,0,0,0,0,0,0.282,15.64,14100,0,uvm_report_server
RUN-001742,reg_sweep_test-001742,204589181,PASS,pass,NONE,,,,0,1,0,0,0,0.1237,70.2,24746,0,uvm_report_server
RUN-001743,dma_burst_test-001743,1428781774,PASS,pass,NONE,,,,0,1,0,0,0,0.645,13.5,32249,0,uvm_report_server
RUN-001744,reset_recovery_test-001744,1592209825,PASS,pass,NONE,,,,0,0,0,0,0,0.0235,43.46,4693,0,uvm_report_server
RUN-001745,irq_storm_test-001745,1180227530,PASS,pass,NONE,,,,0,1,0,0,0,0.066,130.4,13209,0,uvm_report_server
RUN-001746,uart_loopback_test-001746,2094928859,PASS,pass,NONE,,,,0,0,0,0,0,0.1172,17.06,11717,0,uvm_report_server
RUN-001747,reg_sweep_test-001747,1075083520,PASS,pass,NONE,,,,0,1,0,0,0,0.5404,30.04,54038,0,uvm_report_server
RUN-001748,irq_storm_test-001748,1515498390,PASS,pass,NONE,,,,0,1,0,0,0,0.2067,10.79,10335,0,uvm_report_server
RUN-001749,reset_recovery_test-001749,1095585612,FAIL,fail,PREADY_TIMEOUT,B_APB_0x58,PREADY_TIMEOUT,642664,3,0,1,1,0,0.7303,5.22,36514,1,uvm_report_server
RUN-001750,backpressure_test-001750,1524626750,PASS,pass,NONE,,,,0,0,0,0,0,0.0598,68.53,11957,0,uvm_report_server
RUN-001751,dma_burst_test-001751,1661078165,PASS,pass,NONE,,,,0,0,0,0,0,0.964,3.92,24098,0,uvm_report_server
RUN-001752,parity_stress_test-001752,1316717563,FAIL,fail,FIFO_UNDERRUN,B_DMA_0x31,FIFO_UNDERRUN,68552,3,0,0,1,0,0.0779,12.26,7794,1,uvm_report_server
RUN-001753,irq_storm_test-001753,769010875,FAIL,fail,FIFO_UNDERRUN,B_DMA_0x31,FIFO_UNDERRUN,24640,3,0,0,1,0,0.028,12.49,2803,1,uvm_report_server
RUN-001754,uart_loopback_test-001754,1147481614,PASS,pass,NONE,,,,0,0,0,0,0,0.8093,2.5,20232,0,uvm_report_server
RUN-001755,irq_storm_test-001755,1867964944,PASS,pass,NONE,,,,0,0,0,0,0,0.1302,14.5,6511,0,uvm_report_server
RUN-001756,irq_storm_test-001756,1039970625,FAIL,fail,PSLVERR_TIMEOUT,B_APB_0x55,PSLVERR_TIMEOUT,4482632,2,0,1,0,0,5.0939,1.8,127347,1,uvm_report_server
RUN-001757,backpressure_test-001757,1326862296,PASS,pass,NONE,,,,0,0,0,0,0,0.1338,30.25,6692,0,uvm_report_server
RUN-001758,parity_stress_test-001758,1861710949,FAIL,fail,METASTABILITY,B_CDC_0x62,METASTABILITY,66088,2,1,0,1,0,0.0751,4.56,7506,1,uvm_report_server
RUN-001759,uart_loopback_test-001759,1960324220,PASS,pass,NONE,,,,0,0,0,0,0,0.0456,23.83,9111,0,uvm_report_server
RUN-001760,uart_loopback_test-001760,1947525269,FAIL,fail,FRAMING_ERROR,B_UART_0x24,FRAMING_ERROR,63712,1,0,0,0,1,0.0724,17.15,7236,1,uvm_report_server
RUN-001761,dma_burst_test-001761,381932855,FAIL,fail,PSLVERR_TIMEOUT,B_APB_0x55,PSLVERR_TIMEOUT,257928,3,0,1,1,0,0.2931,3.79,29309,1,uvm_report_server
RUN-001762,irq_storm_test-001762,912150859,PASS,pass,NONE,,,,0,0,0,0,0,0.076,27.54,7603,0,uvm_report_server
RUN-001763,reg_sweep_test-001763,43437369,FAIL,fail,BUS_STARVATION,B_ARB_0x12,BUS_STARVATION,1285328,4,1,0,1,0,1.4606,7.34,36516,1,uvm_report_server
RUN-001764,irq_storm_test-001764,736539284,PASS,pass,NONE,,,,0,0,0,0,0,0.1055,10.63,10553,0,uvm_report_server
RUN-001765,uart_loopback_test-001765,130235353,FAIL,fail,FIFO_UNDERRUN,B_DMA_0x31,FIFO_UNDERRUN,79992,2,0,0,0,0,0.0909,7.18,2271,1,uvm_report_server
RUN-001766,reg_sweep_test-001766,886346927,PASS,pass,NONE,,,,0,0,0,0,0,0.1974,41.72,19737,0,uvm_report_server
RUN-001767,irq_storm_test-001767,901864931,PASS,pass,NONE,,,,0,0,0,0,0,0.0263,40.08,5262,0,uvm_report_server
RUN-001768,reset_recovery_test-001768,372382895,FAIL,fail,PSLVERR_TIMEOUT,B_APB_0x55,PSLVERR_TIMEOUT,1254264,2,0,1,0,0,1.4253,0.36,71263,1,uvm_report_server
RUN-001769,irq_storm_test-001769,1643667903,PASS,pass,NONE,,,,0,0,0,0,0,0.0902,5.78,4509,0,uvm_report_server
RUN-001770,parity_stress_test-001770,1908402466,PASS,pass,NONE,,,,0,1,0,0,0,0.4456,4.68,22281,0,uvm_report_server
RUN-001771,irq_storm_test-001771,1240500956,FAIL,fail,FIFO_UNDERRUN,B_DMA_0x31,FIFO_UNDERRUN,36960,2,0,0,0,0,0.042,3.6,4196,1,uvm_report_server
RUN-001772,backpressure_test-001772,1950814472,PASS,pass,NONE,,,,0,0,0,0,0,0.0758,50.77,7583,0,uvm_report_server
RUN-001773,reg_sweep_test-001773,1514512793,PASS,pass,NONE,,,,0,0,0,0,0,0.3963,10.83,19813,0,uvm_report_server
RUN-001774,uart_loopback_test-001774,128201918,PASS,pass,NONE,,,,0,0,0,0,0,0.1142,36.57,5711,0,uvm_report_server
RUN-001775,parity_stress_test-001775,1916187127,PASS,pass,NONE,,,,0,0,0,0,0,0.081,51.62,16190,0,uvm_report_server
RUN-001776,dma_burst_test-001776,238181691,FAIL,fail,BUS_STARVATION,B_ARB_0x12,BUS_STARVATION,146784,2,0,0,0,0,0.1668,2.95,8340,1,uvm_report_server
RUN-001777,dma_burst_test-001777,689950131,PASS,pass,NONE,,,,0,1,0,0,0,0.1877,90.95,37540,0,uvm_report_server
RUN-001778,reg_sweep_test-001778,877527751,PASS,pass,NONE,,,,0,0,0,0,0,0.1195,8.82,11951,0,uvm_report_server
RUN-001779,parity_stress_test-001779,2115506830,PASS,pass,NONE,,,,0,1,0,0,0,0.1923,22.07,9614,0,uvm_report_server
RUN-001780,reg_sweep_test-001780,1451544274,PASS,pass,NONE,,,,0,0,0,0,0,0.4369,9.2,21843,0,uvm_report_server
RUN-001781,uart_loopback_test-001781,1668978776,PASS,pass,NONE,,,,0,0,0,0,0,0.1039,4.89,5193,0,uvm_report_server
RUN-001782,uart_loopback_test-001782,847723189,PASS,pass,NONE,,,,0,1,0,0,0,0.1555,27.87,15550,0,uvm_report_server
RUN-001783,reg_sweep_test-001783,664414055,PASS,pass,NONE,,,,0,0,0,0,0,0.3418,21.83,34181,0,uvm_report_server
RUN-001784,reg_sweep_test-001784,184869471,PASS,pass,NONE,,,,0,0,0,0,0,0.1152,8.08,11515,0,uvm_report_server
RUN-001785,irq_storm_test-001785,1956542375,PASS,pass,NONE,,,,0,0,0,0,0,0.5317,4.09,13293,0,uvm_report_server
RUN-001786,reset_recovery_test-001786,1057146808,PASS,pass,NONE,,,,0,0,0,0,0,0.0938,85.29,18756,0,uvm_report_server
RUN-001787,uart_loopback_test-001787,2090099041,PASS,pass,NONE,,,,0,0,0,0,0,0.0364,54.82,7288,0,uvm_report_server
RUN-001788,irq_storm_test-001788,1890738288,PASS,pass,NONE,,,,0,0,0,0,0,0.5678,7.01,14194,0,uvm_report_server
RUN-001789,irq_storm_test-001789,10828411,PASS,pass,NONE,,,,0,0,0,0,0,0.0975,21.16,9745,0,uvm_report_server
RUN-001790,reset_recovery_test-001790,1919275298,PASS,pass,NONE,,,,0,0,0,0,0,0.1814,43.27,36278,0,uvm_report_server
RUN-001791,irq_storm_test-001791,2090013867,PASS,pass,NONE,,,,0,0,0,0,0,0.0173,16.27,3451,0,uvm_report_server
RUN-001792,reg_sweep_test-001792,1516481129,PASS,pass,NONE,,,,0,0,0,0,0,0.0322,29.59,3222,0,uvm_report_server
RUN-001793,dma_burst_test-001793,887180638,FAIL,fail,FRAMING_ERROR,B_UART_0x24,FRAMING_ERROR,138248,3,0,0,0,1,0.1571,11.16,7853,1,uvm_report_server
RUN-001794,dma_burst_test-001794,2107032673,PASS,pass,NONE,,,,0,1,0,0,0,0.0273,39.04,5458,0,uvm_report_server
RUN-001795,uart_loopback_test-001795,92305938,FAIL,fail,FIFO_UNDERRUN,B_DMA_0x31,FIFO_UNDERRUN,114136,2,0,0,0,0,0.1297,9.23,3243,1,uvm_report_server
RUN-001796,irq_storm_test-001796,1402436997,PASS,pass,NONE,,,,0,1,0,0,0,0.0608,16.62,12150,0,uvm_report_server
RUN-001797,dma_burst_test-001797,948484905,PASS,pass,NONE,,,,0,0,0,0,0,0.0319,67.17,6379,0,uvm_report_server
RUN-001798,irq_storm_test-001798,530873788,PASS,pass,NONE,,,,0,0,0,0,0,0.5789,6.86,14473,0,uvm_report_server
RUN-001799,reg_sweep_test-001799,1977435689,PASS,pass,NONE,,,,0,0,0,0,0,0.0992,45.33,9922,0,uvm_report_server
RUN-001800,reset_recovery_test-001800,171225625,PASS,pass,NONE,,,,0,0,0,0,0,0.0736,57.88,7363,0,uvm_report_server
RUN-001801,reset_recovery_test-001801,1515747660,PASS,pass,NONE,,,,0,0,0,0,0,0.2285,9.19,11423,0,uvm_report_server
RUN-001802,irq_storm_test-001802,199721489,FAIL,fail,BUS_STARVATION,B_ARB_0x12,BUS_STARVATION,829576,1,0,0,0,0,0.9427,0.69,47137,1,uvm_report_server
RUN-001803,parity_stress_test-001803,2081963138,FAIL,fail,PSLVERR_TIMEOUT,B_APB_0x55,PSLVERR_TIMEOUT,1252592,2,0,1,0,0,1.4234,1.86,71170,1,uvm_report_server
RUN-001804,reg_sweep_test-001804,1576699228,PASS,pass,NONE,,,,0,1,0,0,0,0.0358,27.87,7164,0,uvm_report_server
RUN-001805,reg_sweep_test-001805,494537280,PASS,pass,NONE,,,,0,0,0,0,0,0.0637,34.49,6372,0,uvm_report_server
RUN-001806,dma_burst_test-001806,923365593,PASS,pass,NONE,,,,0,0,0,0,0,0.0836,12.99,8355,0,uvm_report_server
RUN-001807,dma_burst_test-001807,56372046,PASS,pass,NONE,,,,0,1,0,0,0,0.034,57.25,6805,0,uvm_report_server
RUN-001808,dma_burst_test-001808,1849012930,FAIL,fail,BUS_STARVATION,B_ARB_0x12,BUS_STARVATION,679272,2,0,0,1,0,0.7719,3.99,77190,1,uvm_report_server
RUN-001809,uart_loopback_test-001809,2025553410,FAIL,fail,BUS_STARVATION,B_ARB_0x12,BUS_STARVATION,989560,1,0,0,0,0,1.1245,0.59,28111,1,uvm_report_server
RUN-001810,dma_burst_test-001810,407497768,PASS,pass,NONE,,,,0,1,0,0,0,0.2746,31.85,13730,0,uvm_report_server
RUN-001811,reg_sweep_test-001811,738306027,PASS,pass,NONE,,,,0,0,0,0,0,0.2269,8.72,22686,0,uvm_report_server
RUN-001812,irq_storm_test-001812,1647803869,PASS,pass,NONE,,,,0,1,0,0,0,0.0982,38.38,4907,0,uvm_report_server
RUN-001813,parity_stress_test-001813,1129410715,PASS,pass,NONE,,,,0,1,0,0,0,0.0765,13.81,7646,0,uvm_report_server
RUN-001814,backpressure_test-001814,927564348,PASS,pass,NONE,,,,0,1,0,0,0,0.0683,4.1,3416,0,uvm_report_server
RUN-001815,dma_burst_test-001815,321225423,PASS,pass,NONE,,,,0,1,0,0,0,0.2311,34.57,11557,0,uvm_report_server
RUN-001816,reg_sweep_test-001816,899967981,FAIL,fail,FIFO_UNDERRUN,B_DMA_0x31,FIFO_UNDERRUN,51832,3,1,0,1,0,0.0589,20.41,2946,1,uvm_report_server
RUN-001817,uart_loopback_test-001817,686849922,PASS,pass,NONE,,,,0,0,0,0,0,0.0753,26.69,15064,0,uvm_report_server
RUN-001818,reg_sweep_test-001818,33614141,PASS,pass,NONE,,,,0,0,0,0,0,0.0439,10.92,8776,0,uvm_report_server
RUN-001819,dma_burst_test-001819,512976255,FAIL,fail,PSLVERR_TIMEOUT,B_APB_0x55,PSLVERR_TIMEOUT,1109504,2,1,1,0,0,1.2608,4.08,63037,1,uvm_report_server
RUN-001820,uart_loopback_test-001820,1022057428,PASS,pass,NONE,,,,0,1,0,0,0,0.1767,24.41,35332,0,uvm_report_server
RUN-001821,reset_recovery_test-001821,1805191295,PASS,pass,NONE,,,,0,0,0,0,0,0.254,63.56,25395,0,uvm_report_server
RUN-001822,irq_storm_test-001822,452055419,PASS,pass,NONE,,,,0,1,0,0,0,0.2343,32.3,23429,0,uvm_report_server
RUN-001823,irq_storm_test-001823,2123885444,PASS,pass,NONE,,,,0,0,0,0,0,0.0794,12.62,7935,0,uvm_report_server
RUN-001824,irq_storm_test-001824,223114140,FAIL,fail,FRAMING_ERROR,B_UART_0x24,FRAMING_ERROR,1627912,2,0,0,1,1,1.8499,2.36,46247,1,uvm_report_server
RUN-001825,reg_sweep_test-001825,163756548,PASS,pass,NONE,,,,0,0,0,0,0,0.5316,7.77,13289,0,uvm_report_server
RUN-001826,reg_sweep_test-001826,1694062732,PASS,pass,NONE,,,,0,0,0,0,0,0.198,11.25,9900,0,uvm_report_server
RUN-001827,dma_burst_test-001827,1214577245,PASS,pass,NONE,,,,0,0,0,0,0,0.2022,9.36,20220,0,uvm_report_server
RUN-001828,parity_stress_test-001828,1210288174,PASS,pass,NONE,,,,0,0,0,0,0,0.7783,4.77,19457,0,uvm_report_server
RUN-001829,reg_sweep_test-001829,897351079,PASS,pass,NONE,,,,0,0,0,0,0,0.0831,25.58,16628,0,uvm_report_server
RUN-001830,uart_loopback_test-001830,1582744296,PASS,pass,NONE,,,,0,0,0,0,0,0.1377,3.57,3441,0,uvm_report_server
RUN-001831,backpressure_test-001831,684571205,PASS,pass,NONE,,,,0,0,0,0,0,0.0579,143.33,11584,0,uvm_report_server
RUN-001832,parity_stress_test-001832,1837152273,FAIL,fail,PSLVERR_TIMEOUT,B_APB_0x55,PSLVERR_TIMEOUT,219208,2,1,1,0,0,0.2491,7.53,49822,1,uvm_report_server
RUN-001833,backpressure_test-001833,215976454,FAIL,fail,PSLVERR_TIMEOUT,B_APB_0x55,PSLVERR_TIMEOUT,224488,3,0,1,1,0,0.2551,0.86,12755,1,uvm_report_server
RUN-001834,reset_recovery_test-001834,392915141,PASS,pass,NONE,,,,0,0,0,0,0,0.0134,38.14,2688,0,uvm_report_server
RUN-001835,reset_recovery_test-001835,1560095126,PASS,pass,NONE,,,,0,0,0,0,0,0.1431,14.25,14307,0,uvm_report_server
RUN-001836,reset_recovery_test-001836,1980755850,FAIL,fail,BUS_STARVATION,B_ARB_0x12,BUS_STARVATION,40920,4,0,0,1,0,0.0465,9.78,4647,1,uvm_report_server
RUN-001837,irq_storm_test-001837,94931847,PASS,pass,NONE,,,,0,1,0,0,0,0.2168,19.68,10840,0,uvm_report_server
RUN-001838,dma_burst_test-001838,973977940,PASS,pass,NONE,,,,0,0,0,0,0,0.1034,41.5,5167,0,uvm_report_server
RUN-001839,dma_burst_test-001839,572215766,FAIL,fail,PSLVERR_TIMEOUT,B_APB_0x55,PSLVERR_TIMEOUT,607992,2,0,1,0,0,0.6909,0.3,17272,1,uvm_report_server
RUN-001840,irq_storm_test-001840,144499760,PASS,pass,NONE,,,,0,0,0,0,0,0.4035,19.64,20174,0,uvm_report_server
RUN-001841,irq_storm_test-001841,1761962669,FAIL,fail,FIFO_UNDERRUN,B_DMA_0x31,FIFO_UNDERRUN,15048,1,0,0,0,0,0.0171,6.93,3415,1,uvm_report_server
RUN-001842,reg_sweep_test-001842,913780964,FAIL,fail,FRAMING_ERROR,B_UART_0x24,FRAMING_ERROR,29040,3,1,0,0,1,0.033,21.38,6595,1,uvm_report_server
RUN-001843,backpressure_test-001843,2125115265,PASS,pass,NONE,,,,0,0,0,0,0,0.3496,12.42,34958,0,uvm_report_server
RUN-001844,dma_burst_test-001844,1425973618,PASS,pass,NONE,,,,0,0,0,0,0,0.0781,13.13,3905,0,uvm_report_server
RUN-001845,reg_sweep_test-001845,1699309184,FAIL,fail,FIFO_UNDERRUN,B_DMA_0x31,FIFO_UNDERRUN,85888,2,1,0,0,0,0.0976,1.67,2440,1,uvm_report_server
RUN-001846,irq_storm_test-001846,1306063532,PASS,pass,NONE,,,,0,1,0,0,0,0.0255,79.85,5090,0,uvm_report_server
RUN-001847,uart_loopback_test-001847,976552376,PASS,pass,NONE,,,,0,0,0,0,0,0.2701,28.38,54017,0,uvm_report_server
RUN-001848,reg_sweep_test-001848,1000643482,FAIL,fail,METASTABILITY,B_CDC_0x62,METASTABILITY,241384,3,0,0,0,0,0.2743,15.92,13714,1,uvm_report_server
RUN-001849,backpressure_test-001849,556385893,FAIL,fail,FRAMING_ERROR,B_UART_0x24,FRAMING_ERROR,29392,3,1,0,0,1,0.0334,22.26,6677,1,uvm_report_server
RUN-001850,uart_loopback_test-001850,968374888,FAIL,fail,BUS_STARVATION,B_ARB_0x12,BUS_STARVATION,204600,3,0,0,0,0,0.2325,9.23,11626,1,uvm_report_server
RUN-001851,irq_storm_test-001851,1352221271,FAIL,fail,BUS_STARVATION,B_ARB_0x12,BUS_STARVATION,377960,4,1,0,1,0,0.4295,7.45,42951,1,uvm_report_server
RUN-001852,parity_stress_test-001852,1783539328,PASS,pass,NONE,,,,0,0,0,0,0,0.5789,14.17,14472,0,uvm_report_server
RUN-001853,reg_sweep_test-001853,1590170548,FAIL,fail,BUS_STARVATION,B_ARB_0x12,BUS_STARVATION,106128,1,0,0,0,0,0.1206,23.46,12060,1,uvm_report_server
RUN-001854,uart_loopback_test-001854,1855030728,FAIL,fail,BUS_STARVATION,B_ARB_0x12,BUS_STARVATION,1405624,2,0,0,1,0,1.5973,2.38,39932,1,uvm_report_server
RUN-001855,uart_loopback_test-001855,322316957,PASS,pass,NONE,,,,0,0,0,0,0,0.9718,8.69,24295,0,uvm_report_server
RUN-001856,reg_sweep_test-001856,346791423,PASS,pass,NONE,,,,0,0,0,0,0,0.0663,65.4,13267,0,uvm_report_server
RUN-001857,reg_sweep_test-001857,276016051,FAIL,fail,FIFO_UNDERRUN,B_DMA_0x31,FIFO_UNDERRUN,45496,3,0,0,0,0,0.0517,5.64,5168,1,uvm_report_server
RUN-001858,backpressure_test-001858,1151386586,PASS,pass,NONE,,,,0,0,0,0,0,0.1233,17.12,6167,0,uvm_report_server
RUN-001859,irq_storm_test-001859,172514879,FAIL,fail,FIFO_UNDERRUN,B_DMA_0x31,FIFO_UNDERRUN,57024,1,1,0,0,0,0.0648,11.94,3237,1,uvm_report_server
RUN-001860,backpressure_test-001860,1138318031,PASS,pass,NONE,,,,0,0,0,0,0,0.0895,49.2,17897,0,uvm_report_server
RUN-001861,irq_storm_test-001861,1526499776,PASS,pass,NONE,,,,0,0,0,0,0,0.2909,13.19,14545,0,uvm_report_server
RUN-001862,uart_loopback_test-001862,1713894782,FAIL,fail,PREADY_TIMEOUT,B_APB_0x58,PREADY_TIMEOUT,383064,3,0,1,0,0,0.4353,5.08,43525,1,uvm_report_server
RUN-001863,uart_loopback_test-001863,1573055950,PASS,pass,NONE,,,,0,0,0,0,0,0.0133,81.75,2665,0,uvm_report_server
RUN-001864,reset_recovery_test-001864,285839679,PASS,pass,NONE,,,,0,0,0,0,0,0.5902,28.61,14754,0,uvm_report_server
RUN-001865,parity_stress_test-001865,1360070707,FAIL,fail,FIFO_UNDERRUN,B_DMA_0x31,FIFO_UNDERRUN,46200,2,1,0,1,0,0.0525,25.57,5248,1,uvm_report_server
RUN-001866,uart_loopback_test-001866,1750856037,FAIL,fail,FIFO_UNDERRUN,B_DMA_0x31,FIFO_UNDERRUN,73216,2,0,0,0,0,0.0832,8.17,4161,1,uvm_report_server
RUN-001867,reg_sweep_test-001867,1029953166,FAIL,fail,ASSERTION_FAIL,B_ASRT_0x81,ASSERTION_FAIL,32120,1,1,0,0,0,0.0365,23.41,3652,1,uvm_report_server
RUN-001868,reg_sweep_test-001868,98235481,PASS,pass,NONE,,,,0,0,0,0,0,0.7768,19.8,19420,0,uvm_report_server
RUN-001869,uart_loopback_test-001869,1734541172,FAIL,fail,FRAMING_ERROR,B_UART_0x24,FRAMING_ERROR,116248,1,0,0,0,1,0.1321,6.71,6607,1,uvm_report_server
RUN-001870,reg_sweep_test-001870,1181465326,PASS,pass,NONE,,,,0,0,0,0,0,0.2319,17.64,11594,0,uvm_report_server
RUN-001871,parity_stress_test-001871,359367302,FAIL,fail,FRAMING_ERROR,B_UART_0x24,FRAMING_ERROR,37664,4,0,0,1,1,0.0428,53.74,8568,1,uvm_report_server
RUN-001872,irq_storm_test-001872,1806297366,FAIL,fail,FRAMING_ERROR,B_UART_0x24,FRAMING_ERROR,50952,3,0,0,0,1,0.0579,11.04,2893,1,uvm_report_server
RUN-001873,reg_sweep_test-001873,88405998,PASS,pass,NONE,,,,0,0,0,0,0,0.044,22.98,4398,0,uvm_report_server
RUN-001874,irq_storm_test-001874,1269516162,PASS,pass,NONE,,,,0,0,0,0,0,0.0798,12.92,3988,0,uvm_report_server
RUN-001875,backpressure_test-001875,257697863,PASS,pass,NONE,,,,0,0,0,0,0,0.5551,6.83,13878,0,uvm_report_server
RUN-001876,reg_sweep_test-001876,1446433333,PASS,pass,NONE,,,,0,0,0,0,0,0.0546,17.28,2729,0,uvm_report_server
RUN-001877,parity_stress_test-001877,1525321214,PASS,pass,NONE,,,,0,0,0,0,0,0.9876,2.2,24690,0,uvm_report_server
RUN-001878,dma_burst_test-001878,2061648695,PASS,pass,NONE,,,,0,0,0,0,0,0.5149,29.68,25743,0,uvm_report_server
RUN-001879,dma_burst_test-001879,1484958481,PASS,pass,NONE,,,,0,0,0,0,0,0.2853,29.76,28532,0,uvm_report_server
RUN-001880,backpressure_test-001880,1497503996,PASS,pass,NONE,,,,0,0,0,0,0,0.0226,11.14,4521,0,uvm_report_server
RUN-001881,irq_storm_test-001881,1714086921,PASS,pass,NONE,,,,0,0,0,0,0,0.1486,29.05,14862,0,uvm_report_server
RUN-001882,dma_burst_test-001882,725282534,PASS,pass,NONE,,,,0,0,0,0,0,0.0691,63.28,6905,0,uvm_report_server
RUN-001883,backpressure_test-001883,944672759,FAIL,fail,BUS_STARVATION,B_ARB_0x12,BUS_STARVATION,703736,3,1,0,1,0,0.7997,8.17,79968,1,uvm_report_server
RUN-001884,irq_storm_test-001884,1981641027,PASS,pass,NONE,,,,0,1,0,0,0,0.2874,15.49,57488,0,uvm_report_server
RUN-001885,reset_recovery_test-001885,1721761206,PASS,pass,NONE,,,,0,0,0,0,0,0.1065,37.42,5322,0,uvm_report_server
RUN-001886,uart_loopback_test-001886,1279907224,FAIL,fail,BUS_STARVATION,B_ARB_0x12,BUS_STARVATION,112728,3,1,0,1,0,0.1281,3.98,12812,1,uvm_report_server
RUN-001887,parity_stress_test-001887,1101623915,PASS,pass,NONE,,,,0,0,0,0,0,0.268,7.02,13399,0,uvm_report_server
RUN-001888,irq_storm_test-001888,49034895,PASS,pass,NONE,,,,0,0,0,0,0,0.3328,11.09,33275,0,uvm_report_server
RUN-001889,parity_stress_test-001889,408774396,FAIL,fail,PSLVERR_TIMEOUT,B_APB_0x55,PSLVERR_TIMEOUT,463936,3,0,1,1,0,0.5272,20.1,105446,1,uvm_report_server
RUN-001890,uart_loopback_test-001890,1784145783,PASS,pass,NONE,,,,0,0,0,0,0,0.9443,4.2,23606,0,uvm_report_server
RUN-001891,reset_recovery_test-001891,1543168075,FAIL,fail,PSLVERR_TIMEOUT,B_APB_0x55,PSLVERR_TIMEOUT,1816056,2,0,1,0,0,2.0637,1.36,51591,1,uvm_report_server
RUN-001892,reset_recovery_test-001892,51481439,PASS,pass,NONE,,,,0,0,0,0,0,0.1098,19.21,5489,0,uvm_report_server
RUN-001893,reg_sweep_test-001893,1779826735,PASS,pass,NONE,,,,0,0,0,0,0,0.2236,4.22,5590,0,uvm_report_server
RUN-001894,irq_storm_test-001894,1670726039,PASS,pass,NONE,,,,0,1,0,0,0,0.0725,6.68,7252,0,uvm_report_server
RUN-001895,uart_loopback_test-001895,1081805164,PASS,pass,NONE,,,,0,0,0,0,0,0.4395,9.72,10988,0,uvm_report_server
RUN-001896,reg_sweep_test-001896,992100368,PASS,pass,NONE,,,,0,0,0,0,0,0.0459,22.15,4585,0,uvm_report_server
RUN-001897,reg_sweep_test-001897,752436489,FAIL,fail,BUS_STARVATION,B_ARB_0x12,BUS_STARVATION,67144,3,0,0,0,0,0.0763,3.6,15268,1,uvm_report_server
RUN-001898,reg_sweep_test-001898,1068292983,FAIL,fail,FIFO_UNDERRUN,B_DMA_0x31,FIFO_UNDERRUN,62480,2,1,0,0,0,0.071,2.65,3547,1,uvm_report_server
RUN-001899,reset_recovery_test-001899,1485148005,PASS,pass,NONE,,,,0,0,0,0,0,0.0706,54.71,14120,0,uvm_report_server
RUN-001900,parity_stress_test-001900,401355481,PASS,pass,NONE,,,,0,1,0,0,0,0.2316,16.28,5791,0,uvm_report_server
RUN-001901,uart_loopback_test-001901,1693115167,PASS,pass,NONE,,,,0,0,0,0,0,0.1568,11.82,15681,0,uvm_report_server
RUN-001902,reset_recovery_test-001902,743232870,PASS,pass,NONE,,,,0,0,0,0,0,0.674,6.24,16850,0,uvm_report_server
RUN-001903,reg_sweep_test-001903,1775152530,FAIL,fail,PSLVERR_TIMEOUT,B_APB_0x55,PSLVERR_TIMEOUT,381920,3,0,1,1,0,0.434,6.5,43397,1,uvm_report_server
RUN-001904,backpressure_test-001904,286229587,PASS,pass,NONE,,,,0,1,0,0,0,0.1359,27.53,27170,0,uvm_report_server
RUN-001905,parity_stress_test-001905,1143266107,PASS,pass,NONE,,,,0,0,0,0,0,0.1062,9.25,10624,0,uvm_report_server
RUN-001906,parity_stress_test-001906,761465109,PASS,pass,NONE,,,,0,0,0,0,0,0.224,38.63,22402,0,uvm_report_server
RUN-001907,parity_stress_test-001907,2114141912,PASS,pass,NONE,,,,0,1,0,0,0,0.3046,50.57,30455,0,uvm_report_server
RUN-001908,backpressure_test-001908,2117614702,PASS,pass,NONE,,,,0,0,0,0,0,0.0644,60.68,12881,0,uvm_report_server
RUN-001909,uart_loopback_test-001909,1403521184,PASS,pass,NONE,,,,0,0,0,0,0,0.0748,6.76,3741,0,uvm_report_server
RUN-001910,uart_loopback_test-001910,533260057,PASS,pass,NONE,,,,0,0,0,0,0,0.0407,46.7,4073,0,uvm_report_server
RUN-001911,reg_sweep_test-001911,776584078,PASS,pass,NONE,,,,0,1,0,0,0,0.1003,36.91,5016,0,uvm_report_server
RUN-001912,reg_sweep_test-001912,175967791,PASS,pass,NONE,,,,0,1,0,0,0,0.2589,17.24,25885,0,uvm_report_server
RUN-001913,reg_sweep_test-001913,73406155,PASS,pass,NONE,,,,0,1,0,0,0,1.8994,8.99,47485,0,uvm_report_server
RUN-001914,backpressure_test-001914,1652153761,FAIL,fail,BUS_STARVATION,B_ARB_0x12,BUS_STARVATION,158224,1,0,0,0,0,0.1798,23.15,17979,1,uvm_report_server
RUN-001915,reg_sweep_test-001915,157824510,PASS,pass,NONE,,,,0,1,0,0,0,0.0444,85.91,8886,0,uvm_report_server
RUN-001916,dma_burst_test-001916,154859609,FAIL,fail,PREADY_TIMEOUT,B_APB_0x58,PREADY_TIMEOUT,587576,4,1,1,1,0,0.6677,2.01,16691,1,uvm_report_server
RUN-001917,backpressure_test-001917,1186238835,PASS,pass,NONE,,,,0,0,0,0,0,0.0143,74.85,2851,0,uvm_report_server
RUN-001918,backpressure_test-001918,913556628,PASS,pass,NONE,,,,0,1,0,0,0,0.2749,63.78,27493,0,uvm_report_server
RUN-001919,dma_burst_test-001919,707227961,PASS,pass,NONE,,,,0,0,0,0,0,0.035,31.08,3498,0,uvm_report_server
RUN-001920,reg_sweep_test-001920,1837808218,FAIL,fail,BUS_STARVATION,B_ARB_0x12,BUS_STARVATION,1027136,1,0,0,0,0,1.1672,0.51,29179,1,uvm_report_server
RUN-001921,reg_sweep_test-001921,1661150479,PASS,pass,NONE,,,,0,1,0,0,0,0.1819,12.08,9097,0,uvm_report_server
RUN-001922,irq_storm_test-001922,1943528080,PASS,pass,NONE,,,,0,0,0,0,0,0.205,9.5,20500,0,uvm_report_server
RUN-001923,dma_burst_test-001923,56211065,PASS,pass,NONE,,,,0,1,0,0,0,0.0874,88.46,17482,0,uvm_report_server
RUN-001924,backpressure_test-001924,611015082,PASS,pass,NONE,,,,0,0,0,0,0,0.5664,14.3,28320,0,uvm_report_server
RUN-001925,reg_sweep_test-001925,1726059708,FAIL,fail,FRAMING_ERROR,B_UART_0x24,FRAMING_ERROR,64680,2,0,0,0,1,0.0735,59.02,14693,1,uvm_report_server
RUN-001926,parity_stress_test-001926,898038273,FAIL,fail,FIFO_UNDERRUN,B_DMA_0x31,FIFO_UNDERRUN,166056,2,0,0,1,0,0.1887,2.57,4718,1,uvm_report_server
RUN-001927,parity_stress_test-001927,1288249300,FAIL,fail,PREADY_TIMEOUT,B_APB_0x58,PREADY_TIMEOUT,702328,2,0,1,0,0,0.7981,6.42,39906,1,uvm_report_server
RUN-001928,dma_burst_test-001928,638343693,PASS,pass,NONE,,,,0,0,0,0,0,0.036,28.04,3595,0,uvm_report_server
RUN-001929,reset_recovery_test-001929,951623099,FAIL,fail,PSLVERR_TIMEOUT,B_APB_0x55,PSLVERR_TIMEOUT,506968,2,0,1,0,0,0.5761,12.86,115211,1,uvm_report_server
RUN-001930,reg_sweep_test-001930,1387490810,PASS,pass,NONE,,,,0,1,0,0,0,0.0218,46.96,4355,0,uvm_report_server
RUN-001931,dma_burst_test-001931,597979738,PASS,pass,NONE,,,,0,0,0,0,0,0.3048,13.96,30480,0,uvm_report_server
RUN-001932,backpressure_test-001932,1393469763,PASS,pass,NONE,,,,0,0,0,0,0,0.0627,61.48,12535,0,uvm_report_server
RUN-001933,irq_storm_test-001933,965126468,PASS,pass,NONE,,,,0,0,0,0,0,0.7309,22.25,36544,0,uvm_report_server
RUN-001934,uart_loopback_test-001934,2119865192,PASS,pass,NONE,,,,0,1,0,0,0,0.2648,16.91,13238,0,uvm_report_server
RUN-001935,backpressure_test-001935,1110155131,PASS,pass,NONE,,,,0,0,0,0,0,2.0897,7.35,52242,0,uvm_report_server
RUN-001936,parity_stress_test-001936,830335671,PASS,pass,NONE,,,,0,0,0,0,0,0.5515,6.91,13787,0,uvm_report_server
RUN-001937,uart_loopback_test-001937,399476894,PASS,pass,NONE,,,,0,0,0,0,0,0.0672,28.7,6724,0,uvm_report_server
RUN-001938,backpressure_test-001938,288007637,PASS,pass,NONE,,,,0,0,0,0,0,0.0551,9.18,2756,0,uvm_report_server
RUN-001939,parity_stress_test-001939,1244175654,PASS,pass,NONE,,,,0,1,0,0,0,2.1404,7.65,53509,0,uvm_report_server
RUN-001940,uart_loopback_test-001940,533477595,PASS,pass,NONE,,,,0,0,0,0,0,0.0839,24.72,16778,0,uvm_report_server
RUN-001941,dma_burst_test-001941,14008515,FAIL,fail,PSLVERR_TIMEOUT,B_APB_0x55,PSLVERR_TIMEOUT,167816,2,1,1,0,0,0.1907,5.84,38131,1,uvm_report_server
RUN-001942,backpressure_test-001942,802428700,PASS,pass,NONE,,,,0,0,0,0,0,0.249,17.11,6225,0,uvm_report_server
RUN-001943,dma_burst_test-001943,769211030,PASS,pass,NONE,,,,0,1,0,0,0,0.2791,62.72,55823,0,uvm_report_server
RUN-001944,parity_stress_test-001944,2134269542,PASS,pass,NONE,,,,0,0,0,0,0,0.3237,5.75,8093,0,uvm_report_server
RUN-001945,reg_sweep_test-001945,1328206735,PASS,pass,NONE,,,,0,0,0,0,0,0.4845,4.65,24224,0,uvm_report_server
RUN-001946,reset_recovery_test-001946,280288468,FAIL,fail,FRAMING_ERROR,B_UART_0x24,FRAMING_ERROR,344344,2,0,0,0,1,0.3913,2.58,19564,1,uvm_report_server
RUN-001947,parity_stress_test-001947,1040305460,FAIL,fail,FIFO_UNDERRUN,B_DMA_0x31,FIFO_UNDERRUN,78232,2,0,0,1,0,0.0889,7.41,4444,1,uvm_report_server
RUN-001948,reg_sweep_test-001948,1751175194,PASS,pass,NONE,,,,0,0,0,0,0,0.0446,24.14,4456,0,uvm_report_server
RUN-001949,irq_storm_test-001949,402389200,PASS,pass,NONE,,,,0,1,0,0,0,0.0549,4.52,5486,0,uvm_report_server
RUN-001950,dma_burst_test-001950,665261912,PASS,pass,NONE,,,,0,1,0,0,0,0.824,9.32,41201,0,uvm_report_server
RUN-001951,reg_sweep_test-001951,1987707249,PASS,pass,NONE,,,,0,0,0,0,0,0.316,27.9,7899,0,uvm_report_server
RUN-001952,reg_sweep_test-001952,1629401795,PASS,pass,NONE,,,,0,0,0,0,0,0.0308,16.54,3077,0,uvm_report_server
RUN-001953,reg_sweep_test-001953,1472366499,PASS,pass,NONE,,,,0,0,0,0,0,0.0482,171.5,9631,0,uvm_report_server
RUN-001954,reset_recovery_test-001954,1427514068,FAIL,fail,BUS_STARVATION,B_ARB_0x12,BUS_STARVATION,152240,3,1,0,0,0,0.173,3.42,8651,1,uvm_report_server
RUN-001955,reg_sweep_test-001955,196497964,FAIL,fail,PSLVERR_TIMEOUT,B_APB_0x55,PSLVERR_TIMEOUT,432520,2,0,1,0,0,0.4915,2.55,24575,1,uvm_report_server
RUN-001956,parity_stress_test-001956,1874325030,PASS,pass,NONE,,,,0,1,0,0,0,0.1126,17.5,22518,0,uvm_report_server
RUN-001957,irq_storm_test-001957,521431943,PASS,pass,NONE,,,,0,0,0,0,0,1.2462,3.01,31154,0,uvm_report_server
RUN-001958,backpressure_test-001958,443911704,PASS,pass,NONE,,,,0,0,0,0,0,0.242,36.49,48396,0,uvm_report_server
RUN-001959,irq_storm_test-001959,1524739919,PASS,pass,NONE,,,,0,0,0,0,0,0.1246,69.78,12458,0,uvm_report_server
RUN-001960,backpressure_test-001960,1644138332,PASS,pass,NONE,,,,0,0,0,0,0,0.4507,18.86,22533,0,uvm_report_server
RUN-001961,irq_storm_test-001961,1022002924,PASS,pass,NONE,,,,0,1,0,0,0,0.0192,104.68,3837,0,uvm_report_server
RUN-001962,uart_loopback_test-001962,1887287336,PASS,pass,NONE,,,,0,1,0,0,0,0.079,56.36,15791,0,uvm_report_server
RUN-001963,parity_stress_test-001963,1796375387,PASS,pass,NONE,,,,0,1,0,0,0,0.1352,15.02,6761,0,uvm_report_server
RUN-001964,reset_recovery_test-001964,626005231,PASS,pass,NONE,,,,0,1,0,0,0,0.2291,8.52,11454,0,uvm_report_server
RUN-001965,uart_loopback_test-001965,1239264577,PASS,pass,NONE,,,,0,0,0,0,0,0.3668,11.48,18339,0,uvm_report_server
RUN-001966,uart_loopback_test-001966,697037885,PASS,pass,NONE,,,,0,0,0,0,0,0.3129,6.7,15646,0,uvm_report_server
RUN-001967,uart_loopback_test-001967,202444949,PASS,pass,NONE,,,,0,1,0,0,0,0.1294,14.7,12941,0,uvm_report_server
RUN-001968,reset_recovery_test-001968,1177588283,PASS,pass,NONE,,,,0,0,0,0,0,0.1472,13.92,14719,0,uvm_report_server
RUN-001969,dma_burst_test-001969,1718180758,PASS,pass,NONE,,,,0,0,0,0,0,0.1414,30.2,14138,0,uvm_report_server
RUN-001970,backpressure_test-001970,1409966635,FAIL,fail,PSLVERR_TIMEOUT,B_APB_0x55,PSLVERR_TIMEOUT,204424,2,0,1,0,0,0.2323,4.75,23228,1,uvm_report_server
RUN-001971,reg_sweep_test-001971,275268411,PASS,pass,NONE,,,,0,1,0,0,0,0.2258,17.14,22575,0,uvm_report_server
RUN-001972,uart_loopback_test-001972,234977120,PASS,pass,NONE,,,,0,1,0,0,0,0.1979,42.47,19794,0,uvm_report_server
RUN-001973,reset_recovery_test-001973,1157867539,FAIL,fail,FIFO_UNDERRUN,B_DMA_0x31,FIFO_UNDERRUN,19096,3,0,0,1,0,0.0217,41.84,2168,1,uvm_report_server
RUN-001974,irq_storm_test-001974,1566501482,PASS,pass,NONE,,,,0,0,0,0,0,0.0247,41.74,4948,0,uvm_report_server
RUN-001975,uart_loopback_test-001975,379035381,PASS,pass,NONE,,,,0,0,0,0,0,0.2703,7.75,6756,0,uvm_report_server
RUN-001976,reset_recovery_test-001976,1076220553,PASS,pass,NONE,,,,0,0,0,0,0,0.7937,10.86,39683,0,uvm_report_server
RUN-001977,reg_sweep_test-001977,457849961,PASS,pass,NONE,,,,0,1,0,0,0,0.4733,8.26,23665,0,uvm_report_server
RUN-001978,irq_storm_test-001978,1092236393,PASS,pass,NONE,,,,0,1,0,0,0,0.0766,7.0,3831,0,uvm_report_server
RUN-001979,reset_recovery_test-001979,1937627643,FAIL,fail,IRQ_LOST,B_IRQ_0x45,IRQ_LOST,259864,2,0,0,0,0,0.2953,1.07,7381,1,uvm_report_server
RUN-001980,parity_stress_test-001980,898531230,PASS,pass,NONE,,,,0,1,0,0,0,0.0965,22.61,4825,0,uvm_report_server
RUN-001981,reg_sweep_test-001981,393385042,PASS,pass,NONE,,,,0,0,0,0,0,0.0305,71.1,6107,0,uvm_report_server
RUN-001982,dma_burst_test-001982,417595588,PASS,pass,NONE,,,,0,1,0,0,0,0.5606,3.72,28031,0,uvm_report_server
RUN-001983,backpressure_test-001983,798066234,PASS,pass,NONE,,,,0,1,0,0,0,0.0725,14.29,3622,0,uvm_report_server
RUN-001984,irq_storm_test-001984,11081633,PASS,pass,NONE,,,,0,1,0,0,0,0.0455,86.34,9106,0,uvm_report_server
RUN-001985,irq_storm_test-001985,403485350,PASS,pass,NONE,,,,0,0,0,0,0,0.1726,21.63,8631,0,uvm_report_server
RUN-001986,dma_burst_test-001986,21389941,FAIL,fail,FIFO_UNDERRUN,B_DMA_0x31,FIFO_UNDERRUN,16368,3,1,0,0,0,0.0186,6.6,1859,1,uvm_report_server
RUN-001987,reset_recovery_test-001987,759062383,PASS,pass,NONE,,,,0,1,0,0,0,0.2954,14.0,14769,0,uvm_report_server
RUN-001988,irq_storm_test-001988,1397009667,FAIL,fail,FRAMING_ERROR,B_UART_0x24,FRAMING_ERROR,105600,3,0,0,0,1,0.12,1.83,6001,1,uvm_report_server
RUN-001989,reg_sweep_test-001989,107028121,FAIL,fail,PSLVERR_TIMEOUT,B_APB_0x55,PSLVERR_TIMEOUT,660088,2,0,1,0,0,0.7501,0.32,18753,1,uvm_report_server
RUN-001990,dma_burst_test-001990,985832814,PASS,pass,NONE,,,,0,0,0,0,0,0.1352,57.27,27035,0,uvm_report_server
RUN-001991,backpressure_test-001991,1015427543,PASS,pass,NONE,,,,0,0,0,0,0,0.1003,21.12,10033,0,uvm_report_server
RUN-001992,parity_stress_test-001992,1858276657,FAIL,fail,FIFO_UNDERRUN,B_DMA_0x31,FIFO_UNDERRUN,161656,2,0,0,0,0,0.1837,0.61,9186,1,uvm_report_server
RUN-001993,reset_recovery_test-001993,1277747634,PASS,pass,NONE,,,,0,0,0,0,0,0.0754,7.36,3769,0,uvm_report_server
RUN-001994,parity_stress_test-001994,905623273,PASS,pass,NONE,,,,0,0,0,0,0,0.5655,13.9,56554,0,uvm_report_server
RUN-001995,backpressure_test-001995,1279801022,PASS,pass,NONE,,,,0,0,0,0,0,0.1585,13.41,15848,0,uvm_report_server
RUN-001996,irq_storm_test-001996,1650868570,PASS,pass,NONE,,,,0,0,0,0,0,0.4234,10.43,42343,0,uvm_report_server
RUN-001997,parity_stress_test-001997,1704656157,PASS,pass,NONE,,,,0,0,0,0,0,0.1826,10.51,9131,0,uvm_report_server
RUN-001998,backpressure_test-001998,2063427575,PASS,pass,NONE,,,,0,0,0,0,0,1.1225,7.23,28062,0,uvm_report_server
RUN-001999,reset_recovery_test-001999,929545720,PASS,pass,NONE,,,,0,1,0,0,0,0.0816,13.02,16315,0,uvm_report_server
RUN-002000,dma_burst_test-002000,2121403002,FAIL,fail,IRQ_LOST,B_IRQ_0x45,IRQ_LOST,1238336,1,1,0,0,0,1.4072,6.28,35179,1,uvm_report_server
RUN-002001,parity_stress_test-002001,1022529493,FAIL,fail,PSLVERR_TIMEOUT,B_APB_0x55,PSLVERR_TIMEOUT,1233144,2,1,1,0,0,1.4013,1.02,35033,1,uvm_report_server
RUN-002002,dma_burst_test-002002,940251443,PASS,pass,NONE,,,,0,1,0,0,0,0.1802,5.99,9008,0,uvm_report_server
RUN-002003,reg_sweep_test-002003,2004654133,PASS,pass,NONE,,,,0,1,0,0,0,0.5609,31.51,56092,0,uvm_report_server
RUN-002004,dma_burst_test-002004,477072414,PASS,pass,NONE,,,,0,0,0,0,0,0.1188,9.44,5938,0,uvm_report_server
RUN-002005,reset_recovery_test-002005,1626693993,FAIL,fail,BUS_STARVATION,B_ARB_0x12,BUS_STARVATION,1807256,4,0,0,1,0,2.0537,2.27,51342,1,uvm_report_server
RUN-002006,dma_burst_test-002006,1527225903,PASS,pass,NONE,,,,0,1,0,0,0,0.0256,20.43,2555,0,uvm_report_server
RUN-002007,irq_storm_test-002007,50707780,PASS,pass,NONE,,,,0,0,0,0,0,0.2124,17.7,10621,0,uvm_report_server
RUN-002008,irq_storm_test-002008,1864293917,PASS,pass,NONE,,,,0,1,0,0,0,0.0565,17.17,5647,0,uvm_report_server
RUN-002009,irq_storm_test-002009,917590432,FAIL,fail,IRQ_LOST,B_IRQ_0x45,IRQ_LOST,162360,3,1,0,0,0,0.1845,2.2,9223,1,uvm_report_server
RUN-002010,reset_recovery_test-002010,717422389,PASS,pass,NONE,,,,0,1,0,0,0,0.2382,33.64,11909,0,uvm_report_server
RUN-002011,dma_burst_test-002011,1099906184,FAIL,fail,REG_MISMATCH,B_REG_0x70,REG_MISMATCH,10032,2,0,0,0,1,0.0114,74.55,2275,1,uvm_report_server
RUN-002012,reset_recovery_test-002012,1978652529,PASS,pass,NONE,,,,0,0,0,0,0,0.5252,8.13,52524,0,uvm_report_server
RUN-002013,dma_burst_test-002013,973128506,PASS,pass,NONE,,,,0,1,0,0,0,0.0725,15.08,3627,0,uvm_report_server
RUN-002014,parity_stress_test-002014,853196734,FAIL,fail,FIFO_UNDERRUN,B_DMA_0x31,FIFO_UNDERRUN,64680,2,0,0,1,0,0.0735,5.52,3676,1,uvm_report_server
RUN-002015,dma_burst_test-002015,936913925,PASS,pass,NONE,,,,0,0,0,0,0,0.0902,93.37,18036,0,uvm_report_server
RUN-002016,reg_sweep_test-002016,912936738,PASS,pass,NONE,,,,0,1,0,0,0,0.7518,19.68,37587,0,uvm_report_server
RUN-002017,dma_burst_test-002017,1357678957,PASS,pass,NONE,,,,0,0,0,0,0,0.14,26.5,13997,0,uvm_report_server
RUN-002018,irq_storm_test-002018,406427474,PASS,pass,NONE,,,,0,1,0,0,0,0.1163,64.18,11626,0,uvm_report_server
RUN-002019,uart_loopback_test-002019,946182341,PASS,pass,NONE,,,,0,0,0,0,0,0.0364,13.2,3640,0,uvm_report_server
RUN-002020,backpressure_test-002020,1888927306,PASS,pass,NONE,,,,0,0,0,0,0,0.3991,18.92,19952,0,uvm_report_server
RUN-002021,reg_sweep_test-002021,21317251,PASS,pass,NONE,,,,0,0,0,0,0,0.7549,4.98,18871,0,uvm_report_server
RUN-002022,reg_sweep_test-002022,1203397181,PASS,pass,NONE,,,,0,1,0,0,0,0.1865,23.98,9327,0,uvm_report_server
RUN-002023,irq_storm_test-002023,362324627,PASS,pass,NONE,,,,0,0,0,0,0,0.2692,32.01,53837,0,uvm_report_server
RUN-002024,backpressure_test-002024,526444048,PASS,pass,NONE,,,,0,0,0,0,0,0.0261,38.02,5224,0,uvm_report_server
RUN-002025,backpressure_test-002025,1448844051,PASS,pass,NONE,,,,0,0,0,0,0,0.1905,42.48,19049,0,uvm_report_server
RUN-002026,dma_burst_test-002026,1878448500,PASS,pass,NONE,,,,0,0,0,0,0,0.0879,24.15,8794,0,uvm_report_server
RUN-002027,uart_loopback_test-002027,108771185,FAIL,fail,FRAMING_ERROR,B_UART_0x24,FRAMING_ERROR,323048,3,0,0,1,1,0.3671,6.07,36713,1,uvm_report_server
RUN-002028,dma_burst_test-002028,1878011064,FAIL,fail,FIFO_UNDERRUN,B_DMA_0x31,FIFO_UNDERRUN,217888,4,0,0,1,0,0.2476,0.51,6189,1,uvm_report_server
RUN-002029,irq_storm_test-002029,531065007,PASS,pass,NONE,,,,0,1,0,0,0,0.0679,16.02,6788,0,uvm_report_server
RUN-002030,uart_loopback_test-002030,1503726000,FAIL,fail,IRQ_LOST,B_IRQ_0x45,IRQ_LOST,166760,1,0,0,0,0,0.1895,20.56,9475,1,uvm_report_server
RUN-002031,dma_burst_test-002031,1164525419,FAIL,fail,FRAMING_ERROR,B_UART_0x24,FRAMING_ERROR,28512,1,1,0,0,1,0.0324,21.21,3242,1,uvm_report_server
RUN-002032,uart_loopback_test-002032,880779565,PASS,pass,NONE,,,,0,1,0,0,0,0.5097,31.43,50970,0,uvm_report_server
RUN-002033,irq_storm_test-002033,1507900952,PASS,pass,NONE,,,,0,0,0,0,0,0.2568,14.6,12840,0,uvm_report_server
RUN-002034,dma_burst_test-002034,1673878869,PASS,pass,NONE,,,,0,0,0,0,0,0.0431,21.63,8624,0,uvm_report_server
RUN-002035,dma_burst_test-002035,1641689864,PASS,pass,NONE,,,,0,0,0,0,0,0.1296,61.35,12958,0,uvm_report_server
RUN-002036,reg_sweep_test-002036,314629015,PASS,pass,NONE,,,,0,0,0,0,0,0.0428,24.17,4275,0,uvm_report_server
RUN-002037,dma_burst_test-002037,593556987,PASS,pass,NONE,,,,0,0,0,0,0,0.1245,16.38,6225,0,uvm_report_server
RUN-002038,dma_burst_test-002038,1656004169,PASS,pass,NONE,,,,0,0,0,0,0,0.0767,13.01,15332,0,uvm_report_server
RUN-002039,dma_burst_test-002039,1255390098,PASS,pass,NONE,,,,0,0,0,0,0,0.1076,82.07,10759,0,uvm_report_server
RUN-002040,backpressure_test-002040,1090834600,FAIL,fail,PREADY_TIMEOUT,B_APB_0x58,PREADY_TIMEOUT,1037168,2,0,1,1,0,1.1786,2.02,29465,1,uvm_report_server
RUN-002041,uart_loopback_test-002041,16598447,FAIL,fail,PREADY_TIMEOUT,B_APB_0x58,PREADY_TIMEOUT,1045880,2,1,1,1,0,1.1885,2.13,29713,1,uvm_report_server
RUN-002042,uart_loopback_test-002042,1510643676,PASS,pass,NONE,,,,0,0,0,0,0,0.6431,1.48,16077,0,uvm_report_server
RUN-002043,parity_stress_test-002043,1138947168,PASS,pass,NONE,,,,0,0,0,0,0,0.1863,10.41,9312,0,uvm_report_server
RUN-002044,dma_burst_test-002044,720875665,PASS,pass,NONE,,,,0,1,0,0,0,0.0766,54.85,15313,0,uvm_report_server
RUN-002045,reset_recovery_test-002045,1246877268,FAIL,fail,PSLVERR_TIMEOUT,B_APB_0x55,PSLVERR_TIMEOUT,4275656,2,0,1,0,0,4.8587,0.67,121468,1,uvm_report_server
RUN-002046,backpressure_test-002046,1943091517,FAIL,fail,FRAMING_ERROR,B_UART_0x24,FRAMING_ERROR,50512,2,0,0,0,1,0.0574,23.4,11488,1,uvm_report_server
RUN-002047,uart_loopback_test-002047,36391516,PASS,pass,NONE,,,,0,0,0,0,0,0.2133,19.71,10662,0,uvm_report_server
RUN-002048,dma_burst_test-002048,1596586109,PASS,pass,NONE,,,,0,0,0,0,0,0.2759,14.53,27585,0,uvm_report_server
RUN-002049,backpressure_test-002049,2000001471,FAIL,fail,FIFO_UNDERRUN,B_DMA_0x31,FIFO_UNDERRUN,85360,3,0,0,1,0,0.097,3.0,2425,1,uvm_report_server
RUN-002050,uart_loopback_test-002050,1046398632,PASS,pass,NONE,,,,0,1,0,0,0,0.3802,5.15,9504,0,uvm_report_server
RUN-002051,parity_stress_test-002051,1269104168,PASS,pass,NONE,,,,0,0,0,0,0,0.0172,60.38,3446,0,uvm_report_server
RUN-002052,irq_storm_test-002052,283176999,PASS,pass,NONE,,,,0,0,0,0,0,0.1129,8.26,5645,0,uvm_report_server
RUN-002053,backpressure_test-002053,223004014,PASS,pass,NONE,,,,0,0,0,0,0,0.3431,11.61,17156,0,uvm_report_server
RUN-002054,reg_sweep_test-002054,1263054395,PASS,pass,NONE,,,,0,0,0,0,0,0.0654,65.11,6541,0,uvm_report_server
RUN-002055,irq_storm_test-002055,284536061,PASS,pass,NONE,,,,0,0,0,0,0,0.4339,4.97,10847,0,uvm_report_server
RUN-002056,parity_stress_test-002056,735560608,PASS,pass,NONE,,,,0,0,0,0,0,0.2118,36.89,21182,0,uvm_report_server
RUN-002057,irq_storm_test-002057,742291957,FAIL,fail,FIFO_UNDERRUN,B_DMA_0x31,FIFO_UNDERRUN,51920,1,0,0,0,0,0.059,4.27,2951,1,uvm_report_server
RUN-002058,irq_storm_test-002058,291974767,FAIL,fail,BUS_STARVATION,B_ARB_0x12,BUS_STARVATION,151184,2,1,0,0,0,0.1718,2.89,17176,1,uvm_report_server
RUN-002059,irq_storm_test-002059,1719539729,FAIL,fail,FRAMING_ERROR,B_UART_0x24,FRAMING_ERROR,85800,2,0,0,0,1,0.0975,3.81,9749,1,uvm_report_server
RUN-002060,irq_storm_test-002060,1275777966,FAIL,fail,BUS_STARVATION,B_ARB_0x12,BUS_STARVATION,117480,4,0,0,1,0,0.1335,5.04,13348,1,uvm_report_server
RUN-002061,irq_storm_test-002061,1338661425,PASS,pass,NONE,,,,0,0,0,0,0,0.4985,17.0,12461,0,uvm_report_server
RUN-002062,irq_storm_test-002062,474032239,PASS,pass,NONE,,,,0,1,0,0,0,0.4986,8.4,49863,0,uvm_report_server
RUN-002063,uart_loopback_test-002063,716884174,FAIL,fail,BUS_STARVATION,B_ARB_0x12,BUS_STARVATION,757328,3,0,0,0,0,0.8606,5.26,86060,1,uvm_report_server
RUN-002064,backpressure_test-002064,1677787187,PASS,pass,NONE,,,,0,1,0,0,0,0.2702,7.7,13509,0,uvm_report_server
RUN-002065,uart_loopback_test-002065,1275236242,PASS,pass,NONE,,,,0,1,0,0,0,0.5325,7.28,26626,0,uvm_report_server
RUN-002066,uart_loopback_test-002066,251284743,PASS,pass,NONE,,,,0,0,0,0,0,0.1793,6.25,17930,0,uvm_report_server
RUN-002067,irq_storm_test-002067,246072354,FAIL,fail,BUS_STARVATION,B_ARB_0x12,BUS_STARVATION,150128,2,0,0,1,0,0.1706,14.07,17055,1,uvm_report_server
RUN-002068,reg_sweep_test-002068,397018311,FAIL,fail,FIFO_UNDERRUN,B_DMA_0x31,FIFO_UNDERRUN,67144,3,0,0,1,0,0.0763,17.52,3813,1,uvm_report_server
RUN-002069,dma_burst_test-002069,197017199,FAIL,fail,IRQ_LOST,B_IRQ_0x45,IRQ_LOST,139656,2,1,0,1,0,0.1587,9.09,7935,1,uvm_report_server
RUN-002070,dma_burst_test-002070,10699242,FAIL,fail,BUS_STARVATION,B_ARB_0x12,BUS_STARVATION,118096,2,1,0,1,0,0.1342,2.94,13423,1,uvm_report_server
RUN-002071,uart_loopback_test-002071,1758629439,PASS,pass,NONE,,,,0,0,0,0,0,0.0266,81.16,5325,0,uvm_report_server
RUN-002072,uart_loopback_test-002072,1449155746,FAIL,fail,FIFO_UNDERRUN,B_DMA_0x31,FIFO_UNDERRUN,64944,2,0,0,1,0,0.0738,6.62,3689,1,uvm_report_server
RUN-002073,dma_burst_test-002073,507923236,FAIL,fail,IRQ_LOST,B_IRQ_0x45,IRQ_LOST,120912,1,0,0,0,0,0.1374,4.21,6867,1,uvm_report_server
RUN-002074,irq_storm_test-002074,1598442693,PASS,pass,NONE,,,,0,0,0,0,0,0.102,9.37,5099,0,uvm_report_server
RUN-002075,reg_sweep_test-002075,9113770,PASS,pass,NONE,,,,0,0,0,0,0,0.1508,7.22,15084,0,uvm_report_server
RUN-002076,backpressure_test-002076,1766556154,FAIL,fail,PSLVERR_TIMEOUT,B_APB_0x55,PSLVERR_TIMEOUT,1177968,3,1,1,1,0,1.3386,1.0,66929,1,uvm_report_server
RUN-002077,reg_sweep_test-002077,767756651,FAIL,fail,FIFO_UNDERRUN,B_DMA_0x31,FIFO_UNDERRUN,11528,2,0,0,1,0,0.0131,84.19,2616,1,uvm_report_server
RUN-002078,parity_stress_test-002078,1558173857,PASS,pass,NONE,,,,0,1,0,0,0,0.0666,14.36,3331,0,uvm_report_server
RUN-002079,reg_sweep_test-002079,1198315026,PASS,pass,NONE,,,,0,0,0,0,0,0.299,13.79,14951,0,uvm_report_server
RUN-002080,dma_burst_test-002080,2106735973,PASS,pass,NONE,,,,0,1,0,0,0,0.132,14.85,13196,0,uvm_report_server
RUN-002081,parity_stress_test-002081,92319541,PASS,pass,NONE,,,,0,0,0,0,0,0.1582,25.73,15817,0,uvm_report_server
RUN-002082,reg_sweep_test-002082,1701320591,FAIL,fail,BUS_STARVATION,B_ARB_0x12,BUS_STARVATION,707344,2,1,0,0,0,0.8038,1.19,20094,1,uvm_report_server
RUN-002083,dma_burst_test-002083,1692793048,FAIL,fail,FRAMING_ERROR,B_UART_0x24,FRAMING_ERROR,175120,3,0,0,1,1,0.199,6.19,9952,1,uvm_report_server
RUN-002084,backpressure_test-002084,1183039118,PASS,pass,NONE,,,,0,1,0,0,0,0.1241,30.06,12407,0,uvm_report_server
RUN-002085,backpressure_test-002085,679028524,PASS,pass,NONE,,,,0,0,0,0,0,0.2302,74.21,23020,0,uvm_report_server
RUN-002086,uart_loopback_test-002086,1847572981,PASS,pass,NONE,,,,0,0,0,0,0,0.2688,28.29,26882,0,uvm_report_server
RUN-002087,irq_storm_test-002087,818751227,PASS,pass,NONE,,,,0,0,0,0,0,0.0537,40.46,10746,0,uvm_report_server
RUN-002088,irq_storm_test-002088,2017406926,PASS,pass,NONE,,,,0,0,0,0,0,0.604,14.29,15099,0,uvm_report_server
RUN-002089,parity_stress_test-002089,1253370870,PASS,pass,NONE,,,,0,0,0,0,0,0.1756,45.9,17562,0,uvm_report_server
RUN-002090,reg_sweep_test-002090,173133534,PASS,pass,NONE,,,,0,1,0,0,0,0.1926,38.68,19263,0,uvm_report_server
RUN-002091,dma_burst_test-002091,2132668530,PASS,pass,NONE,,,,0,0,0,0,0,0.0932,45.36,4661,0,uvm_report_server
RUN-002092,backpressure_test-002092,385754753,FAIL,fail,PREADY_TIMEOUT,B_APB_0x58,PREADY_TIMEOUT,508904,3,0,1,1,0,0.5783,2.08,14458,1,uvm_report_server
RUN-002093,dma_burst_test-002093,1632937320,PASS,pass,NONE,,,,0,1,0,0,0,0.0557,4.76,5570,0,uvm_report_server
RUN-002094,reset_recovery_test-002094,56311907,PASS,pass,NONE,,,,0,1,0,0,0,0.9877,7.81,24691,0,uvm_report_server
RUN-002095,irq_storm_test-002095,989325283,FAIL,fail,PSLVERR_TIMEOUT,B_APB_0x55,PSLVERR_TIMEOUT,440176,2,0,1,0,0,0.5002,1.05,12505,1,uvm_report_server
RUN-002096,reset_recovery_test-002096,1100788681,FAIL,fail,BUS_STARVATION,B_ARB_0x12,BUS_STARVATION,300608,3,0,0,0,0,0.3416,1.34,17080,1,uvm_report_server
RUN-002097,uart_loopback_test-002097,1655423623,PASS,pass,NONE,,,,0,0,0,0,0,0.0773,24.75,7730,0,uvm_report_server
RUN-002098,uart_loopback_test-002098,1619044914,PASS,pass,NONE,,,,0,0,0,0,0,0.1729,48.31,17289,0,uvm_report_server
RUN-002099,backpressure_test-002099,1061122936,FAIL,fail,PREADY_TIMEOUT,B_APB_0x58,PREADY_TIMEOUT,123464,3,0,1,1,0,0.1403,10.4,14026,1,uvm_report_server
RUN-002100,dma_burst_test-002100,167630498,PASS,pass,NONE,,,,0,0,0,0,0,0.1147,8.69,5735,0,uvm_report_server
RUN-002101,irq_storm_test-002101,2010072659,PASS,pass,NONE,,,,0,0,0,0,0,0.111,80.38,22196,0,uvm_report_server
RUN-002102,reg_sweep_test-002102,785718524,PASS,pass,NONE,,,,0,1,0,0,0,0.4762,33.52,47621,0,uvm_report_server
RUN-002103,dma_burst_test-002103,1408249203,PASS,pass,NONE,,,,0,0,0,0,0,0.8582,9.29,42910,0,uvm_report_server
RUN-002104,dma_burst_test-002104,1311607337,FAIL,fail,FRAMING_ERROR,B_UART_0x24,FRAMING_ERROR,49280,3,1,0,0,1,0.056,34.74,11207,1,uvm_report_server
RUN-002105,parity_stress_test-002105,1759130845,FAIL,fail,FRAMING_ERROR,B_UART_0x24,FRAMING_ERROR,362208,4,0,0,1,1,0.4116,5.28,10288,1,uvm_report_server
RUN-002106,irq_storm_test-002106,1949460307,FAIL,fail,FIFO_UNDERRUN,B_DMA_0x31,FIFO_UNDERRUN,131208,4,0,0,1,0,0.1491,1.96,3727,1,uvm_report_server
RUN-002107,dma_burst_test-002107,1666118815,PASS,pass,NONE,,,,0,0,0,0,0,0.3915,10.48,19574,0,uvm_report_server
RUN-002108,irq_storm_test-002108,1927667263,PASS,pass,NONE,,,,0,0,0,0,0,0.0764,27.59,7636,0,uvm_report_server
RUN-002109,reg_sweep_test-002109,1116329383,PASS,pass,NONE,,,,0,0,0,0,0,0.5259,2.09,13146,0,uvm_report_server
RUN-002110,reg_sweep_test-002110,1947258866,PASS,pass,NONE,,,,0,0,0,0,0,0.0587,7.92,2934,0,uvm_report_server
RUN-002111,backpressure_test-002111,1742417704,PASS,pass,NONE,,,,0,0,0,0,0,0.0287,33.59,5743,0,uvm_report_server
RUN-002112,dma_burst_test-002112,831781568,FAIL,fail,FIFO_UNDERRUN,B_DMA_0x31,FIFO_UNDERRUN,19184,2,0,0,0,0,0.0218,23.11,2181,1,uvm_report_server
RUN-002113,uart_loopback_test-002113,844560610,PASS,pass,NONE,,,,0,1,0,0,0,0.2198,18.75,21976,0,uvm_report_server
RUN-002114,irq_storm_test-002114,278714868,FAIL,fail,FIFO_UNDERRUN,B_DMA_0x31,FIFO_UNDERRUN,14256,3,1,0,0,0,0.0162,10.37,3238,1,uvm_report_server
RUN-002115,reset_recovery_test-002115,1375994300,PASS,pass,NONE,,,,0,0,0,0,0,0.6046,3.09,15115,0,uvm_report_server
RUN-002116,irq_storm_test-002116,1526716264,FAIL,fail,IRQ_LOST,B_IRQ_0x45,IRQ_LOST,213840,1,1,0,0,0,0.243,2.03,6073,1,uvm_report_server
RUN-002117,parity_stress_test-002117,164498123,PASS,pass,NONE,,,,0,1,0,0,0,0.2139,19.37,10693,0,uvm_report_server
RUN-002118,irq_storm_test-002118,1804657849,PASS,pass,NONE,,,,0,0,0,0,0,0.3347,5.54,16733,0,uvm_report_server
RUN-002119,reg_sweep_test-002119,1920048432,PASS,pass,NONE,,,,0,0,0,0,0,0.5788,13.87,57881,0,uvm_report_server
RUN-002120,uart_loopback_test-002120,49131634,FAIL,fail,BUS_STARVATION,B_ARB_0x12,BUS_STARVATION,350768,3,1,0,0,0,0.3986,1.84,19931,1,uvm_report_server
RUN-002121,irq_storm_test-002121,1711043151,FAIL,fail,PSLVERR_TIMEOUT,B_APB_0x55,PSLVERR_TIMEOUT,494912,3,0,1,1,0,0.5624,3.12,56242,1,uvm_report_server
RUN-002122,irq_storm_test-002122,864460332,PASS,pass,NONE,,,,0,0,0,0,0,0.3194,26.48,31940,0,uvm_report_server
RUN-002123,uart_loopback_test-002123,1144832293,PASS,pass,NONE,,,,0,0,0,0,0,0.2903,3.64,14513,0,uvm_report_server
RUN-002124,dma_burst_test-002124,1402281314,PASS,pass,NONE,,,,0,0,0,0,0,0.4473,8.78,22367,0,uvm_report_server
RUN-002125,uart_loopback_test-002125,766203800,PASS,pass,NONE,,,,0,0,0,0,0,0.1122,18.57,5611,0,uvm_report_server
RUN-002126,reset_recovery_test-002126,1831691458,PASS,pass,NONE,,,,0,0,0,0,0,0.312,24.25,15597,0,uvm_report_server
RUN-002127,parity_stress_test-002127,200907428,PASS,pass,NONE,,,,0,1,0,0,0,0.0337,64.73,6744,0,uvm_report_server
RUN-002128,backpressure_test-002128,1704862994,PASS,pass,NONE,,,,0,1,0,0,0,0.0999,147.82,19979,0,uvm_report_server
RUN-002129,reset_recovery_test-002129,432451333,PASS,pass,NONE,,,,0,0,0,0,0,0.0264,34.94,2641,0,uvm_report_server
RUN-002130,irq_storm_test-002130,602746430,PASS,pass,NONE,,,,0,1,0,0,0,0.4242,18.07,21212,0,uvm_report_server
RUN-002131,uart_loopback_test-002131,313988538,PASS,pass,NONE,,,,0,1,0,0,0,0.2667,58.56,53349,0,uvm_report_server
RUN-002132,reg_sweep_test-002132,1683070242,PASS,pass,NONE,,,,0,0,0,0,0,0.2044,2.28,10221,0,uvm_report_server
RUN-002133,backpressure_test-002133,1302490457,PASS,pass,NONE,,,,0,0,0,0,0,0.4513,2.19,11281,0,uvm_report_server
RUN-002134,reg_sweep_test-002134,839634818,PASS,pass,NONE,,,,0,1,0,0,0,0.4992,3.76,12479,0,uvm_report_server
RUN-002135,dma_burst_test-002135,1727374046,PASS,pass,NONE,,,,0,0,0,0,0,0.4212,9.71,10528,0,uvm_report_server
RUN-002136,irq_storm_test-002136,485779479,PASS,pass,NONE,,,,0,1,0,0,0,0.5129,4.17,12822,0,uvm_report_server
RUN-002137,backpressure_test-002137,1989939209,PASS,pass,NONE,,,,0,0,0,0,0,0.0635,65.36,12692,0,uvm_report_server
RUN-002138,parity_stress_test-002138,331836847,FAIL,fail,FIFO_UNDERRUN,B_DMA_0x31,FIFO_UNDERRUN,101288,3,0,0,1,0,0.1151,2.43,5754,1,uvm_report_server
RUN-002139,dma_burst_test-002139,1466299532,FAIL,fail,FRAMING_ERROR,B_UART_0x24,FRAMING_ERROR,995104,3,0,0,0,1,1.1308,1.02,28269,1,uvm_report_server
RUN-002140,reg_sweep_test-002140,952334636,FAIL,fail,FIFO_UNDERRUN,B_DMA_0x31,FIFO_UNDERRUN,21648,2,0,0,0,0,0.0246,7.8,4926,1,uvm_report_server
RUN-002141,uart_loopback_test-002141,146950709,FAIL,fail,FIFO_UNDERRUN,B_DMA_0x31,FIFO_UNDERRUN,237600,2,0,0,0,0,0.27,2.0,6750,1,uvm_report_server
RUN-002142,reg_sweep_test-002142,1909219829,PASS,pass,NONE,,,,0,0,0,0,0,0.1788,25.01,8941,0,uvm_report_server
RUN-002143,dma_burst_test-002143,47868815,FAIL,fail,PSLVERR_TIMEOUT,B_APB_0x55,PSLVERR_TIMEOUT,484528,2,1,1,0,0,0.5506,0.53,13763,1,uvm_report_server
RUN-002144,dma_burst_test-002144,866615132,PASS,pass,NONE,,,,0,1,0,0,0,0.4362,37.56,43624,0,uvm_report_server
RUN-002145,reg_sweep_test-002145,1640984102,PASS,pass,NONE,,,,0,0,0,0,0,0.2727,15.48,13633,0,uvm_report_server
RUN-002146,parity_stress_test-002146,991783456,FAIL,fail,BUS_STARVATION,B_ARB_0x12,BUS_STARVATION,225896,2,1,0,1,0,0.2567,1.44,12837,1,uvm_report_server
RUN-002147,parity_stress_test-002147,2064272266,FAIL,fail,PSLVERR_TIMEOUT,B_APB_0x55,PSLVERR_TIMEOUT,99264,2,0,1,0,0,0.1128,5.26,22560,1,uvm_report_server
RUN-002148,reset_recovery_test-002148,1331828735,PASS,pass,NONE,,,,0,1,0,0,0,0.1572,13.88,7860,0,uvm_report_server
RUN-002149,parity_stress_test-002149,1980877214,PASS,pass,NONE,,,,0,1,0,0,0,0.6498,12.36,32488,0,uvm_report_server
RUN-002150,parity_stress_test-002150,1833885929,FAIL,fail,IRQ_LOST,B_IRQ_0x45,IRQ_LOST,1286648,3,1,0,0,0,1.4621,0.59,36552,1,uvm_report_server
RUN-002151,uart_loopback_test-002151,1962001732,PASS,pass,NONE,,,,0,1,0,0,0,0.4762,17.77,47620,0,uvm_report_server
RUN-002152,dma_burst_test-002152,1639889486,FAIL,fail,PREADY_TIMEOUT,B_APB_0x58,PREADY_TIMEOUT,621720,3,1,1,1,0,0.7065,4.06,70646,1,uvm_report_server
RUN-002153,reg_sweep_test-002153,543058187,FAIL,fail,FRAMING_ERROR,B_UART_0x24,FRAMING_ERROR,99880,3,0,0,0,1,0.1135,7.2,11350,1,uvm_report_server
RUN-002154,dma_burst_test-002154,143089455,PASS,pass,NONE,,,,0,1,0,0,0,0.0653,17.23,6527,0,uvm_report_server
RUN-002155,reg_sweep_test-002155,1199766334,PASS,pass,NONE,,,,0,0,0,0,0,0.0173,54.2,3460,0,uvm_report_server
RUN-002156,dma_burst_test-002156,75666225,PASS,pass,NONE,,,,0,0,0,0,0,0.232,19.05,11600,0,uvm_report_server
RUN-002157,irq_storm_test-002157,735779620,FAIL,fail,REG_MISMATCH,B_REG_0x70,REG_MISMATCH,16368,3,0,0,0,1,0.0186,34.54,3715,1,uvm_report_server
RUN-002158,parity_stress_test-002158,1592723871,FAIL,fail,REG_MISMATCH,B_REG_0x70,REG_MISMATCH,19096,3,0,0,0,1,0.0217,134.0,4343,1,uvm_report_server
RUN-002159,uart_loopback_test-002159,866290756,PASS,pass,NONE,,,,0,0,0,0,0,0.1633,26.57,16325,0,uvm_report_server
RUN-002160,reset_recovery_test-002160,1648184238,FAIL,fail,PREADY_TIMEOUT,B_APB_0x58,PREADY_TIMEOUT,478192,3,1,1,1,0,0.5434,5.17,54343,1,uvm_report_server
RUN-002161,backpressure_test-002161,248361713,FAIL,fail,PREADY_TIMEOUT,B_APB_0x58,PREADY_TIMEOUT,39952,3,0,1,0,0,0.0454,66.02,9071,1,uvm_report_server
RUN-002162,backpressure_test-002162,193701559,FAIL,fail,IRQ_LOST,B_IRQ_0x45,IRQ_LOST,615560,3,0,0,0,0,0.6995,5.73,17487,1,uvm_report_server
RUN-002163,irq_storm_test-002163,1553978481,PASS,pass,NONE,,,,0,0,0,0,0,0.3082,13.75,30819,0,uvm_report_server
RUN-002164,reg_sweep_test-002164,1807460479,FAIL,fail,PSLVERR_TIMEOUT,B_APB_0x55,PSLVERR_TIMEOUT,636152,2,0,1,0,0,0.7229,6.9,144586,1,uvm_report_server
RUN-002165,parity_stress_test-002165,1100107497,PASS,pass,NONE,,,,0,0,0,0,0,0.3329,5.8,8322,0,uvm_report_server
RUN-002166,dma_burst_test-002166,249589910,FAIL,fail,REG_MISMATCH,B_REG_0x70,REG_MISMATCH,33176,1,0,0,0,1,0.0377,33.35,7541,1,uvm_report_server
RUN-002167,dma_burst_test-002167,1040244862,FAIL,fail,BUS_STARVATION,B_ARB_0x12,BUS_STARVATION,498608,1,0,0,0,0,0.5666,2.13,14164,1,uvm_report_server
RUN-002168,reg_sweep_test-002168,1410240796,PASS,pass,NONE,,,,0,0,0,0,0,0.0758,58.89,15165,0,uvm_report_server
RUN-002169,irq_storm_test-002169,200145985,PASS,pass,NONE,,,,0,0,0,0,0,0.0557,17.04,11138,0,uvm_report_server
RUN-002170,reg_sweep_test-002170,550507551,PASS,pass,NONE,,,,0,0,0,0,0,0.3326,1.49,8314,0,uvm_report_server
RUN-002171,backpressure_test-002171,386955193,PASS,pass,NONE,,,,0,1,0,0,0,0.0554,73.86,11075,0,uvm_report_server
RUN-002172,backpressure_test-002172,1905926274,PASS,pass,NONE,,,,0,0,0,0,0,0.0398,14.16,7950,0,uvm_report_server
RUN-002173,reset_recovery_test-002173,937613593,FAIL,fail,FRAMING_ERROR,B_UART_0x24,FRAMING_ERROR,87648,3,0,0,0,1,0.0996,7.28,19919,1,uvm_report_server
RUN-002174,reg_sweep_test-002174,1183334795,FAIL,fail,BUS_STARVATION,B_ARB_0x12,BUS_STARVATION,246664,3,0,0,1,0,0.2803,3.11,14015,1,uvm_report_server
RUN-002175,irq_storm_test-002175,1882903899,FAIL,fail,PSLVERR_TIMEOUT,B_APB_0x55,PSLVERR_TIMEOUT,143088,2,0,1,0,0,0.1626,15.42,32519,1,uvm_report_server
RUN-002176,reset_recovery_test-002176,377144888,PASS,pass,NONE,,,,0,0,0,0,0,0.1163,66.21,23250,0,uvm_report_server
RUN-002177,reset_recovery_test-002177,1690950181,PASS,pass,NONE,,,,0,0,0,0,0,0.0826,27.11,4128,0,uvm_report_server
RUN-002178,reg_sweep_test-002178,1931787955,FAIL,fail,BUS_STARVATION,B_ARB_0x12,BUS_STARVATION,154704,3,0,0,1,0,0.1758,6.85,17583,1,uvm_report_server
RUN-002179,dma_burst_test-002179,1238811712,PASS,pass,NONE,,,,0,1,0,0,0,0.1894,2.48,9471,0,uvm_report_server
RUN-002180,reg_sweep_test-002180,421960555,PASS,pass,NONE,,,,0,1,0,0,0,0.3674,21.82,9185,0,uvm_report_server
RUN-002181,backpressure_test-002181,499284967,FAIL,fail,FRAMING_ERROR,B_UART_0x24,FRAMING_ERROR,628232,2,0,0,0,1,0.7139,2.06,35692,1,uvm_report_server
RUN-002182,reg_sweep_test-002182,183799855,PASS,pass,NONE,,,,0,1,0,0,0,0.1153,16.37,5765,0,uvm_report_server
RUN-002183,irq_storm_test-002183,72770907,PASS,pass,NONE,,,,0,0,0,0,0,0.1123,39.12,11229,0,uvm_report_server
RUN-002184,dma_burst_test-002184,729669964,PASS,pass,NONE,,,,0,0,0,0,0,0.0492,9.64,4920,0,uvm_report_server
RUN-002185,parity_stress_test-002185,185596046,FAIL,fail,PREADY_TIMEOUT,B_APB_0x58,PREADY_TIMEOUT,1006016,4,0,1,1,0,1.1432,2.93,57159,1,uvm_report_server
RUN-002186,reg_sweep_test-002186,113215439,FAIL,fail,PSLVERR_TIMEOUT,B_APB_0x55,PSLVERR_TIMEOUT,472736,2,0,1,0,0,0.5372,0.29,13430,1,uvm_report_server
RUN-002187,parity_stress_test-002187,1717653451,PASS,pass,NONE,,,,0,0,0,0,0,0.233,8.3,23300,0,uvm_report_server
RUN-002188,reg_sweep_test-002188,754227092,FAIL,fail,FRAMING_ERROR,B_UART_0x24,FRAMING_ERROR,252472,2,1,0,1,1,0.2869,5.01,28694,1,uvm_report_server
RUN-002189,reg_sweep_test-002189,1937388725,PASS,pass,NONE,,,,0,0,0,0,0,0.1855,1.41,4636,0,uvm_report_server
RUN-002190,irq_storm_test-002190,1256055734,PASS,pass,NONE,,,,0,0,0,0,0,0.1347,6.88,3367,0,uvm_report_server
RUN-002191,reg_sweep_test-002191,51841928,PASS,pass,NONE,,,,0,0,0,0,0,0.0693,29.12,13862,0,uvm_report_server
RUN-002192,backpressure_test-002192,1836829716,FAIL,fail,IRQ_LOST,B_IRQ_0x45,IRQ_LOST,326568,3,0,0,1,0,0.3711,25.76,18552,1,uvm_report_server
RUN-002193,reg_sweep_test-002193,190428062,PASS,pass,NONE,,,,0,0,0,0,0,0.0809,27.13,8089,0,uvm_report_server
RUN-002194,backpressure_test-002194,2080105724,PASS,pass,NONE,,,,0,0,0,0,0,0.3602,11.23,9005,0,uvm_report_server
RUN-002195,backpressure_test-002195,1128709972,PASS,pass,NONE,,,,0,0,0,0,0,0.0929,41.97,4643,0,uvm_report_server
RUN-002196,reg_sweep_test-002196,287886285,FAIL,fail,FIFO_UNDERRUN,B_DMA_0x31,FIFO_UNDERRUN,121792,3,0,0,0,0,0.1384,1.12,3459,1,uvm_report_server
RUN-002197,reg_sweep_test-002197,335009645,PASS,pass,NONE,,,,0,0,0,0,0,0.2868,26.71,28681,0,uvm_report_server
RUN-002198,reg_sweep_test-002198,493412723,PASS,pass,NONE,,,,0,0,0,0,0,0.0488,22.99,4884,0,uvm_report_server
RUN-002199,parity_stress_test-002199,1428710322,FAIL,fail,PSLVERR_TIMEOUT,B_APB_0x55,PSLVERR_TIMEOUT,119240,2,0,1,0,0,0.1355,4.03,27100,1,uvm_report_server
RUN-002200,reset_recovery_test-002200,1024580446,PASS,pass,NONE,,,,0,0,0,0,0,0.6319,14.02,15796,0,uvm_report_server
RUN-002201,reg_sweep_test-002201,1666097598,PASS,pass,NONE,,,,0,0,0,0,0,0.0757,14.69,7569,0,uvm_report_server
RUN-002202,uart_loopback_test-002202,1581482970,FAIL,fail,FRAMING_ERROR,B_UART_0x24,FRAMING_ERROR,945296,4,0,0,1,1,1.0742,2.08,53709,1,uvm_report_server
RUN-002203,reg_sweep_test-002203,1299704289,PASS,pass,NONE,,,,0,0,0,0,0,0.2716,7.12,6789,0,uvm_report_server
RUN-002204,irq_storm_test-002204,990278168,PASS,pass,NONE,,,,0,1,0,0,0,0.2846,13.76,14232,0,uvm_report_server
RUN-002205,uart_loopback_test-002205,1625928457,FAIL,fail,PREADY_TIMEOUT,B_APB_0x58,PREADY_TIMEOUT,186824,3,0,1,0,0,0.2123,2.97,21227,1,uvm_report_server
RUN-002206,irq_storm_test-002206,858891552,FAIL,fail,BUS_STARVATION,B_ARB_0x12,BUS_STARVATION,192984,2,0,0,0,0,0.2193,8.55,21931,1,uvm_report_server
RUN-002207,uart_loopback_test-002207,518640577,FAIL,fail,BUS_STARVATION,B_ARB_0x12,BUS_STARVATION,632632,2,0,0,1,0,0.7189,5.58,35943,1,uvm_report_server
RUN-002208,parity_stress_test-002208,1638542754,PASS,pass,NONE,,,,0,0,0,0,0,0.7366,11.19,18415,0,uvm_report_server
RUN-002209,parity_stress_test-002209,1854911467,PASS,pass,NONE,,,,0,1,0,0,0,0.0303,17.27,3029,0,uvm_report_server
RUN-002210,reg_sweep_test-002210,854052231,PASS,pass,NONE,,,,0,1,0,0,0,0.0375,28.63,3752,0,uvm_report_server
RUN-002211,uart_loopback_test-002211,650357462,PASS,pass,NONE,,,,0,0,0,0,0,0.0551,18.68,5507,0,uvm_report_server
RUN-002212,irq_storm_test-002212,1375236818,PASS,pass,NONE,,,,0,1,0,0,0,0.0951,22.94,4753,0,uvm_report_server
RUN-002213,irq_storm_test-002213,1548883450,PASS,pass,NONE,,,,0,1,0,0,0,0.2166,10.2,21656,0,uvm_report_server
RUN-002214,reset_recovery_test-002214,1689217120,FAIL,fail,PSLVERR_TIMEOUT,B_APB_0x55,PSLVERR_TIMEOUT,364936,3,1,1,1,0,0.4147,8.53,41469,1,uvm_report_server
RUN-002215,irq_storm_test-002215,605893272,PASS,pass,NONE,,,,0,0,0,0,0,0.3472,11.38,34716,0,uvm_report_server
RUN-002216,reg_sweep_test-002216,1022205213,PASS,pass,NONE,,,,0,0,0,0,0,0.385,42.38,19250,0,uvm_report_server
RUN-002217,reg_sweep_test-002217,1079020372,FAIL,fail,FIFO_UNDERRUN,B_DMA_0x31,FIFO_UNDERRUN,35376,2,1,0,0,0,0.0402,34.12,4015,1,uvm_report_server
RUN-002218,irq_storm_test-002218,222947901,FAIL,fail,BUS_STARVATION,B_ARB_0x12,BUS_STARVATION,121880,1,0,0,0,0,0.1385,0.81,6924,1,uvm_report_server
RUN-002219,reset_recovery_test-002219,1434446347,PASS,pass,NONE,,,,0,1,0,0,0,1.5739,5.43,39347,0,uvm_report_server
RUN-002220,backpressure_test-002220,908283635,PASS,pass,NONE,,,,0,1,0,0,0,0.1132,8.4,5659,0,uvm_report_server
RUN-002221,uart_loopback_test-002221,985012180,PASS,pass,NONE,,,,0,0,0,0,0,0.0322,32.75,3219,0,uvm_report_server
RUN-002222,irq_storm_test-002222,1695558555,FAIL,fail,FIFO_UNDERRUN,B_DMA_0x31,FIFO_UNDERRUN,110088,2,0,0,0,0,0.1251,7.71,6254,1,uvm_report_server
RUN-002223,irq_storm_test-002223,492447813,FAIL,fail,FIFO_UNDERRUN,B_DMA_0x31,FIFO_UNDERRUN,77704,1,0,0,0,0,0.0883,6.92,4415,1,uvm_report_server
RUN-002224,uart_loopback_test-002224,980221858,PASS,pass,NONE,,,,0,1,0,0,0,0.1442,3.41,7212,0,uvm_report_server
RUN-002225,irq_storm_test-002225,470110788,PASS,pass,NONE,,,,0,0,0,0,0,0.5078,32.5,12695,0,uvm_report_server
RUN-002226,uart_loopback_test-002226,1451377968,PASS,pass,NONE,,,,0,0,0,0,0,0.2327,8.81,11637,0,uvm_report_server
RUN-002227,reg_sweep_test-002227,498017698,PASS,pass,NONE,,,,0,0,0,0,0,0.072,26.56,3602,0,uvm_report_server
RUN-002228,backpressure_test-002228,1428394524,PASS,pass,NONE,,,,0,0,0,0,0,0.0206,209.72,4123,0,uvm_report_server
RUN-002229,uart_loopback_test-002229,1149476636,FAIL,fail,BUS_STARVATION,B_ARB_0x12,BUS_STARVATION,162536,3,0,0,0,0,0.1847,13.0,18467,1,uvm_report_server
RUN-002230,parity_stress_test-002230,2036048972,PASS,pass,NONE,,,,0,0,0,0,0,0.2044,19.79,20439,0,uvm_report_server
RUN-002231,reg_sweep_test-002231,1108948016,PASS,pass,NONE,,,,0,1,0,0,0,0.1525,53.13,7622,0,uvm_report_server
RUN-002232,dma_burst_test-002232,721795142,PASS,pass,NONE,,,,0,0,0,0,0,0.1326,63.59,6628,0,uvm_report_server
RUN-002233,parity_stress_test-002233,287029211,FAIL,fail,BUS_STARVATION,B_ARB_0x12,BUS_STARVATION,222552,1,0,0,0,0,0.2529,2.39,6322,1,uvm_report_server
RUN-002234,reg_sweep_test-002234,2074561677,PASS,pass,NONE,,,,0,0,0,0,0,0.0771,25.3,7708,0,uvm_report_server
RUN-002235,reset_recovery_test-002235,754735210,PASS,pass,NONE,,,,0,1,0,0,0,0.3601,11.62,9003,0,uvm_report_server
RUN-002236,reg_sweep_test-002236,487160325,FAIL,fail,BUS_STARVATION,B_ARB_0x12,BUS_STARVATION,86768,2,1,0,1,0,0.0986,5.7,9856,1,uvm_report_server
RUN-002237,dma_burst_test-002237,889435723,PASS,pass,NONE,,,,0,0,0,0,0,1.2028,14.94,60141,0,uvm_report_server
RUN-002238,reset_recovery_test-002238,1402503313,PASS,pass,NONE,,,,0,0,0,0,0,0.1797,6.13,8986,0,uvm_report_server
RUN-002239,uart_loopback_test-002239,2127969425,PASS,pass,NONE,,,,0,0,0,0,0,0.4121,10.04,10302,0,uvm_report_server
RUN-002240,reg_sweep_test-002240,1674298187,FAIL,fail,BUS_STARVATION,B_ARB_0x12,BUS_STARVATION,51568,4,0,0,1,0,0.0586,4.52,5859,1,uvm_report_server
RUN-002241,dma_burst_test-002241,608160599,PASS,pass,NONE,,,,0,1,0,0,0,0.3392,45.01,33922,0,uvm_report_server
RUN-002242,dma_burst_test-002242,924069346,PASS,pass,NONE,,,,0,0,0,0,0,0.0486,168.81,9728,0,uvm_report_server
RUN-002243,reset_recovery_test-002243,389858290,PASS,pass,NONE,,,,0,1,0,0,0,0.2912,14.07,14559,0,uvm_report_server
RUN-002244,parity_stress_test-002244,1384808789,FAIL,fail,IRQ_LOST,B_IRQ_0x45,IRQ_LOST,432168,3,0,0,0,0,0.4911,5.91,12277,1,uvm_report_server
RUN-002245,dma_burst_test-002245,1026776542,PASS,pass,NONE,,,,0,1,0,0,0,0.1277,31.85,12774,0,uvm_report_server
RUN-002246,reset_recovery_test-002246,2092814132,PASS,pass,NONE,,,,0,1,0,0,0,0.2174,10.13,10871,0,uvm_report_server
RUN-002247,reg_sweep_test-002247,1061100624,FAIL,fail,FIFO_UNDERRUN,B_DMA_0x31,FIFO_UNDERRUN,46112,4,0,0,1,0,0.0524,4.48,2618,1,uvm_report_server
RUN-002248,dma_burst_test-002248,1732842016,PASS,pass,NONE,,,,0,0,0,0,0,0.074,14.38,3699,0,uvm_report_server
RUN-002249,uart_loopback_test-002249,1416680132,PASS,pass,NONE,,,,0,0,0,0,0,0.4399,8.41,10997,0,uvm_report_server
RUN-002250,irq_storm_test-002250,1303058961,FAIL,fail,FRAMING_ERROR,B_UART_0x24,FRAMING_ERROR,456720,4,0,0,1,1,0.519,9.28,51896,1,uvm_report_server
RUN-002251,reg_sweep_test-002251,574860398,PASS,pass,NONE,,,,0,0,0,0,0,0.1631,13.78,8154,0,uvm_report_server
RUN-002252,uart_loopback_test-002252,961123599,PASS,pass,NONE,,,,0,0,0,0,0,0.0875,10.61,4375,0,uvm_report_server
RUN-002253,reset_recovery_test-002253,799218860,PASS,pass,NONE,,,,0,1,0,0,0,0.2133,83.26,21329,0,uvm_report_server
RUN-002254,dma_burst_test-002254,1198648281,PASS,pass,NONE,,,,0,0,0,0,0,0.0529,155.74,10588,0,uvm_report_server
RUN-002255,reset_recovery_test-002255,860955549,PASS,pass,NONE,,,,0,0,0,0,0,0.0324,32.2,3241,0,uvm_report_server
RUN-002256,dma_burst_test-002256,2025624645,PASS,pass,NONE,,,,0,0,0,0,0,0.1512,13.36,7561,0,uvm_report_server
RUN-002257,dma_burst_test-002257,1247117144,FAIL,fail,PSLVERR_TIMEOUT,B_APB_0x55,PSLVERR_TIMEOUT,2243912,2,1,1,0,0,2.5499,0.31,63748,1,uvm_report_server
RUN-002258,dma_burst_test-002258,739231228,PASS,pass,NONE,,,,0,0,0,0,0,2.3812,6.68,59529,0,uvm_report_server
RUN-002259,parity_stress_test-002259,416782173,FAIL,fail,BUS_STARVATION,B_ARB_0x12,BUS_STARVATION,91960,2,0,0,0,0,0.1045,28.14,20897,1,uvm_report_server
RUN-002260,irq_storm_test-002260,849296044,FAIL,fail,FIFO_UNDERRUN,B_DMA_0x31,FIFO_UNDERRUN,99616,3,0,0,0,0,0.1132,1.01,5658,1,uvm_report_server
RUN-002261,reg_sweep_test-002261,1335118368,PASS,pass,NONE,,,,0,0,0,0,0,0.0708,29.2,7076,0,uvm_report_server
RUN-002262,reg_sweep_test-002262,195259804,PASS,pass,NONE,,,,0,0,0,0,0,0.15,12.98,3750,0,uvm_report_server
RUN-002263,irq_storm_test-002263,1659164904,FAIL,fail,FRAMING_ERROR,B_UART_0x24,FRAMING_ERROR,316800,4,0,0,1,1,0.36,5.15,36000,1,uvm_report_server
RUN-002264,parity_stress_test-002264,1002452421,PASS,pass,NONE,,,,0,0,0,0,0,0.0632,7.7,3161,0,uvm_report_server
RUN-002265,irq_storm_test-002265,1061901292,PASS,pass,NONE,,,,0,0,0,0,0,0.1921,79.66,19211,0,uvm_report_server
RUN-002266,reset_recovery_test-002266,984351523,PASS,pass,NONE,,,,0,0,0,0,0,0.0858,12.85,4289,0,uvm_report_server
RUN-002267,dma_burst_test-002267,1342836208,PASS,pass,NONE,,,,0,0,0,0,0,0.1402,56.51,7009,0,uvm_report_server
RUN-002268,reg_sweep_test-002268,1652996006,PASS,pass,NONE,,,,0,0,0,0,0,0.1749,47.29,8744,0,uvm_report_server
RUN-002269,reset_recovery_test-002269,1459760485,PASS,pass,NONE,,,,0,1,0,0,0,0.063,60.16,6301,0,uvm_report_server
RUN-002270,reg_sweep_test-002270,1576372732,FAIL,fail,BUS_STARVATION,B_ARB_0x12,BUS_STARVATION,454344,4,0,0,1,0,0.5163,2.16,25815,1,uvm_report_server
RUN-002271,reset_recovery_test-002271,1956065918,FAIL,fail,BUS_STARVATION,B_ARB_0x12,BUS_STARVATION,364848,4,0,0,1,0,0.4146,3.07,20731,1,uvm_report_server
RUN-002272,irq_storm_test-002272,11066605,PASS,pass,NONE,,,,0,0,0,0,0,0.7563,4.9,18906,0,uvm_report_server
RUN-002273,dma_burst_test-002273,397253011,PASS,pass,NONE,,,,0,0,0,0,0,1.042,7.27,26048,0,uvm_report_server
RUN-002274,backpressure_test-002274,1576847284,PASS,pass,NONE,,,,0,0,0,0,0,0.0565,66.43,5654,0,uvm_report_server
RUN-002275,uart_loopback_test-002275,863076245,PASS,pass,NONE,,,,0,0,0,0,0,0.0644,58.2,6442,0,uvm_report_server
RUN-002276,parity_stress_test-002276,1215166986,FAIL,fail,FRAMING_ERROR,B_UART_0x24,FRAMING_ERROR,188760,2,0,0,0,1,0.2145,9.31,5362,1,uvm_report_server
RUN-002277,reg_sweep_test-002277,1305603512,FAIL,fail,FRAMING_ERROR,B_UART_0x24,FRAMING_ERROR,64856,3,1,0,0,1,0.0737,5.45,3687,1,uvm_report_server
RUN-002278,uart_loopback_test-002278,1149041346,PASS,pass,NONE,,,,0,1,0,0,0,0.128,31.62,6398,0,uvm_report_server
RUN-002279,irq_storm_test-002279,590689487,PASS,pass,NONE,,,,0,0,0,0,0,0.0987,42.89,4933,0,uvm_report_server
RUN-002280,reset_recovery_test-002280,1886777332,FAIL,fail,BUS_STARVATION,B_ARB_0x12,BUS_STARVATION,129008,4,0,0,1,0,0.1466,4.38,14664,1,uvm_report_server
RUN-002281,backpressure_test-002281,1154389400,FAIL,fail,FIFO_UNDERRUN,B_DMA_0x31,FIFO_UNDERRUN,35992,4,0,0,1,0,0.0409,7.85,4094,1,uvm_report_server
RUN-002282,reg_sweep_test-002282,1584383242,PASS,pass,NONE,,,,0,0,0,0,0,0.0218,11.09,4356,0,uvm_report_server
RUN-002283,backpressure_test-002283,122779304,PASS,pass,NONE,,,,0,1,0,0,0,0.1444,13.67,3611,0,uvm_report_server
RUN-002284,dma_burst_test-002284,9081980,FAIL,fail,BUS_STARVATION,B_ARB_0x12,BUS_STARVATION,84656,1,0,0,0,0,0.0962,1.67,9618,1,uvm_report_server
RUN-002285,backpressure_test-002285,2088110960,PASS,pass,NONE,,,,0,0,0,0,0,0.6035,13.15,30177,0,uvm_report_server
RUN-002286,reg_sweep_test-002286,1359875966,PASS,pass,NONE,,,,0,0,0,0,0,0.8631,4.68,21576,0,uvm_report_server
RUN-002287,reg_sweep_test-002287,2093523781,PASS,pass,NONE,,,,0,0,0,0,0,0.2108,19.21,21082,0,uvm_report_server
RUN-002288,backpressure_test-002288,1305854279,FAIL,fail,FIFO_UNDERRUN,B_DMA_0x31,FIFO_UNDERRUN,20944,3,0,0,0,0,0.0238,2.55,4754,1,uvm_report_server
RUN-002289,backpressure_test-002289,748199004,PASS,pass,NONE,,,,0,1,0,0,0,0.1448,26.93,14481,0,uvm_report_server
RUN-002290,parity_stress_test-002290,482394284,PASS,pass,NONE,,,,0,1,0,0,0,0.0827,89.74,8274,0,uvm_report_server
RUN-002291,dma_burst_test-002291,699836827,PASS,pass,NONE,,,,0,1,0,0,0,0.0357,15.27,3574,0,uvm_report_server
RUN-002292,reg_sweep_test-002292,723980455,PASS,pass,NONE,,,,0,0,0,0,0,0.0213,44.49,4259,0,uvm_report_server
RUN-002293,dma_burst_test-002293,1349346082,PASS,pass,NONE,,,,0,0,0,0,0,0.0439,46.32,4386,0,uvm_report_server
RUN-002294,uart_loopback_test-002294,627270307,PASS,pass,NONE,,,,0,1,0,0,0,0.0227,23.56,4549,0,uvm_report_server
RUN-002295,reset_recovery_test-002295,1128774055,PASS,pass,NONE,,,,0,0,0,0,0,0.0611,33.85,12210,0,uvm_report_server
RUN-002296,dma_burst_test-002296,577191617,FAIL,fail,BUS_STARVATION,B_ARB_0x12,BUS_STARVATION,106216,3,0,0,0,0,0.1207,20.71,12068,1,uvm_report_server
RUN-002297,parity_stress_test-002297,706316653,PASS,pass,NONE,,,,0,0,0,0,0,0.1146,4.45,5730,0,uvm_report_server
RUN-002298,dma_burst_test-002298,1797166623,PASS,pass,NONE,,,,0,0,0,0,0,0.0446,11.59,4459,0,uvm_report_server
RUN-002299,reset_recovery_test-002299,831103480,PASS,pass,NONE,,,,0,1,0,0,0,0.3793,23.37,18966,0,uvm_report_server
RUN-002300,uart_loopback_test-002300,501474333,PASS,pass,NONE,,,,0,1,0,0,0,0.0867,11.18,8674,0,uvm_report_server
RUN-002301,parity_stress_test-002301,714920327,FAIL,fail,PSLVERR_TIMEOUT,B_APB_0x55,PSLVERR_TIMEOUT,1349128,2,0,1,0,0,1.5331,4.44,153314,1,uvm_report_server
RUN-002302,uart_loopback_test-002302,1254757457,PASS,pass,NONE,,,,0,0,0,0,0,0.1344,119.46,26887,0,uvm_report_server
RUN-002303,backpressure_test-002303,2003170518,PASS,pass,NONE,,,,0,1,0,0,0,0.7634,2.62,19083,0,uvm_report_server
RUN-002304,dma_burst_test-002304,74531581,PASS,pass,NONE,,,,0,1,0,0,0,0.2165,20.39,10827,0,uvm_report_server
RUN-002305,parity_stress_test-002305,5549754,PASS,pass,NONE,,,,0,0,0,0,0,0.0896,21.31,8960,0,uvm_report_server
RUN-002306,uart_loopback_test-002306,833735063,PASS,pass,NONE,,,,0,0,0,0,0,0.0377,7.01,3765,0,uvm_report_server
RUN-002307,backpressure_test-002307,1483350197,FAIL,fail,BUS_STARVATION,B_ARB_0x12,BUS_STARVATION,163064,1,1,0,0,0,0.1853,12.25,18527,1,uvm_report_server
RUN-002308,uart_loopback_test-002308,988400660,PASS,pass,NONE,,,,0,1,0,0,0,0.1339,8.01,13388,0,uvm_report_server
RUN-002309,reset_recovery_test-002309,207284638,PASS,pass,NONE,,,,0,1,0,0,0,0.2316,67.55,46313,0,uvm_report_server
RUN-002310,reg_sweep_test-002310,1797463665,FAIL,fail,PREADY_TIMEOUT,B_APB_0x58,PREADY_TIMEOUT,139568,2,0,1,1,0,0.1586,6.81,15861,1,uvm_report_server
RUN-002311,reg_sweep_test-002311,2127003544,PASS,pass,NONE,,,,0,0,0,0,0,0.1114,38.82,11138,0,uvm_report_server
RUN-002312,parity_stress_test-002312,1972073161,PASS,pass,NONE,,,,0,1,0,0,0,0.0284,16.33,2843,0,uvm_report_server
RUN-002313,reset_recovery_test-002313,10527505,PASS,pass,NONE,,,,0,1,0,0,0,0.0613,62.52,12269,0,uvm_report_server
RUN-002314,reg_sweep_test-002314,1362174055,PASS,pass,NONE,,,,0,0,0,0,0,0.0196,25.46,3927,0,uvm_report_server
RUN-002315,parity_stress_test-002315,1235059395,FAIL,fail,FIFO_UNDERRUN,B_DMA_0x31,FIFO_UNDERRUN,136664,3,0,0,1,0,0.1553,1.9,3882,1,uvm_report_server
RUN-002316,reg_sweep_test-002316,974102594,PASS,pass,NONE,,,,0,1,0,0,0,0.0507,18.45,5074,0,uvm_report_server
RUN-002317,uart_loopback_test-002317,1212196188,PASS,pass,NONE,,,,0,1,0,0,0,0.2232,9.16,5579,0,uvm_report_server
RUN-002318,dma_burst_test-002318,1265687605,PASS,pass,NONE,,,,0,1,0,0,0,0.0324,34.07,6486,0,uvm_report_server
RUN-002319,reg_sweep_test-002319,190451106,PASS,pass,NONE,,,,0,1,0,0,0,0.0411,12.72,4111,0,uvm_report_server
RUN-002320,dma_burst_test-002320,549653161,PASS,pass,NONE,,,,0,0,0,0,0,0.4083,9.79,40825,0,uvm_report_server
RUN-002321,reset_recovery_test-002321,348374160,FAIL,fail,BUS_STARVATION,B_ARB_0x12,BUS_STARVATION,718784,3,1,0,1,0,0.8168,1.21,20418,1,uvm_report_server
RUN-002322,dma_burst_test-002322,1581149582,PASS,pass,NONE,,,,0,0,0,0,0,0.1135,19.43,11345,0,uvm_report_server
RUN-002323,uart_loopback_test-002323,1165289213,PASS,pass,NONE,,,,0,0,0,0,0,0.1781,25.27,17807,0,uvm_report_server
RUN-002324,reg_sweep_test-002324,1352244032,PASS,pass,NONE,,,,0,0,0,0,0,0.7601,10.97,19001,0,uvm_report_server
RUN-002325,reset_recovery_test-002325,937915823,PASS,pass,NONE,,,,0,0,0,0,0,0.0555,34.21,5551,0,uvm_report_server
RUN-002326,backpressure_test-002326,1148171212,PASS,pass,NONE,,,,0,1,0,0,0,0.089,24.56,8895,0,uvm_report_server
RUN-002327,uart_loopback_test-002327,1822533042,FAIL,fail,PSLVERR_TIMEOUT,B_APB_0x55,PSLVERR_TIMEOUT,143440,2,0,1,0,0,0.163,2.91,32594,1,uvm_report_server
RUN-002328,reset_recovery_test-002328,591420178,FAIL,fail,FIFO_UNDERRUN,B_DMA_0x31,FIFO_UNDERRUN,48840,1,1,0,0,0,0.0555,4.73,5547,1,uvm_report_server
RUN-002329,reg_sweep_test-002329,933194364,FAIL,fail,BUS_STARVATION,B_ARB_0x12,BUS_STARVATION,308528,1,1,0,0,0,0.3506,5.11,17532,1,uvm_report_server
RUN-002330,uart_loopback_test-002330,20707282,PASS,pass,NONE,,,,0,0,0,0,0,0.0939,22.66,4693,0,uvm_report_server
RUN-002331,irq_storm_test-002331,53385635,FAIL,fail,BUS_STARVATION,B_ARB_0x12,BUS_STARVATION,328240,2,0,0,0,0,0.373,1.67,18651,1,uvm_report_server
RUN-002332,uart_loopback_test-002332,1417146572,PASS,pass,NONE,,,,0,0,0,0,0,0.2087,2.61,5218,0,uvm_report_server
RUN-002333,reset_recovery_test-002333,1205762962,FAIL,fail,BUS_STARVATION,B_ARB_0x12,BUS_STARVATION,351472,2,0,0,0,0,0.3994,10.24,39935,1,uvm_report_server
RUN-002334,reset_recovery_test-002334,722657915,PASS,pass,NONE,,,,0,1,0,0,0,0.0433,22.31,4334,0,uvm_report_server
RUN-002335,uart_loopback_test-002335,691508140,PASS,pass,NONE,,,,0,0,0,0,0,0.0366,30.35,3655,0,uvm_report_server
RUN-002336,dma_burst_test-002336,547234694,FAIL,fail,FRAMING_ERROR,B_UART_0x24,FRAMING_ERROR,1067440,1,1,0,0,1,1.213,0.66,30325,1,uvm_report_server
RUN-002337,dma_burst_test-002337,619815516,PASS,pass,NONE,,,,0,1,0,0,0,0.3769,10.47,9423,0,uvm_report_server
RUN-002338,backpressure_test-002338,1417561426,PASS,pass,NONE,,,,0,1,0,0,0,0.2967,7.27,14835,0,uvm_report_server
RUN-002339,reg_sweep_test-002339,663671781,PASS,pass,NONE,,,,0,0,0,0,0,0.161,23.99,16102,0,uvm_report_server
RUN-002340,irq_storm_test-002340,1264887328,FAIL,fail,PREADY_TIMEOUT,B_APB_0x58,PREADY_TIMEOUT,2024880,2,0,1,1,0,2.301,1.61,57524,1,uvm_report_server
RUN-002341,uart_loopback_test-002341,1620759003,PASS,pass,NONE,,,,0,0,0,0,0,0.1154,18.87,11538,0,uvm_report_server
RUN-002342,irq_storm_test-002342,48643660,PASS,pass,NONE,,,,0,0,0,0,0,0.19,42.93,9498,0,uvm_report_server
RUN-002343,dma_burst_test-002343,1726102616,PASS,pass,NONE,,,,0,0,0,0,0,0.105,8.96,5251,0,uvm_report_server
RUN-002344,backpressure_test-002344,1697487962,FAIL,fail,FRAMING_ERROR,B_UART_0x24,FRAMING_ERROR,152152,1,0,0,0,1,0.1729,18.21,17289,1,uvm_report_server
RUN-002345,irq_storm_test-002345,484420951,PASS,pass,NONE,,,,0,0,0,0,0,0.1149,2.14,2871,0,uvm_report_server
RUN-002346,dma_burst_test-002346,205405970,PASS,pass,NONE,,,,0,0,0,0,0,0.2302,17.67,23022,0,uvm_report_server
RUN-002347,dma_burst_test-002347,322438430,PASS,pass,NONE,,,,0,1,0,0,0,0.4508,2.11,11269,0,uvm_report_server
RUN-002348,reset_recovery_test-002348,335025899,FAIL,fail,IRQ_LOST,B_IRQ_0x45,IRQ_LOST,104456,3,0,0,0,0,0.1187,5.64,5936,1,uvm_report_server
RUN-002349,reset_recovery_test-002349,1874299572,FAIL,fail,PREADY_TIMEOUT,B_APB_0x58,PREADY_TIMEOUT,2984344,2,0,1,0,0,3.3913,0.5,169566,1,uvm_report_server
RUN-002350,reg_sweep_test-002350,653637580,FAIL,fail,PSLVERR_TIMEOUT,B_APB_0x55,PSLVERR_TIMEOUT,484792,2,1,1,0,0,0.5509,1.96,27542,1,uvm_report_server
RUN-002351,irq_storm_test-002351,1110602785,PASS,pass,NONE,,,,0,0,0,0,0,0.0249,10.38,4982,0,uvm_report_server
RUN-002352,irq_storm_test-002352,1483433567,FAIL,fail,PREADY_TIMEOUT,B_APB_0x58,PREADY_TIMEOUT,466488,2,0,1,0,0,0.5301,0.43,26504,1,uvm_report_server
RUN-002353,backpressure_test-002353,2058800837,FAIL,fail,FRAMING_ERROR,B_UART_0x24,FRAMING_ERROR,706904,4,1,0,1,1,0.8033,8.81,40165,1,uvm_report_server
RUN-002354,dma_burst_test-002354,869272061,PASS,pass,NONE,,,,0,0,0,0,0,0.4273,10.28,10681,0,uvm_report_server
RUN-002355,dma_burst_test-002355,699389679,PASS,pass,NONE,,,,0,0,0,0,0,0.3049,28.03,15246,0,uvm_report_server
RUN-002356,uart_loopback_test-002356,1352841412,FAIL,fail,IRQ_LOST,B_IRQ_0x45,IRQ_LOST,436304,2,1,0,1,0,0.4958,15.54,12395,1,uvm_report_server
RUN-002357,parity_stress_test-002357,1461365712,PASS,pass,NONE,,,,0,0,0,0,0,0.2055,72.18,41098,0,uvm_report_server
RUN-002358,reset_recovery_test-002358,1603908381,PASS,pass,NONE,,,,0,0,0,0,0,0.0247,43.23,4937,0,uvm_report_server
RUN-002359,dma_burst_test-002359,128836843,FAIL,fail,BUS_STARVATION,B_ARB_0x12,BUS_STARVATION,59136,4,0,0,1,0,0.0672,2.54,6724,1,uvm_report_server
RUN-002360,parity_stress_test-002360,1651922930,PASS,pass,NONE,,,,0,0,0,0,0,0.0357,27.89,7141,0,uvm_report_server
RUN-002361,dma_burst_test-002361,1766033368,PASS,pass,NONE,,,,0,1,0,0,0,1.7828,9.42,44568,0,uvm_report_server
RUN-002362,irq_storm_test-002362,873888079,PASS,pass,NONE,,,,0,1,0,0,0,0.3506,5.79,35060,0,uvm_report_server
RUN-002363,uart_loopback_test-002363,1561448023,PASS,pass,NONE,,,,0,0,0,0,0,0.2037,5.18,10185,0,uvm_report_server
RUN-002364,reg_sweep_test-002364,1067268921,PASS,pass,NONE,,,,0,0,0,0,0,0.0959,10.86,9585,0,uvm_report_server
RUN-002365,reset_recovery_test-002365,283395276,FAIL,fail,FIFO_UNDERRUN,B_DMA_0x31,FIFO_UNDERRUN,214456,4,0,0,1,0,0.2437,1.94,6091,1,uvm_report_server
RUN-002366,irq_storm_test-002366,87895223,PASS,pass,NONE,,,,0,1,0,0,0,0.078,57.48,7804,0,uvm_report_server
RUN-002367,reset_recovery_test-002367,1617695163,PASS,pass,NONE,,,,0,0,0,0,0,0.0649,7.22,6488,0,uvm_report_server
RUN-002368,backpressure_test-002368,48828227,FAIL,fail,BUS_STARVATION,B_ARB_0x12,BUS_STARVATION,129888,4,0,0,1,0,0.1476,41.16,29512,1,uvm_report_server
RUN-002369,backpressure_test-002369,553496774,PASS,pass,NONE,,,,0,0,0,0,0,0.5747,6.58,28735,0,uvm_report_server
RUN-002370,uart_loopback_test-002370,199043122,PASS,pass,NONE,,,,0,0,0,0,0,0.0681,61.78,6808,0,uvm_report_server
RUN-002371,parity_stress_test-002371,323641574,PASS,pass,NONE,,,,0,0,0,0,0,0.3374,25.56,33742,0,uvm_report_server
RUN-002372,uart_loopback_test-002372,376139137,PASS,pass,NONE,,,,0,0,0,0,0,0.1836,20.27,36712,0,uvm_report_server
RUN-002373,irq_storm_test-002373,990728768,FAIL,fail,IRQ_LOST,B_IRQ_0x45,IRQ_LOST,139656,2,0,0,0,0,0.1587,0.69,7934,1,uvm_report_server
RUN-002374,reg_sweep_test-002374,1104616230,PASS,pass,NONE,,,,0,1,0,0,0,0.3166,14.09,7915,0,uvm_report_server
RUN-002375,parity_stress_test-002375,1464803391,PASS,pass,NONE,,,,0,0,0,0,0,1.4156,12.27,70781,0,uvm_report_server
RUN-002376,backpressure_test-002376,341631229,PASS,pass,NONE,,,,0,1,0,0,0,0.2088,5.13,10442,0,uvm_report_server
RUN-002377,reg_sweep_test-002377,124252940,PASS,pass,NONE,,,,0,0,0,0,0,0.1629,54.4,8145,0,uvm_report_server
RUN-002378,dma_burst_test-002378,1504367610,PASS,pass,NONE,,,,0,0,0,0,0,0.0494,9.47,4944,0,uvm_report_server
RUN-002379,dma_burst_test-002379,395792776,PASS,pass,NONE,,,,0,0,0,0,0,0.1143,9.69,2857,0,uvm_report_server
RUN-002380,backpressure_test-002380,1245248259,PASS,pass,NONE,,,,0,1,0,0,0,0.5044,30.78,25221,0,uvm_report_server
RUN-002381,parity_stress_test-002381,949786954,FAIL,fail,PSLVERR_TIMEOUT,B_APB_0x55,PSLVERR_TIMEOUT,943712,3,0,1,1,0,1.0724,0.91,26810,1,uvm_report_server
RUN-002382,reg_sweep_test-002382,1965071594,FAIL,fail,BUS_STARVATION,B_ARB_0x12,BUS_STARVATION,47344,2,0,0,0,0,0.0538,1.99,10753,1,uvm_report_server
RUN-002383,reg_sweep_test-002383,1829187977,FAIL,fail,METASTABILITY,B_CDC_0x62,METASTABILITY,54208,2,0,0,0,0,0.0616,24.28,6163,1,uvm_report_server
RUN-002384,dma_burst_test-002384,1046646085,PASS,pass,NONE,,,,0,0,0,0,0,0.0671,15.22,6714,0,uvm_report_server
RUN-002385,reg_sweep_test-002385,1653131405,PASS,pass,NONE,,,,0,0,0,0,0,0.9329,8.73,23321,0,uvm_report_server
RUN-002386,dma_burst_test-002386,1974744861,PASS,pass,NONE,,,,0,0,0,0,0,0.1417,6.87,7086,0,uvm_report_server
RUN-002387,parity_stress_test-002387,586188165,FAIL,fail,FIFO_UNDERRUN,B_DMA_0x31,FIFO_UNDERRUN,18920,3,1,0,0,0,0.0215,26.44,4292,1,uvm_report_server
RUN-002388,dma_burst_test-002388,420044132,FAIL,fail,FIFO_UNDERRUN,B_DMA_0x31,FIFO_UNDERRUN,20152,4,0,0,1,0,0.0229,14.43,2289,1,uvm_report_server
RUN-002389,dma_burst_test-002389,1016694055,PASS,pass,NONE,,,,0,1,0,0,0,0.3568,21.94,8921,0,uvm_report_server
RUN-002390,irq_storm_test-002390,489659466,FAIL,fail,BUS_STARVATION,B_ARB_0x12,BUS_STARVATION,415096,3,0,0,0,0,0.4717,11.49,94336,1,uvm_report_server
RUN-002391,uart_loopback_test-002391,1306319637,PASS,pass,NONE,,,,0,1,0,0,0,0.2808,1.84,7019,0,uvm_report_server
RUN-002392,parity_stress_test-002392,1938390529,PASS,pass,NONE,,,,0,0,0,0,0,0.0746,111.51,14929,0,uvm_report_server
RUN-002393,reg_sweep_test-002393,1835893734,PASS,pass,NONE,,,,0,0,0,0,0,0.903,2.37,22576,0,uvm_report_server
RUN-002394,uart_loopback_test-002394,1460938673,PASS,pass,NONE,,,,0,1,0,0,0,0.2818,7.15,28182,0,uvm_report_server
RUN-002395,dma_burst_test-002395,2039763107,PASS,pass,NONE,,,,0,0,0,0,0,0.1457,25.47,7287,0,uvm_report_server
RUN-002396,irq_storm_test-002396,815371688,PASS,pass,NONE,,,,0,0,0,0,0,0.0819,94.64,16387,0,uvm_report_server
RUN-002397,reg_sweep_test-002397,1009467742,PASS,pass,NONE,,,,0,1,0,0,0,0.0956,10.3,4779,0,uvm_report_server
RUN-002398,irq_storm_test-002398,1330763049,FAIL,fail,FIFO_UNDERRUN,B_DMA_0x31,FIFO_UNDERRUN,46464,1,1,0,0,0,0.0528,15.55,5282,1,uvm_report_server
RUN-002399,parity_stress_test-002399,1130297581,PASS,pass,NONE,,,,0,0,0,0,0,0.0709,7.79,7089,0,uvm_report_server
RUN-002400,uart_loopback_test-002400,844244008,PASS,pass,NONE,,,,0,0,0,0,0,0.0404,27.77,4040,0,uvm_report_server
RUN-002401,dma_burst_test-002401,1850047636,PASS,pass,NONE,,,,0,0,0,0,0,0.0584,70.16,5835,0,uvm_report_server
RUN-002402,reset_recovery_test-002402,1101325701,PASS,pass,NONE,,,,0,1,0,0,0,0.0544,68.99,10875,0,uvm_report_server
RUN-002403,reg_sweep_test-002403,348232177,PASS,pass,NONE,,,,0,0,0,0,0,0.167,5.79,8349,0,uvm_report_server
RUN-002404,backpressure_test-002404,897754377,PASS,pass,NONE,,,,0,1,0,0,0,0.4269,35.4,42692,0,uvm_report_server
RUN-002405,irq_storm_test-002405,1550912779,PASS,pass,NONE,,,,0,0,0,0,0,0.0236,82.57,4721,0,uvm_report_server
RUN-002406,irq_storm_test-002406,522536343,PASS,pass,NONE,,,,0,0,0,0,0,0.1298,32.44,12982,0,uvm_report_server
RUN-002407,dma_burst_test-002407,1256746827,PASS,pass,NONE,,,,0,1,0,0,0,0.302,57.79,30198,0,uvm_report_server
RUN-002408,uart_loopback_test-002408,1457562093,PASS,pass,NONE,,,,0,1,0,0,0,0.0387,24.86,3867,0,uvm_report_server
RUN-002409,backpressure_test-002409,1462921453,FAIL,fail,FIFO_UNDERRUN,B_DMA_0x31,FIFO_UNDERRUN,141152,2,1,0,0,0,0.1604,8.23,8022,1,uvm_report_server
RUN-002410,irq_storm_test-002410,1356105892,PASS,pass,NONE,,,,0,0,0,0,0,0.1427,3.89,3566,0,uvm_report_server
RUN-002411,irq_storm_test-002411,692353181,PASS,pass,NONE,,,,0,0,0,0,0,0.0851,50.71,8506,0,uvm_report_server
RUN-002412,reset_recovery_test-002412,1788337699,PASS,pass,NONE,,,,0,0,0,0,0,0.0635,66.86,12692,0,uvm_report_server
RUN-002413,reg_sweep_test-002413,924741301,FAIL,fail,BUS_STARVATION,B_ARB_0x12,BUS_STARVATION,486288,2,1,0,1,0,0.5526,2.45,13815,1,uvm_report_server
RUN-002414,uart_loopback_test-002414,126566914,PASS,pass,NONE,,,,0,1,0,0,0,0.0886,10.74,8862,0,uvm_report_server
RUN-002415,dma_burst_test-002415,545764305,PASS,pass,NONE,,,,0,0,0,0,0,0.0724,54.98,14476,0,uvm_report_server
RUN-002416,backpressure_test-002416,375265907,PASS,pass,NONE,,,,0,0,0,0,0,0.0655,7.05,6554,0,uvm_report_server
RUN-002417,parity_stress_test-002417,1646373790,PASS,pass,NONE,,,,0,1,0,0,0,0.0685,15.43,3426,0,uvm_report_server
RUN-002418,parity_stress_test-002418,177670529,PASS,pass,NONE,,,,0,1,0,0,0,0.9768,18.13,48838,0,uvm_report_server
RUN-002419,reg_sweep_test-002419,1447124537,PASS,pass,NONE,,,,0,0,0,0,0,0.4472,4.81,22358,0,uvm_report_server
RUN-002420,irq_storm_test-002420,1366838142,PASS,pass,NONE,,,,0,1,0,0,0,0.6526,13.43,16315,0,uvm_report_server
RUN-002421,uart_loopback_test-002421,1968442189,PASS,pass,NONE,,,,0,0,0,0,0,0.0605,17.71,12105,0,uvm_report_server
RUN-002422,reg_sweep_test-002422,276385110,PASS,pass,NONE,,,,0,1,0,0,0,0.1299,63.95,12992,0,uvm_report_server
RUN-002423,uart_loopback_test-002423,2140514449,PASS,pass,NONE,,,,0,1,0,0,0,0.3147,11.97,15735,0,uvm_report_server
RUN-002424,uart_loopback_test-002424,1966934488,PASS,pass,NONE,,,,0,0,0,0,0,0.149,6.54,3725,0,uvm_report_server
RUN-002425,reg_sweep_test-002425,1158805551,FAIL,fail,PSLVERR_TIMEOUT,B_APB_0x55,PSLVERR_TIMEOUT,145464,3,1,1,1,0,0.1653,11.76,33056,1,uvm_report_server
RUN-002426,reg_sweep_test-002426,78176287,PASS,pass,NONE,,,,0,1,0,0,0,0.104,10.72,5200,0,uvm_report_server
RUN-002427,backpressure_test-002427,58442023,PASS,pass,NONE,,,,0,0,0,0,0,1.031,8.33,25776,0,uvm_report_server
RUN-002428,irq_storm_test-002428,1591355338,PASS,pass,NONE,,,,0,1,0,0,0,0.0261,80.7,5228,0,uvm_report_server
RUN-002429,irq_storm_test-002429,534096177,PASS,pass,NONE,,,,0,1,0,0,0,0.0439,44.96,4389,0,uvm_report_server
RUN-002430,reg_sweep_test-002430,538653742,PASS,pass,NONE,,,,0,1,0,0,0,0.0268,71.87,5366,0,uvm_report_server
RUN-002431,reg_sweep_test-002431,906134945,FAIL,fail,FIFO_UNDERRUN,B_DMA_0x31,FIFO_UNDERRUN,105336,2,1,0,0,0,0.1197,8.1,2993,1,uvm_report_server
RUN-002432,uart_loopback_test-002432,1596605042,PASS,pass,NONE,,,,0,0,0,0,0,0.6356,3.12,15889,0,uvm_report_server
RUN-002433,reg_sweep_test-002433,1229141246,FAIL,fail,IRQ_LOST,B_IRQ_0x45,IRQ_LOST,443256,1,1,0,0,0,0.5037,4.76,25182,1,uvm_report_server
RUN-002434,parity_stress_test-002434,1932333171,FAIL,fail,FIFO_UNDERRUN,B_DMA_0x31,FIFO_UNDERRUN,104720,3,0,0,0,0,0.119,7.48,5950,1,uvm_report_server
RUN-002435,dma_burst_test-002435,2104163091,PASS,pass,NONE,,,,0,1,0,0,0,0.074,58.16,14790,0,uvm_report_server
RUN-002436,uart_loopback_test-002436,313362359,FAIL,fail,PREADY_TIMEOUT,B_APB_0x58,PREADY_TIMEOUT,1504184,2,1,1,1,0,1.7093,3.53,42731,1,uvm_report_server
RUN-002437,uart_loopback_test-002437,1538066267,PASS,pass,NONE,,,,0,0,0,0,0,0.3299,5.78,8246,0,uvm_report_server
RUN-002438,irq_storm_test-002438,526684634,FAIL,fail,PSLVERR_TIMEOUT,B_APB_0x55,PSLVERR_TIMEOUT,110528,3,0,1,1,0,0.1256,2.68,25116,1,uvm_report_server
RUN-002439,uart_loopback_test-002439,1480427850,PASS,pass,NONE,,,,0,0,0,0,0,0.8696,4.58,21739,0,uvm_report_server
RUN-002440,parity_stress_test-002440,1043218887,FAIL,fail,FRAMING_ERROR,B_UART_0x24,FRAMING_ERROR,249744,1,1,0,0,1,0.2838,3.63,14191,1,uvm_report_server
RUN-002441,uart_loopback_test-002441,1492443703,PASS,pass,NONE,,,,0,1,0,0,0,0.1541,13.65,15413,0,uvm_report_server
RUN-002442,irq_storm_test-002442,766030846,PASS,pass,NONE,,,,0,0,0,0,0,0.2834,15.06,14172,0,uvm_report_server
RUN-002443,backpressure_test-002443,1891651299,PASS,pass,NONE,,,,0,0,0,0,0,0.1042,38.81,5209,0,uvm_report_server
RUN-002444,dma_burst_test-002444,242619043,FAIL,fail,PSLVERR_TIMEOUT,B_APB_0x55,PSLVERR_TIMEOUT,841544,2,0,1,0,0,0.9563,3.7,95631,1,uvm_report_server
RUN-002445,reset_recovery_test-002445,1632388930,FAIL,fail,PSLVERR_TIMEOUT,B_APB_0x55,PSLVERR_TIMEOUT,90816,3,1,1,1,0,0.1032,3.34,10319,1,uvm_report_server
RUN-002446,reset_recovery_test-002446,1924880810,PASS,pass,NONE,,,,0,1,0,0,0,0.1459,7.42,7293,0,uvm_report_server
RUN-002447,uart_loopback_test-002447,1939801663,PASS,pass,NONE,,,,0,0,0,0,0,0.0624,7.79,6242,0,uvm_report_server
RUN-002448,reg_sweep_test-002448,307381334,PASS,pass,NONE,,,,0,0,0,0,0,0.018,109.3,3607,0,uvm_report_server
RUN-002449,reg_sweep_test-002449,1117290899,PASS,pass,NONE,,,,0,1,0,0,0,0.4456,2.19,11141,0,uvm_report_server
RUN-002450,uart_loopback_test-002450,562749077,PASS,pass,NONE,,,,0,0,0,0,0,0.1502,1.72,3755,0,uvm_report_server
RUN-002451,reg_sweep_test-002451,656117790,FAIL,fail,FIFO_UNDERRUN,B_DMA_0x31,FIFO_UNDERRUN,37928,3,0,0,1,0,0.0431,14.66,4313,1,uvm_report_server
RUN-002452,dma_burst_test-002452,1549799526,FAIL,fail,FRAMING_ERROR,B_UART_0x24,FRAMING_ERROR,108416,1,0,0,0,1,0.1232,4.06,12315,1,uvm_report_server
RUN-002453,reg_sweep_test-002453,1467544323,FAIL,fail,FIFO_UNDERRUN,B_DMA_0x31,FIFO_UNDERRUN,152152,4,1,0,1,0,0.1729,2.99,4322,1,uvm_report_server
RUN-002454,parity_stress_test-002454,55727537,PASS,pass,NONE,,,,0,1,0,0,0,0.0242,91.05,4843,0,uvm_report_server
RUN-002455,uart_loopback_test-002455,1216642535,PASS,pass,NONE,,,,0,0,0,0,0,0.1347,31.8,13468,0,uvm_report_server
RUN-002456,dma_burst_test-002456,392858065,FAIL,fail,IRQ_LOST,B_IRQ_0x45,IRQ_LOST,211816,3,1,0,0,0,0.2407,7.71,6017,1,uvm_report_server
RUN-002457,backpressure_test-002457,771639461,PASS,pass,NONE,,,,0,0,0,0,0,0.1308,33.08,13083,0,uvm_report_server
RUN-002458,reg_sweep_test-002458,1655458965,PASS,pass,NONE,,,,0,0,0,0,0,0.365,5.38,9124,0,uvm_report_server
RUN-002459,irq_storm_test-002459,38735825,FAIL,fail,PSLVERR_TIMEOUT,B_APB_0x55,PSLVERR_TIMEOUT,262592,3,0,1,1,0,0.2984,3.21,29842,1,uvm_report_server
RUN-002460,parity_stress_test-002460,1622628180,PASS,pass,NONE,,,,0,0,0,0,0,0.0944,23.43,4721,0,uvm_report_server
RUN-002461,reg_sweep_test-002461,1894148660,FAIL,fail,BUS_STARVATION,B_ARB_0x12,BUS_STARVATION,47256,1,1,0,0,0,0.0537,7.92,10745,1,uvm_report_server
RUN-002462,dma_burst_test-002462,776071222,PASS,pass,NONE,,,,0,1,0,0,0,0.3679,20.26,18395,0,uvm_report_server
RUN-002463,backpressure_test-002463,1973587088,PASS,pass,NONE,,,,0,0,0,0,0,0.1092,4.41,5460,0,uvm_report_server
RUN-002464,reset_recovery_test-002464,1389518758,FAIL,fail,FIFO_UNDERRUN,B_DMA_0x31,FIFO_UNDERRUN,190960,4,1,0,1,0,0.217,0.79,5425,1,uvm_report_server
RUN-002465,reg_sweep_test-002465,1121111374,FAIL,fail,BUS_STARVATION,B_ARB_0x12,BUS_STARVATION,473440,3,0,0,1,0,0.538,7.75,26898,1,uvm_report_server
RUN-002466,backpressure_test-002466,237196286,FAIL,fail,PSLVERR_TIMEOUT,B_APB_0x55,PSLVERR_TIMEOUT,462968,2,0,1,0,0,0.5261,6.53,105226,1,uvm_report_server
RUN-002467,reg_sweep_test-002467,1735216551,FAIL,fail,BUS_STARVATION,B_ARB_0x12,BUS_STARVATION,2102408,3,0,0,1,0,2.3891,0.77,59727,1,uvm_report_server
RUN-002468,irq_storm_test-002468,1879096251,PASS,pass,NONE,,,,0,0,0,0,0,0.1304,30.6,6518,0,uvm_report_server
RUN-002469,irq_storm_test-002469,449187456,FAIL,fail,PSLVERR_TIMEOUT,B_APB_0x55,PSLVERR_TIMEOUT,178024,2,0,1,0,0,0.2023,5.2,20234,1,uvm_report_server
RUN-002470,irq_storm_test-002470,1710616613,PASS,pass,NONE,,,,0,0,0,0,0,0.0677,28.39,6772,0,uvm_report_server
RUN-002471,irq_storm_test-002471,207500758,PASS,pass,NONE,,,,0,1,0,0,0,0.5821,7.11,58212,0,uvm_report_server
RUN-002472,backpressure_test-002472,1843367435,PASS,pass,NONE,,,,0,0,0,0,0,0.1445,29.06,28904,0,uvm_report_server
RUN-002473,irq_storm_test-002473,1429705962,PASS,pass,NONE,,,,0,0,0,0,0,0.6289,3.34,15722,0,uvm_report_server
RUN-002474,parity_stress_test-002474,1842174661,PASS,pass,NONE,,,,0,1,0,0,0,0.1376,3.8,6882,0,uvm_report_server
RUN-002475,irq_storm_test-002475,1604861923,PASS,pass,NONE,,,,0,0,0,0,0,0.3568,10.81,17838,0,uvm_report_server
RUN-002476,irq_storm_test-002476,445840776,PASS,pass,NONE,,,,0,1,0,0,0,0.0155,63.24,3105,0,uvm_report_server
RUN-002477,parity_stress_test-002477,1694436028,PASS,pass,NONE,,,,0,0,0,0,0,0.0621,16.24,3105,0,uvm_report_server
RUN-002478,reg_sweep_test-002478,534551737,PASS,pass,NONE,,,,0,0,0,0,0,0.0388,215.13,7761,0,uvm_report_server
RUN-002479,reset_recovery_test-002479,1158635737,FAIL,fail,FRAMING_ERROR,B_UART_0x24,FRAMING_ERROR,832392,2,0,0,0,1,0.9459,2.3,47297,1,uvm_report_server
RUN-002480,reg_sweep_test-002480,180992654,PASS,pass,NONE,,,,0,1,0,0,0,0.0473,79.01,9467,0,uvm_report_server
RUN-002481,reg_sweep_test-002481,203261043,PASS,pass,NONE,,,,0,0,0,0,0,0.0483,157.15,9665,0,uvm_report_server
RUN-002482,dma_burst_test-002482,1710341249,PASS,pass,NONE,,,,0,1,0,0,0,0.1774,1.36,4434,0,uvm_report_server
RUN-002483,backpressure_test-002483,1360651533,PASS,pass,NONE,,,,0,0,0,0,0,0.8058,20.04,20144,0,uvm_report_server
RUN-002484,parity_stress_test-002484,640506955,PASS,pass,NONE,,,,0,0,0,0,0,0.0616,30.06,6160,0,uvm_report_server
RUN-002485,uart_loopback_test-002485,521862507,PASS,pass,NONE,,,,0,0,0,0,0,0.2123,5.26,5307,0,uvm_report_server
RUN-002486,uart_loopback_test-002486,349880691,PASS,pass,NONE,,,,0,0,0,0,0,0.0905,46.56,9047,0,uvm_report_server
RUN-002487,parity_stress_test-002487,77148049,PASS,pass,NONE,,,,0,0,0,0,0,0.132,30.93,13200,0,uvm_report_server
RUN-002488,uart_loopback_test-002488,354836130,PASS,pass,NONE,,,,0,0,0,0,0,0.1262,15.74,6311,0,uvm_report_server
RUN-002489,dma_burst_test-002489,1846380073,PASS,pass,NONE,,,,0,1,0,0,0,0.1591,23.26,15907,0,uvm_report_server
RUN-002490,uart_loopback_test-002490,276620108,FAIL,fail,IRQ_LOST,B_IRQ_0x45,IRQ_LOST,283448,2,0,0,1,0,0.3221,4.24,16106,1,uvm_report_server
RUN-002491,uart_loopback_test-002491,1915082277,FAIL,fail,FRAMING_ERROR,B_UART_0x24,FRAMING_ERROR,131648,2,0,0,1,1,0.1496,8.03,7478,1,uvm_report_server
RUN-002492,uart_loopback_test-002492,414781150,PASS,pass,NONE,,,,0,0,0,0,0,0.0535,19.42,5354,0,uvm_report_server
RUN-002493,irq_storm_test-002493,1666045763,PASS,pass,NONE,,,,0,0,0,0,0,0.0569,39.34,5685,0,uvm_report_server
RUN-002494,reset_recovery_test-002494,720440816,FAIL,fail,BUS_STARVATION,B_ARB_0x12,BUS_STARVATION,178992,4,0,0,1,0,0.2034,20.85,10172,1,uvm_report_server
RUN-002495,backpressure_test-002495,458854641,PASS,pass,NONE,,,,0,0,0,0,0,0.2425,15.91,6062,0,uvm_report_server
RUN-002496,parity_stress_test-002496,1662838737,PASS,pass,NONE,,,,0,1,0,0,0,0.0847,105.93,8468,0,uvm_report_server
RUN-002497,reg_sweep_test-002497,922864390,PASS,pass,NONE,,,,0,1,0,0,0,0.0469,22.35,9371,0,uvm_report_server
RUN-002498,reg_sweep_test-002498,972528237,PASS,pass,NONE,,,,0,0,0,0,0,0.0898,24.47,4490,0,uvm_report_server
RUN-002499,dma_burst_test-002499,594354855,PASS,pass,NONE,,,,0,1,0,0,0,1.6712,4.5,41779,0,uvm_report_server
RUN-002500,uart_loopback_test-002500,1735227214,PASS,pass,NONE,,,,0,0,0,0,0,0.7101,3.14,17751,0,uvm_report_server
RUN-002501,reset_recovery_test-002501,1954449616,PASS,pass,NONE,,,,0,0,0,0,0,0.0823,5.62,4117,0,uvm_report_server
RUN-002502,parity_stress_test-002502,281410551,PASS,pass,NONE,,,,0,1,0,0,0,0.1958,18.85,9791,0,uvm_report_server
RUN-002503,reg_sweep_test-002503,593589583,PASS,pass,NONE,,,,0,0,0,0,0,0.108,77.52,10803,0,uvm_report_server
RUN-002504,dma_burst_test-002504,1043215087,FAIL,fail,BUS_STARVATION,B_ARB_0x12,BUS_STARVATION,113344,3,0,0,0,0,0.1288,2.52,6438,1,uvm_report_server
RUN-002505,uart_loopback_test-002505,1054855790,FAIL,fail,REG_MISMATCH,B_REG_0x70,REG_MISMATCH,28600,1,1,0,0,1,0.0325,28.61,3251,1,uvm_report_server
RUN-002506,reg_sweep_test-002506,1004241770,PASS,pass,NONE,,,,0,1,0,0,0,0.2284,39.39,22838,0,uvm_report_server
RUN-002507,parity_stress_test-002507,1951890048,FAIL,fail,PSLVERR_TIMEOUT,B_APB_0x55,PSLVERR_TIMEOUT,216304,2,0,1,0,0,0.2458,0.47,12288,1,uvm_report_server
RUN-002508,reset_recovery_test-002508,1496459007,PASS,pass,NONE,,,,0,0,0,0,0,0.0336,56.69,6720,0,uvm_report_server
RUN-002509,dma_burst_test-002509,1133112989,PASS,pass,NONE,,,,0,1,0,0,0,0.2552,7.23,6380,0,uvm_report_server
RUN-002510,backpressure_test-002510,810982740,PASS,pass,NONE,,,,0,0,0,0,0,0.136,122.92,27195,0,uvm_report_server
RUN-002511,parity_stress_test-002511,1498400962,PASS,pass,NONE,,,,0,0,0,0,0,1.2994,6.02,32484,0,uvm_report_server
RUN-002512,uart_loopback_test-002512,86440922,PASS,pass,NONE,,,,0,0,0,0,0,0.0969,19.62,9685,0,uvm_report_server
RUN-002513,reg_sweep_test-002513,101193107,PASS,pass,NONE,,,,0,0,0,0,0,0.2654,7.99,13272,0,uvm_report_server
RUN-002514,uart_loopback_test-002514,815586187,FAIL,fail,FRAMING_ERROR,B_UART_0x24,FRAMING_ERROR,353760,2,1,0,1,1,0.402,11.97,10049,1,uvm_report_server
RUN-002515,irq_storm_test-002515,811796281,PASS,pass,NONE,,,,0,0,0,0,0,0.0384,14.51,3843,0,uvm_report_server
RUN-002516,reg_sweep_test-002516,243893006,PASS,pass,NONE,,,,0,0,0,0,0,0.4344,19.81,21719,0,uvm_report_server
RUN-002517,uart_loopback_test-002517,1226630600,PASS,pass,NONE,,,,0,1,0,0,0,0.5372,15.39,26858,0,uvm_report_server
RUN-002518,uart_loopback_test-002518,228970517,PASS,pass,NONE,,,,0,0,0,0,0,0.279,1.89,6974,0,uvm_report_server
RUN-002519,reset_recovery_test-002519,1728060738,FAIL,fail,PSLVERR_TIMEOUT,B_APB_0x55,PSLVERR_TIMEOUT,207944,2,1,1,0,0,0.2363,0.93,11814,1,uvm_report_server
RUN-002520,reset_recovery_test-002520,838883884,PASS,pass,NONE,,,,0,0,0,0,0,0.2888,7.29,14439,0,uvm_report_server
RUN-002521,backpressure_test-002521,1528934175,PASS,pass,NONE,,,,0,0,0,0,0,0.4241,10.47,21207,0,uvm_report_server
RUN-002522,backpressure_test-002522,1079498612,PASS,pass,NONE,,,,0,0,0,0,0,0.0418,5.8,4183,0,uvm_report_server
RUN-002523,parity_stress_test-002523,1762203267,FAIL,fail,BUS_STARVATION,B_ARB_0x12,BUS_STARVATION,59664,4,1,0,1,0,0.0678,2.15,6779,1,uvm_report_server
RUN-002524,dma_burst_test-002524,865902676,PASS,pass,NONE,,,,0,0,0,0,0,0.2025,10.02,20254,0,uvm_report_server
RUN-002525,reg_sweep_test-002525,2078499548,PASS,pass,NONE,,,,0,0,0,0,0,0.29,14.75,14501,0,uvm_report_server
RUN-002526,uart_loopback_test-002526,2051972416,PASS,pass,NONE,,,,0,1,0,0,0,0.4088,19.54,20437,0,uvm_report_server
RUN-002527,uart_loopback_test-002527,1928331946,PASS,pass,NONE,,,,0,1,0,0,0,0.2294,36.82,22942,0,uvm_report_server
RUN-002528,dma_burst_test-002528,1818875325,PASS,pass,NONE,,,,0,0,0,0,0,0.0353,31.07,7064,0,uvm_report_server
RUN-002529,reset_recovery_test-002529,1547789451,FAIL,fail,BUS_STARVATION,B_ARB_0x12,BUS_STARVATION,1228656,4,0,0,1,0,1.3962,1.61,34905,1,uvm_report_server
RUN-002530,dma_burst_test-002530,707744271,PASS,pass,NONE,,,,0,0,0,0,0,0.1539,12.48,15392,0,uvm_report_server
RUN-002531,dma_burst_test-002531,1668481381,PASS,pass,NONE,,,,0,0,0,0,0,0.2806,6.81,28060,0,uvm_report_server
RUN-002532,dma_burst_test-002532,1673316265,FAIL,fail,PSLVERR_TIMEOUT,B_APB_0x55,PSLVERR_TIMEOUT,915992,3,1,1,1,0,1.0409,4.97,104092,1,uvm_report_server
RUN-002533,dma_burst_test-002533,1729585695,PASS,pass,NONE,,,,0,1,0,0,0,0.0363,14.26,3634,0,uvm_report_server
RUN-002534,uart_loopback_test-002534,457949502,PASS,pass,NONE,,,,0,0,0,0,0,0.0614,31.56,12276,0,uvm_report_server
RUN-002535,uart_loopback_test-002535,1521386398,FAIL,fail,PSLVERR_TIMEOUT,B_APB_0x55,PSLVERR_TIMEOUT,196240,2,0,1,0,0,0.223,10.08,22300,1,uvm_report_server
RUN-002536,parity_stress_test-002536,797250149,FAIL,fail,PREADY_TIMEOUT,B_APB_0x58,PREADY_TIMEOUT,3166680,1,0,1,0,0,3.5985,1.95,89961,1,uvm_report_server
RUN-002537,dma_burst_test-002537,1064293,FAIL,fail,BUS_STARVATION,B_ARB_0x12,BUS_STARVATION,25344,1,0,0,0,0,0.0288,13.39,5768,1,uvm_report_server
RUN-002538,dma_burst_test-002538,1909698243,PASS,pass,NONE,,,,0,0,0,0,0,0.3651,5.7,18254,0,uvm_report_server
RUN-002539,dma_burst_test-002539,1130833262,FAIL,fail,PSLVERR_TIMEOUT,B_APB_0x55,PSLVERR_TIMEOUT,314160,3,0,1,1,0,0.357,2.59,71402,1,uvm_report_server
RUN-002540,irq_storm_test-002540,1977568252,PASS,pass,NONE,,,,0,0,0,0,0,0.6029,7.22,30145,0,uvm_report_server
RUN-002541,reset_recovery_test-002541,2076959435,PASS,pass,NONE,,,,0,0,0,0,0,0.0232,39.98,4638,0,uvm_report_server
RUN-002542,reg_sweep_test-002542,484644793,PASS,pass,NONE,,,,0,0,0,0,0,0.6944,5.95,34722,0,uvm_report_server
RUN-002543,reg_sweep_test-002543,944546330,PASS,pass,NONE,,,,0,0,0,0,0,0.0988,22.18,4941,0,uvm_report_server
RUN-002544,dma_burst_test-002544,448286593,PASS,pass,NONE,,,,0,0,0,0,0,0.1394,8.04,3485,0,uvm_report_server
RUN-002545,reg_sweep_test-002545,1131630513,FAIL,fail,METASTABILITY,B_CDC_0x62,METASTABILITY,138952,2,1,0,0,0,0.1579,13.23,7892,1,uvm_report_server
RUN-002546,reg_sweep_test-002546,607287540,PASS,pass,NONE,,,,0,0,0,0,0,0.0448,25.08,4484,0,uvm_report_server
RUN-002547,reset_recovery_test-002547,308154539,PASS,pass,NONE,,,,0,0,0,0,0,0.3483,5.61,17415,0,uvm_report_server
RUN-002548,dma_burst_test-002548,1223777519,PASS,pass,NONE,,,,0,0,0,0,0,0.203,20.43,10151,0,uvm_report_server
RUN-002549,reg_sweep_test-002549,772072492,FAIL,fail,BUS_STARVATION,B_ARB_0x12,BUS_STARVATION,110000,2,0,0,1,0,0.125,5.82,12501,1,uvm_report_server
RUN-002550,backpressure_test-002550,1882378432,PASS,pass,NONE,,,,0,0,0,0,0,0.0769,13.22,7691,0,uvm_report_server
RUN-002551,reg_sweep_test-002551,2088683118,PASS,pass,NONE,,,,0,1,0,0,0,0.3042,7.19,15210,0,uvm_report_server
RUN-002552,irq_storm_test-002552,499368669,PASS,pass,NONE,,,,0,0,0,0,0,0.1725,12.75,17249,0,uvm_report_server
RUN-002553,reg_sweep_test-002553,1437115669,PASS,pass,NONE,,,,0,0,0,0,0,0.0557,159.93,11149,0,uvm_report_server
RUN-002554,backpressure_test-002554,269924877,PASS,pass,NONE,,,,0,0,0,0,0,0.1879,22.84,4696,0,uvm_report_server
RUN-002555,reg_sweep_test-002555,708755386,PASS,pass,NONE,,,,0,0,0,0,0,0.072,112.38,14393,0,uvm_report_server
RUN-002556,dma_burst_test-002556,1776412854,PASS,pass,NONE,,,,0,1,0,0,0,0.2123,5.24,10614,0,uvm_report_server
RUN-002557,reg_sweep_test-002557,670506664,FAIL,fail,BUS_STARVATION,B_ARB_0x12,BUS_STARVATION,169400,3,1,0,0,0,0.1925,3.95,4812,1,uvm_report_server
RUN-002558,parity_stress_test-002558,1410230601,PASS,pass,NONE,,,,0,1,0,0,0,0.2313,18.36,11563,0,uvm_report_server
RUN-002559,irq_storm_test-002559,1780902380,FAIL,fail,BUS_STARVATION,B_ARB_0x12,BUS_STARVATION,137368,3,0,0,1,0,0.1561,6.73,15608,1,uvm_report_server
RUN-002560,dma_burst_test-002560,1747701518,FAIL,fail,FRAMING_ERROR,B_UART_0x24,FRAMING_ERROR,71192,2,0,0,0,1,0.0809,5.02,4042,1,uvm_report_server
RUN-002561,backpressure_test-002561,1650321778,PASS,pass,NONE,,,,0,1,0,0,0,0.0616,143.34,12326,0,uvm_report_server
RUN-002562,irq_storm_test-002562,1672501637,PASS,pass,NONE,,,,0,0,0,0,0,0.2077,20.8,10384,0,uvm_report_server
RUN-002563,reg_sweep_test-002563,817693081,FAIL,fail,FIFO_UNDERRUN,B_DMA_0x31,FIFO_UNDERRUN,22704,1,0,0,0,0,0.0258,28.14,2584,1,uvm_report_server
RUN-002564,irq_storm_test-002564,1488288052,FAIL,fail,FIFO_UNDERRUN,B_DMA_0x31,FIFO_UNDERRUN,76032,2,0,0,1,0,0.0864,13.04,4321,1,uvm_report_server
RUN-002565,parity_stress_test-002565,398317881,PASS,pass,NONE,,,,0,0,0,0,0,0.3511,22.8,17555,0,uvm_report_server
RUN-002566,reg_sweep_test-002566,788816238,PASS,pass,NONE,,,,0,0,0,0,0,0.0929,22.36,9287,0,uvm_report_server
RUN-002567,reg_sweep_test-002567,1278718101,PASS,pass,NONE,,,,0,0,0,0,0,0.0386,6.48,3861,0,uvm_report_server
RUN-002568,backpressure_test-002568,243951236,FAIL,fail,PSLVERR_TIMEOUT,B_APB_0x55,PSLVERR_TIMEOUT,86944,2,0,1,0,0,0.0988,11.09,19759,1,uvm_report_server
RUN-002569,reset_recovery_test-002569,1695683935,PASS,pass,NONE,,,,0,0,0,0,0,0.1443,60.49,14429,0,uvm_report_server
RUN-002570,reg_sweep_test-002570,633853493,PASS,pass,NONE,,,,0,0,0,0,0,0.1167,71.07,11672,0,uvm_report_server
RUN-002571,dma_burst_test-002571,855344634,PASS,pass,NONE,,,,0,0,0,0,0,0.4827,16.36,24135,0,uvm_report_server
RUN-002572,parity_stress_test-002572,789958818,FAIL,fail,IRQ_LOST,B_IRQ_0x45,IRQ_LOST,137456,2,0,0,0,0,0.1562,4.35,7810,1,uvm_report_server
RUN-002573,reg_sweep_test-002573,421565513,PASS,pass,NONE,,,,0,1,0,0,0,0.1767,11.57,4417,0,uvm_report_server
RUN-002574,dma_burst_test-002574,764705693,PASS,pass,NONE,,,,0,0,0,0,0,0.202,5.35,20201,0,uvm_report_server
RUN-002575,irq_storm_test-002575,201332282,PASS,pass,NONE,,,,0,0,0,0,0,0.0521,84.34,10411,0,uvm_report_server
RUN-002576,parity_stress_test-002576,1173849128,FAIL,fail,BUS_STARVATION,B_ARB_0x12,BUS_STARVATION,94952,3,0,0,0,0,0.1079,5.72,5396,1,uvm_report_server
RUN-002577,backpressure_test-002577,459247798,FAIL,fail,FIFO_UNDERRUN,B_DMA_0x31,FIFO_UNDERRUN,42152,3,0,0,1,0,0.0479,1.36,2393,1,uvm_report_server
RUN-002578,irq_storm_test-002578,1367087960,PASS,pass,NONE,,,,0,0,0,0,0,0.0439,50.67,8783,0,uvm_report_server
RUN-002579,dma_burst_test-002579,791270389,PASS,pass,NONE,,,,0,0,0,0,0,0.0525,38.44,10502,0,uvm_report_server
RUN-002580,irq_storm_test-002580,1546924234,PASS,pass,NONE,,,,0,0,0,0,0,0.1383,7.53,13831,0,uvm_report_server
RUN-002581,reset_recovery_test-002581,656111882,PASS,pass,NONE,,,,0,0,0,0,0,0.0804,5.96,4022,0,uvm_report_server
RUN-002582,uart_loopback_test-002582,1174202600,PASS,pass,NONE,,,,0,0,0,0,0,0.1747,3.0,4368,0,uvm_report_server
RUN-002583,reg_sweep_test-002583,1591079068,PASS,pass,NONE,,,,0,0,0,0,0,0.1966,5.67,9830,0,uvm_report_server
RUN-002584,uart_loopback_test-002584,519806630,PASS,pass,NONE,,,,0,0,0,0,0,0.7163,23.36,35812,0,uvm_report_server
RUN-002585,backpressure_test-002585,1229796596,FAIL,fail,FIFO_UNDERRUN,B_DMA_0x31,FIFO_UNDERRUN,79552,1,1,0,0,0,0.0904,7.03,4517,1,uvm_report_server
RUN-002586,uart_loopback_test-002586,459907959,PASS,pass,NONE,,,,0,1,0,0,0,0.2104,18.05,10521,0,uvm_report_server
RUN-002587,reg_sweep_test-002587,1773789527,PASS,pass,NONE,,,,0,0,0,0,0,0.809,9.2,20224,0,uvm_report_server
RUN-002588,reg_sweep_test-002588,1421995716,PASS,pass,NONE,,,,0,0,0,0,0,0.1541,27.52,7703,0,uvm_report_server
RUN-002589,uart_loopback_test-002589,2041677159,PASS,pass,NONE,,,,0,0,0,0,0,0.6201,6.17,31006,0,uvm_report_server
RUN-002590,backpressure_test-002590,698247683,PASS,pass,NONE,,,,0,0,0,0,0,0.0771,6.05,7712,0,uvm_report_server
RUN-002591,reg_sweep_test-002591,635652369,PASS,pass,NONE,,,,0,1,0,0,0,0.2212,9.53,11059,0,uvm_report_server
RUN-002592,uart_loopback_test-002592,634781651,PASS,pass,NONE,,,,0,0,0,0,0,0.0267,41.96,5347,0,uvm_report_server
RUN-002593,reg_sweep_test-002593,231654692,PASS,pass,NONE,,,,0,0,0,0,0,0.1436,30.54,7179,0,uvm_report_server
RUN-002594,uart_loopback_test-002594,1847130200,FAIL,fail,FRAMING_ERROR,B_UART_0x24,FRAMING_ERROR,26136,1,0,0,0,1,0.0297,17.71,2970,1,uvm_report_server
RUN-002595,parity_stress_test-002595,608424464,PASS,pass,NONE,,,,0,1,0,0,0,0.2665,29.75,26646,0,uvm_report_server
RUN-002596,backpressure_test-002596,81832014,FAIL,fail,FRAMING_ERROR,B_UART_0x24,FRAMING_ERROR,479512,2,1,0,1,1,0.5449,1.12,13622,1,uvm_report_server
RUN-002597,reset_recovery_test-002597,699961527,PASS,pass,NONE,,,,0,1,0,0,0,0.1562,6.79,15621,0,uvm_report_server
RUN-002598,reset_recovery_test-002598,778911888,PASS,pass,NONE,,,,0,0,0,0,0,0.2633,7.74,6581,0,uvm_report_server
RUN-002599,reg_sweep_test-002599,35486548,PASS,pass,NONE,,,,0,0,0,0,0,0.3084,6.98,15421,0,uvm_report_server
RUN-002600,backpressure_test-002600,2094590100,FAIL,fail,FIFO_UNDERRUN,B_DMA_0x31,FIFO_UNDERRUN,19624,2,0,0,0,0,0.0223,3.82,2229,1,uvm_report_server
RUN-002601,backpressure_test-002601,1613698805,PASS,pass,NONE,,,,0,0,0,0,0,0.3071,6.16,7678,0,uvm_report_server
RUN-002602,reg_sweep_test-002602,326248739,PASS,pass,NONE,,,,0,0,0,0,0,0.5234,32.28,52337,0,uvm_report_server
RUN-002603,uart_loopback_test-002603,442445630,PASS,pass,NONE,,,,0,0,0,0,0,0.5138,7.37,12846,0,uvm_report_server
RUN-002604,backpressure_test-002604,2054016107,FAIL,fail,FRAMING_ERROR,B_UART_0x24,FRAMING_ERROR,961136,3,0,0,1,1,1.0922,7.19,27305,1,uvm_report_server
RUN-002605,reset_recovery_test-002605,945366723,PASS,pass,NONE,,,,0,1,0,0,0,0.3939,21.66,9847,0,uvm_report_server
RUN-002606,backpressure_test-002606,1758502682,FAIL,fail,PSLVERR_TIMEOUT,B_APB_0x55,PSLVERR_TIMEOUT,637824,2,1,1,0,0,0.7248,1.72,36240,1,uvm_report_server
RUN-002607,reg_sweep_test-002607,936752176,PASS,pass,NONE,,,,0,0,0,0,0,0.0289,32.44,2894,0,uvm_report_server
RUN-002608,backpressure_test-002608,23601357,PASS,pass,NONE,,,,0,0,0,0,0,0.1313,32.75,26258,0,uvm_report_server
RUN-002609,dma_burst_test-002609,747937274,PASS,pass,NONE,,,,0,0,0,0,0,0.2719,4.12,6798,0,uvm_report_server
RUN-002610,parity_stress_test-002610,701541106,PASS,pass,NONE,,,,0,0,0,0,0,0.1644,12.88,16443,0,uvm_report_server
RUN-002611,reg_sweep_test-002611,619476235,PASS,pass,NONE,,,,0,0,0,0,0,0.182,44.72,36395,0,uvm_report_server
RUN-002612,dma_burst_test-002612,2110983763,PASS,pass,NONE,,,,0,1,0,0,0,0.1209,71.07,12091,0,uvm_report_server
RUN-002613,reg_sweep_test-002613,2008189287,PASS,pass,NONE,,,,0,0,0,0,0,0.2734,3.78,13671,0,uvm_report_server
RUN-002614,dma_burst_test-002614,1479948808,FAIL,fail,FIFO_UNDERRUN,B_DMA_0x31,FIFO_UNDERRUN,24904,4,0,0,1,0,0.0283,7.66,5656,1,uvm_report_server
RUN-002615,dma_burst_test-002615,1338776645,PASS,pass,NONE,,,,0,0,0,0,0,0.133,28.64,13299,0,uvm_report_server
RUN-002616,dma_burst_test-002616,589468462,FAIL,fail,FIFO_UNDERRUN,B_DMA_0x31,FIFO_UNDERRUN,171424,2,0,0,0,0,0.1948,2.7,4869,1,uvm_report_server
RUN-002617,dma_burst_test-002617,1198098491,FAIL,fail,METASTABILITY,B_CDC_0x62,METASTABILITY,141064,4,0,0,1,0,0.1603,4.49,16032,1,uvm_report_server
RUN-002618,reset_recovery_test-002618,1316111359,PASS,pass,NONE,,,,0,0,0,0,0,0.0796,46.86,7960,0,uvm_report_server
RUN-002619,reg_sweep_test-002619,574248613,PASS,pass,NONE,,,,0,0,0,0,0,0.1589,13.2,7942,0,uvm_report_server
RUN-002620,reset_recovery_test-002620,1336639128,PASS,pass,NONE,,,,0,0,0,0,0,0.0671,14.71,6713,0,uvm_report_server
RUN-002621,dma_burst_test-002621,1064792227,PASS,pass,NONE,,,,0,0,0,0,0,1.9894,8.94,49736,0,uvm_report_server
RUN-002622,backpressure_test-002622,1110795372,PASS,pass,NONE,,,,0,1,0,0,0,0.2142,20.54,10712,0,uvm_report_server
RUN-002623,uart_loopback_test-002623,1933421044,PASS,pass,NONE,,,,0,0,0,0,0,0.1085,19.3,10846,0,uvm_report_server
RUN-002624,uart_loopback_test-002624,890585626,PASS,pass,NONE,,,,0,0,0,0,0,0.4066,4.61,10165,0,uvm_report_server
RUN-002625,reset_recovery_test-002625,597616371,FAIL,fail,REG_MISMATCH,B_REG_0x70,REG_MISMATCH,20064,4,0,0,1,1,0.0228,49.08,4562,1,uvm_report_server
RUN-002626,reg_sweep_test-002626,1734195033,FAIL,fail,FIFO_UNDERRUN,B_DMA_0x31,FIFO_UNDERRUN,71192,2,0,0,0,0,0.0809,6.4,4045,1,uvm_report_server
RUN-002627,reg_sweep_test-002627,151611216,PASS,pass,NONE,,,,0,1,0,0,0,0.3271,6.09,16354,0,uvm_report_server
RUN-002628,reg_sweep_test-002628,1044987097,PASS,pass,NONE,,,,0,0,0,0,0,0.1506,26.67,7529,0,uvm_report_server
RUN-002629,dma_burst_test-002629,417399157,PASS,pass,NONE,,,,0,0,0,0,0,0.2595,8.67,12974,0,uvm_report_server
RUN-002630,backpressure_test-002630,1274008558,PASS,pass,NONE,,,,0,0,0,0,0,0.3762,43.56,37624,0,uvm_report_server
RUN-002631,reg_sweep_test-002631,256030317,FAIL,fail,FRAMING_ERROR,B_UART_0x24,FRAMING_ERROR,79288,2,0,0,1,1,0.0901,28.33,9011,1,uvm_report_server
RUN-002632,dma_burst_test-002632,1887877043,FAIL,fail,PSLVERR_TIMEOUT,B_APB_0x55,PSLVERR_TIMEOUT,463760,2,0,1,0,0,0.527,0.65,13174,1,uvm_report_server
RUN-002633,reset_recovery_test-002633,1181995910,FAIL,fail,PSLVERR_TIMEOUT,B_APB_0x55,PSLVERR_TIMEOUT,748616,2,0,1,0,0,0.8507,1.63,42535,1,uvm_report_server
RUN-002634,dma_burst_test-002634,1208101859,FAIL,fail,BUS_STARVATION,B_ARB_0x12,BUS_STARVATION,135784,4,0,0,1,0,0.1543,8.16,15428,1,uvm_report_server
RUN-002635,reg_sweep_test-002635,1319247044,PASS,pass,NONE,,,,0,1,0,0,0,0.3691,3.01,9228,0,uvm_report_server
RUN-002636,backpressure_test-002636,438558948,PASS,pass,NONE,,,,0,0,0,0,0,0.8536,9.56,21339,0,uvm_report_server
RUN-002637,irq_storm_test-002637,299553625,PASS,pass,NONE,,,,0,1,0,0,0,0.0855,44.19,17098,0,uvm_report_server
RUN-002638,parity_stress_test-002638,1230023470,PASS,pass,NONE,,,,0,1,0,0,0,0.1109,2.11,5547,0,uvm_report_server
RUN-002639,parity_stress_test-002639,32795676,PASS,pass,NONE,,,,0,0,0,0,0,0.226,17.44,5650,0,uvm_report_server
RUN-002640,reg_sweep_test-002640,1488192457,PASS,pass,NONE,,,,0,0,0,0,0,0.2762,28.37,27620,0,uvm_report_server
RUN-002641,backpressure_test-002641,126221789,PASS,pass,NONE,,,,0,0,0,0,0,0.0536,4.96,5357,0,uvm_report_server
RUN-002642,reg_sweep_test-002642,331052804,PASS,pass,NONE,,,,0,0,0,0,0,0.1089,38.63,10894,0,uvm_report_server
RUN-002643,dma_burst_test-002643,273432490,PASS,pass,NONE,,,,0,0,0,0,0,0.3852,19.56,19259,0,uvm_report_server
RUN-002644,reg_sweep_test-002644,239663918,PASS,pass,NONE,,,,0,0,0,0,0,0.1915,21.42,19148,0,uvm_report_server
RUN-002645,backpressure_test-002645,1832258282,FAIL,fail,FIFO_UNDERRUN,B_DMA_0x31,FIFO_UNDERRUN,47520,4,0,0,1,0,0.054,12.18,2701,1,uvm_report_server
RUN-002646,parity_stress_test-002646,1922520604,PASS,pass,NONE,,,,0,0,0,0,0,0.3042,14.54,7605,0,uvm_report_server
RUN-002647,uart_loopback_test-002647,1690675864,PASS,pass,NONE,,,,0,0,0,0,0,0.0963,4.92,4814,0,uvm_report_server
RUN-002648,uart_loopback_test-002648,1281192637,FAIL,fail,IRQ_LOST,B_IRQ_0x45,IRQ_LOST,416328,2,0,0,1,0,0.4731,5.42,11827,1,uvm_report_server
RUN-002649,dma_burst_test-002649,1270384475,PASS,pass,NONE,,,,0,1,0,0,0,0.7851,10.33,39256,0,uvm_report_server
RUN-002650,reg_sweep_test-002650,544370069,PASS,pass,NONE,,,,0,0,0,0,0,0.0373,60.21,3733,0,uvm_report_server
RUN-002651,parity_stress_test-002651,1981301643,PASS,pass,NONE,,,,0,0,0,0,0,0.488,4.21,24401,0,uvm_report_server
RUN-002652,reset_recovery_test-002652,335028601,PASS,pass,NONE,,,,0,1,0,0,0,0.132,32.44,13202,0,uvm_report_server
RUN-002653,dma_burst_test-002653,1900708881,FAIL,fail,FRAMING_ERROR,B_UART_0x24,FRAMING_ERROR,122760,3,0,0,0,1,0.1395,5.91,6977,1,uvm_report_server
RUN-002654,irq_storm_test-002654,1033930355,FAIL,fail,METASTABILITY,B_CDC_0x62,METASTABILITY,99792,2,0,0,1,0,0.1134,8.38,5668,1,uvm_report_server
RUN-002655,reg_sweep_test-002655,1046132671,PASS,pass,NONE,,,,0,0,0,0,0,0.0501,37.45,10018,0,uvm_report_server
RUN-002656,dma_burst_test-002656,1437840277,PASS,pass,NONE,,,,0,1,0,0,0,0.5172,30.76,51718,0,uvm_report_server
RUN-002657,backpressure_test-002657,1445269394,PASS,pass,NONE,,,,0,1,0,0,0,0.3299,12.0,32987,0,uvm_report_server
RUN-002658,dma_burst_test-002658,916028944,PASS,pass,NONE,,,,0,0,0,0,0,0.3056,13.67,15278,0,uvm_report_server
RUN-002659,irq_storm_test-002659,158913457,FAIL,fail,IRQ_LOST,B_IRQ_0x45,IRQ_LOST,769560,2,0,0,0,0,0.8745,9.47,43724,1,uvm_report_server
RUN-002660,backpressure_test-002660,46875970,PASS,pass,NONE,,,,0,0,0,0,0,1.5877,10.48,79386,0,uvm_report_server
RUN-002661,reset_recovery_test-002661,1223299291,PASS,pass,NONE,,,,0,1,0,0,0,0.5833,7.13,29165,0,uvm_report_server
RUN-002662,irq_storm_test-002662,1149459429,PASS,pass,NONE,,,,0,0,0,0,0,0.0882,12.12,8819,0,uvm_report_server
RUN-002663,reg_sweep_test-002663,661310937,FAIL,fail,BUS_STARVATION,B_ARB_0x12,BUS_STARVATION,67408,2,0,0,1,0,0.0766,3.72,7663,1,uvm_report_server
RUN-002664,reset_recovery_test-002664,572945057,PASS,pass,NONE,,,,0,1,0,0,0,0.0447,88.77,8939,0,uvm_report_server
RUN-002665,backpressure_test-002665,43671984,FAIL,fail,FRAMING_ERROR,B_UART_0x24,FRAMING_ERROR,76824,3,0,0,0,1,0.0873,5.54,8732,1,uvm_report_server
RUN-002666,dma_burst_test-002666,289146247,FAIL,fail,FIFO_UNDERRUN,B_DMA_0x31,FIFO_UNDERRUN,107712,1,1,0,0,0,0.1224,4.59,6122,1,uvm_report_server
RUN-002667,reset_recovery_test-002667,1911952715,FAIL,fail,IRQ_LOST,B_IRQ_0x45,IRQ_LOST,687984,3,0,0,1,0,0.7818,10.76,39089,1,uvm_report_server
RUN-002668,reset_recovery_test-002668,1980719994,FAIL,fail,IRQ_LOST,B_IRQ_0x45,IRQ_LOST,876656,1,0,0,0,0,0.9962,1.26,49808,1,uvm_report_server
RUN-002669,parity_stress_test-002669,1283185189,FAIL,fail,PSLVERR_TIMEOUT,B_APB_0x55,PSLVERR_TIMEOUT,336600,2,1,1,0,0,0.3825,4.19,38249,1,uvm_report_server
RUN-002670,reg_sweep_test-002670,70641156,PASS,pass,NONE,,,,0,0,0,0,0,0.1595,12.34,3987,0,uvm_report_server
RUN-002671,dma_burst_test-002671,633169842,FAIL,fail,IRQ_LOST,B_IRQ_0x45,IRQ_LOST,71016,2,0,0,0,0,0.0807,0.87,4033,1,uvm_report_server
RUN-002672,irq_storm_test-002672,1093400617,PASS,pass,NONE,,,,0,0,0,0,0,0.5961,14.5,14903,0,uvm_report_server
RUN-002673,irq_storm_test-002673,531699524,PASS,pass,NONE,,,,0,0,0,0,0,0.1097,20.06,5486,0,uvm_report_server
RUN-002674,uart_loopback_test-002674,365266523,FAIL,fail,REG_MISMATCH,B_REG_0x70,REG_MISMATCH,173008,4,1,0,1,1,0.1966,8.08,9829,1,uvm_report_server
RUN-002675,reset_recovery_test-002675,1828094062,PASS,pass,NONE,,,,0,1,0,0,0,0.3481,5.56,34809,0,uvm_report_server
RUN-002676,reg_sweep_test-002676,733437597,PASS,pass,NONE,,,,0,1,0,0,0,0.1066,5.15,5331,0,uvm_report_server
RUN-002677,reg_sweep_test-002677,859002632,FAIL,fail,FRAMING_ERROR,B_UART_0x24,FRAMING_ERROR,164384,3,0,0,1,1,0.1868,9.57,9340,1,uvm_report_server
RUN-002678,uart_loopback_test-002678,426966897,PASS,pass,NONE,,,,0,0,0,0,0,0.1842,5.71,4604,0,uvm_report_server
RUN-002679,parity_stress_test-002679,1605183276,PASS,pass,NONE,,,,0,1,0,0,0,0.0258,41.15,5155,0,uvm_report_server
RUN-002680,backpressure_test-002680,1465529116,FAIL,fail,REG_MISMATCH,B_REG_0x70,REG_MISMATCH,38896,2,0,0,0,1,0.0442,5.11,2210,1,uvm_report_server
RUN-002681,dma_burst_test-002681,717214524,PASS,pass,NONE,,,,0,0,0,0,0,0.0757,12.6,7573,0,uvm_report_server
RUN-002682,backpressure_test-002682,675465905,FAIL,fail,IRQ_LOST,B_IRQ_0x45,IRQ_LOST,57728,2,0,0,1,0,0.0656,7.47,3279,1,uvm_report_server
RUN-002683,reg_sweep_test-002683,673095411,FAIL,fail,BUS_STARVATION,B_ARB_0x12,BUS_STARVATION,849640,3,0,0,1,0,0.9655,5.73,48275,1,uvm_report_server
RUN-002684,irq_storm_test-002684,848629631,PASS,pass,NONE,,,,0,0,0,0,0,0.1751,5.94,8753,0,uvm_report_server
RUN-002685,reg_sweep_test-002685,1805098336,PASS,pass,NONE,,,,0,0,0,0,0,0.1942,2.66,4854,0,uvm_report_server
RUN-002686,irq_storm_test-002686,1072696590,FAIL,fail,FIFO_UNDERRUN,B_DMA_0x31,FIFO_UNDERRUN,30096,3,0,0,1,0,0.0342,14.13,6834,1,uvm_report_server
RUN-002687,reg_sweep_test-002687,1495664280,PASS,pass,NONE,,,,0,0,0,0,0,0.0414,49.22,4141,0,uvm_report_server
RUN-002688,reg_sweep_test-002688,791416840,PASS,pass,NONE,,,,0,1,0,0,0,0.4377,2.36,10942,0,uvm_report_server
RUN-002689,reg_sweep_test-002689,873894926,PASS,pass,NONE,,,,0,0,0,0,0,0.7071,12.67,35354,0,uvm_report_server
RUN-002690,backpressure_test-002690,376457191,PASS,pass,NONE,,,,0,0,0,0,0,0.5065,15.83,25324,0,uvm_report_server
RUN-002691,reg_sweep_test-002691,1648261009,FAIL,fail,PSLVERR_TIMEOUT,B_APB_0x55,PSLVERR_TIMEOUT,922064,2,1,1,0,0,1.0478,0.43,26194,1,uvm_report_server
RUN-002692,uart_loopback_test-002692,1650171379,PASS,pass,NONE,,,,0,0,0,0,0,0.2874,14.2,28735,0,uvm_report_server
RUN-002693,reset_recovery_test-002693,335064863,PASS,pass,NONE,,,,0,0,0,0,0,0.0944,5.35,9436,0,uvm_report_server
RUN-002694,reset_recovery_test-002694,1245731485,PASS,pass,NONE,,,,0,0,0,0,0,0.3751,10.91,37510,0,uvm_report_server
RUN-002695,reset_recovery_test-002695,836310368,PASS,pass,NONE,,,,0,0,0,0,0,0.1421,120.78,28427,0,uvm_report_server
RUN-002696,irq_storm_test-002696,289971767,FAIL,fail,BUS_STARVATION,B_ARB_0x12,BUS_STARVATION,283712,2,1,0,1,0,0.3224,2.05,16121,1,uvm_report_server
RUN-002697,parity_stress_test-002697,1776508523,PASS,pass,NONE,,,,0,0,0,0,0,0.1502,49.94,15018,0,uvm_report_server
RUN-002698,reset_recovery_test-002698,1839857033,PASS,pass,NONE,,,,0,0,0,0,0,0.9679,8.95,24196,0,uvm_report_server
RUN-002699,irq_storm_test-002699,27962809,PASS,pass,NONE,,,,0,0,0,0,0,0.0545,17.14,10902,0,uvm_report_server
RUN-002700,irq_storm_test-002700,131335499,PASS,pass,NONE,,,,0,0,0,0,0,0.0927,21.29,9266,0,uvm_report_server
RUN-002701,backpressure_test-002701,1292185433,PASS,pass,NONE,,,,0,0,0,0,0,0.0812,2.91,4059,0,uvm_report_server
RUN-002702,uart_loopback_test-002702,1160501405,PASS,pass,NONE,,,,0,1,0,0,0,0.1536,6.64,3838,0,uvm_report_server
RUN-002703,reset_recovery_test-002703,1732369870,PASS,pass,NONE,,,,0,0,0,0,0,0.1701,12.43,8507,0,uvm_report_server
RUN-002704,uart_loopback_test-002704,1019913619,PASS,pass,NONE,,,,0,0,0,0,0,0.0953,38.86,9534,0,uvm_report_server
RUN-002705,backpressure_test-002705,610903065,FAIL,fail,PSLVERR_TIMEOUT,B_APB_0x55,PSLVERR_TIMEOUT,1205424,2,0,1,0,0,1.3698,1.66,34245,1,uvm_report_server
RUN-002706,reset_recovery_test-002706,1808011684,FAIL,fail,PREADY_TIMEOUT,B_APB_0x58,PREADY_TIMEOUT,440704,4,1,1,1,0,0.5008,9.81,50077,1,uvm_report_server
RUN-002707,uart_loopback_test-002707,2106710874,FAIL,fail,PSLVERR_TIMEOUT,B_APB_0x55,PSLVERR_TIMEOUT,108064,2,0,1,0,0,0.1228,5.03,12282,1,uvm_report_server
RUN-002708,uart_loopback_test-002708,1276191617,PASS,pass,NONE,,,,0,0,0,0,0,0.077,216.75,15390,0,uvm_report_server
RUN-002709,reg_sweep_test-002709,1252848276,PASS,pass,NONE,,,,0,0,0,0,0,0.0718,13.22,3588,0,uvm_report_server
RUN-002710,uart_loopback_test-002710,772285793,PASS,pass,NONE,,,,0,0,0,0,0,1.7024,5.16,42559,0,uvm_report_server
RUN-002711,irq_storm_test-002711,669853618,PASS,pass,NONE,,,,0,1,0,0,0,1.0094,8.02,25234,0,uvm_report_server
RUN-002712,reg_sweep_test-002712,2079650614,PASS,pass,NONE,,,,0,0,0,0,0,0.2304,4.33,11522,0,uvm_report_server
RUN-002713,irq_storm_test-002713,1134118733,FAIL,fail,IRQ_LOST,B_IRQ_0x45,IRQ_LOST,87824,1,0,0,0,0,0.0998,2.79,4990,1,uvm_report_server
RUN-002714,reg_sweep_test-002714,411605250,PASS,pass,NONE,,,,0,0,0,0,0,0.123,16.04,6151,0,uvm_report_server
RUN-002715,irq_storm_test-002715,1373295602,PASS,pass,NONE,,,,0,1,0,0,0,0.037,56.7,3699,0,uvm_report_server
RUN-002716,backpressure_test-002716,845410553,FAIL,fail,PSLVERR_TIMEOUT,B_APB_0x55,PSLVERR_TIMEOUT,800712,2,1,1,0,0,0.9099,2.0,22748,1,uvm_report_server
RUN-002717,reset_recovery_test-002717,1269064563,PASS,pass,NONE,,,,0,0,0,0,0,0.0337,57.88,3368,0,uvm_report_server
RUN-002718,reg_sweep_test-002718,195222073,FAIL,fail,PSLVERR_TIMEOUT,B_APB_0x55,PSLVERR_TIMEOUT,116072,2,1,1,0,0,0.1319,5.18,13192,1,uvm_report_server
RUN-002719,parity_stress_test-002719,709499585,PASS,pass,NONE,,,,0,1,0,0,0,0.7005,12.44,35025,0,uvm_report_server
RUN-002720,reg_sweep_test-002720,1555657985,PASS,pass,NONE,,,,0,1,0,0,0,0.0442,23.17,4420,0,uvm_report_server
RUN-002721,irq_storm_test-002721,814253486,FAIL,fail,BUS_STARVATION,B_ARB_0x12,BUS_STARVATION,340384,3,1,0,0,0,0.3868,1.87,38678,1,uvm_report_server
RUN-002722,reset_recovery_test-002722,807795909,FAIL,fail,PSLVERR_TIMEOUT,B_APB_0x55,PSLVERR_TIMEOUT,557656,3,1,1,1,0,0.6337,2.85,31684,1,uvm_report_server
RUN-002723,dma_burst_test-002723,1356307249,PASS,pass,NONE,,,,0,0,0,0,0,0.5455,3.59,27276,0,uvm_report_server
RUN-002724,irq_storm_test-002724,348808442,FAIL,fail,FIFO_UNDERRUN,B_DMA_0x31,FIFO_UNDERRUN,26048,3,0,0,0,0,0.0296,18.35,2958,1,uvm_report_server
RUN-002725,dma_burst_test-002725,850661818,PASS,pass,NONE,,,,0,0,0,0,0,0.1206,31.93,6030,0,uvm_report_server
RUN-002726,irq_storm_test-002726,1434697427,PASS,pass,NONE,,,,0,0,0,0,0,0.0622,8.9,3111,0,uvm_report_server
RUN-002727,parity_stress_test-002727,1312188070,PASS,pass,NONE,,,,0,0,0,0,0,0.1149,32.79,5746,0,uvm_report_server
RUN-002728,irq_storm_test-002728,2101422389,PASS,pass,NONE,,,,0,0,0,0,0,0.0885,11.11,8849,0,uvm_report_server
RUN-002729,reg_sweep_test-002729,514437680,FAIL,fail,PSLVERR_TIMEOUT,B_APB_0x55,PSLVERR_TIMEOUT,226072,2,0,1,0,0,0.2569,4.52,25693,1,uvm_report_server
RUN-002730,parity_stress_test-002730,158901462,PASS,pass,NONE,,,,0,1,0,0,0,0.1951,5.63,4878,0,uvm_report_server
RUN-002731,backpressure_test-002731,1423321537,PASS,pass,NONE,,,,0,0,0,0,0,0.4105,2.53,10263,0,uvm_report_server
RUN-002732,reg_sweep_test-002732,1666044781,FAIL,fail,FRAMING_ERROR,B_UART_0x24,FRAMING_ERROR,127160,4,0,0,1,1,0.1445,2.26,7223,1,uvm_report_server
RUN-002733,backpressure_test-002733,146711975,PASS,pass,NONE,,,,0,1,0,0,0,0.0795,98.01,15901,0,uvm_report_server
RUN-002734,uart_loopback_test-002734,206354857,PASS,pass,NONE,,,,0,1,0,0,0,0.2045,20.72,5113,0,uvm_report_server
RUN-002735,backpressure_test-002735,1734950848,PASS,pass,NONE,,,,0,0,0,0,0,0.2368,15.66,11841,0,uvm_report_server
RUN-002736,parity_stress_test-002736,281404811,PASS,pass,NONE,,,,0,1,0,0,0,0.1536,13.52,15362,0,uvm_report_server
RUN-002737,reset_recovery_test-002737,886198940,FAIL,fail,BUS_STARVATION,B_ARB_0x12,BUS_STARVATION,539000,2,1,0,0,0,0.6125,13.35,61247,1,uvm_report_server
RUN-002738,backpressure_test-002738,935478294,PASS,pass,NONE,,,,0,1,0,0,0,0.0602,124.07,12044,0,uvm_report_server
RUN-002739,irq_storm_test-002739,948811377,FAIL,fail,IRQ_LOST,B_IRQ_0x45,IRQ_LOST,235576,3,0,0,0,0,0.2677,5.16,13386,1,uvm_report_server
RUN-002740,dma_burst_test-002740,562607214,FAIL,fail,IRQ_LOST,B_IRQ_0x45,IRQ_LOST,675136,1,0,0,0,0,0.7672,3.5,19180,1,uvm_report_server
RUN-002741,reset_recovery_test-002741,873977836,FAIL,fail,IRQ_LOST,B_IRQ_0x45,IRQ_LOST,839696,2,1,0,1,0,0.9542,3.76,23854,1,uvm_report_server
RUN-002742,uart_loopback_test-002742,819382279,PASS,pass,NONE,,,,0,1,0,0,0,0.2412,62.52,24123,0,uvm_report_server
RUN-002743,reg_sweep_test-002743,72139992,PASS,pass,NONE,,,,0,0,0,0,0,0.0843,44.56,4213,0,uvm_report_server
RUN-002744,parity_stress_test-002744,657807843,PASS,pass,NONE,,,,0,1,0,0,0,0.035,114.74,6998,0,uvm_report_server
RUN-002745,uart_loopback_test-002745,795100127,PASS,pass,NONE,,,,0,0,0,0,0,0.0288,36.43,2878,0,uvm_report_server
RUN-002746,reg_sweep_test-002746,852832850,FAIL,fail,FIFO_UNDERRUN,B_DMA_0x31,FIFO_UNDERRUN,85624,2,0,0,0,0,0.0973,2.29,4863,1,uvm_report_server
RUN-002747,parity_stress_test-002747,115569822,PASS,pass,NONE,,,,0,0,0,0,0,0.0386,13.27,3861,0,uvm_report_server
RUN-002748,reg_sweep_test-002748,1726135724,PASS,pass,NONE,,,,0,1,0,0,0,0.1078,19.42,10781,0,uvm_report_server
RUN-002749,backpressure_test-002749,894594492,PASS,pass,NONE,,,,0,0,0,0,0,0.1754,3.14,4384,0,uvm_report_server
RUN-002750,reg_sweep_test-002750,916679781,PASS,pass,NONE,,,,0,1,0,0,0,0.054,72.46,5395,0,uvm_report_server
RUN-002751,dma_burst_test-002751,48184057,PASS,pass,NONE,,,,0,1,0,0,0,0.2673,4.18,6681,0,uvm_report_server
RUN-002752,irq_storm_test-002752,1894921812,PASS,pass,NONE,,,,0,1,0,0,0,0.2753,3.6,6881,0,uvm_report_server
RUN-002753,irq_storm_test-002753,1370773188,FAIL,fail,BUS_STARVATION,B_ARB_0x12,BUS_STARVATION,154616,3,0,0,0,0,0.1757,3.88,8785,1,uvm_report_server
RUN-002754,reg_sweep_test-002754,1834248485,PASS,pass,NONE,,,,0,0,0,0,0,0.4906,4.14,12265,0,uvm_report_server
RUN-002755,dma_burst_test-002755,303778212,PASS,pass,NONE,,,,0,0,0,0,0,0.2563,61.37,25628,0,uvm_report_server
RUN-002756,backpressure_test-002756,1261979271,PASS,pass,NONE,,,,0,1,0,0,0,0.1638,11.88,16383,0,uvm_report_server
RUN-002757,reg_sweep_test-002757,94444061,PASS,pass,NONE,,,,0,1,0,0,0,0.185,22.71,18499,0,uvm_report_server
RUN-002758,irq_storm_test-002758,1664868485,PASS,pass,NONE,,,,0,0,0,0,0,0.0743,28.54,14854,0,uvm_report_server
RUN-002759,backpressure_test-002759,1507579495,PASS,pass,NONE,,,,0,0,0,0,0,0.0846,26.58,8461,0,uvm_report_server
RUN-002760,irq_storm_test-002760,118219066,PASS,pass,NONE,,,,0,0,0,0,0,0.4833,32.92,24166,0,uvm_report_server
RUN-002761,backpressure_test-002761,1718656242,FAIL,fail,FRAMING_ERROR,B_UART_0x24,FRAMING_ERROR,48048,3,1,0,0,1,0.0546,10.12,5458,1,uvm_report_server
RUN-002762,parity_stress_test-002762,1211931569,PASS,pass,NONE,,,,0,1,0,0,0,0.0993,77.98,19855,0,uvm_report_server
RUN-002763,dma_burst_test-002763,1900081214,PASS,pass,NONE,,,,0,0,0,0,0,0.1608,13.91,8041,0,uvm_report_server
RUN-002764,irq_storm_test-002764,877607176,PASS,pass,NONE,,,,0,1,0,0,0,0.6906,12.91,17265,0,uvm_report_server
RUN-002765,irq_storm_test-002765,19000998,FAIL,fail,PREADY_TIMEOUT,B_APB_0x58,PREADY_TIMEOUT,420992,1,0,1,0,0,0.4784,2.99,23919,1,uvm_report_server
RUN-002766,uart_loopback_test-002766,820563617,PASS,pass,NONE,,,,0,0,0,0,0,0.3443,25.95,34427,0,uvm_report_server
RUN-002767,parity_stress_test-002767,1476743270,PASS,pass,NONE,,,,0,0,0,0,0,0.1579,13.57,7894,0,uvm_report_server
RUN-002768,uart_loopback_test-002768,1490180563,PASS,pass,NONE,,,,0,0,0,0,0,0.8936,16.56,44678,0,uvm_report_server
RUN-002769,uart_loopback_test-002769,235410628,FAIL,fail,PSLVERR_TIMEOUT,B_APB_0x55,PSLVERR_TIMEOUT,607112,3,0,1,1,0,0.6899,1.1,17247,1,uvm_report_server
RUN-002770,uart_loopback_test-002770,568868419,PASS,pass,NONE,,,,0,0,0,0,0,1.7623,4.42,44056,0,uvm_report_server
RUN-002771,parity_stress_test-002771,1347000269,PASS,pass,NONE,,,,0,1,0,0,0,0.1223,35.93,12233,0,uvm_report_server
RUN-002772,reg_sweep_test-002772,901657897,PASS,pass,NONE,,,,0,1,0,0,0,0.0344,53.64,6883,0,uvm_report_server
RUN-002773,reg_sweep_test-002773,1828481295,PASS,pass,NONE,,,,0,0,0,0,0,0.0765,52.06,7646,0,uvm_report_server
RUN-002774,dma_burst_test-002774,541319945,FAIL,fail,BUS_STARVATION,B_ARB_0x12,BUS_STARVATION,271216,4,1,0,1,0,0.3082,1.09,15411,1,uvm_report_server
RUN-002775,reset_recovery_test-002775,1417461241,FAIL,fail,IRQ_LOST,B_IRQ_0x45,IRQ_LOST,465520,1,1,0,0,0,0.529,6.47,26448,1,uvm_report_server
RUN-002776,irq_storm_test-002776,58257715,PASS,pass,NONE,,,,0,1,0,0,0,0.0582,19.04,2908,0,uvm_report_server
RUN-002777,backpressure_test-002777,538074491,PASS,pass,NONE,,,,0,0,0,0,0,0.2651,15.49,13255,0,uvm_report_server
RUN-002778,parity_stress_test-002778,1860036457,PASS,pass,NONE,,,,0,1,0,0,0,0.2223,8.93,11112,0,uvm_report_server
RUN-002779,parity_stress_test-002779,64076252,PASS,pass,NONE,,,,0,1,0,0,0,1.3599,1.41,33997,0,uvm_report_server
RUN-002780,reg_sweep_test-002780,611381306,FAIL,fail,IRQ_LOST,B_IRQ_0x45,IRQ_LOST,86240,1,1,0,0,0,0.098,6.03,4901,1,uvm_report_server
RUN-002781,parity_stress_test-002781,265408034,PASS,pass,NONE,,,,0,1,0,0,0,0.1387,1.79,3466,0,uvm_report_server
RUN-002782,reg_sweep_test-002782,1228945525,FAIL,fail,FRAMING_ERROR,B_UART_0x24,FRAMING_ERROR,40216,2,1,0,1,1,0.0457,6.41,9132,1,uvm_report_server
RUN-002783,irq_storm_test-002783,1596428348,PASS,pass,NONE,,,,0,1,0,0,0,0.0211,12.08,4227,0,uvm_report_server
RUN-002784,uart_loopback_test-002784,1098510279,PASS,pass,NONE,,,,0,1,0,0,0,0.2311,65.24,23114,0,uvm_report_server
RUN-002785,uart_loopback_test-002785,6840967,PASS,pass,NONE,,,,0,0,0,0,0,0.2458,8.72,6146,0,uvm_report_server
RUN-002786,reg_sweep_test-002786,615086577,PASS,pass,NONE,,,,0,1,0,0,0,0.0348,26.69,6966,0,uvm_report_server
RUN-002787,irq_storm_test-002787,622501576,PASS,pass,NONE,,,,0,1,0,0,0,0.0307,32.71,3065,0,uvm_report_server
RUN-002788,uart_loopback_test-002788,374008252,FAIL,fail,FRAMING_ERROR,B_UART_0x24,FRAMING_ERROR,100144,4,0,0,1,1,0.1138,2.09,5689,1,uvm_report_server
RUN-002789,dma_burst_test-002789,1387867985,PASS,pass,NONE,,,,0,1,0,0,0,0.0437,21.96,4366,0,uvm_report_server
RUN-002790,reset_recovery_test-002790,551804852,PASS,pass,NONE,,,,0,0,0,0,0,0.1792,11.55,4479,0,uvm_report_server
RUN-002791,dma_burst_test-002791,487836800,PASS,pass,NONE,,,,0,0,0,0,0,0.1004,42.19,20082,0,uvm_report_server
RUN-002792,uart_loopback_test-002792,1616013637,FAIL,fail,PSLVERR_TIMEOUT,B_APB_0x55,PSLVERR_TIMEOUT,897336,2,0,1,0,0,1.0197,3.31,50984,1,uvm_report_server
RUN-002793,backpressure_test-002793,1398757748,PASS,pass,NONE,,,,0,0,0,0,0,0.3215,12.25,16076,0,uvm_report_server
RUN-002794,backpressure_test-002794,135323461,FAIL,fail,IRQ_LOST,B_IRQ_0x45,IRQ_LOST,513920,3,0,0,0,0,0.584,9.26,29197,1,uvm_report_server
RUN-002795,irq_storm_test-002795,308676042,FAIL,fail,PREADY_TIMEOUT,B_APB_0x58,PREADY_TIMEOUT,512336,2,0,1,1,0,0.5822,2.84,29109,1,uvm_report_server
RUN-002796,uart_loopback_test-002796,1266924014,FAIL,fail,REG_MISMATCH,B_REG_0x70,REG_MISMATCH,11528,3,0,0,0,1,0.0131,86.45,2624,1,uvm_report_server
RUN-002797,dma_burst_test-002797,632624532,PASS,pass,NONE,,,,0,1,0,0,0,0.0191,25.34,3827,0,uvm_report_server
RUN-002798,backpressure_test-002798,279119850,FAIL,fail,BUS_STARVATION,B_ARB_0x12,BUS_STARVATION,159368,2,0,0,0,0,0.1811,4.8,9057,1,uvm_report_server
RUN-002799,dma_burst_test-002799,833881902,PASS,pass,NONE,,,,0,0,0,0,0,0.3238,11.7,8094,0,uvm_report_server
RUN-002800,uart_loopback_test-002800,579882440,PASS,pass,NONE,,,,0,0,0,0,0,0.1374,30.7,13741,0,uvm_report_server
RUN-002801,reg_sweep_test-002801,801780351,PASS,pass,NONE,,,,0,1,0,0,0,0.2726,58.61,54529,0,uvm_report_server
RUN-002802,dma_burst_test-002802,543669925,PASS,pass,NONE,,,,0,0,0,0,0,0.2567,28.79,25671,0,uvm_report_server
RUN-002803,reg_sweep_test-002803,1967848301,FAIL,fail,FRAMING_ERROR,B_UART_0x24,FRAMING_ERROR,40392,2,0,0,0,1,0.0459,7.67,4589,1,uvm_report_server
RUN-002804,irq_storm_test-002804,1133972601,FAIL,fail,FIFO_UNDERRUN,B_DMA_0x31,FIFO_UNDERRUN,84744,2,0,0,0,0,0.0963,4.25,2406,1,uvm_report_server
RUN-002805,parity_stress_test-002805,1165204321,FAIL,fail,IRQ_LOST,B_IRQ_0x45,IRQ_LOST,128304,3,1,0,0,0,0.1458,14.95,7289,1,uvm_report_server
RUN-002806,backpressure_test-002806,1724056669,PASS,pass,NONE,,,,0,0,0,0,0,0.5199,16.32,12996,0,uvm_report_server
RUN-002807,irq_storm_test-002807,900238811,FAIL,fail,ASSERTION_FAIL,B_ASRT_0x81,ASSERTION_FAIL,154880,3,0,0,0,0,0.176,2.51,4400,1,uvm_report_server
RUN-002808,reg_sweep_test-002808,366111637,PASS,pass,NONE,,,,0,0,0,0,0,0.1079,38.59,10792,0,uvm_report_server
RUN-002809,parity_stress_test-002809,247448604,PASS,pass,NONE,,,,0,0,0,0,0,0.0846,24.21,8456,0,uvm_report_server
RUN-002810,dma_burst_test-002810,1274642811,FAIL,fail,FRAMING_ERROR,B_UART_0x24,FRAMING_ERROR,69256,2,1,0,1,1,0.0787,24.32,15741,1,uvm_report_server
RUN-002811,uart_loopback_test-002811,1284284966,FAIL,fail,FIFO_UNDERRUN,B_DMA_0x31,FIFO_UNDERRUN,28336,4,0,0,1,0,0.0322,1.65,3223,1,uvm_report_server
RUN-002812,reg_sweep_test-002812,246233774,PASS,pass,NONE,,,,0,1,0,0,0,0.2319,4.21,11593,0,uvm_report_server
RUN-002813,reg_sweep_test-002813,32070026,PASS,pass,NONE,,,,0,0,0,0,0,0.2192,9.03,5480,0,uvm_report_server
RUN-002814,dma_burst_test-002814,1974013970,PASS,pass,NONE,,,,0,0,0,0,0,0.0609,17.45,3044,0,uvm_report_server
RUN-002815,dma_burst_test-002815,309525020,PASS,pass,NONE,,,,0,0,0,0,0,0.0784,26.53,7837,0,uvm_report_server
RUN-002816,uart_loopback_test-002816,957127017,PASS,pass,NONE,,,,0,0,0,0,0,0.1106,9.74,5532,0,uvm_report_server
RUN-002817,irq_storm_test-002817,19015688,PASS,pass,NONE,,,,0,1,0,0,0,0.0383,27.7,7653,0,uvm_report_server
RUN-002818,dma_burst_test-002818,1460828190,PASS,pass,NONE,,,,0,0,0,0,0,0.1087,39.16,10874,0,uvm_report_server
RUN-002819,dma_burst_test-002819,1889975384,FAIL,fail,BUS_STARVATION,B_ARB_0x12,BUS_STARVATION,221584,2,0,0,0,0,0.2518,4.1,12588,1,uvm_report_server
RUN-002820,reset_recovery_test-002820,1022827278,FAIL,fail,FRAMING_ERROR,B_UART_0x24,FRAMING_ERROR,44176,1,0,0,0,1,0.0502,15.15,5016,1,uvm_report_server
RUN-002821,backpressure_test-002821,160674357,PASS,pass,NONE,,,,0,1,0,0,0,0.3009,6.71,7521,0,uvm_report_server
RUN-002822,irq_storm_test-002822,1045631083,PASS,pass,NONE,,,,0,1,0,0,0,0.1215,65.93,12145,0,uvm_report_server
RUN-002823,reset_recovery_test-002823,1850927369,PASS,pass,NONE,,,,0,1,0,0,0,0.461,2.43,11524,0,uvm_report_server
RUN-002824,reg_sweep_test-002824,1715230680,PASS,pass,NONE,,,,0,0,0,0,0,0.5252,7.89,26262,0,uvm_report_server
RUN-002825,parity_stress_test-002825,1527259305,FAIL,fail,BUS_STARVATION,B_ARB_0x12,BUS_STARVATION,1449008,3,0,0,0,0,1.6466,5.46,82330,1,uvm_report_server
RUN-002826,uart_loopback_test-002826,309583661,FAIL,fail,BUS_STARVATION,B_ARB_0x12,BUS_STARVATION,296560,3,0,0,0,0,0.337,4.47,33702,1,uvm_report_server
RUN-002827,backpressure_test-002827,1905354932,FAIL,fail,FIFO_UNDERRUN,B_DMA_0x31,FIFO_UNDERRUN,72952,4,0,0,1,0,0.0829,1.99,4144,1,uvm_report_server
RUN-002828,reset_recovery_test-002828,804914737,FAIL,fail,FIFO_UNDERRUN,B_DMA_0x31,FIFO_UNDERRUN,40832,1,0,0,0,0,0.0464,3.16,4642,1,uvm_report_server
RUN-002829,backpressure_test-002829,355150490,PASS,pass,NONE,,,,0,0,0,0,0,0.191,10.86,9547,0,uvm_report_server
RUN-002830,reset_recovery_test-002830,144677790,PASS,pass,NONE,,,,0,0,0,0,0,0.2226,4.44,11129,0,uvm_report_server
RUN-002831,reg_sweep_test-002831,437004632,FAIL,fail,FIFO_UNDERRUN,B_DMA_0x31,FIFO_UNDERRUN,25608,4,1,0,1,0,0.0291,10.09,2911,1,uvm_report_server
RUN-002832,reg_sweep_test-002832,305155838,PASS,pass,NONE,,,,0,0,0,0,0,0.0549,38.7,5494,0,uvm_report_server
RUN-002833,dma_burst_test-002833,401537966,FAIL,fail,IRQ_LOST,B_IRQ_0x45,IRQ_LOST,214016,2,1,0,1,0,0.2432,20.17,12161,1,uvm_report_server
RUN-002834,irq_storm_test-002834,36832621,PASS,pass,NONE,,,,0,0,0,0,0,0.2358,16.41,11788,0,uvm_report_server
RUN-002835,dma_burst_test-002835,694564129,PASS,pass,NONE,,,,0,1,0,0,0,0.0381,12.43,3807,0,uvm_report_server
RUN-002836,parity_stress_test-002836,1842611019,FAIL,fail,PSLVERR_TIMEOUT,B_APB_0x55,PSLVERR_TIMEOUT,388696,2,0,1,0,0,0.4417,2.71,44174,1,uvm_report_server
RUN-002837,reg_sweep_test-002837,1989652258,PASS,pass,NONE,,,,0,0,0,0,0,0.1894,11.22,18942,0,uvm_report_server
RUN-002838,uart_loopback_test-002838,1633781049,PASS,pass,NONE,,,,0,1,0,0,0,0.0435,48.61,8704,0,uvm_report_server
RUN-002839,reg_sweep_test-002839,969151321,PASS,pass,NONE,,,,0,1,0,0,0,0.2359,4.2,11792,0,uvm_report_server
RUN-002840,parity_stress_test-002840,295146012,PASS,pass,NONE,,,,0,0,0,0,0,0.0728,27.19,7282,0,uvm_report_server
RUN-002841,dma_burst_test-002841,447891663,FAIL,fail,IRQ_LOST,B_IRQ_0x45,IRQ_LOST,292864,2,1,0,1,0,0.3328,6.09,16637,1,uvm_report_server
RUN-002842,irq_storm_test-002842,447976568,FAIL,fail,FIFO_UNDERRUN,B_DMA_0x31,FIFO_UNDERRUN,46552,2,0,0,0,0,0.0529,5.91,5288,1,uvm_report_server
RUN-002843,reset_recovery_test-002843,451231448,PASS,pass,NONE,,,,0,0,0,0,0,0.3813,2.94,9531,0,uvm_report_server
RUN-002844,reset_recovery_test-002844,1589543717,FAIL,fail,FIFO_UNDERRUN,B_DMA_0x31,FIFO_UNDERRUN,66000,4,0,0,1,0,0.075,6.4,3751,1,uvm_report_server
RUN-002845,reset_recovery_test-002845,424908402,PASS,pass,NONE,,,,0,0,0,0,0,0.1369,28.59,13686,0,uvm_report_server
RUN-002846,backpressure_test-002846,1774058469,PASS,pass,NONE,,,,0,0,0,0,0,0.1144,68.91,11443,0,uvm_report_server
RUN-002847,reset_recovery_test-002847,1042052204,PASS,pass,NONE,,,,0,1,0,0,0,0.1986,40.52,19856,0,uvm_report_server
RUN-002848,reg_sweep_test-002848,92044084,PASS,pass,NONE,,,,0,0,0,0,0,0.8334,19.69,41671,0,uvm_report_server
RUN-002849,reset_recovery_test-002849,607623418,PASS,pass,NONE,,,,0,0,0,0,0,0.2202,34.73,44040,0,uvm_report_server
RUN-002850,uart_loopback_test-002850,1216758309,PASS,pass,NONE,,,,0,0,0,0,0,0.9017,9.87,22543,0,uvm_report_server
RUN-002851,dma_burst_test-002851,533832789,FAIL,fail,IRQ_LOST,B_IRQ_0x45,IRQ_LOST,611336,3,0,0,0,0,0.6947,2.21,34736,1,uvm_report_server
RUN-002852,dma_burst_test-002852,1347469295,FAIL,fail,FRAMING_ERROR,B_UART_0x24,FRAMING_ERROR,227304,2,0,0,0,1,0.2583,0.96,6456,1,uvm_report_server
RUN-002853,parity_stress_test-002853,294591419,PASS,pass,NONE,,,,0,0,0,0,0,0.0971,21.46,4856,0,uvm_report_server
RUN-002854,irq_storm_test-002854,1266077573,FAIL,fail,FIFO_UNDERRUN,B_DMA_0x31,FIFO_UNDERRUN,56672,2,0,0,0,0,0.0644,13.14,6435,1,uvm_report_server
RUN-002855,reg_sweep_test-002855,1045322938,PASS,pass,NONE,,,,0,1,0,0,0,1.6166,5.55,40414,0,uvm_report_server
RUN-002856,parity_stress_test-002856,2020958269,PASS,pass,NONE,,,,0,1,0,0,0,0.1217,74.01,24346,0,uvm_report_server
RUN-002857,reg_sweep_test-002857,1936248967,PASS,pass,NONE,,,,0,0,0,0,0,0.5537,1.85,13842,0,uvm_report_server
RUN-002858,backpressure_test-002858,660837342,FAIL,fail,FRAMING_ERROR,B_UART_0x24,FRAMING_ERROR,355784,2,0,0,1,1,0.4043,9.17,20216,1,uvm_report_server
RUN-002859,uart_loopback_test-002859,1696749483,PASS,pass,NONE,,,,0,0,0,0,0,0.1312,28.76,13117,0,uvm_report_server
RUN-002860,uart_loopback_test-002860,1181705077,PASS,pass,NONE,,,,0,0,0,0,0,0.071,7.42,7102,0,uvm_report_server
RUN-002861,reg_sweep_test-002861,691376764,FAIL,fail,IRQ_LOST,B_IRQ_0x45,IRQ_LOST,643368,2,0,0,0,0,0.7311,1.21,18277,1,uvm_report_server
RUN-002862,irq_storm_test-002862,47623803,FAIL,fail,FIFO_UNDERRUN,B_DMA_0x31,FIFO_UNDERRUN,285560,3,0,0,0,0,0.3245,3.54,8111,1,uvm_report_server
RUN-002863,parity_stress_test-002863,894510507,FAIL,fail,BUS_STARVATION,B_ARB_0x12,BUS_STARVATION,35816,3,1,0,0,0,0.0407,11.47,8141,1,uvm_report_server
RUN-002864,dma_burst_test-002864,2007524109,PASS,pass,NONE,,,,0,1,0,0,0,0.4919,4.17,24597,0,uvm_report_server
RUN-002865,parity_stress_test-002865,1649679983,PASS,pass,NONE,,,,0,0,0,0,0,0.2255,4.91,5638,0,uvm_report_server
RUN-002866,backpressure_test-002866,359200689,PASS,pass,NONE,,,,0,1,0,0,0,0.532,14.3,13301,0,uvm_report_server
RUN-002867,irq_storm_test-002867,1989427481,PASS,pass,NONE,,,,0,1,0,0,0,0.1472,6.87,7361,0,uvm_report_server
RUN-002868,backpressure_test-002868,1373497364,FAIL,fail,BUS_STARVATION,B_ARB_0x12,BUS_STARVATION,323840,4,1,0,1,0,0.368,0.38,9200,1,uvm_report_server
RUN-002869,reg_sweep_test-002869,959395148,PASS,pass,NONE,,,,0,0,0,0,0,0.0713,27.51,14259,0,uvm_report_server
RUN-002870,backpressure_test-002870,744191801,PASS,pass,NONE,,,,0,0,0,0,0,0.3526,5.43,17630,0,uvm_report_server
RUN-002871,backpressure_test-002871,117840665,FAIL,fail,FRAMING_ERROR,B_UART_0x24,FRAMING_ERROR,175560,3,0,0,0,1,0.1995,3.64,9974,1,uvm_report_server
RUN-002872,backpressure_test-002872,659184283,PASS,pass,NONE,,,,0,1,0,0,0,0.1475,6.63,14754,0,uvm_report_server
RUN-002873,irq_storm_test-002873,1516357798,PASS,pass,NONE,,,,0,1,0,0,0,0.0825,13.17,4122,0,uvm_report_server
RUN-002874,reset_recovery_test-002874,1132551197,PASS,pass,NONE,,,,0,0,0,0,0,0.1352,58.85,27037,0,uvm_report_server
RUN-002875,uart_loopback_test-002875,2034558862,PASS,pass,NONE,,,,0,0,0,0,0,0.656,13.04,32800,0,uvm_report_server
RUN-002876,backpressure_test-002876,312912409,PASS,pass,NONE,,,,0,1,0,0,0,0.2323,33.37,23228,0,uvm_report_server
RUN-002877,dma_burst_test-002877,1936783945,FAIL,fail,FIFO_UNDERRUN,B_DMA_0x31,FIFO_UNDERRUN,102872,2,1,0,1,0,0.1169,5.54,5846,1,uvm_report_server
RUN-002878,reg_sweep_test-002878,343844704,PASS,pass,NONE,,,,0,0,0,0,0,0.3095,24.37,61895,0,uvm_report_server
RUN-002879,backpressure_test-002879,45252137,PASS,pass,NONE,,,,0,0,0,0,0,0.2757,4.01,13783,0,uvm_report_server
RUN-002880,dma_burst_test-002880,795765547,PASS,pass,NONE,,,,0,0,0,0,0,0.2737,8.02,13687,0,uvm_report_server
RUN-002881,reg_sweep_test-002881,1343876288,PASS,pass,NONE,,,,0,0,0,0,0,0.1101,35.37,11007,0,uvm_report_server
RUN-002882,reset_recovery_test-002882,1617274231,FAIL,fail,FIFO_UNDERRUN,B_DMA_0x31,FIFO_UNDERRUN,8800,2,0,0,0,0,0.01,10.46,2002,1,uvm_report_server
RUN-002883,backpressure_test-002883,1204952467,PASS,pass,NONE,,,,0,0,0,0,0,0.117,37.38,5849,0,uvm_report_server
RUN-002884,uart_loopback_test-002884,1749022075,PASS,pass,NONE,,,,0,0,0,0,0,1.0129,4.31,50642,0,uvm_report_server
RUN-002885,uart_loopback_test-002885,401581951,PASS,pass,NONE,,,,0,0,0,0,0,0.507,8.56,12676,0,uvm_report_server
RUN-002886,reg_sweep_test-002886,863269805,PASS,pass,NONE,,,,0,0,0,0,0,0.169,24.17,16904,0,uvm_report_server
RUN-002887,dma_burst_test-002887,763443828,PASS,pass,NONE,,,,0,0,0,0,0,0.1022,83.41,20442,0,uvm_report_server
RUN-002888,backpressure_test-002888,383984812,PASS,pass,NONE,,,,0,0,0,0,0,0.0644,62.67,12873,0,uvm_report_server
RUN-002889,irq_storm_test-002889,974971843,PASS,pass,NONE,,,,0,0,0,0,0,0.3597,10.85,8991,0,uvm_report_server
RUN-002890,reg_sweep_test-002890,1507110566,PASS,pass,NONE,,,,0,1,0,0,0,0.1213,4.62,3032,0,uvm_report_server
RUN-002891,dma_burst_test-002891,1685704114,FAIL,fail,FRAMING_ERROR,B_UART_0x24,FRAMING_ERROR,29304,4,1,0,1,1,0.0333,17.03,3333,1,uvm_report_server
RUN-002892,backpressure_test-002892,1838074539,FAIL,fail,PSLVERR_TIMEOUT,B_APB_0x55,PSLVERR_TIMEOUT,1062072,2,0,1,0,0,1.2069,0.85,60343,1,uvm_report_server
RUN-002893,irq_storm_test-002893,724954355,PASS,pass,NONE,,,,0,0,0,0,0,0.5383,13.97,26913,0,uvm_report_server
RUN-002894,irq_storm_test-002894,67252543,PASS,pass,NONE,,,,0,0,0,0,0,0.6514,24.88,32570,0,uvm_report_server
RUN-002895,backpressure_test-002895,1059835145,FAIL,fail,FRAMING_ERROR,B_UART_0x24,FRAMING_ERROR,67672,1,0,0,0,1,0.0769,16.72,15388,1,uvm_report_server
RUN-002896,uart_loopback_test-002896,1633417871,PASS,pass,NONE,,,,0,0,0,0,0,0.1729,50.15,17291,0,uvm_report_server
RUN-002897,parity_stress_test-002897,1083097144,PASS,pass,NONE,,,,0,0,0,0,0,0.2311,18.47,11556,0,uvm_report_server
RUN-002898,uart_loopback_test-002898,1413055240,FAIL,fail,PSLVERR_TIMEOUT,B_APB_0x55,PSLVERR_TIMEOUT,2969912,2,1,1,0,0,3.3749,0.63,84371,1,uvm_report_server
RUN-002899,reg_sweep_test-002899,234891976,FAIL,fail,BUS_STARVATION,B_ARB_0x12,BUS_STARVATION,226688,4,1,0,1,0,0.2576,3.47,12880,1,uvm_report_server
RUN-002900,reg_sweep_test-002900,907616612,PASS,pass,NONE,,,,0,1,0,0,0,0.0229,46.89,4578,0,uvm_report_server
RUN-002901,reg_sweep_test-002901,950243387,FAIL,fail,FIFO_UNDERRUN,B_DMA_0x31,FIFO_UNDERRUN,126632,4,1,0,1,0,0.1439,4.28,7195,1,uvm_report_server
RUN-002902,parity_stress_test-002902,1179997297,FAIL,fail,BUS_STARVATION,B_ARB_0x12,BUS_STARVATION,326568,2,0,0,0,0,0.3711,2.01,18554,1,uvm_report_server
RUN-002903,irq_storm_test-002903,1787783651,PASS,pass,NONE,,,,0,0,0,0,0,0.1949,21.9,9746,0,uvm_report_server
RUN-002904,parity_stress_test-002904,1902635047,PASS,pass,NONE,,,,0,0,0,0,0,0.0613,124.32,6128,0,uvm_report_server
RUN-002905,reset_recovery_test-002905,1590346944,PASS,pass,NONE,,,,0,1,0,0,0,0.0322,57.65,6444,0,uvm_report_server
RUN-002906,uart_loopback_test-002906,1231888008,PASS,pass,NONE,,,,0,1,0,0,0,0.1994,2.59,4985,0,uvm_report_server
RUN-002907,backpressure_test-002907,1896008827,FAIL,fail,FIFO_UNDERRUN,B_DMA_0x31,FIFO_UNDERRUN,22528,2,0,0,0,0,0.0256,28.16,5121,1,uvm_report_server
RUN-002908,irq_storm_test-002908,1569109550,PASS,pass,NONE,,,,0,0,0,0,0,0.0848,93.71,8481,0,uvm_report_server
RUN-002909,reset_recovery_test-002909,327239058,PASS,pass,NONE,,,,0,0,0,0,0,0.5152,16.33,12879,0,uvm_report_server
RUN-002910,dma_burst_test-002910,1235177153,PASS,pass,NONE,,,,0,0,0,0,0,0.201,22.37,10049,0,uvm_report_server
RUN-002911,reset_recovery_test-002911,1085339093,PASS,pass,NONE,,,,0,0,0,0,0,0.0913,10.4,4567,0,uvm_report_server
RUN-002912,uart_loopback_test-002912,1788704879,PASS,pass,NONE,,,,0,0,0,0,0,0.0319,132.57,6370,0,uvm_report_server
RUN-002913,reg_sweep_test-002913,321893329,PASS,pass,NONE,,,,0,0,0,0,0,0.0186,54.6,3721,0,uvm_report_server
RUN-002914,parity_stress_test-002914,306554335,PASS,pass,NONE,,,,0,0,0,0,0,0.1508,58.42,15082,0,uvm_report_server
RUN-002915,backpressure_test-002915,1315839002,PASS,pass,NONE,,,,0,0,0,0,0,0.428,18.94,10700,0,uvm_report_server
RUN-002916,dma_burst_test-002916,138947383,PASS,pass,NONE,,,,0,0,0,0,0,0.0263,39.7,2634,0,uvm_report_server
RUN-002917,reg_sweep_test-002917,1728512049,PASS,pass,NONE,,,,0,1,0,0,0,1.0191,15.83,25477,0,uvm_report_server
RUN-002918,backpressure_test-002918,1263131658,PASS,pass,NONE,,,,0,0,0,0,0,0.4767,9.27,11917,0,uvm_report_server
RUN-002919,irq_storm_test-002919,1531737597,FAIL,fail,PREADY_TIMEOUT,B_APB_0x58,PREADY_TIMEOUT,167552,1,0,1,0,0,0.1904,23.01,38079,1,uvm_report_server
RUN-002920,dma_burst_test-002920,1312410314,FAIL,fail,PSLVERR_TIMEOUT,B_APB_0x55,PSLVERR_TIMEOUT,229152,3,0,1,1,0,0.2604,16.26,52075,1,uvm_report_server
RUN-002921,parity_stress_test-002921,1554592867,PASS,pass,NONE,,,,0,0,0,0,0,0.0484,85.54,9683,0,uvm_report_server
RUN-002922,uart_loopback_test-002922,338353516,PASS,pass,NONE,,,,0,0,0,0,0,0.0433,44.48,4326,0,uvm_report_server
RUN-002923,reg_sweep_test-002923,1888333695,PASS,pass,NONE,,,,0,1,0,0,0,0.0887,21.18,8870,0,uvm_report_server
RUN-002924,reset_recovery_test-002924,1517633020,PASS,pass,NONE,,,,0,0,0,0,0,0.5016,35.85,50155,0,uvm_report_server
RUN-002925,dma_burst_test-002925,594660120,PASS,pass,NONE,,,,0,0,0,0,0,0.0855,25.94,8547,0,uvm_report_server
RUN-002926,reset_recovery_test-002926,580917376,PASS,pass,NONE,,,,0,0,0,0,0,0.0753,6.24,3764,0,uvm_report_server
RUN-002927,reg_sweep_test-002927,1909505086,PASS,pass,NONE,,,,0,1,0,0,0,0.1235,31.91,12348,0,uvm_report_server
RUN-002928,parity_stress_test-002928,1948006894,FAIL,fail,FRAMING_ERROR,B_UART_0x24,FRAMING_ERROR,82192,2,1,0,0,1,0.0934,13.33,9341,1,uvm_report_server
RUN-002929,dma_burst_test-002929,1073290129,PASS,pass,NONE,,,,0,0,0,0,0,0.0491,42.61,4910,0,uvm_report_server
RUN-002930,irq_storm_test-002930,1367141549,PASS,pass,NONE,,,,0,1,0,0,0,0.2443,16.78,12216,0,uvm_report_server
RUN-002931,dma_burst_test-002931,2102563550,PASS,pass,NONE,,,,0,0,0,0,0,0.2496,15.06,12480,0,uvm_report_server
RUN-002932,backpressure_test-002932,1080338301,FAIL,fail,IRQ_LOST,B_IRQ_0x45,IRQ_LOST,766832,3,0,0,0,0,0.8714,2.57,43570,1,uvm_report_server
RUN-002933,uart_loopback_test-002933,144709727,PASS,pass,NONE,,,,0,0,0,0,0,0.0276,158.02,5527,0,uvm_report_server
RUN-002934,irq_storm_test-002934,1806196598,FAIL,fail,FIFO_UNDERRUN,B_DMA_0x31,FIFO_UNDERRUN,32648,3,1,0,0,0,0.0371,28.98,7427,1,uvm_report_server
RUN-002935,backpressure_test-002935,1283452870,PASS,pass,NONE,,,,0,0,0,0,0,0.2097,85.21,41945,0,uvm_report_server
RUN-002936,reg_sweep_test-002936,990383943,FAIL,fail,PREADY_TIMEOUT,B_APB_0x58,PREADY_TIMEOUT,573936,3,1,1,0,0,0.6522,2.68,32608,1,uvm_report_server
RUN-002937,reset_recovery_test-002937,257572320,PASS,pass,NONE,,,,0,1,0,0,0,0.2371,15.77,11855,0,uvm_report_server
RUN-002938,reset_recovery_test-002938,2127067065,PASS,pass,NONE,,,,0,1,0,0,0,0.4048,4.94,10120,0,uvm_report_server
RUN-002939,reset_recovery_test-002939,919082262,PASS,pass,NONE,,,,0,1,0,0,0,0.1247,7.47,12467,0,uvm_report_server
RUN-002940,irq_storm_test-002940,1975855716,FAIL,fail,FRAMING_ERROR,B_UART_0x24,FRAMING_ERROR,170896,3,0,0,0,1,0.1942,5.01,19424,1,uvm_report_server
RUN-002941,dma_burst_test-002941,1674130471,PASS,pass,NONE,,,,0,1,0,0,0,0.3345,26.46,16724,0,uvm_report_server
RUN-002942,uart_loopback_test-002942,2088004320,PASS,pass,NONE,,,,0,0,0,0,0,0.1131,65.72,11308,0,uvm_report_server
RUN-002943,reg_sweep_test-002943,1990582995,FAIL,fail,PSLVERR_TIMEOUT,B_APB_0x55,PSLVERR_TIMEOUT,1077120,2,1,1,0,0,1.224,0.39,30600,1,uvm_report_server
RUN-002944,uart_loopback_test-002944,209051263,PASS,pass,NONE,,,,0,0,0,0,0,0.472,16.68,23600,0,uvm_report_server
RUN-002945,reg_sweep_test-002945,1290297696,PASS,pass,NONE,,,,0,0,0,0,0,0.1526,50.71,15263,0,uvm_report_server
RUN-002946,irq_storm_test-002946,1374914174,FAIL,fail,IRQ_LOST,B_IRQ_0x45,IRQ_LOST,427152,4,1,0,1,0,0.4854,6.73,24271,1,uvm_report_server
RUN-002947,reset_recovery_test-002947,1420915593,FAIL,fail,PREADY_TIMEOUT,B_APB_0x58,PREADY_TIMEOUT,190520,3,0,1,0,0,0.2165,4.4,10824,1,uvm_report_server
RUN-002948,parity_stress_test-002948,1914395110,PASS,pass,NONE,,,,0,0,0,0,0,0.3262,12.53,8155,0,uvm_report_server
RUN-002949,uart_loopback_test-002949,118756777,PASS,pass,NONE,,,,0,0,0,0,0,1.9359,1.95,48398,0,uvm_report_server
RUN-002950,parity_stress_test-002950,2045222533,PASS,pass,NONE,,,,0,0,0,0,0,0.0812,11.84,4062,0,uvm_report_server
RUN-002951,reg_sweep_test-002951,1751313735,FAIL,fail,BUS_STARVATION,B_ARB_0x12,BUS_STARVATION,113168,2,1,0,0,0,0.1286,19.28,25710,1,uvm_report_server
RUN-002952,dma_burst_test-002952,963443026,PASS,pass,NONE,,,,0,1,0,0,0,0.036,26.57,7205,0,uvm_report_server
RUN-002953,reset_recovery_test-002953,621106506,FAIL,fail,PSLVERR_TIMEOUT,B_APB_0x55,PSLVERR_TIMEOUT,437008,2,0,1,0,0,0.4966,1.5,12414,1,uvm_report_server
RUN-002954,parity_stress_test-002954,621085165,PASS,pass,NONE,,,,0,0,0,0,0,0.1579,47.64,31589,0,uvm_report_server
RUN-002955,irq_storm_test-002955,683842977,PASS,pass,NONE,,,,0,0,0,0,0,0.0978,37.73,9784,0,uvm_report_server
RUN-002956,backpressure_test-002956,2124714950,PASS,pass,NONE,,,,0,0,0,0,0,0.1408,30.1,7039,0,uvm_report_server
RUN-002957,irq_storm_test-002957,247586197,PASS,pass,NONE,,,,0,0,0,0,0,0.2347,16.81,5868,0,uvm_report_server
RUN-002958,dma_burst_test-002958,421018761,FAIL,fail,BUS_STARVATION,B_ARB_0x12,BUS_STARVATION,104720,2,0,0,1,0,0.119,21.35,11904,1,uvm_report_server
RUN-002959,reg_sweep_test-002959,1766303689,PASS,pass,NONE,,,,0,0,0,0,0,1.246,1.57,31150,0,uvm_report_server
RUN-002960,irq_storm_test-002960,1122524929,PASS,pass,NONE,,,,0,0,0,0,0,0.9658,3.83,24143,0,uvm_report_server
RUN-002961,irq_storm_test-002961,356934653,FAIL,fail,IRQ_LOST,B_IRQ_0x45,IRQ_LOST,312752,2,0,0,0,0,0.3554,13.04,8885,1,uvm_report_server
RUN-002962,backpressure_test-002962,1301721234,FAIL,fail,FRAMING_ERROR,B_UART_0x24,FRAMING_ERROR,88352,3,0,0,1,1,0.1004,10.27,10037,1,uvm_report_server
RUN-002963,irq_storm_test-002963,71037463,FAIL,fail,PSLVERR_TIMEOUT,B_APB_0x55,PSLVERR_TIMEOUT,103048,3,1,1,1,0,0.1171,0.92,11712,1,uvm_report_server
RUN-002964,reset_recovery_test-002964,95440085,PASS,pass,NONE,,,,0,1,0,0,0,0.1487,3.32,3717,0,uvm_report_server
RUN-002965,irq_storm_test-002965,639360928,PASS,pass,NONE,,,,0,1,0,0,0,0.0913,42.65,9132,0,uvm_report_server
RUN-002966,reg_sweep_test-002966,333102709,FAIL,fail,BUS_STARVATION,B_ARB_0x12,BUS_STARVATION,64328,2,0,0,1,0,0.0731,28.43,14610,1,uvm_report_server
RUN-002967,irq_storm_test-002967,546639351,PASS,pass,NONE,,,,0,0,0,0,0,0.3835,2.71,9586,0,uvm_report_server
RUN-002968,reset_recovery_test-002968,1114104342,PASS,pass,NONE,,,,0,0,0,0,0,0.7042,5.91,35208,0,uvm_report_server
RUN-002969,reg_sweep_test-002969,1424542498,FAIL,fail,PREADY_TIMEOUT,B_APB_0x58,PREADY_TIMEOUT,1603800,2,0,1,1,0,1.8225,2.95,45563,1,uvm_report_server
RUN-002970,reg_sweep_test-002970,1260042915,PASS,pass,NONE,,,,0,0,0,0,0,0.0457,89.77,9131,0,uvm_report_server
RUN-002971,reg_sweep_test-002971,1595821894,PASS,pass,NONE,,,,0,0,0,0,0,0.0598,8.68,2991,0,uvm_report_server
RUN-002972,irq_storm_test-002972,578657573,FAIL,fail,PSLVERR_TIMEOUT,B_APB_0x55,PSLVERR_TIMEOUT,149160,2,0,1,0,0,0.1695,2.82,33896,1,uvm_report_server
RUN-002973,reg_sweep_test-002973,1158534063,PASS,pass,NONE,,,,0,0,0,0,0,0.0426,12.76,4264,0,uvm_report_server
RUN-002974,backpressure_test-002974,347885015,FAIL,fail,BUS_STARVATION,B_ARB_0x12,BUS_STARVATION,1406416,4,0,0,1,0,1.5982,2.62,39956,1,uvm_report_server
RUN-002975,backpressure_test-002975,1252848998,PASS,pass,NONE,,,,0,1,0,0,0,0.6818,11.28,34087,0,uvm_report_server
RUN-002976,reg_sweep_test-002976,242225591,PASS,pass,NONE,,,,0,0,0,0,0,0.1495,55.73,7477,0,uvm_report_server
RUN-002977,reset_recovery_test-002977,1836542383,FAIL,fail,BUS_STARVATION,B_ARB_0x12,BUS_STARVATION,896280,2,0,0,0,0,1.0185,1.64,50924,1,uvm_report_server
RUN-002978,reset_recovery_test-002978,443291109,PASS,pass,NONE,,,,0,1,0,0,0,0.1687,26.7,8434,0,uvm_report_server
RUN-002979,dma_burst_test-002979,970643163,FAIL,fail,PSLVERR_TIMEOUT,B_APB_0x55,PSLVERR_TIMEOUT,1450240,2,0,1,0,0,1.648,2.88,82401,1,uvm_report_server
RUN-002980,reg_sweep_test-002980,1638312802,PASS,pass,NONE,,,,0,0,0,0,0,0.4848,17.52,12119,0,uvm_report_server
RUN-002981,parity_stress_test-002981,619039153,PASS,pass,NONE,,,,0,0,0,0,0,0.025,163.31,5004,0,uvm_report_server
RUN-002982,reg_sweep_test-002982,1462317593,PASS,pass,NONE,,,,0,1,0,0,0,1.325,3.02,33126,0,uvm_report_server
RUN-002983,reg_sweep_test-002983,1511065952,PASS,pass,NONE,,,,0,0,0,0,0,1.4045,5.63,35112,0,uvm_report_server
RUN-002984,irq_storm_test-002984,586370897,FAIL,fail,FRAMING_ERROR,B_UART_0x24,FRAMING_ERROR,94160,2,0,0,0,1,0.107,13.68,10703,1,uvm_report_server
RUN-002985,parity_stress_test-002985,380749829,FAIL,fail,BUS_STARVATION,B_ARB_0x12,BUS_STARVATION,552200,2,0,0,0,0,0.6275,3.56,15686,1,uvm_report_server
RUN-002986,parity_stress_test-002986,1102647520,PASS,pass,NONE,,,,0,0,0,0,0,0.0465,47.99,4652,0,uvm_report_server
RUN-002987,reg_sweep_test-002987,1185273921,FAIL,fail,FRAMING_ERROR,B_UART_0x24,FRAMING_ERROR,103136,2,0,0,0,1,0.1172,6.57,2930,1,uvm_report_server
RUN-002988,irq_storm_test-002988,769476017,PASS,pass,NONE,,,,0,0,0,0,0,0.0179,58.54,3575,0,uvm_report_server
RUN-002989,reg_sweep_test-002989,1680492026,FAIL,fail,PREADY_TIMEOUT,B_APB_0x58,PREADY_TIMEOUT,641608,1,0,1,0,0,0.7291,0.73,18227,1,uvm_report_server
RUN-002990,dma_burst_test-002990,1614608608,FAIL,fail,IRQ_LOST,B_IRQ_0x45,IRQ_LOST,898128,1,0,0,0,0,1.0206,5.0,51027,1,uvm_report_server
RUN-002991,uart_loopback_test-002991,1405091805,FAIL,fail,BUS_STARVATION,B_ARB_0x12,BUS_STARVATION,652520,4,0,0,1,0,0.7415,4.22,74153,1,uvm_report_server
RUN-002992,reg_sweep_test-002992,1757660381,PASS,pass,NONE,,,,0,0,0,0,0,0.2449,15.27,6123,0,uvm_report_server
RUN-002993,irq_storm_test-002993,573470834,PASS,pass,NONE,,,,0,0,0,0,0,0.0586,16.27,5862,0,uvm_report_server
RUN-002994,reg_sweep_test-002994,762324821,FAIL,fail,BUS_STARVATION,B_ARB_0x12,BUS_STARVATION,148896,3,1,0,0,0,0.1692,31.37,33839,1,uvm_report_server
RUN-002995,reg_sweep_test-002995,1178712269,PASS,pass,NONE,,,,0,0,0,0,0,0.1193,2.28,2981,0,uvm_report_server
RUN-002996,dma_burst_test-002996,343698708,PASS,pass,NONE,,,,0,1,0,0,0,0.0766,53.21,15319,0,uvm_report_server
RUN-002997,irq_storm_test-002997,168445922,PASS,pass,NONE,,,,0,0,0,0,0,0.1191,37.23,11912,0,uvm_report_server
RUN-002998,reg_sweep_test-002998,220886538,PASS,pass,NONE,,,,0,1,0,0,0,0.2018,5.33,5043,0,uvm_report_server
RUN-002999,parity_stress_test-002999,510945057,PASS,pass,NONE,,,,0,0,0,0,0,0.0919,10.2,4595,0,uvm_report_server
RUN-003000,backpressure_test-003000,945287422,FAIL,fail,PREADY_TIMEOUT,B_APB_0x58,PREADY_TIMEOUT,2973608,4,0,1,1,0,3.3791,0.8,84477,1,uvm_report_server
RUN-003001,reg_sweep_test-003001,686030328,PASS,pass,NONE,,,,0,0,0,0,0,0.1174,75.98,23485,0,uvm_report_server
RUN-003002,dma_burst_test-003002,906266051,FAIL,fail,FRAMING_ERROR,B_UART_0x24,FRAMING_ERROR,555984,2,0,0,0,1,0.6318,5.34,31588,1,uvm_report_server
RUN-003003,backpressure_test-003003,932967055,FAIL,fail,BUS_STARVATION,B_ARB_0x12,BUS_STARVATION,1282864,1,0,0,0,0,1.4578,5.08,72889,1,uvm_report_server
RUN-003004,backpressure_test-003004,1477496111,PASS,pass,NONE,,,,0,0,0,0,0,1.2638,12.53,31594,0,uvm_report_server
RUN-003005,parity_stress_test-003005,156775624,PASS,pass,NONE,,,,0,0,0,0,0,0.0908,21.85,9076,0,uvm_report_server
RUN-003006,uart_loopback_test-003006,865654011,PASS,pass,NONE,,,,0,0,0,0,0,0.1033,39.53,10327,0,uvm_report_server
RUN-003007,reg_sweep_test-003007,1943524051,FAIL,fail,FIFO_UNDERRUN,B_DMA_0x31,FIFO_UNDERRUN,43824,3,0,0,0,0,0.0498,13.43,2491,1,uvm_report_server
RUN-003008,backpressure_test-003008,938457843,PASS,pass,NONE,,,,0,0,0,0,0,0.3368,6.1,16841,0,uvm_report_server
RUN-003009,reg_sweep_test-003009,1147061668,PASS,pass,NONE,,,,0,0,0,0,0,0.3023,3.54,15113,0,uvm_report_server
RUN-003010,parity_stress_test-003010,311543324,PASS,pass,NONE,,,,0,0,0,0,0,0.1568,2.99,3919,0,uvm_report_server
RUN-003011,dma_burst_test-003011,1302435583,FAIL,fail,FRAMING_ERROR,B_UART_0x24,FRAMING_ERROR,2380928,2,0,0,0,1,2.7056,1.0,67639,1,uvm_report_server
RUN-003012,uart_loopback_test-003012,1867035085,PASS,pass,NONE,,,,0,0,0,0,0,0.7056,12.71,35278,0,uvm_report_server
RUN-003013,backpressure_test-003013,198472086,PASS,pass,NONE,,,,0,0,0,0,0,0.1684,26.68,33678,0,uvm_report_server
RUN-003014,uart_loopback_test-003014,2009242272,PASS,pass,NONE,,,,0,0,0,0,0,0.657,5.7,65698,0,uvm_report_server
RUN-003015,uart_loopback_test-003015,1333541192,PASS,pass,NONE,,,,0,0,0,0,0,0.1824,21.8,4561,0,uvm_report_server
RUN-003016,reg_sweep_test-003016,666610275,PASS,pass,NONE,,,,0,0,0,0,0,0.1831,1.27,4577,0,uvm_report_server
RUN-003017,reg_sweep_test-003017,1190081255,PASS,pass,NONE,,,,0,0,0,0,0,0.1153,4.53,11532,0,uvm_report_server
RUN-003018,backpressure_test-003018,797464824,PASS,pass,NONE,,,,0,0,0,0,0,0.0639,59.68,12778,0,uvm_report_server
RUN-003019,parity_stress_test-003019,1236046908,PASS,pass,NONE,,,,0,1,0,0,0,0.2531,8.81,12653,0,uvm_report_server
RUN-003020,parity_stress_test-003020,1670406301,PASS,pass,NONE,,,,0,1,0,0,0,0.2075,9.29,10375,0,uvm_report_server
RUN-003021,reset_recovery_test-003021,1180880733,PASS,pass,NONE,,,,0,0,0,0,0,0.3413,2.94,17063,0,uvm_report_server
RUN-003022,parity_stress_test-003022,878933300,FAIL,fail,BUS_STARVATION,B_ARB_0x12,BUS_STARVATION,589424,3,0,0,0,0,0.6698,0.41,16745,1,uvm_report_server
RUN-003023,reg_sweep_test-003023,1977162669,FAIL,fail,IRQ_LOST,B_IRQ_0x45,IRQ_LOST,143264,3,0,0,1,0,0.1628,31.54,8139,1,uvm_report_server
RUN-003024,uart_loopback_test-003024,1071165925,PASS,pass,NONE,,,,0,0,0,0,0,0.3427,24.67,17134,0,uvm_report_server
RUN-003025,reset_recovery_test-003025,1530054408,PASS,pass,NONE,,,,0,1,0,0,0,0.7064,12.67,35319,0,uvm_report_server
RUN-003026,reg_sweep_test-003026,1905081234,FAIL,fail,FIFO_UNDERRUN,B_DMA_0x31,FIFO_UNDERRUN,86592,1,1,0,0,0,0.0984,3.56,4919,1,uvm_report_server
RUN-003027,dma_burst_test-003027,1727653804,PASS,pass,NONE,,,,0,1,0,0,0,0.3103,24.65,15512,0,uvm_report_server
RUN-003028,irq_storm_test-003028,1546465602,FAIL,fail,FRAMING_ERROR,B_UART_0x24,FRAMING_ERROR,91784,2,1,0,1,1,0.1043,25.57,5213,1,uvm_report_server
RUN-003029,dma_burst_test-003029,524954269,PASS,pass,NONE,,,,0,1,0,0,0,0.0912,21.92,9118,0,uvm_report_server
RUN-003030,dma_burst_test-003030,710735058,PASS,pass,NONE,,,,0,0,0,0,0,0.3397,45.46,16986,0,uvm_report_server
RUN-003031,reset_recovery_test-003031,1974584847,PASS,pass,NONE,,,,0,1,0,0,0,0.0372,14.98,3716,0,uvm_report_server
RUN-003032,parity_stress_test-003032,363541351,FAIL,fail,PREADY_TIMEOUT,B_APB_0x58,PREADY_TIMEOUT,721424,2,0,1,1,0,0.8198,0.82,40988,1,uvm_report_server
RUN-003033,reg_sweep_test-003033,1780116762,PASS,pass,NONE,,,,0,0,0,0,0,0.0136,74.39,2724,0,uvm_report_server
RUN-003034,irq_storm_test-003034,516299514,PASS,pass,NONE,,,,0,1,0,0,0,1.2714,1.63,31784,0,uvm_report_server
RUN-003035,irq_storm_test-003035,187982332,FAIL,fail,METASTABILITY,B_CDC_0x62,METASTABILITY,242264,2,0,0,1,0,0.2753,36.72,27533,1,uvm_report_server
RUN-003036,dma_burst_test-003036,967502169,PASS,pass,NONE,,,,0,0,0,0,0,0.1021,19.91,10210,0,uvm_report_server
RUN-003037,reg_sweep_test-003037,3871018,FAIL,fail,FIFO_UNDERRUN,B_DMA_0x31,FIFO_UNDERRUN,18128,2,0,0,0,0,0.0206,18.58,4122,1,uvm_report_server
RUN-003038,irq_storm_test-003038,1381803144,FAIL,fail,FRAMING_ERROR,B_UART_0x24,FRAMING_ERROR,243408,2,0,0,1,1,0.2766,2.77,6915,1,uvm_report_server
RUN-003039,dma_burst_test-003039,913764886,PASS,pass,NONE,,,,0,0,0,0,0,0.607,7.16,15175,0,uvm_report_server
RUN-003040,reg_sweep_test-003040,1869176539,PASS,pass,NONE,,,,0,0,0,0,0,0.0375,54.96,7491,0,uvm_report_server
RUN-003041,uart_loopback_test-003041,475828714,PASS,pass,NONE,,,,0,0,0,0,0,0.0974,44.47,19479,0,uvm_report_server
RUN-003042,dma_burst_test-003042,386187577,PASS,pass,NONE,,,,0,0,0,0,0,0.0252,38.95,5039,0,uvm_report_server
RUN-003043,irq_storm_test-003043,789890404,FAIL,fail,PREADY_TIMEOUT,B_APB_0x58,PREADY_TIMEOUT,339680,3,0,1,1,0,0.386,13.72,19302,1,uvm_report_server
RUN-003044,irq_storm_test-003044,1933303714,FAIL,fail,METASTABILITY,B_CDC_0x62,METASTABILITY,37576,3,1,0,1,0,0.0427,6.69,4272,1,uvm_report_server
RUN-003045,dma_burst_test-003045,1508119899,PASS,pass,NONE,,,,0,0,0,0,0,0.0334,121.95,6683,0,uvm_report_server
RUN-003046,backpressure_test-003046,1695790903,PASS,pass,NONE,,,,0,1,0,0,0,0.0575,16.16,5753,0,uvm_report_server
RUN-003047,backpressure_test-003047,1319523315,PASS,pass,NONE,,,,0,0,0,0,0,0.2072,42.8,41438,0,uvm_report_server
RUN-003048,irq_storm_test-003048,1358617815,PASS,pass,NONE,,,,0,0,0,0,0,0.1078,38.69,21559,0,uvm_report_server
RUN-003049,dma_burst_test-003049,1587743444,PASS,pass,NONE,,,,0,0,0,0,0,0.0264,42.37,2644,0,uvm_report_server
RUN-003050,reg_sweep_test-003050,663770477,FAIL,fail,BUS_STARVATION,B_ARB_0x12,BUS_STARVATION,301752,1,0,0,0,0,0.3429,0.86,8572,1,uvm_report_server
RUN-003051,reg_sweep_test-003051,662393291,PASS,pass,NONE,,,,0,0,0,0,0,0.253,14.63,12651,0,uvm_report_server
RUN-003052,parity_stress_test-003052,1354804908,PASS,pass,NONE,,,,0,0,0,0,0,0.2853,3.55,7132,0,uvm_report_server
RUN-003053,irq_storm_test-003053,798907745,PASS,pass,NONE,,,,0,1,0,0,0,0.2407,9.16,6018,0,uvm_report_server
RUN-003054,reg_sweep_test-003054,1297621579,PASS,pass,NONE,,,,0,1,0,0,0,0.1533,54.05,15328,0,uvm_report_server
RUN-003055,backpressure_test-003055,151205947,PASS,pass,NONE,,,,0,1,0,0,0,0.0515,37.67,5145,0,uvm_report_server
RUN-003056,dma_burst_test-003056,959984308,PASS,pass,NONE,,,,0,0,0,0,0,0.2158,19.82,43164,0,uvm_report_server
RUN-003057,reg_sweep_test-003057,1219408349,PASS,pass,NONE,,,,0,0,0,0,0,0.3018,14.35,7544,0,uvm_report_server
RUN-003058,reg_sweep_test-003058,41852158,PASS,pass,NONE,,,,0,0,0,0,0,0.1312,4.22,3279,0,uvm_report_server
RUN-003059,dma_burst_test-003059,946494244,PASS,pass,NONE,,,,0,0,0,0,0,0.0271,39.15,5410,0,uvm_report_server
RUN-003060,irq_storm_test-003060,469993252,FAIL,fail,IRQ_LOST,B_IRQ_0x45,IRQ_LOST,174944,3,0,0,1,0,0.1988,0.95,4971,1,uvm_report_server
RUN-003061,parity_stress_test-003061,2054285780,PASS,pass,NONE,,,,0,0,0,0,0,0.0953,47.23,4762,0,uvm_report_server
RUN-003062,reg_sweep_test-003062,982705040,FAIL,fail,PSLVERR_TIMEOUT,B_APB_0x55,PSLVERR_TIMEOUT,2045824,2,0,1,0,0,2.3248,0.8,58119,1,uvm_report_server
RUN-003063,backpressure_test-003063,1871904756,FAIL,fail,PREADY_TIMEOUT,B_APB_0x58,PREADY_TIMEOUT,144408,2,1,1,1,0,0.1641,3.78,16406,1,uvm_report_server
RUN-003064,reg_sweep_test-003064,1406333471,PASS,pass,NONE,,,,0,1,0,0,0,0.1143,72.41,11426,0,uvm_report_server
RUN-003065,dma_burst_test-003065,1350880110,FAIL,fail,FIFO_UNDERRUN,B_DMA_0x31,FIFO_UNDERRUN,58696,1,0,0,0,0,0.0667,8.48,3337,1,uvm_report_server
RUN-003066,reset_recovery_test-003066,117294067,PASS,pass,NONE,,,,0,1,0,0,0,0.0806,47.79,8063,0,uvm_report_server
RUN-003067,reset_recovery_test-003067,846182687,PASS,pass,NONE,,,,0,0,0,0,0,0.3707,2.72,9266,0,uvm_report_server
RUN-003068,dma_burst_test-003068,1738417179,PASS,pass,NONE,,,,0,0,0,0,0,0.0409,107.75,8173,0,uvm_report_server
RUN-003069,parity_stress_test-003069,1488757293,PASS,pass,NONE,,,,0,0,0,0,0,0.3296,11.43,8239,0,uvm_report_server
RUN-003070,backpressure_test-003070,888281930,FAIL,fail,FIFO_UNDERRUN,B_DMA_0x31,FIFO_UNDERRUN,175472,2,0,0,0,0,0.1994,2.13,9970,1,uvm_report_server
RUN-003071,uart_loopback_test-003071,1126508668,PASS,pass,NONE,,,,0,1,0,0,0,0.017,30.19,3395,0,uvm_report_server
RUN-003072,reg_sweep_test-003072,334362254,PASS,pass,NONE,,,,0,0,0,0,0,0.4087,19.52,20434,0,uvm_report_server
RUN-003073,backpressure_test-003073,2071518146,PASS,pass,NONE,,,,0,0,0,0,0,0.3501,11.21,8751,0,uvm_report_server
RUN-003074,reset_recovery_test-003074,1381638355,PASS,pass,NONE,,,,0,0,0,0,0,0.2495,60.81,12475,0,uvm_report_server
RUN-003075,backpressure_test-003075,515774616,FAIL,fail,PSLVERR_TIMEOUT,B_APB_0x55,PSLVERR_TIMEOUT,63360,3,1,1,1,0,0.072,8.55,14405,1,uvm_report_server
RUN-003076,parity_stress_test-003076,2055755220,PASS,pass,NONE,,,,0,0,0,0,0,0.0229,40.4,4583,0,uvm_report_server
RUN-003077,parity_stress_test-003077,652367116,PASS,pass,NONE,,,,0,1,0,0,0,0.3487,2.89,8718,0,uvm_report_server
RUN-003078,backpressure_test-003078,981352844,PASS,pass,NONE,,,,0,0,0,0,0,0.7892,9.8,19730,0,uvm_report_server
RUN-003079,uart_loopback_test-003079,587007560,PASS,pass,NONE,,,,0,0,0,0,0,0.1169,36.87,11688,0,uvm_report_server
RUN-003080,reg_sweep_test-003080,116240288,PASS,pass,NONE,,,,0,1,0,0,0,0.1844,11.73,4610,0,uvm_report_server
RUN-003081,reset_recovery_test-003081,890793315,PASS,pass,NONE,,,,0,0,0,0,0,0.1842,11.73,9210,0,uvm_report_server
RUN-003082,reg_sweep_test-003082,1466998601,PASS,pass,NONE,,,,0,0,0,0,0,0.2498,16.03,24984,0,uvm_report_server
RUN-003083,reg_sweep_test-003083,1947758194,FAIL,fail,FIFO_UNDERRUN,B_DMA_0x31,FIFO_UNDERRUN,57904,3,0,0,0,0,0.0658,9.2,3291,1,uvm_report_server
RUN-003084,uart_loopback_test-003084,1256199800,FAIL,fail,ASSERTION_FAIL,B_ASRT_0x81,ASSERTION_FAIL,63360,3,0,0,0,0,0.072,39.37,7196,1,uvm_report_server
RUN-003085,parity_stress_test-003085,1828690382,FAIL,fail,FRAMING_ERROR,B_UART_0x24,FRAMING_ERROR,22616,2,0,0,1,1,0.0257,27.9,5142,1,uvm_report_server
RUN-003086,dma_burst_test-003086,2080976494,PASS,pass,NONE,,,,0,1,0,0,0,0.2475,33.79,24745,0,uvm_report_server
RUN-003087,reg_sweep_test-003087,722486986,PASS,pass,NONE,,,,0,1,0,0,0,0.0187,53.61,3742,0,uvm_report_server
RUN-003088,irq_storm_test-003088,582840740,PASS,pass,NONE,,,,0,0,0,0,0,0.1432,30.85,7162,0,uvm_report_server
RUN-003089,reg_sweep_test-003089,1972427903,FAIL,fail,PSLVERR_TIMEOUT,B_APB_0x55,PSLVERR_TIMEOUT,1560152,3,0,1,1,0,1.7729,2.08,44321,1,uvm_report_server
RUN-003090,reg_sweep_test-003090,876278557,PASS,pass,NONE,,,,0,0,0,0,0,0.0919,22.55,9191,0,uvm_report_server
RUN-003091,irq_storm_test-003091,300761013,FAIL,fail,FRAMING_ERROR,B_UART_0x24,FRAMING_ERROR,46552,4,0,0,1,1,0.0529,18.12,10580,1,uvm_report_server
RUN-003092,irq_storm_test-003092,946673691,PASS,pass,NONE,,,,0,0,0,0,0,0.0591,33.37,5905,0,uvm_report_server
RUN-003093,reg_sweep_test-003093,1355055957,PASS,pass,NONE,,,,0,0,0,0,0,0.2214,10.03,11070,0,uvm_report_server
RUN-003094,dma_burst_test-003094,2124964514,PASS,pass,NONE,,,,0,0,0,0,0,0.3636,10.89,9089,0,uvm_report_server
RUN-003095,irq_storm_test-003095,475721114,PASS,pass,NONE,,,,0,0,0,0,0,1.8297,8.43,45742,0,uvm_report_server
RUN-003096,reg_sweep_test-003096,1141274555,PASS,pass,NONE,,,,0,0,0,0,0,0.3911,11.18,19557,0,uvm_report_server
RUN-003097,parity_stress_test-003097,273996252,PASS,pass,NONE,,,,0,0,0,0,0,0.1293,14.3,12933,0,uvm_report_server
RUN-003098,uart_loopback_test-003098,2000041239,PASS,pass,NONE,,,,0,1,0,0,0,0.0733,30.74,7325,0,uvm_report_server
RUN-003099,reg_sweep_test-003099,370824662,PASS,pass,NONE,,,,0,0,0,0,0,0.1643,46.7,16430,0,uvm_report_server
RUN-003100,reset_recovery_test-003100,1743009553,FAIL,fail,BUS_STARVATION,B_ARB_0x12,BUS_STARVATION,350064,3,0,0,0,0,0.3978,9.94,39778,1,uvm_report_server
RUN-003101,dma_burst_test-003101,40740869,PASS,pass,NONE,,,,0,0,0,0,0,0.3671,5.71,36707,0,uvm_report_server
RUN-003102,irq_storm_test-003102,936291267,PASS,pass,NONE,,,,0,0,0,0,0,0.2065,1.34,5162,0,uvm_report_server
RUN-003103,parity_stress_test-003103,1828608503,PASS,pass,NONE,,,,0,0,0,0,0,0.1649,25.66,16494,0,uvm_report_server
RUN-003104,uart_loopback_test-003104,863693389,PASS,pass,NONE,,,,0,0,0,0,0,1.7178,4.63,42943,0,uvm_report_server
RUN-003105,uart_loopback_test-003105,1699138632,FAIL,fail,FIFO_UNDERRUN,B_DMA_0x31,FIFO_UNDERRUN,37136,4,0,0,1,0,0.0422,9.75,4218,1,uvm_report_server
RUN-003106,dma_burst_test-003106,1036786417,FAIL,fail,BUS_STARVATION,B_ARB_0x12,BUS_STARVATION,2634544,3,0,0,1,0,2.9938,3.13,74844,1,uvm_report_server
RUN-003107,irq_storm_test-003107,962883361,PASS,pass,NONE,,,,0,0,0,0,0,0.1587,14.02,7935,0,uvm_report_server
RUN-003108,reg_sweep_test-003108,537192680,PASS,pass,NONE,,,,0,1,0,0,0,0.0804,27.18,8039,0,uvm_report_server
RUN-003109,uart_loopback_test-003109,1380816951,PASS,pass,NONE,,,,0,0,0,0,0,0.064,31.41,6404,0,uvm_report_server
RUN-003110,backpressure_test-003110,1046074857,FAIL,fail,BUS_STARVATION,B_ARB_0x12,BUS_STARVATION,209352,3,1,0,0,0,0.2379,19.02,23793,1,uvm_report_server
RUN-003111,dma_burst_test-003111,1077199875,PASS,pass,NONE,,,,0,0,0,0,0,0.1396,3.64,3488,0,uvm_report_server
RUN-003112,dma_burst_test-003112,790819322,PASS,pass,NONE,,,,0,1,0,0,0,0.1072,9.13,10717,0,uvm_report_server
RUN-003113,uart_loopback_test-003113,30594894,PASS,pass,NONE,,,,0,0,0,0,0,0.1199,31.34,5997,0,uvm_report_server
RUN-003114,reg_sweep_test-003114,1344921178,PASS,pass,NONE,,,,0,1,0,0,0,0.0749,58.11,14983,0,uvm_report_server
RUN-003115,reg_sweep_test-003115,668252881,PASS,pass,NONE,,,,0,0,0,0,0,0.145,6.55,7249,0,uvm_report_server
RUN-003116,dma_burst_test-003116,1962586520,FAIL,fail,FRAMING_ERROR,B_UART_0x24,FRAMING_ERROR,36872,4,0,0,1,1,0.0419,17.83,4193,1,uvm_report_server
RUN-003117,irq_storm_test-003117,1314425102,FAIL,fail,IRQ_LOST,B_IRQ_0x45,IRQ_LOST,115456,3,0,0,0,0,0.1312,1.06,6561,1,uvm_report_server
RUN-003118,reg_sweep_test-003118,491997925,FAIL,fail,PSLVERR_TIMEOUT,B_APB_0x55,PSLVERR_TIMEOUT,148984,2,0,1,0,0,0.1693,13.79,33856,1,uvm_report_server
RUN-003119,reset_recovery_test-003119,1584923899,PASS,pass,NONE,,,,0,0,0,0,0,0.196,78.0,39209,0,uvm_report_server
RUN-003120,dma_burst_test-003120,546365509,PASS,pass,NONE,,,,0,0,0,0,0,0.0209,46.75,4177,0,uvm_report_server
RUN-003121,reset_recovery_test-003121,20325221,FAIL,fail,PREADY_TIMEOUT,B_APB_0x58,PREADY_TIMEOUT,220088,1,0,1,0,0,0.2501,9.77,25013,1,uvm_report_server
RUN-003122,dma_burst_test-003122,587897154,FAIL,fail,BUS_STARVATION,B_ARB_0x12,BUS_STARVATION,1347808,1,0,0,0,0,1.5316,1.15,76581,1,uvm_report_server
RUN-003123,parity_stress_test-003123,1929541078,PASS,pass,NONE,,,,0,1,0,0,0,0.4833,4.21,12083,0,uvm_report_server
RUN-003124,uart_loopback_test-003124,1064857445,FAIL,fail,FIFO_UNDERRUN,B_DMA_0x31,FIFO_UNDERRUN,274912,2,1,0,0,0,0.3124,1.4,7810,1,uvm_report_server
RUN-003125,reg_sweep_test-003125,1367815350,PASS,pass,NONE,,,,0,0,0,0,0,0.2626,7.18,6565,0,uvm_report_server
RUN-003126,reg_sweep_test-003126,436532826,PASS,pass,NONE,,,,0,0,0,0,0,0.3959,18.63,19796,0,uvm_report_server
RUN-003127,uart_loopback_test-003127,1771460480,PASS,pass,NONE,,,,0,0,0,0,0,0.0163,120.3,3256,0,uvm_report_server
RUN-003128,reset_recovery_test-003128,24386512,PASS,pass,NONE,,,,0,1,0,0,0,0.1367,54.39,13672,0,uvm_report_server
RUN-003129,dma_burst_test-003129,908874462,FAIL,fail,FRAMING_ERROR,B_UART_0x24,FRAMING_ERROR,482592,4,1,0,1,1,0.5484,3.51,27421,1,uvm_report_server
RUN-003130,backpressure_test-003130,450595699,FAIL,fail,FIFO_UNDERRUN,B_DMA_0x31,FIFO_UNDERRUN,56936,3,0,0,1,0,0.0647,15.46,6469,1,uvm_report_server
RUN-003131,reset_recovery_test-003131,710695054,FAIL,fail,PREADY_TIMEOUT,B_APB_0x58,PREADY_TIMEOUT,94248,2,0,1,1,0,0.1071,19.43,21420,1,uvm_report_server
RUN-003132,reg_sweep_test-003132,1965871718,PASS,pass,NONE,,,,0,1,0,0,0,0.0192,52.29,3838,0,uvm_report_server
RUN-003133,irq_storm_test-003133,673146067,PASS,pass,NONE,,,,0,0,0,0,0,0.7819,11.35,39096,0,uvm_report_server
RUN-003134,uart_loopback_test-003134,1326436195,PASS,pass,NONE,,,,0,0,0,0,0,0.0237,11.88,4730,0,uvm_report_server
RUN-003135,dma_burst_test-003135,1033823554,PASS,pass,NONE,,,,0,0,0,0,0,0.1442,6.97,7208,0,uvm_report_server
RUN-003136,irq_storm_test-003136,1100173668,PASS,pass,NONE,,,,0,0,0,0,0,0.0965,22.73,4824,0,uvm_report_server
RUN-003137,dma_burst_test-003137,660736333,PASS,pass,NONE,,,,0,0,0,0,0,0.2065,2.58,5162,0,uvm_report_server
RUN-003138,reg_sweep_test-003138,270641399,PASS,pass,NONE,,,,0,0,0,0,0,0.2822,60.84,28220,0,uvm_report_server
RUN-003139,backpressure_test-003139,860855949,PASS,pass,NONE,,,,0,1,0,0,0,0.4421,4.25,22107,0,uvm_report_server
RUN-003140,parity_stress_test-003140,1880868186,PASS,pass,NONE,,,,0,0,0,0,0,0.5239,8.06,52390,0,uvm_report_server
RUN-003141,backpressure_test-003141,1091790006,FAIL,fail,BUS_STARVATION,B_ARB_0x12,BUS_STARVATION,233288,2,0,0,1,0,0.2651,4.71,13256,1,uvm_report_server
RUN-003142,reg_sweep_test-003142,2147065894,PASS,pass,NONE,,,,0,0,0,0,0,0.0657,62.97,13132,0,uvm_report_server
RUN-003143,uart_loopback_test-003143,911433968,FAIL,fail,METASTABILITY,B_CDC_0x62,METASTABILITY,439384,4,0,0,1,0,0.4993,1.05,12481,1,uvm_report_server
RUN-003144,reset_recovery_test-003144,1543339449,PASS,pass,NONE,,,,0,0,0,0,0,0.1034,74.23,10335,0,uvm_report_server
RUN-003145,irq_storm_test-003145,760560198,FAIL,fail,BUS_STARVATION,B_ARB_0x12,BUS_STARVATION,236984,1,0,0,0,0,0.2693,7.27,26928,1,uvm_report_server
RUN-003146,irq_storm_test-003146,1832755060,PASS,pass,NONE,,,,0,0,0,0,0,0.2962,3.78,7404,0,uvm_report_server
RUN-003147,dma_burst_test-003147,1292771586,FAIL,fail,PSLVERR_TIMEOUT,B_APB_0x55,PSLVERR_TIMEOUT,427856,2,0,1,0,0,0.4862,5.71,24309,1,uvm_report_server
RUN-003148,uart_loopback_test-003148,1086639879,PASS,pass,NONE,,,,0,0,0,0,0,0.1835,21.77,9176,0,uvm_report_server
RUN-003149,dma_burst_test-003149,765783566,PASS,pass,NONE,,,,0,0,0,0,0,0.0296,36.33,5911,0,uvm_report_server
RUN-003150,irq_storm_test-003150,1412421043,PASS,pass,NONE,,,,0,1,0,0,0,0.0784,7.13,7837,0,uvm_report_server
RUN-003151,irq_storm_test-003151,1569333131,PASS,pass,NONE,,,,0,0,0,0,0,0.0327,14.5,3269,0,uvm_report_server
RUN-003152,irq_storm_test-003152,2060965882,PASS,pass,NONE,,,,0,0,0,0,0,0.2927,28.03,29265,0,uvm_report_server
RUN-003153,backpressure_test-003153,905752331,PASS,pass,NONE,,,,0,1,0,0,0,0.0758,113.1,7583,0,uvm_report_server
RUN-003154,uart_loopback_test-003154,786930473,FAIL,fail,BUS_STARVATION,B_ARB_0x12,BUS_STARVATION,99440,3,0,0,0,0,0.113,5.68,11304,1,uvm_report_server
RUN-003155,backpressure_test-003155,444832679,FAIL,fail,FIFO_UNDERRUN,B_DMA_0x31,FIFO_UNDERRUN,27808,1,0,0,0,0,0.0316,18.54,6319,1,uvm_report_server
RUN-003156,uart_loopback_test-003156,1864320939,FAIL,fail,PREADY_TIMEOUT,B_APB_0x58,PREADY_TIMEOUT,151976,2,0,1,0,0,0.1727,3.9,8633,1,uvm_report_server
RUN-003157,uart_loopback_test-003157,1251512502,PASS,pass,NONE,,,,0,0,0,0,0,0.0329,8.47,3289,0,uvm_report_server
RUN-003158,parity_stress_test-003158,1622437774,PASS,pass,NONE,,,,0,0,0,0,0,0.8284,10.25,20708,0,uvm_report_server
RUN-003159,reg_sweep_test-003159,400318620,FAIL,fail,FIFO_UNDERRUN,B_DMA_0x31,FIFO_UNDERRUN,39952,1,0,0,0,0,0.0454,14.94,4540,1,uvm_report_server
RUN-003160,dma_burst_test-003160,1904207125,PASS,pass,NONE,,,,0,0,0,0,0,0.0645,61.7,6450,0,uvm_report_server
RUN-003161,reg_sweep_test-003161,1502643765,PASS,pass,NONE,,,,0,1,0,0,0,0.1903,20.04,38058,0,uvm_report_server
RUN-003162,dma_burst_test-003162,448730804,PASS,pass,NONE,,,,0,0,0,0,0,0.8702,8.6,43512,0,uvm_report_server
RUN-003163,uart_loopback_test-003163,42270715,PASS,pass,NONE,,,,0,0,0,0,0,0.1697,5.71,4241,0,uvm_report_server
RUN-003164,dma_burst_test-003164,2041735592,FAIL,fail,FIFO_UNDERRUN,B_DMA_0x31,FIFO_UNDERRUN,125048,3,0,0,1,0,0.1421,4.11,7107,1,uvm_report_server
RUN-003165,reset_recovery_test-003165,914926818,FAIL,fail,PSLVERR_TIMEOUT,B_APB_0x55,PSLVERR_TIMEOUT,1500136,2,0,1,0,0,1.7047,1.75,85236,1,uvm_report_server
RUN-003166,dma_burst_test-003166,181378161,FAIL,fail,PSLVERR_TIMEOUT,B_APB_0x55,PSLVERR_TIMEOUT,483648,2,0,1,0,0,0.5496,5.23,54959,1,uvm_report_server
RUN-003167,uart_loopback_test-003167,893835773,PASS,pass,NONE,,,,0,0,0,0,0,0.0767,12.75,7667,0,uvm_report_server
RUN-003168,parity_stress_test-003168,611418698,PASS,pass,NONE,,,,0,1,0,0,0,0.1358,30.25,13581,0,uvm_report_server
RUN-003169,uart_loopback_test-003169,1008046953,PASS,pass,NONE,,,,0,0,0,0,0,0.0475,5.75,4750,0,uvm_report_server
RUN-003170,irq_storm_test-003170,544836220,PASS,pass,NONE,,,,0,0,0,0,0,0.1159,7.95,5796,0,uvm_report_server
RUN-003171,reg_sweep_test-003171,586943456,FAIL,fail,BUS_STARVATION,B_ARB_0x12,BUS_STARVATION,549736,3,0,0,1,0,0.6247,3.06,15617,1,uvm_report_server
RUN-003172,backpressure_test-003172,757518235,PASS,pass,NONE,,,,0,0,0,0,0,0.0564,9.73,5642,0,uvm_report_server
RUN-003173,dma_burst_test-003173,1372833720,FAIL,fail,PSLVERR_TIMEOUT,B_APB_0x55,PSLVERR_TIMEOUT,766040,3,0,1,1,0,0.8705,5.82,43526,1,uvm_report_server
RUN-003174,irq_storm_test-003174,549359674,PASS,pass,NONE,,,,0,0,0,0,0,0.2465,8.46,24652,0,uvm_report_server
RUN-003175,uart_loopback_test-003175,278567915,FAIL,fail,BUS_STARVATION,B_ARB_0x12,BUS_STARVATION,59488,3,1,0,1,0,0.0676,6.14,6757,1,uvm_report_server
RUN-003176,irq_storm_test-003176,1079256244,FAIL,fail,IRQ_LOST,B_IRQ_0x45,IRQ_LOST,204688,1,1,0,0,0,0.2326,0.7,5815,1,uvm_report_server
RUN-003177,reset_recovery_test-003177,935654627,FAIL,fail,PSLVERR_TIMEOUT,B_APB_0x55,PSLVERR_TIMEOUT,413424,2,1,1,0,0,0.4698,1.01,23488,1,uvm_report_server
RUN-003178,reset_recovery_test-003178,1601570883,FAIL,fail,PREADY_TIMEOUT,B_APB_0x58,PREADY_TIMEOUT,615120,2,0,1,1,0,0.699,2.52,17475,1,uvm_report_server
RUN-003179,reg_sweep_test-003179,1879601923,PASS,pass,NONE,,,,0,1,0,0,0,0.2511,15.96,12552,0,uvm_report_server
RUN-003180,reg_sweep_test-003180,1901003383,PASS,pass,NONE,,,,0,1,0,0,0,0.1997,44.96,19968,0,uvm_report_server
RUN-003181,uart_loopback_test-003181,1997051837,PASS,pass,NONE,,,,0,1,0,0,0,0.0806,111.71,8062,0,uvm_report_server
RUN-003182,backpressure_test-003182,224279806,PASS,pass,NONE,,,,0,0,0,0,0,0.0737,13.12,3686,0,uvm_report_server
RUN-003183,reg_sweep_test-003183,895904154,PASS,pass,NONE,,,,0,0,0,0,0,0.0688,57.12,6883,0,uvm_report_server
RUN-003184,reg_sweep_test-003184,684029887,PASS,pass,NONE,,,,0,1,0,0,0,0.0603,30.76,6025,0,uvm_report_server
RUN-003185,uart_loopback_test-003185,1598334912,PASS,pass,NONE,,,,0,0,0,0,0,0.744,5.05,37198,0,uvm_report_server
RUN-003186,reg_sweep_test-003186,1170289576,FAIL,fail,FIFO_UNDERRUN,B_DMA_0x31,FIFO_UNDERRUN,9856,3,0,0,0,0,0.0112,18.74,2240,1,uvm_report_server
RUN-003187,backpressure_test-003187,705474554,FAIL,fail,BUS_STARVATION,B_ARB_0x12,BUS_STARVATION,724768,3,0,0,1,0,0.8236,6.85,41179,1,uvm_report_server
RUN-003188,dma_burst_test-003188,2021635438,PASS,pass,NONE,,,,0,1,0,0,0,0.1875,39.49,18746,0,uvm_report_server
RUN-003189,irq_storm_test-003189,1237190545,PASS,pass,NONE,,,,0,1,0,0,0,0.5487,32.24,54868,0,uvm_report_server
RUN-003190,backpressure_test-003190,1835675507,PASS,pass,NONE,,,,0,1,0,0,0,0.0284,37.37,5686,0,uvm_report_server
RUN-003191,reg_sweep_test-003191,922585246,PASS,pass,NONE,,,,0,0,0,0,0,0.078,51.08,15599,0,uvm_report_server
RUN-003192,dma_burst_test-003192,1806766432,PASS,pass,NONE,,,,0,0,0,0,0,0.0892,2.59,4461,0,uvm_report_server
RUN-003193,uart_loopback_test-003193,955827096,FAIL,fail,BUS_STARVATION,B_ARB_0x12,BUS_STARVATION,794640,4,0,0,1,0,0.903,2.52,45149,1,uvm_report_server
RUN-003194,dma_burst_test-003194,1176633795,PASS,pass,NONE,,,,0,0,0,0,0,0.0324,14.23,3240,0,uvm_report_server
RUN-003195,reg_sweep_test-003195,1532652416,PASS,pass,NONE,,,,0,0,0,0,0,0.1101,38.42,11012,0,uvm_report_server
RUN-003196,backpressure_test-003196,760535617,FAIL,fail,FRAMING_ERROR,B_UART_0x24,FRAMING_ERROR,261096,1,0,0,0,1,0.2967,4.74,29674,1,uvm_report_server
RUN-003197,dma_burst_test-003197,2059364018,PASS,pass,NONE,,,,0,0,0,0,0,0.0542,77.29,10845,0,uvm_report_server
RUN-003198,uart_loopback_test-003198,1355725769,PASS,pass,NONE,,,,0,1,0,0,0,0.5915,14.14,14788,0,uvm_report_server
RUN-003199,irq_storm_test-003199,64747552,PASS,pass,NONE,,,,0,0,0,0,0,0.3162,12.07,7903,0,uvm_report_server
RUN-003200,irq_storm_test-003200,566423087,PASS,pass,NONE,,,,0,0,0,0,0,0.1382,7.79,13821,0,uvm_report_server
RUN-003201,uart_loopback_test-003201,1638104751,FAIL,fail,BUS_STARVATION,B_ARB_0x12,BUS_STARVATION,904640,2,0,0,1,0,1.028,5.27,102795,1,uvm_report_server
RUN-003202,parity_stress_test-003202,1977961310,FAIL,fail,BUS_STARVATION,B_ARB_0x12,BUS_STARVATION,96184,2,1,0,0,0,0.1093,11.0,10933,1,uvm_report_server
RUN-003203,uart_loopback_test-003203,65492684,PASS,pass,NONE,,,,0,0,0,0,0,0.4909,35.47,49092,0,uvm_report_server
RUN-003204,parity_stress_test-003204,228686613,FAIL,fail,PSLVERR_TIMEOUT,B_APB_0x55,PSLVERR_TIMEOUT,227216,2,1,1,0,0,0.2582,8.61,51645,1,uvm_report_server
RUN-003205,backpressure_test-003205,1076009723,PASS,pass,NONE,,,,0,0,0,0,0,0.4095,19.02,20474,0,uvm_report_server
RUN-003206,dma_burst_test-003206,1726012556,FAIL,fail,FIFO_UNDERRUN,B_DMA_0x31,FIFO_UNDERRUN,50864,4,0,0,1,0,0.0578,10.84,5776,1,uvm_report_server
RUN-003207,reset_recovery_test-003207,1602387310,FAIL,fail,PREADY_TIMEOUT,B_APB_0x58,PREADY_TIMEOUT,177672,1,0,1,0,0,0.2019,4.4,40381,1,uvm_report_server
RUN-003208,reg_sweep_test-003208,898019258,FAIL,fail,FRAMING_ERROR,B_UART_0x24,FRAMING_ERROR,597344,4,1,0,1,1,0.6788,6.36,33938,1,uvm_report_server
RUN-003209,dma_burst_test-003209,1072275700,PASS,pass,NONE,,,,0,1,0,0,0,0.6006,6.96,15015,0,uvm_report_server
RUN-003210,dma_burst_test-003210,1171737315,PASS,pass,NONE,,,,0,0,0,0,0,1.117,3.56,27925,0,uvm_report_server
RUN-003211,reset_recovery_test-003211,1315672408,PASS,pass,NONE,,,,0,0,0,0,0,0.2386,4.16,5965,0,uvm_report_server
RUN-003212,reset_recovery_test-003212,886749158,PASS,pass,NONE,,,,0,0,0,0,0,0.1539,7.14,7697,0,uvm_report_server
RUN-003213,reg_sweep_test-003213,768773447,PASS,pass,NONE,,,,0,1,0,0,0,0.0933,43.59,18653,0,uvm_report_server
RUN-003214,parity_stress_test-003214,98913824,FAIL,fail,PSLVERR_TIMEOUT,B_APB_0x55,PSLVERR_TIMEOUT,1074568,3,0,1,1,0,1.2211,2.01,122111,1,uvm_report_server
RUN-003215,reset_recovery_test-003215,606334787,FAIL,fail,METASTABILITY,B_CDC_0x62,METASTABILITY,152768,3,0,0,1,0,0.1736,0.97,4340,1,uvm_report_server
RUN-003216,dma_burst_test-003216,177996042,PASS,pass,NONE,,,,0,1,0,0,0,0.9223,17.39,23056,0,uvm_report_server
RUN-003217,parity_stress_test-003217,1945512594,PASS,pass,NONE,,,,0,0,0,0,0,0.0502,20.39,5022,0,uvm_report_server
RUN-003218,dma_burst_test-003218,1381791547,FAIL,fail,BUS_STARVATION,B_ARB_0x12,BUS_STARVATION,508200,2,0,0,1,0,0.5775,1.91,14437,1,uvm_report_server
RUN-003219,reset_recovery_test-003219,2013490862,FAIL,fail,PSLVERR_TIMEOUT,B_APB_0x55,PSLVERR_TIMEOUT,310200,2,0,1,0,0,0.3525,5.88,70503,1,uvm_report_server
RUN-003220,backpressure_test-003220,1790363995,PASS,pass,NONE,,,,0,0,0,0,0,0.0835,52.68,4175,0,uvm_report_server
RUN-003221,backpressure_test-003221,1919923629,PASS,pass,NONE,,,,0,1,0,0,0,0.0139,18.56,2771,0,uvm_report_server
RUN-003222,irq_storm_test-003222,1334481633,PASS,pass,NONE,,,,0,0,0,0,0,0.089,10.96,8897,0,uvm_report_server
RUN-003223,reset_recovery_test-003223,776113146,PASS,pass,NONE,,,,0,0,0,0,0,0.4528,38.75,22640,0,uvm_report_server
RUN-003224,uart_loopback_test-003224,1027734056,PASS,pass,NONE,,,,0,0,0,0,0,0.0809,53.94,8094,0,uvm_report_server
RUN-003225,reg_sweep_test-003225,557692983,PASS,pass,NONE,,,,0,0,0,0,0,0.0269,37.45,2691,0,uvm_report_server
RUN-003226,uart_loopback_test-003226,1652613694,FAIL,fail,FRAMING_ERROR,B_UART_0x24,FRAMING_ERROR,353056,2,0,0,0,1,0.4012,7.61,10030,1,uvm_report_server
RUN-003227,dma_burst_test-003227,1055712561,PASS,pass,NONE,,,,0,0,0,0,0,0.0895,21.88,8946,0,uvm_report_server
RUN-003228,reg_sweep_test-003228,2129141212,PASS,pass,NONE,,,,0,0,0,0,0,0.1619,13.21,4048,0,uvm_report_server
RUN-003229,reset_recovery_test-003229,197858501,PASS,pass,NONE,,,,0,0,0,0,0,0.1941,10.02,9705,0,uvm_report_server
RUN-003230,irq_storm_test-003230,1119811228,PASS,pass,NONE,,,,0,0,0,0,0,0.0682,29.06,13634,0,uvm_report_server
RUN-003231,uart_loopback_test-003231,1712626614,FAIL,fail,FIFO_UNDERRUN,B_DMA_0x31,FIFO_UNDERRUN,67936,4,1,0,1,0,0.0772,6.6,3858,1,uvm_report_server
RUN-003232,parity_stress_test-003232,772990291,FAIL,fail,FIFO_UNDERRUN,B_DMA_0x31,FIFO_UNDERRUN,143440,2,0,0,0,0,0.163,8.52,4075,1,uvm_report_server
RUN-003233,reset_recovery_test-003233,728718793,PASS,pass,NONE,,,,0,0,0,0,0,0.0371,14.8,3709,0,uvm_report_server
RUN-003234,dma_burst_test-003234,385263268,PASS,pass,NONE,,,,0,0,0,0,0,0.5489,14.68,27445,0,uvm_report_server
RUN-003235,reset_recovery_test-003235,483694079,FAIL,fail,FIFO_UNDERRUN,B_DMA_0x31,FIFO_UNDERRUN,122056,3,0,0,1,0,0.1387,1.69,6933,1,uvm_report_server
RUN-003236,uart_loopback_test-003236,1211462819,FAIL,fail,FIFO_UNDERRUN,B_DMA_0x31,FIFO_UNDERRUN,34496,2,0,0,0,0,0.0392,8.42,7839,1,uvm_report_server
RUN-003237,backpressure_test-003237,568044709,PASS,pass,NONE,,,,0,0,0,0,0,0.1768,24.71,17675,0,uvm_report_server
RUN-003238,parity_stress_test-003238,325860855,PASS,pass,NONE,,,,0,1,0,0,0,0.0575,75.7,11491,0,uvm_report_server
RUN-003239,parity_stress_test-003239,1869783068,FAIL,fail,BUS_STARVATION,B_ARB_0x12,BUS_STARVATION,179520,2,0,0,1,0,0.204,6.84,20397,1,uvm_report_server
RUN-003240,reg_sweep_test-003240,384412752,PASS,pass,NONE,,,,0,0,0,0,0,0.377,20.57,18851,0,uvm_report_server
RUN-003241,irq_storm_test-003241,828907090,PASS,pass,NONE,,,,0,0,0,0,0,0.5651,14.9,56510,0,uvm_report_server
RUN-003242,backpressure_test-003242,457606268,PASS,pass,NONE,,,,0,0,0,0,0,0.0612,71.24,12236,0,uvm_report_server
RUN-003243,reg_sweep_test-003243,1027586052,PASS,pass,NONE,,,,0,1,0,0,0,0.2382,18.06,11910,0,uvm_report_server
RUN-003244,irq_storm_test-003244,1178603861,PASS,pass,NONE,,,,0,0,0,0,0,0.2387,17.34,11933,0,uvm_report_server
RUN-003245,reg_sweep_test-003245,25101332,PASS,pass,NONE,,,,0,0,0,0,0,0.1836,11.64,18364,0,uvm_report_server
RUN-003246,reset_recovery_test-003246,1011982962,PASS,pass,NONE,,,,0,0,0,0,0,0.1453,27.22,7262,0,uvm_report_server
RUN-003247,parity_stress_test-003247,2106723206,FAIL,fail,BUS_STARVATION,B_ARB_0x12,BUS_STARVATION,224840,3,0,0,1,0,0.2555,8.18,25546,1,uvm_report_server
RUN-003248,uart_loopback_test-003248,1349117743,PASS,pass,NONE,,,,0,0,0,0,0,0.1037,82.58,10372,0,uvm_report_server
RUN-003249,backpressure_test-003249,940321382,PASS,pass,NONE,,,,0,0,0,0,0,2.4238,6.42,60594,0,uvm_report_server
RUN-003250,backpressure_test-003250,2016109503,PASS,pass,NONE,,,,0,0,0,0,0,0.0802,3.17,4010,0,uvm_report_server
RUN-003251,reg_sweep_test-003251,845685546,FAIL,fail,FIFO_UNDERRUN,B_DMA_0x31,FIFO_UNDERRUN,181280,2,0,0,1,0,0.206,4.59,5151,1,uvm_report_server
RUN-003252,reset_recovery_test-003252,764290538,PASS,pass,NONE,,,,0,0,0,0,0,0.993,15.48,49651,0,uvm_report_server
RUN-003253,parity_stress_test-003253,678728255,PASS,pass,NONE,,,,0,1,0,0,0,0.4281,19.68,21402,0,uvm_report_server
RUN-003254,dma_burst_test-003254,1878982673,PASS,pass,NONE,,,,0,0,0,0,0,0.3049,7.32,15246,0,uvm_report_server
RUN-003255,reg_sweep_test-003255,165507677,PASS,pass,NONE,,,,0,0,0,0,0,0.7753,5.74,38767,0,uvm_report_server
RUN-003256,parity_stress_test-003256,156262309,FAIL,fail,PREADY_TIMEOUT,B_APB_0x58,PREADY_TIMEOUT,336424,2,0,1,0,0,0.3823,2.47,19113,1,uvm_report_server
RUN-003257,backpressure_test-003257,28905667,PASS,pass,NONE,,,,0,0,0,0,0,0.0564,34.99,11272,0,uvm_report_server
RUN-003258,irq_storm_test-003258,713707184,PASS,pass,NONE,,,,0,0,0,0,0,0.3185,12.52,15926,0,uvm_report_server
RUN-003259,backpressure_test-003259,976451754,PASS,pass,NONE,,,,0,1,0,0,0,0.0909,12.01,4546,0,uvm_report_server
RUN-003260,reg_sweep_test-003260,1133584074,PASS,pass,NONE,,,,0,1,0,0,0,0.0449,44.33,8970,0,uvm_report_server
RUN-003261,backpressure_test-003261,1932042669,FAIL,fail,PSLVERR_TIMEOUT,B_APB_0x55,PSLVERR_TIMEOUT,2860000,2,0,1,0,0,3.25,1.3,81248,1,uvm_report_server
RUN-003262,reg_sweep_test-003262,972322609,FAIL,fail,BUS_STARVATION,B_ARB_0x12,BUS_STARVATION,856944,3,0,0,0,0,0.9738,5.46,48691,1,uvm_report_server
RUN-003263,reg_sweep_test-003263,997102045,PASS,pass,NONE,,,,0,0,0,0,0,0.0331,60.27,6615,0,uvm_report_server
RUN-003264,dma_burst_test-003264,1819463456,FAIL,fail,IRQ_LOST,B_IRQ_0x45,IRQ_LOST,166496,2,0,0,1,0,0.1892,12.78,9458,1,uvm_report_server
RUN-003265,dma_burst_test-003265,315422574,PASS,pass,NONE,,,,0,0,0,0,0,0.2459,31.52,24589,0,uvm_report_server
RUN-003266,reg_sweep_test-003266,714959347,FAIL,fail,PREADY_TIMEOUT,B_APB_0x58,PREADY_TIMEOUT,248864,3,0,1,1,0,0.2828,13.42,28281,1,uvm_report_server
RUN-003267,dma_burst_test-003267,823932663,FAIL,fail,FIFO_UNDERRUN,B_DMA_0x31,FIFO_UNDERRUN,120648,2,0,0,0,0,0.1371,4.62,3428,1,uvm_report_server
RUN-003268,backpressure_test-003268,2027292399,PASS,pass,NONE,,,,0,0,0,0,0,0.58,14.43,28997,0,uvm_report_server
RUN-003269,backpressure_test-003269,753089620,FAIL,fail,BUS_STARVATION,B_ARB_0x12,BUS_STARVATION,89320,3,0,0,0,0,0.1015,10.52,10154,1,uvm_report_server
RUN-003270,dma_burst_test-003270,1717227001,FAIL,fail,FIFO_UNDERRUN,B_DMA_0x31,FIFO_UNDERRUN,88352,2,1,0,0,0,0.1004,1.42,10044,1,uvm_report_server
RUN-003271,reg_sweep_test-003271,1256690200,FAIL,fail,BUS_STARVATION,B_ARB_0x12,BUS_STARVATION,162096,3,1,0,0,0,0.1842,3.1,9212,1,uvm_report_server
RUN-003272,irq_storm_test-003272,1665269138,FAIL,fail,PSLVERR_TIMEOUT,B_APB_0x55,PSLVERR_TIMEOUT,772552,3,1,1,1,0,0.8779,1.54,43895,1,uvm_report_server
RUN-003273,reg_sweep_test-003273,351985332,PASS,pass,NONE,,,,0,1,0,0,0,0.4098,4.87,10244,0,uvm_report_server
RUN-003274,irq_storm_test-003274,122188301,FAIL,fail,PREADY_TIMEOUT,B_APB_0x58,PREADY_TIMEOUT,225368,2,1,1,0,0,0.2561,8.64,25606,1,uvm_report_server
RUN-003275,irq_storm_test-003275,221928485,PASS,pass,NONE,,,,0,1,0,0,0,0.0185,52.05,3698,0,uvm_report_server
RUN-003276,irq_storm_test-003276,242170480,FAIL,fail,BUS_STARVATION,B_ARB_0x12,BUS_STARVATION,61336,2,1,0,0,0,0.0697,33.05,13943,1,uvm_report_server
RUN-003277,dma_burst_test-003277,523929005,PASS,pass,NONE,,,,0,0,0,0,0,0.0607,17.65,6069,0,uvm_report_server
RUN-003278,dma_burst_test-003278,1540275565,PASS,pass,NONE,,,,0,0,0,0,0,0.0835,52.47,8346,0,uvm_report_server
RUN-003279,irq_storm_test-003279,1981226359,PASS,pass,NONE,,,,0,1,0,0,0,0.9161,9.54,22902,0,uvm_report_server
RUN-003280,backpressure_test-003280,1944280142,PASS,pass,NONE,,,,0,1,0,0,0,0.2261,9.34,11305,0,uvm_report_server
RUN-003281,reg_sweep_test-003281,759780438,FAIL,fail,FIFO_UNDERRUN,B_DMA_0x31,FIFO_UNDERRUN,19184,3,0,0,0,0,0.0218,6.66,4369,1,uvm_report_server
RUN-003282,dma_burst_test-003282,901277388,FAIL,fail,REG_MISMATCH,B_REG_0x70,REG_MISMATCH,75152,2,0,0,0,1,0.0854,117.25,17078,1,uvm_report_server
RUN-003283,irq_storm_test-003283,1048750367,PASS,pass,NONE,,,,0,0,0,0,0,0.0997,43.36,9972,0,uvm_report_server
RUN-003284,irq_storm_test-003284,2124719116,PASS,pass,NONE,,,,0,0,0,0,0,0.1835,11.82,9173,0,uvm_report_server
RUN-003285,dma_burst_test-003285,323074304,PASS,pass,NONE,,,,0,0,0,0,0,0.0804,24.52,16087,0,uvm_report_server
RUN-003286,irq_storm_test-003286,1354184031,PASS,pass,NONE,,,,0,1,0,0,0,0.3571,2.85,17854,0,uvm_report_server
RUN-003287,reg_sweep_test-003287,1859128065,PASS,pass,NONE,,,,0,0,0,0,0,0.0445,11.47,8896,0,uvm_report_server
RUN-003288,reg_sweep_test-003288,2139968330,PASS,pass,NONE,,,,0,0,0,0,0,0.036,26.47,7190,0,uvm_report_server
RUN-003289,irq_storm_test-003289,771135886,PASS,pass,NONE,,,,0,0,0,0,0,0.0384,110.73,7683,0,uvm_report_server
RUN-003290,reg_sweep_test-003290,202376485,FAIL,fail,IRQ_LOST,B_IRQ_0x45,IRQ_LOST,410696,2,0,0,0,0,0.4667,0.68,11666,1,uvm_report_server
RUN-003291,irq_storm_test-003291,719324540,PASS,pass,NONE,,,,0,0,0,0,0,0.1034,10.01,5169,0,uvm_report_server
RUN-003292,reset_recovery_test-003292,968133287,PASS,pass,NONE,,,,0,0,0,0,0,0.0746,50.3,14919,0,uvm_report_server
RUN-003293,uart_loopback_test-003293,565896819,PASS,pass,NONE,,,,0,1,0,0,0,0.026,164.5,5209,0,uvm_report_server
RUN-003294,uart_loopback_test-003294,1044788679,PASS,pass,NONE,,,,0,0,0,0,0,0.0787,23.97,15748,0,uvm_report_server
RUN-003295,reg_sweep_test-003295,1550825253,PASS,pass,NONE,,,,0,0,0,0,0,0.0813,26.72,16260,0,uvm_report_server
RUN-003296,dma_burst_test-003296,230955306,PASS,pass,NONE,,,,0,0,0,0,0,0.1921,10.41,4802,0,uvm_report_server
RUN-003297,reset_recovery_test-003297,755609482,PASS,pass,NONE,,,,0,0,0,0,0,0.688,12.74,17200,0,uvm_report_server
RUN-003298,dma_burst_test-003298,63490241,FAIL,fail,PSLVERR_TIMEOUT,B_APB_0x55,PSLVERR_TIMEOUT,613272,2,0,1,0,0,0.6969,1.39,69690,1,uvm_report_server
RUN-003299,reg_sweep_test-003299,1954983939,PASS,pass,NONE,,,,0,1,0,0,0,0.2207,18.71,22065,0,uvm_report_server
RUN-003300,parity_stress_test-003300,385465096,PASS,pass,NONE,,,,0,1,0,0,0,1.4121,12.09,35302,0,uvm_report_server
RUN-003301,backpressure_test-003301,2009245768,PASS,pass,NONE,,,,0,0,0,0,0,0.3077,23.97,30772,0,uvm_report_server
RUN-003302,reg_sweep_test-003302,1071681382,FAIL,fail,FRAMING_ERROR,B_UART_0x24,FRAMING_ERROR,19184,1,0,0,0,1,0.0218,35.14,4359,1,uvm_report_server
RUN-003303,reset_recovery_test-003303,189928045,PASS,pass,NONE,,,,0,0,0,0,0,0.687,3.25,17175,0,uvm_report_server
RUN-003304,dma_burst_test-003304,840986852,PASS,pass,NONE,,,,0,0,0,0,0,0.6472,23.31,64721,0,uvm_report_server
RUN-003305,parity_stress_test-003305,1123732873,PASS,pass,NONE,,,,0,0,0,0,0,0.1538,3.41,7690,0,uvm_report_server
RUN-003306,irq_storm_test-003306,1683910469,PASS,pass,NONE,,,,0,1,0,0,0,0.3041,7.32,7601,0,uvm_report_server
RUN-003307,backpressure_test-003307,1456326983,FAIL,fail,FRAMING_ERROR,B_UART_0x24,FRAMING_ERROR,89496,3,0,0,0,1,0.1017,9.76,20331,1,uvm_report_server
RUN-003308,backpressure_test-003308,1377363340,PASS,pass,NONE,,,,0,0,0,0,0,0.1908,39.86,38164,0,uvm_report_server
RUN-003309,uart_loopback_test-003309,1721552368,PASS,pass,NONE,,,,0,0,0,0,0,0.1909,89.26,38173,0,uvm_report_server
RUN-003310,backpressure_test-003310,698406121,PASS,pass,NONE,,,,0,0,0,0,0,0.1748,43.51,17480,0,uvm_report_server
RUN-003311,uart_loopback_test-003311,1915430334,FAIL,fail,BUS_STARVATION,B_ARB_0x12,BUS_STARVATION,170720,2,0,0,0,0,0.194,2.11,19396,1,uvm_report_server
RUN-003312,reg_sweep_test-003312,1749028847,PASS,pass,NONE,,,,0,0,0,0,0,0.1359,60.5,13587,0,uvm_report_server
RUN-003313,backpressure_test-003313,547660689,FAIL,fail,BUS_STARVATION,B_ARB_0x12,BUS_STARVATION,313368,1,0,0,0,0,0.3561,3.6,17806,1,uvm_report_server
RUN-003314,parity_stress_test-003314,157790243,FAIL,fail,FRAMING_ERROR,B_UART_0x24,FRAMING_ERROR,235136,4,0,0,1,1,0.2672,6.63,13359,1,uvm_report_server
RUN-003315,uart_loopback_test-003315,1421843721,PASS,pass,NONE,,,,0,0,0,0,0,0.0848,21.95,4242,0,uvm_report_server
RUN-003316,reg_sweep_test-003316,179613982,FAIL,fail,PSLVERR_TIMEOUT,B_APB_0x55,PSLVERR_TIMEOUT,231704,2,0,1,0,0,0.2633,1.37,26332,1,uvm_report_server
RUN-003317,reset_recovery_test-003317,438080598,PASS,pass,NONE,,,,0,0,0,0,0,0.4154,41.31,20768,0,uvm_report_server
RUN-003318,reset_recovery_test-003318,340698801,PASS,pass,NONE,,,,0,1,0,0,0,0.3548,12.24,70959,0,uvm_report_server
RUN-003319,parity_stress_test-003319,1258395980,PASS,pass,NONE,,,,0,1,0,0,0,0.1,11.14,5000,0,uvm_report_server
RUN-003320,irq_storm_test-003320,1234394761,FAIL,fail,FIFO_UNDERRUN,B_DMA_0x31,FIFO_UNDERRUN,107184,3,0,0,1,0,0.1218,2.7,6088,1,uvm_report_server
RUN-003321,reg_sweep_test-003321,868551105,PASS,pass,NONE,,,,0,0,0,0,0,0.0489,39.5,4891,0,uvm_report_server
RUN-003322,dma_burst_test-003322,1500157759,PASS,pass,NONE,,,,0,1,0,0,0,0.3424,12.3,17120,0,uvm_report_server
RUN-003323,irq_storm_test-003323,1256443893,PASS,pass,NONE,,,,0,0,0,0,0,0.083,201.67,16599,0,uvm_report_server
RUN-003324,irq_storm_test-003324,1417019594,FAIL,fail,IRQ_LOST,B_IRQ_0x45,IRQ_LOST,355608,3,0,0,1,0,0.4041,13.83,20206,1,uvm_report_server
RUN-003325,parity_stress_test-003325,1478804972,FAIL,fail,BUS_STARVATION,B_ARB_0x12,BUS_STARVATION,1508144,1,0,0,0,0,1.7138,1.01,42843,1,uvm_report_server
RUN-003326,uart_loopback_test-003326,616150646,FAIL,fail,PSLVERR_TIMEOUT,B_APB_0x55,PSLVERR_TIMEOUT,836616,3,0,1,1,0,0.9507,2.48,95065,1,uvm_report_server
RUN-003327,irq_storm_test-003327,2094226948,PASS,pass,NONE,,,,0,0,0,0,0,0.0274,35.62,5489,0,uvm_report_server
RUN-003328,uart_loopback_test-003328,1000523979,FAIL,fail,FIFO_UNDERRUN,B_DMA_0x31,FIFO_UNDERRUN,126280,3,1,0,0,0,0.1435,3.03,3586,1,uvm_report_server
RUN-003329,uart_loopback_test-003329,2020691833,PASS,pass,NONE,,,,0,1,0,0,0,0.0692,61.8,6924,0,uvm_report_server
RUN-003330,backpressure_test-003330,1069433388,PASS,pass,NONE,,,,0,0,0,0,0,0.0167,62.94,3345,0,uvm_report_server
RUN-003331,backpressure_test-003331,1978744506,FAIL,fail,FRAMING_ERROR,B_UART_0x24,FRAMING_ERROR,145288,3,1,0,0,1,0.1651,2.88,8257,1,uvm_report_server
RUN-003332,uart_loopback_test-003332,2047601569,PASS,pass,NONE,,,,0,0,0,0,0,0.0326,63.45,6523,0,uvm_report_server
RUN-003333,reg_sweep_test-003333,1263846433,PASS,pass,NONE,,,,0,1,0,0,0,0.1704,12.86,17040,0,uvm_report_server
RUN-003334,reg_sweep_test-003334,1442278654,PASS,pass,NONE,,,,0,1,0,0,0,0.0377,108.06,7539,0,uvm_report_server
RUN-003335,dma_burst_test-003335,1906313375,FAIL,fail,FRAMING_ERROR,B_UART_0x24,FRAMING_ERROR,811712,2,0,0,1,1,0.9224,1.31,46120,1,uvm_report_server
RUN-003336,uart_loopback_test-003336,97405954,PASS,pass,NONE,,,,0,0,0,0,0,0.1263,4.26,6313,0,uvm_report_server
RUN-003337,backpressure_test-003337,942282858,PASS,pass,NONE,,,,0,0,0,0,0,0.1184,8.22,5918,0,uvm_report_server
RUN-003338,backpressure_test-003338,155647272,PASS,pass,NONE,,,,0,0,0,0,0,0.0676,14.71,6757,0,uvm_report_server
RUN-003339,dma_burst_test-003339,296385706,PASS,pass,NONE,,,,0,0,0,0,0,0.2059,39.82,20591,0,uvm_report_server
RUN-003340,dma_burst_test-003340,1000524745,PASS,pass,NONE,,,,0,0,0,0,0,0.5223,7.25,26113,0,uvm_report_server
RUN-003341,backpressure_test-003341,1616069046,FAIL,fail,BUS_STARVATION,B_ARB_0x12,BUS_STARVATION,2064920,1,0,0,0,0,2.3465,3.83,58662,1,uvm_report_server
RUN-003342,backpressure_test-003342,99754644,PASS,pass,NONE,,,,0,1,0,0,0,0.1169,16.57,5847,0,uvm_report_server
RUN-003343,backpressure_test-003343,83452741,FAIL,fail,PSLVERR_TIMEOUT,B_APB_0x55,PSLVERR_TIMEOUT,506088,2,1,1,0,0,0.5751,0.82,28756,1,uvm_report_server
RUN-003344,backpressure_test-003344,1785737959,PASS,pass,NONE,,,,0,0,0,0,0,0.0742,12.82,3707,0,uvm_report_server
RUN-003345,reset_recovery_test-003345,584573587,PASS,pass,NONE,,,,0,1,0,0,0,0.0591,15.87,2952,0,uvm_report_server
RUN-003346,reg_sweep_test-003346,1392766722,PASS,pass,NONE,,,,0,1,0,0,0,0.1099,78.66,21982,0,uvm_report_server
RUN-003347,reg_sweep_test-003347,1451088455,FAIL,fail,PSLVERR_TIMEOUT,B_APB_0x55,PSLVERR_TIMEOUT,563200,2,1,1,0,0,0.64,0.78,31998,1,uvm_report_server
RUN-003348,reset_recovery_test-003348,211776493,PASS,pass,NONE,,,,0,0,0,0,0,0.0653,29.92,3264,0,uvm_report_server
RUN-003349,parity_stress_test-003349,1006419931,FAIL,fail,FRAMING_ERROR,B_UART_0x24,FRAMING_ERROR,131384,4,1,0,1,1,0.1493,3.88,3733,1,uvm_report_server
RUN-003350,reg_sweep_test-003350,335841803,PASS,pass,NONE,,,,0,0,0,0,0,0.023,190.82,4608,0,uvm_report_server
RUN-003351,reg_sweep_test-003351,1004191960,FAIL,fail,PREADY_TIMEOUT,B_APB_0x58,PREADY_TIMEOUT,178112,3,0,1,0,0,0.2024,7.83,40474,1,uvm_report_server
RUN-003352,irq_storm_test-003352,787765007,PASS,pass,NONE,,,,0,0,0,0,0,0.1654,12.85,33087,0,uvm_report_server
RUN-003353,irq_storm_test-003353,457372814,PASS,pass,NONE,,,,0,1,0,0,0,0.0533,18.53,5327,0,uvm_report_server
RUN-003354,reset_recovery_test-003354,1541193454,PASS,pass,NONE,,,,0,0,0,0,0,0.0429,21.83,4293,0,uvm_report_server
RUN-003355,reset_recovery_test-003355,1960673584,PASS,pass,NONE,,,,0,1,0,0,0,0.1274,34.27,12741,0,uvm_report_server
RUN-003356,backpressure_test-003356,9284273,PASS,pass,NONE,,,,0,0,0,0,0,0.0395,105.22,7904,0,uvm_report_server
RUN-003357,dma_burst_test-003357,1809872424,PASS,pass,NONE,,,,0,0,0,0,0,0.3053,7.18,15264,0,uvm_report_server
RUN-003358,irq_storm_test-003358,1786284050,PASS,pass,NONE,,,,0,1,0,0,0,0.0578,34.61,5777,0,uvm_report_server
RUN-003359,reg_sweep_test-003359,1261666648,PASS,pass,NONE,,,,0,0,0,0,0,1.4422,5.39,36056,0,uvm_report_server
RUN-003360,parity_stress_test-003360,715155576,PASS,pass,NONE,,,,0,0,0,0,0,0.1212,72.22,12122,0,uvm_report_server
RUN-003361,uart_loopback_test-003361,1349347577,PASS,pass,NONE,,,,0,0,0,0,0,0.0378,25.35,3784,0,uvm_report_server
RUN-003362,reset_recovery_test-003362,701159473,PASS,pass,NONE,,,,0,0,0,0,0,0.2675,16.69,26750,0,uvm_report_server
RUN-003363,reg_sweep_test-003363,126114460,PASS,pass,NONE,,,,0,0,0,0,0,0.2627,33.92,26269,0,uvm_report_server
RUN-003364,reg_sweep_test-003364,2004565184,FAIL,fail,PSLVERR_TIMEOUT,B_APB_0x55,PSLVERR_TIMEOUT,213928,2,0,1,0,0,0.2431,0.4,12157,1,uvm_report_server
RUN-003365,backpressure_test-003365,1804436461,PASS,pass,NONE,,,,0,0,0,0,0,0.1108,9.46,11075,0,uvm_report_server
RUN-003366,dma_burst_test-003366,539412296,PASS,pass,NONE,,,,0,1,0,0,0,0.0754,28.24,3768,0,uvm_report_server
RUN-003367,uart_loopback_test-003367,1779675041,PASS,pass,NONE,,,,0,0,0,0,0,0.4752,4.72,23758,0,uvm_report_server
RUN-003368,uart_loopback_test-003368,527820089,FAIL,fail,PSLVERR_TIMEOUT,B_APB_0x55,PSLVERR_TIMEOUT,84656,2,1,1,0,0,0.0962,3.34,9623,1,uvm_report_server
RUN-003369,reset_recovery_test-003369,1469757122,PASS,pass,NONE,,,,0,0,0,0,0,0.0463,5.6,4626,0,uvm_report_server
RUN-003370,reset_recovery_test-003370,1907384014,PASS,pass,NONE,,,,0,0,0,0,0,0.0656,28.64,3281,0,uvm_report_server
RUN-003371,parity_stress_test-003371,955927995,FAIL,fail,FIFO_UNDERRUN,B_DMA_0x31,FIFO_UNDERRUN,52360,2,0,0,0,0,0.0595,3.59,2973,1,uvm_report_server
RUN-003372,uart_loopback_test-003372,1575165530,PASS,pass,NONE,,,,0,0,0,0,0,0.3836,10.05,9590,0,uvm_report_server
RUN-003373,backpressure_test-003373,534055684,PASS,pass,NONE,,,,0,0,0,0,0,0.1551,14.31,3876,0,uvm_report_server
RUN-003374,uart_loopback_test-003374,532176453,PASS,pass,NONE,,,,0,1,0,0,0,0.2097,8.86,5241,0,uvm_report_server
RUN-003375,backpressure_test-003375,1300085912,PASS,pass,NONE,,,,0,1,0,0,0,0.1221,33.73,12214,0,uvm_report_server
RUN-003376,dma_burst_test-003376,1034544176,FAIL,fail,FRAMING_ERROR,B_UART_0x24,FRAMING_ERROR,31328,2,1,0,0,1,0.0356,34.41,7120,1,uvm_report_server
RUN-003377,reset_recovery_test-003377,2064639424,PASS,pass,NONE,,,,0,0,0,0,0,0.1099,39.2,10991,0,uvm_report_server
RUN-003378,irq_storm_test-003378,1813757750,PASS,pass,NONE,,,,0,0,0,0,0,0.2494,16.41,6234,0,uvm_report_server
RUN-003379,reset_recovery_test-003379,1701934137,FAIL,fail,FRAMING_ERROR,B_UART_0x24,FRAMING_ERROR,29920,2,0,0,0,1,0.034,20.21,6790,1,uvm_report_server
RUN-003380,irq_storm_test-003380,821712900,FAIL,fail,PSLVERR_TIMEOUT,B_APB_0x55,PSLVERR_TIMEOUT,586872,2,0,1,0,0,0.6669,7.92,66691,1,uvm_report_server
RUN-003381,reset_recovery_test-003381,1392764208,PASS,pass,NONE,,,,0,0,0,0,0,0.1125,9.3,2812,0,uvm_report_server
RUN-003382,irq_storm_test-003382,1164956810,PASS,pass,NONE,,,,0,0,0,0,0,0.0648,7.74,6484,0,uvm_report_server
RUN-003383,reg_sweep_test-003383,748711358,FAIL,fail,FIFO_UNDERRUN,B_DMA_0x31,FIFO_UNDERRUN,82280,3,1,0,0,0,0.0935,1.39,2336,1,uvm_report_server
RUN-003384,reset_recovery_test-003384,1158440530,PASS,pass,NONE,,,,0,1,0,0,0,0.2372,8.03,11860,0,uvm_report_server
RUN-003385,reset_recovery_test-003385,1137035531,PASS,pass,NONE,,,,0,1,0,0,0,0.0948,10.23,9482,0,uvm_report_server
RUN-003386,dma_burst_test-003386,907142276,PASS,pass,NONE,,,,0,1,0,0,0,0.1531,7.19,7654,0,uvm_report_server
RUN-003387,irq_storm_test-003387,2120847724,PASS,pass,NONE,,,,0,0,0,0,0,0.0977,9.43,4886,0,uvm_report_server
RUN-003388,uart_loopback_test-003388,836193916,PASS,pass,NONE,,,,0,1,0,0,0,0.2447,16.42,6118,0,uvm_report_server
RUN-003389,reg_sweep_test-003389,1755154783,PASS,pass,NONE,,,,0,0,0,0,0,0.153,12.43,7652,0,uvm_report_server
RUN-003390,reset_recovery_test-003390,944661536,FAIL,fail,FIFO_UNDERRUN,B_DMA_0x31,FIFO_UNDERRUN,32648,4,0,0,1,0,0.0371,1.97,3705,1,uvm_report_server
RUN-003391,reset_recovery_test-003391,374344345,PASS,pass,NONE,,,,0,1,0,0,0,0.5193,7.17,12983,0,uvm_report_server
RUN-003392,dma_burst_test-003392,1513372888,PASS,pass,NONE,,,,0,1,0,0,0,0.0928,3.0,4639,0,uvm_report_server
RUN-003393,backpressure_test-003393,302680338,PASS,pass,NONE,,,,0,0,0,0,0,0.8428,10.33,21070,0,uvm_report_server
RUN-003394,reset_recovery_test-003394,1796587692,FAIL,fail,PSLVERR_TIMEOUT,B_APB_0x55,PSLVERR_TIMEOUT,1630640,3,0,1,1,0,1.853,1.23,92649,1,uvm_report_server
RUN-003395,reg_sweep_test-003395,2030409998,PASS,pass,NONE,,,,0,1,0,0,0,0.0354,58.29,3536,0,uvm_report_server
RUN-003396,uart_loopback_test-003396,880546665,FAIL,fail,PSLVERR_TIMEOUT,B_APB_0x55,PSLVERR_TIMEOUT,972048,2,0,1,0,0,1.1046,4.22,55230,1,uvm_report_server
RUN-003397,dma_burst_test-003397,799630527,PASS,pass,NONE,,,,0,0,0,0,0,0.073,12.8,3649,0,uvm_report_server
RUN-003398,reg_sweep_test-003398,1370392050,PASS,pass,NONE,,,,0,1,0,0,0,0.2022,20.54,40432,0,uvm_report_server
RUN-003399,dma_burst_test-003399,1222395855,PASS,pass,NONE,,,,0,1,0,0,0,0.6387,12.79,31934,0,uvm_report_server
RUN-003400,uart_loopback_test-003400,104370247,FAIL,fail,FIFO_UNDERRUN,B_DMA_0x31,FIFO_UNDERRUN,43472,1,0,0,0,0,0.0494,4.18,4941,1,uvm_report_server
RUN-003401,backpressure_test-003401,121795084,PASS,pass,NONE,,,,0,0,0,0,0,0.0824,54.4,16478,0,uvm_report_server
RUN-003402,reg_sweep_test-003402,1810520903,PASS,pass,NONE,,,,0,1,0,0,0,0.1144,33.44,5721,0,uvm_report_server
RUN-003403,dma_burst_test-003403,1435561076,PASS,pass,NONE,,,,0,0,0,0,0,0.1191,32.44,11906,0,uvm_report_server
RUN-003404,dma_burst_test-003404,142800853,PASS,pass,NONE,,,,0,0,0,0,0,0.1441,59.62,14408,0,uvm_report_server
RUN-003405,dma_burst_test-003405,168430213,PASS,pass,NONE,,,,0,0,0,0,0,0.5013,8.78,12531,0,uvm_report_server
RUN-003406,reset_recovery_test-003406,1530227392,PASS,pass,NONE,,,,0,1,0,0,0,0.1892,5.36,4730,0,uvm_report_server
RUN-003407,dma_burst_test-003407,1959851872,PASS,pass,NONE,,,,0,0,0,0,0,0.7044,11.44,35222,0,uvm_report_server
RUN-003408,irq_storm_test-003408,972028576,PASS,pass,NONE,,,,0,0,0,0,0,0.0771,26.61,15427,0,uvm_report_server
RUN-003409,uart_loopback_test-003409,1613755531,PASS,pass,NONE,,,,0,0,0,0,0,0.0161,69.0,3214,0,uvm_report_server
RUN-003410,reset_recovery_test-003410,1340451451,PASS,pass,NONE,,,,0,0,0,0,0,0.0402,11.97,4020,0,uvm_report_server
RUN-003411,irq_storm_test-003411,555283175,PASS,pass,NONE,,,,0,0,0,0,0,0.0251,37.64,5015,0,uvm_report_server
RUN-003412,reset_recovery_test-003412,174317158,PASS,pass,NONE,,,,0,1,0,0,0,0.0584,67.14,5835,0,uvm_report_server
RUN-003413,reg_sweep_test-003413,13552979,PASS,pass,NONE,,,,0,1,0,0,0,0.2459,18.11,24594,0,uvm_report_server
RUN-003414,irq_storm_test-003414,1958600505,PASS,pass,NONE,,,,0,0,0,0,0,0.2584,4.08,12921,0,uvm_report_server
RUN-003415,irq_storm_test-003415,1738692079,PASS,pass,NONE,,,,0,1,0,0,0,0.0423,23.55,4229,0,uvm_report_server
RUN-003416,reset_recovery_test-003416,987166754,PASS,pass,NONE,,,,0,0,0,0,0,0.0356,13.43,3563,0,uvm_report_server
RUN-003417,reg_sweep_test-003417,644131460,FAIL,fail,PSLVERR_TIMEOUT,B_APB_0x55,PSLVERR_TIMEOUT,410080,2,0,1,0,0,0.466,2.51,23298,1,uvm_report_server
RUN-003418,dma_burst_test-003418,1913347778,FAIL,fail,BUS_STARVATION,B_ARB_0x12,BUS_STARVATION,242176,2,0,0,0,0,0.2752,2.46,6880,1,uvm_report_server
RUN-003419,reset_recovery_test-003419,2007905659,PASS,pass,NONE,,,,0,0,0,0,0,0.0823,95.48,8228,0,uvm_report_server
RUN-003420,parity_stress_test-003420,1253531436,PASS,pass,NONE,,,,0,0,0,0,0,0.554,14.42,55400,0,uvm_report_server
RUN-003421,reg_sweep_test-003421,1897301932,FAIL,fail,IRQ_LOST,B_IRQ_0x45,IRQ_LOST,115808,3,0,0,0,0,0.1316,3.69,6580,1,uvm_report_server
RUN-003422,reg_sweep_test-003422,701409089,FAIL,fail,IRQ_LOST,B_IRQ_0x45,IRQ_LOST,143968,2,1,0,1,0,0.1636,8.35,8180,1,uvm_report_server
RUN-003423,dma_burst_test-003423,387111623,PASS,pass,NONE,,,,0,0,0,0,0,1.3446,3.27,33616,0,uvm_report_server
RUN-003424,reg_sweep_test-003424,1778030940,PASS,pass,NONE,,,,0,0,0,0,0,0.1981,18.75,9905,0,uvm_report_server
RUN-003425,parity_stress_test-003425,863576420,PASS,pass,NONE,,,,0,0,0,0,0,0.1036,9.46,5180,0,uvm_report_server
RUN-003426,dma_burst_test-003426,788342897,PASS,pass,NONE,,,,0,0,0,0,0,0.1517,27.04,7585,0,uvm_report_server
RUN-003427,parity_stress_test-003427,1158402258,PASS,pass,NONE,,,,0,0,0,0,0,0.1314,14.66,26280,0,uvm_report_server
RUN-003428,reset_recovery_test-003428,300084846,PASS,pass,NONE,,,,0,0,0,0,0,0.0189,57.49,3771,0,uvm_report_server
RUN-003429,irq_storm_test-003429,1668570617,PASS,pass,NONE,,,,0,0,0,0,0,0.1538,27.28,15379,0,uvm_report_server
RUN-003430,parity_stress_test-003430,1675886468,PASS,pass,NONE,,,,0,0,0,0,0,0.0338,117.71,6764,0,uvm_report_server
RUN-003431,uart_loopback_test-003431,823595431,PASS,pass,NONE,,,,0,1,0,0,0,0.1312,33.75,6557,0,uvm_report_server
RUN-003432,dma_burst_test-003432,2101811992,PASS,pass,NONE,,,,0,0,0,0,0,0.2349,72.58,46989,0,uvm_report_server
RUN-003433,parity_stress_test-003433,1034856893,FAIL,fail,PREADY_TIMEOUT,B_APB_0x58,PREADY_TIMEOUT,105336,2,0,1,1,0,0.1197,7.54,11968,1,uvm_report_server
RUN-003434,reg_sweep_test-003434,909462562,PASS,pass,NONE,,,,0,0,0,0,0,0.5489,7.11,54887,0,uvm_report_server
RUN-003435,irq_storm_test-003435,1406544580,PASS,pass,NONE,,,,0,1,0,0,0,0.0747,118.51,14942,0,uvm_report_server
RUN-003436,uart_loopback_test-003436,1766661853,PASS,pass,NONE,,,,0,1,0,0,0,0.0914,90.06,18277,0,uvm_report_server
RUN-003437,uart_loopback_test-003437,722643554,PASS,pass,NONE,,,,0,1,0,0,0,0.6354,12.58,15883,0,uvm_report_server
RUN-003438,reset_recovery_test-003438,1287842328,PASS,pass,NONE,,,,0,0,0,0,0,0.2601,1.92,6501,0,uvm_report_server
RUN-003439,reg_sweep_test-003439,1496278352,FAIL,fail,BUS_STARVATION,B_ARB_0x12,BUS_STARVATION,279664,3,0,0,1,0,0.3178,2.57,15889,1,uvm_report_server
RUN-003440,reg_sweep_test-003440,1614659730,FAIL,fail,PSLVERR_TIMEOUT,B_APB_0x55,PSLVERR_TIMEOUT,374616,3,0,1,1,0,0.4257,3.1,42569,1,uvm_report_server
RUN-003441,reg_sweep_test-003441,1652175972,FAIL,fail,FIFO_UNDERRUN,B_DMA_0x31,FIFO_UNDERRUN,64328,4,1,0,1,0,0.0731,20.04,3656,1,uvm_report_server
RUN-003442,reg_sweep_test-003442,1196951749,PASS,pass,NONE,,,,0,0,0,0,0,0.0318,137.91,6365,0,uvm_report_server
RUN-003443,irq_storm_test-003443,673663785,PASS,pass,NONE,,,,0,1,0,0,0,0.2123,9.7,10615,0,uvm_report_server
RUN-003444,dma_burst_test-003444,753871958,PASS,pass,NONE,,,,0,0,0,0,0,0.0926,45.98,9258,0,uvm_report_server
RUN-003445,reg_sweep_test-003445,1979352029,FAIL,fail,BUS_STARVATION,B_ARB_0x12,BUS_STARVATION,330528,2,0,0,1,0,0.3756,4.7,37564,1,uvm_report_server
RUN-003446,backpressure_test-003446,1957449217,PASS,pass,NONE,,,,0,1,0,0,0,0.0698,30.0,6975,0,uvm_report_server
RUN-003447,uart_loopback_test-003447,1089680142,PASS,pass,NONE,,,,0,0,0,0,0,0.3861,1.39,9651,0,uvm_report_server
RUN-003448,backpressure_test-003448,2027554221,FAIL,fail,PREADY_TIMEOUT,B_APB_0x58,PREADY_TIMEOUT,1907224,4,1,1,1,0,2.1673,2.67,108366,1,uvm_report_server
RUN-003449,irq_storm_test-003449,2008230443,PASS,pass,NONE,,,,0,0,0,0,0,0.1817,49.49,9085,0,uvm_report_server
RUN-003450,irq_storm_test-003450,1979355175,FAIL,fail,PSLVERR_TIMEOUT,B_APB_0x55,PSLVERR_TIMEOUT,434632,2,0,1,0,0,0.4939,0.44,24693,1,uvm_report_server
RUN-003451,dma_burst_test-003451,299547356,FAIL,fail,PSLVERR_TIMEOUT,B_APB_0x55,PSLVERR_TIMEOUT,637208,2,1,1,0,0,0.7241,1.48,36205,1,uvm_report_server
RUN-003452,reset_recovery_test-003452,410922187,PASS,pass,NONE,,,,0,1,0,0,0,0.3932,11.12,39319,0,uvm_report_server
RUN-003453,backpressure_test-003453,912353642,PASS,pass,NONE,,,,0,0,0,0,0,0.2157,4.87,21565,0,uvm_report_server
RUN-003454,reg_sweep_test-003454,127803839,FAIL,fail,PSLVERR_TIMEOUT,B_APB_0x55,PSLVERR_TIMEOUT,263472,2,0,1,0,0,0.2994,5.89,59887,1,uvm_report_server
RUN-003455,irq_storm_test-003455,517156866,PASS,pass,NONE,,,,0,0,0,0,0,0.0929,22.43,18584,0,uvm_report_server
RUN-003456,backpressure_test-003456,817535659,FAIL,fail,BUS_STARVATION,B_ARB_0x12,BUS_STARVATION,49720,2,1,0,0,0,0.0565,5.18,5651,1,uvm_report_server
RUN-003457,dma_burst_test-003457,2010537069,FAIL,fail,BUS_STARVATION,B_ARB_0x12,BUS_STARVATION,76736,2,0,0,0,0,0.0872,22.15,8720,1,uvm_report_server
RUN-003458,dma_burst_test-003458,1635404247,FAIL,fail,IRQ_LOST,B_IRQ_0x45,IRQ_LOST,916784,3,1,0,0,0,1.0418,4.23,26044,1,uvm_report_server
RUN-003459,reg_sweep_test-003459,251838445,PASS,pass,NONE,,,,0,1,0,0,0,0.1143,137.65,22859,0,uvm_report_server
RUN-003460,reg_sweep_test-003460,1480591799,PASS,pass,NONE,,,,0,0,0,0,0,0.0957,40.37,9573,0,uvm_report_server
RUN-003461,uart_loopback_test-003461,983648043,PASS,pass,NONE,,,,0,0,0,0,0,0.6063,12.44,30313,0,uvm_report_server
RUN-003462,parity_stress_test-003462,560901221,PASS,pass,NONE,,,,0,1,0,0,0,0.199,19.34,19903,0,uvm_report_server
RUN-003463,reg_sweep_test-003463,1345841118,PASS,pass,NONE,,,,0,1,0,0,0,0.1733,25.8,8664,0,uvm_report_server
RUN-003464,dma_burst_test-003464,1939016966,PASS,pass,NONE,,,,0,0,0,0,0,0.145,28.62,7251,0,uvm_report_server
RUN-003465,uart_loopback_test-003465,1148153033,PASS,pass,NONE,,,,0,0,0,0,0,1.247,14.12,62348,0,uvm_report_server
RUN-003466,reg_sweep_test-003466,2040121581,FAIL,fail,BUS_STARVATION,B_ARB_0x12,BUS_STARVATION,149864,2,0,0,1,0,0.1703,1.32,8516,1,uvm_report_server
RUN-003467,dma_burst_test-003467,1740344625,FAIL,fail,FRAMING_ERROR,B_UART_0x24,FRAMING_ERROR,79816,1,0,0,0,1,0.0907,2.61,9071,1,uvm_report_server
RUN-003468,reg_sweep_test-003468,85158370,PASS,pass,NONE,,,,0,0,0,0,0,0.1124,36.59,11237,0,uvm_report_server
RUN-003469,reg_sweep_test-003469,146646652,PASS,pass,NONE,,,,0,0,0,0,0,0.2701,6.92,13506,0,uvm_report_server
RUN-003470,dma_burst_test-003470,1127949088,PASS,pass,NONE,,,,0,0,0,0,0,0.088,5.81,4402,0,uvm_report_server
RUN-003471,dma_burst_test-003471,950992677,PASS,pass,NONE,,,,0,0,0,0,0,0.0478,85.92,4776,0,uvm_report_server
RUN-003472,reg_sweep_test-003472,2058733257,FAIL,fail,FIFO_UNDERRUN,B_DMA_0x31,FIFO_UNDERRUN,86680,2,1,0,0,0,0.0985,3.65,2462,1,uvm_report_server
RUN-003473,backpressure_test-003473,1533703930,PASS,pass,NONE,,,,0,0,0,0,0,0.0576,16.39,5757,0,uvm_report_server
RUN-003474,uart_loopback_test-003474,1490088464,FAIL,fail,BUS_STARVATION,B_ARB_0x12,BUS_STARVATION,198968,1,0,0,0,0,0.2261,10.95,22611,1,uvm_report_server
RUN-003475,reg_sweep_test-003475,1775766575,PASS,pass,NONE,,,,0,0,0,0,0,0.6504,6.66,16260,0,uvm_report_server
RUN-003476,backpressure_test-003476,1681709451,PASS,pass,NONE,,,,0,1,0,0,0,0.0245,89.35,4895,0,uvm_report_server
RUN-003477,irq_storm_test-003477,1457057677,PASS,pass,NONE,,,,0,0,0,0,0,0.4033,9.18,10081,0,uvm_report_server
RUN-003478,reg_sweep_test-003478,434203156,PASS,pass,NONE,,,,0,0,0,0,0,0.0548,17.57,2741,0,uvm_report_server
RUN-003479,uart_loopback_test-003479,1630308147,PASS,pass,NONE,,,,0,0,0,0,0,0.2652,7.09,6628,0,uvm_report_server
RUN-003480,reset_recovery_test-003480,1726569576,FAIL,fail,FIFO_UNDERRUN,B_DMA_0x31,FIFO_UNDERRUN,84568,1,0,0,0,0,0.0961,0.73,2403,1,uvm_report_server
RUN-003481,dma_burst_test-003481,1451321258,PASS,pass,NONE,,,,0,0,0,0,0,0.2619,7.64,13092,0,uvm_report_server
RUN-003482,dma_burst_test-003482,1402304168,PASS,pass,NONE,,,,0,0,0,0,0,0.0208,46.18,4162,0,uvm_report_server
RUN-003483,parity_stress_test-003483,1707328628,PASS,pass,NONE,,,,0,1,0,0,0,0.0858,104.67,8578,0,uvm_report_server
RUN-003484,reset_recovery_test-003484,1995935790,FAIL,fail,PSLVERR_TIMEOUT,B_APB_0x55,PSLVERR_TIMEOUT,300960,2,1,1,0,0,0.342,1.05,34198,1,uvm_report_server
RUN-003485,backpressure_test-003485,12849746,PASS,pass,NONE,,,,0,1,0,0,0,0.389,19.22,19451,0,uvm_report_server
RUN-003486,irq_storm_test-003486,898088906,PASS,pass,NONE,,,,0,0,0,0,0,0.0275,160.35,5498,0,uvm_report_server
RUN-003487,uart_loopback_test-003487,232100649,FAIL,fail,BUS_STARVATION,B_ARB_0x12,BUS_STARVATION,880880,3,0,0,1,0,1.001,2.47,50051,1,uvm_report_server
RUN-003488,backpressure_test-003488,2027495295,PASS,pass,NONE,,,,0,0,0,0,0,0.6583,13.5,32913,0,uvm_report_server
RUN-003489,reg_sweep_test-003489,1770250013,PASS,pass,NONE,,,,0,1,0,0,0,0.0488,21.67,4880,0,uvm_report_server
RUN-003490,reg_sweep_test-003490,1081979068,PASS,pass,NONE,,,,0,0,0,0,0,0.0829,25.63,8294,0,uvm_report_server
RUN-003491,dma_burst_test-003491,1298006030,PASS,pass,NONE,,,,0,1,0,0,0,0.105,19.2,10502,0,uvm_report_server
RUN-003492,irq_storm_test-003492,324282326,PASS,pass,NONE,,,,0,0,0,0,0,0.4239,20.78,10597,0,uvm_report_server
RUN-003493,uart_loopback_test-003493,1318032160,PASS,pass,NONE,,,,0,0,0,0,0,1.5115,11.4,37786,0,uvm_report_server
RUN-003494,dma_burst_test-003494,456305313,FAIL,fail,PREADY_TIMEOUT,B_APB_0x58,PREADY_TIMEOUT,1136256,2,0,1,1,0,1.2912,1.9,32279,1,uvm_report_server
RUN-003495,reg_sweep_test-003495,169300289,FAIL,fail,PSLVERR_TIMEOUT,B_APB_0x55,PSLVERR_TIMEOUT,168960,2,0,1,0,0,0.192,4.76,38404,1,uvm_report_server
RUN-003496,uart_loopback_test-003496,290845254,PASS,pass,NONE,,,,0,0,0,0,0,0.0825,26.65,8252,0,uvm_report_server
RUN-003497,reg_sweep_test-003497,673323083,PASS,pass,NONE,,,,0,0,0,0,0,0.1252,3.78,6260,0,uvm_report_server
RUN-003498,irq_storm_test-003498,685548244,PASS,pass,NONE,,,,0,1,0,0,0,0.0416,50.79,8318,0,uvm_report_server
RUN-003499,backpressure_test-003499,802629121,PASS,pass,NONE,,,,0,1,0,0,0,0.2188,9.95,10940,0,uvm_report_server
RUN-003500,backpressure_test-003500,765106446,FAIL,fail,PSLVERR_TIMEOUT,B_APB_0x55,PSLVERR_TIMEOUT,552376,2,0,1,0,0,0.6277,1.43,15692,1,uvm_report_server
RUN-003501,backpressure_test-003501,769219709,PASS,pass,NONE,,,,0,0,0,0,0,0.0913,10.37,4563,0,uvm_report_server
RUN-003502,irq_storm_test-003502,907043427,FAIL,fail,BUS_STARVATION,B_ARB_0x12,BUS_STARVATION,103048,3,1,0,1,0,0.1171,6.09,23428,1,uvm_report_server
RUN-003503,irq_storm_test-003503,2001048808,PASS,pass,NONE,,,,0,0,0,0,0,0.1862,21.84,9310,0,uvm_report_server
RUN-003504,uart_loopback_test-003504,1080809783,PASS,pass,NONE,,,,0,0,0,0,0,0.0563,33.71,11260,0,uvm_report_server
RUN-003505,reset_recovery_test-003505,1862672446,FAIL,fail,FIFO_UNDERRUN,B_DMA_0x31,FIFO_UNDERRUN,41800,1,1,0,0,0,0.0475,5.19,2374,1,uvm_report_server
RUN-003506,parity_stress_test-003506,908301114,FAIL,fail,FIFO_UNDERRUN,B_DMA_0x31,FIFO_UNDERRUN,166408,4,0,0,1,0,0.1891,2.57,4727,1,uvm_report_server
RUN-003507,uart_loopback_test-003507,500783122,PASS,pass,NONE,,,,0,0,0,0,0,0.3316,11.15,16577,0,uvm_report_server
RUN-003508,uart_loopback_test-003508,990342151,FAIL,fail,PSLVERR_TIMEOUT,B_APB_0x55,PSLVERR_TIMEOUT,4416632,2,0,1,0,0,5.0189,0.17,125472,1,uvm_report_server
RUN-003509,reg_sweep_test-003509,936272169,FAIL,fail,BUS_STARVATION,B_ARB_0x12,BUS_STARVATION,250272,1,0,0,0,0,0.2844,19.29,28436,1,uvm_report_server
RUN-003510,uart_loopback_test-003510,1080868529,FAIL,fail,IRQ_LOST,B_IRQ_0x45,IRQ_LOST,168080,2,0,0,1,0,0.191,1.3,4774,1,uvm_report_server
RUN-003511,backpressure_test-003511,1647046402,PASS,pass,NONE,,,,0,0,0,0,0,0.1649,12.59,4121,0,uvm_report_server
RUN-003512,uart_loopback_test-003512,1930129054,PASS,pass,NONE,,,,0,0,0,0,0,0.02,23.28,3996,0,uvm_report_server
RUN-003513,uart_loopback_test-003513,1497957020,PASS,pass,NONE,,,,0,0,0,0,0,0.3069,27.61,30690,0,uvm_report_server
RUN-003514,irq_storm_test-003514,1043800572,PASS,pass,NONE,,,,0,0,0,0,0,0.3176,51.79,31756,0,uvm_report_server
RUN-003515,uart_loopback_test-003515,1514560738,PASS,pass,NONE,,,,0,0,0,0,0,0.1713,25.13,17127,0,uvm_report_server
RUN-003516,irq_storm_test-003516,287552526,PASS,pass,NONE,,,,0,0,0,0,0,0.1213,69.51,24254,0,uvm_report_server
RUN-003517,dma_burst_test-003517,127571879,FAIL,fail,FRAMING_ERROR,B_UART_0x24,FRAMING_ERROR,126456,3,0,0,0,1,0.1437,17.33,14373,1,uvm_report_server
RUN-003518,irq_storm_test-003518,211985419,PASS,pass,NONE,,,,0,1,0,0,0,0.6394,13.41,31972,0,uvm_report_server
RUN-003519,uart_loopback_test-003519,109408890,PASS,pass,NONE,,,,0,0,0,0,0,0.0297,17.58,2972,0,uvm_report_server
RUN-003520,dma_burst_test-003520,488541199,FAIL,fail,BUS_STARVATION,B_ARB_0x12,BUS_STARVATION,406208,2,0,0,1,0,0.4616,2.33,23081,1,uvm_report_server
RUN-003521,uart_loopback_test-003521,1403425375,PASS,pass,NONE,,,,0,0,0,0,0,0.3434,44.95,34339,0,uvm_report_server
RUN-003522,backpressure_test-003522,1256961455,FAIL,fail,PSLVERR_TIMEOUT,B_APB_0x55,PSLVERR_TIMEOUT,1790624,2,0,1,0,0,2.0348,1.55,50869,1,uvm_report_server
RUN-003523,reg_sweep_test-003523,189351823,PASS,pass,NONE,,,,0,0,0,0,0,0.2273,2.25,5682,0,uvm_report_server
RUN-003524,reg_sweep_test-003524,1609603700,PASS,pass,NONE,,,,0,0,0,0,0,0.0363,61.89,7263,0,uvm_report_server
RUN-003525,uart_loopback_test-003525,476053530,PASS,pass,NONE,,,,0,0,0,0,0,0.1044,2.59,5221,0,uvm_report_server
RUN-003526,reset_recovery_test-003526,1560598807,PASS,pass,NONE,,,,0,0,0,0,0,0.13,67.01,13001,0,uvm_report_server
RUN-003527,uart_loopback_test-003527,1312508234,PASS,pass,NONE,,,,0,0,0,0,0,0.4413,9.13,22063,0,uvm_report_server
RUN-003528,uart_loopback_test-003528,672088730,PASS,pass,NONE,,,,0,0,0,0,0,0.125,4.47,6248,0,uvm_report_server
RUN-003529,uart_loopback_test-003529,531886619,PASS,pass,NONE,,,,0,0,0,0,0,0.0274,37.47,5486,0,uvm_report_server
RUN-003530,uart_loopback_test-003530,998627867,PASS,pass,NONE,,,,0,0,0,0,0,0.0366,59.23,7325,0,uvm_report_server
RUN-003531,backpressure_test-003531,221049887,PASS,pass,NONE,,,,0,0,0,0,0,0.5651,6.71,56507,0,uvm_report_server
RUN-003532,dma_burst_test-003532,732328657,PASS,pass,NONE,,,,0,0,0,0,0,0.083,203.51,16592,0,uvm_report_server
RUN-003533,irq_storm_test-003533,1172492537,PASS,pass,NONE,,,,0,1,0,0,0,0.1946,10.03,4865,0,uvm_report_server
RUN-003534,parity_stress_test-003534,1286316600,FAIL,fail,PSLVERR_TIMEOUT,B_APB_0x55,PSLVERR_TIMEOUT,677424,2,0,1,0,0,0.7698,0.94,19243,1,uvm_report_server
RUN-003535,reset_recovery_test-003535,2091766577,FAIL,fail,FRAMING_ERROR,B_UART_0x24,FRAMING_ERROR,80168,3,0,0,1,1,0.0911,1.95,4553,1,uvm_report_server
RUN-003536,irq_storm_test-003536,8757874,PASS,pass,NONE,,,,0,0,0,0,0,0.0698,28.16,3489,0,uvm_report_server
RUN-003537,parity_stress_test-003537,1007780245,PASS,pass,NONE,,,,0,0,0,0,0,0.5015,15.63,25075,0,uvm_report_server
RUN-003538,dma_burst_test-003538,586649090,PASS,pass,NONE,,,,0,0,0,0,0,0.144,120.19,28795,0,uvm_report_server
RUN-003539,backpressure_test-003539,1905675325,FAIL,fail,IRQ_LOST,B_IRQ_0x45,IRQ_LOST,390632,3,0,0,0,0,0.4439,3.07,22195,1,uvm_report_server
RUN-003540,dma_burst_test-003540,875191905,PASS,pass,NONE,,,,0,0,0,0,0,0.1632,45.62,32649,0,uvm_report_server
RUN-003541,dma_burst_test-003541,391507384,PASS,pass,NONE,,,,0,0,0,0,0,0.0272,34.52,5436,0,uvm_report_server
RUN-003542,reset_recovery_test-003542,1147360597,PASS,pass,NONE,,,,0,0,0,0,0,0.134,14.51,13397,0,uvm_report_server
RUN-003543,backpressure_test-003543,2011408753,FAIL,fail,BUS_STARVATION,B_ARB_0x12,BUS_STARVATION,781264,3,0,0,1,0,0.8878,3.56,88784,1,uvm_report_server
RUN-003544,reg_sweep_test-003544,137569623,PASS,pass,NONE,,,,0,0,0,0,0,0.2623,14.46,26233,0,uvm_report_server
RUN-003545,backpressure_test-003545,1188829426,PASS,pass,NONE,,,,0,1,0,0,0,0.0815,13.19,8145,0,uvm_report_server
RUN-003546,reg_sweep_test-003546,337845223,PASS,pass,NONE,,,,0,1,0,0,0,0.7649,5.1,19122,0,uvm_report_server
RUN-003547,uart_loopback_test-003547,689508089,FAIL,fail,PSLVERR_TIMEOUT,B_APB_0x55,PSLVERR_TIMEOUT,167640,2,1,1,0,0,0.1905,10.7,38109,1,uvm_report_server
RUN-003548,reset_recovery_test-003548,1823924910,PASS,pass,NONE,,,,0,0,0,0,0,0.3833,20.27,38329,0,uvm_report_server
RUN-003549,reg_sweep_test-003549,495006930,PASS,pass,NONE,,,,0,0,0,0,0,0.3043,7.38,30430,0,uvm_report_server
RUN-003550,uart_loopback_test-003550,668183275,FAIL,fail,REG_MISMATCH,B_REG_0x70,REG_MISMATCH,67320,2,1,0,1,1,0.0765,11.83,15301,1,uvm_report_server
RUN-003551,backpressure_test-003551,1923793575,PASS,pass,NONE,,,,0,0,0,0,0,0.0459,21.68,9185,0,uvm_report_server
RUN-003552,uart_loopback_test-003552,1159935886,PASS,pass,NONE,,,,0,0,0,0,0,0.0819,50.85,16381,0,uvm_report_server
RUN-003553,uart_loopback_test-003553,1489683143,FAIL,fail,FRAMING_ERROR,B_UART_0x24,FRAMING_ERROR,118272,3,0,0,0,1,0.1344,3.19,6719,1,uvm_report_server
RUN-003554,uart_loopback_test-003554,462366847,FAIL,fail,PREADY_TIMEOUT,B_APB_0x58,PREADY_TIMEOUT,2509232,2,0,1,1,0,2.8514,3.96,142568,1,uvm_report_server
RUN-003555,uart_loopback_test-003555,1937304711,FAIL,fail,FRAMING_ERROR,B_UART_0x24,FRAMING_ERROR,88528,3,0,0,0,1,0.1006,1.0,5028,1,uvm_report_server
RUN-003556,dma_burst_test-003556,1947449520,PASS,pass,NONE,,,,0,0,0,0,0,0.1067,39.8,5334,0,uvm_report_server
RUN-003557,reset_recovery_test-003557,49165144,FAIL,fail,FRAMING_ERROR,B_UART_0x24,FRAMING_ERROR,131912,3,0,0,0,1,0.1499,2.15,3746,1,uvm_report_server
RUN-003558,irq_storm_test-003558,1738839877,PASS,pass,NONE,,,,0,0,0,0,0,0.4823,2.25,12057,0,uvm_report_server
RUN-003559,irq_storm_test-003559,16390475,FAIL,fail,PSLVERR_TIMEOUT,B_APB_0x55,PSLVERR_TIMEOUT,276584,3,0,1,1,0,0.3143,6.24,62863,1,uvm_report_server
RUN-003560,parity_stress_test-003560,1196988002,FAIL,fail,ASSERTION_FAIL,B_ASRT_0x81,ASSERTION_FAIL,24024,2,0,0,1,0,0.0273,22.47,1364,1,uvm_report_server
RUN-003561,reset_recovery_test-003561,1175293731,FAIL,fail,IRQ_LOST,B_IRQ_0x45,IRQ_LOST,1743896,3,0,0,0,0,1.9817,2.45,49543,1,uvm_report_server
RUN-003562,reg_sweep_test-003562,1204519190,FAIL,fail,PSLVERR_TIMEOUT,B_APB_0x55,PSLVERR_TIMEOUT,1592888,2,1,1,0,0,1.8101,1.35,45252,1,uvm_report_server
RUN-003563,reg_sweep_test-003563,1053435249,PASS,pass,NONE,,,,0,1,0,0,0,0.2956,7.14,7389,0,uvm_report_server
RUN-003564,irq_storm_test-003564,491421903,FAIL,fail,PSLVERR_TIMEOUT,B_APB_0x55,PSLVERR_TIMEOUT,82896,2,0,1,0,0,0.0942,2.09,18844,1,uvm_report_server
RUN-003565,uart_loopback_test-003565,786426627,PASS,pass,NONE,,,,0,0,0,0,0,0.182,23.63,18197,0,uvm_report_server
RUN-003566,reg_sweep_test-003566,697882018,FAIL,fail,FIFO_UNDERRUN,B_DMA_0x31,FIFO_UNDERRUN,214632,3,1,0,1,0,0.2439,4.36,6098,1,uvm_report_server
RUN-003567,uart_loopback_test-003567,1339129170,PASS,pass,NONE,,,,0,1,0,0,0,0.1789,5.94,17894,0,uvm_report_server
RUN-003568,irq_storm_test-003568,1460278303,FAIL,fail,PSLVERR_TIMEOUT,B_APB_0x55,PSLVERR_TIMEOUT,683936,2,0,1,0,0,0.7772,1.64,77715,1,uvm_report_server
RUN-003569,backpressure_test-003569,590163187,PASS,pass,NONE,,,,0,1,0,0,0,0.161,51.56,8050,0,uvm_report_server
RUN-003570,backpressure_test-003570,1516958066,PASS,pass,NONE,,,,0,0,0,0,0,0.2545,7.65,6363,0,uvm_report_server
RUN-003571,backpressure_test-003571,1195647681,PASS,pass,NONE,,,,0,1,0,0,0,0.0324,64.23,6484,0,uvm_report_server
RUN-003572,reset_recovery_test-003572,409095629,FAIL,fail,FIFO_UNDERRUN,B_DMA_0x31,FIFO_UNDERRUN,25344,2,1,0,1,0,0.0288,3.26,2878,1,uvm_report_server
RUN-003573,irq_storm_test-003573,1132712467,PASS,pass,NONE,,,,0,0,0,0,0,0.0713,26.12,7128,0,uvm_report_server
RUN-003574,reset_recovery_test-003574,1445682257,PASS,pass,NONE,,,,0,1,0,0,0,0.2635,30.19,13174,0,uvm_report_server
RUN-003575,reg_sweep_test-003575,249069679,PASS,pass,NONE,,,,0,1,0,0,0,0.1179,8.64,5892,0,uvm_report_server
RUN-003576,dma_burst_test-003576,546411203,PASS,pass,NONE,,,,0,1,0,0,0,0.1666,49.54,16659,0,uvm_report_server
RUN-003577,reset_recovery_test-003577,577383479,PASS,pass,NONE,,,,0,1,0,0,0,0.2036,5.34,5088,0,uvm_report_server
RUN-003578,uart_loopback_test-003578,112702632,FAIL,fail,FRAMING_ERROR,B_UART_0x24,FRAMING_ERROR,86680,3,1,0,1,1,0.0985,2.77,9851,1,uvm_report_server
RUN-003579,irq_storm_test-003579,62638165,PASS,pass,NONE,,,,0,1,0,0,0,0.2141,5.05,5353,0,uvm_report_server
RUN-003580,dma_burst_test-003580,33359459,FAIL,fail,FIFO_UNDERRUN,B_DMA_0x31,FIFO_UNDERRUN,16456,4,1,0,1,0,0.0187,16.05,1874,1,uvm_report_server
RUN-003581,irq_storm_test-003581,476709744,PASS,pass,NONE,,,,0,0,0,0,0,1.4746,5.22,36864,0,uvm_report_server
RUN-003582,backpressure_test-003582,955393972,PASS,pass,NONE,,,,0,0,0,0,0,0.0939,11.26,4696,0,uvm_report_server
RUN-003583,reg_sweep_test-003583,1199441124,FAIL,fail,PSLVERR_TIMEOUT,B_APB_0x55,PSLVERR_TIMEOUT,141944,2,0,1,0,0,0.1613,7.92,16129,1,uvm_report_server
RUN-003584,irq_storm_test-003584,870206619,PASS,pass,NONE,,,,0,1,0,0,0,1.037,1.82,25924,0,uvm_report_server
RUN-003585,reg_sweep_test-003585,1009993733,PASS,pass,NONE,,,,0,1,0,0,0,0.0163,57.77,3259,0,uvm_report_server
RUN-003586,reset_recovery_test-003586,1477660445,FAIL,fail,FIFO_UNDERRUN,B_DMA_0x31,FIFO_UNDERRUN,25960,1,1,0,0,0,0.0295,12.47,2948,1,uvm_report_server
RUN-003587,irq_storm_test-003587,1407734216,PASS,pass,NONE,,,,0,0,0,0,0,0.0391,12.22,7811,0,uvm_report_server
RUN-003588,uart_loopback_test-003588,873268819,PASS,pass,NONE,,,,0,1,0,0,0,0.1654,22.99,16535,0,uvm_report_server
RUN-003589,reg_sweep_test-003589,1401863308,FAIL,fail,IRQ_LOST,B_IRQ_0x45,IRQ_LOST,274912,3,1,0,0,0,0.3124,5.69,15618,1,uvm_report_server
RUN-003590,uart_loopback_test-003590,566350852,FAIL,fail,FIFO_UNDERRUN,B_DMA_0x31,FIFO_UNDERRUN,62216,2,1,0,0,0,0.0707,8.94,7069,1,uvm_report_server
RUN-003591,backpressure_test-003591,1886658226,PASS,pass,NONE,,,,0,0,0,0,0,0.2148,17.87,5370,0,uvm_report_server
RUN-003592,dma_burst_test-003592,839235257,PASS,pass,NONE,,,,0,0,0,0,0,0.1236,35.25,12358,0,uvm_report_server
RUN-003593,reg_sweep_test-003593,691295409,PASS,pass,NONE,,,,0,1,0,0,0,0.0213,88.77,4253,0,uvm_report_server
RUN-003594,irq_storm_test-003594,941507267,FAIL,fail,FIFO_UNDERRUN,B_DMA_0x31,FIFO_UNDERRUN,93808,3,1,0,1,0,0.1066,4.36,5332,1,uvm_report_server
RUN-003595,reset_recovery_test-003595,891385035,PASS,pass,NONE,,,,0,0,0,0,0,0.0684,13.65,6836,0,uvm_report_server
RUN-003596,reset_recovery_test-003596,1170144845,FAIL,fail,FRAMING_ERROR,B_UART_0x24,FRAMING_ERROR,154352,2,0,0,1,1,0.1754,15.91,8770,1,uvm_report_server
RUN-003597,reset_recovery_test-003597,189366822,PASS,pass,NONE,,,,0,0,0,0,0,0.3444,48.81,68878,0,uvm_report_server
RUN-003598,reg_sweep_test-003598,1793105535,PASS,pass,NONE,,,,0,1,0,0,0,0.5328,1.88,13320,0,uvm_report_server
RUN-003599,backpressure_test-003599,916456677,PASS,pass,NONE,,,,0,0,0,0,0,0.0137,37.88,2733,0,uvm_report_server
RUN-003600,parity_stress_test-003600,1264275310,PASS,pass,NONE,,,,0,0,0,0,0,0.2486,33.99,24864,0,uvm_report_server
RUN-003601,reg_sweep_test-003601,1630931469,PASS,pass,NONE,,,,0,0,0,0,0,0.1488,29.75,7441,0,uvm_report_server
RUN-003602,parity_stress_test-003602,1021244042,PASS,pass,NONE,,,,0,0,0,0,0,0.071,3.79,3549,0,uvm_report_server
RUN-003603,parity_stress_test-003603,182162590,PASS,pass,NONE,,,,0,0,0,0,0,0.1781,12.42,17814,0,uvm_report_server
RUN-003604,backpressure_test-003604,904599072,FAIL,fail,FRAMING_ERROR,B_UART_0x24,FRAMING_ERROR,595760,2,0,0,0,1,0.677,1.97,16923,1,uvm_report_server
RUN-003605,reg_sweep_test-003605,209520939,PASS,pass,NONE,,,,0,0,0,0,0,0.1658,12.44,16584,0,uvm_report_server
RUN-003606,reg_sweep_test-003606,703346039,PASS,pass,NONE,,,,0,0,0,0,0,0.1814,93.91,36276,0,uvm_report_server
RUN-003607,uart_loopback_test-003607,954568834,PASS,pass,NONE,,,,0,0,0,0,0,0.055,4.32,5501,0,uvm_report_server
RUN-003608,reset_recovery_test-003608,995266788,PASS,pass,NONE,,,,0,0,0,0,0,0.2379,4.18,11893,0,uvm_report_server
RUN-003609,irq_storm_test-003609,614232565,PASS,pass,NONE,,,,0,0,0,0,0,0.0328,29.6,3277,0,uvm_report_server
RUN-003610,irq_storm_test-003610,1655852938,PASS,pass,NONE,,,,0,1,0,0,0,0.1429,13.39,14285,0,uvm_report_server
RUN-003611,dma_burst_test-003611,959254069,FAIL,fail,FRAMING_ERROR,B_UART_0x24,FRAMING_ERROR,52360,3,1,0,0,1,0.0595,5.64,2973,1,uvm_report_server
RUN-003612,parity_stress_test-003612,1569016495,PASS,pass,NONE,,,,0,0,0,0,0,0.0809,22.83,16179,0,uvm_report_server
RUN-003613,dma_burst_test-003613,44553715,PASS,pass,NONE,,,,0,1,0,0,0,0.0332,29.09,3322,0,uvm_report_server
RUN-003614,dma_burst_test-003614,807803929,PASS,pass,NONE,,,,0,0,0,0,0,0.2977,12.95,14886,0,uvm_report_server
RUN-003615,reg_sweep_test-003615,38208298,FAIL,fail,FIFO_UNDERRUN,B_DMA_0x31,FIFO_UNDERRUN,40480,1,0,0,0,0,0.046,6.72,2300,1,uvm_report_server
RUN-003616,backpressure_test-003616,932642401,FAIL,fail,FIFO_UNDERRUN,B_DMA_0x31,FIFO_UNDERRUN,30184,2,0,0,1,0,0.0343,11.48,6852,1,uvm_report_server
RUN-003617,uart_loopback_test-003617,1673146718,PASS,pass,NONE,,,,0,0,0,0,0,0.057,133.9,11394,0,uvm_report_server
RUN-003618,uart_loopback_test-003618,565454624,FAIL,fail,PSLVERR_TIMEOUT,B_APB_0x55,PSLVERR_TIMEOUT,547184,2,0,1,0,0,0.6218,2.31,31088,1,uvm_report_server
RUN-003619,irq_storm_test-003619,1950445250,FAIL,fail,BUS_STARVATION,B_ARB_0x12,BUS_STARVATION,162184,4,0,0,1,0,0.1843,15.14,18425,1,uvm_report_server
RUN-003620,backpressure_test-003620,1873231570,FAIL,fail,PSLVERR_TIMEOUT,B_APB_0x55,PSLVERR_TIMEOUT,361768,2,0,1,0,0,0.4111,1.31,20555,1,uvm_report_server
RUN-003621,parity_stress_test-003621,1673849617,PASS,pass,NONE,,,,0,1,0,0,0,0.0508,43.93,5075,0,uvm_report_server
RUN-003622,reg_sweep_test-003622,1788450627,PASS,pass,NONE,,,,0,1,0,0,0,0.4309,8.95,10771,0,uvm_report_server
RUN-003623,uart_loopback_test-003623,1059523923,PASS,pass,NONE,,,,0,0,0,0,0,0.2572,7.25,12862,0,uvm_report_server
RUN-003624,irq_storm_test-003624,151130397,FAIL,fail,FRAMING_ERROR,B_UART_0x24,FRAMING_ERROR,224576,1,0,0,0,1,0.2552,7.9,12758,1,uvm_report_server
RUN-003625,reset_recovery_test-003625,2003732641,FAIL,fail,FIFO_UNDERRUN,B_DMA_0x31,FIFO_UNDERRUN,26664,4,0,0,1,0,0.0303,11.87,6054,1,uvm_report_server
RUN-003626,dma_burst_test-003626,970415403,FAIL,fail,PSLVERR_TIMEOUT,B_APB_0x55,PSLVERR_TIMEOUT,440440,2,1,1,0,0,0.5005,3.15,25027,1,uvm_report_server
RUN-003627,backpressure_test-003627,669200148,PASS,pass,NONE,,,,0,1,0,0,0,1.2758,6.3,31895,0,uvm_report_server
RUN-003628,parity_stress_test-003628,1730421996,PASS,pass,NONE,,,,0,0,0,0,0,0.0749,28.42,3745,0,uvm_report_server
RUN-003629,parity_stress_test-003629,1486585929,PASS,pass,NONE,,,,0,0,0,0,0,0.2374,8.09,11868,0,uvm_report_server
RUN-003630,reg_sweep_test-003630,1505445343,PASS,pass,NONE,,,,0,0,0,0,0,0.0897,46.87,8965,0,uvm_report_server
RUN-003631,uart_loopback_test-003631,1377809092,FAIL,fail,PREADY_TIMEOUT,B_APB_0x58,PREADY_TIMEOUT,154352,2,1,1,0,0,0.1754,9.36,17541,1,uvm_report_server
RUN-003632,dma_burst_test-003632,1736570807,PASS,pass,NONE,,,,0,0,0,0,0,0.0266,17.87,5324,0,uvm_report_server
RUN-003633,irq_storm_test-003633,1100387022,FAIL,fail,BUS_STARVATION,B_ARB_0x12,BUS_STARVATION,329384,2,1,0,1,0,0.3743,1.93,9357,1,uvm_report_server
RUN-003634,backpressure_test-003634,113449806,FAIL,fail,FIFO_UNDERRUN,B_DMA_0x31,FIFO_UNDERRUN,48048,2,0,0,0,0,0.0546,4.03,5456,1,uvm_report_server
RUN-003635,parity_stress_test-003635,449880383,FAIL,fail,IRQ_LOST,B_IRQ_0x45,IRQ_LOST,49192,1,0,0,0,0,0.0559,8.67,2793,1,uvm_report_server
RUN-003636,parity_stress_test-003636,346626702,PASS,pass,NONE,,,,0,1,0,0,0,0.0756,55.62,7559,0,uvm_report_server
RUN-003637,irq_storm_test-003637,1052649999,FAIL,fail,IRQ_LOST,B_IRQ_0x45,IRQ_LOST,253440,3,1,0,1,0,0.288,2.05,14399,1,uvm_report_server
RUN-003638,reset_recovery_test-003638,1165717804,PASS,pass,NONE,,,,0,0,0,0,0,0.0734,25.32,14684,0,uvm_report_server
RUN-003639,dma_burst_test-003639,868048330,PASS,pass,NONE,,,,0,0,0,0,0,0.4525,18.56,11311,0,uvm_report_server
RUN-003640,parity_stress_test-003640,466188091,PASS,pass,NONE,,,,0,0,0,0,0,0.1128,17.32,11277,0,uvm_report_server
RUN-003641,dma_burst_test-003641,86988304,PASS,pass,NONE,,,,0,1,0,0,0,0.1434,28.84,7167,0,uvm_report_server
RUN-003642,backpressure_test-003642,912481066,FAIL,fail,FIFO_UNDERRUN,B_DMA_0x31,FIFO_UNDERRUN,126632,4,1,0,1,0,0.1439,1.79,7193,1,uvm_report_server
RUN-003643,dma_burst_test-003643,1106608854,PASS,pass,NONE,,,,0,1,0,0,0,0.0751,231.51,15023,0,uvm_report_server
RUN-003644,irq_storm_test-003644,252465276,FAIL,fail,BUS_STARVATION,B_ARB_0x12,BUS_STARVATION,35376,3,0,0,1,0,0.0402,26.81,8036,1,uvm_report_server
RUN-003645,irq_storm_test-003645,156924331,PASS,pass,NONE,,,,0,0,0,0,0,0.049,10.4,4897,0,uvm_report_server
RUN-003646,backpressure_test-003646,1379873698,PASS,pass,NONE,,,,0,1,0,0,0,0.474,16.92,11850,0,uvm_report_server
RUN-003647,uart_loopback_test-003647,1582370991,PASS,pass,NONE,,,,0,0,0,0,0,0.0654,8.16,3268,0,uvm_report_server
RUN-003648,irq_storm_test-003648,255995348,FAIL,fail,FIFO_UNDERRUN,B_DMA_0x31,FIFO_UNDERRUN,338272,3,1,0,1,0,0.3844,0.93,9609,1,uvm_report_server
RUN-003649,reset_recovery_test-003649,1255367465,PASS,pass,NONE,,,,0,0,0,0,0,0.2164,2.25,5410,0,uvm_report_server
RUN-003650,reset_recovery_test-003650,1474092681,PASS,pass,NONE,,,,0,0,0,0,0,0.1546,12.23,7727,0,uvm_report_server
RUN-003651,parity_stress_test-003651,2071969312,PASS,pass,NONE,,,,0,0,0,0,0,0.0234,91.43,4674,0,uvm_report_server
RUN-003652,dma_burst_test-003652,366479181,PASS,pass,NONE,,,,0,1,0,0,0,0.1678,26.48,16775,0,uvm_report_server
RUN-003653,dma_burst_test-003653,560845256,FAIL,fail,FRAMING_ERROR,B_UART_0x24,FRAMING_ERROR,1187824,4,0,0,1,1,1.3498,2.28,33745,1,uvm_report_server
RUN-003654,backpressure_test-003654,1614009784,FAIL,fail,PSLVERR_TIMEOUT,B_APB_0x55,PSLVERR_TIMEOUT,536272,2,0,1,0,0,0.6094,2.48,60936,1,uvm_report_server
RUN-003655,dma_burst_test-003655,1566999258,PASS,pass,NONE,,,,0,0,0,0,0,0.1776,5.95,4438,0,uvm_report_server
RUN-003656,reg_sweep_test-003656,1659223709,FAIL,fail,FRAMING_ERROR,B_UART_0x24,FRAMING_ERROR,48664,2,1,0,1,1,0.0553,21.97,5526,1,uvm_report_server
RUN-003657,reset_recovery_test-003657,921150520,PASS,pass,NONE,,,,0,0,0,0,0,0.1454,119.17,14536,0,uvm_report_server
RUN-003658,reg_sweep_test-003658,1595060183,PASS,pass,NONE,,,,0,0,0,0,0,0.4881,2.22,12202,0,uvm_report_server
RUN-003659,reset_recovery_test-003659,1513180857,PASS,pass,NONE,,,,0,0,0,0,0,0.3419,13.01,34189,0,uvm_report_server
RUN-003660,dma_burst_test-003660,1379948002,PASS,pass,NONE,,,,0,0,0,0,0,0.7007,2.78,17516,0,uvm_report_server
RUN-003661,irq_storm_test-003661,1022305120,PASS,pass,NONE,,,,0,0,0,0,0,0.1612,13.43,16124,0,uvm_report_server
RUN-003662,reset_recovery_test-003662,2130108076,PASS,pass,NONE,,,,0,0,0,0,0,0.0853,48.26,8529,0,uvm_report_server
RUN-003663,dma_burst_test-003663,305047044,PASS,pass,NONE,,,,0,0,0,0,0,0.312,26.82,31198,0,uvm_report_server
RUN-003664,irq_storm_test-003664,651725378,PASS,pass,NONE,,,,0,0,0,0,0,0.058,8.74,2897,0,uvm_report_server
RUN-003665,uart_loopback_test-003665,23235822,PASS,pass,NONE,,,,0,1,0,0,0,0.0365,25.5,3649,0,uvm_report_server
RUN-003666,uart_loopback_test-003666,1889203180,PASS,pass,NONE,,,,0,1,0,0,0,0.1467,12.62,14667,0,uvm_report_server
RUN-003667,reset_recovery_test-003667,14932535,PASS,pass,NONE,,,,0,0,0,0,0,0.0465,21.07,4647,0,uvm_report_server
RUN-003668,uart_loopback_test-003668,483753193,FAIL,fail,BUS_STARVATION,B_ARB_0x12,BUS_STARVATION,140536,1,0,0,0,0,0.1597,4.5,7984,1,uvm_report_server
RUN-003669,parity_stress_test-003669,1352059471,PASS,pass,NONE,,,,0,0,0,0,0,0.1307,7.83,3266,0,uvm_report_server
RUN-003670,reset_recovery_test-003670,2106754957,PASS,pass,NONE,,,,0,1,0,0,0,0.082,13.06,16400,0,uvm_report_server
RUN-003671,reg_sweep_test-003671,512141301,PASS,pass,NONE,,,,0,0,0,0,0,0.1748,23.76,17483,0,uvm_report_server
RUN-003672,irq_storm_test-003672,656303923,PASS,pass,NONE,,,,0,1,0,0,0,0.0361,14.67,7229,0,uvm_report_server
RUN-003673,reg_sweep_test-003673,1337631274,PASS,pass,NONE,,,,0,0,0,0,0,0.3828,1.36,9570,0,uvm_report_server
RUN-003674,dma_burst_test-003674,1213152924,PASS,pass,NONE,,,,0,0,0,0,0,0.0409,47.11,4092,0,uvm_report_server
RUN-003675,parity_stress_test-003675,1352691580,PASS,pass,NONE,,,,0,0,0,0,0,0.065,57.81,13005,0,uvm_report_server
RUN-003676,parity_stress_test-003676,1290675802,FAIL,fail,PSLVERR_TIMEOUT,B_APB_0x55,PSLVERR_TIMEOUT,279576,2,1,1,0,0,0.3177,13.95,63531,1,uvm_report_server
RUN-003677,backpressure_test-003677,402811319,PASS,pass,NONE,,,,0,0,0,0,0,0.1778,12.0,8889,0,uvm_report_server
RUN-003678,reg_sweep_test-003678,706054502,PASS,pass,NONE,,,,0,0,0,0,0,0.2223,10.0,22232,0,uvm_report_server
RUN-003679,dma_burst_test-003679,1095180169,FAIL,fail,BUS_STARVATION,B_ARB_0x12,BUS_STARVATION,331760,3,0,0,1,0,0.377,1.91,37699,1,uvm_report_server
RUN-003680,reg_sweep_test-003680,63250664,PASS,pass,NONE,,,,0,0,0,0,0,0.0364,60.02,7270,0,uvm_report_server
RUN-003681,reg_sweep_test-003681,2037454944,PASS,pass,NONE,,,,0,0,0,0,0,0.6998,5.7,17495,0,uvm_report_server
RUN-003682,dma_burst_test-003682,353369353,PASS,pass,NONE,,,,0,0,0,0,0,0.5426,28.47,27130,0,uvm_report_server
RUN-003683,irq_storm_test-003683,853959619,FAIL,fail,FIFO_UNDERRUN,B_DMA_0x31,FIFO_UNDERRUN,95304,3,1,0,1,0,0.1083,3.57,2706,1,uvm_report_server
RUN-003684,dma_burst_test-003684,357952502,FAIL,fail,PSLVERR_TIMEOUT,B_APB_0x55,PSLVERR_TIMEOUT,493592,2,1,1,0,0,0.5609,9.08,56089,1,uvm_report_server
RUN-003685,dma_burst_test-003685,451473297,PASS,pass,NONE,,,,0,1,0,0,0,0.3075,27.59,30750,0,uvm_report_server
RUN-003686,parity_stress_test-003686,741592192,PASS,pass,NONE,,,,0,1,0,0,0,0.1625,25.11,16254,0,uvm_report_server
RUN-003687,uart_loopback_test-003687,49295594,FAIL,fail,IRQ_LOST,B_IRQ_0x45,IRQ_LOST,126632,3,0,0,0,0,0.1439,3.22,7196,1,uvm_report_server
RUN-003688,reset_recovery_test-003688,1046110203,PASS,pass,NONE,,,,0,0,0,0,0,0.2584,31.28,25836,0,uvm_report_server
RUN-003689,backpressure_test-003689,632464864,FAIL,fail,PSLVERR_TIMEOUT,B_APB_0x55,PSLVERR_TIMEOUT,1584704,3,1,1,1,0,1.8008,1.26,45020,1,uvm_report_server
RUN-003690,backpressure_test-003690,1427120356,PASS,pass,NONE,,,,0,1,0,0,0,0.2333,2.28,5832,0,uvm_report_server
RUN-003691,irq_storm_test-003691,893890902,PASS,pass,NONE,,,,0,1,0,0,0,0.3447,3.16,17236,0,uvm_report_server
RUN-003692,backpressure_test-003692,530738882,PASS,pass,NONE,,,,0,1,0,0,0,0.0754,12.31,3768,0,uvm_report_server
RUN-003693,irq_storm_test-003693,1729425324,PASS,pass,NONE,,,,0,0,0,0,0,0.0926,83.16,9255,0,uvm_report_server
RUN-003694,dma_burst_test-003694,1947587759,FAIL,fail,PSLVERR_TIMEOUT,B_APB_0x55,PSLVERR_TIMEOUT,353232,3,0,1,1,0,0.4014,3.07,40140,1,uvm_report_server
RUN-003695,uart_loopback_test-003695,954902273,PASS,pass,NONE,,,,0,0,0,0,0,0.2476,7.53,12380,0,uvm_report_server
RUN-003696,reg_sweep_test-003696,659015950,FAIL,fail,FRAMING_ERROR,B_UART_0x24,FRAMING_ERROR,375232,4,0,0,1,1,0.4264,1.52,10659,1,uvm_report_server
RUN-003697,backpressure_test-003697,257100487,PASS,pass,NONE,,,,0,0,0,0,0,0.3465,3.22,8661,0,uvm_report_server
RUN-003698,reg_sweep_test-003698,657036308,PASS,pass,NONE,,,,0,1,0,0,0,0.0622,33.61,6222,0,uvm_report_server
RUN-003699,reset_recovery_test-003699,601611926,FAIL,fail,BUS_STARVATION,B_ARB_0x12,BUS_STARVATION,1311728,2,1,0,0,0,1.4906,1.89,37265,1,uvm_report_server
RUN-003700,parity_stress_test-003700,573646643,FAIL,fail,FRAMING_ERROR,B_UART_0x24,FRAMING_ERROR,673024,2,1,0,0,1,0.7648,2.85,76475,1,uvm_report_server
RUN-003701,reg_sweep_test-003701,790048347,FAIL,fail,BUS_STARVATION,B_ARB_0x12,BUS_STARVATION,261800,3,0,0,1,0,0.2975,1.37,7436,1,uvm_report_server
RUN-003702,reg_sweep_test-003702,1157093439,PASS,pass,NONE,,,,0,0,0,0,0,0.9432,7.96,23579,0,uvm_report_server
RUN-003703,irq_storm_test-003703,1397983151,PASS,pass,NONE,,,,0,1,0,0,0,0.0964,46.23,4818,0,uvm_report_server
RUN-003704,reset_recovery_test-003704,1481018713,PASS,pass,NONE,,,,0,1,0,0,0,0.0656,56.43,6560,0,uvm_report_server
RUN-003705,reset_recovery_test-003705,987072172,FAIL,fail,BUS_STARVATION,B_ARB_0x12,BUS_STARVATION,182776,2,0,0,1,0,0.2077,0.57,5193,1,uvm_report_server
RUN-003706,backpressure_test-003706,1741013762,PASS,pass,NONE,,,,0,1,0,0,0,0.0534,84.29,10688,0,uvm_report_server
RUN-003707,reg_sweep_test-003707,428123492,PASS,pass,NONE,,,,0,0,0,0,0,0.1574,26.97,7870,0,uvm_report_server
RUN-003708,reg_sweep_test-003708,1927239350,PASS,pass,NONE,,,,0,0,0,0,0,0.0872,6.3,4358,0,uvm_report_server
RUN-003709,reset_recovery_test-003709,1454685340,PASS,pass,NONE,,,,0,1,0,0,0,0.0689,30.22,13772,0,uvm_report_server
RUN-003710,irq_storm_test-003710,2068616888,PASS,pass,NONE,,,,0,0,0,0,0,0.122,17.45,6099,0,uvm_report_server
RUN-003711,reg_sweep_test-003711,1564778404,FAIL,fail,BUS_STARVATION,B_ARB_0x12,BUS_STARVATION,285472,3,0,0,0,0,0.3244,24.29,64888,1,uvm_report_server
RUN-003712,uart_loopback_test-003712,379196839,PASS,pass,NONE,,,,0,1,0,0,0,0.3038,6.52,15187,0,uvm_report_server
RUN-003713,reg_sweep_test-003713,1731249082,PASS,pass,NONE,,,,0,0,0,0,0,1.8506,1.99,46264,0,uvm_report_server
RUN-003714,uart_loopback_test-003714,141251805,PASS,pass,NONE,,,,0,1,0,0,0,0.0803,25.96,8034,0,uvm_report_server
RUN-003715,reset_recovery_test-003715,1032172680,PASS,pass,NONE,,,,0,0,0,0,0,0.0314,32.83,6270,0,uvm_report_server
RUN-003716,irq_storm_test-003716,1794889677,PASS,pass,NONE,,,,0,0,0,0,0,0.1572,6.94,15722,0,uvm_report_server
RUN-003717,dma_burst_test-003717,210157993,FAIL,fail,BUS_STARVATION,B_ARB_0x12,BUS_STARVATION,151360,4,1,0,1,0,0.172,1.84,17202,1,uvm_report_server
RUN-003718,reg_sweep_test-003718,1846184091,PASS,pass,NONE,,,,0,0,0,0,0,0.6391,12.99,15978,0,uvm_report_server
RUN-003719,backpressure_test-003719,202507470,FAIL,fail,PREADY_TIMEOUT,B_APB_0x58,PREADY_TIMEOUT,900592,3,0,1,1,0,1.0234,4.47,51172,1,uvm_report_server
RUN-003720,dma_burst_test-003720,1509374570,PASS,pass,NONE,,,,0,0,0,0,0,0.0435,21.54,4347,0,uvm_report_server
RUN-003721,reg_sweep_test-003721,1137561874,FAIL,fail,PSLVERR_TIMEOUT,B_APB_0x55,PSLVERR_TIMEOUT,181896,3,0,1,1,0,0.2067,0.98,20667,1,uvm_report_server
RUN-003722,backpressure_test-003722,1593641581,PASS,pass,NONE,,,,0,1,0,0,0,0.0504,18.98,5042,0,uvm_report_server
RUN-003723,irq_storm_test-003723,1003043318,FAIL,fail,IRQ_LOST,B_IRQ_0x45,IRQ_LOST,126280,2,0,0,0,0,0.1435,3.29,3586,1,uvm_report_server
RUN-003724,backpressure_test-003724,313906599,PASS,pass,NONE,,,,0,0,0,0,0,0.0975,42.52,9753,0,uvm_report_server
RUN-003725,uart_loopback_test-003725,541898714,PASS,pass,NONE,,,,0,0,0,0,0,0.0582,17.81,11639,0,uvm_report_server
RUN-003726,backpressure_test-003726,608827918,PASS,pass,NONE,,,,0,0,0,0,0,0.1746,12.55,17462,0,uvm_report_server
RUN-003727,uart_loopback_test-003727,1282303945,PASS,pass,NONE,,,,0,1,0,0,0,0.4225,4.8,10563,0,uvm_report_server
RUN-003728,dma_burst_test-003728,547323858,PASS,pass,NONE,,,,0,1,0,0,0,0.4468,8.72,22340,0,uvm_report_server
RUN-003729,reset_recovery_test-003729,1341352619,FAIL,fail,FRAMING_ERROR,B_UART_0x24,FRAMING_ERROR,250888,2,1,0,1,1,0.2851,1.36,14255,1,uvm_report_server
RUN-003730,backpressure_test-003730,773234085,PASS,pass,NONE,,,,0,0,0,0,0,0.1066,10.19,5327,0,uvm_report_server
RUN-003731,reg_sweep_test-003731,1035454194,PASS,pass,NONE,,,,0,0,0,0,0,0.0189,26.23,3787,0,uvm_report_server
RUN-003732,reset_recovery_test-003732,572236549,PASS,pass,NONE,,,,0,1,0,0,0,0.3939,45.67,39388,0,uvm_report_server
RUN-003733,dma_burst_test-003733,1138835740,PASS,pass,NONE,,,,0,0,0,0,0,0.546,7.23,13649,0,uvm_report_server
RUN-003734,backpressure_test-003734,432587771,PASS,pass,NONE,,,,0,1,0,0,0,0.0244,170.0,4887,0,uvm_report_server
RUN-003735,reset_recovery_test-003735,1609111008,PASS,pass,NONE,,,,0,0,0,0,0,0.163,22.62,8147,0,uvm_report_server
RUN-003736,irq_storm_test-003736,2128872722,PASS,pass,NONE,,,,0,1,0,0,0,0.091,96.63,9104,0,uvm_report_server
RUN-003737,dma_burst_test-003737,2013488258,FAIL,fail,PSLVERR_TIMEOUT,B_APB_0x55,PSLVERR_TIMEOUT,1882936,3,0,1,1,0,2.1397,1.97,53491,1,uvm_report_server
RUN-003738,uart_loopback_test-003738,1568189884,PASS,pass,NONE,,,,0,0,0,0,0,0.0608,3.85,3039,0,uvm_report_server
RUN-003739,reset_recovery_test-003739,1004174597,PASS,pass,NONE,,,,0,0,0,0,0,0.214,19.95,10699,0,uvm_report_server
RUN-003740,irq_storm_test-003740,1175539269,PASS,pass,NONE,,,,0,0,0,0,0,0.2122,9.37,5305,0,uvm_report_server
RUN-003741,reg_sweep_test-003741,482602590,PASS,pass,NONE,,,,0,0,0,0,0,1.7174,10.08,42934,0,uvm_report_server
RUN-003742,dma_burst_test-003742,1558480801,PASS,pass,NONE,,,,0,1,0,0,0,1.0712,14.59,26780,0,uvm_report_server
RUN-003743,reg_sweep_test-003743,541131883,PASS,pass,NONE,,,,0,0,0,0,0,0.8017,5.16,20043,0,uvm_report_server
RUN-003744,uart_loopback_test-003744,687198189,PASS,pass,NONE,,,,0,0,0,0,0,0.3346,5.95,33464,0,uvm_report_server
RUN-003745,reg_sweep_test-003745,1750946927,PASS,pass,NONE,,,,0,0,0,0,0,0.0676,63.74,6759,0,uvm_report_server
RUN-003746,uart_loopback_test-003746,2039081671,PASS,pass,NONE,,,,0,0,0,0,0,0.0781,27.33,7810,0,uvm_report_server
RUN-003747,reg_sweep_test-003747,1655179313,FAIL,fail,FRAMING_ERROR,B_UART_0x24,FRAMING_ERROR,134024,3,0,0,1,1,0.1523,5.81,30460,1,uvm_report_server
RUN-003748,reg_sweep_test-003748,575218835,PASS,pass,NONE,,,,0,0,0,0,0,0.1874,23.48,9368,0,uvm_report_server
RUN-003749,dma_burst_test-003749,1051032879,FAIL,fail,PSLVERR_TIMEOUT,B_APB_0x55,PSLVERR_TIMEOUT,2114464,3,1,1,1,0,2.4028,3.23,120141,1,uvm_report_server
RUN-003750,parity_stress_test-003750,831862406,PASS,pass,NONE,,,,0,0,0,0,0,0.0305,134.08,6103,0,uvm_report_server
RUN-003751,reset_recovery_test-003751,583506352,PASS,pass,NONE,,,,0,0,0,0,0,0.0288,34.16,5762,0,uvm_report_server
RUN-003752,reg_sweep_test-003752,2005908755,PASS,pass,NONE,,,,0,0,0,0,0,0.097,10.91,9704,0,uvm_report_server
RUN-003753,uart_loopback_test-003753,715663449,PASS,pass,NONE,,,,0,0,0,0,0,0.0464,45.46,4640,0,uvm_report_server
RUN-003754,reg_sweep_test-003754,593376452,PASS,pass,NONE,,,,0,0,0,0,0,0.0865,98.61,17299,0,uvm_report_server
RUN-003755,dma_burst_test-003755,1873641052,PASS,pass,NONE,,,,0,1,0,0,0,0.5492,14.94,13730,0,uvm_report_server
RUN-003756,irq_storm_test-003756,1749946888,PASS,pass,NONE,,,,0,0,0,0,0,0.6964,1.35,17410,0,uvm_report_server
RUN-003757,dma_burst_test-003757,865218145,PASS,pass,NONE,,,,0,1,0,0,0,0.0639,67.58,12784,0,uvm_report_server
RUN-003758,parity_stress_test-003758,1133257321,PASS,pass,NONE,,,,0,1,0,0,0,0.1877,45.6,18770,0,uvm_report_server
RUN-003759,uart_loopback_test-003759,1067584034,PASS,pass,NONE,,,,0,1,0,0,0,0.143,52.53,28598,0,uvm_report_server
RUN-003760,backpressure_test-003760,2140185381,FAIL,fail,BUS_STARVATION,B_ARB_0x12,BUS_STARVATION,431552,3,0,0,0,0,0.4904,12.68,49043,1,uvm_report_server
RUN-003761,dma_burst_test-003761,1239019644,PASS,pass,NONE,,,,0,0,0,0,0,0.1565,28.2,31309,0,uvm_report_server
RUN-003762,parity_stress_test-003762,1353467003,PASS,pass,NONE,,,,0,0,0,0,0,0.547,4.08,27352,0,uvm_report_server
RUN-003763,reg_sweep_test-003763,1386687674,PASS,pass,NONE,,,,0,1,0,0,0,0.0556,34.08,5563,0,uvm_report_server
RUN-003764,reset_recovery_test-003764,543910143,PASS,pass,NONE,,,,0,0,0,0,0,0.0973,20.74,9734,0,uvm_report_server
RUN-003765,reg_sweep_test-003765,1006241612,PASS,pass,NONE,,,,0,0,0,0,0,0.1331,125.17,26629,0,uvm_report_server
RUN-003766,uart_loopback_test-003766,1449937476,PASS,pass,NONE,,,,0,0,0,0,0,0.2829,29.18,14144,0,uvm_report_server
RUN-003767,parity_stress_test-003767,1149882091,PASS,pass,NONE,,,,0,1,0,0,0,0.2298,19.46,22975,0,uvm_report_server
RUN-003768,reg_sweep_test-003768,206066064,PASS,pass,NONE,,,,0,1,0,0,0,1.3562,3.01,33904,0,uvm_report_server
RUN-003769,dma_burst_test-003769,207466506,FAIL,fail,PSLVERR_TIMEOUT,B_APB_0x55,PSLVERR_TIMEOUT,492008,2,0,1,0,0,0.5591,1.33,13978,1,uvm_report_server
RUN-003770,irq_storm_test-003770,1070305026,PASS,pass,NONE,,,,0,0,0,0,0,0.0258,41.62,2575,0,uvm_report_server
RUN-003771,backpressure_test-003771,1801261889,PASS,pass,NONE,,,,0,0,0,0,0,0.0678,56.73,6778,0,uvm_report_server
RUN-003772,reg_sweep_test-003772,336831573,PASS,pass,NONE,,,,0,0,0,0,0,0.3002,28.64,30021,0,uvm_report_server
RUN-003773,reg_sweep_test-003773,1103582932,PASS,pass,NONE,,,,0,0,0,0,0,0.2578,7.28,12887,0,uvm_report_server
RUN-003774,parity_stress_test-003774,1525302659,PASS,pass,NONE,,,,0,0,0,0,0,0.3396,22.27,33956,0,uvm_report_server
RUN-003775,backpressure_test-003775,1137115839,FAIL,fail,PSLVERR_TIMEOUT,B_APB_0x55,PSLVERR_TIMEOUT,276584,3,0,1,1,0,0.3143,3.24,31433,1,uvm_report_server
RUN-003776,irq_storm_test-003776,1727024480,PASS,pass,NONE,,,,0,0,0,0,0,0.3002,28.61,30017,0,uvm_report_server
RUN-003777,reset_recovery_test-003777,2056998699,PASS,pass,NONE,,,,0,0,0,0,0,0.0438,85.31,4377,0,uvm_report_server
RUN-003778,dma_burst_test-003778,1258091454,PASS,pass,NONE,,,,0,1,0,0,0,0.6115,6.49,15287,0,uvm_report_server
RUN-003779,reset_recovery_test-003779,1082397293,PASS,pass,NONE,,,,0,0,0,0,0,0.1499,3.45,7496,0,uvm_report_server
RUN-003780,backpressure_test-003780,134222485,FAIL,fail,FIFO_UNDERRUN,B_DMA_0x31,FIFO_UNDERRUN,17424,4,1,0,1,0,0.0198,12.09,3953,1,uvm_report_server
RUN-003781,reg_sweep_test-003781,386888246,FAIL,fail,IRQ_LOST,B_IRQ_0x45,IRQ_LOST,123640,3,0,0,0,0,0.1405,3.79,7023,1,uvm_report_server
RUN-003782,reg_sweep_test-003782,1178368897,PASS,pass,NONE,,,,0,0,0,0,0,0.0233,20.61,4653,0,uvm_report_server
RUN-003783,dma_burst_test-003783,806224998,PASS,pass,NONE,,,,0,0,0,0,0,0.0439,10.76,4387,0,uvm_report_server
RUN-003784,uart_loopback_test-003784,1364923942,PASS,pass,NONE,,,,0,0,0,0,0,0.0953,44.68,9528,0,uvm_report_server
RUN-003785,reg_sweep_test-003785,8735742,PASS,pass,NONE,,,,0,1,0,0,0,0.1222,8.06,6112,0,uvm_report_server
RUN-003786,dma_burst_test-003786,167916604,PASS,pass,NONE,,,,0,0,0,0,0,0.1487,6.84,14867,0,uvm_report_server
RUN-003787,irq_storm_test-003787,1830185385,FAIL,fail,PSLVERR_TIMEOUT,B_APB_0x55,PSLVERR_TIMEOUT,1397704,2,0,1,0,0,1.5883,0.71,79414,1,uvm_report_server
RUN-003788,dma_burst_test-003788,724392207,PASS,pass,NONE,,,,0,0,0,0,0,0.1103,8.7,5514,0,uvm_report_server
RUN-003789,reg_sweep_test-003789,859600304,FAIL,fail,FRAMING_ERROR,B_UART_0x24,FRAMING_ERROR,160688,3,1,0,1,1,0.1826,5.74,9127,1,uvm_report_server
RUN-003790,irq_storm_test-003790,1515476267,FAIL,fail,PREADY_TIMEOUT,B_APB_0x58,PREADY_TIMEOUT,88352,1,0,1,0,0,0.1004,13.39,20078,1,uvm_report_server
RUN-003791,reg_sweep_test-003791,806804599,FAIL,fail,FIFO_UNDERRUN,B_DMA_0x31,FIFO_UNDERRUN,57904,1,1,0,0,0,0.0658,6.81,6579,1,uvm_report_server
RUN-003792,reg_sweep_test-003792,830539671,PASS,pass,NONE,,,,0,1,0,0,0,0.0577,35.83,5774,0,uvm_report_server
RUN-003793,dma_burst_test-003793,790595114,PASS,pass,NONE,,,,0,0,0,0,0,0.1073,8.71,5364,0,uvm_report_server
RUN-003794,reset_recovery_test-003794,1250243668,PASS,pass,NONE,,,,0,1,0,0,0,0.4116,21.76,20581,0,uvm_report_server
RUN-003795,reset_recovery_test-003795,313554046,FAIL,fail,BUS_STARVATION,B_ARB_0x12,BUS_STARVATION,283800,4,0,0,1,0,0.3225,2.28,8062,1,uvm_report_server
RUN-003796,uart_loopback_test-003796,796061051,PASS,pass,NONE,,,,0,0,0,0,0,0.3733,10.42,37326,0,uvm_report_server
RUN-003797,irq_storm_test-003797,1429991131,PASS,pass,NONE,,,,0,0,0,0,0,0.1769,11.16,8845,0,uvm_report_server
RUN-003798,reset_recovery_test-003798,600052313,PASS,pass,NONE,,,,0,0,0,0,0,0.1794,6.17,4485,0,uvm_report_server
RUN-003799,dma_burst_test-003799,889310904,PASS,pass,NONE,,,,0,0,0,0,0,0.4451,16.62,22254,0,uvm_report_server
RUN-003800,reset_recovery_test-003800,127208223,PASS,pass,NONE,,,,0,0,0,0,0,0.0172,29.73,3441,0,uvm_report_server
RUN-003801,irq_storm_test-003801,931541707,FAIL,fail,FRAMING_ERROR,B_UART_0x24,FRAMING_ERROR,142912,3,0,0,0,1,0.1624,31.89,32477,1,uvm_report_server
RUN-003802,dma_burst_test-003802,1596215831,FAIL,fail,BUS_STARVATION,B_ARB_0x12,BUS_STARVATION,215600,2,0,0,0,0,0.245,41.5,24502,1,uvm_report_server
RUN-003803,reg_sweep_test-003803,1593814228,PASS,pass,NONE,,,,0,0,0,0,0,0.4323,4.71,10808,0,uvm_report_server
RUN-003804,backpressure_test-003804,1972248688,FAIL,fail,FRAMING_ERROR,B_UART_0x24,FRAMING_ERROR,104104,2,1,0,0,1,0.1183,5.82,5915,1,uvm_report_server
RUN-003805,reset_recovery_test-003805,1898655742,PASS,pass,NONE,,,,0,0,0,0,0,0.0707,7.39,3534,0,uvm_report_server
RUN-003806,dma_burst_test-003806,2137326222,FAIL,fail,PSLVERR_TIMEOUT,B_APB_0x55,PSLVERR_TIMEOUT,166760,3,0,1,1,0,0.1895,7.4,18952,1,uvm_report_server
RUN-003807,irq_storm_test-003807,1799545909,PASS,pass,NONE,,,,0,0,0,0,0,0.207,37.61,41392,0,uvm_report_server
RUN-003808,dma_burst_test-003808,1233869296,PASS,pass,NONE,,,,0,0,0,0,0,0.0688,56.96,6882,0,uvm_report_server
RUN-003809,uart_loopback_test-003809,2042478977,FAIL,fail,IRQ_LOST,B_IRQ_0x45,IRQ_LOST,405768,2,0,0,0,0,0.4611,11.79,23057,1,uvm_report_server
RUN-003810,dma_burst_test-003810,705432505,FAIL,fail,FRAMING_ERROR,B_UART_0x24,FRAMING_ERROR,122408,2,1,0,0,1,0.1391,9.4,6955,1,uvm_report_server
RUN-003811,reg_sweep_test-003811,651059319,PASS,pass,NONE,,,,0,0,0,0,0,0.6624,2.9,16561,0,uvm_report_server
RUN-003812,irq_storm_test-003812,570600813,FAIL,fail,PSLVERR_TIMEOUT,B_APB_0x55,PSLVERR_TIMEOUT,1599928,2,0,1,0,0,1.8181,2.32,45452,1,uvm_report_server
RUN-003813,parity_stress_test-003813,379987797,FAIL,fail,BUS_STARVATION,B_ARB_0x12,BUS_STARVATION,83864,3,0,0,0,0,0.0953,7.45,4762,1,uvm_report_server
RUN-003814,dma_burst_test-003814,619345625,PASS,pass,NONE,,,,0,1,0,0,0,0.137,15.91,6851,0,uvm_report_server
RUN-003815,parity_stress_test-003815,369458665,FAIL,fail,BUS_STARVATION,B_ARB_0x12,BUS_STARVATION,85536,2,1,0,0,0,0.0972,6.06,9715,1,uvm_report_server
RUN-003816,backpressure_test-003816,1792469100,PASS,pass,NONE,,,,0,1,0,0,0,0.2922,28.65,29221,0,uvm_report_server
RUN-003817,reset_recovery_test-003817,703711472,PASS,pass,NONE,,,,0,1,0,0,0,0.1308,32.92,13077,0,uvm_report_server
RUN-003818,parity_stress_test-003818,110463949,FAIL,fail,PREADY_TIMEOUT,B_APB_0x58,PREADY_TIMEOUT,69784,3,0,1,0,0,0.0793,16.78,15852,1,uvm_report_server
RUN-003819,uart_loopback_test-003819,377341800,FAIL,fail,FIFO_UNDERRUN,B_DMA_0x31,FIFO_UNDERRUN,162096,3,0,0,1,0,0.1842,2.76,4603,1,uvm_report_server
RUN-003820,reg_sweep_test-003820,1480425207,PASS,pass,NONE,,,,0,0,0,0,0,0.2065,4.62,5161,0,uvm_report_server
RUN-003821,parity_stress_test-003821,1653992763,FAIL,fail,PSLVERR_TIMEOUT,B_APB_0x55,PSLVERR_TIMEOUT,194480,3,0,1,1,0,0.221,3.51,22102,1,uvm_report_server
RUN-003822,reg_sweep_test-003822,1934573301,PASS,pass,NONE,,,,0,0,0,0,0,0.1306,31.0,6529,0,uvm_report_server
RUN-003823,dma_burst_test-003823,343497228,FAIL,fail,BUS_STARVATION,B_ARB_0x12,BUS_STARVATION,54560,2,0,0,1,0,0.062,20.08,6203,1,uvm_report_server
RUN-003824,dma_burst_test-003824,1210063680,PASS,pass,NONE,,,,0,1,0,0,0,0.4865,34.33,48649,0,uvm_report_server
RUN-003825,uart_loopback_test-003825,2030402323,PASS,pass,NONE,,,,0,1,0,0,0,0.5046,14.64,12614,0,uvm_report_server
RUN-003826,reg_sweep_test-003826,814099493,PASS,pass,NONE,,,,0,1,0,0,0,0.3415,5.96,8537,0,uvm_report_server
RUN-003827,uart_loopback_test-003827,1012044942,PASS,pass,NONE,,,,0,0,0,0,0,0.2702,4.02,13507,0,uvm_report_server
RUN-003828,reg_sweep_test-003828,333712213,FAIL,fail,FIFO_UNDERRUN,B_DMA_0x31,FIFO_UNDERRUN,34760,1,1,0,0,0,0.0395,32.55,7904,1,uvm_report_server
RUN-003829,backpressure_test-003829,848834269,FAIL,fail,PSLVERR_TIMEOUT,B_APB_0x55,PSLVERR_TIMEOUT,794376,2,1,1,0,0,0.9027,1.13,22567,1,uvm_report_server
RUN-003830,irq_storm_test-003830,850245458,PASS,pass,NONE,,,,0,1,0,0,0,0.1454,13.2,7269,0,uvm_report_server
RUN-003831,backpressure_test-003831,714155158,FAIL,fail,FRAMING_ERROR,B_UART_0x24,FRAMING_ERROR,481096,2,0,0,0,1,0.5467,5.03,13666,1,uvm_report_server
RUN-003832,uart_loopback_test-003832,1594179917,PASS,pass,NONE,,,,0,0,0,0,0,0.7505,20.04,37526,0,uvm_report_server
RUN-003833,reg_sweep_test-003833,765644798,PASS,pass,NONE,,,,0,0,0,0,0,0.3348,5.86,8370,0,uvm_report_server
RUN-003834,dma_burst_test-003834,580256476,PASS,pass,NONE,,,,0,0,0,0,0,0.1084,151.89,21677,0,uvm_report_server
RUN-003835,uart_loopback_test-003835,1059449901,FAIL,fail,FRAMING_ERROR,B_UART_0x24,FRAMING_ERROR,592416,2,0,0,1,1,0.6732,1.84,33660,1,uvm_report_server
RUN-003836,reset_recovery_test-003836,1003332707,PASS,pass,NONE,,,,0,0,0,0,0,0.1476,51.18,14755,0,uvm_report_server
RUN-003837,reset_recovery_test-003837,235461409,PASS,pass,NONE,,,,0,0,0,0,0,0.0324,132.74,6475,0,uvm_report_server
RUN-003838,dma_burst_test-003838,287421077,PASS,pass,NONE,,,,0,0,0,0,0,0.0366,25.44,3657,0,uvm_report_server
RUN-003839,uart_loopback_test-003839,920267323,FAIL,fail,FRAMING_ERROR,B_UART_0x24,FRAMING_ERROR,143088,3,1,0,0,1,0.1626,29.7,32515,1,uvm_report_server
RUN-003840,reg_sweep_test-003840,472931487,PASS,pass,NONE,,,,0,0,0,0,0,0.3519,44.78,17594,0,uvm_report_server
RUN-003841,reg_sweep_test-003841,66395880,PASS,pass,NONE,,,,0,0,0,0,0,0.19,21.15,4749,0,uvm_report_server
RUN-003842,irq_storm_test-003842,1169895685,FAIL,fail,FIFO_UNDERRUN,B_DMA_0x31,FIFO_UNDERRUN,63624,3,0,0,1,0,0.0723,3.76,3614,1,uvm_report_server
RUN-003843,parity_stress_test-003843,1561303312,FAIL,fail,PREADY_TIMEOUT,B_APB_0x58,PREADY_TIMEOUT,477488,1,1,1,0,0,0.5426,6.1,54263,1,uvm_report_server
RUN-003844,uart_loopback_test-003844,162907283,PASS,pass,NONE,,,,0,0,0,0,0,0.242,2.21,6050,0,uvm_report_server
RUN-003845,uart_loopback_test-003845,1278970877,FAIL,fail,FIFO_UNDERRUN,B_DMA_0x31,FIFO_UNDERRUN,110264,2,1,0,0,0,0.1253,5.16,3133,1,uvm_report_server
RUN-003846,irq_storm_test-003846,748548375,FAIL,fail,FRAMING_ERROR,B_UART_0x24,FRAMING_ERROR,106128,1,0,0,0,1,0.1206,18.89,24119,1,uvm_report_server
RUN-003847,dma_burst_test-003847,1608360162,PASS,pass,NONE,,,,0,1,0,0,0,0.4975,17.61,24874,0,uvm_report_server
RUN-003848,uart_loopback_test-003848,1418700902,PASS,pass,NONE,,,,0,0,0,0,0,0.592,3.67,14799,0,uvm_report_server
RUN-003849,reset_recovery_test-003849,1333085758,PASS,pass,NONE,,,,0,0,0,0,0,0.7435,10.26,18586,0,uvm_report_server
RUN-003850,dma_burst_test-003850,2115517346,PASS,pass,NONE,,,,0,0,0,0,0,0.0941,10.74,4702,0,uvm_report_server
RUN-003851,uart_loopback_test-003851,1708605499,FAIL,fail,PSLVERR_TIMEOUT,B_APB_0x55,PSLVERR_TIMEOUT,46464,3,0,1,1,0,0.0528,5.34,10568,1,uvm_report_server
RUN-003852,reset_recovery_test-003852,1351393340,PASS,pass,NONE,,,,0,0,0,0,0,0.0612,30.14,12244,0,uvm_report_server
RUN-003853,dma_burst_test-003853,1821848051,FAIL,fail,FRAMING_ERROR,B_UART_0x24,FRAMING_ERROR,29128,1,1,0,0,1,0.0331,6.45,6610,1,uvm_report_server
RUN-003854,dma_burst_test-003854,604972681,FAIL,fail,FIFO_UNDERRUN,B_DMA_0x31,FIFO_UNDERRUN,64504,1,0,0,0,0,0.0733,5.86,3664,1,uvm_report_server
RUN-003855,reg_sweep_test-003855,1984799346,FAIL,fail,PSLVERR_TIMEOUT,B_APB_0x55,PSLVERR_TIMEOUT,991056,3,0,1,1,0,1.1262,3.39,56310,1,uvm_report_server
RUN-003856,irq_storm_test-003856,1983600290,FAIL,fail,PSLVERR_TIMEOUT,B_APB_0x55,PSLVERR_TIMEOUT,1724360,2,0,1,0,0,1.9595,2.42,97974,1,uvm_report_server
RUN-003857,reset_recovery_test-003857,709673124,FAIL,fail,BUS_STARVATION,B_ARB_0x12,BUS_STARVATION,145904,1,0,0,0,0,0.1658,12.93,33160,1,uvm_report_server
RUN-003858,backpressure_test-003858,860723433,FAIL,fail,BUS_STARVATION,B_ARB_0x12,BUS_STARVATION,307032,3,0,0,1,0,0.3489,27.21,69780,1,uvm_report_server
RUN-003859,reset_recovery_test-003859,512790683,PASS,pass,NONE,,,,0,0,0,0,0,0.0725,25.5,7251,0,uvm_report_server
RUN-003860,backpressure_test-003860,625335455,PASS,pass,NONE,,,,0,0,0,0,0,1.0558,14.94,52789,0,uvm_report_server
RUN-003861,reg_sweep_test-003861,690084217,FAIL,fail,BUS_STARVATION,B_ARB_0x12,BUS_STARVATION,625152,4,0,0,1,0,0.7104,3.24,17760,1,uvm_report_server
RUN-003862,uart_loopback_test-003862,1615548742,PASS,pass,NONE,,,,0,0,0,0,0,0.0248,9.64,4951,0,uvm_report_server
RUN-003863,dma_burst_test-003863,1802422526,PASS,pass,NONE,,,,0,0,0,0,0,0.1611,1.47,4027,0,uvm_report_server
RUN-003864,dma_burst_test-003864,1215844537,PASS,pass,NONE,,,,0,0,0,0,0,0.2136,9.4,21364,0,uvm_report_server
RUN-003865,reg_sweep_test-003865,1759343609,PASS,pass,NONE,,,,0,0,0,0,0,0.0423,49.11,4230,0,uvm_report_server
RUN-003866,reset_recovery_test-003866,1730676541,PASS,pass,NONE,,,,0,0,0,0,0,1.8975,8.61,47437,0,uvm_report_server
RUN-003867,uart_loopback_test-003867,1174141422,PASS,pass,NONE,,,,0,0,0,0,0,0.0737,120.02,14731,0,uvm_report_server
RUN-003868,irq_storm_test-003868,997917422,PASS,pass,NONE,,,,0,0,0,0,0,0.3542,45.86,35418,0,uvm_report_server
RUN-003869,dma_burst_test-003869,540542735,FAIL,fail,BUS_STARVATION,B_ARB_0x12,BUS_STARVATION,1282864,3,0,0,0,0,1.4578,1.51,36445,1,uvm_report_server
RUN-003870,backpressure_test-003870,645733482,PASS,pass,NONE,,,,0,1,0,0,0,0.4113,18.1,20563,0,uvm_report_server
RUN-003871,reg_sweep_test-003871,717673310,PASS,pass,NONE,,,,0,0,0,0,0,0.4017,2.46,10041,0,uvm_report_server
RUN-003872,uart_loopback_test-003872,1625967727,PASS,pass,NONE,,,,0,1,0,0,0,0.0262,21.38,2615,0,uvm_report_server
RUN-003873,reset_recovery_test-003873,865913520,PASS,pass,NONE,,,,0,0,0,0,0,0.1057,19.39,10574,0,uvm_report_server
RUN-003874,irq_storm_test-003874,732927828,PASS,pass,NONE,,,,0,0,0,0,0,0.1896,20.27,18961,0,uvm_report_server
RUN-003875,parity_stress_test-003875,227614008,FAIL,fail,IRQ_LOST,B_IRQ_0x45,IRQ_LOST,225456,3,0,0,1,0,0.2562,10.3,12809,1,uvm_report_server
RUN-003876,uart_loopback_test-003876,1150990361,PASS,pass,NONE,,,,0,0,0,0,0,0.7637,20.29,76373,0,uvm_report_server
RUN-003877,dma_burst_test-003877,619923113,FAIL,fail,PSLVERR_TIMEOUT,B_APB_0x55,PSLVERR_TIMEOUT,447216,2,0,1,0,0,0.5082,1.89,25411,1,uvm_report_server
RUN-003878,reg_sweep_test-003878,1947021976,PASS,pass,NONE,,,,0,0,0,0,0,0.7531,5.9,18826,0,uvm_report_server
RUN-003879,reg_sweep_test-003879,737573255,PASS,pass,NONE,,,,0,1,0,0,0,0.0692,16.03,3460,0,uvm_report_server
RUN-003880,uart_loopback_test-003880,724048205,PASS,pass,NONE,,,,0,0,0,0,0,0.0258,81.81,5157,0,uvm_report_server
RUN-003881,uart_loopback_test-003881,77938458,PASS,pass,NONE,,,,0,0,0,0,0,0.0699,61.5,6994,0,uvm_report_server
RUN-003882,reset_recovery_test-003882,998992204,FAIL,fail,FIFO_UNDERRUN,B_DMA_0x31,FIFO_UNDERRUN,71104,3,1,0,1,0,0.0808,12.52,4040,1,uvm_report_server
RUN-003883,reg_sweep_test-003883,1807371109,FAIL,fail,BUS_STARVATION,B_ARB_0x12,BUS_STARVATION,233728,3,0,0,1,0,0.2656,4.89,26559,1,uvm_report_server
RUN-003884,reset_recovery_test-003884,1904549069,FAIL,fail,BUS_STARVATION,B_ARB_0x12,BUS_STARVATION,488928,1,1,0,0,0,0.5556,0.86,13890,1,uvm_report_server
RUN-003885,reset_recovery_test-003885,1117387199,PASS,pass,NONE,,,,0,0,0,0,0,0.136,8.01,6802,0,uvm_report_server
RUN-003886,dma_burst_test-003886,1696731962,PASS,pass,NONE,,,,0,0,0,0,0,0.3888,22.63,38875,0,uvm_report_server
RUN-003887,dma_burst_test-003887,1135570280,PASS,pass,NONE,,,,0,1,0,0,0,0.1038,41.8,10379,0,uvm_report_server
RUN-003888,reset_recovery_test-003888,674369708,PASS,pass,NONE,,,,0,0,0,0,0,0.2487,15.14,12434,0,uvm_report_server
RUN-003889,dma_burst_test-003889,528589466,PASS,pass,NONE,,,,0,0,0,0,0,0.2256,18.36,22562,0,uvm_report_server
RUN-003890,reg_sweep_test-003890,219815687,FAIL,fail,PSLVERR_TIMEOUT,B_APB_0x55,PSLVERR_TIMEOUT,492096,2,0,1,0,0,0.5592,2.09,13978,1,uvm_report_server
RUN-003891,parity_stress_test-003891,1846867939,PASS,pass,NONE,,,,0,0,0,0,0,0.0199,12.02,3982,0,uvm_report_server
RUN-003892,uart_loopback_test-003892,1467974397,PASS,pass,NONE,,,,0,0,0,0,0,0.1334,59.91,13342,0,uvm_report_server
RUN-003893,reg_sweep_test-003893,1713948830,PASS,pass,NONE,,,,0,0,0,0,0,0.3299,11.53,16492,0,uvm_report_server
RUN-003894,uart_loopback_test-003894,207775952,PASS,pass,NONE,,,,0,0,0,0,0,0.1218,31.28,6089,0,uvm_report_server
RUN-003895,reset_recovery_test-003895,903460278,FAIL,fail,PREADY_TIMEOUT,B_APB_0x58,PREADY_TIMEOUT,48312,4,1,1,1,0,0.0549,11.97,10982,1,uvm_report_server
RUN-003896,reg_sweep_test-003896,540221586,PASS,pass,NONE,,,,0,0,0,0,0,1.3831,6.45,34578,0,uvm_report_server
RUN-003897,reset_recovery_test-003897,1467250457,FAIL,fail,BUS_STARVATION,B_ARB_0x12,BUS_STARVATION,1702536,2,0,0,0,0,1.9347,2.89,48368,1,uvm_report_server
RUN-003898,irq_storm_test-003898,268511453,FAIL,fail,PREADY_TIMEOUT,B_APB_0x58,PREADY_TIMEOUT,893200,3,0,1,0,0,1.015,3.37,101503,1,uvm_report_server
RUN-003899,dma_burst_test-003899,1514141693,FAIL,fail,BUS_STARVATION,B_ARB_0x12,BUS_STARVATION,253968,2,0,0,1,0,0.2886,2.04,14428,1,uvm_report_server
RUN-003900,backpressure_test-003900,247131065,PASS,pass,NONE,,,,0,1,0,0,0,0.1427,31.11,7134,0,uvm_report_server
RUN-003901,backpressure_test-003901,2099964371,PASS,pass,NONE,,,,0,0,0,0,0,0.0745,28.62,14900,0,uvm_report_server
RUN-003902,reset_recovery_test-003902,1008388640,FAIL,fail,BUS_STARVATION,B_ARB_0x12,BUS_STARVATION,85008,3,1,0,1,0,0.0966,3.59,4830,1,uvm_report_server
RUN-003903,uart_loopback_test-003903,1477109838,FAIL,fail,FIFO_UNDERRUN,B_DMA_0x31,FIFO_UNDERRUN,99000,3,0,0,0,0,0.1125,8.48,5624,1,uvm_report_server
RUN-003904,backpressure_test-003904,396059554,PASS,pass,NONE,,,,0,0,0,0,0,0.1045,38.65,10446,0,uvm_report_server
RUN-003905,irq_storm_test-003905,1617937725,PASS,pass,NONE,,,,0,0,0,0,0,0.3135,7.16,7837,0,uvm_report_server
RUN-003906,backpressure_test-003906,54116757,PASS,pass,NONE,,,,0,0,0,0,0,0.2986,27.99,14928,0,uvm_report_server
RUN-003907,parity_stress_test-003907,1905340369,FAIL,fail,PSLVERR_TIMEOUT,B_APB_0x55,PSLVERR_TIMEOUT,908248,3,0,1,1,0,1.0321,3.87,103209,1,uvm_report_server
RUN-003908,backpressure_test-003908,95465932,FAIL,fail,FIFO_UNDERRUN,B_DMA_0x31,FIFO_UNDERRUN,84568,4,0,0,1,0,0.0961,8.63,4805,1,uvm_report_server
RUN-003909,parity_stress_test-003909,1373596877,FAIL,fail,PSLVERR_TIMEOUT,B_APB_0x55,PSLVERR_TIMEOUT,267432,2,1,1,0,0,0.3039,15.27,60786,1,uvm_report_server
RUN-003910,backpressure_test-003910,19848667,PASS,pass,NONE,,,,0,1,0,0,0,0.0948,46.31,18951,0,uvm_report_server
RUN-003911,backpressure_test-003911,643104761,FAIL,fail,PREADY_TIMEOUT,B_APB_0x58,PREADY_TIMEOUT,199848,2,0,1,1,0,0.2271,5.45,22712,1,uvm_report_server
RUN-003912,backpressure_test-003912,809730786,PASS,pass,NONE,,,,0,1,0,0,0,0.2595,7.34,25946,0,uvm_report_server
RUN-003913,backpressure_test-003913,819054630,PASS,pass,NONE,,,,0,0,0,0,0,0.1517,3.2,3792,0,uvm_report_server
RUN-003914,backpressure_test-003914,423541299,FAIL,fail,FRAMING_ERROR,B_UART_0x24,FRAMING_ERROR,139040,3,0,0,1,1,0.158,19.38,7902,1,uvm_report_server
RUN-003915,backpressure_test-003915,1077512611,PASS,pass,NONE,,,,0,0,0,0,0,0.1929,5.67,9643,0,uvm_report_server
RUN-003916,irq_storm_test-003916,1507502930,FAIL,fail,IRQ_LOST,B_IRQ_0x45,IRQ_LOST,730664,2,0,0,0,0,0.8303,4.1,20758,1,uvm_report_server
RUN-003917,reg_sweep_test-003917,1284372283,FAIL,fail,PSLVERR_TIMEOUT,B_APB_0x55,PSLVERR_TIMEOUT,851664,3,0,1,1,0,0.9678,2.81,24194,1,uvm_report_server
RUN-003918,reset_recovery_test-003918,245473122,PASS,pass,NONE,,,,0,0,0,0,0,0.0855,43.3,8550,0,uvm_report_server
RUN-003919,uart_loopback_test-003919,1725695499,FAIL,fail,PSLVERR_TIMEOUT,B_APB_0x55,PSLVERR_TIMEOUT,1602216,2,0,1,0,0,1.8207,1.71,45517,1,uvm_report_server
RUN-003920,reg_sweep_test-003920,997535308,PASS,pass,NONE,,,,0,0,0,0,0,0.2342,7.88,23421,0,uvm_report_server
RUN-003921,uart_loopback_test-003921,867891742,PASS,pass,NONE,,,,0,0,0,0,0,0.0501,81.86,10027,0,uvm_report_server
RUN-003922,irq_storm_test-003922,1893925681,PASS,pass,NONE,,,,0,1,0,0,0,0.1256,17.02,6279,0,uvm_report_server
RUN-003923,uart_loopback_test-003923,2051973457,PASS,pass,NONE,,,,0,0,0,0,0,0.0274,10.01,2744,0,uvm_report_server
RUN-003924,dma_burst_test-003924,492516568,PASS,pass,NONE,,,,0,0,0,0,0,1.2908,6.61,32269,0,uvm_report_server
RUN-003925,reg_sweep_test-003925,530896859,FAIL,fail,FIFO_UNDERRUN,B_DMA_0x31,FIFO_UNDERRUN,79376,3,0,0,0,0,0.0902,1.62,2253,1,uvm_report_server
RUN-003926,parity_stress_test-003926,592798585,PASS,pass,NONE,,,,0,0,0,0,0,0.1207,31.62,12072,0,uvm_report_server
RUN-003927,irq_storm_test-003927,2033916694,PASS,pass,NONE,,,,0,0,0,0,0,0.075,7.05,3751,0,uvm_report_server
RUN-003928,parity_stress_test-003928,1514061655,PASS,pass,NONE,,,,0,1,0,0,0,0.2412,15.68,12060,0,uvm_report_server
RUN-003929,uart_loopback_test-003929,1618285491,FAIL,fail,IRQ_LOST,B_IRQ_0x45,IRQ_LOST,171864,1,0,0,0,0,0.1953,14.16,9766,1,uvm_report_server
RUN-003930,irq_storm_test-003930,315867613,PASS,pass,NONE,,,,0,0,0,0,0,0.1203,3.88,6016,0,uvm_report_server
RUN-003931,reg_sweep_test-003931,1512189393,PASS,pass,NONE,,,,0,1,0,0,0,0.0742,52.1,14840,0,uvm_report_server
RUN-003932,dma_burst_test-003932,434606673,FAIL,fail,IRQ_LOST,B_IRQ_0x45,IRQ_LOST,129888,2,0,0,1,0,0.1476,1.58,3691,1,uvm_report_server
RUN-003933,backpressure_test-003933,579564254,FAIL,fail,BUS_STARVATION,B_ARB_0x12,BUS_STARVATION,127424,4,0,0,1,0,0.1448,7.45,14478,1,uvm_report_server
RUN-003934,irq_storm_test-003934,167569874,FAIL,fail,FRAMING_ERROR,B_UART_0x24,FRAMING_ERROR,28424,4,1,0,1,1,0.0323,3.59,6452,1,uvm_report_server
RUN-003935,reg_sweep_test-003935,967511921,PASS,pass,NONE,,,,0,0,0,0,0,0.0994,43.62,9937,0,uvm_report_server
RUN-003936,uart_loopback_test-003936,2066240459,PASS,pass,NONE,,,,0,1,0,0,0,0.0477,40.08,4769,0,uvm_report_server
RUN-003937,irq_storm_test-003937,853806481,PASS,pass,NONE,,,,0,1,0,0,0,0.0614,9.16,3068,0,uvm_report_server
RUN-003938,reset_recovery_test-003938,90441490,PASS,pass,NONE,,,,0,0,0,0,0,0.0254,10.33,2543,0,uvm_report_server
RUN-003939,irq_storm_test-003939,1466820208,PASS,pass,NONE,,,,0,1,0,0,0,0.248,4.2,6200,0,uvm_report_server
RUN-003940,reg_sweep_test-003940,499396169,FAIL,fail,PREADY_TIMEOUT,B_APB_0x58,PREADY_TIMEOUT,1009536,3,1,1,0,0,1.1472,0.83,28679,1,uvm_report_server
RUN-003941,dma_burst_test-003941,139787479,FAIL,fail,ASSERTION_FAIL,B_ASRT_0x81,ASSERTION_FAIL,15928,3,0,0,1,0,0.0181,105.66,1806,1,uvm_report_server
RUN-003942,irq_storm_test-003942,1436173234,PASS,pass,NONE,,,,0,0,0,0,0,0.8023,10.57,20057,0,uvm_report_server
RUN-003943,reg_sweep_test-003943,505425941,FAIL,fail,PREADY_TIMEOUT,B_APB_0x58,PREADY_TIMEOUT,919336,1,0,1,0,0,1.0447,3.64,52236,1,uvm_report_server
RUN-003944,irq_storm_test-003944,2065336437,PASS,pass,NONE,,,,0,0,0,0,0,0.1601,2.92,4002,0,uvm_report_server
RUN-003945,reset_recovery_test-003945,651060304,PASS,pass,NONE,,,,0,0,0,0,0,0.2411,18.16,24110,0,uvm_report_server
RUN-003946,uart_loopback_test-003946,1755231507,PASS,pass,NONE,,,,0,1,0,0,0,0.6343,25.45,31715,0,uvm_report_server
RUN-003947,backpressure_test-003947,173970343,PASS,pass,NONE,,,,0,0,0,0,0,0.1698,24.1,33957,0,uvm_report_server
RUN-003948,irq_storm_test-003948,2133507118,PASS,pass,NONE,,,,0,0,0,0,0,1.9313,8.06,48281,0,uvm_report_server
RUN-003949,uart_loopback_test-003949,1117105945,PASS,pass,NONE,,,,0,0,0,0,0,0.0133,18.35,2655,0,uvm_report_server
RUN-003950,dma_burst_test-003950,2009172086,FAIL,fail,BUS_STARVATION,B_ARB_0x12,BUS_STARVATION,137544,3,1,0,1,0,0.1563,6.84,31252,1,uvm_report_server
RUN-003951,parity_stress_test-003951,2088233641,PASS,pass,NONE,,,,0,0,0,0,0,0.1856,21.5,4641,0,uvm_report_server
RUN-003952,dma_burst_test-003952,1182009816,FAIL,fail,PSLVERR_TIMEOUT,B_APB_0x55,PSLVERR_TIMEOUT,2046088,2,0,1,0,0,2.3251,0.79,58128,1,uvm_report_server
RUN-003953,irq_storm_test-003953,1484791911,FAIL,fail,PSLVERR_TIMEOUT,B_APB_0x55,PSLVERR_TIMEOUT,81400,3,0,1,1,0,0.0925,9.39,18496,1,uvm_report_server
RUN-003954,dma_burst_test-003954,1817962811,PASS,pass,NONE,,,,0,0,0,0,0,0.1756,21.51,17559,0,uvm_report_server
RUN-003955,reg_sweep_test-003955,1394192492,FAIL,fail,PSLVERR_TIMEOUT,B_APB_0x55,PSLVERR_TIMEOUT,1893056,2,1,1,0,0,2.1512,1.26,107558,1,uvm_report_server
RUN-003956,uart_loopback_test-003956,1862746169,FAIL,fail,BUS_STARVATION,B_ARB_0x12,BUS_STARVATION,910712,3,0,0,0,0,1.0349,2.12,51745,1,uvm_report_server
RUN-003957,uart_loopback_test-003957,1333998051,PASS,pass,NONE,,,,0,0,0,0,0,0.1702,11.38,8508,0,uvm_report_server
RUN-003958,dma_burst_test-003958,1397558426,FAIL,fail,PREADY_TIMEOUT,B_APB_0x58,PREADY_TIMEOUT,56496,1,1,1,0,0,0.0642,16.6,12841,1,uvm_report_server
RUN-003959,dma_burst_test-003959,1841099435,PASS,pass,NONE,,,,0,0,0,0,0,0.1949,5.04,4872,0,uvm_report_server
RUN-003960,uart_loopback_test-003960,1565522002,PASS,pass,NONE,,,,0,0,0,0,0,0.0389,50.74,7777,0,uvm_report_server
RUN-003961,dma_burst_test-003961,1924067871,FAIL,fail,BUS_STARVATION,B_ARB_0x12,BUS_STARVATION,172040,3,0,0,1,0,0.1955,3.51,9773,1,uvm_report_server
RUN-003962,dma_burst_test-003962,336993617,FAIL,fail,BUS_STARVATION,B_ARB_0x12,BUS_STARVATION,323664,1,0,0,0,0,0.3678,15.47,36777,1,uvm_report_server
RUN-003963,reg_sweep_test-003963,304573253,PASS,pass,NONE,,,,0,0,0,0,0,0.2401,4.08,6003,0,uvm_report_server
RUN-003964,reset_recovery_test-003964,686333574,PASS,pass,NONE,,,,0,1,0,0,0,0.7106,24.92,17764,0,uvm_report_server
RUN-003965,irq_storm_test-003965,134461528,PASS,pass,NONE,,,,0,0,0,0,0,0.0282,34.28,5649,0,uvm_report_server
RUN-003966,backpressure_test-003966,1916415080,PASS,pass,NONE,,,,0,1,0,0,0,0.0987,83.1,19731,0,uvm_report_server
RUN-003967,reg_sweep_test-003967,552081794,PASS,pass,NONE,,,,0,0,0,0,0,0.0279,18.37,5580,0,uvm_report_server
RUN-003968,parity_stress_test-003968,1751168635,FAIL,fail,FIFO_UNDERRUN,B_DMA_0x31,FIFO_UNDERRUN,138952,2,1,0,0,0,0.1579,1.11,3948,1,uvm_report_server
RUN-003969,parity_stress_test-003969,978432832,PASS,pass,NONE,,,,0,0,0,0,0,0.288,27.57,28801,0,uvm_report_server
RUN-003970,reset_recovery_test-003970,1108871439,PASS,pass,NONE,,,,0,0,0,0,0,0.1688,92.14,33767,0,uvm_report_server
RUN-003971,backpressure_test-003971,1657531496,PASS,pass,NONE,,,,0,0,0,0,0,0.2531,16.05,12656,0,uvm_report_server
RUN-003972,uart_loopback_test-003972,1376062983,PASS,pass,NONE,,,,0,0,0,0,0,0.0535,19.86,5350,0,uvm_report_server
RUN-003973,dma_burst_test-003973,1121485056,PASS,pass,NONE,,,,0,0,0,0,0,0.0278,35.92,2778,0,uvm_report_server
RUN-003974,dma_burst_test-003974,813546415,PASS,pass,NONE,,,,0,0,0,0,0,0.0278,80.81,5560,0,uvm_report_server
RUN-003975,reg_sweep_test-003975,120191780,FAIL,fail,IRQ_LOST,B_IRQ_0x45,IRQ_LOST,199408,3,0,0,1,0,0.2266,7.07,11327,1,uvm_report_server
RUN-003976,irq_storm_test-003976,1183660063,FAIL,fail,BUS_STARVATION,B_ARB_0x12,BUS_STARVATION,146432,2,0,0,1,0,0.1664,8.4,8317,1,uvm_report_server
RUN-003977,uart_loopback_test-003977,2094471046,PASS,pass,NONE,,,,0,0,0,0,0,0.342,5.91,8549,0,uvm_report_server
RUN-003978,reset_recovery_test-003978,808729612,PASS,pass,NONE,,,,0,0,0,0,0,0.0655,32.22,13104,0,uvm_report_server
RUN-003979,parity_stress_test-003979,757661080,FAIL,fail,FIFO_UNDERRUN,B_DMA_0x31,FIFO_UNDERRUN,66440,4,0,0,1,0,0.0755,4.91,3773,1,uvm_report_server
RUN-003980,dma_burst_test-003980,1820791199,PASS,pass,NONE,,,,0,1,0,0,0,0.1005,4.59,5023,0,uvm_report_server
RUN-003981,dma_burst_test-003981,1285802616,PASS,pass,NONE,,,,0,0,0,0,0,0.1748,22.25,17476,0,uvm_report_server
RUN-003982,irq_storm_test-003982,792348449,PASS,pass,NONE,,,,0,0,0,0,0,0.036,58.41,7203,0,uvm_report_server
RUN-003983,dma_burst_test-003983,900026894,PASS,pass,NONE,,,,0,0,0,0,0,0.419,17.91,20952,0,uvm_report_server
RUN-003984,reg_sweep_test-003984,873582626,PASS,pass,NONE,,,,0,0,0,0,0,0.0941,11.94,4707,0,uvm_report_server
RUN-003985,reg_sweep_test-003985,2144552582,FAIL,fail,IRQ_LOST,B_IRQ_0x45,IRQ_LOST,233376,2,0,0,0,0,0.2652,2.23,6629,1,uvm_report_server
RUN-003986,backpressure_test-003986,534451879,PASS,pass,NONE,,,,0,0,0,0,0,0.6971,11.4,17427,0,uvm_report_server
RUN-003987,dma_burst_test-003987,619354342,FAIL,fail,PSLVERR_TIMEOUT,B_APB_0x55,PSLVERR_TIMEOUT,686136,3,1,1,1,0,0.7797,3.89,77968,1,uvm_report_server
RUN-003988,reg_sweep_test-003988,388875294,FAIL,fail,PSLVERR_TIMEOUT,B_APB_0x55,PSLVERR_TIMEOUT,554400,2,0,1,0,0,0.63,3.04,31498,1,uvm_report_server
RUN-003989,uart_loopback_test-003989,1739746780,PASS,pass,NONE,,,,0,0,0,0,0,0.2863,3.23,7157,0,uvm_report_server
RUN-003990,uart_loopback_test-003990,1979775322,PASS,pass,NONE,,,,0,0,0,0,0,0.1167,15.98,11666,0,uvm_report_server
RUN-003991,dma_burst_test-003991,898638948,PASS,pass,NONE,,,,0,0,0,0,0,0.0724,13.59,7236,0,uvm_report_server
RUN-003992,uart_loopback_test-003992,229449847,PASS,pass,NONE,,,,0,0,0,0,0,0.0438,89.4,8769,0,uvm_report_server
RUN-003993,dma_burst_test-003993,704843697,PASS,pass,NONE,,,,0,0,0,0,0,0.4893,34.61,24463,0,uvm_report_server
RUN-003994,reg_sweep_test-003994,106387012,PASS,pass,NONE,,,,0,0,0,0,0,0.016,17.45,3194,0,uvm_report_server
RUN-003995,dma_burst_test-003995,62082632,FAIL,fail,FIFO_UNDERRUN,B_DMA_0x31,FIFO_UNDERRUN,16544,2,0,0,1,0,0.0188,23.18,3754,1,uvm_report_server
RUN-003996,uart_loopback_test-003996,759528320,PASS,pass,NONE,,,,0,0,0,0,0,0.0563,19.65,2815,0,uvm_report_server
RUN-003997,parity_stress_test-003997,1086954069,FAIL,fail,FIFO_UNDERRUN,B_DMA_0x31,FIFO_UNDERRUN,262416,3,1,0,1,0,0.2982,0.42,7455,1,uvm_report_server
RUN-003998,irq_storm_test-003998,1433015945,PASS,pass,NONE,,,,0,1,0,0,0,0.3855,21.14,9637,0,uvm_report_server
RUN-003999,reg_sweep_test-003999,1743378142,PASS,pass,NONE,,,,0,0,0,0,0,0.0976,22.47,19522,0,uvm_report_server
RUN-004000,reset_recovery_test-004000,2103561819,PASS,pass,NONE,,,,0,0,0,0,0,0.1832,11.68,9161,0,uvm_report_server
