run_id,sequence_name,seed,rand_mode,constraint_set,rand_addr_base,rand_addr_range_kb,rand_data_pattern,payload_entropy,rand_rw_ratio,rand_opcode_mix,rand_packet_len_bytes,rand_delay_min_ns,rand_delay_max_ns,rand_idle_cycles,rand_wait_states,rand_priority_mode,rand_traffic_pattern,rand_workload,rand_order,rand_err_inj_mode,rand_transaction_count
RUN-000001,backpressure_seq,1994477663,full_random,corner,0x2600,64,incremental,0.515,0.52,reg_wr,128,25,329,19,7,fixed,sparse,console,in_order,none,96
RUN-000002,uart_loopback_seq,1365143476,constrained,corner,0x0600,16,incremental,0.207,0.37,balanced,8,39,389,7,2,weighted,uniform,sensor_poll,in_order,bitflip,384
RUN-000003,uart_loopback_seq,1081148320,constrained,default,0x5b00,4,random,0.897,0.32,balanced,16,18,349,19,5,fixed,ping_pong,dma_stream,in_order,none,384
RUN-000004,reset_recovery_seq,690194551,constrained,corner,0x8800,16,incremental,0.406,0.22,reg_wr,128,19,347,6,8,weighted,sparse,console,in_order,none,384
RUN-000005,parity_stress_seq,653883024,directed,default,0xb400,16,walking_ones,0.011,0.38,balanced,128,26,416,4,8,weighted,burst_hotspot,console,in_order,glitch,96
RUN-000006,reg_sweep_seq,1792005236,constrained,default,0xc000,4,random,0.468,0.33,reg_wr,128,8,186,30,0,fixed,burst_hotspot,console,in_order,none,48
RUN-000007,reg_sweep_seq,505041956,directed,default,0x1e00,16,all_ones,0.173,0.55,reg_wr,64,1,134,11,7,weighted,uniform,dma_stream,in_order,none,384
RUN-000008,reg_sweep_seq,297082747,directed,default,0x6700,4,walking_ones,0.705,0.43,reg_wr,128,4,399,30,6,fixed,uniform,dma_stream,out_of_order,glitch,48
RUN-000009,uart_loopback_seq,2136726199,constrained,stress,0xe600,4,all_ones,0.45,0.5,reg_rd,64,9,77,23,9,fixed,sparse,sensor_poll,in_order,glitch,192
RUN-000010,reg_sweep_seq,649919962,constrained,default,0xbd00,16,random,0.166,0.74,balanced,8,25,147,20,0,weighted,burst_hotspot,dma_stream,in_order,none,192
RUN-000011,irq_storm_seq,536902621,directed,default,0x2200,16,random,0.211,0.71,reg_wr,128,22,416,16,1,weighted,burst_hotspot,boot,out_of_order,none,96
RUN-000012,irq_storm_seq,15911153,constrained,corner,0xe500,16,incremental,0.782,0.65,reg_wr,16,36,159,25,4,fixed,ping_pong,dma_stream,in_order,none,384
RUN-000013,reg_sweep_seq,1304906936,constrained,corner,0x2600,64,walking_ones,0.521,0.7,reg_rd,64,11,298,3,10,fixed,ping_pong,sensor_poll,in_order,none,48
RUN-000014,irq_storm_seq,2051099298,constrained,default,0xe500,4,walking_ones,0.533,0.39,balanced,16,2,253,28,9,weighted,uniform,console,in_order,none,192
RUN-000015,reg_sweep_seq,1249631035,full_random,corner,0x2e00,4,walking_ones,0.45,0.44,reg_wr,64,22,197,10,2,weighted,uniform,sensor_poll,in_order,glitch,96
RUN-000016,dma_burst_seq,178988917,constrained,stress,0xb500,16,all_ones,0.929,0.65,reg_rd,64,12,380,31,5,fixed,burst_hotspot,sensor_poll,in_order,none,768
RUN-000017,parity_stress_seq,78217397,constrained,default,0x3500,64,incremental,0.513,0.41,reg_rd,64,15,188,27,5,weighted,sparse,dma_stream,in_order,bitflip,192
RUN-000018,reset_recovery_seq,1487847970,full_random,default,0x9200,4,incremental,0.316,0.59,reg_rd,64,19,243,8,6,fixed,uniform,dma_stream,in_order,bitflip,384
RUN-000019,irq_storm_seq,2088629963,directed,default,0x3b00,4,random,0.328,0.36,balanced,16,25,288,27,0,weighted,uniform,console,in_order,none,384
RUN-000020,uart_loopback_seq,934524901,constrained,default,0x5c00,4,walking_ones,0.228,0.42,balanced,8,27,39,7,9,fixed,uniform,dma_stream,out_of_order,bitflip,96
RUN-000021,uart_loopback_seq,965042309,constrained,corner,0x6400,16,all_ones,0.517,0.55,reg_rd,8,12,79,13,5,weighted,burst_hotspot,boot,out_of_order,glitch,96
RUN-000022,dma_burst_seq,1437000195,full_random,default,0xce00,4,incremental,0.27,0.33,reg_rd,128,36,186,28,10,weighted,sparse,console,in_order,bitflip,96
RUN-000023,uart_loopback_seq,467319696,full_random,default,0xa900,16,incremental,0.372,0.34,reg_rd,8,11,384,29,0,weighted,ping_pong,boot,out_of_order,bitflip,48
RUN-000024,reset_recovery_seq,2066469103,constrained,default,0x3100,16,incremental,0.591,0.44,reg_rd,16,2,213,31,9,fixed,sparse,boot,in_order,glitch,384
RUN-000025,uart_loopback_seq,1856043471,full_random,default,0xc400,64,random,0.916,0.6,balanced,128,24,324,23,10,weighted,ping_pong,dma_stream,out_of_order,none,96
RUN-000026,uart_loopback_seq,429685346,constrained,corner,0x5300,64,random,0.409,0.25,balanced,128,27,318,7,6,fixed,sparse,dma_stream,out_of_order,bitflip,192
RUN-000027,reset_recovery_seq,364609759,full_random,corner,0x2700,64,random,0.136,0.32,reg_wr,64,25,326,6,8,weighted,uniform,sensor_poll,out_of_order,bitflip,384
RUN-000028,uart_loopback_seq,2115805617,full_random,default,0xa500,64,incremental,0.634,0.29,balanced,128,23,131,15,8,fixed,sparse,dma_stream,in_order,none,192
RUN-000029,uart_loopback_seq,1444749762,full_random,stress,0x9900,4,random,0.433,0.29,reg_wr,16,1,257,14,8,fixed,uniform,dma_stream,in_order,none,96
RUN-000030,reg_sweep_seq,506970903,constrained,stress,0x7f00,64,incremental,0.332,0.29,balanced,64,31,156,24,9,weighted,sparse,dma_stream,in_order,glitch,192
RUN-000031,dma_burst_seq,309405166,constrained,stress,0x8900,16,walking_ones,0.366,0.23,reg_rd,16,16,223,17,2,weighted,uniform,console,in_order,none,192
RUN-000032,uart_loopback_seq,851111806,constrained,stress,0x3100,64,walking_ones,0.331,0.27,reg_rd,16,6,284,4,11,fixed,uniform,boot,in_order,none,96
RUN-000033,reset_recovery_seq,1939252542,full_random,corner,0x0f00,64,all_ones,0.733,0.25,balanced,16,17,288,7,0,fixed,uniform,console,in_order,bitflip,48
RUN-000034,uart_loopback_seq,498133270,constrained,default,0x0d00,16,random,0.325,0.77,balanced,8,26,309,5,4,weighted,burst_hotspot,sensor_poll,in_order,none,768
RUN-000035,backpressure_seq,610915250,constrained,default,0xdd00,16,all_ones,0.651,0.45,balanced,64,35,325,8,0,fixed,uniform,dma_stream,in_order,none,768
RUN-000036,dma_burst_seq,343837892,full_random,default,0x6500,64,incremental,0.889,0.34,balanced,16,1,97,0,5,fixed,burst_hotspot,dma_stream,in_order,none,192
RUN-000037,dma_burst_seq,2048333865,full_random,default,0xac00,16,walking_ones,0.256,0.56,balanced,16,4,327,27,7,fixed,uniform,boot,in_order,glitch,192
RUN-000038,parity_stress_seq,116268286,constrained,stress,0x2000,4,walking_ones,0.52,0.73,balanced,8,17,224,31,0,fixed,ping_pong,console,out_of_order,glitch,384
RUN-000039,reset_recovery_seq,1679308757,full_random,corner,0x7d00,16,incremental,0.658,0.5,balanced,64,14,58,17,10,weighted,uniform,dma_stream,out_of_order,none,192
RUN-000040,reg_sweep_seq,1749430100,full_random,default,0xfa00,64,all_ones,0.313,0.69,reg_wr,64,36,144,12,5,fixed,burst_hotspot,dma_stream,in_order,none,96
RUN-000041,uart_loopback_seq,1479435458,constrained,stress,0x7b00,4,walking_ones,0.389,0.72,reg_wr,16,3,212,9,8,weighted,sparse,sensor_poll,out_of_order,bitflip,48
RUN-000042,reg_sweep_seq,696135320,full_random,default,0x0c00,64,incremental,0.362,0.53,balanced,128,16,139,12,5,weighted,sparse,console,in_order,glitch,768
RUN-000043,parity_stress_seq,1109859003,constrained,default,0xa400,64,random,0.394,0.61,reg_wr,128,14,63,29,6,weighted,burst_hotspot,boot,in_order,none,768
RUN-000044,irq_storm_seq,1728034467,constrained,corner,0x0f00,64,random,0.237,0.31,reg_wr,64,39,308,5,9,fixed,sparse,dma_stream,in_order,bitflip,192
RUN-000045,dma_burst_seq,449059651,constrained,default,0xbd00,16,all_ones,0.189,0.5,reg_wr,8,26,115,16,8,fixed,ping_pong,console,in_order,glitch,48
RUN-000046,reset_recovery_seq,2122512312,constrained,default,0xf600,16,walking_ones,0.161,0.49,reg_rd,16,33,81,17,3,weighted,burst_hotspot,sensor_poll,in_order,none,192
RUN-000047,uart_loopback_seq,49926152,directed,stress,0xd200,4,walking_ones,0.366,0.61,reg_wr,16,22,246,5,2,weighted,sparse,dma_stream,in_order,glitch,192
RUN-000048,backpressure_seq,1556018083,constrained,corner,0x9c00,4,random,0.629,0.65,balanced,16,5,204,18,8,weighted,ping_pong,boot,in_order,bitflip,192
RUN-000049,uart_loopback_seq,1815798936,full_random,stress,0xde00,64,random,0.717,0.33,reg_rd,64,19,229,21,10,weighted,uniform,sensor_poll,in_order,glitch,96
RUN-000050,reg_sweep_seq,314776907,constrained,stress,0x8600,64,random,0.595,0.54,balanced,64,2,377,29,11,fixed,sparse,dma_stream,in_order,none,192
RUN-000051,backpressure_seq,1397096016,constrained,default,0x2c00,4,incremental,0.854,0.47,balanced,16,8,172,15,2,fixed,burst_hotspot,dma_stream,in_order,none,384
RUN-000052,uart_loopback_seq,384278239,constrained,stress,0x6100,16,incremental,0.689,0.71,balanced,128,32,57,31,9,fixed,uniform,console,in_order,none,192
RUN-000053,uart_loopback_seq,339319995,constrained,corner,0xba00,16,random,0.299,0.36,reg_wr,8,39,218,4,3,weighted,burst_hotspot,boot,in_order,none,384
RUN-000054,uart_loopback_seq,491820783,full_random,default,0x1d00,16,random,0.312,0.4,reg_wr,16,25,116,2,3,fixed,uniform,dma_stream,in_order,glitch,96
RUN-000055,uart_loopback_seq,775283917,constrained,default,0x5800,4,random,0.494,0.28,reg_rd,64,39,93,7,11,weighted,sparse,console,in_order,none,192
RUN-000056,irq_storm_seq,1554944201,full_random,stress,0x6a00,16,incremental,0.417,0.24,reg_wr,128,4,107,2,3,fixed,burst_hotspot,sensor_poll,in_order,bitflip,384
RUN-000057,uart_loopback_seq,477377038,constrained,corner,0x3f00,4,random,0.905,0.31,reg_wr,8,9,132,15,5,fixed,burst_hotspot,console,in_order,none,48
RUN-000058,dma_burst_seq,1587314550,full_random,stress,0xd000,16,random,0.64,0.28,reg_wr,128,30,111,30,2,fixed,uniform,boot,in_order,glitch,192
RUN-000059,uart_loopback_seq,1599203603,directed,default,0xa500,16,random,0.483,0.46,reg_rd,16,13,343,8,2,weighted,ping_pong,console,in_order,none,48
RUN-000060,dma_burst_seq,1080333214,full_random,default,0x9600,16,incremental,0.15,0.53,reg_wr,8,6,267,24,10,weighted,ping_pong,sensor_poll,in_order,none,96
RUN-000061,irq_storm_seq,1410361674,constrained,default,0x3100,4,incremental,0.434,0.6,balanced,8,38,390,22,8,fixed,uniform,sensor_poll,in_order,none,384
RUN-000062,dma_burst_seq,1756356034,constrained,corner,0x0f00,16,walking_ones,0.104,0.4,reg_wr,128,25,166,28,11,weighted,uniform,boot,in_order,bitflip,192
RUN-000063,dma_burst_seq,1677472494,constrained,stress,0x0b00,64,all_ones,0.246,0.65,reg_wr,8,26,264,8,1,fixed,ping_pong,dma_stream,in_order,none,96
RUN-000064,parity_stress_seq,944535972,constrained,default,0x4f00,64,all_ones,0.132,0.63,balanced,8,35,372,19,8,weighted,sparse,console,in_order,glitch,192
RUN-000065,reg_sweep_seq,1415973407,constrained,default,0xc700,64,incremental,0.857,0.25,reg_wr,16,11,380,18,3,weighted,uniform,console,in_order,none,384
RUN-000066,uart_loopback_seq,1572005899,constrained,stress,0xd700,4,random,0.398,0.64,balanced,64,1,77,3,10,weighted,sparse,sensor_poll,in_order,bitflip,192
RUN-000067,irq_storm_seq,807773217,full_random,default,0x2300,4,random,0.575,0.46,reg_rd,16,23,408,26,2,weighted,uniform,boot,in_order,none,192
RUN-000068,irq_storm_seq,873906597,full_random,corner,0x0200,16,random,0.693,0.71,reg_wr,16,12,408,7,11,weighted,sparse,boot,in_order,none,384
RUN-000069,reg_sweep_seq,1618650378,constrained,corner,0x6800,4,incremental,0.17,0.45,reg_wr,128,1,45,5,0,weighted,burst_hotspot,sensor_poll,out_of_order,bitflip,192
RUN-000070,uart_loopback_seq,1843534129,constrained,corner,0x9300,16,random,0.737,0.21,reg_wr,64,21,95,24,1,fixed,ping_pong,dma_stream,out_of_order,none,96
RUN-000071,reg_sweep_seq,862847913,constrained,default,0x7100,64,walking_ones,0.349,0.56,reg_rd,16,15,414,6,7,weighted,ping_pong,boot,in_order,none,768
RUN-000072,reg_sweep_seq,1741420405,constrained,stress,0xeb00,64,all_ones,0.447,0.3,reg_wr,16,23,180,24,11,weighted,ping_pong,dma_stream,in_order,none,768
RUN-000073,uart_loopback_seq,2065759418,constrained,default,0x3e00,16,walking_ones,0.506,0.61,balanced,16,3,78,14,8,weighted,uniform,sensor_poll,out_of_order,none,384
RUN-000074,dma_burst_seq,1577608169,constrained,corner,0x0a00,64,all_ones,0.311,0.24,reg_rd,8,28,299,8,11,weighted,uniform,console,in_order,none,768
RUN-000075,reset_recovery_seq,920615177,constrained,corner,0x4000,16,random,0.247,0.6,reg_wr,8,28,377,5,6,fixed,ping_pong,dma_stream,in_order,bitflip,384
RUN-000076,reg_sweep_seq,1454795610,constrained,default,0x2600,4,walking_ones,0.239,0.32,reg_rd,16,14,326,20,1,fixed,ping_pong,sensor_poll,in_order,none,96
RUN-000077,backpressure_seq,1454662639,constrained,corner,0x1c00,4,random,0.657,0.28,reg_wr,8,38,171,13,10,fixed,ping_pong,dma_stream,out_of_order,none,48
RUN-000078,dma_burst_seq,1819794931,constrained,corner,0x3400,64,random,0.482,0.77,reg_wr,128,24,97,3,2,weighted,burst_hotspot,sensor_poll,out_of_order,bitflip,96
RUN-000079,irq_storm_seq,1879874040,full_random,default,0xaa00,16,incremental,0.537,0.26,reg_wr,64,20,225,20,3,weighted,uniform,dma_stream,in_order,none,384
RUN-000080,reg_sweep_seq,1243219533,constrained,default,0xf900,4,random,0.524,0.48,reg_wr,16,17,173,16,11,weighted,burst_hotspot,console,in_order,none,192
RUN-000081,reset_recovery_seq,1007477001,constrained,default,0x3b00,16,random,0.324,0.7,reg_wr,8,30,40,4,0,weighted,uniform,dma_stream,in_order,none,96
RUN-000082,dma_burst_seq,1452937885,constrained,corner,0x7000,4,random,0.761,0.46,reg_wr,64,36,368,13,9,fixed,ping_pong,dma_stream,in_order,bitflip,192
RUN-000083,dma_burst_seq,887197914,constrained,corner,0xf700,4,random,0.316,0.66,reg_wr,8,25,234,10,3,fixed,uniform,dma_stream,in_order,bitflip,192
RUN-000084,irq_storm_seq,818897622,constrained,default,0xc400,4,incremental,0.335,0.73,reg_wr,8,1,84,31,4,weighted,ping_pong,console,in_order,none,192
RUN-000085,uart_loopback_seq,1218436386,constrained,stress,0x5c00,16,walking_ones,0.63,0.51,reg_rd,16,6,302,3,3,fixed,ping_pong,dma_stream,in_order,bitflip,48
RUN-000086,dma_burst_seq,510050654,full_random,corner,0xa700,4,random,0.655,0.41,balanced,16,9,165,13,5,weighted,ping_pong,boot,in_order,none,192
RUN-000087,reg_sweep_seq,916865492,constrained,default,0xeb00,4,random,0.18,0.76,balanced,16,20,414,0,1,weighted,ping_pong,dma_stream,out_of_order,none,96
RUN-000088,backpressure_seq,1030693629,constrained,corner,0x5300,4,random,0.602,0.56,balanced,16,30,236,23,10,weighted,uniform,dma_stream,in_order,none,48
RUN-000089,reg_sweep_seq,2040488009,full_random,stress,0xa800,16,walking_ones,0.45,0.67,reg_rd,16,18,136,28,0,weighted,burst_hotspot,console,in_order,none,48
RUN-000090,uart_loopback_seq,888476522,directed,stress,0x6c00,4,random,0.236,0.46,balanced,16,10,39,7,11,fixed,burst_hotspot,sensor_poll,in_order,none,768
RUN-000091,uart_loopback_seq,206214484,constrained,corner,0x1500,16,incremental,0.933,0.22,reg_wr,8,10,137,25,4,weighted,sparse,sensor_poll,in_order,none,48
RUN-000092,reg_sweep_seq,1378782008,full_random,stress,0x9a00,4,incremental,0.506,0.72,reg_rd,8,16,29,21,11,fixed,uniform,dma_stream,in_order,none,192
RUN-000093,irq_storm_seq,2115549120,directed,default,0xfd00,16,walking_ones,0.195,0.73,reg_rd,128,38,338,26,7,weighted,uniform,console,in_order,glitch,192
RUN-000094,reg_sweep_seq,878627018,full_random,corner,0x2a00,4,incremental,0.878,0.59,balanced,64,22,63,16,11,fixed,sparse,console,in_order,none,192
RUN-000095,backpressure_seq,615443963,constrained,default,0xa100,4,walking_ones,0.566,0.39,reg_wr,16,15,54,12,10,fixed,sparse,console,in_order,none,192
RUN-000096,uart_loopback_seq,1274255146,constrained,stress,0x6a00,16,random,0.634,0.54,reg_rd,16,30,168,29,2,weighted,uniform,sensor_poll,in_order,none,768
RUN-000097,parity_stress_seq,1151860759,constrained,stress,0xec00,4,incremental,0.734,0.43,reg_rd,16,34,365,1,9,fixed,burst_hotspot,console,in_order,none,48
RUN-000098,irq_storm_seq,183895686,constrained,corner,0xdf00,64,incremental,0.696,0.43,reg_rd,16,3,51,26,11,weighted,ping_pong,dma_stream,out_of_order,none,384
RUN-000099,reg_sweep_seq,1402337403,constrained,default,0x7900,16,incremental,0.409,0.72,reg_wr,64,7,112,10,6,fixed,burst_hotspot,dma_stream,in_order,none,96
RUN-000100,irq_storm_seq,1317797610,constrained,default,0x4800,4,all_ones,0.351,0.29,balanced,8,3,115,30,7,fixed,burst_hotspot,console,in_order,bitflip,48
RUN-000101,uart_loopback_seq,1654899187,constrained,stress,0xe900,16,random,0.834,0.61,reg_wr,8,17,416,1,8,fixed,burst_hotspot,sensor_poll,in_order,none,192
RUN-000102,dma_burst_seq,984364434,constrained,corner,0x8900,16,incremental,0.771,0.56,balanced,128,37,102,30,6,weighted,ping_pong,console,out_of_order,none,48
RUN-000103,uart_loopback_seq,1384949119,constrained,default,0xd700,16,walking_ones,0.871,0.5,reg_rd,8,31,253,29,3,weighted,uniform,sensor_poll,in_order,none,384
RUN-000104,uart_loopback_seq,912173746,constrained,default,0xca00,64,all_ones,0.764,0.53,balanced,64,32,276,24,2,fixed,burst_hotspot,console,out_of_order,none,192
RUN-000105,irq_storm_seq,669497902,constrained,default,0x4900,4,all_ones,0.391,0.28,reg_wr,128,31,291,22,0,fixed,uniform,dma_stream,out_of_order,none,768
RUN-000106,dma_burst_seq,1268795592,full_random,stress,0x1d00,4,random,0.878,0.42,reg_rd,8,24,353,18,10,weighted,uniform,sensor_poll,out_of_order,none,768
RUN-000107,reg_sweep_seq,1884709097,constrained,corner,0x4b00,16,all_ones,0.335,0.34,reg_wr,16,30,272,15,5,fixed,burst_hotspot,console,out_of_order,glitch,768
RUN-000108,parity_stress_seq,1750348393,constrained,default,0x0100,16,random,0.56,0.27,balanced,8,11,216,7,0,weighted,burst_hotspot,sensor_poll,in_order,none,384
RUN-000109,uart_loopback_seq,1418354792,constrained,default,0x5200,16,random,0.641,0.47,reg_wr,8,18,172,8,10,fixed,sparse,sensor_poll,in_order,none,96
RUN-000110,dma_burst_seq,167306603,constrained,stress,0xed00,64,walking_ones,0.354,0.71,reg_rd,64,16,73,0,3,weighted,ping_pong,console,in_order,bitflip,768
RUN-000111,reg_sweep_seq,1853603641,directed,default,0x2a00,4,incremental,0.319,0.74,balanced,16,11,346,9,6,fixed,burst_hotspot,sensor_poll,in_order,none,192
RUN-000112,dma_burst_seq,369170117,full_random,default,0x6600,4,random,0.32,0.23,reg_wr,64,10,295,31,0,fixed,sparse,boot,in_order,none,768
RUN-000113,reset_recovery_seq,497990995,constrained,default,0x2300,16,incremental,0.499,0.51,reg_rd,16,26,74,1,3,fixed,burst_hotspot,sensor_poll,in_order,none,48
RUN-000114,uart_loopback_seq,1864799539,constrained,stress,0xe800,16,random,0.395,0.53,balanced,8,8,144,6,0,weighted,ping_pong,dma_stream,in_order,none,192
RUN-000115,reset_recovery_seq,1735745734,constrained,corner,0x2d00,4,walking_ones,0.763,0.39,balanced,64,38,102,6,3,weighted,burst_hotspot,dma_stream,in_order,none,384
RUN-000116,irq_storm_seq,1226621501,directed,default,0x3000,64,random,0.774,0.56,balanced,64,28,103,22,9,fixed,burst_hotspot,boot,in_order,bitflip,768
RUN-000117,irq_storm_seq,1639331730,constrained,corner,0x3600,4,random,0.718,0.44,reg_rd,64,19,155,14,6,weighted,uniform,console,in_order,glitch,384
RUN-000118,parity_stress_seq,1284364331,constrained,default,0x7a00,4,random,0.617,0.31,reg_rd,64,27,49,30,4,fixed,uniform,dma_stream,in_order,none,48
RUN-000119,dma_burst_seq,1554434355,full_random,default,0x5900,4,random,0.386,0.47,balanced,64,10,319,4,9,weighted,burst_hotspot,console,in_order,none,384
RUN-000120,reg_sweep_seq,1538832457,directed,corner,0xb500,64,incremental,0.422,0.27,reg_rd,64,25,129,30,10,fixed,ping_pong,boot,in_order,none,48
RUN-000121,irq_storm_seq,1679926691,full_random,stress,0x6100,64,walking_ones,0.104,0.69,balanced,8,17,86,0,6,fixed,burst_hotspot,dma_stream,in_order,bitflip,768
RUN-000122,irq_storm_seq,1481884713,directed,default,0x0300,16,all_ones,0.487,0.57,balanced,128,17,336,20,4,fixed,uniform,boot,in_order,none,48
RUN-000123,reset_recovery_seq,656828488,full_random,default,0x1f00,4,random,0.078,0.57,balanced,8,16,414,30,5,fixed,uniform,console,in_order,none,384
RUN-000124,reg_sweep_seq,1003677389,directed,default,0x6f00,16,all_ones,0.376,0.51,balanced,128,13,349,0,6,weighted,ping_pong,sensor_poll,in_order,none,768
RUN-000125,uart_loopback_seq,509335882,full_random,default,0xc800,16,walking_ones,0.788,0.77,balanced,128,21,220,28,2,weighted,sparse,console,in_order,glitch,48
RUN-000126,parity_stress_seq,2042052406,constrained,stress,0xd900,4,incremental,0.212,0.52,reg_rd,8,21,42,30,10,fixed,burst_hotspot,dma_stream,in_order,glitch,768
RUN-000127,irq_storm_seq,785541415,directed,default,0x0a00,16,walking_ones,0.439,0.49,reg_wr,8,34,210,31,0,weighted,burst_hotspot,sensor_poll,in_order,none,48
RUN-000128,uart_loopback_seq,1130141222,constrained,default,0xd800,16,incremental,0.717,0.64,reg_wr,8,7,87,16,11,weighted,burst_hotspot,dma_stream,in_order,glitch,384
RUN-000129,dma_burst_seq,823972999,full_random,default,0xa900,64,random,0.332,0.25,balanced,8,7,28,28,9,fixed,uniform,sensor_poll,out_of_order,none,768
RUN-000130,dma_burst_seq,1728588069,directed,default,0xa000,4,walking_ones,0.637,0.26,balanced,16,18,323,21,9,fixed,ping_pong,console,in_order,none,48
RUN-000131,reg_sweep_seq,1790059022,full_random,corner,0x3d00,16,incremental,0.713,0.22,balanced,8,18,276,3,5,weighted,uniform,dma_stream,in_order,none,192
RUN-000132,irq_storm_seq,706780235,constrained,default,0xfc00,64,random,0.787,0.76,balanced,8,34,241,2,11,weighted,burst_hotspot,sensor_poll,in_order,none,96
RUN-000133,reg_sweep_seq,1776557561,constrained,corner,0x0f00,4,all_ones,0.381,0.76,reg_rd,8,34,371,10,9,fixed,ping_pong,sensor_poll,in_order,bitflip,192
RUN-000134,reg_sweep_seq,1289461176,constrained,default,0x3f00,16,random,0.16,0.68,reg_rd,128,18,129,0,1,weighted,uniform,dma_stream,in_order,none,384
RUN-000135,uart_loopback_seq,1412500762,full_random,default,0xe800,16,random,0.225,0.43,reg_rd,8,39,180,15,7,weighted,uniform,sensor_poll,out_of_order,none,384
RUN-000136,dma_burst_seq,492664184,constrained,corner,0xcc00,16,random,0.439,0.32,reg_rd,8,31,354,16,4,fixed,ping_pong,sensor_poll,out_of_order,bitflip,192
RUN-000137,irq_storm_seq,1588552635,constrained,corner,0xd300,64,random,0.671,0.6,reg_wr,8,16,196,11,1,weighted,burst_hotspot,dma_stream,in_order,none,384
RUN-000138,parity_stress_seq,1188488034,constrained,corner,0x1900,16,random,0.371,0.35,balanced,128,33,147,1,1,weighted,burst_hotspot,console,in_order,none,48
RUN-000139,uart_loopback_seq,934566779,constrained,default,0x6200,4,random,0.69,0.49,reg_rd,128,31,219,22,3,weighted,uniform,sensor_poll,out_of_order,bitflip,384
RUN-000140,reg_sweep_seq,1601066103,constrained,default,0x2600,16,random,0.754,0.43,balanced,64,34,88,29,1,weighted,burst_hotspot,boot,in_order,none,192
RUN-000141,reg_sweep_seq,208356777,constrained,default,0x6d00,64,incremental,0.516,0.61,balanced,8,10,237,26,8,fixed,uniform,dma_stream,out_of_order,none,768
RUN-000142,reg_sweep_seq,20381392,constrained,default,0x1100,64,incremental,0.67,0.62,balanced,8,5,358,8,6,fixed,uniform,dma_stream,out_of_order,bitflip,384
RUN-000143,reg_sweep_seq,1469359334,constrained,stress,0x1600,16,random,0.709,0.75,reg_wr,8,1,339,11,7,weighted,uniform,sensor_poll,out_of_order,none,768
RUN-000144,uart_loopback_seq,1791828400,constrained,default,0x5f00,64,random,0.524,0.41,balanced,8,38,293,18,3,weighted,uniform,sensor_poll,in_order,none,96
RUN-000145,parity_stress_seq,159255617,constrained,corner,0x9300,16,incremental,0.618,0.75,reg_wr,8,39,199,14,2,weighted,burst_hotspot,console,out_of_order,none,48
RUN-000146,reset_recovery_seq,1208040151,constrained,default,0x6400,64,incremental,0.723,0.23,reg_wr,8,4,207,29,10,weighted,ping_pong,dma_stream,in_order,bitflip,768
RUN-000147,reg_sweep_seq,479847067,constrained,default,0x0600,4,walking_ones,0.83,0.75,balanced,8,0,239,2,6,weighted,burst_hotspot,dma_stream,out_of_order,bitflip,48
RUN-000148,reset_recovery_seq,1622422596,constrained,default,0x5c00,4,random,0.567,0.26,reg_rd,16,7,286,8,3,weighted,uniform,console,in_order,bitflip,96
RUN-000149,reg_sweep_seq,1677889639,constrained,stress,0x0300,4,incremental,0.682,0.78,reg_rd,128,25,258,23,6,fixed,sparse,dma_stream,in_order,bitflip,768
RUN-000150,backpressure_seq,1594411365,full_random,stress,0x2f00,4,all_ones,0.503,0.67,balanced,16,12,292,28,2,fixed,burst_hotspot,console,in_order,none,192
RUN-000151,uart_loopback_seq,1171406124,constrained,stress,0xac00,4,all_ones,0.415,0.4,reg_rd,128,38,190,1,3,fixed,uniform,dma_stream,in_order,none,192
RUN-000152,uart_loopback_seq,2060825729,full_random,corner,0x9200,16,incremental,0.671,0.39,reg_wr,128,19,29,3,4,fixed,sparse,sensor_poll,in_order,none,384
RUN-000153,uart_loopback_seq,2104665573,constrained,corner,0x9a00,4,incremental,0.761,0.63,reg_rd,64,5,15,9,2,fixed,uniform,boot,in_order,bitflip,384
RUN-000154,irq_storm_seq,2135433519,full_random,stress,0xba00,4,walking_ones,0.098,0.23,balanced,8,30,239,26,8,weighted,uniform,console,in_order,none,192
RUN-000155,parity_stress_seq,1498964826,full_random,corner,0xdc00,64,random,0.186,0.43,balanced,8,1,383,12,1,fixed,burst_hotspot,dma_stream,in_order,bitflip,384
RUN-000156,reset_recovery_seq,262438362,full_random,corner,0x9a00,16,incremental,0.677,0.36,reg_rd,128,8,54,27,4,weighted,uniform,dma_stream,in_order,glitch,96
RUN-000157,reset_recovery_seq,1136596354,constrained,default,0xe600,16,walking_ones,0.373,0.46,reg_wr,16,0,176,10,3,fixed,uniform,dma_stream,in_order,none,48
RUN-000158,irq_storm_seq,245974295,full_random,default,0x9700,64,walking_ones,0.215,0.37,reg_rd,16,38,351,30,10,fixed,uniform,console,in_order,none,384
RUN-000159,parity_stress_seq,1744086455,constrained,corner,0x7800,16,walking_ones,0.543,0.49,reg_wr,64,38,265,11,1,weighted,sparse,console,in_order,none,48
RUN-000160,reset_recovery_seq,661485138,constrained,default,0x9f00,64,random,0.688,0.56,balanced,16,25,264,17,5,weighted,uniform,sensor_poll,in_order,bitflip,96
RUN-000161,irq_storm_seq,2132967150,full_random,corner,0x6c00,64,walking_ones,0.602,0.48,reg_rd,64,2,236,14,3,weighted,uniform,dma_stream,in_order,glitch,96
RUN-000162,reset_recovery_seq,857152390,directed,default,0xe100,4,random,0.201,0.23,reg_rd,64,8,316,24,3,fixed,burst_hotspot,boot,in_order,none,48
RUN-000163,reg_sweep_seq,314369756,full_random,stress,0xa300,64,incremental,0.591,0.54,reg_rd,8,30,265,23,7,fixed,ping_pong,dma_stream,in_order,bitflip,768
RUN-000164,uart_loopback_seq,627746377,full_random,default,0xe100,64,walking_ones,0.667,0.26,reg_rd,64,6,245,24,9,fixed,burst_hotspot,boot,in_order,glitch,48
RUN-000165,parity_stress_seq,1229935797,constrained,stress,0x1400,4,incremental,0.609,0.56,reg_wr,16,8,218,20,6,weighted,uniform,dma_stream,out_of_order,none,384
RUN-000166,reg_sweep_seq,1320127481,constrained,corner,0xe700,4,random,0.271,0.79,reg_wr,64,17,262,24,4,weighted,sparse,console,in_order,glitch,96
RUN-000167,reg_sweep_seq,1502645170,full_random,default,0x0d00,4,random,0.619,0.73,balanced,16,22,34,10,11,weighted,sparse,sensor_poll,in_order,bitflip,192
RUN-000168,dma_burst_seq,769005849,constrained,corner,0x4500,16,random,0.657,0.33,reg_rd,8,14,178,28,10,weighted,burst_hotspot,dma_stream,out_of_order,glitch,384
RUN-000169,backpressure_seq,888730495,full_random,corner,0x2e00,16,random,0.54,0.36,reg_rd,8,5,192,10,2,fixed,sparse,boot,in_order,glitch,384
RUN-000170,irq_storm_seq,1846264861,full_random,stress,0xd200,64,random,0.219,0.21,reg_rd,16,1,297,2,8,fixed,uniform,dma_stream,in_order,none,96
RUN-000171,irq_storm_seq,289724187,constrained,default,0x6800,16,all_ones,0.146,0.71,reg_wr,128,30,190,10,2,weighted,uniform,sensor_poll,in_order,none,384
RUN-000172,backpressure_seq,454771164,directed,corner,0x0300,16,random,0.2,0.6,reg_rd,64,33,184,31,4,weighted,uniform,sensor_poll,out_of_order,none,96
RUN-000173,reset_recovery_seq,1497104257,full_random,corner,0x5400,4,walking_ones,0.314,0.69,reg_wr,64,27,103,8,10,fixed,sparse,sensor_poll,out_of_order,glitch,48
RUN-000174,reg_sweep_seq,1142802713,constrained,default,0x2f00,4,incremental,0.277,0.23,reg_rd,8,26,319,13,7,fixed,uniform,dma_stream,out_of_order,none,384
RUN-000175,reset_recovery_seq,898826164,constrained,stress,0xd400,64,random,0.495,0.41,balanced,128,9,55,21,10,fixed,uniform,console,in_order,none,96
RUN-000176,irq_storm_seq,1602665833,constrained,stress,0xf400,64,walking_ones,0.358,0.75,reg_wr,16,33,54,23,1,weighted,burst_hotspot,sensor_poll,in_order,none,384
RUN-000177,reset_recovery_seq,743552699,constrained,default,0x6c00,4,incremental,0.408,0.68,reg_wr,8,32,381,0,4,fixed,uniform,dma_stream,in_order,none,96
RUN-000178,dma_burst_seq,116431935,constrained,default,0x9a00,4,incremental,0.26,0.62,balanced,8,23,360,26,8,fixed,sparse,boot,in_order,none,192
RUN-000179,uart_loopback_seq,902186723,constrained,default,0x5f00,4,all_ones,0.07,0.27,reg_rd,64,19,78,7,5,fixed,burst_hotspot,boot,out_of_order,bitflip,48
RUN-000180,reg_sweep_seq,1588053051,full_random,stress,0x2c00,64,walking_ones,0.386,0.61,reg_wr,8,38,68,22,4,weighted,burst_hotspot,boot,out_of_order,none,384
RUN-000181,backpressure_seq,486073760,full_random,corner,0xf400,4,incremental,0.901,0.53,reg_rd,8,3,153,28,3,fixed,uniform,console,in_order,none,384
RUN-000182,reg_sweep_seq,419682869,full_random,corner,0x6b00,64,walking_ones,0.334,0.68,reg_rd,16,22,214,21,7,weighted,ping_pong,boot,in_order,none,48
RUN-000183,reset_recovery_seq,1890107997,full_random,default,0x6800,4,incremental,0.409,0.66,reg_rd,64,4,202,15,9,fixed,uniform,sensor_poll,in_order,none,192
RUN-000184,reg_sweep_seq,1307474942,constrained,default,0x1a00,16,walking_ones,0.396,0.42,reg_wr,16,15,58,30,5,fixed,sparse,sensor_poll,in_order,glitch,192
RUN-000185,reg_sweep_seq,635101445,constrained,corner,0xe100,4,walking_ones,0.735,0.45,reg_wr,64,30,174,22,8,fixed,burst_hotspot,sensor_poll,in_order,none,384
RUN-000186,backpressure_seq,243040776,full_random,default,0x7500,64,incremental,0.566,0.3,reg_wr,128,13,180,0,3,weighted,sparse,boot,out_of_order,bitflip,48
RUN-000187,irq_storm_seq,1061909267,constrained,stress,0x8900,64,walking_ones,0.718,0.6,balanced,16,29,380,21,7,fixed,burst_hotspot,dma_stream,out_of_order,bitflip,96
RUN-000188,reg_sweep_seq,1631050272,full_random,default,0xf200,4,all_ones,0.386,0.77,reg_wr,8,29,102,22,8,weighted,burst_hotspot,console,out_of_order,bitflip,192
RUN-000189,reg_sweep_seq,1869364346,full_random,default,0x3b00,4,random,0.387,0.45,reg_wr,64,21,36,22,2,weighted,uniform,dma_stream,in_order,glitch,384
RUN-000190,uart_loopback_seq,526006453,directed,default,0xb500,64,random,0.526,0.61,balanced,16,9,85,16,0,weighted,burst_hotspot,console,in_order,none,384
RUN-000191,reset_recovery_seq,2114959849,constrained,default,0x3500,4,incremental,0.692,0.42,reg_rd,16,22,208,23,8,weighted,burst_hotspot,sensor_poll,out_of_order,glitch,384
RUN-000192,dma_burst_seq,112369263,constrained,default,0xea00,64,walking_ones,0.539,0.27,reg_rd,16,36,289,26,6,weighted,uniform,dma_stream,in_order,glitch,192
RUN-000193,backpressure_seq,137754072,full_random,default,0xf500,64,walking_ones,0.114,0.3,reg_rd,64,38,209,4,4,weighted,burst_hotspot,sensor_poll,in_order,glitch,192
RUN-000194,parity_stress_seq,281632911,full_random,default,0x0400,4,walking_ones,0.433,0.49,reg_rd,64,0,399,8,9,weighted,ping_pong,dma_stream,in_order,none,768
RUN-000195,reset_recovery_seq,1951741375,directed,stress,0xe400,64,random,0.32,0.61,balanced,8,5,367,31,1,weighted,burst_hotspot,console,in_order,none,96
RUN-000196,parity_stress_seq,1653848612,directed,default,0x1e00,4,random,0.649,0.28,reg_wr,128,32,239,8,9,fixed,sparse,sensor_poll,in_order,none,192
RUN-000197,dma_burst_seq,1830429369,directed,default,0xbc00,64,walking_ones,0.576,0.38,reg_rd,8,7,350,15,10,fixed,burst_hotspot,boot,in_order,none,48
RUN-000198,parity_stress_seq,114663425,constrained,corner,0xee00,16,random,0.495,0.67,balanced,8,28,199,11,4,fixed,sparse,dma_stream,in_order,none,192
RUN-000199,reg_sweep_seq,2072655218,constrained,stress,0x5500,16,random,0.26,0.49,balanced,8,38,297,7,5,fixed,sparse,boot,in_order,none,192
RUN-000200,reg_sweep_seq,1610410352,full_random,corner,0x4100,16,all_ones,0.321,0.4,balanced,128,25,193,26,1,fixed,uniform,console,in_order,none,384
RUN-000201,backpressure_seq,2035959893,constrained,default,0xd500,4,walking_ones,0.707,0.74,balanced,16,8,302,24,3,fixed,sparse,sensor_poll,in_order,none,384
RUN-000202,parity_stress_seq,1396791629,constrained,default,0xfa00,4,random,0.816,0.29,reg_rd,8,4,54,18,7,weighted,burst_hotspot,dma_stream,out_of_order,bitflip,96
RUN-000203,irq_storm_seq,2038241292,full_random,corner,0x7e00,4,random,0.314,0.64,reg_wr,64,19,237,4,3,weighted,burst_hotspot,sensor_poll,out_of_order,bitflip,48
RUN-000204,irq_storm_seq,606185222,constrained,corner,0xfa00,64,walking_ones,0.828,0.28,balanced,128,20,247,22,0,fixed,burst_hotspot,boot,in_order,none,192
RUN-000205,reset_recovery_seq,419222836,full_random,default,0x0800,4,random,0.739,0.58,balanced,128,2,17,18,4,weighted,uniform,boot,out_of_order,none,768
RUN-000206,uart_loopback_seq,201421828,full_random,stress,0xc500,64,random,0.798,0.35,reg_wr,128,34,125,17,7,fixed,ping_pong,boot,in_order,none,192
RUN-000207,reset_recovery_seq,1999811424,constrained,stress,0xf800,4,random,0.3,0.45,balanced,64,27,96,20,10,fixed,burst_hotspot,sensor_poll,in_order,glitch,192
RUN-000208,reg_sweep_seq,1149336427,full_random,stress,0x0000,16,all_ones,0.43,0.73,reg_rd,128,28,265,10,6,weighted,ping_pong,console,in_order,none,768
RUN-000209,uart_loopback_seq,219589161,constrained,default,0xdb00,16,random,0.372,0.76,reg_rd,64,32,107,0,5,weighted,burst_hotspot,boot,in_order,bitflip,192
RUN-000210,reset_recovery_seq,234168940,constrained,default,0x2100,16,random,0.737,0.62,reg_wr,64,16,126,2,10,fixed,sparse,boot,in_order,bitflip,48
RUN-000211,irq_storm_seq,1231209906,constrained,corner,0x6b00,16,random,0.496,0.33,reg_rd,8,28,91,6,9,fixed,burst_hotspot,dma_stream,in_order,bitflip,192
RUN-000212,reset_recovery_seq,206236646,full_random,default,0xc400,64,incremental,0.783,0.44,reg_rd,16,39,241,30,8,weighted,burst_hotspot,boot,in_order,bitflip,384
RUN-000213,dma_burst_seq,886784009,constrained,stress,0xa400,4,all_ones,0.54,0.79,balanced,16,28,40,19,10,weighted,ping_pong,sensor_poll,out_of_order,none,192
RUN-000214,reg_sweep_seq,1467674012,constrained,default,0x3e00,4,all_ones,0.747,0.33,reg_wr,8,39,253,2,6,fixed,uniform,console,out_of_order,bitflip,96
RUN-000215,irq_storm_seq,883417629,full_random,default,0xca00,4,incremental,0.186,0.65,reg_wr,8,22,264,21,9,weighted,ping_pong,console,in_order,none,96
RUN-000216,irq_storm_seq,516601495,constrained,default,0x0e00,4,walking_ones,0.709,0.23,balanced,8,20,357,27,11,weighted,sparse,dma_stream,out_of_order,bitflip,192
RUN-000217,reg_sweep_seq,664105443,constrained,corner,0x6400,64,incremental,0.678,0.68,balanced,64,11,362,24,9,fixed,uniform,boot,in_order,glitch,96
RUN-000218,irq_storm_seq,167219930,constrained,stress,0x5800,64,random,0.333,0.2,reg_wr,16,34,68,9,6,fixed,sparse,sensor_poll,out_of_order,none,96
RUN-000219,backpressure_seq,233307725,constrained,default,0x7700,64,walking_ones,0.492,0.45,reg_wr,64,27,360,26,11,fixed,burst_hotspot,console,in_order,none,384
RUN-000220,parity_stress_seq,454452643,constrained,default,0x0700,16,walking_ones,0.187,0.45,balanced,8,8,43,15,11,fixed,ping_pong,boot,out_of_order,glitch,384
RUN-000221,backpressure_seq,1767046499,full_random,default,0xc000,4,random,0.203,0.54,reg_wr,16,20,357,29,11,weighted,sparse,sensor_poll,in_order,none,96
RUN-000222,irq_storm_seq,745811590,constrained,corner,0xb900,4,walking_ones,0.566,0.78,balanced,8,28,412,13,6,weighted,sparse,console,in_order,none,384
RUN-000223,backpressure_seq,806769249,constrained,stress,0x6d00,4,walking_ones,0.169,0.57,balanced,16,7,272,3,4,weighted,uniform,sensor_poll,in_order,bitflip,192
RUN-000224,dma_burst_seq,652638239,constrained,corner,0x0a00,16,random,0.763,0.48,reg_wr,64,6,217,8,2,fixed,burst_hotspot,sensor_poll,in_order,none,768
RUN-000225,irq_storm_seq,2008766247,constrained,default,0x0200,4,incremental,0.302,0.43,reg_wr,8,3,58,26,9,weighted,burst_hotspot,dma_stream,out_of_order,none,384
RUN-000226,dma_burst_seq,1173481548,constrained,default,0x3a00,16,random,0.678,0.26,balanced,64,28,369,12,5,weighted,burst_hotspot,boot,in_order,glitch,96
RUN-000227,irq_storm_seq,1662277483,constrained,default,0x2100,4,random,0.678,0.64,reg_rd,64,3,368,31,11,fixed,ping_pong,console,in_order,none,384
RUN-000228,irq_storm_seq,974866841,constrained,default,0xc400,4,incremental,0.573,0.75,balanced,8,8,301,12,9,fixed,burst_hotspot,sensor_poll,in_order,glitch,384
RUN-000229,backpressure_seq,1239604426,constrained,default,0x2900,4,walking_ones,0.158,0.26,balanced,8,8,322,7,4,fixed,sparse,console,in_order,none,48
RUN-000230,reset_recovery_seq,175924606,directed,stress,0xfd00,16,random,0.527,0.54,balanced,16,0,138,9,0,fixed,sparse,dma_stream,in_order,none,384
RUN-000231,reg_sweep_seq,1893984455,constrained,stress,0xda00,4,incremental,0.518,0.59,balanced,16,4,292,14,4,weighted,ping_pong,boot,in_order,bitflip,384
RUN-000232,uart_loopback_seq,24441041,constrained,default,0xfc00,16,random,0.378,0.74,reg_rd,128,31,64,5,2,fixed,burst_hotspot,dma_stream,in_order,none,96
RUN-000233,uart_loopback_seq,23147034,directed,default,0x1100,16,all_ones,0.67,0.48,balanced,8,13,280,17,2,fixed,ping_pong,dma_stream,in_order,none,192
RUN-000234,parity_stress_seq,2074974365,directed,default,0x7b00,16,random,0.4,0.67,balanced,8,21,263,19,9,fixed,sparse,sensor_poll,in_order,bitflip,192
RUN-000235,irq_storm_seq,852714148,constrained,default,0x1d00,4,random,0.504,0.73,balanced,16,26,338,5,7,fixed,uniform,dma_stream,in_order,none,48
RUN-000236,reg_sweep_seq,370937275,constrained,corner,0x4300,16,incremental,0.829,0.6,reg_wr,16,26,355,21,10,weighted,uniform,sensor_poll,out_of_order,none,192
RUN-000237,uart_loopback_seq,1209138783,constrained,stress,0xf500,16,random,0.202,0.44,reg_rd,64,14,278,5,8,weighted,uniform,dma_stream,in_order,glitch,48
RUN-000238,backpressure_seq,1670291482,constrained,default,0x5f00,64,random,0.133,0.67,balanced,128,4,383,8,3,fixed,sparse,dma_stream,in_order,none,96
RUN-000239,uart_loopback_seq,850240577,constrained,default,0xdd00,64,random,0.719,0.74,balanced,128,35,429,24,1,weighted,uniform,sensor_poll,in_order,none,48
RUN-000240,backpressure_seq,3724414,full_random,corner,0xca00,64,incremental,0.527,0.55,balanced,128,8,61,3,4,weighted,uniform,dma_stream,out_of_order,none,96
RUN-000241,parity_stress_seq,1800971334,constrained,corner,0xcf00,64,all_ones,0.915,0.46,balanced,8,5,132,7,6,fixed,burst_hotspot,console,in_order,bitflip,768
RUN-000242,parity_stress_seq,25000323,constrained,stress,0x4b00,64,incremental,0.427,0.36,reg_rd,16,33,185,13,5,fixed,burst_hotspot,sensor_poll,out_of_order,none,384
RUN-000243,dma_burst_seq,611855267,constrained,corner,0x7800,4,random,0.588,0.78,balanced,16,35,186,11,0,fixed,uniform,dma_stream,in_order,glitch,96
RUN-000244,uart_loopback_seq,137135055,constrained,default,0x7200,16,random,0.469,0.59,reg_rd,16,9,320,9,5,weighted,sparse,console,out_of_order,none,384
RUN-000245,reg_sweep_seq,2120265907,constrained,default,0xd500,64,random,0.253,0.23,reg_rd,8,31,144,10,2,weighted,burst_hotspot,boot,in_order,glitch,192
RUN-000246,reg_sweep_seq,290694170,constrained,default,0x8900,64,random,0.261,0.54,reg_wr,8,1,240,1,11,fixed,burst_hotspot,boot,out_of_order,none,768
RUN-000247,reg_sweep_seq,2130166181,full_random,default,0xac00,16,random,0.36,0.26,reg_wr,8,3,121,14,7,weighted,uniform,console,out_of_order,none,384
RUN-000248,reset_recovery_seq,48243160,constrained,corner,0x1400,4,random,0.815,0.76,reg_rd,64,31,162,30,1,weighted,burst_hotspot,console,in_order,glitch,768
RUN-000249,uart_loopback_seq,609209219,constrained,default,0x2300,64,all_ones,0.81,0.36,reg_wr,8,30,392,14,4,fixed,uniform,dma_stream,in_order,none,192
RUN-000250,uart_loopback_seq,1738446686,directed,default,0xf200,4,walking_ones,0.431,0.61,reg_rd,16,2,314,30,3,fixed,sparse,sensor_poll,in_order,none,384
RUN-000251,reset_recovery_seq,303928932,directed,corner,0xce00,64,walking_ones,0.629,0.53,balanced,128,0,260,20,6,fixed,sparse,dma_stream,in_order,bitflip,48
RUN-000252,reg_sweep_seq,823832098,full_random,corner,0xf400,16,walking_ones,0.357,0.56,reg_rd,16,21,314,5,2,weighted,sparse,console,in_order,bitflip,384
RUN-000253,reg_sweep_seq,218776564,constrained,corner,0x4700,4,all_ones,0.342,0.67,balanced,64,4,57,16,6,weighted,uniform,sensor_poll,out_of_order,none,192
RUN-000254,uart_loopback_seq,931197726,constrained,stress,0x4300,16,incremental,0.829,0.28,reg_wr,64,18,413,10,9,weighted,burst_hotspot,sensor_poll,in_order,glitch,768
RUN-000255,reset_recovery_seq,951888290,directed,default,0xdb00,4,incremental,0.393,0.66,reg_rd,64,24,303,25,7,weighted,uniform,boot,in_order,glitch,768
RUN-000256,reg_sweep_seq,58956169,constrained,default,0x2c00,64,incremental,0.491,0.59,reg_wr,8,37,139,1,3,fixed,burst_hotspot,console,in_order,glitch,768
RUN-000257,uart_loopback_seq,2046736295,constrained,stress,0xa000,64,incremental,0.497,0.72,reg_rd,8,14,234,16,10,weighted,sparse,sensor_poll,in_order,glitch,48
RUN-000258,parity_stress_seq,2082461512,full_random,default,0x0c00,4,random,0.086,0.49,reg_rd,128,7,83,26,8,weighted,sparse,dma_stream,in_order,bitflip,48
RUN-000259,reset_recovery_seq,472937715,constrained,stress,0x7e00,4,random,0.381,0.27,balanced,16,14,240,8,6,weighted,burst_hotspot,boot,in_order,none,96
RUN-000260,backpressure_seq,1882617226,constrained,default,0x8b00,64,all_ones,0.178,0.4,reg_rd,8,33,393,30,9,weighted,ping_pong,sensor_poll,out_of_order,none,96
RUN-000261,reg_sweep_seq,964212715,full_random,default,0xe700,4,random,0.329,0.57,reg_wr,64,12,277,27,11,weighted,uniform,sensor_poll,in_order,none,384
RUN-000262,backpressure_seq,590656955,full_random,default,0x5400,4,random,0.588,0.43,balanced,16,34,74,5,10,weighted,uniform,boot,in_order,none,96
RUN-000263,parity_stress_seq,1384063718,directed,default,0xac00,16,walking_ones,0.37,0.22,reg_wr,8,7,333,2,3,fixed,burst_hotspot,boot,out_of_order,none,192
RUN-000264,backpressure_seq,1236921704,directed,corner,0x3e00,16,random,0.201,0.28,balanced,64,26,318,10,9,fixed,uniform,dma_stream,in_order,none,96
RUN-000265,irq_storm_seq,460149587,full_random,stress,0x4400,16,all_ones,0.517,0.44,balanced,8,30,293,15,2,fixed,ping_pong,sensor_poll,in_order,bitflip,48
RUN-000266,backpressure_seq,92529574,full_random,default,0x2900,64,random,0.749,0.48,reg_rd,64,25,288,15,9,weighted,uniform,boot,in_order,none,48
RUN-000267,reset_recovery_seq,1634563989,constrained,stress,0xb000,16,random,0.313,0.68,balanced,8,23,227,27,10,fixed,uniform,console,in_order,glitch,768
RUN-000268,dma_burst_seq,8061398,constrained,default,0x3400,16,incremental,0.385,0.2,reg_wr,128,26,325,21,0,fixed,uniform,sensor_poll,in_order,glitch,192
RUN-000269,backpressure_seq,1639910528,constrained,corner,0x4e00,16,incremental,0.591,0.73,reg_wr,128,37,83,31,7,fixed,burst_hotspot,dma_stream,in_order,glitch,384
RUN-000270,irq_storm_seq,2032075509,full_random,stress,0x3100,4,random,0.248,0.79,reg_rd,16,1,294,3,9,fixed,uniform,console,in_order,bitflip,384
RUN-000271,irq_storm_seq,1483294314,full_random,stress,0x5500,64,random,0.599,0.35,reg_wr,16,14,394,5,4,fixed,uniform,boot,in_order,glitch,192
RUN-000272,dma_burst_seq,1258649762,full_random,corner,0xaf00,4,walking_ones,0.37,0.3,balanced,128,10,79,16,10,weighted,burst_hotspot,console,in_order,glitch,192
RUN-000273,dma_burst_seq,628584681,directed,default,0xc500,16,random,0.697,0.78,reg_rd,8,24,86,29,2,weighted,burst_hotspot,dma_stream,in_order,none,384
RUN-000274,reg_sweep_seq,703314125,constrained,default,0xe600,4,all_ones,0.08,0.39,reg_rd,8,23,380,4,10,fixed,ping_pong,sensor_poll,out_of_order,bitflip,48
RUN-000275,reset_recovery_seq,1209222015,constrained,corner,0x8c00,16,walking_ones,0.761,0.79,reg_rd,16,3,45,12,5,fixed,uniform,console,in_order,bitflip,768
RUN-000276,irq_storm_seq,2022688028,constrained,corner,0x6900,4,incremental,0.751,0.3,balanced,8,25,386,2,0,weighted,ping_pong,boot,in_order,none,384
RUN-000277,irq_storm_seq,1441038881,constrained,corner,0x0900,64,walking_ones,0.451,0.78,balanced,8,6,381,2,10,fixed,sparse,console,in_order,none,384
RUN-000278,uart_loopback_seq,1334069642,constrained,corner,0x9100,64,walking_ones,0.554,0.69,reg_wr,16,27,415,26,9,weighted,burst_hotspot,sensor_poll,out_of_order,none,96
RUN-000279,irq_storm_seq,1444445926,constrained,default,0xd400,16,incremental,0.417,0.39,reg_wr,8,37,189,20,2,fixed,sparse,console,in_order,glitch,48
RUN-000280,reg_sweep_seq,1155123104,constrained,default,0x1300,64,random,0.469,0.72,reg_rd,16,18,271,9,5,weighted,sparse,dma_stream,in_order,glitch,96
RUN-000281,dma_burst_seq,1470209347,constrained,corner,0x4900,16,incremental,0.259,0.44,reg_rd,16,2,338,17,1,fixed,uniform,sensor_poll,in_order,none,192
RUN-000282,irq_storm_seq,1812879635,constrained,corner,0x7300,16,random,0.391,0.68,balanced,16,37,224,18,5,fixed,uniform,console,out_of_order,none,384
RUN-000283,uart_loopback_seq,1081366985,constrained,default,0xcf00,64,random,0.549,0.45,balanced,128,16,179,19,4,fixed,burst_hotspot,console,in_order,none,192
RUN-000284,uart_loopback_seq,1665528943,full_random,default,0xc200,16,incremental,0.258,0.61,reg_wr,8,0,95,8,2,fixed,burst_hotspot,sensor_poll,out_of_order,none,768
RUN-000285,irq_storm_seq,499911444,constrained,stress,0xde00,4,random,0.594,0.68,reg_wr,16,8,174,17,7,weighted,sparse,dma_stream,out_of_order,bitflip,384
RUN-000286,reg_sweep_seq,950180912,full_random,default,0xce00,4,incremental,0.307,0.73,reg_rd,128,2,234,31,7,fixed,burst_hotspot,dma_stream,out_of_order,none,96
RUN-000287,reg_sweep_seq,1066210057,constrained,default,0x5000,16,walking_ones,0.36,0.77,reg_rd,64,7,201,21,6,weighted,uniform,console,in_order,glitch,96
RUN-000288,reg_sweep_seq,1626194021,constrained,corner,0x3e00,16,random,0.381,0.23,reg_wr,128,28,195,10,8,weighted,sparse,dma_stream,in_order,glitch,192
RUN-000289,uart_loopback_seq,1621609288,constrained,corner,0x4300,4,walking_ones,0.499,0.68,balanced,8,23,56,20,8,fixed,uniform,dma_stream,in_order,none,96
RUN-000290,parity_stress_seq,629642679,constrained,stress,0xb000,64,random,0.483,0.36,balanced,16,16,390,22,4,weighted,ping_pong,sensor_poll,in_order,none,768
RUN-000291,reset_recovery_seq,1752638205,constrained,default,0xd500,16,walking_ones,0.597,0.77,balanced,16,15,204,27,5,fixed,uniform,dma_stream,in_order,bitflip,48
RUN-000292,dma_burst_seq,1409914531,constrained,default,0xe500,4,all_ones,0.506,0.6,balanced,8,26,398,27,1,fixed,uniform,console,out_of_order,none,384
RUN-000293,backpressure_seq,1404911106,constrained,default,0xad00,64,all_ones,0.582,0.46,reg_rd,8,34,347,4,2,weighted,ping_pong,sensor_poll,in_order,none,192
RUN-000294,dma_burst_seq,1802131894,directed,default,0x3600,4,random,0.528,0.53,balanced,8,2,117,21,3,weighted,sparse,console,out_of_order,none,384
RUN-000295,backpressure_seq,1919062830,full_random,default,0x0800,4,walking_ones,0.71,0.27,balanced,128,4,258,26,4,weighted,sparse,sensor_poll,in_order,bitflip,48
RUN-000296,backpressure_seq,65578684,full_random,corner,0x2d00,64,random,0.221,0.25,reg_rd,8,14,34,23,10,weighted,sparse,sensor_poll,out_of_order,none,48
RUN-000297,reg_sweep_seq,839072811,constrained,default,0x2200,4,random,0.429,0.32,reg_rd,16,3,42,13,5,fixed,uniform,dma_stream,in_order,none,192
RUN-000298,irq_storm_seq,732912870,directed,default,0xb500,4,incremental,0.163,0.42,balanced,16,12,251,3,10,fixed,uniform,dma_stream,out_of_order,bitflip,768
RUN-000299,uart_loopback_seq,1602158013,constrained,corner,0x3b00,16,all_ones,0.623,0.21,reg_wr,8,10,35,17,4,weighted,ping_pong,console,out_of_order,glitch,96
RUN-000300,parity_stress_seq,885186585,full_random,corner,0xca00,4,incremental,0.446,0.54,reg_wr,64,19,162,10,1,weighted,uniform,sensor_poll,in_order,bitflip,384
RUN-000301,irq_storm_seq,1322084258,constrained,default,0xd400,4,all_ones,0.274,0.61,reg_wr,16,24,336,15,2,fixed,burst_hotspot,boot,in_order,glitch,192
RUN-000302,parity_stress_seq,257016355,full_random,default,0x7400,16,incremental,0.597,0.3,reg_rd,16,0,38,27,6,weighted,burst_hotspot,console,in_order,none,48
RUN-000303,reset_recovery_seq,481915683,constrained,corner,0x2a00,4,random,0.624,0.72,balanced,16,15,274,19,10,fixed,burst_hotspot,sensor_poll,in_order,none,192
RUN-000304,dma_burst_seq,1277271574,constrained,default,0xe700,16,incremental,0.578,0.23,reg_rd,64,39,262,6,0,weighted,burst_hotspot,sensor_poll,in_order,none,384
RUN-000305,reset_recovery_seq,1798709073,full_random,corner,0xcd00,16,all_ones,0.872,0.41,balanced,8,39,127,9,11,weighted,ping_pong,console,out_of_order,none,384
RUN-000306,parity_stress_seq,625518336,constrained,default,0x3800,4,incremental,0.785,0.36,reg_wr,16,1,157,9,6,fixed,ping_pong,console,in_order,none,96
RUN-000307,uart_loopback_seq,404042910,constrained,corner,0x2900,64,random,0.352,0.53,reg_rd,64,6,182,6,1,fixed,burst_hotspot,console,in_order,none,192
RUN-000308,dma_burst_seq,2051800501,directed,corner,0xf800,16,all_ones,0.576,0.49,reg_rd,16,38,240,4,11,fixed,uniform,console,in_order,glitch,384
RUN-000309,reg_sweep_seq,1665713067,constrained,stress,0x3200,16,random,0.132,0.76,reg_wr,8,24,388,19,2,weighted,sparse,sensor_poll,in_order,none,384
RUN-000310,dma_burst_seq,269840714,constrained,default,0x2100,16,random,0.543,0.78,reg_wr,8,25,365,6,11,fixed,ping_pong,sensor_poll,in_order,none,96
RUN-000311,dma_burst_seq,815903270,constrained,corner,0x1500,4,incremental,0.464,0.51,reg_rd,64,14,292,2,0,weighted,uniform,sensor_poll,out_of_order,none,96
RUN-000312,dma_burst_seq,881674143,constrained,corner,0x3e00,4,incremental,0.87,0.5,balanced,64,35,262,13,11,weighted,ping_pong,sensor_poll,in_order,bitflip,192
RUN-000313,reg_sweep_seq,1902415910,full_random,stress,0x4200,16,incremental,0.252,0.34,balanced,8,19,192,7,7,fixed,uniform,dma_stream,in_order,none,384
RUN-000314,irq_storm_seq,1518494546,full_random,default,0x7c00,64,random,0.478,0.36,reg_rd,16,10,289,28,10,weighted,uniform,dma_stream,out_of_order,none,192
RUN-000315,dma_burst_seq,1807384611,constrained,default,0x6100,64,random,0.322,0.78,reg_rd,8,18,256,1,4,fixed,sparse,sensor_poll,in_order,none,96
RUN-000316,dma_burst_seq,237042591,constrained,default,0xca00,64,random,0.421,0.66,reg_wr,8,32,425,2,1,fixed,sparse,console,out_of_order,none,384
RUN-000317,backpressure_seq,237889913,full_random,default,0x8800,16,random,0.369,0.31,reg_rd,8,31,151,31,9,fixed,uniform,console,in_order,glitch,192
RUN-000318,dma_burst_seq,811239307,constrained,corner,0xa700,64,walking_ones,0.436,0.58,reg_rd,128,7,192,5,6,weighted,uniform,console,in_order,glitch,192
RUN-000319,reg_sweep_seq,1604757989,constrained,default,0xa200,16,incremental,0.394,0.55,reg_wr,16,10,325,9,9,weighted,uniform,sensor_poll,in_order,none,384
RUN-000320,dma_burst_seq,1724267781,constrained,default,0xa800,16,walking_ones,0.802,0.47,reg_rd,8,21,86,30,4,fixed,sparse,boot,out_of_order,none,96
RUN-000321,reset_recovery_seq,460037351,constrained,stress,0xba00,16,walking_ones,0.829,0.5,balanced,64,19,40,21,5,fixed,uniform,sensor_poll,in_order,glitch,192
RUN-000322,uart_loopback_seq,1072170924,constrained,stress,0x8600,64,all_ones,0.199,0.34,reg_wr,64,5,86,22,10,weighted,sparse,console,out_of_order,none,48
RUN-000323,reg_sweep_seq,1158237740,full_random,corner,0xb800,4,random,0.443,0.72,reg_rd,128,7,203,8,1,fixed,burst_hotspot,dma_stream,in_order,none,96
RUN-000324,reg_sweep_seq,358060099,constrained,corner,0xcd00,4,random,0.142,0.49,balanced,16,20,33,14,3,weighted,sparse,console,in_order,bitflip,768
RUN-000325,irq_storm_seq,533601519,constrained,corner,0x8400,4,all_ones,0.113,0.48,reg_wr,64,7,165,28,7,weighted,ping_pong,sensor_poll,in_order,none,96
RUN-000326,uart_loopback_seq,686395313,constrained,default,0x6900,16,random,0.19,0.43,reg_rd,128,22,417,21,10,weighted,burst_hotspot,sensor_poll,in_order,bitflip,192
RUN-000327,uart_loopback_seq,1647619845,constrained,default,0x5e00,4,random,0.619,0.78,reg_wr,8,18,147,16,4,fixed,uniform,boot,out_of_order,none,384
RUN-000328,reset_recovery_seq,309076108,constrained,default,0x0300,16,walking_ones,0.338,0.61,reg_rd,8,32,174,22,8,weighted,uniform,boot,out_of_order,none,192
RUN-000329,reset_recovery_seq,150459501,constrained,default,0xaf00,16,random,0.448,0.66,balanced,16,23,418,15,6,fixed,burst_hotspot,dma_stream,in_order,none,192
RUN-000330,uart_loopback_seq,1186558392,constrained,stress,0x6500,4,random,0.366,0.37,reg_rd,64,31,150,28,11,weighted,sparse,dma_stream,in_order,bitflip,96
RUN-000331,reg_sweep_seq,2105749513,full_random,corner,0xfa00,4,random,0.219,0.71,balanced,8,30,158,3,1,weighted,ping_pong,dma_stream,in_order,glitch,192
RUN-000332,uart_loopback_seq,1326946085,constrained,default,0x8b00,16,random,0.686,0.47,reg_wr,8,13,66,20,10,fixed,burst_hotspot,boot,in_order,bitflip,192
RUN-000333,parity_stress_seq,1530788407,constrained,default,0x7b00,4,incremental,0.061,0.3,reg_wr,64,11,251,14,3,fixed,ping_pong,sensor_poll,in_order,none,192
RUN-000334,reg_sweep_seq,1969923585,constrained,stress,0x5700,4,all_ones,0.938,0.23,balanced,8,15,78,20,2,fixed,sparse,sensor_poll,out_of_order,bitflip,384
RUN-000335,backpressure_seq,306697386,full_random,stress,0x0500,16,all_ones,0.77,0.58,reg_wr,16,28,417,31,9,fixed,uniform,console,out_of_order,glitch,384
RUN-000336,parity_stress_seq,1544127006,constrained,stress,0x4200,16,random,0.712,0.54,reg_wr,16,17,86,11,10,fixed,ping_pong,sensor_poll,in_order,bitflip,48
RUN-000337,uart_loopback_seq,382630814,directed,default,0x5600,16,walking_ones,0.713,0.64,reg_rd,16,34,101,30,6,weighted,sparse,dma_stream,out_of_order,none,384
RUN-000338,reg_sweep_seq,234310758,constrained,stress,0x3e00,4,all_ones,0.678,0.77,reg_rd,8,11,365,24,6,weighted,uniform,console,out_of_order,bitflip,384
RUN-000339,reset_recovery_seq,1679859164,full_random,default,0x0400,4,all_ones,0.416,0.35,balanced,8,24,44,15,2,weighted,ping_pong,sensor_poll,in_order,glitch,48
RUN-000340,reg_sweep_seq,1100359408,constrained,default,0xb700,16,random,0.311,0.4,balanced,16,2,127,5,11,fixed,ping_pong,dma_stream,in_order,none,192
RUN-000341,backpressure_seq,1132477036,constrained,corner,0x2200,4,random,0.427,0.46,reg_wr,16,15,49,0,10,weighted,burst_hotspot,sensor_poll,in_order,bitflip,192
RUN-000342,parity_stress_seq,1711866200,constrained,default,0xc400,16,walking_ones,0.617,0.25,reg_wr,8,28,110,27,2,weighted,burst_hotspot,console,in_order,glitch,192
RUN-000343,dma_burst_seq,601803685,constrained,corner,0x9200,64,incremental,0.32,0.59,balanced,16,32,108,15,8,weighted,uniform,dma_stream,in_order,bitflip,96
RUN-000344,reg_sweep_seq,1871283123,constrained,stress,0x4e00,4,random,0.719,0.75,balanced,8,21,268,17,10,fixed,ping_pong,sensor_poll,in_order,none,192
RUN-000345,irq_storm_seq,1365017322,constrained,corner,0xd000,16,random,0.158,0.5,balanced,8,2,307,21,11,fixed,ping_pong,console,out_of_order,glitch,192
RUN-000346,backpressure_seq,581923223,constrained,default,0x8800,16,incremental,0.545,0.38,balanced,8,1,277,28,5,weighted,ping_pong,dma_stream,in_order,none,96
RUN-000347,dma_burst_seq,457971814,full_random,stress,0xa900,4,walking_ones,0.152,0.38,reg_rd,64,34,327,1,4,fixed,uniform,console,in_order,none,768
RUN-000348,dma_burst_seq,1398559513,constrained,default,0x9200,64,walking_ones,0.905,0.39,reg_wr,128,10,124,12,1,weighted,sparse,boot,in_order,bitflip,384
RUN-000349,dma_burst_seq,267197641,constrained,corner,0xde00,16,random,0.151,0.31,reg_rd,8,5,393,1,11,weighted,sparse,console,in_order,glitch,192
RUN-000350,backpressure_seq,637981731,constrained,default,0x3600,64,random,0.395,0.68,reg_wr,16,33,224,29,2,fixed,sparse,sensor_poll,out_of_order,glitch,192
RUN-000351,uart_loopback_seq,703105631,constrained,default,0x8e00,16,walking_ones,0.467,0.22,reg_rd,8,15,333,14,3,weighted,ping_pong,sensor_poll,in_order,none,384
RUN-000352,irq_storm_seq,401414592,constrained,stress,0xbe00,16,random,0.576,0.21,reg_rd,8,22,412,25,4,fixed,ping_pong,console,out_of_order,none,48
RUN-000353,reg_sweep_seq,1617466345,constrained,default,0xa200,4,random,0.601,0.58,reg_wr,8,37,251,24,2,weighted,ping_pong,sensor_poll,in_order,none,96
RUN-000354,backpressure_seq,1066164604,directed,stress,0x4f00,4,incremental,0.452,0.31,balanced,16,22,415,0,1,weighted,burst_hotspot,sensor_poll,in_order,bitflip,192
RUN-000355,backpressure_seq,875764128,constrained,default,0x9700,4,incremental,0.552,0.36,reg_rd,16,29,312,17,0,weighted,burst_hotspot,dma_stream,out_of_order,none,384
RUN-000356,reg_sweep_seq,1604057844,full_random,stress,0xc200,4,all_ones,0.22,0.36,reg_rd,16,8,165,26,9,weighted,burst_hotspot,console,in_order,none,192
RUN-000357,uart_loopback_seq,1012974771,full_random,default,0xb900,4,random,0.5,0.71,balanced,64,34,70,12,7,fixed,ping_pong,sensor_poll,in_order,none,96
RUN-000358,uart_loopback_seq,814546920,directed,default,0x6c00,16,random,0.156,0.62,reg_rd,8,27,246,31,9,fixed,uniform,console,in_order,none,192
RUN-000359,uart_loopback_seq,184799776,full_random,corner,0x0200,16,walking_ones,0.589,0.73,balanced,16,14,367,24,5,weighted,uniform,sensor_poll,in_order,glitch,384
RUN-000360,uart_loopback_seq,1691389458,constrained,default,0x4900,16,incremental,0.631,0.21,balanced,8,9,253,13,5,weighted,uniform,dma_stream,in_order,bitflip,384
RUN-000361,backpressure_seq,1094427208,constrained,corner,0x9100,64,incremental,0.656,0.57,balanced,8,14,329,1,4,weighted,uniform,console,in_order,none,192
RUN-000362,reg_sweep_seq,1378683396,constrained,corner,0xc100,64,walking_ones,0.043,0.22,balanced,128,29,320,7,5,fixed,burst_hotspot,console,in_order,none,768
RUN-000363,reg_sweep_seq,832051120,directed,default,0x9200,4,random,0.676,0.38,balanced,16,4,132,31,9,fixed,uniform,dma_stream,out_of_order,none,384
RUN-000364,backpressure_seq,2142557914,constrained,stress,0xc300,4,walking_ones,0.768,0.54,reg_wr,8,9,90,14,10,weighted,uniform,dma_stream,in_order,glitch,768
RUN-000365,reg_sweep_seq,881500959,constrained,default,0xe200,16,random,0.501,0.61,reg_rd,128,34,408,25,9,fixed,ping_pong,sensor_poll,out_of_order,glitch,384
RUN-000366,reset_recovery_seq,820346191,constrained,corner,0xc700,16,walking_ones,0.208,0.62,reg_rd,64,15,149,19,3,weighted,uniform,boot,in_order,none,192
RUN-000367,reset_recovery_seq,718646297,constrained,corner,0x3000,16,random,0.509,0.37,reg_wr,64,12,179,23,0,fixed,sparse,sensor_poll,in_order,glitch,192
RUN-000368,reset_recovery_seq,469405446,constrained,corner,0x4800,4,incremental,0.125,0.75,balanced,64,16,343,31,10,fixed,burst_hotspot,boot,in_order,none,192
RUN-000369,irq_storm_seq,287768176,directed,default,0x5100,64,random,0.354,0.51,reg_rd,16,12,82,23,7,weighted,sparse,sensor_poll,out_of_order,glitch,384
RUN-000370,reg_sweep_seq,441761148,constrained,default,0x1000,16,random,0.223,0.37,reg_wr,64,24,208,20,0,fixed,sparse,sensor_poll,in_order,glitch,768
RUN-000371,parity_stress_seq,130644023,constrained,corner,0x8d00,4,walking_ones,0.368,0.77,reg_wr,8,10,211,5,11,fixed,sparse,dma_stream,in_order,none,192
RUN-000372,reg_sweep_seq,1767258289,full_random,default,0x4d00,64,random,0.722,0.37,balanced,16,19,237,2,3,fixed,uniform,dma_stream,in_order,none,384
RUN-000373,reg_sweep_seq,1297487405,full_random,corner,0x1a00,16,random,0.804,0.53,balanced,8,3,292,11,0,weighted,uniform,sensor_poll,in_order,none,192
RUN-000374,irq_storm_seq,1640899357,constrained,corner,0x4c00,16,random,0.834,0.22,balanced,128,26,263,14,8,weighted,uniform,console,in_order,none,192
RUN-000375,parity_stress_seq,1913195023,constrained,corner,0x8c00,4,incremental,0.385,0.37,reg_wr,8,9,302,9,10,fixed,ping_pong,console,in_order,bitflip,384
RUN-000376,uart_loopback_seq,1524780515,constrained,stress,0xc100,64,all_ones,0.612,0.56,reg_rd,8,18,313,2,1,fixed,ping_pong,console,in_order,bitflip,96
RUN-000377,backpressure_seq,1005815562,constrained,corner,0xd100,4,incremental,0.357,0.32,balanced,64,2,382,21,1,weighted,uniform,sensor_poll,in_order,bitflip,384
RUN-000378,dma_burst_seq,875341491,full_random,default,0xff00,64,walking_ones,0.13,0.64,balanced,128,22,183,26,5,weighted,sparse,dma_stream,in_order,glitch,96
RUN-000379,reg_sweep_seq,1028100125,directed,default,0xd500,16,incremental,0.747,0.3,reg_wr,64,36,209,12,10,fixed,burst_hotspot,boot,in_order,none,192
RUN-000380,irq_storm_seq,1953644064,full_random,corner,0xe300,4,walking_ones,0.595,0.25,reg_rd,16,18,115,18,3,fixed,sparse,console,in_order,none,384
RUN-000381,parity_stress_seq,1676451421,constrained,default,0xad00,16,random,0.587,0.7,reg_wr,64,6,391,21,3,fixed,sparse,boot,in_order,glitch,96
RUN-000382,backpressure_seq,419222166,directed,corner,0xb500,16,random,0.588,0.41,reg_wr,8,30,114,9,9,fixed,sparse,sensor_poll,in_order,none,768
RUN-000383,backpressure_seq,185049704,full_random,stress,0xd600,16,random,0.085,0.55,balanced,64,21,391,11,5,weighted,ping_pong,sensor_poll,in_order,none,384
RUN-000384,irq_storm_seq,1390197669,full_random,corner,0xa200,4,random,0.276,0.48,reg_wr,128,30,387,24,10,fixed,uniform,sensor_poll,in_order,none,192
RUN-000385,reg_sweep_seq,1358212124,constrained,corner,0xcc00,4,random,0.546,0.22,reg_wr,128,6,332,26,11,weighted,uniform,dma_stream,in_order,none,96
RUN-000386,dma_burst_seq,1034609711,constrained,corner,0xb200,16,incremental,0.525,0.42,reg_rd,16,0,164,9,10,fixed,sparse,sensor_poll,in_order,bitflip,96
RUN-000387,uart_loopback_seq,892603859,constrained,stress,0x8700,16,incremental,0.29,0.61,reg_wr,64,10,84,12,11,weighted,burst_hotspot,console,in_order,bitflip,192
RUN-000388,irq_storm_seq,325281993,constrained,default,0x4800,64,all_ones,0.58,0.53,reg_rd,8,30,283,20,3,fixed,uniform,console,in_order,bitflip,384
RUN-000389,irq_storm_seq,659754545,constrained,corner,0x2b00,4,random,0.363,0.62,reg_rd,16,9,307,25,8,fixed,sparse,console,in_order,none,192
RUN-000390,reg_sweep_seq,351286885,full_random,default,0x3000,16,all_ones,0.319,0.51,reg_rd,64,19,332,22,4,fixed,sparse,dma_stream,out_of_order,none,768
RUN-000391,dma_burst_seq,815447591,constrained,default,0x8a00,16,all_ones,0.407,0.67,reg_wr,8,7,88,0,6,weighted,ping_pong,sensor_poll,out_of_order,none,96
RUN-000392,backpressure_seq,605417463,constrained,corner,0xc900,64,random,0.514,0.5,reg_wr,128,30,207,1,0,fixed,uniform,dma_stream,out_of_order,none,48
RUN-000393,uart_loopback_seq,228107375,constrained,default,0x1300,64,random,0.566,0.53,reg_rd,128,12,106,21,8,weighted,ping_pong,sensor_poll,out_of_order,bitflip,192
RUN-000394,irq_storm_seq,148053215,directed,default,0xbf00,4,random,0.223,0.25,balanced,128,2,134,7,1,weighted,ping_pong,console,in_order,none,192
RUN-000395,uart_loopback_seq,2022829239,constrained,stress,0x7b00,16,all_ones,0.117,0.29,reg_rd,8,22,186,30,3,weighted,ping_pong,console,out_of_order,none,48
RUN-000396,reg_sweep_seq,1078293241,constrained,default,0x7900,16,all_ones,0.639,0.64,balanced,8,13,183,21,2,weighted,burst_hotspot,console,out_of_order,bitflip,384
RUN-000397,reg_sweep_seq,1156259528,full_random,corner,0xe000,16,random,0.74,0.55,reg_rd,128,13,271,8,6,fixed,uniform,dma_stream,in_order,none,48
RUN-000398,reg_sweep_seq,1465485962,constrained,default,0x7700,64,incremental,0.282,0.64,reg_rd,128,16,260,21,1,weighted,burst_hotspot,sensor_poll,in_order,none,384
RUN-000399,reg_sweep_seq,1845553280,full_random,corner,0xdb00,64,walking_ones,0.139,0.69,reg_rd,16,22,80,9,7,weighted,sparse,sensor_poll,out_of_order,none,192
RUN-000400,backpressure_seq,1139755328,directed,corner,0x1700,64,random,0.36,0.34,reg_rd,64,22,240,16,6,weighted,sparse,sensor_poll,out_of_order,none,96
RUN-000401,reg_sweep_seq,1905255533,full_random,corner,0x5300,4,random,0.671,0.48,reg_rd,128,17,225,7,9,fixed,burst_hotspot,dma_stream,in_order,none,768
RUN-000402,reset_recovery_seq,641193675,full_random,default,0xbc00,16,random,0.362,0.23,balanced,128,31,170,2,11,weighted,sparse,sensor_poll,out_of_order,glitch,96
RUN-000403,backpressure_seq,896815853,full_random,corner,0x2800,16,all_ones,0.507,0.35,balanced,16,30,151,22,7,weighted,ping_pong,boot,in_order,none,192
RUN-000404,backpressure_seq,518012333,constrained,default,0xc300,4,incremental,0.325,0.41,reg_wr,64,6,293,11,4,fixed,uniform,console,in_order,none,48
RUN-000405,backpressure_seq,488352812,constrained,corner,0xac00,16,walking_ones,0.356,0.41,reg_wr,16,14,105,4,11,weighted,ping_pong,dma_stream,in_order,none,384
RUN-000406,parity_stress_seq,1974364766,constrained,default,0x2100,64,all_ones,0.4,0.58,reg_rd,8,10,343,28,4,weighted,uniform,console,in_order,glitch,192
RUN-000407,irq_storm_seq,1182176354,constrained,default,0x8000,16,walking_ones,0.785,0.56,reg_rd,8,15,314,30,6,fixed,burst_hotspot,sensor_poll,in_order,none,192
RUN-000408,uart_loopback_seq,2145258779,constrained,default,0x6400,64,random,0.731,0.64,balanced,128,5,65,4,2,weighted,burst_hotspot,console,out_of_order,none,768
RUN-000409,backpressure_seq,1685693568,constrained,corner,0x9900,64,walking_ones,0.234,0.74,reg_wr,16,10,205,9,3,weighted,burst_hotspot,dma_stream,in_order,none,768
RUN-000410,reg_sweep_seq,2092618631,constrained,default,0x0c00,4,random,0.851,0.51,balanced,16,17,194,11,9,fixed,sparse,sensor_poll,in_order,glitch,192
RUN-000411,uart_loopback_seq,847542214,constrained,stress,0x2800,4,random,0.069,0.72,reg_rd,8,24,236,1,5,weighted,uniform,dma_stream,out_of_order,none,768
RUN-000412,reg_sweep_seq,951370877,full_random,default,0x1100,4,random,0.539,0.47,balanced,8,30,45,5,7,weighted,ping_pong,dma_stream,in_order,none,96
RUN-000413,parity_stress_seq,1234092293,constrained,corner,0x9c00,4,random,0.27,0.72,reg_wr,64,14,224,8,8,weighted,uniform,sensor_poll,in_order,none,384
RUN-000414,uart_loopback_seq,822743755,constrained,corner,0x5c00,16,incremental,0.328,0.47,reg_rd,16,29,278,27,11,fixed,burst_hotspot,boot,in_order,glitch,384
RUN-000415,reset_recovery_seq,1705352011,full_random,corner,0xe400,16,incremental,0.491,0.65,reg_wr,8,36,332,8,11,fixed,uniform,boot,in_order,none,192
RUN-000416,reset_recovery_seq,2055023058,constrained,corner,0xbe00,4,incremental,0.409,0.36,balanced,64,9,29,0,4,weighted,burst_hotspot,console,out_of_order,bitflip,48
RUN-000417,dma_burst_seq,1551999727,directed,default,0xa300,16,all_ones,0.291,0.35,reg_wr,64,5,121,2,10,fixed,ping_pong,sensor_poll,in_order,none,48
RUN-000418,backpressure_seq,453680853,constrained,corner,0x5800,4,walking_ones,0.903,0.65,reg_rd,8,35,337,31,5,weighted,uniform,sensor_poll,in_order,none,768
RUN-000419,uart_loopback_seq,1044359812,constrained,corner,0xe000,4,walking_ones,0.437,0.67,reg_wr,64,36,262,4,0,fixed,ping_pong,sensor_poll,in_order,none,384
RUN-000420,dma_burst_seq,2002716166,constrained,stress,0x6200,16,all_ones,0.542,0.31,reg_wr,8,33,44,17,9,fixed,ping_pong,boot,in_order,glitch,192
RUN-000421,parity_stress_seq,111897381,constrained,stress,0x1d00,4,incremental,0.475,0.25,balanced,64,28,251,30,7,fixed,ping_pong,console,in_order,none,48
RUN-000422,parity_stress_seq,327379530,constrained,corner,0x7d00,64,random,0.382,0.2,reg_rd,16,8,387,17,10,weighted,uniform,sensor_poll,in_order,none,384
RUN-000423,reg_sweep_seq,1378371425,constrained,default,0x1900,4,random,0.694,0.34,reg_wr,16,35,110,30,2,weighted,uniform,dma_stream,out_of_order,none,384
RUN-000424,reset_recovery_seq,1057003788,constrained,default,0x7e00,16,random,0.343,0.73,reg_rd,64,20,158,0,0,fixed,ping_pong,boot,in_order,none,192
RUN-000425,reset_recovery_seq,1033568342,constrained,default,0x4900,4,random,0.427,0.66,balanced,16,6,196,11,3,fixed,sparse,boot,in_order,none,192
RUN-000426,dma_burst_seq,961556917,full_random,corner,0x3000,16,random,0.472,0.73,balanced,64,18,304,22,7,fixed,burst_hotspot,sensor_poll,in_order,none,384
RUN-000427,reg_sweep_seq,2085069831,directed,corner,0xc600,4,all_ones,0.734,0.73,reg_wr,8,2,234,27,9,weighted,burst_hotspot,boot,out_of_order,bitflip,96
RUN-000428,dma_burst_seq,1105074638,constrained,default,0x6e00,16,incremental,0.262,0.5,balanced,16,29,280,16,7,fixed,ping_pong,console,out_of_order,none,384
RUN-000429,backpressure_seq,1780573170,full_random,default,0x3800,4,incremental,0.279,0.35,reg_rd,16,36,90,13,1,weighted,burst_hotspot,dma_stream,out_of_order,none,768
RUN-000430,reg_sweep_seq,849741887,constrained,corner,0xfc00,64,all_ones,0.682,0.28,reg_wr,64,16,203,6,4,fixed,uniform,console,in_order,none,768
RUN-000431,irq_storm_seq,960773584,directed,default,0x1900,4,incremental,0.273,0.41,balanced,16,7,349,1,9,weighted,burst_hotspot,console,in_order,none,192
RUN-000432,parity_stress_seq,1940584998,full_random,corner,0xe600,4,random,0.495,0.79,reg_wr,64,31,266,6,9,weighted,burst_hotspot,dma_stream,in_order,none,96
RUN-000433,reg_sweep_seq,567210938,constrained,stress,0x5b00,64,random,0.438,0.22,balanced,128,30,323,11,1,weighted,uniform,dma_stream,out_of_order,glitch,192
RUN-000434,backpressure_seq,1629550923,directed,corner,0x0b00,16,walking_ones,0.422,0.52,balanced,8,12,213,18,2,weighted,sparse,sensor_poll,out_of_order,bitflip,48
RUN-000435,dma_burst_seq,1509917067,constrained,default,0x8100,4,random,0.803,0.3,reg_wr,16,23,174,3,2,weighted,ping_pong,console,out_of_order,none,96
RUN-000436,backpressure_seq,486998017,full_random,stress,0xca00,16,walking_ones,0.098,0.44,reg_rd,64,18,83,8,3,weighted,sparse,dma_stream,out_of_order,glitch,96
RUN-000437,irq_storm_seq,482589057,constrained,corner,0xbc00,64,incremental,0.807,0.39,balanced,64,39,223,24,7,weighted,ping_pong,dma_stream,out_of_order,none,96
RUN-000438,dma_burst_seq,483502375,full_random,corner,0xe900,64,random,0.537,0.41,reg_wr,64,39,196,17,10,weighted,sparse,sensor_poll,in_order,bitflip,96
RUN-000439,dma_burst_seq,1336342712,constrained,default,0x6600,4,random,0.251,0.71,reg_wr,64,19,417,6,3,weighted,sparse,sensor_poll,in_order,bitflip,384
RUN-000440,reg_sweep_seq,1095806019,full_random,corner,0x6a00,16,random,0.735,0.63,balanced,128,12,169,7,8,weighted,uniform,sensor_poll,in_order,bitflip,96
RUN-000441,backpressure_seq,420754156,full_random,default,0xd700,4,random,0.196,0.4,reg_wr,128,14,127,12,4,weighted,burst_hotspot,dma_stream,in_order,bitflip,384
RUN-000442,uart_loopback_seq,36557252,constrained,default,0x2f00,4,walking_ones,0.624,0.22,reg_wr,64,19,119,15,11,fixed,uniform,sensor_poll,in_order,none,768
RUN-000443,parity_stress_seq,1043720903,directed,default,0x4100,16,random,0.345,0.27,reg_rd,64,20,217,26,3,weighted,uniform,sensor_poll,in_order,none,96
RUN-000444,reset_recovery_seq,195124674,constrained,default,0xf100,64,random,0.33,0.7,reg_rd,16,4,57,3,6,weighted,sparse,console,out_of_order,glitch,192
RUN-000445,reg_sweep_seq,1122412362,full_random,default,0xb500,16,random,0.206,0.41,reg_rd,128,37,427,13,4,weighted,burst_hotspot,boot,out_of_order,glitch,384
RUN-000446,parity_stress_seq,1352275958,constrained,default,0xac00,64,incremental,0.524,0.45,reg_wr,16,27,366,11,7,fixed,sparse,sensor_poll,in_order,glitch,768
RUN-000447,dma_burst_seq,970467195,constrained,stress,0x9600,4,incremental,0.582,0.58,reg_wr,8,19,412,20,9,fixed,uniform,console,in_order,none,192
RUN-000448,backpressure_seq,564196463,constrained,stress,0xb000,16,all_ones,0.389,0.3,balanced,64,9,131,28,2,fixed,uniform,dma_stream,in_order,none,48
RUN-000449,parity_stress_seq,659252641,constrained,corner,0xa900,16,all_ones,0.54,0.31,reg_wr,128,20,414,4,7,fixed,uniform,boot,in_order,none,192
RUN-000450,uart_loopback_seq,2144973182,constrained,corner,0x4600,16,random,0.582,0.42,balanced,8,9,183,5,5,fixed,ping_pong,console,in_order,bitflip,96
RUN-000451,uart_loopback_seq,1629916604,constrained,stress,0xe400,16,incremental,0.532,0.49,reg_rd,8,35,207,22,11,weighted,burst_hotspot,sensor_poll,in_order,none,384
RUN-000452,reset_recovery_seq,112313053,constrained,default,0x1b00,16,random,0.782,0.55,reg_wr,16,11,25,2,7,weighted,uniform,dma_stream,in_order,glitch,384
RUN-000453,irq_storm_seq,273347559,constrained,default,0x8d00,16,random,0.619,0.49,reg_wr,64,39,310,5,3,fixed,uniform,boot,out_of_order,none,192
RUN-000454,dma_burst_seq,974817444,constrained,default,0x2200,4,random,0.5,0.62,balanced,16,26,258,14,2,weighted,burst_hotspot,sensor_poll,out_of_order,none,96
RUN-000455,dma_burst_seq,1448246479,full_random,corner,0x1600,4,random,0.5,0.49,reg_wr,128,16,115,9,11,fixed,uniform,sensor_poll,out_of_order,none,768
RUN-000456,backpressure_seq,1887000902,constrained,stress,0x3c00,4,random,0.628,0.33,reg_wr,8,24,252,29,7,fixed,uniform,dma_stream,out_of_order,none,384
RUN-000457,uart_loopback_seq,573472669,full_random,corner,0x6100,16,random,0.628,0.76,reg_wr,16,38,218,16,0,weighted,uniform,console,in_order,none,96
RUN-000458,reg_sweep_seq,2006822035,constrained,stress,0x9500,16,incremental,0.154,0.52,reg_wr,128,12,349,31,5,weighted,burst_hotspot,console,out_of_order,bitflip,768
RUN-000459,uart_loopback_seq,1647744990,constrained,stress,0xdc00,4,random,0.308,0.24,balanced,16,11,195,20,4,weighted,uniform,dma_stream,in_order,bitflip,192
RUN-000460,reset_recovery_seq,655936894,constrained,corner,0xbc00,16,random,0.197,0.48,balanced,16,26,61,1,3,weighted,sparse,console,in_order,bitflip,384
RUN-000461,uart_loopback_seq,682642081,constrained,default,0x3400,4,walking_ones,0.203,0.65,balanced,8,6,48,7,2,fixed,uniform,dma_stream,in_order,none,192
RUN-000462,uart_loopback_seq,2085126099,constrained,default,0x5a00,64,random,0.318,0.22,balanced,8,18,130,1,3,weighted,burst_hotspot,sensor_poll,out_of_order,bitflip,192
RUN-000463,dma_burst_seq,1008570654,constrained,stress,0x9d00,16,random,0.158,0.66,reg_wr,16,19,259,13,10,fixed,sparse,boot,in_order,none,192
RUN-000464,irq_storm_seq,358663223,constrained,default,0xb500,4,all_ones,0.629,0.31,balanced,8,36,96,2,11,weighted,uniform,boot,in_order,none,192
RUN-000465,parity_stress_seq,149091310,constrained,default,0xcd00,16,random,0.14,0.29,reg_wr,16,26,339,22,0,fixed,ping_pong,sensor_poll,in_order,bitflip,48
RUN-000466,irq_storm_seq,1799926048,constrained,stress,0x7e00,16,all_ones,0.309,0.61,reg_wr,8,26,47,14,8,fixed,uniform,boot,in_order,glitch,768
RUN-000467,reg_sweep_seq,1842618338,constrained,stress,0x5700,16,incremental,0.425,0.77,reg_wr,8,15,149,16,5,fixed,uniform,console,in_order,none,192
RUN-000468,reset_recovery_seq,42926065,full_random,default,0x8e00,4,all_ones,0.427,0.78,balanced,8,22,181,11,9,weighted,uniform,console,in_order,none,192
RUN-000469,irq_storm_seq,315193903,directed,corner,0xea00,4,incremental,0.289,0.22,reg_rd,8,37,210,26,5,weighted,burst_hotspot,console,in_order,none,96
RUN-000470,irq_storm_seq,607301538,constrained,default,0x5c00,16,incremental,0.328,0.23,reg_wr,128,27,349,17,0,fixed,ping_pong,dma_stream,in_order,glitch,96
RUN-000471,reg_sweep_seq,840564220,constrained,corner,0x4000,4,all_ones,0.07,0.28,balanced,64,17,346,23,9,weighted,burst_hotspot,sensor_poll,in_order,none,192
RUN-000472,uart_loopback_seq,1427294385,full_random,corner,0x6a00,4,random,0.062,0.79,reg_rd,8,1,39,2,2,fixed,sparse,dma_stream,in_order,bitflip,192
RUN-000473,irq_storm_seq,791883164,constrained,default,0x3000,16,all_ones,0.548,0.75,balanced,8,1,214,28,6,weighted,burst_hotspot,sensor_poll,in_order,none,48
RUN-000474,uart_loopback_seq,203763423,directed,default,0x3a00,16,random,0.372,0.31,reg_rd,64,38,316,20,1,weighted,burst_hotspot,console,in_order,glitch,192
RUN-000475,reset_recovery_seq,213315924,constrained,corner,0x6300,16,random,0.559,0.52,reg_wr,8,36,152,4,6,weighted,burst_hotspot,sensor_poll,in_order,none,768
RUN-000476,uart_loopback_seq,1278358612,full_random,corner,0x4400,64,random,0.429,0.67,reg_rd,8,25,106,30,10,weighted,ping_pong,sensor_poll,in_order,bitflip,96
RUN-000477,backpressure_seq,771859212,constrained,default,0x0000,64,incremental,0.045,0.57,reg_wr,8,16,226,13,11,weighted,burst_hotspot,boot,in_order,none,96
RUN-000478,backpressure_seq,953700282,constrained,corner,0x4d00,64,all_ones,0.905,0.73,balanced,8,25,424,18,6,weighted,sparse,boot,in_order,none,384
RUN-000479,uart_loopback_seq,1496142940,directed,default,0x0800,16,incremental,0.269,0.54,balanced,16,35,396,31,5,weighted,uniform,console,in_order,glitch,384
RUN-000480,irq_storm_seq,1345144763,constrained,default,0x5200,16,incremental,0.47,0.71,reg_wr,16,25,45,26,6,fixed,ping_pong,sensor_poll,out_of_order,none,384
RUN-000481,parity_stress_seq,1655843698,full_random,default,0x7b00,4,incremental,0.036,0.74,reg_rd,128,6,230,23,0,fixed,sparse,console,in_order,bitflip,192
RUN-000482,uart_loopback_seq,1425356585,constrained,corner,0x5900,4,random,0.305,0.39,balanced,128,25,332,22,9,weighted,uniform,boot,in_order,none,192
RUN-000483,reset_recovery_seq,342006304,full_random,corner,0x5000,16,all_ones,0.72,0.8,balanced,8,25,91,28,6,weighted,burst_hotspot,dma_stream,in_order,bitflip,96
RUN-000484,irq_storm_seq,296222121,constrained,corner,0x3400,64,random,0.163,0.34,balanced,64,1,212,16,2,fixed,sparse,sensor_poll,in_order,none,384
RUN-000485,uart_loopback_seq,51469760,constrained,default,0x3700,4,walking_ones,0.258,0.76,balanced,8,12,232,13,3,weighted,burst_hotspot,boot,in_order,none,768
RUN-000486,dma_burst_seq,1843729446,full_random,stress,0xf800,16,walking_ones,0.05,0.78,reg_wr,16,35,141,15,0,weighted,burst_hotspot,sensor_poll,in_order,bitflip,192
RUN-000487,reg_sweep_seq,162930194,full_random,default,0x6e00,64,random,0.442,0.38,balanced,16,30,303,12,11,weighted,sparse,console,in_order,none,384
RUN-000488,irq_storm_seq,2093944996,full_random,default,0x9a00,16,random,0.795,0.66,balanced,16,4,303,31,10,fixed,sparse,console,out_of_order,glitch,384
RUN-000489,irq_storm_seq,1192143318,constrained,stress,0xea00,4,random,0.579,0.32,balanced,8,1,52,27,8,weighted,burst_hotspot,sensor_poll,in_order,none,192
RUN-000490,reset_recovery_seq,1231305035,constrained,corner,0xd600,64,incremental,0.521,0.48,reg_wr,64,34,270,21,8,fixed,sparse,boot,in_order,bitflip,192
RUN-000491,backpressure_seq,2064298206,full_random,corner,0xbc00,4,random,0.705,0.64,balanced,64,36,393,8,3,weighted,sparse,console,in_order,bitflip,192
RUN-000492,reg_sweep_seq,1902241364,constrained,default,0xc500,16,random,0.325,0.43,reg_rd,8,35,157,28,2,fixed,burst_hotspot,boot,in_order,bitflip,768
RUN-000493,backpressure_seq,27354898,full_random,default,0x6700,16,random,0.839,0.57,reg_rd,8,18,221,21,1,weighted,uniform,console,in_order,glitch,192
RUN-000494,uart_loopback_seq,1907126430,constrained,corner,0x4d00,64,incremental,0.826,0.71,balanced,16,7,161,31,4,fixed,sparse,sensor_poll,in_order,glitch,384
RUN-000495,uart_loopback_seq,1045552177,directed,stress,0x9d00,4,random,0.53,0.71,balanced,64,1,397,16,5,fixed,uniform,sensor_poll,out_of_order,none,96
RUN-000496,parity_stress_seq,307587275,constrained,default,0x6100,16,incremental,0.861,0.72,reg_rd,128,28,376,6,7,fixed,burst_hotspot,console,in_order,none,384
RUN-000497,parity_stress_seq,2005684129,constrained,default,0x9200,64,random,0.897,0.37,reg_wr,16,34,158,3,6,fixed,uniform,sensor_poll,in_order,glitch,48
RUN-000498,uart_loopback_seq,2025891902,constrained,default,0x1d00,4,random,0.203,0.46,reg_wr,64,34,339,16,11,fixed,burst_hotspot,dma_stream,in_order,none,768
RUN-000499,reg_sweep_seq,379202586,constrained,corner,0x8000,16,random,0.522,0.26,reg_wr,64,30,47,23,2,fixed,burst_hotspot,console,out_of_order,bitflip,384
RUN-000500,dma_burst_seq,691743040,constrained,stress,0xaa00,16,all_ones,0.274,0.36,reg_wr,16,15,298,28,10,fixed,uniform,sensor_poll,out_of_order,glitch,192
RUN-000501,dma_burst_seq,1366017059,constrained,default,0x4500,16,random,0.444,0.38,reg_rd,8,38,294,3,3,fixed,burst_hotspot,dma_stream,in_order,glitch,192
RUN-000502,parity_stress_seq,379205591,constrained,corner,0x0300,4,random,0.233,0.66,balanced,64,35,252,30,3,fixed,sparse,dma_stream,out_of_order,glitch,192
RUN-000503,uart_loopback_seq,523974469,constrained,default,0xe900,16,random,0.332,0.6,reg_wr,8,24,361,26,5,fixed,sparse,console,in_order,none,96
RUN-000504,reset_recovery_seq,1709668383,constrained,default,0x9600,16,random,0.583,0.28,reg_rd,8,22,85,22,11,fixed,burst_hotspot,sensor_poll,out_of_order,bitflip,384
RUN-000505,dma_burst_seq,1626507245,constrained,stress,0x8800,64,walking_ones,0.452,0.66,balanced,8,2,370,13,9,fixed,burst_hotspot,dma_stream,in_order,glitch,384
RUN-000506,irq_storm_seq,51634954,full_random,stress,0x8600,64,random,0.739,0.78,reg_wr,64,6,67,9,6,fixed,uniform,sensor_poll,in_order,none,192
RUN-000507,parity_stress_seq,944270847,constrained,default,0x2800,4,incremental,0.589,0.47,reg_rd,64,34,274,8,2,fixed,uniform,console,out_of_order,glitch,48
RUN-000508,dma_burst_seq,590411698,full_random,default,0x9e00,16,random,0.28,0.22,balanced,8,5,345,25,1,fixed,ping_pong,dma_stream,out_of_order,glitch,48
RUN-000509,backpressure_seq,935372782,directed,default,0xf400,16,incremental,0.166,0.48,reg_rd,64,2,226,22,8,weighted,uniform,dma_stream,in_order,none,48
RUN-000510,reset_recovery_seq,1262449935,full_random,default,0x5c00,4,random,0.51,0.69,reg_wr,8,16,366,9,9,fixed,uniform,boot,in_order,bitflip,768
RUN-000511,reset_recovery_seq,1919387978,constrained,corner,0x4c00,64,walking_ones,0.427,0.68,reg_wr,128,30,148,10,7,weighted,uniform,dma_stream,in_order,none,192
RUN-000512,dma_burst_seq,1103768127,full_random,corner,0x7b00,4,walking_ones,0.509,0.56,balanced,128,13,100,10,4,weighted,uniform,console,out_of_order,bitflip,96
RUN-000513,backpressure_seq,570429924,constrained,default,0xda00,16,random,0.231,0.72,reg_rd,64,7,157,3,6,weighted,sparse,console,in_order,bitflip,768
RUN-000514,reg_sweep_seq,1112606473,constrained,default,0xf300,64,incremental,0.549,0.59,reg_rd,64,25,262,3,1,weighted,burst_hotspot,dma_stream,out_of_order,none,96
RUN-000515,reg_sweep_seq,790102256,constrained,corner,0x4000,4,random,0.629,0.68,reg_wr,8,8,237,29,11,fixed,uniform,boot,in_order,none,48
RUN-000516,reset_recovery_seq,1726229389,constrained,corner,0x8f00,16,random,0.326,0.29,balanced,8,17,225,8,0,weighted,burst_hotspot,console,in_order,none,96
RUN-000517,reg_sweep_seq,239476338,full_random,default,0x9f00,64,random,0.246,0.8,reg_rd,16,22,153,14,1,weighted,sparse,console,in_order,none,96
RUN-000518,reg_sweep_seq,2130961916,constrained,corner,0x8700,4,all_ones,0.308,0.75,reg_wr,16,35,66,13,10,weighted,ping_pong,boot,in_order,glitch,96
RUN-000519,reset_recovery_seq,848102424,constrained,stress,0x7500,64,random,0.434,0.71,balanced,128,26,349,2,5,fixed,sparse,sensor_poll,out_of_order,none,384
RUN-000520,reg_sweep_seq,1791236371,constrained,default,0x0800,64,walking_ones,0.158,0.65,reg_rd,64,6,278,16,9,weighted,ping_pong,console,in_order,bitflip,192
RUN-000521,reg_sweep_seq,1407511768,constrained,default,0xea00,16,incremental,0.705,0.22,reg_wr,8,12,41,5,1,fixed,burst_hotspot,console,in_order,bitflip,96
RUN-000522,uart_loopback_seq,1149818387,full_random,corner,0x1300,64,walking_ones,0.697,0.72,reg_rd,64,18,277,5,6,weighted,burst_hotspot,dma_stream,out_of_order,none,96
RUN-000523,backpressure_seq,717771287,constrained,default,0x7a00,4,incremental,0.261,0.45,reg_wr,16,1,398,18,1,weighted,burst_hotspot,sensor_poll,in_order,bitflip,96
RUN-000524,reg_sweep_seq,392818493,constrained,default,0xf000,64,random,0.3,0.75,balanced,16,15,104,7,3,fixed,burst_hotspot,sensor_poll,in_order,none,384
RUN-000525,reset_recovery_seq,879803207,constrained,default,0xcf00,4,incremental,0.707,0.44,reg_rd,8,5,18,31,9,fixed,sparse,sensor_poll,in_order,none,96
RUN-000526,parity_stress_seq,819183870,constrained,stress,0x3700,64,random,0.549,0.36,balanced,16,20,260,31,0,fixed,uniform,console,in_order,bitflip,384
RUN-000527,irq_storm_seq,22997657,directed,default,0x5c00,64,random,0.66,0.55,balanced,8,6,99,3,2,weighted,uniform,console,in_order,bitflip,192
RUN-000528,backpressure_seq,1998195344,constrained,default,0xdd00,16,random,0.472,0.33,reg_rd,128,5,139,24,5,fixed,ping_pong,console,in_order,none,768
RUN-000529,reg_sweep_seq,3438437,constrained,corner,0x5f00,16,random,0.43,0.34,reg_wr,16,12,85,23,9,fixed,ping_pong,sensor_poll,in_order,none,192
RUN-000530,irq_storm_seq,2117449062,constrained,stress,0x4300,16,walking_ones,0.302,0.36,reg_wr,128,21,271,4,11,weighted,sparse,dma_stream,out_of_order,glitch,384
RUN-000531,parity_stress_seq,254510194,full_random,default,0x2f00,4,random,0.384,0.79,balanced,128,16,266,6,4,weighted,burst_hotspot,dma_stream,in_order,none,96
RUN-000532,parity_stress_seq,1946499901,full_random,default,0x7400,16,walking_ones,0.103,0.31,reg_wr,8,37,352,7,8,fixed,sparse,boot,in_order,none,384
RUN-000533,uart_loopback_seq,2027876278,directed,stress,0xfa00,4,random,0.219,0.61,balanced,16,23,40,20,4,weighted,ping_pong,dma_stream,in_order,none,192
RUN-000534,backpressure_seq,1831163883,constrained,corner,0x7c00,64,all_ones,0.63,0.6,balanced,8,15,408,14,11,weighted,uniform,console,in_order,bitflip,384
RUN-000535,reg_sweep_seq,1251791322,constrained,default,0xa300,64,walking_ones,0.475,0.7,reg_rd,16,16,403,25,6,weighted,ping_pong,console,in_order,none,192
RUN-000536,irq_storm_seq,259073752,constrained,default,0xfb00,4,walking_ones,0.692,0.42,reg_wr,64,11,318,18,9,fixed,ping_pong,sensor_poll,in_order,none,192
RUN-000537,irq_storm_seq,1671289071,full_random,default,0xce00,64,all_ones,0.319,0.7,balanced,64,18,279,13,7,weighted,burst_hotspot,dma_stream,in_order,none,192
RUN-000538,uart_loopback_seq,294538792,constrained,default,0x9f00,64,incremental,0.558,0.67,reg_rd,64,18,173,3,11,weighted,ping_pong,dma_stream,in_order,none,384
RUN-000539,uart_loopback_seq,1955230462,constrained,corner,0xe100,4,incremental,0.329,0.63,reg_rd,128,8,79,13,2,weighted,uniform,console,in_order,bitflip,192
RUN-000540,reset_recovery_seq,944768064,constrained,corner,0x3400,16,random,0.455,0.24,reg_wr,64,24,214,21,0,weighted,uniform,console,out_of_order,glitch,96
RUN-000541,uart_loopback_seq,965012919,full_random,default,0xc300,16,random,0.233,0.29,balanced,8,6,368,18,10,weighted,burst_hotspot,console,in_order,none,192
RUN-000542,uart_loopback_seq,1967988032,constrained,stress,0x8100,16,walking_ones,0.73,0.6,reg_rd,8,35,140,16,6,fixed,ping_pong,sensor_poll,in_order,none,384
RUN-000543,dma_burst_seq,764538592,constrained,default,0xed00,16,random,0.359,0.35,reg_rd,16,1,327,1,7,weighted,uniform,sensor_poll,in_order,none,768
RUN-000544,reg_sweep_seq,131384640,constrained,stress,0x2400,16,incremental,0.447,0.25,balanced,16,6,395,5,1,fixed,burst_hotspot,sensor_poll,out_of_order,none,48
RUN-000545,dma_burst_seq,501130176,full_random,stress,0xc200,4,walking_ones,0.206,0.5,balanced,128,11,222,0,0,weighted,sparse,sensor_poll,in_order,none,192
RUN-000546,uart_loopback_seq,985539563,full_random,default,0x0000,64,walking_ones,0.558,0.24,balanced,16,31,419,6,11,fixed,sparse,boot,in_order,glitch,768
RUN-000547,dma_burst_seq,1587746414,constrained,stress,0xa800,4,all_ones,0.202,0.24,balanced,16,34,220,14,1,fixed,burst_hotspot,console,in_order,none,384
RUN-000548,irq_storm_seq,878969473,full_random,stress,0x1500,64,incremental,0.343,0.4,balanced,16,8,206,16,8,fixed,ping_pong,console,in_order,none,96
RUN-000549,reset_recovery_seq,567586204,full_random,default,0x6800,16,random,0.301,0.77,reg_wr,128,9,95,14,4,fixed,sparse,console,out_of_order,glitch,384
RUN-000550,uart_loopback_seq,785842860,constrained,stress,0xe600,4,random,0.446,0.63,reg_wr,16,34,380,27,9,weighted,burst_hotspot,sensor_poll,in_order,none,96
RUN-000551,irq_storm_seq,410013673,constrained,default,0x1c00,4,random,0.314,0.59,reg_rd,8,35,266,7,9,weighted,uniform,sensor_poll,out_of_order,none,96
RUN-000552,reg_sweep_seq,1748530807,directed,stress,0x3200,4,walking_ones,0.479,0.42,reg_wr,16,17,227,10,10,weighted,ping_pong,console,out_of_order,none,48
RUN-000553,reset_recovery_seq,772001054,constrained,stress,0x6d00,64,random,0.409,0.64,balanced,16,28,350,27,10,fixed,burst_hotspot,dma_stream,out_of_order,none,48
RUN-000554,dma_burst_seq,2124469918,constrained,corner,0xce00,16,incremental,0.347,0.46,reg_wr,64,18,144,4,9,fixed,burst_hotspot,console,out_of_order,bitflip,96
RUN-000555,parity_stress_seq,1709336606,constrained,corner,0x7100,16,random,0.637,0.47,reg_rd,16,11,147,1,8,fixed,uniform,sensor_poll,in_order,none,48
RUN-000556,backpressure_seq,1528072132,constrained,default,0x4200,16,walking_ones,0.504,0.22,reg_wr,16,14,128,29,7,weighted,burst_hotspot,console,in_order,bitflip,384
RUN-000557,backpressure_seq,1179667129,constrained,stress,0x4300,64,random,0.336,0.43,reg_rd,8,14,300,4,1,fixed,burst_hotspot,boot,in_order,none,384
RUN-000558,backpressure_seq,1831362657,constrained,default,0x2000,4,random,0.56,0.52,balanced,8,38,349,10,0,fixed,uniform,sensor_poll,in_order,glitch,48
RUN-000559,reg_sweep_seq,489280792,constrained,default,0xbf00,4,incremental,0.289,0.24,balanced,64,36,273,5,0,fixed,sparse,boot,out_of_order,none,384
RUN-000560,reset_recovery_seq,1493097711,full_random,default,0x3800,4,random,0.484,0.79,balanced,128,10,394,27,5,fixed,ping_pong,dma_stream,in_order,none,384
RUN-000561,dma_burst_seq,1731123464,constrained,default,0x5900,64,all_ones,0.479,0.69,balanced,64,32,283,29,7,fixed,burst_hotspot,boot,in_order,bitflip,768
RUN-000562,backpressure_seq,104928350,full_random,corner,0x2700,64,incremental,0.155,0.42,balanced,64,24,225,10,10,weighted,uniform,sensor_poll,out_of_order,glitch,768
RUN-000563,backpressure_seq,198307035,full_random,stress,0xe000,16,random,0.411,0.7,reg_rd,8,25,253,16,6,fixed,burst_hotspot,console,in_order,bitflip,384
RUN-000564,reg_sweep_seq,1193518431,constrained,default,0x1c00,16,walking_ones,0.556,0.37,reg_wr,16,2,286,13,4,fixed,uniform,console,out_of_order,none,384
RUN-000565,parity_stress_seq,2038037622,constrained,default,0x6500,16,walking_ones,0.29,0.31,reg_wr,8,18,56,6,6,weighted,burst_hotspot,dma_stream,in_order,none,192
RUN-000566,reg_sweep_seq,1609296753,constrained,corner,0xef00,16,random,0.452,0.66,reg_rd,64,30,50,24,2,fixed,uniform,dma_stream,in_order,none,192
RUN-000567,reset_recovery_seq,1249165626,directed,corner,0x3600,16,walking_ones,0.883,0.33,reg_rd,16,5,162,16,2,weighted,ping_pong,sensor_poll,out_of_order,glitch,96
RUN-000568,irq_storm_seq,554358386,full_random,default,0x7b00,4,incremental,0.199,0.6,balanced,16,20,80,6,6,weighted,sparse,boot,in_order,glitch,48
RUN-000569,dma_burst_seq,838935205,full_random,stress,0xe300,16,random,0.885,0.75,reg_rd,8,9,52,18,9,weighted,burst_hotspot,sensor_poll,in_order,none,192
RUN-000570,reset_recovery_seq,362620468,full_random,default,0x9600,16,random,0.49,0.47,reg_rd,64,3,281,0,7,fixed,uniform,sensor_poll,in_order,none,48
RUN-000571,irq_storm_seq,1781320423,constrained,default,0xfd00,4,random,0.117,0.59,balanced,64,10,100,17,2,weighted,uniform,sensor_poll,in_order,none,192
RUN-000572,reset_recovery_seq,272330094,constrained,corner,0xbe00,16,random,0.816,0.65,reg_rd,16,29,180,31,3,weighted,burst_hotspot,dma_stream,in_order,bitflip,384
RUN-000573,backpressure_seq,1775115782,constrained,stress,0x3100,16,incremental,0.688,0.42,balanced,8,36,84,19,5,weighted,uniform,console,in_order,none,96
RUN-000574,irq_storm_seq,1560125011,full_random,stress,0x4c00,16,random,0.389,0.67,balanced,16,29,115,19,11,fixed,uniform,console,in_order,bitflip,192
RUN-000575,dma_burst_seq,368110215,constrained,corner,0xa300,16,random,0.522,0.25,balanced,64,13,40,27,9,fixed,sparse,dma_stream,in_order,bitflip,384
RUN-000576,backpressure_seq,863330529,constrained,default,0xd900,64,walking_ones,0.264,0.22,balanced,8,24,222,3,3,fixed,ping_pong,boot,out_of_order,glitch,768
RUN-000577,irq_storm_seq,515884203,constrained,default,0x4400,4,random,0.191,0.61,reg_rd,8,29,377,15,1,weighted,ping_pong,boot,in_order,none,96
RUN-000578,dma_burst_seq,1087696266,full_random,default,0xf500,4,random,0.582,0.29,reg_rd,8,13,112,15,3,fixed,burst_hotspot,sensor_poll,in_order,bitflip,384
RUN-000579,backpressure_seq,1534270808,constrained,corner,0xa300,4,random,0.192,0.77,reg_wr,64,33,144,16,8,fixed,burst_hotspot,console,in_order,bitflip,768
RUN-000580,dma_burst_seq,1039181774,constrained,corner,0xc500,16,all_ones,0.616,0.27,reg_wr,128,24,362,21,11,weighted,uniform,dma_stream,in_order,glitch,48
RUN-000581,reset_recovery_seq,236702403,constrained,corner,0x2000,4,incremental,0.394,0.67,reg_wr,16,10,198,29,10,fixed,uniform,console,in_order,none,384
RUN-000582,backpressure_seq,1318290613,constrained,corner,0x2b00,16,all_ones,0.475,0.43,balanced,16,23,368,5,11,weighted,ping_pong,dma_stream,in_order,none,192
RUN-000583,parity_stress_seq,982873908,full_random,corner,0x6b00,16,incremental,0.652,0.59,reg_rd,16,38,301,31,11,fixed,sparse,console,in_order,glitch,192
RUN-000584,reset_recovery_seq,1111100364,constrained,corner,0xa000,16,walking_ones,0.156,0.64,reg_rd,128,13,188,6,1,fixed,ping_pong,boot,in_order,bitflip,96
RUN-000585,parity_stress_seq,1135329280,constrained,default,0x2300,16,incremental,0.607,0.43,balanced,16,2,321,3,7,weighted,burst_hotspot,boot,in_order,bitflip,192
RUN-000586,dma_burst_seq,2071451304,constrained,default,0x2f00,64,random,0.437,0.48,balanced,64,18,214,25,5,fixed,uniform,dma_stream,in_order,none,96
RUN-000587,backpressure_seq,1838163728,full_random,default,0xa000,4,incremental,0.577,0.28,reg_rd,128,13,79,11,11,fixed,uniform,dma_stream,in_order,glitch,192
RUN-000588,parity_stress_seq,1114270261,constrained,default,0x1700,16,random,0.391,0.35,reg_rd,64,12,260,10,8,weighted,burst_hotspot,boot,in_order,none,48
RUN-000589,reset_recovery_seq,1906941159,constrained,corner,0x4300,64,all_ones,0.286,0.27,reg_wr,64,31,258,10,7,fixed,uniform,console,out_of_order,none,96
RUN-000590,uart_loopback_seq,1481089707,constrained,default,0x1500,64,incremental,0.735,0.29,reg_rd,64,11,299,21,9,weighted,burst_hotspot,dma_stream,out_of_order,none,96
RUN-000591,irq_storm_seq,921764538,constrained,stress,0xb200,16,random,0.338,0.8,reg_rd,16,33,303,21,5,weighted,burst_hotspot,console,in_order,none,192
RUN-000592,uart_loopback_seq,291984901,constrained,default,0x3700,16,walking_ones,0.208,0.23,reg_rd,16,2,33,28,7,fixed,burst_hotspot,console,in_order,none,384
RUN-000593,irq_storm_seq,418990097,constrained,default,0x5f00,4,incremental,0.392,0.69,reg_wr,128,19,190,21,4,fixed,ping_pong,console,in_order,none,96
RUN-000594,reset_recovery_seq,1380736798,full_random,corner,0xe800,4,incremental,0.338,0.72,reg_wr,16,11,385,26,7,fixed,ping_pong,dma_stream,in_order,none,192
RUN-000595,reset_recovery_seq,582170451,constrained,corner,0xf300,64,random,0.44,0.49,reg_wr,64,27,264,14,5,fixed,uniform,dma_stream,in_order,bitflip,192
RUN-000596,reg_sweep_seq,1644375180,full_random,stress,0x5300,4,walking_ones,0.406,0.43,reg_rd,128,25,191,11,7,fixed,uniform,dma_stream,in_order,none,384
RUN-000597,irq_storm_seq,991288977,constrained,stress,0xb100,4,all_ones,0.563,0.7,reg_rd,64,18,283,13,9,weighted,burst_hotspot,console,in_order,bitflip,96
RUN-000598,dma_burst_seq,535932850,constrained,default,0x0a00,4,random,0.76,0.36,reg_wr,64,4,27,24,4,weighted,ping_pong,dma_stream,out_of_order,none,192
RUN-000599,uart_loopback_seq,2074695918,directed,stress,0x2300,64,incremental,0.467,0.51,reg_rd,8,12,394,22,9,weighted,burst_hotspot,dma_stream,in_order,none,48
RUN-000600,irq_storm_seq,1700678857,constrained,stress,0x2800,16,walking_ones,0.312,0.31,balanced,64,3,365,25,10,weighted,burst_hotspot,boot,in_order,glitch,384
RUN-000601,backpressure_seq,2053064347,full_random,default,0xde00,4,walking_ones,0.842,0.59,reg_wr,16,5,40,2,4,weighted,burst_hotspot,console,in_order,none,192
RUN-000602,reg_sweep_seq,2047821393,full_random,corner,0x4b00,4,walking_ones,0.227,0.22,reg_rd,16,18,272,26,0,weighted,burst_hotspot,boot,out_of_order,bitflip,384
RUN-000603,reset_recovery_seq,1023327476,constrained,corner,0x6200,4,incremental,0.265,0.33,reg_rd,16,37,109,12,11,fixed,uniform,console,in_order,bitflip,192
RUN-000604,dma_burst_seq,1736168216,constrained,stress,0xea00,16,walking_ones,0.325,0.35,reg_wr,16,14,77,27,2,weighted,burst_hotspot,dma_stream,in_order,none,96
RUN-000605,backpressure_seq,805506279,full_random,default,0x1300,4,random,0.709,0.25,balanced,16,25,222,11,0,fixed,sparse,sensor_poll,out_of_order,none,96
RUN-000606,uart_loopback_seq,572815716,constrained,corner,0x1300,4,random,0.62,0.63,reg_wr,16,16,260,14,11,fixed,uniform,boot,in_order,bitflip,192
RUN-000607,backpressure_seq,1449255109,constrained,default,0x4600,64,walking_ones,0.188,0.75,reg_wr,8,6,383,22,6,weighted,uniform,console,out_of_order,none,192
RUN-000608,reg_sweep_seq,860117201,constrained,default,0xc400,4,random,0.75,0.46,balanced,16,24,107,19,2,fixed,sparse,dma_stream,out_of_order,bitflip,96
RUN-000609,parity_stress_seq,217727605,constrained,default,0x6200,64,random,0.238,0.44,reg_wr,8,20,132,31,4,fixed,uniform,boot,in_order,glitch,768
RUN-000610,irq_storm_seq,366577436,directed,default,0xec00,64,random,0.195,0.78,reg_rd,64,30,61,8,10,weighted,uniform,dma_stream,out_of_order,bitflip,768
RUN-000611,reset_recovery_seq,2122060027,constrained,default,0xd000,4,random,0.776,0.69,reg_wr,16,20,334,23,6,weighted,ping_pong,sensor_poll,in_order,glitch,48
RUN-000612,reg_sweep_seq,1583439512,constrained,corner,0xa800,64,random,0.49,0.62,reg_wr,16,11,315,13,6,fixed,sparse,dma_stream,in_order,bitflip,192
RUN-000613,uart_loopback_seq,1278033266,constrained,stress,0xa700,4,random,0.412,0.36,reg_wr,64,7,132,0,10,fixed,burst_hotspot,sensor_poll,out_of_order,none,192
RUN-000614,backpressure_seq,1266269064,full_random,default,0xb100,64,random,0.044,0.73,reg_wr,8,28,183,25,7,weighted,burst_hotspot,sensor_poll,out_of_order,none,192
RUN-000615,reg_sweep_seq,987463891,constrained,default,0x9600,16,random,0.768,0.7,reg_wr,8,9,345,0,3,fixed,sparse,dma_stream,in_order,bitflip,48
RUN-000616,reset_recovery_seq,1768894858,constrained,stress,0x4c00,4,walking_ones,0.138,0.74,reg_wr,16,8,264,24,10,weighted,uniform,boot,in_order,glitch,192
RUN-000617,dma_burst_seq,1931917544,constrained,default,0xf300,16,random,0.669,0.23,reg_wr,128,15,173,22,6,weighted,uniform,console,in_order,bitflip,768
RUN-000618,uart_loopback_seq,1582378112,constrained,corner,0x0a00,16,incremental,0.535,0.66,reg_wr,8,37,76,13,8,fixed,ping_pong,dma_stream,in_order,none,96
RUN-000619,uart_loopback_seq,1011608728,constrained,default,0x1500,16,random,0.525,0.57,reg_wr,8,24,302,22,11,weighted,ping_pong,console,in_order,glitch,384
RUN-000620,reg_sweep_seq,1870501133,constrained,stress,0x6100,64,all_ones,0.241,0.68,reg_rd,16,22,236,14,11,weighted,burst_hotspot,dma_stream,in_order,none,48
RUN-000621,reset_recovery_seq,1631478771,full_random,default,0xea00,4,all_ones,0.699,0.49,balanced,64,28,299,22,2,fixed,uniform,boot,in_order,none,768
RUN-000622,parity_stress_seq,1609856155,constrained,default,0x8200,4,incremental,0.606,0.4,reg_rd,128,25,250,7,11,fixed,sparse,dma_stream,in_order,bitflip,192
RUN-000623,irq_storm_seq,541034622,full_random,default,0x9200,64,random,0.7,0.71,reg_wr,8,33,262,3,10,weighted,burst_hotspot,sensor_poll,in_order,none,384
RUN-000624,backpressure_seq,1371866552,constrained,corner,0x6c00,16,incremental,0.566,0.4,reg_rd,8,34,142,4,4,fixed,uniform,sensor_poll,out_of_order,none,384
RUN-000625,reset_recovery_seq,1860924960,constrained,corner,0x2f00,4,random,0.299,0.75,reg_rd,128,12,87,4,11,fixed,uniform,dma_stream,in_order,none,48
RUN-000626,reg_sweep_seq,379864065,constrained,default,0x6700,16,random,0.769,0.57,reg_rd,64,3,14,24,4,fixed,burst_hotspot,console,in_order,none,192
RUN-000627,dma_burst_seq,235891971,constrained,default,0x6b00,16,random,0.71,0.37,reg_rd,64,8,306,19,8,fixed,ping_pong,boot,in_order,glitch,192
RUN-000628,dma_burst_seq,268240874,constrained,default,0x3b00,64,random,0.859,0.66,reg_rd,64,17,270,7,4,weighted,sparse,console,in_order,bitflip,768
RUN-000629,uart_loopback_seq,1499086193,constrained,stress,0x9600,4,random,0.332,0.51,reg_wr,128,15,381,21,5,weighted,ping_pong,dma_stream,in_order,bitflip,96
RUN-000630,reg_sweep_seq,1711820399,full_random,default,0x2900,64,random,0.358,0.57,reg_rd,8,9,147,9,7,weighted,burst_hotspot,sensor_poll,in_order,none,384
RUN-000631,backpressure_seq,72101540,directed,stress,0x2e00,16,all_ones,0.748,0.71,balanced,16,32,333,1,5,fixed,burst_hotspot,dma_stream,out_of_order,glitch,48
RUN-000632,irq_storm_seq,366649745,directed,stress,0x9000,4,random,0.294,0.72,reg_rd,64,4,392,2,6,fixed,sparse,dma_stream,in_order,none,192
RUN-000633,reset_recovery_seq,1648326117,directed,default,0xed00,16,random,0.233,0.46,reg_rd,16,28,72,16,3,weighted,sparse,boot,out_of_order,none,384
RUN-000634,reset_recovery_seq,1621183486,constrained,default,0x8a00,4,incremental,0.833,0.42,reg_rd,8,33,135,31,0,weighted,uniform,console,in_order,none,96
RUN-000635,reg_sweep_seq,180393313,constrained,stress,0xc300,16,random,0.125,0.53,reg_rd,64,35,100,5,3,weighted,ping_pong,sensor_poll,in_order,none,192
RUN-000636,parity_stress_seq,1953553708,constrained,stress,0x7200,64,random,0.322,0.25,reg_rd,64,16,195,7,9,weighted,burst_hotspot,sensor_poll,in_order,none,384
RUN-000637,reset_recovery_seq,1103762441,full_random,corner,0x0e00,16,incremental,0.775,0.45,reg_rd,16,13,155,30,7,fixed,sparse,dma_stream,in_order,none,96
RUN-000638,irq_storm_seq,1735757241,directed,corner,0xb100,4,incremental,0.483,0.37,balanced,8,17,386,1,5,fixed,sparse,sensor_poll,in_order,bitflip,96
RUN-000639,reg_sweep_seq,2044745499,full_random,default,0xdf00,4,random,0.418,0.78,balanced,64,39,391,19,1,fixed,uniform,sensor_poll,in_order,bitflip,192
RUN-000640,reset_recovery_seq,85900125,constrained,default,0x8100,16,random,0.724,0.32,reg_wr,128,11,118,26,11,fixed,uniform,console,in_order,none,48
RUN-000641,uart_loopback_seq,509923425,constrained,default,0x5200,4,incremental,0.421,0.47,reg_rd,128,17,140,15,10,fixed,uniform,boot,in_order,bitflip,192
RUN-000642,reset_recovery_seq,1278016762,constrained,default,0x5200,16,walking_ones,0.428,0.62,reg_rd,16,23,357,21,11,fixed,ping_pong,sensor_poll,in_order,glitch,384
RUN-000643,backpressure_seq,1539229232,constrained,stress,0x2200,16,incremental,0.62,0.69,reg_rd,64,21,136,24,2,fixed,burst_hotspot,dma_stream,out_of_order,none,48
RUN-000644,dma_burst_seq,1278200344,constrained,corner,0x0f00,16,random,0.064,0.25,balanced,16,6,246,31,7,fixed,uniform,console,in_order,none,48
RUN-000645,reg_sweep_seq,324487949,constrained,default,0x6200,64,random,0.454,0.59,balanced,16,18,170,20,5,fixed,burst_hotspot,dma_stream,out_of_order,glitch,48
RUN-000646,irq_storm_seq,1979247464,constrained,stress,0x4e00,4,random,0.401,0.37,balanced,16,26,324,14,8,weighted,sparse,boot,in_order,glitch,48
RUN-000647,backpressure_seq,318629918,directed,corner,0x8600,64,incremental,0.704,0.67,reg_wr,64,22,43,24,10,fixed,uniform,console,out_of_order,glitch,96
RUN-000648,reset_recovery_seq,167704071,constrained,corner,0x0c00,64,random,0.298,0.63,reg_wr,64,20,31,23,8,weighted,burst_hotspot,console,in_order,glitch,96
RUN-000649,reg_sweep_seq,724194151,constrained,stress,0x5600,64,walking_ones,0.298,0.21,reg_rd,64,4,103,25,1,fixed,ping_pong,dma_stream,in_order,none,96
RUN-000650,irq_storm_seq,1929511638,constrained,default,0x7600,4,incremental,0.295,0.53,reg_wr,128,15,88,26,4,weighted,burst_hotspot,dma_stream,in_order,bitflip,48
RUN-000651,reg_sweep_seq,664572527,constrained,corner,0x6000,4,random,0.592,0.33,balanced,16,29,211,23,5,fixed,burst_hotspot,dma_stream,out_of_order,glitch,768
RUN-000652,reset_recovery_seq,1374233464,constrained,default,0xc600,64,random,0.7,0.48,balanced,128,21,382,21,11,weighted,uniform,sensor_poll,in_order,none,192
RUN-000653,reg_sweep_seq,1185759030,constrained,default,0x8300,4,random,0.489,0.24,balanced,128,9,279,27,10,fixed,burst_hotspot,dma_stream,in_order,none,192
RUN-000654,irq_storm_seq,1485353126,constrained,corner,0x8f00,64,random,0.351,0.2,reg_wr,128,29,398,13,3,fixed,ping_pong,sensor_poll,in_order,none,192
RUN-000655,backpressure_seq,1990670483,constrained,corner,0x3600,16,all_ones,0.247,0.72,reg_wr,128,24,412,28,2,fixed,uniform,boot,in_order,glitch,96
RUN-000656,reg_sweep_seq,897209,directed,corner,0xc400,4,random,0.286,0.59,reg_rd,16,0,298,20,5,weighted,sparse,dma_stream,in_order,none,96
RUN-000657,reset_recovery_seq,668320945,full_random,stress,0x0d00,64,random,0.204,0.69,balanced,16,7,34,16,9,fixed,uniform,dma_stream,in_order,bitflip,192
RUN-000658,reg_sweep_seq,1998170817,constrained,default,0xe800,4,random,0.349,0.73,reg_rd,16,39,78,31,11,weighted,sparse,sensor_poll,in_order,glitch,48
RUN-000659,dma_burst_seq,845369058,constrained,corner,0xfd00,64,random,0.497,0.78,balanced,64,10,184,12,11,weighted,sparse,dma_stream,in_order,none,192
RUN-000660,reg_sweep_seq,718178645,constrained,stress,0xa600,64,random,0.286,0.42,reg_wr,8,14,110,1,9,weighted,ping_pong,boot,in_order,none,48
RUN-000661,uart_loopback_seq,1801888171,directed,default,0x9200,16,all_ones,0.294,0.71,balanced,8,22,247,17,1,fixed,sparse,console,in_order,none,768
RUN-000662,backpressure_seq,394850028,constrained,default,0x8400,64,random,0.154,0.69,reg_rd,8,1,128,22,6,weighted,uniform,dma_stream,in_order,none,384
RUN-000663,backpressure_seq,189708344,constrained,default,0x2b00,4,random,0.024,0.75,reg_rd,8,34,145,1,1,weighted,uniform,dma_stream,in_order,none,48
RUN-000664,backpressure_seq,819894940,full_random,default,0x8d00,16,random,0.42,0.41,reg_rd,16,1,379,2,11,fixed,sparse,console,out_of_order,none,96
RUN-000665,dma_burst_seq,1144822789,full_random,default,0x6e00,4,walking_ones,0.822,0.62,balanced,8,39,80,15,9,fixed,sparse,dma_stream,in_order,none,384
RUN-000666,irq_storm_seq,659835673,constrained,corner,0x9800,64,all_ones,0.371,0.75,balanced,8,6,386,10,8,fixed,burst_hotspot,sensor_poll,in_order,none,48
RUN-000667,reg_sweep_seq,2035877126,constrained,stress,0x2400,16,walking_ones,0.835,0.77,reg_wr,16,38,90,31,6,weighted,burst_hotspot,console,in_order,none,384
RUN-000668,backpressure_seq,410388688,constrained,default,0xa000,16,incremental,0.619,0.51,reg_wr,16,28,410,28,1,fixed,burst_hotspot,sensor_poll,in_order,bitflip,192
RUN-000669,uart_loopback_seq,405741634,constrained,default,0xac00,16,walking_ones,0.389,0.43,reg_wr,128,1,328,21,9,fixed,uniform,console,in_order,none,768
RUN-000670,irq_storm_seq,462952476,full_random,corner,0xd900,16,random,0.187,0.43,balanced,16,31,328,14,9,fixed,burst_hotspot,sensor_poll,in_order,none,192
RUN-000671,uart_loopback_seq,620531428,full_random,stress,0xce00,4,random,0.541,0.25,reg_wr,16,25,212,28,3,fixed,sparse,dma_stream,out_of_order,none,192
RUN-000672,backpressure_seq,139146752,directed,default,0x1800,64,walking_ones,0.477,0.21,reg_wr,8,14,230,19,7,weighted,uniform,dma_stream,in_order,none,384
RUN-000673,reg_sweep_seq,1445492216,full_random,default,0xca00,4,incremental,0.764,0.4,reg_wr,8,13,110,30,4,fixed,burst_hotspot,sensor_poll,in_order,none,384
RUN-000674,dma_burst_seq,939975965,full_random,corner,0xcc00,64,all_ones,0.755,0.34,reg_rd,64,34,141,13,1,weighted,uniform,boot,in_order,none,384
RUN-000675,reg_sweep_seq,1891628102,constrained,default,0xc900,16,walking_ones,0.691,0.29,reg_rd,8,6,283,5,7,weighted,sparse,console,out_of_order,bitflip,48
RUN-000676,uart_loopback_seq,860329373,constrained,default,0x7f00,16,incremental,0.669,0.63,reg_rd,128,5,364,19,6,fixed,ping_pong,sensor_poll,in_order,none,48
RUN-000677,uart_loopback_seq,1284935093,constrained,stress,0x8c00,4,all_ones,0.45,0.75,reg_wr,128,18,123,2,6,weighted,uniform,console,in_order,none,384
RUN-000678,irq_storm_seq,720519274,directed,stress,0x5a00,16,walking_ones,0.331,0.27,reg_rd,16,14,165,21,0,weighted,ping_pong,console,in_order,none,48
RUN-000679,reg_sweep_seq,2132457611,constrained,default,0x3900,64,incremental,0.568,0.49,reg_wr,16,10,48,6,4,weighted,burst_hotspot,console,in_order,none,768
RUN-000680,parity_stress_seq,2073978241,constrained,default,0x0c00,4,random,0.512,0.58,reg_rd,128,25,64,19,6,fixed,burst_hotspot,dma_stream,in_order,bitflip,384
RUN-000681,dma_burst_seq,1089778233,constrained,corner,0xe800,16,walking_ones,0.664,0.38,reg_wr,16,1,16,18,7,weighted,uniform,sensor_poll,in_order,none,192
RUN-000682,reset_recovery_seq,2133042188,full_random,default,0x3000,4,incremental,0.613,0.72,balanced,8,5,312,6,8,weighted,sparse,boot,in_order,bitflip,192
RUN-000683,reset_recovery_seq,36710770,full_random,corner,0x1600,16,incremental,0.263,0.22,reg_rd,128,20,51,23,5,fixed,burst_hotspot,boot,in_order,none,96
RUN-000684,dma_burst_seq,354149702,constrained,stress,0xb300,4,random,0.47,0.43,reg_rd,8,17,138,12,11,weighted,ping_pong,boot,in_order,bitflip,768
RUN-000685,reg_sweep_seq,1742943112,directed,corner,0x6300,16,random,0.24,0.38,reg_wr,16,0,78,20,3,weighted,uniform,dma_stream,in_order,none,384
RUN-000686,uart_loopback_seq,1340941463,constrained,default,0xc900,16,all_ones,0.099,0.24,balanced,8,23,224,13,9,weighted,burst_hotspot,dma_stream,in_order,none,192
RUN-000687,reg_sweep_seq,1145748253,full_random,corner,0x9d00,16,all_ones,0.413,0.7,reg_wr,8,19,328,9,9,fixed,uniform,console,in_order,glitch,192
RUN-000688,parity_stress_seq,1952867513,constrained,default,0x3a00,64,walking_ones,0.647,0.44,reg_rd,64,4,56,30,3,fixed,ping_pong,console,in_order,bitflip,48
RUN-000689,backpressure_seq,747644304,full_random,default,0x6c00,16,walking_ones,0.166,0.36,reg_rd,128,31,412,6,11,fixed,uniform,sensor_poll,out_of_order,bitflip,48
RUN-000690,backpressure_seq,336194674,directed,stress,0xd600,4,incremental,0.344,0.78,reg_wr,8,25,165,15,9,fixed,sparse,console,out_of_order,none,96
RUN-000691,backpressure_seq,2024272754,constrained,stress,0xe100,64,all_ones,0.389,0.47,reg_wr,16,1,185,7,3,weighted,sparse,dma_stream,in_order,none,96
RUN-000692,uart_loopback_seq,1686253838,constrained,corner,0xff00,16,incremental,0.385,0.33,reg_rd,128,25,366,30,6,fixed,uniform,boot,in_order,none,192
RUN-000693,reset_recovery_seq,211132134,constrained,corner,0xda00,4,walking_ones,0.591,0.51,balanced,64,36,391,29,9,fixed,uniform,sensor_poll,out_of_order,none,192
RUN-000694,backpressure_seq,1372265145,constrained,default,0x5400,4,all_ones,0.652,0.41,balanced,128,29,418,8,1,fixed,sparse,boot,in_order,none,48
RUN-000695,irq_storm_seq,1949581870,full_random,default,0x3200,4,incremental,0.338,0.43,balanced,8,7,284,15,7,fixed,ping_pong,dma_stream,out_of_order,none,768
RUN-000696,parity_stress_seq,1066325149,constrained,stress,0xec00,16,incremental,0.463,0.47,reg_wr,16,6,394,0,9,weighted,sparse,sensor_poll,in_order,none,48
RUN-000697,reset_recovery_seq,1950792243,constrained,stress,0x3100,64,walking_ones,0.499,0.29,balanced,64,37,148,24,0,weighted,uniform,dma_stream,in_order,none,96
RUN-000698,backpressure_seq,78951991,full_random,default,0x4500,16,random,0.333,0.78,reg_wr,8,33,143,5,8,weighted,ping_pong,sensor_poll,in_order,none,96
RUN-000699,parity_stress_seq,881858846,full_random,corner,0xa400,16,incremental,0.113,0.68,reg_wr,64,0,259,4,4,weighted,burst_hotspot,sensor_poll,in_order,none,192
RUN-000700,uart_loopback_seq,1078153507,constrained,default,0xdc00,64,incremental,0.757,0.26,balanced,8,25,172,22,5,weighted,sparse,dma_stream,in_order,none,192
RUN-000701,reg_sweep_seq,581710793,full_random,default,0x4c00,4,walking_ones,0.116,0.24,reg_wr,8,38,81,29,3,weighted,uniform,dma_stream,out_of_order,none,48
RUN-000702,dma_burst_seq,328180671,constrained,default,0xd400,16,incremental,0.289,0.73,reg_wr,16,26,357,10,4,weighted,ping_pong,dma_stream,in_order,glitch,384
RUN-000703,uart_loopback_seq,2046022365,constrained,corner,0x9700,4,random,0.592,0.69,reg_rd,8,36,393,24,0,weighted,burst_hotspot,dma_stream,in_order,bitflip,192
RUN-000704,uart_loopback_seq,973197587,constrained,default,0x5e00,64,incremental,0.278,0.29,balanced,64,8,229,2,11,weighted,ping_pong,sensor_poll,out_of_order,glitch,48
RUN-000705,dma_burst_seq,1428125371,constrained,stress,0xec00,4,random,0.491,0.43,reg_rd,8,33,95,27,10,fixed,ping_pong,boot,out_of_order,none,768
RUN-000706,uart_loopback_seq,1237363375,full_random,corner,0xd600,4,random,0.94,0.53,reg_rd,64,5,150,30,11,weighted,ping_pong,sensor_poll,out_of_order,none,48
RUN-000707,uart_loopback_seq,1526981928,full_random,default,0x4900,16,random,0.703,0.67,balanced,16,5,157,4,8,weighted,uniform,dma_stream,out_of_order,glitch,96
RUN-000708,parity_stress_seq,594725120,constrained,default,0x7900,16,random,0.246,0.71,balanced,64,36,68,8,1,weighted,ping_pong,boot,in_order,bitflip,384
RUN-000709,uart_loopback_seq,43585858,full_random,default,0xe600,4,random,0.658,0.57,reg_wr,64,37,128,26,8,fixed,ping_pong,boot,in_order,none,384
RUN-000710,parity_stress_seq,484063673,constrained,default,0x2700,4,random,0.638,0.26,balanced,8,27,77,25,0,weighted,sparse,sensor_poll,in_order,bitflip,384
RUN-000711,uart_loopback_seq,1474054041,constrained,default,0xce00,64,walking_ones,0.756,0.79,balanced,16,26,208,0,8,weighted,burst_hotspot,sensor_poll,in_order,glitch,384
RUN-000712,irq_storm_seq,1442872523,constrained,corner,0x9600,4,all_ones,0.353,0.3,reg_wr,64,14,190,5,1,weighted,uniform,dma_stream,in_order,bitflip,192
RUN-000713,irq_storm_seq,1743318149,constrained,default,0x7400,64,incremental,0.263,0.73,balanced,8,10,309,24,6,fixed,uniform,sensor_poll,out_of_order,none,768
RUN-000714,parity_stress_seq,519995883,constrained,stress,0x5d00,16,random,0.372,0.67,reg_rd,64,13,105,27,1,weighted,ping_pong,sensor_poll,in_order,none,768
RUN-000715,backpressure_seq,616636754,constrained,default,0x7800,64,incremental,0.254,0.76,balanced,8,5,187,12,3,weighted,sparse,boot,out_of_order,glitch,96
RUN-000716,parity_stress_seq,47493894,full_random,default,0xb300,64,random,0.414,0.46,balanced,128,9,114,11,11,fixed,ping_pong,console,in_order,none,192
RUN-000717,reg_sweep_seq,806544799,constrained,default,0x0600,16,random,0.397,0.53,balanced,64,11,36,17,11,weighted,ping_pong,dma_stream,in_order,glitch,384
RUN-000718,uart_loopback_seq,1037501136,full_random,default,0x4900,16,all_ones,0.195,0.63,reg_wr,16,10,312,31,7,weighted,burst_hotspot,sensor_poll,in_order,none,48
RUN-000719,parity_stress_seq,943366485,constrained,default,0x5a00,16,walking_ones,0.578,0.69,reg_wr,8,30,356,31,4,fixed,sparse,dma_stream,in_order,none,768
RUN-000720,parity_stress_seq,1230530243,constrained,default,0x6600,16,incremental,0.256,0.22,balanced,8,2,125,1,9,fixed,sparse,dma_stream,in_order,none,768
RUN-000721,reg_sweep_seq,1453541072,constrained,stress,0x7300,64,random,0.505,0.33,reg_rd,16,9,374,28,1,fixed,uniform,dma_stream,in_order,bitflip,768
RUN-000722,uart_loopback_seq,1484179262,constrained,stress,0xd500,4,random,0.263,0.59,reg_rd,16,5,90,17,8,weighted,uniform,console,out_of_order,none,96
RUN-000723,uart_loopback_seq,60658123,constrained,default,0x5600,16,random,0.207,0.7,balanced,64,1,297,5,7,weighted,uniform,dma_stream,in_order,glitch,48
RUN-000724,irq_storm_seq,38145268,constrained,default,0x7e00,16,random,0.862,0.48,reg_rd,128,27,403,8,10,fixed,ping_pong,dma_stream,out_of_order,none,96
RUN-000725,dma_burst_seq,584864116,full_random,stress,0xaa00,4,all_ones,0.728,0.46,reg_wr,8,14,254,11,11,fixed,burst_hotspot,dma_stream,in_order,glitch,96
RUN-000726,dma_burst_seq,1454768185,constrained,stress,0x5f00,16,incremental,0.393,0.8,reg_rd,16,2,121,9,4,weighted,burst_hotspot,boot,out_of_order,none,96
RUN-000727,parity_stress_seq,678879730,full_random,default,0xbd00,16,random,0.327,0.8,reg_wr,8,30,268,27,5,weighted,uniform,console,in_order,none,96
RUN-000728,reg_sweep_seq,127093454,constrained,corner,0xec00,16,walking_ones,0.374,0.39,reg_wr,8,33,300,3,5,weighted,uniform,dma_stream,in_order,glitch,96
RUN-000729,parity_stress_seq,401873575,constrained,default,0x7900,16,all_ones,0.372,0.61,balanced,64,15,56,29,2,fixed,burst_hotspot,sensor_poll,in_order,bitflip,96
RUN-000730,dma_burst_seq,74173459,constrained,stress,0xae00,4,incremental,0.549,0.7,balanced,8,39,111,3,4,fixed,burst_hotspot,dma_stream,in_order,none,192
RUN-000731,dma_burst_seq,1629063564,constrained,stress,0xea00,4,random,0.827,0.61,reg_rd,64,39,175,22,5,weighted,uniform,sensor_poll,out_of_order,bitflip,192
RUN-000732,reset_recovery_seq,1255741808,full_random,default,0xe600,16,random,0.716,0.33,balanced,8,8,163,7,6,weighted,uniform,dma_stream,in_order,glitch,768
RUN-000733,irq_storm_seq,1952078792,constrained,stress,0x2a00,16,random,0.755,0.41,reg_rd,8,36,392,31,1,fixed,ping_pong,dma_stream,in_order,bitflip,192
RUN-000734,irq_storm_seq,426475171,constrained,default,0x9600,16,incremental,0.707,0.45,balanced,64,0,359,11,1,weighted,sparse,console,out_of_order,glitch,192
RUN-000735,parity_stress_seq,426595034,full_random,stress,0x3200,16,random,0.602,0.45,reg_rd,64,31,67,0,8,fixed,uniform,sensor_poll,in_order,bitflip,192
RUN-000736,irq_storm_seq,1204115187,full_random,default,0xbd00,4,random,0.395,0.49,reg_wr,8,27,134,19,10,fixed,uniform,dma_stream,in_order,none,384
RUN-000737,reg_sweep_seq,30563851,constrained,corner,0xb200,4,incremental,0.78,0.35,reg_wr,128,9,189,6,2,weighted,uniform,sensor_poll,in_order,none,48
RUN-000738,uart_loopback_seq,1799108687,directed,default,0xa900,4,random,0.32,0.71,reg_rd,8,26,100,0,7,fixed,burst_hotspot,boot,out_of_order,none,384
RUN-000739,irq_storm_seq,1519914994,constrained,corner,0x4000,16,all_ones,0.527,0.32,balanced,8,13,390,20,8,weighted,ping_pong,boot,in_order,none,96
RUN-000740,irq_storm_seq,857569504,constrained,default,0xd500,16,walking_ones,0.346,0.31,balanced,128,15,392,1,2,weighted,uniform,dma_stream,in_order,none,96
RUN-000741,dma_burst_seq,525887728,directed,default,0x3000,64,all_ones,0.399,0.47,balanced,8,23,391,27,2,fixed,ping_pong,sensor_poll,in_order,none,48
RUN-000742,reg_sweep_seq,209259421,constrained,corner,0x1f00,4,random,0.733,0.73,reg_wr,16,0,337,13,5,fixed,uniform,sensor_poll,in_order,none,384
RUN-000743,reg_sweep_seq,1581337683,constrained,stress,0xa200,64,incremental,0.07,0.67,balanced,64,13,180,10,3,weighted,burst_hotspot,dma_stream,in_order,glitch,768
RUN-000744,dma_burst_seq,432475635,constrained,default,0x5200,64,random,0.524,0.73,reg_wr,16,17,179,24,2,weighted,burst_hotspot,sensor_poll,in_order,bitflip,384
RUN-000745,reset_recovery_seq,1967318754,constrained,corner,0xa400,64,random,0.468,0.38,balanced,64,19,122,26,8,weighted,uniform,sensor_poll,in_order,none,48
RUN-000746,uart_loopback_seq,757798439,full_random,default,0x7e00,4,walking_ones,0.212,0.25,balanced,64,11,389,8,9,fixed,uniform,boot,in_order,bitflip,192
RUN-000747,uart_loopback_seq,1901258272,full_random,corner,0xed00,4,walking_ones,0.757,0.47,reg_wr,8,12,394,13,1,fixed,burst_hotspot,sensor_poll,in_order,none,384
RUN-000748,irq_storm_seq,469338526,constrained,default,0x8500,16,all_ones,0.271,0.23,balanced,8,23,251,9,8,weighted,ping_pong,dma_stream,in_order,none,192
RUN-000749,backpressure_seq,243549344,constrained,default,0x3000,64,random,0.379,0.67,reg_rd,64,17,278,6,2,fixed,sparse,console,in_order,glitch,96
RUN-000750,uart_loopback_seq,1316453943,constrained,default,0xfc00,16,random,0.433,0.29,reg_rd,8,38,105,22,1,fixed,uniform,console,in_order,none,96
RUN-000751,reset_recovery_seq,419213434,constrained,corner,0xc600,4,all_ones,0.779,0.56,reg_wr,128,31,67,8,5,weighted,ping_pong,sensor_poll,out_of_order,none,384
RUN-000752,reg_sweep_seq,908020508,constrained,stress,0x0f00,16,random,0.048,0.48,reg_rd,128,5,372,24,0,fixed,sparse,boot,out_of_order,glitch,384
RUN-000753,uart_loopback_seq,860801457,constrained,default,0xb000,4,incremental,0.355,0.64,reg_wr,128,20,116,23,5,fixed,sparse,console,in_order,glitch,96
RUN-000754,reset_recovery_seq,300848161,constrained,default,0x9200,64,random,0.306,0.49,reg_wr,16,1,258,3,10,weighted,ping_pong,sensor_poll,in_order,none,192
RUN-000755,backpressure_seq,108531436,directed,stress,0xfe00,4,random,0.029,0.69,balanced,16,32,325,5,6,fixed,uniform,sensor_poll,in_order,bitflip,384
RUN-000756,uart_loopback_seq,1559839508,constrained,stress,0x1700,64,incremental,0.726,0.71,reg_rd,16,2,193,8,10,weighted,burst_hotspot,sensor_poll,out_of_order,none,192
RUN-000757,irq_storm_seq,2131339779,constrained,stress,0x2300,16,random,0.105,0.5,balanced,64,16,233,30,8,fixed,uniform,console,in_order,bitflip,96
RUN-000758,uart_loopback_seq,981583532,full_random,default,0x8f00,16,random,0.609,0.57,reg_wr,128,25,76,24,0,weighted,burst_hotspot,console,out_of_order,none,96
RUN-000759,reset_recovery_seq,463287847,full_random,default,0xe100,16,random,0.25,0.55,balanced,8,39,74,24,0,weighted,uniform,console,out_of_order,none,768
RUN-000760,reg_sweep_seq,2433292,full_random,default,0x8800,64,walking_ones,0.17,0.47,reg_wr,16,22,246,5,3,weighted,burst_hotspot,dma_stream,out_of_order,none,96
RUN-000761,dma_burst_seq,542744905,directed,default,0x3600,4,random,0.65,0.37,balanced,16,21,333,17,7,weighted,uniform,boot,in_order,none,192
RUN-000762,parity_stress_seq,945759850,constrained,corner,0x6800,4,random,0.402,0.3,reg_wr,16,24,393,11,9,fixed,uniform,sensor_poll,out_of_order,glitch,192
RUN-000763,reg_sweep_seq,663246902,full_random,corner,0x1e00,64,walking_ones,0.504,0.77,reg_rd,16,34,369,30,6,weighted,sparse,sensor_poll,out_of_order,none,192
RUN-000764,reset_recovery_seq,54050252,full_random,default,0x2a00,16,walking_ones,0.69,0.57,balanced,64,7,329,10,1,fixed,sparse,sensor_poll,in_order,glitch,768
RUN-000765,parity_stress_seq,1431463632,constrained,default,0xa300,16,random,0.617,0.64,reg_wr,16,24,249,22,2,weighted,burst_hotspot,dma_stream,out_of_order,none,48
RUN-000766,dma_burst_seq,2128608830,constrained,default,0x3500,4,walking_ones,0.225,0.48,reg_rd,64,26,344,1,3,weighted,ping_pong,sensor_poll,in_order,none,384
RUN-000767,backpressure_seq,648236750,full_random,default,0x8000,64,all_ones,0.442,0.77,reg_wr,8,36,156,5,8,weighted,uniform,console,in_order,glitch,48
RUN-000768,reg_sweep_seq,715068313,constrained,stress,0x0400,16,walking_ones,0.448,0.45,balanced,16,21,293,19,11,weighted,burst_hotspot,console,in_order,none,384
RUN-000769,reg_sweep_seq,1835600137,full_random,stress,0x3900,4,random,0.833,0.22,reg_rd,8,11,53,4,2,weighted,uniform,sensor_poll,in_order,none,192
RUN-000770,dma_burst_seq,1428658608,constrained,default,0xf300,64,random,0.319,0.23,reg_wr,16,0,392,9,7,fixed,burst_hotspot,console,in_order,none,192
RUN-000771,parity_stress_seq,23508533,constrained,stress,0xef00,16,random,0.736,0.47,reg_wr,64,35,390,10,11,weighted,uniform,boot,in_order,glitch,768
RUN-000772,reg_sweep_seq,1536597214,constrained,corner,0x6500,64,incremental,0.369,0.77,balanced,16,20,210,24,9,weighted,sparse,dma_stream,in_order,glitch,192
RUN-000773,reg_sweep_seq,1653742621,constrained,stress,0xc400,16,all_ones,0.334,0.75,reg_wr,16,5,153,1,6,fixed,ping_pong,sensor_poll,in_order,bitflip,768
RUN-000774,reg_sweep_seq,480792495,constrained,default,0xf200,16,all_ones,0.598,0.44,reg_rd,16,6,58,23,4,fixed,sparse,dma_stream,out_of_order,none,384
RUN-000775,reset_recovery_seq,1103985149,constrained,default,0xd900,16,incremental,0.26,0.7,balanced,16,6,34,27,4,fixed,burst_hotspot,dma_stream,out_of_order,none,48
RUN-000776,parity_stress_seq,1878280536,full_random,default,0x6000,16,random,0.527,0.48,reg_rd,16,19,344,26,2,weighted,uniform,console,out_of_order,none,768
RUN-000777,parity_stress_seq,1705141720,full_random,corner,0xc500,4,random,0.763,0.49,reg_rd,16,32,241,28,2,weighted,burst_hotspot,console,in_order,none,48
RUN-000778,reg_sweep_seq,1232459810,constrained,stress,0xa100,16,incremental,0.292,0.63,reg_wr,8,17,192,30,0,weighted,burst_hotspot,dma_stream,in_order,none,96
RUN-000779,uart_loopback_seq,69523793,constrained,stress,0x2400,4,random,0.637,0.54,reg_wr,128,31,244,24,2,fixed,uniform,sensor_poll,in_order,none,96
RUN-000780,backpressure_seq,330320293,full_random,default,0x2800,16,random,0.39,0.74,reg_wr,128,39,356,27,7,fixed,burst_hotspot,console,in_order,none,96
RUN-000781,reset_recovery_seq,608730781,constrained,default,0x2a00,16,walking_ones,0.391,0.77,balanced,16,27,401,3,10,weighted,uniform,console,out_of_order,glitch,48
RUN-000782,parity_stress_seq,2057327837,constrained,corner,0x1400,64,all_ones,0.616,0.58,reg_rd,16,22,198,0,1,weighted,burst_hotspot,console,in_order,none,768
RUN-000783,reset_recovery_seq,1921562126,constrained,default,0xf200,16,walking_ones,0.612,0.43,balanced,8,29,103,21,5,fixed,ping_pong,console,in_order,glitch,192
RUN-000784,reset_recovery_seq,1028244962,full_random,default,0x8200,4,random,0.534,0.66,balanced,8,8,239,4,1,weighted,ping_pong,sensor_poll,out_of_order,none,192
RUN-000785,dma_burst_seq,564340627,full_random,default,0xe400,16,incremental,0.8,0.34,balanced,64,0,302,26,10,weighted,ping_pong,console,in_order,bitflip,192
RUN-000786,backpressure_seq,243931927,full_random,corner,0xdb00,4,random,0.47,0.6,balanced,64,4,342,14,4,fixed,ping_pong,dma_stream,in_order,none,384
RUN-000787,irq_storm_seq,607119070,full_random,corner,0x1100,64,incremental,0.157,0.72,reg_rd,128,0,273,22,5,fixed,uniform,dma_stream,out_of_order,bitflip,384
RUN-000788,irq_storm_seq,206979094,constrained,stress,0xe400,4,all_ones,0.458,0.49,reg_rd,16,34,313,9,0,fixed,sparse,boot,in_order,none,768
RUN-000789,backpressure_seq,403024161,constrained,default,0xca00,16,incremental,0.789,0.63,reg_rd,8,33,188,16,3,fixed,burst_hotspot,dma_stream,in_order,bitflip,384
RUN-000790,reg_sweep_seq,750680193,constrained,default,0xee00,64,all_ones,0.072,0.3,reg_rd,8,7,43,28,3,fixed,ping_pong,boot,in_order,glitch,192
RUN-000791,dma_burst_seq,1326456867,constrained,corner,0x7300,64,random,0.868,0.73,reg_wr,64,3,399,8,4,weighted,uniform,sensor_poll,in_order,none,192
RUN-000792,uart_loopback_seq,614246722,full_random,default,0x7a00,64,walking_ones,0.744,0.78,balanced,16,26,90,2,6,fixed,uniform,dma_stream,in_order,none,96
RUN-000793,uart_loopback_seq,2136096687,constrained,default,0x7100,16,walking_ones,0.329,0.39,balanced,16,29,123,16,5,weighted,uniform,boot,in_order,none,48
RUN-000794,dma_burst_seq,1997871426,directed,stress,0x6600,4,walking_ones,0.813,0.79,balanced,128,14,112,9,2,weighted,uniform,dma_stream,in_order,none,192
RUN-000795,irq_storm_seq,2027472962,full_random,default,0xb300,4,random,0.27,0.62,balanced,16,39,283,14,4,weighted,uniform,console,out_of_order,none,192
RUN-000796,reset_recovery_seq,894545504,full_random,default,0x8700,4,incremental,0.634,0.74,reg_wr,16,17,226,21,4,weighted,ping_pong,dma_stream,in_order,none,768
RUN-000797,parity_stress_seq,713366585,full_random,default,0x0e00,16,walking_ones,0.671,0.51,reg_wr,64,29,187,5,10,fixed,uniform,dma_stream,in_order,bitflip,96
RUN-000798,reg_sweep_seq,25537651,directed,stress,0x7100,4,random,0.187,0.32,balanced,8,23,150,15,5,weighted,sparse,sensor_poll,out_of_order,glitch,768
RUN-000799,backpressure_seq,1138559681,constrained,default,0x5200,16,random,0.655,0.22,balanced,64,21,349,24,4,weighted,burst_hotspot,sensor_poll,out_of_order,none,48
RUN-000800,parity_stress_seq,488286195,directed,default,0xb800,4,random,0.43,0.33,reg_rd,64,38,286,22,0,weighted,burst_hotspot,sensor_poll,in_order,none,96
RUN-000801,reset_recovery_seq,947634109,constrained,corner,0xaa00,64,all_ones,0.328,0.52,balanced,64,5,235,31,6,weighted,sparse,dma_stream,out_of_order,none,192
RUN-000802,uart_loopback_seq,1477365028,full_random,stress,0x2100,64,incremental,0.47,0.31,balanced,8,14,31,15,9,weighted,sparse,console,in_order,glitch,48
RUN-000803,uart_loopback_seq,1293617302,constrained,default,0x7400,4,incremental,0.365,0.38,reg_rd,16,39,266,12,0,weighted,burst_hotspot,sensor_poll,in_order,none,96
RUN-000804,backpressure_seq,776149685,full_random,default,0x8100,4,walking_ones,0.256,0.26,balanced,64,31,194,21,6,fixed,burst_hotspot,console,in_order,none,96
RUN-000805,reg_sweep_seq,1525076053,constrained,default,0xc200,64,random,0.755,0.53,reg_rd,16,19,58,5,0,weighted,sparse,boot,in_order,glitch,192
RUN-000806,backpressure_seq,1872117549,constrained,stress,0x5d00,16,random,0.314,0.44,reg_rd,64,30,219,27,7,weighted,uniform,sensor_poll,out_of_order,bitflip,384
RUN-000807,backpressure_seq,1217738321,full_random,default,0x7e00,16,random,0.602,0.52,balanced,16,6,383,23,8,fixed,burst_hotspot,sensor_poll,in_order,none,384
RUN-000808,irq_storm_seq,178415521,constrained,stress,0x7d00,16,random,0.112,0.28,reg_rd,16,24,343,8,8,fixed,sparse,console,in_order,glitch,384
RUN-000809,reg_sweep_seq,2013230740,constrained,stress,0xaa00,64,walking_ones,0.266,0.35,reg_wr,16,30,393,27,10,weighted,burst_hotspot,dma_stream,out_of_order,none,192
RUN-000810,parity_stress_seq,1785515577,constrained,corner,0x0e00,4,walking_ones,0.762,0.34,balanced,16,6,371,11,10,weighted,ping_pong,sensor_poll,in_order,none,384
RUN-000811,backpressure_seq,1265845568,constrained,corner,0xdd00,4,incremental,0.621,0.72,balanced,16,6,105,30,0,weighted,burst_hotspot,dma_stream,in_order,none,192
RUN-000812,uart_loopback_seq,1275661772,constrained,corner,0xc900,16,random,0.283,0.59,reg_wr,8,12,205,1,6,weighted,uniform,boot,in_order,none,384
RUN-000813,uart_loopback_seq,639695222,constrained,stress,0x0400,4,all_ones,0.371,0.36,balanced,8,32,391,19,10,weighted,burst_hotspot,boot,in_order,none,192
RUN-000814,reg_sweep_seq,940207067,constrained,stress,0xe900,4,all_ones,0.691,0.41,reg_rd,8,31,281,3,8,fixed,uniform,boot,out_of_order,none,192
RUN-000815,reg_sweep_seq,1649297428,constrained,corner,0x9600,4,all_ones,0.434,0.61,reg_wr,8,33,92,30,1,weighted,burst_hotspot,boot,out_of_order,none,48
RUN-000816,reset_recovery_seq,449712824,constrained,corner,0x5600,16,all_ones,0.714,0.58,balanced,8,11,340,7,9,fixed,uniform,sensor_poll,in_order,none,192
RUN-000817,parity_stress_seq,1575535621,constrained,default,0xe100,4,random,0.664,0.42,reg_rd,64,23,93,11,6,weighted,sparse,boot,in_order,none,96
RUN-000818,uart_loopback_seq,660002946,constrained,default,0x1f00,64,walking_ones,0.449,0.33,reg_rd,16,14,383,14,7,weighted,burst_hotspot,dma_stream,in_order,none,768
RUN-000819,reg_sweep_seq,1292563468,constrained,default,0x3900,16,random,0.139,0.56,balanced,8,0,251,13,10,weighted,uniform,boot,in_order,none,48
RUN-000820,irq_storm_seq,624497133,directed,default,0x6500,16,random,0.456,0.52,reg_wr,16,1,375,10,6,weighted,uniform,sensor_poll,in_order,none,96
RUN-000821,parity_stress_seq,2114742019,full_random,corner,0x2900,4,random,0.177,0.76,reg_wr,64,22,180,7,11,weighted,burst_hotspot,boot,in_order,bitflip,384
RUN-000822,reg_sweep_seq,1670434425,full_random,default,0x6f00,16,random,0.189,0.31,reg_wr,64,1,228,25,6,weighted,uniform,boot,out_of_order,bitflip,192
RUN-000823,dma_burst_seq,1277933350,directed,corner,0x2500,4,walking_ones,0.081,0.66,reg_rd,8,9,372,13,7,fixed,sparse,console,out_of_order,glitch,768
RUN-000824,reg_sweep_seq,2086936245,constrained,stress,0x2100,4,all_ones,0.444,0.61,reg_wr,16,4,138,12,2,fixed,ping_pong,console,in_order,bitflip,96
RUN-000825,backpressure_seq,1637773998,constrained,default,0xc800,4,incremental,0.464,0.77,balanced,64,8,35,8,7,fixed,uniform,dma_stream,out_of_order,none,48
RUN-000826,uart_loopback_seq,853071706,constrained,default,0xa900,16,incremental,0.708,0.25,reg_wr,16,12,34,12,7,fixed,uniform,sensor_poll,out_of_order,bitflip,48
RUN-000827,uart_loopback_seq,932979584,full_random,stress,0x5c00,64,random,0.072,0.35,reg_rd,128,24,269,0,10,weighted,burst_hotspot,sensor_poll,out_of_order,glitch,768
RUN-000828,uart_loopback_seq,1961735850,constrained,default,0x8a00,64,walking_ones,0.805,0.5,reg_rd,64,38,220,15,2,fixed,sparse,dma_stream,in_order,glitch,96
RUN-000829,reset_recovery_seq,1705125565,full_random,default,0xf900,64,all_ones,0.299,0.25,reg_rd,64,23,232,31,8,weighted,burst_hotspot,sensor_poll,in_order,glitch,192
RUN-000830,dma_burst_seq,1572063050,constrained,default,0x9e00,16,walking_ones,0.159,0.41,balanced,16,24,238,30,8,weighted,burst_hotspot,dma_stream,in_order,none,192
RUN-000831,backpressure_seq,718489743,constrained,corner,0xc600,4,all_ones,0.854,0.37,reg_wr,64,2,174,17,5,fixed,uniform,sensor_poll,out_of_order,glitch,192
RUN-000832,dma_burst_seq,1957570524,full_random,corner,0xe300,16,walking_ones,0.161,0.32,balanced,64,29,216,20,7,weighted,burst_hotspot,dma_stream,out_of_order,none,192
RUN-000833,dma_burst_seq,450429123,constrained,default,0x4a00,4,walking_ones,0.327,0.43,reg_rd,64,22,186,6,3,fixed,sparse,sensor_poll,in_order,none,384
RUN-000834,parity_stress_seq,1001065240,constrained,default,0xaa00,4,walking_ones,0.49,0.54,reg_rd,64,20,243,3,4,fixed,ping_pong,dma_stream,in_order,none,48
RUN-000835,irq_storm_seq,2083967150,full_random,default,0x9000,64,random,0.749,0.76,balanced,128,15,73,9,5,weighted,burst_hotspot,sensor_poll,out_of_order,glitch,192
RUN-000836,reg_sweep_seq,1151289135,constrained,default,0x3b00,16,walking_ones,0.898,0.32,balanced,16,6,80,21,11,weighted,burst_hotspot,console,in_order,none,768
RUN-000837,uart_loopback_seq,95791540,full_random,default,0xf400,4,random,0.318,0.43,reg_rd,16,7,218,26,11,fixed,sparse,console,in_order,bitflip,768
RUN-000838,reg_sweep_seq,166674716,constrained,default,0xb000,4,random,0.687,0.27,reg_rd,64,0,258,16,0,weighted,burst_hotspot,sensor_poll,out_of_order,none,384
RUN-000839,parity_stress_seq,1002088874,directed,stress,0x4f00,4,random,0.562,0.7,balanced,16,32,60,28,0,weighted,burst_hotspot,sensor_poll,in_order,none,96
RUN-000840,reg_sweep_seq,1753967166,constrained,corner,0x9900,4,random,0.247,0.2,balanced,16,29,407,29,3,fixed,sparse,sensor_poll,in_order,glitch,96
RUN-000841,reg_sweep_seq,1930042208,full_random,default,0x5800,4,all_ones,0.391,0.43,reg_wr,8,7,204,31,9,fixed,ping_pong,sensor_poll,in_order,bitflip,96
RUN-000842,irq_storm_seq,324559566,directed,stress,0x2600,16,incremental,0.161,0.61,reg_rd,64,18,199,21,7,fixed,sparse,dma_stream,in_order,none,96
RUN-000843,irq_storm_seq,1194825200,constrained,stress,0x6e00,64,random,0.501,0.5,reg_wr,8,17,61,24,9,fixed,burst_hotspot,console,out_of_order,glitch,384
RUN-000844,reg_sweep_seq,2062036426,full_random,default,0x2a00,16,walking_ones,0.402,0.57,balanced,16,26,338,24,10,fixed,uniform,dma_stream,in_order,none,384
RUN-000845,parity_stress_seq,1446651329,full_random,corner,0x8900,64,random,0.474,0.64,reg_rd,8,15,197,3,8,weighted,sparse,sensor_poll,in_order,none,192
RUN-000846,parity_stress_seq,2067173584,full_random,corner,0x8c00,4,incremental,0.577,0.7,balanced,64,35,414,4,9,fixed,sparse,sensor_poll,in_order,bitflip,768
RUN-000847,dma_burst_seq,678522002,full_random,default,0xbf00,16,walking_ones,0.728,0.57,reg_wr,64,31,325,16,2,fixed,burst_hotspot,dma_stream,out_of_order,bitflip,96
RUN-000848,dma_burst_seq,848534822,constrained,corner,0xd900,16,walking_ones,0.91,0.52,balanced,128,27,145,1,7,weighted,sparse,boot,in_order,none,48
RUN-000849,reg_sweep_seq,1469025925,directed,corner,0xe800,64,incremental,0.476,0.53,reg_wr,128,39,150,14,11,weighted,burst_hotspot,boot,in_order,none,192
RUN-000850,irq_storm_seq,2137900752,constrained,corner,0xa100,16,walking_ones,0.227,0.38,balanced,64,19,88,8,8,fixed,burst_hotspot,boot,in_order,none,96
RUN-000851,uart_loopback_seq,1903138965,full_random,corner,0x3300,64,incremental,0.485,0.51,reg_wr,16,23,328,13,4,weighted,burst_hotspot,sensor_poll,in_order,glitch,48
RUN-000852,reset_recovery_seq,1729323598,constrained,default,0x4c00,16,incremental,0.284,0.74,reg_rd,16,17,131,20,2,fixed,ping_pong,dma_stream,in_order,none,384
RUN-000853,reg_sweep_seq,566438581,constrained,stress,0xae00,4,incremental,0.504,0.21,balanced,8,39,236,3,7,weighted,uniform,dma_stream,in_order,none,48
RUN-000854,backpressure_seq,1742128305,constrained,corner,0x1700,4,all_ones,0.828,0.64,balanced,64,39,117,1,5,weighted,burst_hotspot,dma_stream,out_of_order,bitflip,768
RUN-000855,parity_stress_seq,136534482,full_random,stress,0x0000,16,walking_ones,0.783,0.47,balanced,128,12,50,1,6,fixed,ping_pong,console,out_of_order,none,192
RUN-000856,parity_stress_seq,1823942804,constrained,default,0x5b00,16,walking_ones,0.516,0.7,balanced,8,20,229,1,7,weighted,sparse,sensor_poll,out_of_order,glitch,192
RUN-000857,reset_recovery_seq,419772835,constrained,stress,0xb100,16,random,0.131,0.44,reg_rd,8,26,122,12,4,fixed,burst_hotspot,boot,out_of_order,none,96
RUN-000858,reg_sweep_seq,1184126942,constrained,default,0xed00,4,incremental,0.586,0.46,reg_wr,8,22,398,30,3,fixed,ping_pong,console,in_order,bitflip,96
RUN-000859,reg_sweep_seq,1988023291,constrained,default,0xba00,64,incremental,0.466,0.56,reg_rd,64,25,192,2,2,weighted,uniform,boot,out_of_order,bitflip,384
RUN-000860,reset_recovery_seq,1321501235,constrained,stress,0x3b00,4,walking_ones,0.786,0.56,reg_wr,128,28,324,8,2,weighted,uniform,sensor_poll,in_order,bitflip,384
RUN-000861,reg_sweep_seq,48890377,constrained,corner,0xcc00,4,random,0.452,0.39,reg_wr,64,2,20,13,4,weighted,sparse,boot,in_order,glitch,384
RUN-000862,parity_stress_seq,313154280,full_random,stress,0xbd00,16,random,0.724,0.24,reg_wr,16,19,371,22,3,fixed,uniform,console,in_order,none,384
RUN-000863,uart_loopback_seq,162969462,full_random,corner,0x5000,64,random,0.412,0.6,balanced,8,33,180,30,11,weighted,uniform,dma_stream,out_of_order,glitch,192
RUN-000864,uart_loopback_seq,2147015980,constrained,stress,0xf400,4,incremental,0.486,0.37,reg_wr,8,5,149,27,1,weighted,uniform,console,in_order,bitflip,192
RUN-000865,uart_loopback_seq,82149050,constrained,default,0x7e00,64,random,0.291,0.41,reg_wr,16,22,372,25,11,fixed,uniform,boot,in_order,bitflip,192
RUN-000866,dma_burst_seq,969847550,full_random,stress,0x3900,16,random,0.486,0.62,balanced,8,20,402,4,9,fixed,burst_hotspot,dma_stream,in_order,bitflip,192
RUN-000867,reset_recovery_seq,1966712010,full_random,default,0xf300,16,random,0.255,0.3,balanced,8,15,220,21,9,weighted,uniform,sensor_poll,in_order,none,48
RUN-000868,uart_loopback_seq,744741164,constrained,default,0x0d00,4,random,0.359,0.34,balanced,64,0,220,30,2,weighted,ping_pong,sensor_poll,in_order,none,192
RUN-000869,irq_storm_seq,462287247,constrained,default,0x6d00,16,random,0.31,0.34,balanced,8,24,387,29,0,fixed,sparse,console,in_order,none,192
RUN-000870,uart_loopback_seq,1687440702,full_random,stress,0x3100,16,all_ones,0.294,0.61,reg_wr,16,4,58,24,8,fixed,uniform,sensor_poll,out_of_order,glitch,384
RUN-000871,parity_stress_seq,844653340,constrained,stress,0xf400,64,all_ones,0.157,0.43,reg_wr,8,3,265,22,0,fixed,burst_hotspot,sensor_poll,in_order,none,48
RUN-000872,reset_recovery_seq,1985928917,constrained,default,0xfc00,16,walking_ones,0.412,0.38,reg_wr,16,11,127,30,3,weighted,sparse,console,in_order,bitflip,192
RUN-000873,irq_storm_seq,1646329273,constrained,default,0xcc00,16,walking_ones,0.392,0.47,reg_wr,8,8,235,14,4,weighted,burst_hotspot,console,out_of_order,none,48
RUN-000874,uart_loopback_seq,1910344926,directed,corner,0x9b00,64,incremental,0.202,0.73,balanced,8,22,223,27,9,fixed,uniform,dma_stream,in_order,bitflip,96
RUN-000875,irq_storm_seq,1285429788,full_random,stress,0x3300,4,random,0.646,0.21,balanced,64,7,227,18,1,fixed,uniform,sensor_poll,out_of_order,none,192
RUN-000876,backpressure_seq,1347494140,constrained,default,0x0300,64,walking_ones,0.488,0.26,balanced,8,33,292,11,6,weighted,ping_pong,boot,in_order,none,48
RUN-000877,reg_sweep_seq,677707534,constrained,default,0xad00,16,random,0.383,0.31,reg_wr,64,9,332,2,0,weighted,sparse,dma_stream,in_order,bitflip,96
RUN-000878,parity_stress_seq,862034508,constrained,default,0x7400,4,incremental,0.815,0.72,balanced,64,35,251,16,1,weighted,burst_hotspot,boot,in_order,none,384
RUN-000879,reg_sweep_seq,1929033521,directed,stress,0x8e00,4,random,0.196,0.41,balanced,8,24,262,18,3,weighted,uniform,sensor_poll,in_order,glitch,192
RUN-000880,reg_sweep_seq,79296042,full_random,default,0xb400,16,walking_ones,0.658,0.3,balanced,16,13,61,12,10,weighted,ping_pong,sensor_poll,out_of_order,bitflip,48
RUN-000881,reset_recovery_seq,81537550,constrained,default,0x2600,64,random,0.281,0.46,balanced,16,16,177,3,7,fixed,uniform,sensor_poll,out_of_order,glitch,192
RUN-000882,reg_sweep_seq,851021998,constrained,stress,0xf800,16,all_ones,0.424,0.77,balanced,64,32,57,14,0,weighted,uniform,sensor_poll,in_order,none,192
RUN-000883,backpressure_seq,1181161057,constrained,default,0x0b00,64,walking_ones,0.762,0.71,reg_wr,16,33,103,9,0,fixed,uniform,boot,in_order,none,96
RUN-000884,backpressure_seq,794787166,full_random,stress,0x0700,16,all_ones,0.084,0.76,balanced,16,11,203,28,2,weighted,burst_hotspot,console,in_order,bitflip,192
RUN-000885,backpressure_seq,34168197,directed,corner,0x0000,16,random,0.123,0.78,reg_rd,16,22,318,18,8,fixed,uniform,console,in_order,none,48
RUN-000886,backpressure_seq,361807043,constrained,stress,0x0500,16,incremental,0.43,0.34,reg_rd,16,5,90,16,9,weighted,sparse,sensor_poll,in_order,none,48
RUN-000887,irq_storm_seq,357209076,constrained,default,0x4800,64,random,0.586,0.43,reg_wr,8,23,307,12,9,weighted,sparse,sensor_poll,in_order,none,48
RUN-000888,uart_loopback_seq,333644170,constrained,stress,0x9b00,4,random,0.521,0.68,reg_wr,8,21,313,13,1,fixed,sparse,boot,in_order,none,192
RUN-000889,dma_burst_seq,1137791201,directed,corner,0x2900,4,all_ones,0.292,0.77,reg_rd,8,35,167,3,5,weighted,ping_pong,sensor_poll,in_order,glitch,768
RUN-000890,backpressure_seq,1176954554,constrained,default,0x6500,16,random,0.217,0.31,balanced,64,24,155,7,7,weighted,uniform,dma_stream,out_of_order,bitflip,48
RUN-000891,dma_burst_seq,388040109,constrained,default,0x3c00,16,incremental,0.585,0.6,reg_rd,64,6,374,9,9,fixed,uniform,dma_stream,in_order,none,192
RUN-000892,reg_sweep_seq,1825488540,directed,default,0x5000,4,walking_ones,0.757,0.42,reg_rd,128,20,145,7,10,fixed,ping_pong,console,in_order,none,96
RUN-000893,reset_recovery_seq,227903561,constrained,stress,0x9d00,4,walking_ones,0.439,0.23,balanced,64,28,348,21,3,fixed,ping_pong,dma_stream,in_order,none,48
RUN-000894,parity_stress_seq,1881890875,constrained,default,0xd100,4,random,0.266,0.59,reg_rd,8,35,87,19,10,fixed,uniform,console,in_order,none,192
RUN-000895,dma_burst_seq,423699316,constrained,default,0x2200,16,random,0.763,0.33,reg_wr,64,32,83,21,9,fixed,burst_hotspot,sensor_poll,out_of_order,none,384
RUN-000896,uart_loopback_seq,1178446483,constrained,stress,0xdf00,4,random,0.489,0.41,reg_rd,64,10,171,13,4,fixed,uniform,dma_stream,in_order,none,384
RUN-000897,reset_recovery_seq,683526649,constrained,default,0x6400,4,walking_ones,0.472,0.56,reg_wr,8,13,370,15,4,weighted,uniform,dma_stream,in_order,none,192
RUN-000898,reg_sweep_seq,991647840,full_random,corner,0xf200,4,incremental,0.44,0.66,reg_rd,16,24,242,9,0,weighted,sparse,console,out_of_order,none,48
RUN-000899,irq_storm_seq,870768107,constrained,corner,0xa100,64,walking_ones,0.363,0.67,balanced,8,5,127,10,5,fixed,sparse,sensor_poll,in_order,glitch,192
RUN-000900,irq_storm_seq,1957857088,full_random,default,0x8200,16,incremental,0.465,0.5,reg_wr,128,17,280,6,5,fixed,uniform,dma_stream,out_of_order,none,192
RUN-000901,dma_burst_seq,1273397430,constrained,stress,0x2400,16,random,0.874,0.3,balanced,64,18,65,11,9,fixed,burst_hotspot,dma_stream,in_order,none,96
RUN-000902,backpressure_seq,919187222,constrained,default,0x2a00,64,incremental,0.422,0.21,reg_wr,128,6,185,19,0,fixed,sparse,console,in_order,none,48
RUN-000903,uart_loopback_seq,54007994,constrained,stress,0xed00,16,incremental,0.389,0.41,reg_wr,64,3,156,19,7,weighted,uniform,console,in_order,bitflip,192
RUN-000904,parity_stress_seq,1651010962,full_random,corner,0x8300,64,random,0.102,0.51,balanced,8,35,300,4,3,weighted,sparse,dma_stream,in_order,glitch,48
RUN-000905,uart_loopback_seq,143790723,constrained,default,0xfd00,16,random,0.539,0.73,balanced,8,26,365,20,8,weighted,uniform,dma_stream,in_order,none,192
RUN-000906,reg_sweep_seq,1492848586,directed,default,0x1900,4,random,0.529,0.73,reg_rd,64,29,396,20,8,fixed,burst_hotspot,sensor_poll,out_of_order,none,48
RUN-000907,irq_storm_seq,255803867,directed,stress,0x8d00,16,random,0.171,0.58,reg_rd,16,24,278,30,3,fixed,burst_hotspot,dma_stream,in_order,glitch,192
RUN-000908,irq_storm_seq,954722778,full_random,corner,0xf700,64,all_ones,0.174,0.27,reg_wr,8,36,234,28,6,fixed,ping_pong,dma_stream,in_order,none,96
RUN-000909,irq_storm_seq,959071041,constrained,corner,0xa100,4,incremental,0.23,0.3,balanced,16,4,254,7,6,weighted,burst_hotspot,dma_stream,in_order,glitch,768
RUN-000910,reset_recovery_seq,968028601,full_random,corner,0x8900,16,random,0.139,0.68,balanced,64,19,391,11,1,weighted,burst_hotspot,boot,out_of_order,glitch,48
RUN-000911,uart_loopback_seq,763467299,constrained,default,0x7f00,16,incremental,0.581,0.6,reg_wr,64,17,30,7,6,fixed,uniform,console,in_order,glitch,192
RUN-000912,irq_storm_seq,1419250210,constrained,default,0x2100,4,random,0.84,0.69,reg_wr,64,23,213,20,8,fixed,burst_hotspot,boot,in_order,none,384
RUN-000913,reset_recovery_seq,529801932,directed,corner,0xf300,16,incremental,0.362,0.33,reg_rd,128,36,236,6,6,fixed,sparse,dma_stream,in_order,none,384
RUN-000914,uart_loopback_seq,697783006,full_random,default,0xb300,16,walking_ones,0.717,0.79,balanced,16,12,289,25,11,fixed,uniform,sensor_poll,out_of_order,glitch,384
RUN-000915,parity_stress_seq,2076981963,full_random,default,0x5200,16,all_ones,0.226,0.59,reg_wr,64,31,307,8,2,weighted,uniform,sensor_poll,in_order,bitflip,192
RUN-000916,parity_stress_seq,2145635392,constrained,default,0x9d00,16,incremental,0.764,0.65,reg_rd,16,25,111,5,1,fixed,sparse,sensor_poll,in_order,bitflip,384
RUN-000917,reg_sweep_seq,1933056407,full_random,default,0x3300,16,random,0.736,0.58,balanced,8,24,412,2,5,fixed,sparse,console,in_order,none,768
RUN-000918,parity_stress_seq,1276996790,constrained,default,0x0700,64,random,0.313,0.49,reg_wr,64,8,269,2,11,weighted,ping_pong,boot,out_of_order,none,48
RUN-000919,irq_storm_seq,897417533,constrained,stress,0xfd00,4,random,0.411,0.59,reg_wr,16,13,24,27,11,fixed,ping_pong,console,in_order,glitch,384
RUN-000920,reg_sweep_seq,1469879017,constrained,stress,0xea00,16,random,0.453,0.6,balanced,16,27,325,10,8,weighted,burst_hotspot,sensor_poll,in_order,none,384
RUN-000921,parity_stress_seq,681540443,constrained,default,0x7d00,4,random,0.357,0.6,balanced,64,21,354,13,4,weighted,uniform,console,in_order,glitch,768
RUN-000922,dma_burst_seq,928510166,constrained,corner,0x9c00,64,random,0.873,0.74,reg_wr,16,9,29,17,3,weighted,sparse,boot,in_order,none,96
RUN-000923,backpressure_seq,1922426602,constrained,stress,0x6400,16,incremental,0.575,0.22,balanced,8,10,170,24,6,weighted,sparse,sensor_poll,in_order,glitch,192
RUN-000924,reg_sweep_seq,1988460054,constrained,default,0x0000,16,random,0.069,0.68,reg_wr,8,19,99,5,10,fixed,burst_hotspot,console,in_order,none,384
RUN-000925,parity_stress_seq,870212816,directed,stress,0x0d00,64,walking_ones,0.891,0.45,balanced,16,21,42,9,9,weighted,sparse,dma_stream,in_order,none,96
RUN-000926,irq_storm_seq,645139307,constrained,default,0x5100,4,walking_ones,0.502,0.28,reg_rd,64,38,260,16,4,weighted,burst_hotspot,dma_stream,in_order,bitflip,192
RUN-000927,reset_recovery_seq,968599646,constrained,default,0x3b00,64,random,0.54,0.24,balanced,64,5,165,19,0,weighted,burst_hotspot,boot,in_order,bitflip,768
RUN-000928,reg_sweep_seq,2093782486,full_random,corner,0x7000,4,random,0.275,0.39,reg_wr,16,31,272,14,0,weighted,uniform,dma_stream,in_order,none,48
RUN-000929,reset_recovery_seq,302815981,constrained,default,0x8500,64,random,0.679,0.5,reg_rd,16,25,168,13,11,fixed,burst_hotspot,dma_stream,in_order,none,768
RUN-000930,irq_storm_seq,99203936,constrained,corner,0x8100,4,random,0.09,0.25,balanced,64,18,217,8,5,weighted,burst_hotspot,boot,in_order,none,192
RUN-000931,dma_burst_seq,1950961550,constrained,corner,0xfa00,16,walking_ones,0.65,0.38,reg_rd,8,37,380,25,3,weighted,burst_hotspot,sensor_poll,out_of_order,bitflip,384
RUN-000932,dma_burst_seq,306753721,constrained,default,0xc000,16,random,0.574,0.71,balanced,8,29,350,31,0,weighted,uniform,console,in_order,glitch,768
RUN-000933,parity_stress_seq,200911372,constrained,default,0x0300,16,random,0.183,0.77,reg_rd,128,25,44,14,2,weighted,sparse,sensor_poll,out_of_order,none,384
RUN-000934,dma_burst_seq,1156141132,constrained,default,0x1800,16,random,0.866,0.6,reg_wr,64,29,216,2,8,fixed,ping_pong,dma_stream,in_order,glitch,192
RUN-000935,parity_stress_seq,212507536,constrained,default,0x0800,16,random,0.809,0.37,reg_rd,8,31,275,4,6,weighted,sparse,console,in_order,bitflip,192
RUN-000936,dma_burst_seq,1391867846,constrained,default,0x2f00,64,all_ones,0.3,0.2,reg_rd,8,10,365,11,1,weighted,uniform,console,in_order,glitch,384
RUN-000937,irq_storm_seq,1134479445,constrained,stress,0x4400,16,random,0.566,0.77,balanced,64,17,174,9,4,weighted,burst_hotspot,boot,in_order,none,96
RUN-000938,reset_recovery_seq,176376066,full_random,stress,0x4700,16,incremental,0.147,0.57,reg_rd,8,31,209,1,10,weighted,uniform,sensor_poll,in_order,none,96
RUN-000939,reset_recovery_seq,1480070951,constrained,default,0x9d00,16,walking_ones,0.801,0.23,reg_rd,64,25,424,25,7,weighted,uniform,console,in_order,none,192
RUN-000940,backpressure_seq,1051643603,constrained,corner,0x3100,16,random,0.335,0.36,reg_wr,8,18,164,25,0,fixed,sparse,sensor_poll,in_order,none,192
RUN-000941,uart_loopback_seq,2093495929,constrained,stress,0x7c00,16,incremental,0.621,0.22,reg_wr,64,35,299,10,5,weighted,burst_hotspot,dma_stream,in_order,glitch,96
RUN-000942,backpressure_seq,1282641324,directed,default,0x0200,16,random,0.698,0.67,reg_rd,8,18,226,25,4,weighted,uniform,sensor_poll,in_order,none,768
RUN-000943,uart_loopback_seq,669688824,constrained,default,0x8c00,4,random,0.524,0.71,reg_rd,16,38,182,9,3,fixed,sparse,boot,in_order,bitflip,384
RUN-000944,dma_burst_seq,705917514,constrained,default,0x7900,4,all_ones,0.617,0.52,reg_wr,8,26,254,12,8,fixed,uniform,sensor_poll,in_order,bitflip,96
RUN-000945,uart_loopback_seq,1198464243,full_random,default,0x1800,16,random,0.584,0.33,reg_wr,16,35,373,13,0,weighted,uniform,dma_stream,in_order,none,384
RUN-000946,reset_recovery_seq,1483601156,full_random,corner,0xee00,4,random,0.719,0.41,balanced,8,29,120,24,8,weighted,sparse,sensor_poll,in_order,none,96
RUN-000947,reset_recovery_seq,1090293525,constrained,default,0x3d00,64,random,0.596,0.23,reg_wr,16,39,331,4,3,weighted,sparse,console,in_order,glitch,192
RUN-000948,dma_burst_seq,5995919,full_random,default,0xcd00,16,random,0.705,0.42,reg_wr,8,19,203,28,5,weighted,uniform,console,in_order,none,96
RUN-000949,parity_stress_seq,1316757908,constrained,default,0xe800,4,incremental,0.286,0.52,balanced,16,32,298,12,11,weighted,uniform,dma_stream,out_of_order,none,96
RUN-000950,irq_storm_seq,731287272,full_random,corner,0x4a00,16,incremental,0.67,0.45,reg_wr,16,9,116,1,3,fixed,uniform,dma_stream,in_order,glitch,384
RUN-000951,irq_storm_seq,1367972490,directed,corner,0x8b00,16,walking_ones,0.151,0.5,reg_wr,8,13,333,30,7,weighted,uniform,console,in_order,none,768
RUN-000952,reg_sweep_seq,926745768,full_random,corner,0x0400,64,walking_ones,0.286,0.31,reg_rd,64,6,306,24,11,weighted,uniform,console,out_of_order,glitch,192
RUN-000953,dma_burst_seq,452221098,constrained,stress,0xaa00,4,all_ones,0.122,0.45,reg_wr,8,38,215,13,4,weighted,sparse,dma_stream,in_order,glitch,384
RUN-000954,backpressure_seq,434641554,directed,stress,0xd500,4,all_ones,0.445,0.59,reg_rd,64,11,301,19,4,weighted,uniform,sensor_poll,out_of_order,glitch,192
RUN-000955,reset_recovery_seq,1383875770,constrained,corner,0x1600,4,random,0.176,0.27,reg_wr,16,21,399,31,8,weighted,sparse,dma_stream,out_of_order,bitflip,768
RUN-000956,reg_sweep_seq,1670935099,constrained,default,0xb200,4,walking_ones,0.248,0.34,reg_rd,8,33,115,2,1,fixed,burst_hotspot,dma_stream,in_order,none,384
RUN-000957,backpressure_seq,216079624,directed,corner,0x7100,4,incremental,0.27,0.77,balanced,16,25,162,4,10,fixed,ping_pong,console,in_order,none,384
RUN-000958,reset_recovery_seq,1562505036,constrained,default,0x4e00,16,all_ones,0.377,0.77,reg_rd,16,14,280,28,1,fixed,burst_hotspot,console,out_of_order,glitch,48
RUN-000959,reset_recovery_seq,1572520571,constrained,default,0xc500,16,incremental,0.615,0.47,balanced,128,13,116,28,10,fixed,sparse,dma_stream,out_of_order,none,384
RUN-000960,reg_sweep_seq,675503933,constrained,default,0x5800,64,random,0.408,0.29,reg_rd,128,29,197,4,5,weighted,sparse,console,in_order,none,192
RUN-000961,irq_storm_seq,1841937591,constrained,corner,0x5800,4,incremental,0.235,0.25,reg_wr,16,5,175,29,3,fixed,burst_hotspot,dma_stream,in_order,glitch,384
RUN-000962,uart_loopback_seq,1043657815,constrained,default,0xc200,16,random,0.419,0.44,reg_wr,64,38,67,19,10,weighted,sparse,console,in_order,bitflip,384
RUN-000963,irq_storm_seq,1039232388,constrained,default,0x0600,64,random,0.597,0.74,balanced,128,7,103,17,4,weighted,sparse,dma_stream,out_of_order,bitflip,192
RUN-000964,backpressure_seq,869152503,constrained,default,0x1500,4,walking_ones,0.645,0.31,reg_rd,16,12,94,20,6,fixed,ping_pong,boot,in_order,bitflip,192
RUN-000965,uart_loopback_seq,575885867,directed,default,0x4300,64,walking_ones,0.889,0.27,reg_wr,128,37,316,12,11,weighted,burst_hotspot,console,out_of_order,glitch,192
RUN-000966,reg_sweep_seq,483286609,full_random,default,0x9700,4,random,0.496,0.31,balanced,128,0,59,3,0,weighted,uniform,dma_stream,in_order,none,384
RUN-000967,backpressure_seq,860294133,constrained,stress,0x3000,4,incremental,0.216,0.53,reg_rd,64,13,61,30,7,weighted,ping_pong,sensor_poll,in_order,glitch,96
RUN-000968,reset_recovery_seq,628536091,constrained,stress,0xc800,16,incremental,0.519,0.2,reg_wr,8,27,229,11,0,fixed,uniform,sensor_poll,in_order,bitflip,192
RUN-000969,reg_sweep_seq,1907883495,full_random,stress,0xf700,4,random,0.252,0.23,reg_rd,16,17,320,26,7,fixed,sparse,console,in_order,none,768
RUN-000970,dma_burst_seq,1279112313,constrained,corner,0xba00,16,walking_ones,0.126,0.22,reg_wr,128,34,365,16,10,fixed,ping_pong,console,in_order,none,192
RUN-000971,uart_loopback_seq,969179168,directed,default,0xed00,4,incremental,0.624,0.59,reg_rd,64,1,308,9,5,fixed,uniform,console,out_of_order,none,384
RUN-000972,uart_loopback_seq,1827830396,full_random,corner,0xb800,16,random,0.324,0.3,reg_rd,128,30,240,14,3,weighted,burst_hotspot,console,in_order,none,192
RUN-000973,dma_burst_seq,1597890283,full_random,corner,0x8500,4,walking_ones,0.331,0.22,reg_rd,16,4,291,14,0,fixed,ping_pong,sensor_poll,out_of_order,none,384
RUN-000974,backpressure_seq,674932306,constrained,default,0xc600,4,incremental,0.564,0.58,balanced,64,24,87,26,4,fixed,burst_hotspot,sensor_poll,in_order,none,768
RUN-000975,parity_stress_seq,352695461,constrained,stress,0x8800,64,random,0.233,0.25,balanced,16,24,394,29,9,weighted,uniform,sensor_poll,out_of_order,none,384
RUN-000976,backpressure_seq,1336866089,constrained,default,0x3f00,16,random,0.292,0.62,reg_wr,16,9,385,4,7,weighted,ping_pong,console,out_of_order,glitch,48
RUN-000977,irq_storm_seq,568625222,directed,default,0x1e00,4,walking_ones,0.038,0.68,reg_wr,8,13,163,10,9,weighted,uniform,console,in_order,none,384
RUN-000978,dma_burst_seq,1837169561,constrained,default,0xa600,4,random,0.611,0.53,reg_wr,8,34,293,3,1,fixed,sparse,boot,in_order,none,48
RUN-000979,reset_recovery_seq,1526262765,directed,default,0x0100,16,random,0.594,0.2,reg_rd,8,0,390,25,3,weighted,burst_hotspot,sensor_poll,in_order,bitflip,384
RUN-000980,parity_stress_seq,1324245566,constrained,default,0xdb00,64,random,0.64,0.57,balanced,64,7,154,9,1,fixed,sparse,dma_stream,in_order,none,96
RUN-000981,parity_stress_seq,1255312972,constrained,corner,0xda00,64,random,0.502,0.71,balanced,16,0,380,3,3,weighted,uniform,dma_stream,in_order,bitflip,48
RUN-000982,irq_storm_seq,1785899355,constrained,corner,0x9c00,4,walking_ones,0.436,0.22,reg_rd,16,2,151,17,4,fixed,ping_pong,console,in_order,glitch,96
RUN-000983,reg_sweep_seq,1598017521,constrained,default,0x5100,4,random,0.91,0.68,balanced,8,32,128,22,1,weighted,uniform,dma_stream,in_order,glitch,48
RUN-000984,uart_loopback_seq,700986379,constrained,corner,0x8000,16,random,0.34,0.34,reg_wr,128,27,104,15,6,fixed,burst_hotspot,console,in_order,none,384
RUN-000985,parity_stress_seq,1649059104,constrained,default,0xe400,4,random,0.091,0.71,balanced,64,15,360,14,2,fixed,ping_pong,sensor_poll,in_order,glitch,192
RUN-000986,reg_sweep_seq,1348983897,constrained,default,0x5d00,16,random,0.439,0.26,reg_wr,128,39,80,19,5,fixed,sparse,boot,in_order,none,192
RUN-000987,uart_loopback_seq,304398938,full_random,default,0x7100,4,random,0.158,0.49,reg_wr,16,1,282,8,10,weighted,sparse,sensor_poll,in_order,none,384
RUN-000988,backpressure_seq,1166746762,constrained,stress,0x8900,4,walking_ones,0.439,0.74,reg_wr,16,35,362,12,2,weighted,burst_hotspot,console,in_order,none,768
RUN-000989,irq_storm_seq,158856716,directed,default,0x3700,64,random,0.715,0.37,reg_wr,16,26,60,27,5,weighted,burst_hotspot,console,out_of_order,none,96
RUN-000990,uart_loopback_seq,1077617812,constrained,default,0x9600,16,all_ones,0.31,0.52,reg_rd,8,34,158,22,1,fixed,burst_hotspot,sensor_poll,in_order,none,768
RUN-000991,dma_burst_seq,913321712,constrained,default,0xaf00,16,random,0.609,0.72,balanced,16,39,359,3,0,weighted,uniform,console,in_order,bitflip,192
RUN-000992,irq_storm_seq,2131926492,constrained,default,0x6e00,4,incremental,0.238,0.46,reg_wr,64,31,213,13,10,weighted,burst_hotspot,boot,in_order,bitflip,96
RUN-000993,parity_stress_seq,1600108580,constrained,default,0xef00,16,incremental,0.56,0.48,balanced,8,17,215,22,7,weighted,uniform,dma_stream,in_order,bitflip,96
RUN-000994,dma_burst_seq,1531595982,directed,corner,0x9b00,4,walking_ones,0.272,0.44,balanced,8,26,417,9,6,fixed,sparse,boot,in_order,bitflip,384
RUN-000995,reg_sweep_seq,1020713188,constrained,default,0xbc00,16,random,0.377,0.72,reg_wr,16,1,214,28,7,fixed,uniform,sensor_poll,in_order,glitch,48
RUN-000996,uart_loopback_seq,1899245078,full_random,corner,0x3c00,16,random,0.496,0.8,balanced,8,6,276,20,3,fixed,ping_pong,sensor_poll,in_order,none,48
RUN-000997,reset_recovery_seq,1192692473,full_random,corner,0xd900,16,random,0.263,0.66,reg_rd,64,21,107,27,1,weighted,burst_hotspot,dma_stream,in_order,none,384
RUN-000998,parity_stress_seq,114866020,directed,default,0xc900,4,incremental,0.619,0.2,reg_rd,16,26,112,16,7,weighted,burst_hotspot,console,in_order,glitch,768
RUN-000999,reg_sweep_seq,1521222853,constrained,corner,0x3900,16,incremental,0.504,0.66,balanced,8,26,133,5,3,weighted,sparse,dma_stream,out_of_order,none,192
RUN-001000,reg_sweep_seq,471743211,constrained,corner,0xd700,16,random,0.522,0.47,reg_wr,8,32,162,23,4,weighted,uniform,dma_stream,in_order,bitflip,96
RUN-001001,parity_stress_seq,1008047153,constrained,corner,0xa200,4,incremental,0.439,0.43,balanced,64,14,219,21,4,fixed,ping_pong,sensor_poll,in_order,none,192
RUN-001002,reg_sweep_seq,322638104,constrained,corner,0x6c00,16,random,0.511,0.68,balanced,128,25,275,26,10,fixed,uniform,boot,in_order,none,96
RUN-001003,dma_burst_seq,1487821879,full_random,corner,0x1300,4,incremental,0.62,0.71,balanced,8,9,302,29,2,fixed,uniform,console,in_order,none,96
RUN-001004,dma_burst_seq,649956568,constrained,stress,0x1800,4,random,0.283,0.68,balanced,16,25,95,9,10,fixed,uniform,console,in_order,bitflip,192
RUN-001005,parity_stress_seq,1106457341,constrained,default,0xd300,64,random,0.329,0.31,reg_wr,16,14,157,4,9,weighted,sparse,boot,in_order,bitflip,768
RUN-001006,backpressure_seq,742815752,constrained,default,0xc000,16,incremental,0.796,0.54,balanced,64,27,197,28,0,fixed,uniform,console,in_order,bitflip,384
RUN-001007,backpressure_seq,556998697,directed,corner,0x9600,64,random,0.656,0.72,balanced,16,0,243,21,11,fixed,uniform,boot,out_of_order,bitflip,192
RUN-001008,parity_stress_seq,69489875,constrained,default,0x9900,16,random,0.475,0.27,balanced,8,18,35,14,10,weighted,burst_hotspot,boot,in_order,glitch,96
RUN-001009,dma_burst_seq,1101959246,constrained,corner,0xe700,64,incremental,0.636,0.39,reg_wr,64,0,237,6,1,weighted,sparse,sensor_poll,in_order,none,96
RUN-001010,dma_burst_seq,1015764989,constrained,default,0x6800,64,random,0.647,0.71,reg_rd,16,10,251,25,8,weighted,uniform,sensor_poll,in_order,bitflip,192
RUN-001011,dma_burst_seq,1608343565,full_random,stress,0x4900,4,all_ones,0.492,0.29,balanced,16,0,47,10,9,fixed,sparse,dma_stream,out_of_order,none,192
RUN-001012,backpressure_seq,116017449,constrained,default,0x9100,16,incremental,0.241,0.79,balanced,8,0,22,0,4,weighted,sparse,console,in_order,none,48
RUN-001013,parity_stress_seq,850020508,constrained,stress,0x0500,64,walking_ones,0.706,0.25,reg_rd,64,0,34,11,8,weighted,uniform,console,in_order,none,384
RUN-001014,irq_storm_seq,328108069,directed,stress,0x8700,16,walking_ones,0.208,0.65,reg_rd,8,8,237,24,11,weighted,uniform,boot,in_order,none,48
RUN-001015,backpressure_seq,2111205134,full_random,default,0xea00,64,incremental,0.565,0.21,balanced,16,10,196,11,5,fixed,uniform,sensor_poll,in_order,none,96
RUN-001016,irq_storm_seq,1459631804,directed,corner,0x0600,16,walking_ones,0.668,0.27,balanced,16,31,90,15,7,fixed,sparse,dma_stream,in_order,glitch,192
RUN-001017,uart_loopback_seq,697806596,constrained,default,0xf900,4,random,0.248,0.33,reg_rd,16,39,288,20,0,weighted,uniform,sensor_poll,in_order,bitflip,48
RUN-001018,irq_storm_seq,1626796640,constrained,default,0x9200,16,walking_ones,0.432,0.76,reg_rd,16,32,299,21,4,fixed,uniform,console,in_order,none,768
RUN-001019,reg_sweep_seq,2002531830,constrained,stress,0xa000,4,incremental,0.575,0.39,balanced,8,6,268,22,3,fixed,burst_hotspot,sensor_poll,in_order,none,48
RUN-001020,reset_recovery_seq,1728765769,constrained,corner,0xf200,16,all_ones,0.556,0.71,reg_wr,64,3,188,30,2,fixed,uniform,console,in_order,none,192
RUN-001021,parity_stress_seq,1887233532,full_random,default,0xe400,64,random,0.496,0.79,balanced,8,16,128,25,11,fixed,sparse,boot,in_order,glitch,192
RUN-001022,uart_loopback_seq,1632467136,directed,stress,0x0a00,4,walking_ones,0.312,0.8,balanced,8,24,95,25,0,weighted,burst_hotspot,sensor_poll,in_order,none,48
RUN-001023,backpressure_seq,724409069,constrained,corner,0xa600,4,walking_ones,0.702,0.63,balanced,128,2,360,17,9,weighted,burst_hotspot,boot,out_of_order,none,96
RUN-001024,backpressure_seq,1912112119,full_random,corner,0xf900,4,random,0.464,0.78,reg_wr,8,16,95,20,11,weighted,uniform,sensor_poll,out_of_order,none,768
RUN-001025,reg_sweep_seq,1055104330,constrained,default,0xf300,4,walking_ones,0.435,0.31,reg_wr,64,17,71,22,1,fixed,sparse,sensor_poll,in_order,glitch,192
RUN-001026,uart_loopback_seq,730681170,constrained,stress,0x5d00,16,walking_ones,0.542,0.79,balanced,64,36,181,30,6,weighted,ping_pong,console,in_order,glitch,192
RUN-001027,dma_burst_seq,359359088,constrained,default,0x3000,64,all_ones,0.275,0.26,reg_rd,16,28,384,27,7,fixed,ping_pong,sensor_poll,in_order,none,96
RUN-001028,dma_burst_seq,208317676,constrained,default,0xd900,4,walking_ones,0.86,0.5,reg_rd,8,17,186,16,4,weighted,ping_pong,console,in_order,none,96
RUN-001029,irq_storm_seq,1873656901,directed,default,0xb900,64,incremental,0.282,0.35,balanced,8,34,247,27,10,weighted,ping_pong,dma_stream,in_order,glitch,192
RUN-001030,uart_loopback_seq,963176880,constrained,default,0x5a00,4,random,0.629,0.58,reg_wr,16,33,232,10,2,weighted,ping_pong,sensor_poll,out_of_order,bitflip,768
RUN-001031,reset_recovery_seq,280344063,constrained,default,0x7100,16,incremental,0.804,0.2,reg_wr,128,13,242,4,11,fixed,burst_hotspot,console,out_of_order,bitflip,192
RUN-001032,dma_burst_seq,1062314129,full_random,stress,0x3300,64,random,0.37,0.44,balanced,64,34,352,9,10,weighted,ping_pong,console,in_order,none,96
RUN-001033,parity_stress_seq,48370693,constrained,corner,0x8400,4,incremental,0.477,0.54,balanced,128,9,383,10,9,weighted,ping_pong,console,in_order,none,384
RUN-001034,irq_storm_seq,410419074,full_random,default,0x0000,16,incremental,0.508,0.77,reg_rd,64,35,204,11,2,fixed,uniform,dma_stream,in_order,glitch,192
RUN-001035,reset_recovery_seq,313080771,constrained,stress,0x0900,64,random,0.57,0.39,reg_wr,8,16,400,11,2,weighted,sparse,dma_stream,in_order,glitch,192
RUN-001036,reset_recovery_seq,953953755,directed,default,0xe500,64,random,0.606,0.73,reg_rd,128,32,402,21,5,fixed,burst_hotspot,dma_stream,in_order,none,384
RUN-001037,irq_storm_seq,1449263000,constrained,corner,0x0000,64,walking_ones,0.652,0.76,reg_wr,128,9,319,10,2,weighted,ping_pong,console,out_of_order,bitflip,384
RUN-001038,backpressure_seq,1058732789,constrained,default,0x7b00,64,incremental,0.276,0.48,reg_rd,8,2,163,10,9,fixed,sparse,boot,in_order,none,96
RUN-001039,dma_burst_seq,1817908711,constrained,stress,0xb700,16,all_ones,0.34,0.52,balanced,16,27,154,13,11,weighted,ping_pong,boot,out_of_order,none,48
RUN-001040,irq_storm_seq,1364003598,full_random,stress,0x0f00,4,incremental,0.701,0.71,reg_rd,64,18,66,28,6,weighted,sparse,console,in_order,none,384
RUN-001041,dma_burst_seq,765654432,directed,default,0x1d00,64,incremental,0.258,0.79,reg_rd,64,8,178,8,1,weighted,ping_pong,console,in_order,none,48
RUN-001042,dma_burst_seq,2118258454,full_random,default,0xd300,4,all_ones,0.48,0.45,reg_wr,64,38,340,31,9,weighted,uniform,dma_stream,in_order,none,192
RUN-001043,backpressure_seq,1942328689,directed,stress,0xd100,64,random,0.765,0.59,reg_rd,16,28,382,8,1,weighted,sparse,console,in_order,none,192
RUN-001044,reset_recovery_seq,1195810801,constrained,default,0xb600,64,random,0.475,0.49,balanced,16,3,379,29,3,weighted,ping_pong,boot,in_order,none,384
RUN-001045,reg_sweep_seq,1026025525,full_random,default,0x4500,4,random,0.565,0.47,reg_wr,16,35,144,12,0,fixed,uniform,sensor_poll,in_order,glitch,96
RUN-001046,uart_loopback_seq,1097877870,constrained,stress,0xc500,4,random,0.244,0.69,balanced,64,6,49,4,2,fixed,sparse,dma_stream,in_order,glitch,48
RUN-001047,uart_loopback_seq,1270056529,constrained,corner,0xc300,64,incremental,0.698,0.5,reg_rd,8,32,58,13,11,weighted,sparse,dma_stream,out_of_order,none,768
RUN-001048,reset_recovery_seq,2024170307,constrained,default,0xb800,16,all_ones,0.559,0.79,reg_rd,8,34,302,29,5,fixed,sparse,boot,in_order,bitflip,768
RUN-001049,uart_loopback_seq,1049479612,constrained,default,0xcb00,4,random,0.638,0.37,reg_rd,8,21,416,30,4,weighted,ping_pong,boot,in_order,none,768
RUN-001050,irq_storm_seq,1491895443,directed,corner,0xdc00,16,walking_ones,0.53,0.6,reg_wr,8,29,42,27,2,weighted,ping_pong,dma_stream,in_order,bitflip,384
RUN-001051,irq_storm_seq,498530738,constrained,corner,0xb900,64,incremental,0.639,0.36,reg_wr,64,13,75,3,3,fixed,sparse,sensor_poll,out_of_order,bitflip,768
RUN-001052,backpressure_seq,1262774673,constrained,default,0x2600,4,random,0.674,0.67,balanced,16,9,291,24,0,fixed,burst_hotspot,boot,in_order,none,384
RUN-001053,reg_sweep_seq,958651263,constrained,stress,0xd900,4,random,0.491,0.46,balanced,8,4,281,22,9,fixed,sparse,dma_stream,out_of_order,bitflip,192
RUN-001054,uart_loopback_seq,1349309107,full_random,default,0xb200,64,random,0.674,0.56,balanced,16,37,175,28,2,fixed,uniform,sensor_poll,out_of_order,none,48
RUN-001055,reg_sweep_seq,854773714,directed,default,0x4c00,16,incremental,0.324,0.63,balanced,8,23,115,2,10,weighted,burst_hotspot,dma_stream,in_order,none,768
RUN-001056,parity_stress_seq,1688182614,constrained,default,0x9000,16,random,0.676,0.29,reg_rd,64,8,38,30,4,weighted,sparse,console,out_of_order,none,192
RUN-001057,backpressure_seq,346991510,constrained,default,0xdb00,4,incremental,0.296,0.79,balanced,8,30,42,17,9,weighted,ping_pong,sensor_poll,in_order,bitflip,384
RUN-001058,irq_storm_seq,1456936202,constrained,default,0xe600,64,incremental,0.422,0.73,balanced,8,27,46,20,6,fixed,ping_pong,console,in_order,bitflip,768
RUN-001059,reset_recovery_seq,1678909297,constrained,default,0xeb00,4,random,0.451,0.51,reg_rd,16,0,228,25,7,weighted,burst_hotspot,console,out_of_order,none,192
RUN-001060,dma_burst_seq,242639811,constrained,default,0xbb00,64,random,0.505,0.41,reg_rd,64,37,77,14,11,fixed,burst_hotspot,console,out_of_order,none,768
RUN-001061,backpressure_seq,1321266355,constrained,corner,0xb700,16,incremental,0.422,0.32,balanced,64,27,270,5,2,weighted,sparse,dma_stream,in_order,none,48
RUN-001062,reg_sweep_seq,174002349,directed,corner,0xf800,64,walking_ones,0.124,0.51,balanced,128,25,293,13,7,weighted,sparse,console,in_order,glitch,48
RUN-001063,irq_storm_seq,21061483,constrained,default,0xc400,4,random,0.455,0.24,balanced,64,20,322,3,7,weighted,burst_hotspot,console,out_of_order,none,384
RUN-001064,uart_loopback_seq,917840851,constrained,default,0xa600,16,walking_ones,0.378,0.38,reg_rd,16,27,183,9,5,weighted,ping_pong,sensor_poll,out_of_order,none,384
RUN-001065,reg_sweep_seq,2111987564,constrained,corner,0x7300,16,all_ones,0.467,0.7,reg_rd,8,3,278,21,4,fixed,sparse,console,in_order,none,384
RUN-001066,backpressure_seq,318097923,constrained,stress,0xe200,64,incremental,0.909,0.69,reg_rd,16,3,260,20,1,fixed,burst_hotspot,boot,in_order,glitch,48
RUN-001067,reg_sweep_seq,234501514,full_random,corner,0xad00,64,incremental,0.327,0.48,balanced,16,31,326,9,2,fixed,burst_hotspot,console,in_order,none,768
RUN-001068,reset_recovery_seq,1384436125,constrained,default,0x6900,64,random,0.316,0.67,balanced,64,15,399,16,5,weighted,uniform,dma_stream,in_order,none,384
RUN-001069,reg_sweep_seq,653424198,full_random,default,0x1200,4,incremental,0.708,0.26,balanced,64,34,320,4,2,fixed,uniform,console,in_order,bitflip,192
RUN-001070,parity_stress_seq,567356838,constrained,corner,0xc300,16,incremental,0.479,0.22,balanced,16,35,61,8,10,fixed,ping_pong,sensor_poll,in_order,none,48
RUN-001071,dma_burst_seq,1659499256,constrained,default,0x0100,16,walking_ones,0.606,0.69,reg_wr,16,32,304,29,0,weighted,burst_hotspot,sensor_poll,out_of_order,glitch,192
RUN-001072,irq_storm_seq,168335144,constrained,corner,0x2700,64,random,0.827,0.33,reg_rd,128,26,329,6,7,fixed,uniform,dma_stream,in_order,bitflip,96
RUN-001073,reg_sweep_seq,315279112,constrained,default,0xcc00,16,incremental,0.116,0.75,reg_wr,16,6,381,31,7,weighted,sparse,dma_stream,in_order,bitflip,768
RUN-001074,backpressure_seq,634952947,constrained,default,0x7900,16,walking_ones,0.119,0.57,balanced,8,24,419,22,4,fixed,burst_hotspot,sensor_poll,in_order,none,768
RUN-001075,dma_burst_seq,1241301060,constrained,corner,0x0900,64,walking_ones,0.25,0.55,reg_wr,8,12,254,29,6,fixed,uniform,dma_stream,in_order,glitch,192
RUN-001076,backpressure_seq,1876195845,full_random,default,0x7800,16,all_ones,0.146,0.34,reg_rd,8,10,353,27,3,fixed,uniform,boot,in_order,bitflip,96
RUN-001077,irq_storm_seq,795196554,full_random,corner,0xe100,4,incremental,0.318,0.37,reg_wr,16,36,153,9,7,weighted,uniform,dma_stream,in_order,glitch,384
RUN-001078,reg_sweep_seq,404027760,constrained,stress,0x9e00,4,random,0.55,0.4,reg_wr,8,10,348,27,5,weighted,burst_hotspot,boot,in_order,none,96
RUN-001079,uart_loopback_seq,23683488,constrained,default,0x2800,4,random,0.461,0.45,balanced,16,13,160,7,8,weighted,burst_hotspot,console,in_order,glitch,96
RUN-001080,dma_burst_seq,1467102094,directed,corner,0xfc00,16,random,0.661,0.41,reg_wr,8,4,34,2,6,weighted,ping_pong,sensor_poll,in_order,glitch,192
RUN-001081,reg_sweep_seq,1112526189,constrained,default,0xec00,64,random,0.598,0.57,reg_wr,16,8,249,6,2,weighted,sparse,boot,in_order,none,384
RUN-001082,irq_storm_seq,1956929280,constrained,default,0x6400,4,all_ones,0.856,0.23,reg_rd,64,34,125,20,8,fixed,uniform,boot,in_order,none,96
RUN-001083,uart_loopback_seq,1241770194,constrained,default,0x2200,64,all_ones,0.665,0.49,reg_rd,8,34,336,27,6,fixed,sparse,boot,out_of_order,bitflip,192
RUN-001084,uart_loopback_seq,1881585441,constrained,corner,0x3900,16,incremental,0.434,0.48,balanced,64,22,71,15,0,weighted,uniform,boot,in_order,none,96
RUN-001085,reg_sweep_seq,2022894741,constrained,default,0x7600,16,random,0.284,0.58,balanced,64,9,194,14,5,fixed,burst_hotspot,boot,out_of_order,none,192
RUN-001086,reset_recovery_seq,174938726,constrained,default,0xa900,4,random,0.045,0.77,reg_wr,16,25,403,24,5,fixed,uniform,dma_stream,in_order,none,384
RUN-001087,uart_loopback_seq,238981334,constrained,default,0x1200,64,incremental,0.365,0.66,reg_rd,64,18,239,1,11,weighted,burst_hotspot,dma_stream,in_order,none,48
RUN-001088,uart_loopback_seq,1490835341,constrained,default,0x3100,64,incremental,0.081,0.33,balanced,16,4,25,20,10,fixed,uniform,sensor_poll,in_order,none,96
RUN-001089,parity_stress_seq,1664408730,full_random,corner,0x0900,4,random,0.548,0.22,balanced,128,32,307,18,7,fixed,ping_pong,console,out_of_order,none,768
RUN-001090,reg_sweep_seq,1451024834,constrained,stress,0x7d00,4,all_ones,0.136,0.33,reg_rd,16,11,245,3,4,fixed,ping_pong,sensor_poll,in_order,glitch,384
RUN-001091,dma_burst_seq,579163735,full_random,stress,0x2c00,64,random,0.29,0.79,balanced,128,16,169,24,1,fixed,burst_hotspot,console,in_order,glitch,384
RUN-001092,dma_burst_seq,389460544,directed,corner,0xb300,16,random,0.703,0.64,balanced,8,31,58,25,5,weighted,sparse,console,in_order,none,768
RUN-001093,reg_sweep_seq,1770541092,full_random,stress,0x0400,64,random,0.866,0.29,balanced,8,4,219,5,7,fixed,uniform,console,in_order,none,96
RUN-001094,irq_storm_seq,1114260244,full_random,corner,0xce00,4,random,0.522,0.67,reg_rd,64,22,52,21,11,weighted,uniform,dma_stream,in_order,none,192
RUN-001095,dma_burst_seq,1792636355,constrained,stress,0x4b00,16,random,0.657,0.24,balanced,16,38,235,11,7,fixed,burst_hotspot,sensor_poll,in_order,glitch,192
RUN-001096,parity_stress_seq,164748459,constrained,default,0xf600,4,random,0.276,0.39,reg_wr,8,0,239,10,4,fixed,burst_hotspot,dma_stream,in_order,none,384
RUN-001097,dma_burst_seq,239798826,constrained,stress,0x0100,16,random,0.3,0.48,reg_wr,128,13,75,30,1,weighted,sparse,boot,in_order,none,192
RUN-001098,reset_recovery_seq,875686250,constrained,default,0x1c00,64,random,0.159,0.35,balanced,64,20,286,22,6,fixed,ping_pong,dma_stream,in_order,bitflip,48
RUN-001099,reg_sweep_seq,2037389233,directed,corner,0xdc00,4,random,0.818,0.59,balanced,16,23,124,19,7,weighted,uniform,dma_stream,in_order,none,768
RUN-001100,dma_burst_seq,1570453888,constrained,default,0x0900,4,random,0.678,0.35,balanced,16,6,247,14,5,weighted,uniform,dma_stream,out_of_order,none,768
RUN-001101,parity_stress_seq,437292555,directed,corner,0x6700,64,random,0.542,0.64,balanced,128,3,262,28,10,fixed,burst_hotspot,dma_stream,in_order,glitch,384
RUN-001102,uart_loopback_seq,338830154,constrained,default,0x2400,64,incremental,0.353,0.59,reg_rd,64,1,208,23,11,weighted,ping_pong,console,in_order,bitflip,192
RUN-001103,parity_stress_seq,1290132616,full_random,corner,0x4400,16,random,0.524,0.56,reg_wr,8,31,156,19,1,fixed,uniform,dma_stream,in_order,none,96
RUN-001104,reset_recovery_seq,6955151,constrained,corner,0x2000,16,walking_ones,0.679,0.54,balanced,16,28,252,22,9,weighted,ping_pong,dma_stream,out_of_order,bitflip,48
RUN-001105,reg_sweep_seq,433337667,directed,default,0x0a00,16,random,0.507,0.71,reg_wr,8,7,120,27,8,weighted,uniform,dma_stream,out_of_order,none,96
RUN-001106,irq_storm_seq,192811437,directed,default,0x8600,16,incremental,0.574,0.38,reg_rd,64,5,371,16,0,fixed,uniform,sensor_poll,in_order,bitflip,48
RUN-001107,reset_recovery_seq,1984305329,constrained,default,0xaf00,16,all_ones,0.514,0.38,reg_rd,64,30,371,23,9,fixed,burst_hotspot,boot,in_order,none,48
RUN-001108,reset_recovery_seq,1191658286,constrained,stress,0xb700,64,random,0.463,0.21,balanced,8,21,174,25,7,weighted,ping_pong,console,in_order,none,96
RUN-001109,dma_burst_seq,1378653398,constrained,default,0x8200,64,random,0.534,0.53,balanced,16,33,367,9,10,fixed,sparse,console,out_of_order,none,96
RUN-001110,uart_loopback_seq,1884987762,constrained,default,0x9c00,4,all_ones,0.352,0.56,reg_wr,128,17,112,22,2,weighted,ping_pong,dma_stream,in_order,glitch,192
RUN-001111,dma_burst_seq,1599099022,constrained,default,0x1e00,16,all_ones,0.466,0.32,balanced,16,33,54,1,9,fixed,burst_hotspot,boot,out_of_order,none,48
RUN-001112,parity_stress_seq,645949632,constrained,corner,0x5500,16,random,0.876,0.4,reg_wr,8,28,392,16,8,weighted,ping_pong,dma_stream,in_order,glitch,384
RUN-001113,backpressure_seq,1178959072,constrained,corner,0x0300,64,random,0.499,0.38,reg_rd,8,25,322,7,3,fixed,uniform,console,in_order,none,192
RUN-001114,dma_burst_seq,1391938530,constrained,corner,0x0e00,64,incremental,0.603,0.35,reg_wr,8,20,142,9,11,weighted,uniform,dma_stream,in_order,none,96
RUN-001115,backpressure_seq,1148715022,constrained,default,0x1a00,4,random,0.7,0.36,reg_rd,16,6,225,2,3,fixed,ping_pong,boot,in_order,none,96
RUN-001116,parity_stress_seq,207723589,constrained,stress,0x8100,64,walking_ones,0.105,0.63,reg_wr,64,35,238,17,0,weighted,burst_hotspot,console,in_order,bitflip,96
RUN-001117,parity_stress_seq,188164657,constrained,default,0x0500,64,random,0.625,0.23,balanced,64,1,275,23,7,weighted,burst_hotspot,dma_stream,in_order,none,384
RUN-001118,uart_loopback_seq,1809605253,constrained,default,0x0400,4,walking_ones,0.092,0.28,reg_wr,16,2,289,26,4,weighted,burst_hotspot,sensor_poll,in_order,bitflip,192
RUN-001119,parity_stress_seq,610853745,constrained,default,0x4600,16,all_ones,0.646,0.5,reg_rd,8,3,316,9,3,weighted,ping_pong,boot,out_of_order,bitflip,96
RUN-001120,dma_burst_seq,790238127,constrained,default,0x6700,4,incremental,0.097,0.79,reg_wr,128,1,84,1,9,fixed,sparse,dma_stream,in_order,bitflip,48
RUN-001121,dma_burst_seq,512653457,constrained,default,0xde00,4,all_ones,0.527,0.75,reg_wr,64,14,213,30,3,fixed,ping_pong,sensor_poll,in_order,bitflip,384
RUN-001122,reg_sweep_seq,125356164,constrained,corner,0x3600,16,walking_ones,0.431,0.22,reg_rd,64,25,419,6,5,weighted,burst_hotspot,console,in_order,none,384
RUN-001123,irq_storm_seq,1969923885,constrained,default,0xb700,16,random,0.615,0.4,reg_rd,8,19,349,17,10,fixed,uniform,boot,in_order,none,384
RUN-001124,backpressure_seq,491033201,full_random,default,0x2a00,16,random,0.183,0.73,reg_wr,128,0,22,2,1,weighted,ping_pong,sensor_poll,in_order,none,48
RUN-001125,reg_sweep_seq,309214855,constrained,default,0x4400,16,random,0.575,0.68,reg_wr,64,34,115,4,1,weighted,sparse,console,out_of_order,bitflip,192
RUN-001126,backpressure_seq,1449097363,full_random,stress,0xa600,16,random,0.33,0.77,reg_rd,64,24,399,30,4,fixed,uniform,sensor_poll,in_order,none,96
RUN-001127,reset_recovery_seq,308838191,full_random,default,0x3600,16,random,0.038,0.61,reg_rd,64,36,230,25,2,weighted,burst_hotspot,boot,in_order,none,768
RUN-001128,parity_stress_seq,1732735161,constrained,corner,0x6500,16,random,0.641,0.71,reg_wr,16,36,170,5,7,fixed,sparse,console,in_order,glitch,48
RUN-001129,irq_storm_seq,1086789507,directed,default,0xfa00,16,random,0.334,0.79,balanced,16,8,404,22,0,weighted,burst_hotspot,dma_stream,in_order,none,192
RUN-001130,dma_burst_seq,1663493454,constrained,corner,0xf300,64,random,0.157,0.32,balanced,64,28,381,18,1,fixed,sparse,console,in_order,none,192
RUN-001131,parity_stress_seq,383690365,constrained,corner,0x7e00,16,random,0.41,0.41,balanced,128,20,106,21,3,fixed,burst_hotspot,dma_stream,in_order,none,768
RUN-001132,backpressure_seq,2058003771,full_random,default,0x0d00,4,random,0.727,0.74,balanced,64,8,64,0,8,weighted,uniform,boot,in_order,bitflip,96
RUN-001133,irq_storm_seq,787629355,constrained,default,0x8100,4,random,0.263,0.79,reg_rd,64,17,396,9,10,fixed,ping_pong,sensor_poll,in_order,none,192
RUN-001134,reset_recovery_seq,2096876233,directed,default,0x3200,16,random,0.384,0.34,reg_rd,16,34,259,24,4,weighted,burst_hotspot,sensor_poll,out_of_order,none,192
RUN-001135,irq_storm_seq,1470815611,constrained,default,0x3900,4,all_ones,0.266,0.59,reg_rd,8,21,71,27,3,fixed,burst_hotspot,dma_stream,in_order,glitch,768
RUN-001136,parity_stress_seq,753870978,constrained,stress,0x7d00,64,random,0.367,0.45,reg_wr,8,10,122,17,2,fixed,ping_pong,sensor_poll,in_order,none,192
RUN-001137,backpressure_seq,670104427,constrained,stress,0x8f00,64,incremental,0.286,0.55,balanced,64,31,237,3,6,fixed,sparse,dma_stream,in_order,none,384
RUN-001138,backpressure_seq,316689982,full_random,default,0xf200,4,walking_ones,0.516,0.7,reg_wr,64,31,188,4,2,weighted,ping_pong,dma_stream,in_order,bitflip,384
RUN-001139,uart_loopback_seq,1282117596,constrained,corner,0xce00,16,all_ones,0.27,0.71,reg_rd,64,28,105,24,2,weighted,uniform,boot,in_order,bitflip,768
RUN-001140,backpressure_seq,318070045,directed,default,0x6800,4,walking_ones,0.416,0.41,reg_wr,8,29,149,10,9,weighted,sparse,sensor_poll,in_order,glitch,384
RUN-001141,uart_loopback_seq,1753215765,constrained,stress,0xee00,16,incremental,0.088,0.67,reg_rd,64,21,72,20,0,weighted,uniform,boot,in_order,bitflip,96
RUN-001142,parity_stress_seq,365776486,constrained,corner,0xe500,16,random,0.653,0.44,balanced,64,35,269,1,6,fixed,burst_hotspot,sensor_poll,in_order,none,384
RUN-001143,backpressure_seq,1724316386,directed,stress,0x2a00,16,all_ones,0.437,0.45,balanced,8,0,257,12,11,fixed,uniform,boot,in_order,none,384
RUN-001144,uart_loopback_seq,486508316,full_random,default,0xae00,64,random,0.066,0.71,reg_rd,16,14,267,0,7,weighted,sparse,console,in_order,none,96
RUN-001145,reg_sweep_seq,1694169010,directed,default,0xaa00,16,incremental,0.234,0.2,balanced,16,32,69,3,2,weighted,burst_hotspot,boot,in_order,none,192
RUN-001146,uart_loopback_seq,1932607271,full_random,corner,0xb000,16,random,0.415,0.59,balanced,16,21,191,21,6,fixed,burst_hotspot,sensor_poll,in_order,glitch,384
RUN-001147,parity_stress_seq,572335380,constrained,default,0x9f00,64,random,0.826,0.78,reg_rd,8,39,107,24,5,weighted,sparse,sensor_poll,out_of_order,bitflip,192
RUN-001148,dma_burst_seq,316093748,constrained,corner,0x0d00,64,random,0.71,0.65,balanced,8,5,65,20,3,fixed,ping_pong,console,in_order,none,96
RUN-001149,uart_loopback_seq,676720904,full_random,default,0x5200,4,incremental,0.619,0.72,reg_rd,8,33,374,2,6,fixed,uniform,console,in_order,none,96
RUN-001150,uart_loopback_seq,1372143693,constrained,default,0x0a00,16,walking_ones,0.155,0.42,reg_rd,64,8,126,5,9,weighted,uniform,boot,in_order,bitflip,384
RUN-001151,backpressure_seq,1906388982,constrained,default,0xc300,16,random,0.181,0.63,balanced,64,3,167,16,9,fixed,ping_pong,console,out_of_order,none,192
RUN-001152,backpressure_seq,1219626962,constrained,corner,0x7c00,4,random,0.894,0.35,reg_rd,8,16,319,21,8,weighted,ping_pong,sensor_poll,in_order,none,768
RUN-001153,reset_recovery_seq,463961206,constrained,stress,0x0a00,64,walking_ones,0.679,0.74,balanced,16,15,363,24,3,fixed,sparse,sensor_poll,in_order,none,768
RUN-001154,reset_recovery_seq,1338021761,constrained,corner,0xc900,4,incremental,0.644,0.41,reg_wr,8,9,377,26,2,fixed,sparse,sensor_poll,in_order,none,384
RUN-001155,reg_sweep_seq,1280432774,constrained,default,0x7400,16,incremental,0.451,0.65,balanced,8,26,323,0,1,weighted,uniform,sensor_poll,in_order,glitch,768
RUN-001156,reset_recovery_seq,113485422,constrained,default,0xb200,4,all_ones,0.706,0.5,reg_wr,8,29,398,8,11,fixed,burst_hotspot,console,out_of_order,none,192
RUN-001157,uart_loopback_seq,1843234108,constrained,corner,0xfb00,16,incremental,0.123,0.47,reg_rd,16,16,407,20,1,fixed,uniform,boot,out_of_order,bitflip,384
RUN-001158,reset_recovery_seq,261486532,full_random,stress,0x3d00,16,walking_ones,0.728,0.73,balanced,128,13,83,11,1,fixed,sparse,sensor_poll,in_order,glitch,48
RUN-001159,reg_sweep_seq,1102058245,directed,corner,0xe900,64,walking_ones,0.645,0.71,balanced,16,2,151,7,11,fixed,burst_hotspot,sensor_poll,out_of_order,none,192
RUN-001160,reset_recovery_seq,1380783379,constrained,default,0xa600,16,incremental,0.401,0.76,reg_rd,8,37,184,18,0,fixed,uniform,boot,in_order,none,768
RUN-001161,backpressure_seq,180756839,constrained,default,0x3a00,64,all_ones,0.847,0.33,reg_rd,8,27,56,0,1,fixed,ping_pong,console,in_order,none,192
RUN-001162,uart_loopback_seq,1021214250,full_random,corner,0xbf00,4,random,0.814,0.38,reg_rd,8,12,271,23,7,fixed,ping_pong,sensor_poll,in_order,glitch,384
RUN-001163,backpressure_seq,330778215,full_random,corner,0x9300,16,walking_ones,0.243,0.6,balanced,64,31,288,22,1,fixed,uniform,sensor_poll,in_order,none,384
RUN-001164,reg_sweep_seq,7824005,directed,corner,0x1700,4,random,0.742,0.26,reg_wr,8,0,127,11,0,weighted,sparse,console,in_order,bitflip,384
RUN-001165,irq_storm_seq,1666048362,constrained,stress,0xa600,4,incremental,0.535,0.48,balanced,8,38,331,14,5,fixed,burst_hotspot,console,out_of_order,bitflip,48
RUN-001166,backpressure_seq,1199685314,full_random,default,0x3000,4,walking_ones,0.641,0.65,reg_rd,64,39,432,17,5,weighted,ping_pong,sensor_poll,out_of_order,none,384
RUN-001167,irq_storm_seq,154038914,constrained,corner,0x1f00,16,all_ones,0.604,0.58,reg_wr,8,5,26,8,11,fixed,uniform,console,in_order,bitflip,192
RUN-001168,reg_sweep_seq,571819119,constrained,corner,0x1f00,4,random,0.442,0.57,reg_rd,128,32,140,23,10,fixed,sparse,console,in_order,none,48
RUN-001169,reg_sweep_seq,612532042,constrained,default,0x2b00,4,random,0.38,0.34,balanced,16,25,338,2,7,weighted,ping_pong,console,in_order,glitch,768
RUN-001170,reg_sweep_seq,435130362,constrained,default,0x2100,4,incremental,0.464,0.67,balanced,128,18,412,15,0,fixed,uniform,sensor_poll,in_order,none,192
RUN-001171,reg_sweep_seq,1508591591,constrained,corner,0x5800,4,random,0.596,0.22,balanced,128,26,181,17,1,fixed,burst_hotspot,console,in_order,none,48
RUN-001172,reg_sweep_seq,719991368,constrained,default,0x5700,4,random,0.457,0.76,balanced,16,34,240,10,0,fixed,uniform,console,in_order,none,384
RUN-001173,reset_recovery_seq,1401234419,constrained,default,0x6700,16,walking_ones,0.269,0.36,reg_wr,16,28,126,16,7,weighted,burst_hotspot,dma_stream,in_order,none,384
RUN-001174,reg_sweep_seq,548720807,full_random,default,0x8500,16,random,0.246,0.37,reg_wr,64,0,121,17,9,fixed,burst_hotspot,console,out_of_order,none,768
RUN-001175,parity_stress_seq,844295583,constrained,default,0xb500,16,walking_ones,0.617,0.42,balanced,64,18,212,27,0,weighted,sparse,sensor_poll,in_order,none,384
RUN-001176,irq_storm_seq,1387367712,full_random,stress,0x6c00,16,incremental,0.833,0.38,reg_wr,64,32,302,10,2,fixed,sparse,dma_stream,in_order,glitch,96
RUN-001177,reg_sweep_seq,933642011,constrained,default,0xff00,4,walking_ones,0.54,0.62,reg_rd,16,2,255,5,3,fixed,sparse,console,in_order,glitch,384
RUN-001178,reg_sweep_seq,47628445,full_random,corner,0x8300,16,random,0.885,0.62,reg_rd,16,27,276,3,6,weighted,sparse,dma_stream,in_order,none,96
RUN-001179,dma_burst_seq,1586111713,constrained,stress,0x0200,16,random,0.341,0.44,reg_rd,64,34,132,19,8,weighted,sparse,dma_stream,in_order,bitflip,384
RUN-001180,uart_loopback_seq,1700287767,constrained,default,0xa000,4,random,0.191,0.48,balanced,16,0,314,3,7,fixed,uniform,dma_stream,in_order,bitflip,192
RUN-001181,irq_storm_seq,444334685,constrained,default,0xe200,64,incremental,0.598,0.43,reg_wr,64,34,47,11,7,fixed,sparse,sensor_poll,in_order,none,48
RUN-001182,irq_storm_seq,2018406752,constrained,default,0x4500,64,random,0.804,0.76,balanced,16,18,103,27,11,weighted,sparse,console,out_of_order,glitch,768
RUN-001183,backpressure_seq,454992263,directed,default,0x5900,16,walking_ones,0.541,0.45,reg_rd,16,11,399,23,5,fixed,ping_pong,console,in_order,none,384
RUN-001184,backpressure_seq,1142663524,constrained,default,0x8200,4,random,0.534,0.27,balanced,128,7,222,16,5,fixed,burst_hotspot,boot,in_order,none,48
RUN-001185,parity_stress_seq,237261747,constrained,default,0xc600,4,random,0.762,0.23,reg_wr,8,18,328,24,7,weighted,burst_hotspot,console,out_of_order,none,384
RUN-001186,uart_loopback_seq,1458692840,constrained,default,0x8f00,16,incremental,0.298,0.48,balanced,64,16,269,13,0,weighted,uniform,boot,in_order,none,192
RUN-001187,parity_stress_seq,954759737,full_random,default,0x3b00,64,incremental,0.463,0.62,reg_wr,8,12,141,14,10,weighted,uniform,sensor_poll,out_of_order,none,192
RUN-001188,backpressure_seq,2114300261,constrained,corner,0x7500,64,random,0.683,0.56,reg_wr,8,20,218,29,2,weighted,burst_hotspot,sensor_poll,in_order,bitflip,48
RUN-001189,irq_storm_seq,856171834,constrained,corner,0x1c00,4,incremental,0.01,0.74,balanced,8,31,142,10,0,fixed,sparse,sensor_poll,out_of_order,glitch,96
RUN-001190,reg_sweep_seq,1633387133,full_random,stress,0x3600,4,random,0.481,0.76,reg_wr,64,36,426,20,10,fixed,burst_hotspot,sensor_poll,in_order,glitch,192
RUN-001191,irq_storm_seq,2093069808,full_random,stress,0xc900,4,random,0.591,0.3,balanced,128,6,299,10,3,weighted,ping_pong,console,out_of_order,bitflip,384
RUN-001192,reg_sweep_seq,713056605,constrained,corner,0x8700,16,walking_ones,0.067,0.6,balanced,64,4,348,3,0,weighted,uniform,sensor_poll,in_order,none,384
RUN-001193,dma_burst_seq,724125747,full_random,corner,0x4a00,16,walking_ones,0.543,0.24,reg_wr,16,29,112,14,8,weighted,burst_hotspot,sensor_poll,in_order,bitflip,192
RUN-001194,backpressure_seq,660392241,directed,corner,0x8300,16,incremental,0.476,0.71,balanced,8,29,354,24,5,fixed,sparse,console,in_order,none,384
RUN-001195,reset_recovery_seq,1845184506,constrained,corner,0xea00,4,incremental,0.267,0.65,balanced,16,9,201,16,5,weighted,ping_pong,sensor_poll,in_order,none,48
RUN-001196,dma_burst_seq,2025449941,constrained,stress,0xd100,16,all_ones,0.479,0.68,balanced,16,25,153,4,4,weighted,sparse,console,in_order,none,768
RUN-001197,reg_sweep_seq,1141244389,full_random,stress,0xb000,16,all_ones,0.736,0.65,reg_rd,16,36,252,10,0,fixed,ping_pong,boot,out_of_order,glitch,384
RUN-001198,irq_storm_seq,2025476135,directed,corner,0x7a00,16,incremental,0.67,0.52,reg_rd,16,15,286,17,5,fixed,burst_hotspot,dma_stream,in_order,bitflip,384
RUN-001199,backpressure_seq,1784375079,constrained,stress,0xf700,4,incremental,0.609,0.34,balanced,8,15,233,13,1,fixed,uniform,dma_stream,in_order,none,192
RUN-001200,irq_storm_seq,335992151,full_random,corner,0x8a00,16,walking_ones,0.141,0.22,reg_wr,16,34,123,18,9,fixed,burst_hotspot,boot,in_order,bitflip,384
RUN-001201,reset_recovery_seq,2027790215,full_random,default,0x8400,16,incremental,0.805,0.23,balanced,64,10,45,28,9,weighted,ping_pong,sensor_poll,out_of_order,bitflip,192
RUN-001202,dma_burst_seq,862024659,constrained,default,0x8300,4,random,0.722,0.76,reg_rd,8,31,58,16,7,weighted,burst_hotspot,console,in_order,none,768
RUN-001203,uart_loopback_seq,982191286,full_random,corner,0x3000,16,incremental,0.529,0.48,reg_wr,64,4,228,4,1,fixed,sparse,dma_stream,in_order,none,768
RUN-001204,reg_sweep_seq,236361897,full_random,stress,0xfd00,4,random,0.486,0.79,balanced,16,12,97,20,6,fixed,burst_hotspot,boot,in_order,glitch,384
RUN-001205,parity_stress_seq,1192050590,full_random,corner,0xe600,4,walking_ones,0.275,0.69,reg_wr,8,27,353,25,7,fixed,uniform,sensor_poll,in_order,bitflip,96
RUN-001206,irq_storm_seq,1806596381,constrained,corner,0x8700,64,incremental,0.316,0.74,balanced,16,8,201,21,9,fixed,ping_pong,sensor_poll,in_order,none,384
RUN-001207,dma_burst_seq,1013612777,directed,default,0x4000,4,incremental,0.82,0.46,balanced,64,35,253,6,6,fixed,uniform,console,in_order,none,96
RUN-001208,reg_sweep_seq,626933885,full_random,corner,0xc800,4,walking_ones,0.364,0.32,reg_rd,8,17,161,26,1,weighted,uniform,boot,out_of_order,none,96
RUN-001209,irq_storm_seq,1960395503,constrained,stress,0x8f00,16,walking_ones,0.473,0.51,reg_wr,128,1,306,15,3,fixed,sparse,sensor_poll,in_order,none,192
RUN-001210,uart_loopback_seq,389222715,full_random,corner,0x4300,16,random,0.824,0.41,reg_wr,8,6,288,15,7,fixed,uniform,boot,in_order,none,384
RUN-001211,reg_sweep_seq,896058195,full_random,stress,0x8800,4,random,0.38,0.52,reg_rd,16,35,342,31,1,weighted,uniform,sensor_poll,out_of_order,bitflip,768
RUN-001212,uart_loopback_seq,1613593668,directed,default,0x5400,16,incremental,0.795,0.22,reg_rd,128,9,334,31,5,fixed,sparse,boot,in_order,none,48
RUN-001213,backpressure_seq,1618471703,constrained,stress,0x2a00,16,all_ones,0.059,0.75,reg_wr,64,19,137,13,7,weighted,ping_pong,dma_stream,in_order,none,768
RUN-001214,reset_recovery_seq,1602159959,constrained,default,0xdd00,4,incremental,0.085,0.28,reg_rd,64,37,264,16,6,weighted,sparse,dma_stream,in_order,none,192
RUN-001215,uart_loopback_seq,1263451495,directed,default,0xff00,64,random,0.756,0.29,reg_wr,16,3,339,14,8,weighted,uniform,dma_stream,in_order,glitch,48
RUN-001216,reset_recovery_seq,1902063427,constrained,corner,0x4e00,16,random,0.807,0.52,balanced,64,19,386,12,1,weighted,ping_pong,console,in_order,none,96
RUN-001217,irq_storm_seq,1590420665,directed,corner,0xac00,4,random,0.762,0.46,reg_rd,8,35,164,19,11,weighted,ping_pong,console,in_order,bitflip,768
RUN-001218,backpressure_seq,2018143691,constrained,stress,0x2800,4,incremental,0.649,0.5,reg_wr,8,27,297,11,11,fixed,burst_hotspot,sensor_poll,in_order,none,192
RUN-001219,dma_burst_seq,1702149973,constrained,default,0x4200,16,random,0.75,0.33,reg_rd,8,9,55,17,5,weighted,burst_hotspot,dma_stream,out_of_order,glitch,768
RUN-001220,reg_sweep_seq,218173242,full_random,default,0xd000,16,all_ones,0.211,0.2,reg_wr,8,31,74,6,0,fixed,uniform,boot,out_of_order,none,192
RUN-001221,backpressure_seq,331843774,constrained,default,0xe600,4,walking_ones,0.41,0.26,balanced,64,39,211,5,9,weighted,sparse,sensor_poll,out_of_order,none,48
RUN-001222,backpressure_seq,363993202,constrained,default,0x5b00,64,random,0.292,0.27,reg_wr,128,2,46,7,7,fixed,uniform,boot,out_of_order,glitch,48
RUN-001223,irq_storm_seq,1871634455,directed,default,0xfa00,4,incremental,0.352,0.54,reg_wr,64,20,355,15,11,weighted,burst_hotspot,console,in_order,glitch,96
RUN-001224,backpressure_seq,1272113296,full_random,default,0x5600,16,incremental,0.133,0.75,balanced,8,15,62,30,0,weighted,uniform,dma_stream,in_order,none,192
RUN-001225,reset_recovery_seq,1930187728,full_random,corner,0x2400,16,random,0.515,0.36,balanced,8,29,250,1,1,weighted,uniform,sensor_poll,in_order,none,384
RUN-001226,parity_stress_seq,819996196,constrained,corner,0x8300,4,incremental,0.387,0.66,balanced,64,26,85,31,0,fixed,burst_hotspot,dma_stream,in_order,none,384
RUN-001227,reg_sweep_seq,311024514,full_random,stress,0x1e00,4,random,0.735,0.24,reg_wr,8,32,119,30,2,fixed,uniform,dma_stream,out_of_order,none,192
RUN-001228,dma_burst_seq,189706549,constrained,default,0x6200,16,random,0.632,0.52,reg_rd,64,28,200,4,7,weighted,burst_hotspot,console,in_order,none,192
RUN-001229,backpressure_seq,1670402397,constrained,corner,0x7c00,16,random,0.388,0.32,balanced,8,4,388,31,1,fixed,sparse,boot,out_of_order,none,96
RUN-001230,backpressure_seq,561842980,constrained,stress,0x5800,4,all_ones,0.488,0.38,reg_rd,64,35,427,24,3,weighted,burst_hotspot,console,in_order,glitch,48
RUN-001231,dma_burst_seq,1837268498,full_random,corner,0x5700,4,incremental,0.038,0.51,reg_wr,128,23,420,1,5,weighted,sparse,sensor_poll,in_order,bitflip,192
RUN-001232,irq_storm_seq,1253302598,constrained,corner,0xd300,64,walking_ones,0.445,0.33,reg_rd,64,2,272,27,1,fixed,sparse,boot,in_order,none,48
RUN-001233,reg_sweep_seq,1932115515,directed,default,0x8a00,16,walking_ones,0.529,0.7,reg_wr,16,22,326,14,6,weighted,burst_hotspot,dma_stream,in_order,none,96
RUN-001234,parity_stress_seq,1387744881,constrained,default,0x4200,64,random,0.713,0.69,balanced,16,11,359,18,2,weighted,ping_pong,dma_stream,in_order,glitch,192
RUN-001235,dma_burst_seq,298898659,full_random,default,0x4300,4,random,0.32,0.22,balanced,16,2,282,27,7,weighted,uniform,sensor_poll,in_order,none,96
RUN-001236,backpressure_seq,1008186494,constrained,default,0x1100,64,walking_ones,0.488,0.24,balanced,8,27,183,1,8,weighted,uniform,sensor_poll,in_order,bitflip,96
RUN-001237,reg_sweep_seq,998335446,full_random,default,0x4400,16,incremental,0.247,0.25,reg_rd,8,35,191,28,8,weighted,uniform,sensor_poll,in_order,bitflip,384
RUN-001238,dma_burst_seq,269097168,constrained,corner,0x7000,64,walking_ones,0.661,0.75,balanced,8,31,289,4,10,weighted,burst_hotspot,console,in_order,bitflip,48
RUN-001239,irq_storm_seq,488485188,constrained,corner,0x6800,64,incremental,0.162,0.42,reg_rd,16,17,179,10,7,fixed,uniform,sensor_poll,in_order,none,192
RUN-001240,uart_loopback_seq,1169061955,constrained,default,0xe500,64,incremental,0.399,0.74,reg_wr,16,2,57,1,10,weighted,sparse,sensor_poll,out_of_order,none,192
RUN-001241,parity_stress_seq,687630471,constrained,default,0x3000,4,walking_ones,0.176,0.58,reg_rd,8,34,77,23,11,weighted,burst_hotspot,console,in_order,glitch,384
RUN-001242,uart_loopback_seq,1326321137,constrained,default,0x2600,64,all_ones,0.873,0.53,reg_rd,16,13,259,19,10,fixed,burst_hotspot,dma_stream,in_order,none,384
RUN-001243,irq_storm_seq,1200035777,full_random,corner,0x5300,64,random,0.627,0.63,reg_wr,8,24,423,5,3,weighted,uniform,console,in_order,bitflip,96
RUN-001244,uart_loopback_seq,799754257,constrained,stress,0x0200,4,incremental,0.557,0.3,reg_rd,16,39,157,5,2,weighted,ping_pong,console,in_order,bitflip,96
RUN-001245,parity_stress_seq,109834197,full_random,corner,0xa900,16,incremental,0.686,0.75,balanced,16,24,311,12,0,fixed,sparse,console,in_order,bitflip,192
RUN-001246,uart_loopback_seq,67986695,constrained,stress,0xa200,64,random,0.231,0.53,reg_wr,8,18,145,6,3,weighted,sparse,boot,in_order,bitflip,96
RUN-001247,reset_recovery_seq,729327352,constrained,stress,0xa000,16,walking_ones,0.505,0.51,balanced,16,21,304,22,5,fixed,uniform,sensor_poll,in_order,glitch,768
RUN-001248,uart_loopback_seq,303605506,directed,default,0xf900,64,random,0.513,0.52,reg_rd,16,18,102,24,8,fixed,sparse,console,out_of_order,none,96
RUN-001249,reset_recovery_seq,9470763,constrained,stress,0x9700,64,incremental,0.269,0.47,reg_rd,128,29,56,2,10,weighted,burst_hotspot,dma_stream,out_of_order,none,384
RUN-001250,reset_recovery_seq,1923811626,constrained,corner,0x7e00,64,walking_ones,0.337,0.77,balanced,16,34,209,14,6,weighted,uniform,sensor_poll,in_order,none,48
RUN-001251,dma_burst_seq,1306107969,directed,default,0x8300,4,all_ones,0.471,0.43,balanced,64,17,194,2,9,weighted,burst_hotspot,dma_stream,out_of_order,bitflip,96
RUN-001252,reset_recovery_seq,658398739,full_random,stress,0x0f00,16,incremental,0.588,0.36,balanced,16,21,205,22,8,weighted,sparse,console,in_order,glitch,192
RUN-001253,dma_burst_seq,2061686322,constrained,default,0xd100,4,incremental,0.207,0.57,reg_rd,8,16,347,18,10,fixed,uniform,dma_stream,out_of_order,none,384
RUN-001254,dma_burst_seq,1341701135,constrained,corner,0x3000,64,random,0.649,0.73,reg_rd,8,38,410,8,2,weighted,uniform,sensor_poll,in_order,none,48
RUN-001255,uart_loopback_seq,1402197304,full_random,default,0x7b00,64,all_ones,0.513,0.46,reg_wr,8,28,251,26,0,weighted,burst_hotspot,sensor_poll,in_order,none,384
RUN-001256,dma_burst_seq,1976683020,constrained,default,0xf300,16,random,0.584,0.21,reg_wr,16,11,56,31,11,fixed,sparse,sensor_poll,in_order,none,48
RUN-001257,irq_storm_seq,1293301302,constrained,default,0xa500,64,random,0.217,0.41,reg_wr,16,8,223,26,6,weighted,uniform,dma_stream,in_order,glitch,96
RUN-001258,reg_sweep_seq,549449660,constrained,default,0x5b00,16,random,0.331,0.49,balanced,64,37,268,14,7,fixed,uniform,dma_stream,in_order,glitch,384
RUN-001259,dma_burst_seq,2016460778,full_random,corner,0xd800,4,incremental,0.455,0.61,balanced,8,26,38,14,2,fixed,sparse,dma_stream,out_of_order,glitch,192
RUN-001260,uart_loopback_seq,1705804960,full_random,default,0x5f00,64,random,0.82,0.34,balanced,128,1,368,11,9,fixed,uniform,console,out_of_order,bitflip,96
RUN-001261,parity_stress_seq,1190321095,constrained,stress,0x9a00,16,random,0.524,0.77,balanced,8,36,147,10,2,weighted,uniform,dma_stream,in_order,none,384
RUN-001262,parity_stress_seq,896936980,full_random,corner,0xb900,16,walking_ones,0.305,0.69,reg_rd,64,36,379,31,5,fixed,burst_hotspot,boot,out_of_order,glitch,48
RUN-001263,uart_loopback_seq,614822401,constrained,default,0x2100,16,all_ones,0.132,0.57,reg_wr,8,32,389,7,10,weighted,burst_hotspot,dma_stream,in_order,none,384
RUN-001264,dma_burst_seq,917659571,directed,stress,0x0200,4,walking_ones,0.094,0.7,balanced,64,4,270,18,2,fixed,burst_hotspot,boot,in_order,none,384
RUN-001265,parity_stress_seq,2077181972,full_random,stress,0x4d00,64,random,0.157,0.55,balanced,64,19,232,6,0,weighted,uniform,dma_stream,in_order,none,96
RUN-001266,parity_stress_seq,758342167,constrained,stress,0x4800,16,walking_ones,0.344,0.61,balanced,8,3,125,16,2,fixed,uniform,boot,out_of_order,none,96
RUN-001267,uart_loopback_seq,1475134110,constrained,default,0xf900,4,walking_ones,0.54,0.77,reg_rd,64,38,71,1,8,weighted,uniform,dma_stream,in_order,glitch,384
RUN-001268,irq_storm_seq,946694483,constrained,stress,0xca00,16,random,0.633,0.24,balanced,16,29,331,18,9,weighted,ping_pong,sensor_poll,in_order,none,192
RUN-001269,parity_stress_seq,1016782000,constrained,corner,0x2000,16,incremental,0.666,0.71,reg_rd,128,30,141,11,1,fixed,burst_hotspot,boot,out_of_order,none,96
RUN-001270,reg_sweep_seq,578942534,constrained,default,0xea00,64,random,0.55,0.71,reg_wr,16,18,110,23,3,fixed,sparse,sensor_poll,in_order,none,192
RUN-001271,dma_burst_seq,891307094,constrained,default,0x9c00,4,incremental,0.514,0.65,balanced,8,0,278,2,11,weighted,burst_hotspot,boot,in_order,none,48
RUN-001272,parity_stress_seq,1318631379,constrained,default,0x1a00,4,incremental,0.545,0.45,balanced,8,16,44,25,6,weighted,burst_hotspot,sensor_poll,in_order,bitflip,192
RUN-001273,reset_recovery_seq,1536649912,constrained,default,0x4900,64,walking_ones,0.183,0.24,reg_rd,64,36,415,5,7,fixed,uniform,console,out_of_order,glitch,192
RUN-001274,parity_stress_seq,1247466880,constrained,default,0xfb00,4,incremental,0.507,0.54,reg_wr,16,33,404,21,0,fixed,burst_hotspot,boot,out_of_order,glitch,192
RUN-001275,dma_burst_seq,101971425,constrained,default,0xef00,64,all_ones,0.201,0.44,balanced,16,24,291,3,0,fixed,burst_hotspot,dma_stream,out_of_order,glitch,48
RUN-001276,dma_burst_seq,360338456,full_random,corner,0xc400,4,random,0.237,0.26,balanced,128,25,285,22,2,weighted,burst_hotspot,sensor_poll,in_order,none,192
RUN-001277,parity_stress_seq,138200041,constrained,default,0x5e00,16,random,0.515,0.67,reg_rd,8,2,389,5,11,fixed,uniform,sensor_poll,in_order,none,192
RUN-001278,irq_storm_seq,2052164698,constrained,default,0x0d00,16,incremental,0.376,0.53,reg_wr,128,1,194,13,8,weighted,burst_hotspot,sensor_poll,in_order,none,768
RUN-001279,reg_sweep_seq,1655844522,full_random,default,0xd500,16,walking_ones,0.717,0.63,balanced,8,37,369,0,2,weighted,sparse,sensor_poll,in_order,none,384
RUN-001280,reset_recovery_seq,278048489,constrained,stress,0x1c00,16,random,0.465,0.45,reg_rd,8,13,370,9,7,fixed,sparse,boot,in_order,bitflip,48
RUN-001281,reg_sweep_seq,35927537,full_random,stress,0xb100,64,walking_ones,0.326,0.29,reg_wr,8,39,237,20,1,weighted,uniform,sensor_poll,in_order,glitch,384
RUN-001282,reg_sweep_seq,569879184,constrained,default,0x9500,64,incremental,0.358,0.45,reg_wr,16,1,166,10,6,fixed,ping_pong,console,in_order,none,48
RUN-001283,reg_sweep_seq,963657993,constrained,stress,0x6100,16,incremental,0.24,0.36,balanced,8,25,82,28,10,weighted,uniform,console,out_of_order,none,48
RUN-001284,dma_burst_seq,505892762,full_random,default,0x8a00,16,random,0.541,0.53,reg_rd,8,2,193,11,10,weighted,uniform,dma_stream,in_order,none,384
RUN-001285,backpressure_seq,904279660,constrained,corner,0xe500,16,random,0.516,0.55,reg_wr,8,5,212,7,10,weighted,burst_hotspot,console,in_order,none,384
RUN-001286,irq_storm_seq,773463381,constrained,stress,0x7600,4,random,0.445,0.31,reg_rd,16,36,339,7,8,weighted,sparse,sensor_poll,out_of_order,bitflip,192
RUN-001287,reset_recovery_seq,1864833261,constrained,corner,0xde00,16,incremental,0.685,0.55,balanced,16,21,194,31,11,weighted,burst_hotspot,sensor_poll,in_order,none,192
RUN-001288,reg_sweep_seq,630459942,constrained,default,0x5200,4,random,0.614,0.5,reg_rd,8,13,56,19,1,weighted,burst_hotspot,console,in_order,bitflip,384
RUN-001289,reset_recovery_seq,2006923319,full_random,default,0xf900,16,all_ones,0.763,0.74,balanced,16,32,284,22,0,weighted,burst_hotspot,dma_stream,out_of_order,none,48
RUN-001290,backpressure_seq,1451575566,constrained,stress,0x0400,4,random,0.518,0.46,balanced,64,29,325,20,10,weighted,uniform,console,in_order,none,192
RUN-001291,reset_recovery_seq,1198772600,constrained,stress,0xc100,16,all_ones,0.21,0.48,reg_rd,16,1,55,10,3,weighted,sparse,dma_stream,in_order,none,96
RUN-001292,uart_loopback_seq,229579180,directed,default,0x2900,16,walking_ones,0.555,0.45,reg_rd,8,2,314,21,5,fixed,burst_hotspot,dma_stream,in_order,bitflip,384
RUN-001293,reset_recovery_seq,1895317260,constrained,default,0x1800,4,random,0.536,0.72,reg_wr,8,1,205,11,11,fixed,sparse,console,in_order,bitflip,192
RUN-001294,uart_loopback_seq,305349416,full_random,stress,0xa000,64,walking_ones,0.781,0.49,balanced,64,9,40,2,5,weighted,uniform,dma_stream,out_of_order,none,48
RUN-001295,backpressure_seq,1963297476,constrained,stress,0xcf00,16,all_ones,0.643,0.52,reg_rd,64,31,321,28,2,fixed,uniform,console,in_order,none,192
RUN-001296,reset_recovery_seq,6673897,constrained,default,0x0f00,64,walking_ones,0.378,0.41,reg_wr,128,38,202,26,2,fixed,sparse,console,in_order,none,192
RUN-001297,reset_recovery_seq,765851079,directed,default,0x7d00,16,all_ones,0.661,0.39,reg_rd,64,37,93,7,8,fixed,ping_pong,console,in_order,none,384
RUN-001298,dma_burst_seq,1483503779,constrained,default,0xc600,16,all_ones,0.524,0.57,reg_rd,8,25,156,20,0,weighted,uniform,sensor_poll,in_order,glitch,384
RUN-001299,dma_burst_seq,594903924,full_random,corner,0x4200,64,random,0.495,0.41,reg_rd,64,2,308,31,3,fixed,ping_pong,console,in_order,none,384
RUN-001300,irq_storm_seq,281172091,directed,default,0x1200,16,random,0.795,0.22,balanced,16,22,233,29,3,fixed,ping_pong,console,in_order,none,768
RUN-001301,reset_recovery_seq,1933291145,directed,corner,0x9700,4,random,0.357,0.49,reg_rd,128,20,111,5,3,fixed,sparse,sensor_poll,in_order,none,384
RUN-001302,dma_burst_seq,2124590443,constrained,corner,0x8400,16,incremental,0.841,0.51,reg_rd,8,39,80,21,0,weighted,burst_hotspot,sensor_poll,in_order,none,384
RUN-001303,parity_stress_seq,1442056313,constrained,default,0x3600,4,random,0.473,0.64,balanced,8,3,370,24,7,weighted,uniform,dma_stream,in_order,none,768
RUN-001304,parity_stress_seq,1872418481,constrained,default,0x5e00,64,walking_ones,0.357,0.63,reg_rd,64,31,415,21,11,fixed,ping_pong,console,out_of_order,none,48
RUN-001305,dma_burst_seq,40340332,constrained,corner,0xed00,16,random,0.375,0.49,reg_wr,8,14,228,28,9,weighted,uniform,dma_stream,in_order,bitflip,384
RUN-001306,dma_burst_seq,2080370065,constrained,corner,0x5a00,4,random,0.657,0.47,reg_rd,16,23,210,18,0,weighted,uniform,console,in_order,none,48
RUN-001307,uart_loopback_seq,1415429545,constrained,default,0x2d00,16,random,0.045,0.4,balanced,16,39,134,19,10,weighted,sparse,dma_stream,in_order,none,192
RUN-001308,reset_recovery_seq,927676730,constrained,stress,0xbb00,16,walking_ones,0.269,0.41,balanced,16,18,177,21,10,fixed,ping_pong,dma_stream,in_order,none,384
RUN-001309,reg_sweep_seq,2085708899,full_random,stress,0x5a00,16,walking_ones,0.199,0.52,balanced,64,36,377,9,2,weighted,ping_pong,sensor_poll,in_order,none,192
RUN-001310,reset_recovery_seq,1601264671,constrained,stress,0x1100,16,random,0.409,0.72,reg_wr,8,15,161,6,0,weighted,uniform,boot,in_order,none,192
RUN-001311,dma_burst_seq,637463588,constrained,corner,0xd700,64,incremental,0.305,0.67,reg_rd,16,21,133,12,6,weighted,uniform,dma_stream,in_order,none,384
RUN-001312,dma_burst_seq,1761126033,full_random,stress,0x1700,4,walking_ones,0.429,0.72,reg_wr,128,21,312,1,4,fixed,ping_pong,sensor_poll,in_order,none,96
RUN-001313,dma_burst_seq,1344102961,constrained,default,0xca00,16,all_ones,0.821,0.64,reg_wr,128,2,365,20,2,fixed,uniform,sensor_poll,out_of_order,none,384
RUN-001314,parity_stress_seq,1817140160,constrained,stress,0x7b00,64,incremental,0.786,0.63,reg_wr,128,15,37,12,10,weighted,sparse,dma_stream,out_of_order,none,384
RUN-001315,uart_loopback_seq,1907588932,full_random,default,0x4600,64,all_ones,0.311,0.34,reg_wr,8,26,219,24,3,fixed,burst_hotspot,dma_stream,in_order,glitch,384
RUN-001316,reg_sweep_seq,415308454,constrained,stress,0x2c00,16,incremental,0.158,0.37,reg_rd,128,11,343,8,7,weighted,burst_hotspot,dma_stream,in_order,none,96
RUN-001317,reset_recovery_seq,1812594711,constrained,default,0x4d00,64,walking_ones,0.443,0.33,balanced,8,26,202,6,0,weighted,sparse,dma_stream,in_order,none,192
RUN-001318,irq_storm_seq,1114141811,constrained,default,0x7500,64,incremental,0.529,0.34,balanced,8,33,193,26,3,weighted,burst_hotspot,console,in_order,none,768
RUN-001319,reg_sweep_seq,311860843,directed,stress,0x2b00,64,random,0.432,0.4,balanced,64,25,364,9,11,weighted,sparse,console,out_of_order,glitch,192
RUN-001320,reg_sweep_seq,37201062,full_random,corner,0xab00,16,incremental,0.691,0.71,reg_rd,8,9,98,16,10,weighted,ping_pong,dma_stream,in_order,none,768
RUN-001321,reset_recovery_seq,263597691,directed,default,0x3200,4,incremental,0.551,0.56,balanced,128,29,127,14,11,fixed,burst_hotspot,boot,in_order,none,384
RUN-001322,reg_sweep_seq,1545808072,constrained,default,0xbb00,16,random,0.56,0.51,reg_wr,16,20,280,24,8,weighted,uniform,console,in_order,none,384
RUN-001323,irq_storm_seq,1485771885,full_random,default,0xe500,16,walking_ones,0.67,0.32,reg_rd,16,36,348,27,8,weighted,uniform,dma_stream,in_order,glitch,192
RUN-001324,uart_loopback_seq,272341433,constrained,stress,0x5700,64,random,0.871,0.6,reg_wr,64,16,315,3,8,weighted,uniform,dma_stream,in_order,glitch,48
RUN-001325,parity_stress_seq,1773124756,directed,corner,0x7b00,4,all_ones,0.69,0.4,reg_wr,8,33,102,5,10,weighted,sparse,sensor_poll,in_order,none,384
RUN-001326,dma_burst_seq,1880811896,constrained,stress,0x0d00,4,all_ones,0.243,0.62,reg_wr,8,17,365,10,11,weighted,uniform,console,in_order,bitflip,768
RUN-001327,irq_storm_seq,606016312,constrained,default,0x8800,16,random,0.51,0.3,reg_rd,8,1,62,12,5,fixed,burst_hotspot,console,out_of_order,none,48
RUN-001328,irq_storm_seq,2102293387,constrained,default,0x4600,16,walking_ones,0.094,0.3,reg_rd,8,21,234,5,4,weighted,sparse,sensor_poll,in_order,none,96
RUN-001329,irq_storm_seq,946089619,constrained,default,0x6200,4,incremental,0.817,0.6,balanced,64,11,144,12,2,weighted,burst_hotspot,console,in_order,none,384
RUN-001330,reg_sweep_seq,1482468168,constrained,default,0x4a00,16,incremental,0.521,0.25,balanced,128,6,334,4,1,weighted,burst_hotspot,boot,out_of_order,none,384
RUN-001331,backpressure_seq,1427425364,full_random,stress,0x0800,4,incremental,0.352,0.25,balanced,16,27,211,1,7,weighted,ping_pong,dma_stream,in_order,glitch,384
RUN-001332,irq_storm_seq,1320210920,constrained,default,0x2900,4,random,0.443,0.32,balanced,16,38,282,14,11,fixed,uniform,boot,in_order,glitch,192
RUN-001333,backpressure_seq,2052780930,constrained,stress,0xb300,4,random,0.542,0.57,reg_wr,16,27,189,21,7,weighted,burst_hotspot,dma_stream,out_of_order,bitflip,768
RUN-001334,irq_storm_seq,1537934265,full_random,default,0x7200,16,walking_ones,0.675,0.73,reg_wr,64,11,305,17,4,weighted,burst_hotspot,sensor_poll,out_of_order,none,384
RUN-001335,reg_sweep_seq,294408227,constrained,stress,0x3f00,4,random,0.186,0.24,reg_rd,128,23,390,23,10,weighted,burst_hotspot,sensor_poll,in_order,none,192
RUN-001336,reset_recovery_seq,1132501390,constrained,corner,0x9900,16,incremental,0.326,0.21,balanced,8,18,364,14,2,fixed,sparse,sensor_poll,out_of_order,glitch,384
RUN-001337,irq_storm_seq,1986171816,constrained,default,0x1100,4,incremental,0.216,0.35,reg_rd,16,18,416,23,6,fixed,ping_pong,boot,in_order,none,48
RUN-001338,irq_storm_seq,1831127162,constrained,default,0xc300,16,random,0.793,0.7,reg_wr,16,37,395,9,10,fixed,ping_pong,dma_stream,out_of_order,bitflip,48
RUN-001339,uart_loopback_seq,875362159,constrained,default,0x3000,16,walking_ones,0.309,0.44,reg_wr,16,12,259,18,1,fixed,uniform,dma_stream,out_of_order,none,96
RUN-001340,uart_loopback_seq,1393296991,constrained,corner,0xbe00,16,random,0.598,0.43,reg_wr,64,30,214,20,9,weighted,burst_hotspot,boot,out_of_order,none,384
RUN-001341,dma_burst_seq,1032039665,constrained,corner,0x0b00,16,all_ones,0.164,0.74,reg_rd,8,17,367,14,2,fixed,sparse,dma_stream,in_order,bitflip,384
RUN-001342,uart_loopback_seq,634583735,constrained,default,0xe100,4,walking_ones,0.097,0.56,balanced,128,17,287,16,7,fixed,sparse,console,out_of_order,none,384
RUN-001343,dma_burst_seq,954307792,constrained,stress,0x6100,4,incremental,0.7,0.78,reg_rd,128,5,380,23,0,fixed,uniform,dma_stream,in_order,none,768
RUN-001344,parity_stress_seq,1238452493,constrained,default,0x3f00,16,walking_ones,0.675,0.36,reg_rd,8,8,325,31,2,weighted,uniform,sensor_poll,in_order,glitch,48
RUN-001345,backpressure_seq,1406174458,full_random,default,0xb000,4,walking_ones,0.146,0.73,reg_wr,8,28,246,11,6,fixed,burst_hotspot,boot,in_order,bitflip,768
RUN-001346,reset_recovery_seq,339728585,constrained,default,0x9600,64,incremental,0.279,0.3,reg_rd,128,14,259,7,1,fixed,uniform,boot,in_order,none,384
RUN-001347,reg_sweep_seq,1321092348,full_random,stress,0x4800,16,incremental,0.796,0.26,reg_rd,8,26,57,7,9,fixed,ping_pong,console,in_order,none,192
RUN-001348,irq_storm_seq,1452566606,full_random,default,0x1b00,64,random,0.525,0.25,reg_wr,64,24,350,16,8,weighted,burst_hotspot,console,out_of_order,bitflip,48
RUN-001349,reg_sweep_seq,271617529,constrained,default,0xe500,16,random,0.413,0.68,reg_wr,8,22,99,28,6,weighted,sparse,dma_stream,in_order,bitflip,96
RUN-001350,uart_loopback_seq,338681076,full_random,stress,0xd300,4,walking_ones,0.38,0.64,balanced,64,34,178,10,11,weighted,burst_hotspot,sensor_poll,in_order,bitflip,192
RUN-001351,uart_loopback_seq,1420479773,constrained,stress,0x3400,4,all_ones,0.661,0.56,balanced,64,38,247,17,8,fixed,sparse,dma_stream,out_of_order,glitch,48
RUN-001352,reg_sweep_seq,819585845,directed,default,0x2500,16,random,0.119,0.53,reg_wr,8,1,247,1,7,weighted,uniform,dma_stream,in_order,none,192
RUN-001353,reg_sweep_seq,1564079247,constrained,stress,0xc200,16,random,0.393,0.4,reg_wr,8,30,115,30,0,fixed,ping_pong,dma_stream,out_of_order,bitflip,384
RUN-001354,dma_burst_seq,2001761397,full_random,corner,0x9d00,4,walking_ones,0.37,0.3,balanced,64,5,317,19,8,weighted,sparse,boot,in_order,bitflip,384
RUN-001355,backpressure_seq,1810372191,full_random,corner,0x3b00,64,all_ones,0.539,0.71,reg_wr,64,35,272,10,10,weighted,uniform,boot,in_order,bitflip,192
RUN-001356,reg_sweep_seq,1587055250,constrained,default,0xed00,64,all_ones,0.714,0.39,balanced,64,17,95,28,10,weighted,burst_hotspot,console,in_order,none,384
RUN-001357,uart_loopback_seq,1330424538,full_random,corner,0x0800,64,incremental,0.534,0.67,reg_wr,8,31,254,7,2,fixed,burst_hotspot,sensor_poll,in_order,none,384
RUN-001358,dma_burst_seq,72530300,directed,default,0x7e00,16,incremental,0.945,0.49,reg_rd,8,25,112,17,11,fixed,burst_hotspot,boot,out_of_order,none,192
RUN-001359,parity_stress_seq,859423998,full_random,default,0xcd00,16,walking_ones,0.517,0.62,balanced,128,3,396,24,7,fixed,sparse,dma_stream,out_of_order,none,384
RUN-001360,reset_recovery_seq,1094521970,constrained,default,0x8b00,16,random,0.374,0.67,reg_rd,8,29,241,9,9,fixed,burst_hotspot,console,in_order,bitflip,192
RUN-001361,reg_sweep_seq,1314774081,directed,default,0x0000,64,incremental,0.416,0.34,reg_wr,8,22,331,20,0,weighted,uniform,boot,in_order,glitch,768
RUN-001362,backpressure_seq,512488846,constrained,default,0x3800,4,random,0.257,0.46,balanced,64,13,195,7,10,weighted,sparse,sensor_poll,out_of_order,glitch,384
RUN-001363,irq_storm_seq,577475561,full_random,stress,0x8700,16,walking_ones,0.119,0.23,balanced,64,4,386,29,10,fixed,burst_hotspot,console,in_order,none,768
RUN-001364,reset_recovery_seq,809621843,constrained,default,0x0700,64,all_ones,0.264,0.67,reg_wr,128,1,32,13,10,fixed,sparse,sensor_poll,in_order,none,768
RUN-001365,dma_burst_seq,284245338,constrained,default,0xb900,16,walking_ones,0.192,0.61,reg_wr,8,3,191,30,6,fixed,burst_hotspot,dma_stream,out_of_order,none,192
RUN-001366,parity_stress_seq,1777899308,directed,default,0xca00,16,incremental,0.338,0.21,balanced,128,7,79,17,1,fixed,sparse,sensor_poll,in_order,glitch,768
RUN-001367,irq_storm_seq,1203436974,constrained,default,0x7e00,64,random,0.281,0.44,balanced,8,24,351,18,10,fixed,sparse,dma_stream,in_order,bitflip,192
RUN-001368,backpressure_seq,1544029660,full_random,stress,0x4b00,64,incremental,0.717,0.66,reg_rd,128,26,401,1,11,weighted,burst_hotspot,dma_stream,in_order,none,48
RUN-001369,reg_sweep_seq,1775275430,full_random,corner,0x9c00,4,incremental,0.371,0.22,reg_rd,16,27,265,15,2,fixed,burst_hotspot,boot,in_order,none,192
RUN-001370,irq_storm_seq,1254704603,full_random,default,0xe800,4,walking_ones,0.067,0.68,reg_rd,8,27,57,16,4,weighted,sparse,sensor_poll,in_order,none,48
RUN-001371,irq_storm_seq,1373420627,full_random,default,0x1d00,4,random,0.192,0.78,balanced,64,1,327,7,9,fixed,uniform,dma_stream,in_order,none,768
RUN-001372,reset_recovery_seq,1147399748,constrained,default,0xf400,64,incremental,0.35,0.43,balanced,16,13,205,11,9,weighted,sparse,dma_stream,out_of_order,none,192
RUN-001373,irq_storm_seq,427437366,constrained,default,0x9a00,16,random,0.173,0.32,reg_wr,8,4,33,27,10,weighted,uniform,console,in_order,glitch,192
RUN-001374,reg_sweep_seq,1858465418,constrained,corner,0xf200,4,incremental,0.658,0.45,balanced,8,23,68,29,0,weighted,uniform,boot,out_of_order,bitflip,192
RUN-001375,parity_stress_seq,2126583025,constrained,stress,0x3800,16,incremental,0.602,0.38,reg_wr,64,15,239,0,2,fixed,uniform,console,in_order,none,384
RUN-001376,uart_loopback_seq,1656514708,constrained,corner,0x1a00,64,incremental,0.358,0.77,balanced,8,39,367,22,0,weighted,sparse,sensor_poll,in_order,none,192
RUN-001377,backpressure_seq,1727342762,constrained,default,0xdc00,4,incremental,0.389,0.2,reg_rd,8,21,354,4,7,weighted,burst_hotspot,console,out_of_order,none,48
RUN-001378,reg_sweep_seq,22502054,full_random,stress,0x2600,16,all_ones,0.186,0.76,balanced,64,29,212,5,10,fixed,burst_hotspot,boot,in_order,none,768
RUN-001379,dma_burst_seq,1597950519,constrained,default,0xc400,4,incremental,0.686,0.58,reg_wr,128,33,298,3,2,fixed,ping_pong,boot,in_order,none,96
RUN-001380,parity_stress_seq,78014874,full_random,default,0x7d00,4,incremental,0.297,0.66,reg_wr,128,36,211,7,3,fixed,sparse,sensor_poll,out_of_order,none,384
RUN-001381,dma_burst_seq,718613160,constrained,corner,0xf700,4,incremental,0.544,0.21,reg_wr,8,26,86,9,11,weighted,uniform,sensor_poll,in_order,none,384
RUN-001382,irq_storm_seq,55754417,constrained,stress,0xa400,16,random,0.39,0.46,balanced,8,3,308,2,8,fixed,ping_pong,console,in_order,none,96
RUN-001383,parity_stress_seq,1257693919,constrained,default,0x5e00,64,random,0.411,0.75,reg_rd,16,16,287,16,10,weighted,uniform,sensor_poll,out_of_order,none,384
RUN-001384,backpressure_seq,330877973,constrained,default,0x4500,64,random,0.422,0.53,reg_rd,8,25,49,13,1,weighted,uniform,sensor_poll,in_order,none,384
RUN-001385,backpressure_seq,548318279,constrained,default,0x6a00,64,random,0.572,0.72,balanced,16,28,190,11,4,weighted,sparse,dma_stream,in_order,none,96
RUN-001386,backpressure_seq,236522088,full_random,stress,0xe300,4,incremental,0.454,0.78,balanced,64,7,68,20,6,weighted,burst_hotspot,boot,out_of_order,none,48
RUN-001387,parity_stress_seq,1889911085,constrained,default,0x2500,16,incremental,0.516,0.76,reg_rd,16,17,265,30,5,fixed,burst_hotspot,dma_stream,in_order,glitch,96
RUN-001388,reset_recovery_seq,660070561,full_random,stress,0x1400,16,incremental,0.549,0.21,reg_wr,128,21,310,16,5,fixed,uniform,boot,in_order,none,96
RUN-001389,reg_sweep_seq,597753913,constrained,corner,0xd600,16,all_ones,0.19,0.57,reg_rd,128,14,257,26,1,fixed,uniform,dma_stream,out_of_order,none,192
RUN-001390,uart_loopback_seq,1800918595,directed,default,0xc400,4,random,0.871,0.68,balanced,64,20,198,16,11,weighted,ping_pong,sensor_poll,in_order,glitch,192
RUN-001391,uart_loopback_seq,1915102673,constrained,default,0x0c00,16,random,0.145,0.47,reg_rd,8,5,350,27,2,weighted,uniform,console,out_of_order,none,384
RUN-001392,uart_loopback_seq,14716500,constrained,default,0x8d00,64,incremental,0.311,0.74,reg_rd,64,37,228,11,6,fixed,burst_hotspot,sensor_poll,in_order,bitflip,192
RUN-001393,reset_recovery_seq,40938765,full_random,default,0xce00,16,random,0.471,0.72,balanced,16,36,128,14,5,fixed,burst_hotspot,sensor_poll,in_order,glitch,192
RUN-001394,backpressure_seq,2031961711,full_random,corner,0xb100,16,random,0.752,0.38,reg_wr,8,22,421,7,4,weighted,ping_pong,console,in_order,bitflip,48
RUN-001395,backpressure_seq,852863595,constrained,stress,0x1e00,4,walking_ones,0.079,0.52,reg_rd,64,2,44,21,2,fixed,sparse,console,in_order,bitflip,96
RUN-001396,dma_burst_seq,647404237,constrained,stress,0x9c00,64,random,0.271,0.3,reg_wr,64,23,362,25,8,fixed,ping_pong,console,out_of_order,none,96
RUN-001397,reset_recovery_seq,1395197422,full_random,default,0xcb00,4,all_ones,0.341,0.43,balanced,16,16,303,24,3,fixed,ping_pong,dma_stream,in_order,none,96
RUN-001398,reset_recovery_seq,2130971523,full_random,corner,0xef00,64,random,0.483,0.49,reg_wr,16,10,303,16,6,fixed,uniform,console,in_order,none,192
RUN-001399,dma_burst_seq,189864945,full_random,default,0x8400,4,walking_ones,0.611,0.61,reg_wr,8,20,58,8,4,fixed,burst_hotspot,console,in_order,none,384
RUN-001400,dma_burst_seq,1979930516,full_random,corner,0x2a00,4,random,0.077,0.34,reg_wr,64,4,100,2,2,weighted,ping_pong,console,out_of_order,glitch,768
RUN-001401,dma_burst_seq,1884243471,directed,default,0xe000,16,random,0.403,0.64,balanced,64,5,147,23,3,weighted,sparse,console,in_order,none,384
RUN-001402,reset_recovery_seq,1901708312,full_random,stress,0x3600,4,walking_ones,0.971,0.2,reg_wr,128,1,189,14,8,weighted,uniform,console,in_order,bitflip,768
RUN-001403,backpressure_seq,903928139,constrained,default,0xe200,4,all_ones,0.24,0.69,reg_rd,16,3,177,18,5,fixed,burst_hotspot,dma_stream,in_order,bitflip,192
RUN-001404,dma_burst_seq,818673074,constrained,stress,0x4300,16,random,0.335,0.77,reg_rd,64,10,65,26,4,fixed,burst_hotspot,console,in_order,none,384
RUN-001405,reg_sweep_seq,1615329172,constrained,stress,0x4400,16,all_ones,0.56,0.28,reg_rd,16,23,74,2,7,weighted,sparse,boot,in_order,none,192
RUN-001406,reset_recovery_seq,1343812617,directed,default,0x1e00,4,walking_ones,0.511,0.55,reg_rd,16,32,286,12,10,fixed,burst_hotspot,sensor_poll,in_order,glitch,192
RUN-001407,reg_sweep_seq,2098966974,constrained,corner,0x4a00,4,walking_ones,0.62,0.37,reg_wr,64,39,339,30,5,fixed,ping_pong,dma_stream,in_order,none,96
RUN-001408,dma_burst_seq,1858505986,constrained,default,0xec00,64,incremental,0.424,0.74,reg_wr,64,28,343,10,10,weighted,ping_pong,boot,in_order,none,384
RUN-001409,backpressure_seq,1774605512,constrained,corner,0x7300,64,walking_ones,0.829,0.69,reg_wr,8,4,316,8,1,weighted,ping_pong,console,in_order,none,192
RUN-001410,dma_burst_seq,2040267642,constrained,default,0xfa00,4,walking_ones,0.211,0.6,reg_wr,16,11,244,7,0,fixed,uniform,boot,in_order,none,96
RUN-001411,reg_sweep_seq,85081070,constrained,default,0x6900,4,walking_ones,0.402,0.65,balanced,16,18,198,12,3,fixed,burst_hotspot,console,in_order,none,192
RUN-001412,reg_sweep_seq,1382785498,constrained,default,0xa900,4,random,0.223,0.68,balanced,128,16,144,20,4,fixed,ping_pong,boot,in_order,none,192
RUN-001413,reg_sweep_seq,599069574,constrained,default,0x3c00,4,random,0.228,0.32,reg_rd,8,8,137,4,2,fixed,ping_pong,boot,in_order,glitch,384
RUN-001414,parity_stress_seq,937703900,constrained,stress,0xf900,4,random,0.602,0.61,reg_wr,64,20,202,1,3,fixed,burst_hotspot,boot,out_of_order,none,384
RUN-001415,irq_storm_seq,120706980,constrained,corner,0xda00,16,walking_ones,0.569,0.41,reg_wr,16,4,384,14,2,fixed,ping_pong,console,in_order,none,96
RUN-001416,reset_recovery_seq,1337309124,constrained,corner,0xa400,64,random,0.377,0.5,reg_wr,16,13,390,20,11,weighted,burst_hotspot,sensor_poll,in_order,none,48
RUN-001417,irq_storm_seq,1704208511,constrained,default,0xa400,64,random,0.548,0.6,reg_rd,8,8,142,27,4,fixed,ping_pong,boot,out_of_order,none,768
RUN-001418,dma_burst_seq,1559043927,constrained,corner,0xd800,16,random,0.646,0.56,balanced,128,25,100,23,10,weighted,uniform,sensor_poll,in_order,bitflip,96
RUN-001419,uart_loopback_seq,330724852,directed,corner,0xa500,16,walking_ones,0.325,0.65,reg_rd,8,26,89,1,6,weighted,ping_pong,console,in_order,bitflip,192
RUN-001420,backpressure_seq,892136978,full_random,corner,0xb800,64,random,0.391,0.65,reg_rd,128,3,156,28,2,fixed,uniform,sensor_poll,out_of_order,none,768
RUN-001421,backpressure_seq,364361822,constrained,default,0xaa00,16,walking_ones,0.437,0.52,reg_wr,16,24,207,25,4,fixed,uniform,console,out_of_order,none,384
RUN-001422,uart_loopback_seq,1824649087,directed,corner,0xd400,16,walking_ones,0.319,0.29,balanced,8,3,68,29,11,weighted,burst_hotspot,dma_stream,in_order,none,768
RUN-001423,irq_storm_seq,37361212,full_random,corner,0xc800,16,walking_ones,0.709,0.67,balanced,8,22,208,21,7,weighted,uniform,console,in_order,none,384
RUN-001424,reset_recovery_seq,2015833388,constrained,corner,0xcd00,64,random,0.195,0.52,reg_rd,16,12,216,22,11,fixed,sparse,dma_stream,out_of_order,glitch,768
RUN-001425,dma_burst_seq,939901650,full_random,default,0x6000,64,random,0.338,0.33,balanced,64,32,364,29,8,weighted,burst_hotspot,console,in_order,none,384
RUN-001426,reset_recovery_seq,1394901395,full_random,default,0x9a00,64,walking_ones,0.286,0.4,balanced,16,20,398,17,8,fixed,ping_pong,console,in_order,glitch,96
RUN-001427,backpressure_seq,835750544,constrained,default,0x3900,64,incremental,0.314,0.47,reg_wr,16,34,126,5,9,fixed,sparse,console,in_order,none,768
RUN-001428,uart_loopback_seq,449730374,constrained,default,0x6300,16,incremental,0.457,0.37,balanced,128,33,189,21,9,weighted,uniform,console,in_order,none,192
RUN-001429,dma_burst_seq,2006548056,constrained,default,0xe000,4,random,0.231,0.22,balanced,16,37,298,30,7,fixed,ping_pong,dma_stream,out_of_order,none,48
RUN-001430,parity_stress_seq,1447579364,constrained,default,0xbb00,16,random,0.55,0.6,reg_rd,8,26,403,3,2,fixed,sparse,sensor_poll,in_order,none,96
RUN-001431,reg_sweep_seq,999342610,constrained,default,0x2700,64,walking_ones,0.468,0.45,reg_rd,8,32,404,14,4,fixed,uniform,sensor_poll,in_order,none,384
RUN-001432,backpressure_seq,587389848,full_random,default,0xea00,64,walking_ones,0.475,0.33,balanced,64,38,386,29,8,weighted,uniform,boot,in_order,glitch,48
RUN-001433,dma_burst_seq,1370312889,constrained,stress,0x7e00,64,all_ones,0.257,0.36,reg_rd,16,14,349,4,4,fixed,sparse,boot,in_order,none,384
RUN-001434,uart_loopback_seq,457512086,constrained,corner,0xba00,4,random,0.398,0.6,reg_wr,128,39,291,4,4,fixed,ping_pong,dma_stream,out_of_order,none,768
RUN-001435,backpressure_seq,328566877,full_random,default,0x6e00,16,walking_ones,0.269,0.43,reg_wr,8,15,322,23,6,weighted,ping_pong,sensor_poll,in_order,none,96
RUN-001436,reset_recovery_seq,2011892104,constrained,stress,0xc900,64,incremental,0.461,0.6,reg_rd,64,14,157,3,7,weighted,sparse,dma_stream,in_order,bitflip,192
RUN-001437,reset_recovery_seq,2013518645,full_random,stress,0x3300,16,random,0.253,0.34,reg_rd,16,15,244,4,8,fixed,sparse,dma_stream,out_of_order,glitch,384
RUN-001438,uart_loopback_seq,1013138536,full_random,default,0xd100,16,walking_ones,0.332,0.7,balanced,8,30,388,31,11,fixed,uniform,sensor_poll,in_order,none,384
RUN-001439,parity_stress_seq,334369707,constrained,corner,0xf400,64,all_ones,0.256,0.64,balanced,64,28,288,20,7,weighted,sparse,boot,in_order,none,768
RUN-001440,backpressure_seq,94518741,full_random,corner,0x0a00,64,incremental,0.259,0.68,balanced,16,23,280,1,10,weighted,burst_hotspot,sensor_poll,in_order,glitch,48
RUN-001441,dma_burst_seq,1751394414,directed,default,0xfe00,16,all_ones,0.619,0.52,reg_rd,64,32,260,25,8,fixed,uniform,sensor_poll,out_of_order,glitch,192
RUN-001442,parity_stress_seq,1947125479,constrained,default,0xa600,16,walking_ones,0.439,0.26,reg_rd,128,10,219,28,9,fixed,ping_pong,boot,in_order,none,96
RUN-001443,backpressure_seq,619250439,constrained,corner,0xe500,64,random,0.259,0.38,balanced,16,4,132,4,1,fixed,sparse,dma_stream,in_order,glitch,192
RUN-001444,dma_burst_seq,1751930776,constrained,default,0xf400,16,all_ones,0.603,0.71,reg_rd,8,25,314,24,8,weighted,burst_hotspot,dma_stream,in_order,glitch,48
RUN-001445,uart_loopback_seq,795576030,directed,default,0x6e00,4,incremental,0.944,0.66,reg_wr,16,2,259,27,6,fixed,ping_pong,console,in_order,glitch,384
RUN-001446,parity_stress_seq,1837375702,directed,default,0x5600,4,random,0.6,0.28,balanced,64,19,261,11,3,weighted,sparse,dma_stream,out_of_order,bitflip,768
RUN-001447,dma_burst_seq,1630236999,constrained,default,0x1f00,16,random,0.464,0.59,reg_wr,64,15,383,14,0,weighted,ping_pong,dma_stream,in_order,none,192
RUN-001448,reset_recovery_seq,1691693498,constrained,default,0xac00,4,walking_ones,0.425,0.69,reg_wr,16,19,189,31,4,weighted,sparse,console,in_order,none,384
RUN-001449,backpressure_seq,133647465,constrained,corner,0x0900,4,incremental,0.38,0.77,balanced,16,0,210,23,8,fixed,ping_pong,sensor_poll,in_order,none,48
RUN-001450,dma_burst_seq,349870762,constrained,default,0x9800,4,walking_ones,0.264,0.26,balanced,128,20,268,24,10,fixed,ping_pong,boot,in_order,bitflip,48
RUN-001451,backpressure_seq,1724749145,full_random,default,0x6100,16,random,0.577,0.72,reg_rd,128,34,58,16,6,weighted,ping_pong,boot,out_of_order,glitch,192
RUN-001452,reset_recovery_seq,1218193275,full_random,default,0xb800,4,random,0.73,0.4,balanced,64,33,323,29,1,weighted,burst_hotspot,dma_stream,in_order,bitflip,96
RUN-001453,reset_recovery_seq,1564310870,directed,default,0x1b00,4,random,0.572,0.56,balanced,128,11,246,11,8,weighted,burst_hotspot,dma_stream,in_order,none,384
RUN-001454,uart_loopback_seq,2036350314,full_random,default,0x8d00,64,random,0.236,0.59,reg_rd,128,26,66,14,3,weighted,ping_pong,console,in_order,none,384
RUN-001455,irq_storm_seq,406681916,directed,stress,0x4000,16,walking_ones,0.318,0.63,balanced,16,14,237,8,6,fixed,uniform,boot,in_order,none,768
RUN-001456,backpressure_seq,103725887,constrained,stress,0xa100,16,random,0.313,0.73,balanced,16,23,252,0,11,fixed,burst_hotspot,dma_stream,in_order,none,384
RUN-001457,reset_recovery_seq,1839148380,full_random,default,0x9200,64,incremental,0.052,0.79,reg_wr,64,16,235,13,8,fixed,burst_hotspot,console,in_order,glitch,384
RUN-001458,reg_sweep_seq,476966097,full_random,stress,0xf300,4,random,0.231,0.57,reg_wr,16,36,367,9,5,weighted,sparse,sensor_poll,out_of_order,bitflip,192
RUN-001459,uart_loopback_seq,39500490,constrained,default,0x2600,16,all_ones,0.699,0.72,reg_rd,128,24,141,1,4,weighted,ping_pong,sensor_poll,in_order,none,384
RUN-001460,uart_loopback_seq,131460554,constrained,stress,0x2f00,16,incremental,0.922,0.45,reg_wr,128,11,151,29,7,fixed,sparse,dma_stream,in_order,none,96
RUN-001461,dma_burst_seq,1039352080,constrained,default,0x4f00,4,incremental,0.283,0.63,reg_rd,8,27,232,11,2,fixed,uniform,dma_stream,out_of_order,glitch,192
RUN-001462,parity_stress_seq,276411931,full_random,corner,0x4200,16,random,0.957,0.46,reg_wr,128,6,34,19,10,fixed,sparse,boot,in_order,none,384
RUN-001463,reset_recovery_seq,303092117,constrained,default,0xb100,16,walking_ones,0.105,0.24,balanced,64,8,307,13,10,weighted,ping_pong,sensor_poll,in_order,none,192
RUN-001464,uart_loopback_seq,1709074470,full_random,corner,0xf000,64,random,0.429,0.33,balanced,16,25,169,11,10,weighted,uniform,dma_stream,in_order,bitflip,768
RUN-001465,irq_storm_seq,1558844804,constrained,stress,0xd800,16,random,0.168,0.7,balanced,16,19,126,31,1,fixed,burst_hotspot,console,in_order,glitch,96
RUN-001466,reset_recovery_seq,1976452412,constrained,stress,0xb500,64,incremental,0.95,0.52,reg_wr,128,18,295,26,1,weighted,sparse,dma_stream,in_order,bitflip,192
RUN-001467,parity_stress_seq,173809007,constrained,stress,0x8e00,4,random,0.796,0.47,balanced,128,30,338,19,8,weighted,burst_hotspot,dma_stream,in_order,bitflip,192
RUN-001468,uart_loopback_seq,318962148,directed,default,0x5100,64,random,0.282,0.63,balanced,8,33,305,26,6,weighted,ping_pong,dma_stream,in_order,glitch,48
RUN-001469,irq_storm_seq,230942963,full_random,default,0x5400,16,random,0.322,0.8,balanced,128,35,374,22,7,weighted,burst_hotspot,sensor_poll,in_order,bitflip,48
RUN-001470,backpressure_seq,1504730327,full_random,default,0x6f00,4,random,0.507,0.74,balanced,16,38,202,9,10,weighted,uniform,dma_stream,in_order,bitflip,96
RUN-001471,uart_loopback_seq,961762504,directed,default,0x2d00,16,random,0.332,0.26,balanced,8,36,58,19,0,weighted,uniform,sensor_poll,in_order,bitflip,768
RUN-001472,reset_recovery_seq,1259709249,full_random,stress,0x5c00,16,incremental,0.356,0.51,balanced,8,38,391,15,4,weighted,uniform,sensor_poll,in_order,none,192
RUN-001473,dma_burst_seq,274843652,full_random,default,0x5d00,16,random,0.685,0.42,reg_wr,16,38,141,12,7,weighted,sparse,console,in_order,none,192
RUN-001474,dma_burst_seq,1224326593,directed,default,0x5a00,16,walking_ones,0.571,0.49,balanced,8,34,75,5,7,weighted,uniform,dma_stream,out_of_order,none,384
RUN-001475,reg_sweep_seq,1435552952,constrained,corner,0xc300,16,random,0.219,0.69,balanced,8,28,319,4,9,fixed,burst_hotspot,console,out_of_order,glitch,384
RUN-001476,irq_storm_seq,598796029,full_random,default,0x5a00,4,random,0.763,0.25,reg_wr,8,27,62,5,10,weighted,uniform,dma_stream,in_order,glitch,384
RUN-001477,uart_loopback_seq,701727751,constrained,corner,0x5600,16,random,0.386,0.22,balanced,64,38,283,3,1,weighted,ping_pong,console,in_order,none,48
RUN-001478,backpressure_seq,1222983510,constrained,stress,0x0c00,16,all_ones,0.491,0.25,balanced,8,29,378,30,4,weighted,ping_pong,dma_stream,in_order,glitch,384
RUN-001479,backpressure_seq,566641197,full_random,default,0x0b00,4,random,0.829,0.25,balanced,16,13,195,30,6,fixed,ping_pong,sensor_poll,in_order,none,192
RUN-001480,reg_sweep_seq,2040212837,constrained,corner,0x6100,16,incremental,0.576,0.41,reg_rd,8,18,394,20,4,fixed,uniform,boot,in_order,none,192
RUN-001481,backpressure_seq,1102745871,constrained,corner,0x4800,4,random,0.698,0.28,balanced,8,33,334,16,2,fixed,sparse,boot,in_order,none,192
RUN-001482,irq_storm_seq,380042542,constrained,stress,0x6800,16,walking_ones,0.429,0.59,reg_rd,64,3,270,19,9,fixed,uniform,boot,out_of_order,none,192
RUN-001483,irq_storm_seq,1912315737,constrained,default,0xa200,16,all_ones,0.197,0.6,reg_rd,64,37,193,13,6,weighted,burst_hotspot,console,in_order,glitch,384
RUN-001484,backpressure_seq,1969673313,constrained,stress,0x3d00,64,all_ones,0.572,0.56,reg_rd,8,35,393,1,10,weighted,burst_hotspot,dma_stream,in_order,bitflip,48
RUN-001485,reg_sweep_seq,1597139580,constrained,default,0xa700,16,walking_ones,0.635,0.78,balanced,64,12,375,0,10,fixed,sparse,sensor_poll,in_order,none,192
RUN-001486,uart_loopback_seq,1223399917,constrained,corner,0x0800,16,random,0.758,0.48,reg_wr,8,39,157,8,5,fixed,burst_hotspot,dma_stream,in_order,none,48
RUN-001487,dma_burst_seq,1473992158,constrained,corner,0xbd00,4,all_ones,0.736,0.55,reg_wr,64,29,349,16,7,weighted,ping_pong,sensor_poll,in_order,none,192
RUN-001488,reg_sweep_seq,1086430841,constrained,stress,0x1d00,4,all_ones,0.307,0.49,reg_rd,64,8,130,13,3,weighted,ping_pong,console,in_order,none,96
RUN-001489,dma_burst_seq,604675600,full_random,default,0x9000,16,random,0.451,0.68,reg_rd,64,12,307,15,1,fixed,burst_hotspot,boot,in_order,none,384
RUN-001490,dma_burst_seq,934494176,directed,default,0xdd00,64,all_ones,0.177,0.63,balanced,8,24,405,28,10,weighted,uniform,console,in_order,none,48
RUN-001491,backpressure_seq,1736526828,full_random,default,0xe100,64,walking_ones,0.404,0.61,balanced,16,6,180,16,11,fixed,ping_pong,console,in_order,none,192
RUN-001492,reset_recovery_seq,1908232654,full_random,default,0xf900,16,incremental,0.22,0.61,reg_wr,16,8,228,18,5,fixed,uniform,sensor_poll,in_order,none,192
RUN-001493,irq_storm_seq,1773191735,constrained,corner,0xac00,16,random,0.286,0.34,balanced,8,39,222,12,0,fixed,ping_pong,console,out_of_order,none,768
RUN-001494,parity_stress_seq,1329132158,constrained,corner,0x2300,16,walking_ones,0.428,0.69,reg_wr,8,19,234,10,10,weighted,burst_hotspot,console,out_of_order,none,192
RUN-001495,uart_loopback_seq,347489733,constrained,default,0xf500,16,walking_ones,0.248,0.77,reg_wr,16,1,336,2,8,fixed,burst_hotspot,boot,in_order,bitflip,768
RUN-001496,dma_burst_seq,259534263,full_random,corner,0x2800,64,random,0.226,0.48,reg_rd,128,0,330,27,9,fixed,burst_hotspot,boot,out_of_order,bitflip,384
RUN-001497,dma_burst_seq,1884936194,constrained,stress,0x4300,16,walking_ones,0.415,0.42,balanced,16,14,410,1,10,weighted,uniform,boot,in_order,none,192
RUN-001498,dma_burst_seq,1235902297,constrained,stress,0xe100,16,random,0.424,0.41,balanced,128,27,219,6,2,fixed,burst_hotspot,sensor_poll,in_order,none,768
RUN-001499,uart_loopback_seq,1648040165,full_random,corner,0xac00,16,random,0.879,0.38,balanced,128,15,358,31,0,weighted,ping_pong,boot,in_order,none,384
RUN-001500,reg_sweep_seq,1228285049,directed,corner,0xba00,4,random,0.524,0.49,reg_wr,16,9,364,11,2,fixed,uniform,boot,in_order,none,96
RUN-001501,uart_loopback_seq,1878247906,constrained,default,0xf000,4,all_ones,0.693,0.28,balanced,16,20,308,31,11,fixed,burst_hotspot,sensor_poll,in_order,bitflip,192
RUN-001502,parity_stress_seq,291734902,full_random,default,0xea00,16,random,0.344,0.58,reg_wr,64,10,198,26,8,weighted,burst_hotspot,console,in_order,glitch,384
RUN-001503,reg_sweep_seq,231327145,constrained,default,0x8500,4,walking_ones,0.376,0.23,reg_rd,64,0,343,30,5,weighted,burst_hotspot,boot,out_of_order,none,192
RUN-001504,reset_recovery_seq,1100308806,constrained,corner,0x2900,16,random,0.339,0.56,reg_wr,64,5,215,15,2,weighted,burst_hotspot,dma_stream,in_order,none,96
RUN-001505,reg_sweep_seq,1270859076,full_random,default,0xcc00,16,walking_ones,0.543,0.71,reg_wr,16,2,102,22,3,weighted,burst_hotspot,sensor_poll,in_order,glitch,768
RUN-001506,uart_loopback_seq,1934006272,constrained,corner,0x7700,16,random,0.326,0.41,balanced,128,4,19,10,5,fixed,burst_hotspot,console,in_order,bitflip,192
RUN-001507,irq_storm_seq,1499824575,constrained,stress,0x4300,64,all_ones,0.66,0.47,balanced,16,10,118,10,0,weighted,burst_hotspot,console,in_order,glitch,384
RUN-001508,backpressure_seq,1404760009,constrained,default,0x0000,64,random,0.624,0.52,balanced,64,24,266,17,3,weighted,uniform,boot,out_of_order,none,48
RUN-001509,backpressure_seq,1025468761,constrained,corner,0x9900,4,incremental,0.206,0.52,balanced,128,13,347,19,11,fixed,sparse,console,in_order,none,96
RUN-001510,uart_loopback_seq,1939120732,full_random,corner,0xb700,64,incremental,0.778,0.32,reg_rd,16,18,296,2,3,fixed,ping_pong,dma_stream,out_of_order,bitflip,384
RUN-001511,reg_sweep_seq,2136435432,constrained,stress,0x3f00,16,walking_ones,0.252,0.55,balanced,8,8,297,30,11,fixed,uniform,console,in_order,glitch,192
RUN-001512,reset_recovery_seq,1353689160,constrained,default,0x6900,16,random,0.426,0.68,reg_wr,64,30,415,2,2,weighted,uniform,sensor_poll,in_order,none,384
RUN-001513,reg_sweep_seq,1204271999,constrained,corner,0x5900,64,random,0.193,0.37,reg_rd,64,35,247,2,6,weighted,uniform,dma_stream,in_order,none,384
RUN-001514,reg_sweep_seq,44769527,constrained,corner,0x8a00,4,random,0.303,0.51,balanced,8,31,184,7,11,weighted,burst_hotspot,console,in_order,none,48
RUN-001515,reset_recovery_seq,1238497374,constrained,default,0x2d00,4,random,0.633,0.51,reg_rd,128,14,162,17,7,fixed,burst_hotspot,console,out_of_order,bitflip,96
RUN-001516,irq_storm_seq,1121287826,constrained,stress,0xb500,64,incremental,0.394,0.34,reg_wr,64,36,222,31,7,weighted,uniform,boot,in_order,none,96
RUN-001517,uart_loopback_seq,534503683,constrained,corner,0x8d00,4,walking_ones,0.703,0.66,balanced,128,8,384,3,8,weighted,sparse,dma_stream,in_order,none,192
RUN-001518,reg_sweep_seq,1345360165,constrained,default,0x7000,16,incremental,0.099,0.37,reg_rd,16,36,350,19,8,weighted,sparse,console,in_order,none,192
RUN-001519,dma_burst_seq,2029938040,constrained,corner,0x4c00,4,all_ones,0.281,0.66,reg_rd,64,17,87,23,5,fixed,sparse,dma_stream,in_order,glitch,192
RUN-001520,reset_recovery_seq,691371063,constrained,corner,0xf200,16,walking_ones,0.056,0.33,balanced,64,29,405,30,0,weighted,uniform,console,in_order,none,192
RUN-001521,dma_burst_seq,2056778385,constrained,default,0x5700,64,incremental,0.802,0.23,reg_wr,16,4,57,17,1,fixed,uniform,console,in_order,none,96
RUN-001522,uart_loopback_seq,603220710,constrained,default,0xaf00,16,random,0.599,0.3,reg_rd,128,3,301,15,5,weighted,sparse,dma_stream,in_order,none,768
RUN-001523,parity_stress_seq,1824401675,constrained,stress,0xb600,16,all_ones,0.411,0.67,reg_rd,16,18,349,29,4,weighted,uniform,sensor_poll,out_of_order,glitch,96
RUN-001524,irq_storm_seq,467968100,constrained,default,0x5a00,16,random,0.681,0.27,reg_rd,128,5,15,29,1,weighted,burst_hotspot,sensor_poll,in_order,none,768
RUN-001525,uart_loopback_seq,2127888934,constrained,corner,0xa400,16,all_ones,0.552,0.45,reg_wr,16,7,326,13,7,weighted,ping_pong,console,in_order,none,96
RUN-001526,dma_burst_seq,1810863244,full_random,corner,0x8400,16,incremental,0.384,0.64,balanced,8,25,130,14,6,weighted,ping_pong,boot,in_order,none,192
RUN-001527,backpressure_seq,1295510825,full_random,default,0x0800,4,incremental,0.32,0.62,balanced,16,29,352,31,2,weighted,burst_hotspot,console,out_of_order,none,96
RUN-001528,reset_recovery_seq,440757935,constrained,corner,0x2800,16,walking_ones,0.169,0.67,balanced,64,16,197,14,0,weighted,sparse,dma_stream,in_order,bitflip,768
RUN-001529,backpressure_seq,839640501,constrained,corner,0x6900,16,walking_ones,0.293,0.66,reg_rd,8,35,259,7,8,weighted,ping_pong,sensor_poll,out_of_order,glitch,192
RUN-001530,reg_sweep_seq,1489382899,full_random,corner,0xfd00,16,incremental,0.473,0.32,balanced,16,34,355,1,6,fixed,sparse,console,in_order,none,384
RUN-001531,dma_burst_seq,1708311118,full_random,default,0x4900,16,random,0.861,0.22,balanced,16,21,189,30,11,weighted,burst_hotspot,boot,in_order,bitflip,48
RUN-001532,reg_sweep_seq,1542695882,constrained,corner,0x8900,64,walking_ones,0.401,0.68,reg_rd,8,27,316,6,1,fixed,uniform,console,in_order,bitflip,48
RUN-001533,irq_storm_seq,1483997067,full_random,corner,0x7900,64,random,0.605,0.37,reg_rd,64,10,367,29,9,weighted,uniform,sensor_poll,in_order,none,192
RUN-001534,reg_sweep_seq,2127317408,constrained,default,0x4000,64,all_ones,0.158,0.59,balanced,16,10,59,30,7,weighted,burst_hotspot,console,in_order,none,768
RUN-001535,dma_burst_seq,185708312,directed,corner,0x3900,64,incremental,0.646,0.31,balanced,16,22,119,26,3,fixed,uniform,boot,in_order,glitch,384
RUN-001536,uart_loopback_seq,1111872342,constrained,corner,0x7c00,4,incremental,0.66,0.37,balanced,64,21,209,8,2,weighted,uniform,dma_stream,in_order,glitch,192
RUN-001537,uart_loopback_seq,870410349,full_random,stress,0x6f00,4,random,0.883,0.62,reg_wr,64,30,238,17,10,weighted,burst_hotspot,dma_stream,in_order,none,96
RUN-001538,backpressure_seq,970925722,constrained,default,0x8a00,4,incremental,0.879,0.49,reg_rd,128,8,135,2,9,fixed,uniform,dma_stream,in_order,none,48
RUN-001539,backpressure_seq,1156833934,constrained,default,0x6000,64,random,0.592,0.56,reg_rd,16,37,69,21,10,weighted,burst_hotspot,sensor_poll,in_order,glitch,768
RUN-001540,reg_sweep_seq,2125996347,constrained,default,0x9100,4,random,0.859,0.69,balanced,128,6,323,0,0,weighted,sparse,sensor_poll,in_order,none,768
RUN-001541,irq_storm_seq,382970132,full_random,corner,0x9a00,64,incremental,0.582,0.5,reg_rd,64,6,193,21,4,fixed,burst_hotspot,dma_stream,in_order,none,48
RUN-001542,reset_recovery_seq,1251494514,constrained,corner,0x1d00,16,random,0.397,0.48,reg_wr,16,38,112,18,1,fixed,ping_pong,console,out_of_order,glitch,96
RUN-001543,reg_sweep_seq,539459225,full_random,default,0xe400,16,all_ones,0.405,0.64,reg_rd,16,11,143,6,0,weighted,sparse,boot,in_order,bitflip,192
RUN-001544,dma_burst_seq,1223533932,constrained,default,0xb700,4,all_ones,0.62,0.36,balanced,8,35,92,29,10,weighted,uniform,dma_stream,in_order,bitflip,96
RUN-001545,irq_storm_seq,180373748,constrained,default,0x0000,4,incremental,0.306,0.2,reg_wr,64,6,163,2,0,weighted,burst_hotspot,sensor_poll,in_order,none,192
RUN-001546,reg_sweep_seq,1653409518,constrained,stress,0x4700,64,random,0.322,0.58,reg_wr,16,1,123,1,7,weighted,burst_hotspot,console,in_order,none,192
RUN-001547,reset_recovery_seq,1655960977,full_random,stress,0x1600,4,all_ones,0.588,0.42,reg_wr,128,16,308,19,5,weighted,uniform,dma_stream,in_order,none,48
RUN-001548,reset_recovery_seq,1066464566,constrained,corner,0xab00,16,walking_ones,0.259,0.45,balanced,16,33,172,15,2,fixed,sparse,console,out_of_order,none,96
RUN-001549,uart_loopback_seq,565267648,constrained,corner,0x6200,4,walking_ones,0.245,0.57,reg_wr,8,0,81,15,2,weighted,uniform,sensor_poll,out_of_order,none,192
RUN-001550,dma_burst_seq,282256117,constrained,default,0x3500,4,incremental,0.484,0.42,reg_wr,64,1,337,22,2,weighted,sparse,console,out_of_order,none,192
RUN-001551,dma_burst_seq,536549909,constrained,corner,0x4100,64,all_ones,0.345,0.66,reg_rd,8,24,385,17,4,fixed,sparse,sensor_poll,out_of_order,none,384
RUN-001552,backpressure_seq,875490741,constrained,corner,0x4600,16,random,0.526,0.5,reg_wr,128,31,300,0,8,fixed,uniform,dma_stream,in_order,none,48
RUN-001553,irq_storm_seq,157174490,constrained,corner,0x6900,16,walking_ones,0.446,0.36,reg_wr,16,31,212,29,7,weighted,burst_hotspot,boot,out_of_order,none,768
RUN-001554,uart_loopback_seq,34174479,constrained,stress,0x2300,4,random,0.3,0.37,balanced,8,34,357,1,11,fixed,burst_hotspot,dma_stream,in_order,none,48
RUN-001555,reg_sweep_seq,1761879036,constrained,stress,0x8c00,64,random,0.381,0.3,reg_wr,8,6,108,14,1,weighted,sparse,dma_stream,in_order,glitch,96
RUN-001556,dma_burst_seq,1512776513,full_random,corner,0xe400,64,random,0.645,0.26,reg_rd,8,25,157,12,8,fixed,ping_pong,sensor_poll,out_of_order,none,48
RUN-001557,parity_stress_seq,1852186604,constrained,default,0xb900,16,all_ones,0.68,0.34,reg_wr,64,17,250,29,1,weighted,burst_hotspot,console,in_order,glitch,768
RUN-001558,reg_sweep_seq,1709803453,constrained,stress,0xfc00,16,incremental,0.355,0.52,reg_wr,8,1,191,2,11,fixed,uniform,boot,in_order,bitflip,96
RUN-001559,parity_stress_seq,2112235783,full_random,stress,0x7e00,16,incremental,0.708,0.79,reg_rd,16,12,362,24,9,weighted,uniform,dma_stream,in_order,none,384
RUN-001560,reg_sweep_seq,203871252,directed,stress,0x3700,64,all_ones,0.663,0.72,reg_wr,64,1,49,26,4,weighted,uniform,sensor_poll,in_order,none,48
RUN-001561,backpressure_seq,1122696860,constrained,stress,0xb600,64,random,0.63,0.23,reg_rd,8,19,37,24,1,weighted,burst_hotspot,sensor_poll,in_order,bitflip,192
RUN-001562,reg_sweep_seq,1913963194,constrained,stress,0x6c00,4,random,0.244,0.28,reg_rd,8,5,57,21,1,fixed,burst_hotspot,console,in_order,none,384
RUN-001563,irq_storm_seq,77052954,constrained,default,0x0600,16,walking_ones,0.771,0.39,reg_wr,8,17,82,10,7,weighted,sparse,dma_stream,in_order,glitch,384
RUN-001564,reg_sweep_seq,169518339,directed,stress,0x3f00,64,random,0.744,0.23,balanced,16,35,199,7,4,fixed,uniform,sensor_poll,in_order,none,768
RUN-001565,uart_loopback_seq,1518100116,constrained,stress,0x8a00,4,all_ones,0.462,0.72,balanced,64,32,283,19,11,fixed,burst_hotspot,boot,in_order,none,48
RUN-001566,uart_loopback_seq,2106849727,constrained,stress,0x6800,4,all_ones,0.816,0.48,balanced,64,30,255,4,5,fixed,burst_hotspot,console,in_order,none,96
RUN-001567,parity_stress_seq,869289587,constrained,stress,0x0c00,16,random,0.782,0.66,balanced,16,39,258,26,2,fixed,burst_hotspot,console,in_order,none,48
RUN-001568,irq_storm_seq,1044582239,directed,default,0x0e00,16,random,0.788,0.29,reg_wr,128,26,272,3,10,fixed,uniform,dma_stream,out_of_order,none,768
RUN-001569,uart_loopback_seq,1485997310,constrained,default,0x3700,16,walking_ones,0.328,0.63,balanced,8,32,334,14,1,fixed,burst_hotspot,boot,in_order,none,96
RUN-001570,reg_sweep_seq,562914802,constrained,corner,0xf900,16,incremental,0.825,0.59,reg_rd,8,5,211,28,9,weighted,burst_hotspot,console,in_order,bitflip,768
RUN-001571,parity_stress_seq,1943409049,full_random,corner,0x4600,16,random,0.492,0.49,balanced,64,1,260,25,4,fixed,burst_hotspot,boot,out_of_order,bitflip,768
RUN-001572,uart_loopback_seq,1111843875,constrained,default,0xb400,4,incremental,0.524,0.47,reg_rd,128,2,12,0,9,fixed,ping_pong,boot,out_of_order,none,192
RUN-001573,dma_burst_seq,1308606125,constrained,stress,0x2e00,64,walking_ones,0.573,0.75,reg_wr,16,37,238,8,1,weighted,uniform,sensor_poll,in_order,glitch,768
RUN-001574,dma_burst_seq,960902163,constrained,default,0x2c00,64,incremental,0.537,0.65,balanced,16,10,373,24,8,weighted,uniform,sensor_poll,out_of_order,none,768
RUN-001575,parity_stress_seq,550274953,full_random,corner,0x6500,64,walking_ones,0.296,0.27,balanced,64,2,205,2,3,fixed,sparse,console,in_order,bitflip,48
RUN-001576,dma_burst_seq,690108626,constrained,stress,0x5200,4,random,0.219,0.57,balanced,8,10,312,2,4,fixed,sparse,sensor_poll,in_order,none,768
RUN-001577,irq_storm_seq,1426208610,constrained,stress,0xd600,64,incremental,0.292,0.43,reg_rd,8,20,64,17,3,weighted,burst_hotspot,console,in_order,glitch,48
RUN-001578,reg_sweep_seq,1130659214,constrained,stress,0x2900,16,incremental,0.739,0.51,reg_rd,64,14,117,11,8,fixed,sparse,sensor_poll,out_of_order,glitch,192
RUN-001579,reg_sweep_seq,945629827,constrained,default,0x0800,64,incremental,0.544,0.58,balanced,8,2,32,1,10,fixed,uniform,sensor_poll,in_order,bitflip,96
RUN-001580,dma_burst_seq,2075460086,constrained,stress,0x6f00,64,incremental,0.604,0.31,reg_rd,8,3,221,25,11,weighted,uniform,console,in_order,none,48
RUN-001581,reg_sweep_seq,454546398,constrained,default,0xb500,16,walking_ones,0.686,0.35,balanced,8,29,64,8,6,fixed,burst_hotspot,sensor_poll,in_order,none,384
RUN-001582,parity_stress_seq,733022514,directed,default,0x2200,16,random,0.388,0.53,balanced,8,20,32,0,10,weighted,uniform,dma_stream,out_of_order,none,192
RUN-001583,reg_sweep_seq,1985999232,full_random,default,0xfe00,64,walking_ones,0.619,0.23,reg_wr,16,13,177,23,7,weighted,uniform,console,in_order,bitflip,384
RUN-001584,reg_sweep_seq,814475451,constrained,corner,0xf200,64,random,0.432,0.37,reg_wr,8,28,399,29,8,fixed,burst_hotspot,dma_stream,in_order,none,192
RUN-001585,backpressure_seq,302466339,constrained,corner,0x9a00,16,all_ones,0.567,0.54,reg_rd,64,31,131,3,7,fixed,sparse,sensor_poll,in_order,none,384
RUN-001586,dma_burst_seq,1614083956,full_random,corner,0x9300,16,random,0.372,0.41,balanced,64,20,134,16,9,weighted,burst_hotspot,console,in_order,bitflip,768
RUN-001587,parity_stress_seq,590160995,directed,default,0x0500,16,random,0.194,0.28,reg_rd,128,8,145,15,8,fixed,ping_pong,dma_stream,in_order,glitch,192
RUN-001588,dma_burst_seq,1291124643,full_random,default,0x8300,4,random,0.099,0.36,balanced,8,4,202,29,2,weighted,sparse,dma_stream,out_of_order,glitch,48
RUN-001589,dma_burst_seq,737128107,constrained,default,0x4c00,16,random,0.354,0.43,reg_wr,64,28,267,26,5,weighted,uniform,dma_stream,in_order,glitch,192
RUN-001590,irq_storm_seq,357242901,full_random,corner,0xad00,4,walking_ones,0.603,0.27,reg_wr,16,25,173,12,0,fixed,sparse,console,in_order,none,768
RUN-001591,irq_storm_seq,714283664,full_random,stress,0x1b00,64,all_ones,0.501,0.7,balanced,64,29,307,12,4,weighted,uniform,boot,in_order,bitflip,768
RUN-001592,dma_burst_seq,743574603,constrained,corner,0x6100,64,random,0.808,0.57,reg_rd,8,11,314,11,11,fixed,sparse,sensor_poll,in_order,none,384
RUN-001593,backpressure_seq,1725111026,constrained,default,0xa500,16,random,0.449,0.41,balanced,16,19,280,12,2,fixed,sparse,sensor_poll,out_of_order,none,192
RUN-001594,uart_loopback_seq,556636238,full_random,default,0x1500,4,random,0.788,0.78,reg_wr,16,32,270,0,9,weighted,ping_pong,console,in_order,none,768
RUN-001595,irq_storm_seq,1346195649,full_random,stress,0x3100,64,random,0.417,0.56,balanced,8,35,311,3,8,weighted,uniform,sensor_poll,out_of_order,none,192
RUN-001596,uart_loopback_seq,1713229553,directed,stress,0x3f00,16,walking_ones,0.266,0.77,balanced,64,38,119,3,6,weighted,burst_hotspot,dma_stream,in_order,glitch,96
RUN-001597,backpressure_seq,857874577,constrained,default,0xa000,4,random,0.633,0.41,reg_wr,8,14,276,30,8,weighted,uniform,sensor_poll,out_of_order,none,384
RUN-001598,reg_sweep_seq,426540249,constrained,corner,0x5800,64,random,0.878,0.33,reg_rd,8,24,392,14,5,fixed,ping_pong,dma_stream,in_order,bitflip,768
RUN-001599,backpressure_seq,1719481837,constrained,stress,0xa100,4,random,0.592,0.63,balanced,8,19,236,31,9,fixed,ping_pong,sensor_poll,in_order,glitch,96
RUN-001600,irq_storm_seq,1733659867,full_random,corner,0xa800,16,walking_ones,0.106,0.31,balanced,8,17,296,20,11,weighted,ping_pong,dma_stream,in_order,none,48
RUN-001601,reset_recovery_seq,472862597,constrained,stress,0x1200,16,walking_ones,0.493,0.4,reg_rd,16,33,290,22,9,weighted,uniform,boot,in_order,glitch,192
RUN-001602,backpressure_seq,1617917685,constrained,default,0xe600,64,random,0.381,0.5,reg_wr,16,3,158,15,3,fixed,uniform,console,in_order,none,192
RUN-001603,dma_burst_seq,917054691,constrained,stress,0x6100,4,incremental,0.016,0.56,reg_rd,128,37,400,14,6,weighted,uniform,sensor_poll,in_order,none,384
RUN-001604,reg_sweep_seq,995274089,constrained,stress,0x6f00,16,random,0.58,0.2,balanced,8,5,263,18,2,weighted,burst_hotspot,dma_stream,in_order,none,96
RUN-001605,dma_burst_seq,849178055,constrained,corner,0x5900,4,random,0.627,0.68,balanced,128,10,36,27,5,fixed,ping_pong,console,in_order,none,192
RUN-001606,reset_recovery_seq,36363525,full_random,corner,0xa200,4,walking_ones,0.213,0.22,balanced,8,5,370,0,4,weighted,uniform,sensor_poll,in_order,none,768
RUN-001607,irq_storm_seq,972177632,constrained,default,0x2600,16,random,0.322,0.62,reg_rd,64,4,70,14,3,weighted,ping_pong,boot,in_order,none,768
RUN-001608,uart_loopback_seq,1966925504,full_random,default,0x4000,4,walking_ones,0.366,0.57,reg_wr,8,25,154,0,1,fixed,burst_hotspot,boot,in_order,none,96
RUN-001609,backpressure_seq,1590035943,constrained,default,0xae00,64,all_ones,0.272,0.64,balanced,64,13,317,9,5,fixed,sparse,boot,out_of_order,bitflip,48
RUN-001610,parity_stress_seq,1462960323,constrained,default,0x6b00,4,random,0.195,0.41,balanced,8,11,324,4,8,fixed,ping_pong,dma_stream,out_of_order,glitch,48
RUN-001611,uart_loopback_seq,742303302,constrained,stress,0xf700,4,incremental,0.13,0.74,reg_wr,16,2,249,14,9,weighted,sparse,sensor_poll,out_of_order,bitflip,192
RUN-001612,uart_loopback_seq,1061644238,constrained,stress,0xf400,64,incremental,0.49,0.79,reg_rd,64,5,353,14,9,weighted,sparse,console,in_order,none,192
RUN-001613,dma_burst_seq,920233685,full_random,stress,0x0000,64,random,0.38,0.54,reg_wr,64,9,273,2,2,fixed,uniform,boot,in_order,none,48
RUN-001614,uart_loopback_seq,196761252,full_random,corner,0x6100,16,walking_ones,0.888,0.35,reg_wr,16,22,44,21,6,fixed,burst_hotspot,console,in_order,none,48
RUN-001615,backpressure_seq,1461912897,constrained,default,0x2a00,16,incremental,0.326,0.24,balanced,128,8,71,21,9,weighted,burst_hotspot,console,in_order,bitflip,96
RUN-001616,backpressure_seq,1811783339,constrained,corner,0xf300,16,random,0.775,0.66,balanced,16,1,251,5,3,weighted,uniform,sensor_poll,in_order,none,192
RUN-001617,dma_burst_seq,1643301454,full_random,corner,0xce00,16,random,0.643,0.26,reg_rd,16,28,76,24,4,fixed,ping_pong,sensor_poll,out_of_order,none,384
RUN-001618,dma_burst_seq,1132936561,full_random,default,0x5800,4,all_ones,0.195,0.25,reg_wr,8,20,63,26,8,weighted,uniform,sensor_poll,in_order,glitch,96
RUN-001619,backpressure_seq,747820668,constrained,stress,0xff00,4,random,0.256,0.69,reg_wr,64,16,179,20,2,weighted,sparse,console,out_of_order,glitch,192
RUN-001620,reg_sweep_seq,2000140607,constrained,corner,0x4e00,4,random,0.554,0.57,balanced,64,29,237,1,9,fixed,ping_pong,dma_stream,in_order,none,768
RUN-001621,backpressure_seq,1436121924,constrained,corner,0x5f00,4,incremental,0.106,0.29,reg_rd,64,10,144,7,11,fixed,uniform,sensor_poll,in_order,bitflip,48
RUN-001622,uart_loopback_seq,1339521889,constrained,stress,0x7c00,16,incremental,0.628,0.46,balanced,16,22,187,11,0,weighted,sparse,console,in_order,glitch,384
RUN-001623,dma_burst_seq,388240742,constrained,corner,0x1300,16,random,0.463,0.49,reg_wr,16,8,350,16,8,fixed,ping_pong,dma_stream,in_order,none,384
RUN-001624,reg_sweep_seq,1749059239,constrained,stress,0x5100,4,random,0.127,0.59,reg_wr,8,27,98,20,0,weighted,uniform,dma_stream,in_order,bitflip,768
RUN-001625,parity_stress_seq,133326688,constrained,stress,0x3a00,64,random,0.82,0.7,balanced,16,38,367,21,1,fixed,uniform,dma_stream,in_order,none,48
RUN-001626,reset_recovery_seq,1533759846,directed,stress,0x7200,64,random,0.725,0.44,reg_rd,8,8,330,11,3,weighted,sparse,boot,in_order,bitflip,96
RUN-001627,dma_burst_seq,743436168,constrained,default,0x0300,16,walking_ones,0.179,0.49,reg_rd,128,36,224,21,3,fixed,burst_hotspot,dma_stream,out_of_order,bitflip,48
RUN-001628,dma_burst_seq,1000449561,constrained,default,0xcd00,4,incremental,0.86,0.34,balanced,8,11,84,25,2,fixed,uniform,sensor_poll,in_order,bitflip,768
RUN-001629,reg_sweep_seq,1203706035,full_random,default,0xab00,16,all_ones,0.344,0.54,reg_rd,16,3,192,16,6,weighted,sparse,dma_stream,out_of_order,glitch,192
RUN-001630,irq_storm_seq,1930697839,constrained,stress,0x4200,4,walking_ones,0.147,0.21,reg_wr,16,24,164,25,2,fixed,burst_hotspot,dma_stream,in_order,glitch,384
RUN-001631,uart_loopback_seq,1640493598,constrained,stress,0x4f00,4,random,0.288,0.49,reg_wr,64,34,369,8,1,fixed,burst_hotspot,sensor_poll,in_order,bitflip,384
RUN-001632,irq_storm_seq,1413892987,constrained,stress,0x3300,16,incremental,0.024,0.53,reg_rd,64,3,139,6,2,fixed,uniform,console,out_of_order,glitch,96
RUN-001633,uart_loopback_seq,64956536,constrained,default,0xd900,16,walking_ones,0.862,0.21,reg_wr,8,26,55,29,11,weighted,ping_pong,sensor_poll,in_order,glitch,768
RUN-001634,irq_storm_seq,1955070964,full_random,default,0x9400,4,random,0.087,0.21,balanced,8,15,105,17,2,fixed,burst_hotspot,dma_stream,in_order,bitflip,384
RUN-001635,parity_stress_seq,876787003,constrained,default,0xc900,16,all_ones,0.426,0.26,balanced,64,36,54,15,1,weighted,uniform,boot,in_order,glitch,192
RUN-001636,parity_stress_seq,1330509767,constrained,corner,0x5f00,64,incremental,0.655,0.78,balanced,8,31,186,16,8,fixed,burst_hotspot,dma_stream,in_order,none,384
RUN-001637,reset_recovery_seq,480627168,constrained,corner,0x6c00,4,incremental,0.644,0.26,reg_wr,8,1,170,0,3,weighted,ping_pong,console,in_order,none,192
RUN-001638,backpressure_seq,933630666,constrained,stress,0x7600,64,incremental,0.613,0.59,reg_rd,64,39,364,6,11,weighted,burst_hotspot,sensor_poll,in_order,glitch,384
RUN-001639,dma_burst_seq,570097075,constrained,default,0xcf00,4,random,0.502,0.25,balanced,16,12,327,16,5,weighted,sparse,dma_stream,in_order,glitch,384
RUN-001640,reset_recovery_seq,862089842,constrained,default,0x7200,64,walking_ones,0.722,0.46,reg_wr,16,9,185,5,6,weighted,uniform,console,in_order,bitflip,192
RUN-001641,irq_storm_seq,307767156,directed,default,0x6c00,64,incremental,0.934,0.23,balanced,128,37,282,29,0,fixed,uniform,sensor_poll,in_order,none,96
RUN-001642,backpressure_seq,1766427916,directed,corner,0x3d00,64,walking_ones,0.725,0.49,reg_rd,16,5,325,7,3,fixed,burst_hotspot,dma_stream,in_order,bitflip,384
RUN-001643,irq_storm_seq,510575390,full_random,stress,0x9300,16,incremental,0.247,0.47,reg_rd,64,38,149,25,4,fixed,uniform,sensor_poll,in_order,bitflip,768
RUN-001644,reg_sweep_seq,1780844482,full_random,default,0xda00,16,random,0.309,0.58,balanced,8,35,345,5,0,fixed,sparse,console,in_order,none,48
RUN-001645,irq_storm_seq,1693423917,constrained,default,0xce00,64,incremental,0.511,0.56,reg_rd,8,33,170,10,7,weighted,ping_pong,sensor_poll,out_of_order,bitflip,48
RUN-001646,dma_burst_seq,1188141962,constrained,stress,0xb300,64,walking_ones,0.571,0.27,reg_wr,8,5,217,16,2,weighted,uniform,boot,in_order,none,48
RUN-001647,reset_recovery_seq,37658520,constrained,stress,0x7b00,64,walking_ones,0.735,0.24,reg_rd,64,10,62,28,9,fixed,uniform,dma_stream,in_order,glitch,384
RUN-001648,reg_sweep_seq,379334850,directed,corner,0xac00,16,walking_ones,0.355,0.39,reg_wr,16,6,272,6,0,weighted,ping_pong,dma_stream,in_order,bitflip,768
RUN-001649,dma_burst_seq,624467071,constrained,default,0x0300,16,all_ones,0.58,0.62,reg_wr,8,19,81,10,2,fixed,ping_pong,boot,in_order,none,192
RUN-001650,uart_loopback_seq,1519534022,constrained,default,0xe400,64,random,0.563,0.52,balanced,8,1,21,19,11,fixed,uniform,boot,in_order,none,96
RUN-001651,irq_storm_seq,1661467746,full_random,stress,0x7900,64,random,0.376,0.2,reg_wr,16,22,398,10,11,fixed,sparse,dma_stream,out_of_order,none,384
RUN-001652,reset_recovery_seq,1785434451,constrained,stress,0xec00,64,all_ones,0.541,0.54,reg_rd,128,15,371,31,7,fixed,burst_hotspot,dma_stream,in_order,none,384
RUN-001653,parity_stress_seq,1069376181,constrained,corner,0xa300,64,random,0.378,0.78,reg_wr,128,6,325,13,4,fixed,sparse,console,in_order,none,48
RUN-001654,uart_loopback_seq,772280074,full_random,default,0x9600,4,random,0.615,0.32,reg_rd,128,5,222,14,0,weighted,uniform,dma_stream,in_order,none,192
RUN-001655,dma_burst_seq,2102800613,constrained,default,0x3400,4,walking_ones,0.371,0.55,balanced,16,8,308,16,2,fixed,ping_pong,dma_stream,in_order,none,192
RUN-001656,parity_stress_seq,827746275,constrained,corner,0x7a00,16,walking_ones,0.405,0.57,balanced,128,9,73,20,4,weighted,uniform,boot,in_order,none,384
RUN-001657,reset_recovery_seq,1292725573,directed,corner,0xf500,16,random,0.669,0.34,reg_rd,8,16,303,2,1,fixed,ping_pong,console,in_order,none,768
RUN-001658,uart_loopback_seq,1334322617,constrained,stress,0x2900,4,random,0.058,0.46,balanced,128,3,181,27,8,fixed,burst_hotspot,dma_stream,in_order,none,768
RUN-001659,reg_sweep_seq,844542399,directed,default,0x1300,4,random,0.094,0.78,balanced,16,1,101,2,7,weighted,burst_hotspot,dma_stream,in_order,none,768
RUN-001660,irq_storm_seq,1694160029,directed,default,0xa900,64,all_ones,0.638,0.65,reg_rd,128,36,393,26,10,weighted,sparse,boot,in_order,none,48
RUN-001661,reg_sweep_seq,1930226899,constrained,default,0x3c00,16,walking_ones,0.531,0.76,balanced,16,20,132,8,9,fixed,uniform,dma_stream,in_order,none,192
RUN-001662,reg_sweep_seq,1303886031,directed,corner,0x1400,16,random,0.64,0.58,reg_wr,8,27,78,12,10,weighted,sparse,console,out_of_order,none,192
RUN-001663,reset_recovery_seq,311500670,directed,corner,0xbe00,64,random,0.438,0.27,balanced,64,5,310,22,5,fixed,uniform,console,in_order,none,384
RUN-001664,reg_sweep_seq,550661876,constrained,corner,0x1b00,16,incremental,0.442,0.52,balanced,16,24,392,27,11,weighted,burst_hotspot,console,in_order,none,48
RUN-001665,irq_storm_seq,1788098195,full_random,stress,0xf900,4,random,0.237,0.44,reg_rd,16,36,241,9,5,fixed,burst_hotspot,sensor_poll,in_order,none,96
RUN-001666,dma_burst_seq,908966069,full_random,default,0xc100,16,random,0.594,0.47,balanced,16,6,117,4,4,weighted,ping_pong,dma_stream,in_order,none,192
RUN-001667,reg_sweep_seq,1549638577,directed,corner,0xdd00,4,random,0.55,0.24,reg_rd,128,21,394,3,4,fixed,burst_hotspot,boot,out_of_order,none,192
RUN-001668,reg_sweep_seq,1189396147,constrained,default,0x2d00,64,incremental,0.561,0.56,balanced,16,32,157,13,3,weighted,burst_hotspot,dma_stream,in_order,none,384
RUN-001669,dma_burst_seq,12058996,constrained,corner,0x3700,16,random,0.351,0.24,reg_wr,64,18,204,22,2,weighted,uniform,console,out_of_order,glitch,384
RUN-001670,reg_sweep_seq,1853112294,constrained,default,0xdb00,64,walking_ones,0.556,0.28,reg_rd,8,1,140,9,7,weighted,burst_hotspot,console,in_order,none,384
RUN-001671,irq_storm_seq,223781963,constrained,default,0xea00,16,walking_ones,0.779,0.66,reg_rd,8,37,409,4,7,weighted,sparse,console,out_of_order,none,384
RUN-001672,parity_stress_seq,1178686643,constrained,default,0xf400,4,random,0.858,0.38,reg_wr,16,25,187,0,11,fixed,uniform,console,in_order,bitflip,96
RUN-001673,parity_stress_seq,2029099810,constrained,default,0x2400,64,random,0.342,0.4,balanced,8,1,175,26,5,fixed,burst_hotspot,dma_stream,in_order,none,384
RUN-001674,irq_storm_seq,105765343,constrained,corner,0x3800,16,all_ones,0.184,0.22,reg_rd,64,39,111,1,11,weighted,uniform,sensor_poll,in_order,none,768
RUN-001675,uart_loopback_seq,1717386004,constrained,corner,0x5400,16,random,0.463,0.71,balanced,128,19,352,12,6,fixed,sparse,sensor_poll,out_of_order,none,384
RUN-001676,reset_recovery_seq,801127626,constrained,stress,0x4100,4,walking_ones,0.786,0.57,balanced,8,3,242,15,4,fixed,uniform,console,out_of_order,glitch,768
RUN-001677,irq_storm_seq,1460159064,constrained,stress,0x9f00,16,random,0.745,0.68,reg_wr,8,12,300,31,6,fixed,uniform,console,in_order,glitch,96
RUN-001678,backpressure_seq,429523985,constrained,default,0xe800,64,all_ones,0.313,0.3,balanced,64,9,198,5,11,fixed,sparse,sensor_poll,in_order,bitflip,96
RUN-001679,backpressure_seq,1518801465,constrained,corner,0x7d00,4,random,0.099,0.59,reg_wr,128,25,199,17,9,weighted,ping_pong,sensor_poll,in_order,none,192
RUN-001680,dma_burst_seq,149067743,constrained,corner,0xb100,4,random,0.024,0.61,balanced,8,36,354,12,8,weighted,sparse,dma_stream,in_order,none,768
RUN-001681,reg_sweep_seq,631341186,constrained,default,0x4200,16,all_ones,0.884,0.74,reg_rd,64,11,290,14,2,weighted,sparse,dma_stream,in_order,none,384
RUN-001682,reg_sweep_seq,346386365,full_random,corner,0xb500,16,random,0.747,0.76,reg_rd,8,3,160,12,2,fixed,ping_pong,console,out_of_order,bitflip,384
RUN-001683,reg_sweep_seq,1397474397,constrained,default,0x9100,64,random,0.538,0.74,reg_rd,16,29,233,15,0,fixed,sparse,dma_stream,in_order,none,96
RUN-001684,reset_recovery_seq,358716824,constrained,stress,0x3900,16,incremental,0.613,0.58,reg_rd,16,13,33,3,8,fixed,burst_hotspot,console,in_order,glitch,384
RUN-001685,parity_stress_seq,326424692,constrained,stress,0x2a00,16,random,0.474,0.25,reg_wr,16,14,318,31,10,weighted,burst_hotspot,dma_stream,in_order,bitflip,192
RUN-001686,dma_burst_seq,1299824449,constrained,corner,0x6f00,16,random,0.118,0.56,reg_wr,8,33,237,18,3,weighted,ping_pong,console,out_of_order,none,48
RUN-001687,reg_sweep_seq,848321292,full_random,default,0x8400,16,random,0.326,0.61,balanced,128,21,145,12,3,fixed,burst_hotspot,boot,in_order,glitch,96
RUN-001688,reg_sweep_seq,1933510116,constrained,default,0x9700,16,random,0.865,0.38,reg_rd,128,2,237,15,11,fixed,sparse,boot,in_order,bitflip,96
RUN-001689,parity_stress_seq,1583354775,constrained,stress,0x0900,16,incremental,0.236,0.68,reg_wr,128,21,265,10,0,fixed,burst_hotspot,sensor_poll,in_order,glitch,384
RUN-001690,parity_stress_seq,2035429782,constrained,default,0x1000,4,incremental,0.745,0.36,balanced,64,19,313,15,2,fixed,uniform,sensor_poll,out_of_order,none,96
RUN-001691,dma_burst_seq,657315137,full_random,corner,0x9000,16,all_ones,0.752,0.6,reg_wr,8,13,194,16,9,weighted,sparse,dma_stream,in_order,bitflip,384
RUN-001692,irq_storm_seq,266543332,constrained,default,0xf000,16,walking_ones,0.568,0.46,reg_rd,8,11,97,28,8,fixed,uniform,boot,in_order,bitflip,384
RUN-001693,dma_burst_seq,578361889,constrained,corner,0xac00,16,random,0.816,0.7,reg_wr,64,10,310,1,0,weighted,ping_pong,boot,out_of_order,none,48
RUN-001694,dma_burst_seq,134403564,constrained,stress,0x9c00,4,all_ones,0.639,0.64,balanced,16,36,399,13,11,fixed,ping_pong,console,in_order,none,384
RUN-001695,backpressure_seq,825359865,constrained,corner,0xcd00,64,incremental,0.617,0.63,balanced,16,22,185,6,2,fixed,burst_hotspot,sensor_poll,in_order,bitflip,192
RUN-001696,uart_loopback_seq,1795649861,constrained,corner,0x5c00,64,random,0.351,0.76,reg_rd,64,2,57,18,9,weighted,sparse,dma_stream,in_order,none,768
RUN-001697,parity_stress_seq,1552949612,full_random,stress,0x7800,64,random,0.785,0.39,reg_wr,16,37,256,5,8,fixed,sparse,dma_stream,in_order,none,96
RUN-001698,dma_burst_seq,1883176926,full_random,default,0x2b00,16,incremental,0.407,0.63,reg_rd,16,21,240,26,0,fixed,ping_pong,boot,out_of_order,glitch,192
RUN-001699,backpressure_seq,1609020807,constrained,default,0x9c00,16,random,0.792,0.32,balanced,8,18,166,16,5,weighted,sparse,console,in_order,bitflip,384
RUN-001700,irq_storm_seq,688469869,full_random,default,0x9b00,64,random,0.625,0.31,reg_wr,64,33,309,26,10,weighted,uniform,boot,in_order,none,384
RUN-001701,reset_recovery_seq,1737097304,constrained,default,0xce00,4,random,0.881,0.56,reg_wr,16,11,218,2,7,fixed,uniform,dma_stream,in_order,none,192
RUN-001702,dma_burst_seq,409537769,constrained,default,0xda00,4,random,0.247,0.52,balanced,8,8,18,28,5,weighted,sparse,boot,out_of_order,bitflip,192
RUN-001703,backpressure_seq,35214878,constrained,corner,0xd000,16,random,0.355,0.69,balanced,16,39,347,28,5,fixed,ping_pong,console,in_order,glitch,192
RUN-001704,uart_loopback_seq,2138295883,constrained,stress,0x8700,64,incremental,0.266,0.2,balanced,16,5,200,6,0,fixed,ping_pong,dma_stream,in_order,glitch,768
RUN-001705,reg_sweep_seq,1971821862,constrained,default,0x6700,16,walking_ones,0.39,0.57,reg_wr,64,1,363,27,6,fixed,uniform,console,in_order,none,192
RUN-001706,irq_storm_seq,1773591381,constrained,stress,0xc600,16,walking_ones,0.436,0.64,reg_rd,8,17,142,13,7,fixed,burst_hotspot,console,out_of_order,glitch,768
RUN-001707,uart_loopback_seq,612164231,constrained,corner,0x5600,4,incremental,0.644,0.42,balanced,128,32,262,23,9,fixed,sparse,console,in_order,bitflip,192
RUN-001708,parity_stress_seq,1295606920,constrained,corner,0x1700,4,random,0.523,0.54,reg_wr,64,22,294,21,1,weighted,ping_pong,console,in_order,none,96
RUN-001709,uart_loopback_seq,936711356,constrained,corner,0x8a00,16,all_ones,0.354,0.34,reg_rd,8,30,82,28,10,weighted,burst_hotspot,console,out_of_order,none,192
RUN-001710,reg_sweep_seq,1450264815,full_random,default,0xfb00,16,random,0.173,0.53,balanced,8,18,408,10,1,fixed,ping_pong,sensor_poll,in_order,glitch,384
RUN-001711,dma_burst_seq,1019997573,constrained,corner,0x2500,16,walking_ones,0.488,0.47,reg_rd,16,26,297,13,6,fixed,sparse,boot,in_order,none,768
RUN-001712,dma_burst_seq,587652620,constrained,stress,0x4500,4,walking_ones,0.143,0.33,balanced,8,2,210,13,11,weighted,ping_pong,sensor_poll,in_order,glitch,48
RUN-001713,reg_sweep_seq,464983720,constrained,corner,0x1100,4,all_ones,0.253,0.5,reg_rd,64,11,156,25,7,weighted,ping_pong,console,in_order,bitflip,768
RUN-001714,dma_burst_seq,1036481670,constrained,corner,0x5400,16,random,0.194,0.37,balanced,16,19,388,6,6,weighted,uniform,sensor_poll,in_order,none,192
RUN-001715,reset_recovery_seq,1812364137,constrained,corner,0x8200,16,random,0.591,0.39,balanced,16,9,210,16,9,fixed,burst_hotspot,dma_stream,out_of_order,none,192
RUN-001716,dma_burst_seq,107844422,constrained,default,0x4000,4,all_ones,0.321,0.66,reg_rd,64,14,130,27,0,fixed,burst_hotspot,sensor_poll,out_of_order,bitflip,192
RUN-001717,uart_loopback_seq,1033865436,constrained,default,0xec00,64,incremental,0.077,0.6,reg_rd,16,17,416,4,6,weighted,uniform,dma_stream,in_order,glitch,96
RUN-001718,reg_sweep_seq,91914879,constrained,corner,0xd100,16,random,0.275,0.7,reg_wr,8,10,30,26,5,weighted,sparse,boot,out_of_order,none,96
RUN-001719,reg_sweep_seq,564364473,full_random,corner,0x8300,4,walking_ones,0.654,0.71,reg_wr,16,32,198,6,0,fixed,burst_hotspot,console,in_order,none,384
RUN-001720,dma_burst_seq,553839198,constrained,corner,0x9300,64,random,0.525,0.77,reg_wr,8,25,383,17,3,fixed,burst_hotspot,sensor_poll,in_order,bitflip,192
RUN-001721,uart_loopback_seq,1890177416,constrained,default,0x2400,4,random,0.387,0.4,balanced,128,20,168,6,7,weighted,burst_hotspot,console,out_of_order,none,48
RUN-001722,reg_sweep_seq,376634111,constrained,default,0x7700,16,random,0.067,0.32,balanced,16,26,228,20,9,fixed,uniform,console,out_of_order,bitflip,384
RUN-001723,parity_stress_seq,681243516,constrained,default,0xdb00,4,all_ones,0.574,0.59,balanced,8,3,320,13,4,fixed,uniform,dma_stream,out_of_order,none,768
RUN-001724,parity_stress_seq,152992453,full_random,stress,0x1700,16,random,0.178,0.69,reg_wr,8,3,306,16,11,fixed,burst_hotspot,dma_stream,in_order,glitch,768
RUN-001725,uart_loopback_seq,1185497887,constrained,default,0x6400,16,walking_ones,0.271,0.54,reg_wr,64,26,353,7,7,weighted,uniform,console,out_of_order,none,192
RUN-001726,backpressure_seq,1655027289,full_random,default,0xee00,4,random,0.15,0.23,balanced,64,35,352,21,3,fixed,uniform,boot,in_order,none,384
RUN-001727,irq_storm_seq,165378263,constrained,default,0x0200,16,random,0.454,0.79,balanced,16,13,58,23,1,fixed,burst_hotspot,boot,in_order,bitflip,96
RUN-001728,reset_recovery_seq,1073917984,directed,stress,0x9800,16,incremental,0.449,0.25,reg_rd,8,37,331,17,1,fixed,ping_pong,console,in_order,none,384
RUN-001729,uart_loopback_seq,1071241118,full_random,stress,0x4f00,64,random,0.678,0.2,reg_wr,8,20,326,16,11,weighted,sparse,console,in_order,none,384
RUN-001730,backpressure_seq,1403620175,constrained,default,0x8b00,16,random,0.342,0.75,reg_rd,16,18,205,19,1,weighted,uniform,dma_stream,in_order,none,96
RUN-001731,backpressure_seq,891547535,constrained,stress,0xf300,64,incremental,0.331,0.54,reg_wr,128,35,126,1,9,weighted,ping_pong,sensor_poll,in_order,glitch,48
RUN-001732,reset_recovery_seq,2065704312,constrained,default,0xbf00,16,all_ones,0.363,0.27,reg_wr,8,27,84,12,6,weighted,uniform,boot,in_order,glitch,192
RUN-001733,reset_recovery_seq,1437970455,directed,corner,0x4700,4,random,0.253,0.5,reg_rd,16,32,140,30,0,fixed,uniform,sensor_poll,out_of_order,none,384
RUN-001734,reset_recovery_seq,568489437,constrained,default,0xfa00,64,incremental,0.623,0.31,balanced,16,33,188,11,7,fixed,uniform,console,in_order,none,48
RUN-001735,reg_sweep_seq,1801387396,constrained,stress,0x5500,4,random,0.203,0.53,balanced,64,23,44,12,0,weighted,uniform,dma_stream,in_order,glitch,192
RUN-001736,reset_recovery_seq,470158820,constrained,default,0xb300,64,incremental,0.537,0.51,reg_wr,64,6,113,3,6,fixed,burst_hotspot,boot,in_order,none,48
RUN-001737,dma_burst_seq,1228178739,constrained,stress,0x4100,4,walking_ones,0.246,0.68,balanced,8,8,388,19,11,fixed,sparse,dma_stream,out_of_order,none,768
RUN-001738,irq_storm_seq,1884814022,full_random,corner,0x3300,4,random,0.606,0.32,balanced,128,23,143,26,6,fixed,uniform,boot,in_order,none,48
RUN-001739,uart_loopback_seq,2041718587,constrained,corner,0x4100,4,walking_ones,0.4,0.51,reg_wr,8,17,27,1,8,weighted,uniform,console,out_of_order,none,96
RUN-001740,uart_loopback_seq,785312844,constrained,corner,0x2a00,16,random,0.258,0.44,balanced,64,30,309,20,10,weighted,sparse,dma_stream,in_order,glitch,192
RUN-001741,reg_sweep_seq,1495541038,constrained,default,0xf600,16,random,0.212,0.25,balanced,128,17,229,17,10,weighted,uniform,console,in_order,none,192
RUN-001742,reg_sweep_seq,204589181,constrained,stress,0x2700,16,incremental,0.219,0.64,balanced,16,20,243,27,3,weighted,uniform,dma_stream,in_order,none,768
RUN-001743,dma_burst_seq,1428781774,directed,default,0xc700,64,random,0.42,0.53,reg_rd,16,7,74,14,7,weighted,burst_hotspot,boot,in_order,glitch,768
RUN-001744,reset_recovery_seq,1592209825,constrained,corner,0x7400,4,random,0.724,0.41,reg_rd,64,1,227,24,11,fixed,sparse,console,in_order,none,48
RUN-001745,irq_storm_seq,1180227530,full_random,default,0xfe00,16,walking_ones,0.43,0.29,reg_rd,16,14,279,14,2,weighted,burst_hotspot,boot,in_order,bitflip,384
RUN-001746,uart_loopback_seq,2094928859,constrained,corner,0x9900,16,walking_ones,0.113,0.39,reg_wr,128,23,92,18,10,fixed,uniform,boot,in_order,glitch,96
RUN-001747,reg_sweep_seq,1075083520,constrained,corner,0x8900,64,walking_ones,0.03,0.23,reg_rd,16,6,125,25,10,fixed,sparse,boot,in_order,none,768
RUN-001748,irq_storm_seq,1515498390,full_random,default,0x3900,4,incremental,0.502,0.24,reg_wr,128,2,207,3,2,weighted,burst_hotspot,dma_stream,in_order,none,192
RUN-001749,reset_recovery_seq,1095585612,constrained,default,0xe100,16,random,0.491,0.67,reg_wr,64,10,296,21,11,fixed,burst_hotspot,dma_stream,in_order,bitflip,384
RUN-001750,backpressure_seq,1524626750,constrained,default,0x4b00,4,random,0.808,0.45,balanced,8,39,180,26,11,weighted,sparse,console,in_order,none,768
RUN-001751,dma_burst_seq,1661078165,directed,default,0xc600,16,all_ones,0.245,0.24,reg_rd,16,17,344,18,5,fixed,burst_hotspot,dma_stream,out_of_order,none,384
RUN-001752,parity_stress_seq,1316717563,constrained,corner,0xe000,64,walking_ones,0.574,0.72,balanced,8,6,316,25,4,weighted,burst_hotspot,sensor_poll,in_order,none,96
RUN-001753,irq_storm_seq,769010875,constrained,corner,0x0b00,16,walking_ones,0.269,0.78,balanced,16,15,47,10,0,fixed,ping_pong,dma_stream,in_order,none,48
RUN-001754,uart_loopback_seq,1147481614,constrained,stress,0xfb00,64,walking_ones,0.143,0.42,balanced,128,35,228,27,7,fixed,uniform,dma_stream,in_order,glitch,384
RUN-001755,irq_storm_seq,1867964944,constrained,default,0xf400,64,all_ones,0.104,0.21,reg_rd,128,15,208,22,1,fixed,sparse,dma_stream,in_order,bitflip,192
RUN-001756,irq_storm_seq,1039970625,full_random,default,0xb300,16,incremental,0.2,0.39,reg_rd,64,5,202,16,9,weighted,ping_pong,dma_stream,in_order,none,768
RUN-001757,backpressure_seq,1326862296,constrained,corner,0x4d00,16,random,0.399,0.6,reg_wr,128,10,279,13,11,fixed,ping_pong,console,out_of_order,none,192
RUN-001758,parity_stress_seq,1861710949,constrained,default,0x4b00,16,random,0.165,0.23,reg_rd,16,17,132,3,10,weighted,ping_pong,boot,in_order,none,192
RUN-001759,uart_loopback_seq,1960324220,constrained,default,0xa400,64,walking_ones,0.303,0.76,balanced,8,20,46,0,2,fixed,ping_pong,console,in_order,bitflip,192
RUN-001760,uart_loopback_seq,1947525269,constrained,corner,0xfc00,64,random,0.312,0.41,reg_wr,128,21,318,17,10,fixed,sparse,boot,in_order,bitflip,96
RUN-001761,dma_burst_seq,381932855,constrained,default,0x1800,4,random,0.541,0.59,balanced,16,36,213,16,11,fixed,sparse,sensor_poll,in_order,none,192
RUN-001762,irq_storm_seq,912150859,constrained,default,0xfb00,64,incremental,0.563,0.69,balanced,16,24,319,5,0,fixed,uniform,dma_stream,in_order,glitch,192
RUN-001763,reg_sweep_seq,43437369,full_random,corner,0x0d00,4,random,0.615,0.33,reg_rd,128,25,313,16,11,weighted,ping_pong,console,in_order,none,768
RUN-001764,irq_storm_seq,736539284,constrained,corner,0x5a00,64,all_ones,0.462,0.26,reg_rd,64,18,85,25,11,weighted,uniform,sensor_poll,out_of_order,none,96
RUN-001765,uart_loopback_seq,130235353,constrained,stress,0xa800,64,walking_ones,0.673,0.41,reg_wr,8,27,412,24,8,weighted,ping_pong,boot,in_order,glitch,48
RUN-001766,reg_sweep_seq,886346927,directed,default,0xe100,16,random,0.412,0.44,reg_rd,128,4,290,11,1,weighted,sparse,dma_stream,in_order,none,384
RUN-001767,irq_storm_seq,901864931,constrained,default,0xb300,16,incremental,0.387,0.27,reg_wr,16,0,378,31,10,weighted,burst_hotspot,sensor_poll,in_order,bitflip,96
RUN-001768,reset_recovery_seq,372382895,constrained,stress,0xd700,4,random,0.137,0.72,reg_rd,8,8,119,29,10,fixed,ping_pong,boot,in_order,none,384
RUN-001769,irq_storm_seq,1643667903,constrained,corner,0x0600,64,random,0.622,0.53,reg_rd,8,4,398,25,8,weighted,burst_hotspot,boot,in_order,glitch,48
RUN-001770,parity_stress_seq,1908402466,constrained,stress,0x8f00,16,random,0.349,0.35,balanced,64,21,169,0,7,fixed,uniform,console,in_order,bitflip,384
RUN-001771,irq_storm_seq,1240500956,full_random,default,0xfa00,4,walking_ones,0.396,0.61,reg_rd,8,21,107,31,7,weighted,sparse,dma_stream,in_order,none,48
RUN-001772,backpressure_seq,1950814472,constrained,default,0x3e00,16,walking_ones,0.018,0.48,balanced,8,38,304,21,6,fixed,burst_hotspot,console,in_order,bitflip,192
RUN-001773,reg_sweep_seq,1514512793,constrained,default,0xc000,4,walking_ones,0.672,0.55,reg_wr,16,24,54,12,10,fixed,uniform,sensor_poll,out_of_order,glitch,384
RUN-001774,uart_loopback_seq,128201918,constrained,default,0x4700,16,random,0.367,0.5,reg_wr,128,3,248,16,1,weighted,sparse,dma_stream,out_of_order,none,192
RUN-001775,parity_stress_seq,1916187127,constrained,stress,0x2900,16,random,0.47,0.49,balanced,16,21,190,0,2,weighted,uniform,sensor_poll,in_order,bitflip,192
RUN-001776,dma_burst_seq,238181691,full_random,default,0xc900,64,random,0.311,0.5,reg_rd,128,28,371,4,8,weighted,ping_pong,console,in_order,glitch,48
RUN-001777,dma_burst_seq,689950131,directed,default,0x5e00,4,random,0.241,0.43,balanced,16,6,132,22,7,fixed,sparse,console,in_order,none,768
RUN-001778,reg_sweep_seq,877527751,constrained,corner,0xd700,16,incremental,0.103,0.37,balanced,16,11,137,4,3,fixed,sparse,sensor_poll,in_order,glitch,192
RUN-001779,parity_stress_seq,2115506830,directed,corner,0x7000,4,incremental,0.322,0.65,reg_wr,16,16,187,23,0,weighted,ping_pong,boot,in_order,bitflip,192
RUN-001780,reg_sweep_seq,1451544274,full_random,default,0xa400,16,incremental,0.444,0.4,reg_wr,128,29,275,29,4,weighted,ping_pong,console,in_order,bitflip,384
RUN-001781,uart_loopback_seq,1668978776,constrained,default,0x5f00,64,all_ones,0.297,0.32,reg_rd,8,1,338,7,4,weighted,burst_hotspot,sensor_poll,in_order,bitflip,96
RUN-001782,uart_loopback_seq,847723189,full_random,corner,0xf800,16,random,0.605,0.75,balanced,64,9,58,26,0,fixed,uniform,dma_stream,out_of_order,glitch,192
RUN-001783,reg_sweep_seq,664414055,directed,default,0xe000,16,incremental,0.833,0.29,reg_wr,128,20,279,1,7,fixed,burst_hotspot,boot,out_of_order,none,768
RUN-001784,reg_sweep_seq,184869471,full_random,corner,0xc100,4,all_ones,0.437,0.74,reg_wr,16,0,83,29,0,fixed,sparse,console,in_order,none,192
RUN-001785,irq_storm_seq,1956542375,constrained,corner,0x3400,4,random,0.727,0.67,balanced,16,36,250,23,8,fixed,ping_pong,boot,in_order,none,192
RUN-001786,reset_recovery_seq,1057146808,constrained,stress,0xa600,64,incremental,0.381,0.42,reg_rd,16,0,374,10,0,fixed,ping_pong,boot,in_order,glitch,384
RUN-001787,uart_loopback_seq,2090099041,constrained,stress,0x8400,16,random,0.271,0.3,reg_rd,8,17,58,16,2,fixed,sparse,console,in_order,bitflip,384
RUN-001788,irq_storm_seq,1890738288,constrained,default,0x9900,4,walking_ones,0.037,0.53,balanced,128,13,191,15,11,weighted,uniform,sensor_poll,in_order,none,192
RUN-001789,irq_storm_seq,10828411,constrained,default,0x1e00,4,incremental,0.706,0.29,reg_wr,16,28,300,29,1,weighted,burst_hotspot,sensor_poll,in_order,glitch,192
RUN-001790,reset_recovery_seq,1919275298,full_random,corner,0x0b00,16,incremental,0.498,0.21,balanced,64,29,428,8,3,weighted,burst_hotspot,dma_stream,in_order,glitch,384
RUN-001791,irq_storm_seq,2090013867,constrained,default,0x7700,16,random,0.619,0.24,balanced,8,24,373,24,6,fixed,burst_hotspot,dma_stream,in_order,bitflip,48
RUN-001792,reg_sweep_seq,1516481129,constrained,stress,0xe900,16,random,0.353,0.78,reg_wr,16,23,308,23,8,fixed,uniform,boot,out_of_order,none,48
RUN-001793,dma_burst_seq,887180638,constrained,default,0x9100,16,incremental,0.424,0.35,reg_rd,64,6,382,4,9,fixed,uniform,dma_stream,in_order,bitflip,384
RUN-001794,dma_burst_seq,2107032673,full_random,stress,0x3f00,64,walking_ones,0.466,0.45,reg_wr,64,6,163,22,2,weighted,uniform,dma_stream,in_order,none,96
RUN-001795,uart_loopback_seq,92305938,constrained,corner,0x7600,64,random,0.651,0.54,reg_wr,8,11,22,2,1,fixed,sparse,boot,out_of_order,none,96
RUN-001796,irq_storm_seq,1402436997,constrained,stress,0xd200,4,incremental,0.215,0.62,balanced,16,20,136,10,10,fixed,uniform,sensor_poll,in_order,none,192
RUN-001797,dma_burst_seq,948484905,constrained,default,0xee00,16,incremental,0.514,0.3,reg_rd,16,15,124,19,0,fixed,ping_pong,dma_stream,in_order,glitch,192
RUN-001798,irq_storm_seq,530873788,directed,corner,0xb100,16,incremental,0.439,0.51,reg_wr,16,5,234,19,7,fixed,sparse,sensor_poll,out_of_order,bitflip,192
RUN-001799,reg_sweep_seq,1977435689,full_random,stress,0x2500,64,walking_ones,0.604,0.79,balanced,64,7,390,4,1,fixed,sparse,boot,in_order,glitch,192
RUN-001800,reset_recovery_seq,171225625,constrained,default,0x2200,16,random,0.422,0.63,reg_rd,64,13,45,3,1,fixed,sparse,dma_stream,in_order,none,192
RUN-001801,reset_recovery_seq,1515747660,constrained,corner,0x4f00,64,incremental,0.743,0.27,balanced,16,36,306,6,3,weighted,sparse,sensor_poll,in_order,none,384
RUN-001802,irq_storm_seq,199721489,constrained,corner,0x5b00,64,walking_ones,0.659,0.51,reg_wr,8,0,181,12,2,weighted,burst_hotspot,sensor_poll,out_of_order,none,384
RUN-001803,parity_stress_seq,2081963138,full_random,stress,0x4800,16,walking_ones,0.712,0.79,reg_rd,64,13,209,3,9,fixed,sparse,console,out_of_order,none,768
RUN-001804,reg_sweep_seq,1576699228,full_random,default,0x6000,64,all_ones,0.536,0.48,reg_rd,64,9,191,4,0,weighted,ping_pong,boot,out_of_order,glitch,96
RUN-001805,reg_sweep_seq,494537280,constrained,corner,0x4000,4,walking_ones,0.2,0.25,reg_wr,8,9,87,22,10,fixed,ping_pong,console,out_of_order,none,96
RUN-001806,dma_burst_seq,923365593,constrained,corner,0x2100,4,walking_ones,0.221,0.77,reg_rd,64,33,307,11,1,fixed,sparse,sensor_poll,in_order,none,96
RUN-001807,dma_burst_seq,56372046,constrained,corner,0xe400,4,all_ones,0.223,0.57,balanced,8,8,105,16,7,fixed,burst_hotspot,console,in_order,none,96
RUN-001808,dma_burst_seq,1849012930,directed,corner,0x2800,64,incremental,0.327,0.46,balanced,64,0,81,22,0,weighted,ping_pong,console,in_order,none,768
RUN-001809,uart_loopback_seq,2025553410,constrained,corner,0xb800,4,random,0.334,0.79,reg_rd,64,12,57,2,4,weighted,sparse,boot,in_order,glitch,384
RUN-001810,dma_burst_seq,407497768,constrained,stress,0x1400,4,incremental,0.293,0.76,reg_rd,16,4,69,14,3,weighted,ping_pong,dma_stream,out_of_order,none,384
RUN-001811,reg_sweep_seq,738306027,constrained,corner,0x5200,64,random,0.673,0.31,reg_rd,8,25,281,27,11,fixed,ping_pong,dma_stream,in_order,none,384
RUN-001812,irq_storm_seq,1647803869,constrained,default,0x3800,64,random,0.064,0.27,balanced,8,24,375,30,9,weighted,burst_hotspot,boot,in_order,none,192
RUN-001813,parity_stress_seq,1129410715,full_random,default,0x1200,16,random,0.623,0.54,balanced,16,24,250,18,9,fixed,sparse,dma_stream,in_order,none,96
RUN-001814,backpressure_seq,927564348,constrained,corner,0x2000,16,walking_ones,0.264,0.48,reg_rd,8,21,321,23,11,weighted,uniform,sensor_poll,in_order,none,48
RUN-001815,dma_burst_seq,321225423,constrained,stress,0xd800,64,all_ones,0.34,0.61,reg_rd,8,5,77,23,10,fixed,sparse,dma_stream,out_of_order,bitflip,384
RUN-001816,reg_sweep_seq,899967981,full_random,corner,0x4d00,4,walking_ones,0.404,0.54,reg_wr,16,5,156,0,3,fixed,burst_hotspot,sensor_poll,out_of_order,none,96
RUN-001817,uart_loopback_seq,686849922,constrained,default,0xc900,16,random,0.374,0.5,reg_rd,64,21,202,21,2,weighted,uniform,dma_stream,in_order,none,192
RUN-001818,reg_sweep_seq,33614141,full_random,stress,0xd900,4,random,0.108,0.59,balanced,64,19,282,2,2,weighted,sparse,console,in_order,none,96
RUN-001819,dma_burst_seq,512976255,constrained,corner,0x3300,16,random,0.282,0.67,reg_wr,64,29,223,22,11,fixed,burst_hotspot,console,out_of_order,bitflip,384
RUN-001820,uart_loopback_seq,1022057428,constrained,default,0xa000,4,incremental,0.569,0.48,reg_wr,128,2,241,17,11,fixed,sparse,sensor_poll,in_order,none,768
RUN-001821,reset_recovery_seq,1805191295,full_random,default,0x7100,4,random,0.221,0.5,reg_rd,64,36,52,2,1,weighted,burst_hotspot,console,in_order,none,768
RUN-001822,irq_storm_seq,452055419,constrained,corner,0x9800,4,random,0.698,0.34,reg_rd,16,23,308,12,11,weighted,ping_pong,boot,in_order,none,384
RUN-001823,irq_storm_seq,2123885444,full_random,corner,0x8900,4,random,0.032,0.32,reg_rd,64,27,98,21,4,fixed,uniform,console,in_order,none,96
RUN-001824,irq_storm_seq,223114140,directed,corner,0xbf00,4,random,0.5,0.52,balanced,64,4,28,30,1,fixed,uniform,dma_stream,out_of_order,bitflip,768
RUN-001825,reg_sweep_seq,163756548,full_random,stress,0x3000,64,incremental,0.805,0.59,reg_wr,64,30,230,19,3,weighted,ping_pong,console,out_of_order,none,384
RUN-001826,reg_sweep_seq,1694062732,constrained,default,0x6100,4,incremental,0.191,0.53,balanced,64,12,327,6,0,fixed,ping_pong,dma_stream,out_of_order,glitch,96
RUN-001827,dma_burst_seq,1214577245,full_random,corner,0xe700,4,random,0.291,0.65,balanced,64,31,50,29,5,fixed,burst_hotspot,boot,in_order,glitch,384
RUN-001828,parity_stress_seq,1210288174,full_random,default,0xcc00,16,incremental,0.422,0.43,balanced,16,24,358,30,7,fixed,ping_pong,sensor_poll,in_order,glitch,192
RUN-001829,reg_sweep_seq,897351079,full_random,default,0x8500,64,random,0.281,0.53,balanced,8,8,353,2,2,weighted,burst_hotspot,sensor_poll,in_order,none,384
RUN-001830,uart_loopback_seq,1582744296,directed,corner,0xd900,64,random,0.695,0.25,balanced,64,35,100,9,5,fixed,burst_hotspot,dma_stream,in_order,glitch,48
RUN-001831,backpressure_seq,684571205,directed,corner,0x5e00,4,random,0.242,0.24,reg_rd,8,23,110,1,4,fixed,uniform,sensor_poll,out_of_order,none,384
RUN-001832,parity_stress_seq,1837152273,constrained,default,0xf400,64,incremental,0.293,0.29,reg_wr,16,22,363,12,3,fixed,sparse,sensor_poll,in_order,bitflip,384
RUN-001833,backpressure_seq,215976454,constrained,stress,0x9600,16,random,0.118,0.44,reg_rd,64,13,339,29,4,weighted,ping_pong,sensor_poll,in_order,bitflip,48
RUN-001834,reset_recovery_seq,392915141,constrained,corner,0xc300,64,all_ones,0.453,0.78,reg_rd,64,13,274,19,9,weighted,sparse,dma_stream,in_order,glitch,48
RUN-001835,reset_recovery_seq,1560095126,constrained,corner,0x7c00,4,random,0.653,0.76,reg_rd,8,7,199,5,2,fixed,ping_pong,dma_stream,in_order,glitch,384
RUN-001836,reset_recovery_seq,1980755850,directed,default,0xa400,64,all_ones,0.682,0.49,reg_wr,64,17,406,7,10,fixed,uniform,dma_stream,out_of_order,glitch,48
RUN-001837,irq_storm_seq,94931847,constrained,default,0x1200,16,random,0.167,0.65,reg_rd,128,17,353,15,11,fixed,uniform,sensor_poll,in_order,none,192
RUN-001838,dma_burst_seq,973977940,constrained,default,0x4600,4,random,0.057,0.6,reg_wr,128,2,260,19,4,weighted,sparse,sensor_poll,in_order,none,192
RUN-001839,dma_burst_seq,572215766,constrained,stress,0x9e00,64,walking_ones,0.236,0.51,balanced,8,34,304,26,0,fixed,uniform,console,in_order,glitch,96
RUN-001840,irq_storm_seq,144499760,constrained,stress,0x2400,16,incremental,0.682,0.34,balanced,64,4,101,31,10,fixed,burst_hotspot,sensor_poll,in_order,glitch,384
RUN-001841,irq_storm_seq,1761962669,constrained,corner,0xec00,16,incremental,0.501,0.78,balanced,64,5,197,26,6,fixed,burst_hotspot,boot,in_order,bitflip,48
RUN-001842,reg_sweep_seq,913780964,constrained,default,0x1200,4,random,0.228,0.6,reg_rd,8,9,380,6,2,weighted,ping_pong,sensor_poll,out_of_order,none,96
RUN-001843,backpressure_seq,2125115265,full_random,stress,0xa900,4,random,0.098,0.65,balanced,16,32,328,15,9,fixed,burst_hotspot,dma_stream,in_order,none,768
RUN-001844,dma_burst_seq,1425973618,full_random,corner,0x6800,16,random,0.486,0.43,reg_rd,8,18,381,16,5,fixed,sparse,boot,in_order,none,48
RUN-001845,reg_sweep_seq,1699309184,constrained,default,0x0100,4,random,0.492,0.37,reg_wr,128,21,312,5,6,fixed,ping_pong,sensor_poll,in_order,bitflip,96
RUN-001846,irq_storm_seq,1306063532,constrained,default,0xee00,4,walking_ones,0.117,0.38,reg_rd,16,29,88,11,6,fixed,uniform,console,in_order,glitch,96
RUN-001847,uart_loopback_seq,976552376,full_random,corner,0x2c00,64,incremental,0.358,0.47,reg_rd,8,19,51,13,0,weighted,burst_hotspot,sensor_poll,out_of_order,none,768
RUN-001848,reg_sweep_seq,1000643482,directed,default,0x0200,4,walking_ones,0.443,0.63,balanced,128,19,198,12,3,fixed,uniform,dma_stream,in_order,none,384
RUN-001849,backpressure_seq,556385893,constrained,default,0x5b00,64,random,0.902,0.61,reg_wr,8,24,400,28,3,weighted,burst_hotspot,sensor_poll,in_order,none,96
RUN-001850,uart_loopback_seq,968374888,full_random,stress,0x0f00,64,incremental,0.796,0.65,balanced,8,36,307,7,4,fixed,ping_pong,console,out_of_order,none,192
RUN-001851,irq_storm_seq,1352221271,constrained,default,0xe900,16,incremental,0.307,0.71,reg_rd,16,7,39,2,2,weighted,ping_pong,boot,in_order,glitch,768
RUN-001852,parity_stress_seq,1783539328,constrained,corner,0xe000,16,incremental,0.625,0.34,reg_rd,8,4,39,1,5,weighted,burst_hotspot,console,in_order,none,384
RUN-001853,reg_sweep_seq,1590170548,constrained,corner,0x7300,4,walking_ones,0.521,0.38,reg_rd,16,17,314,14,1,weighted,uniform,console,out_of_order,none,192
RUN-001854,uart_loopback_seq,1855030728,full_random,corner,0x5c00,16,random,0.888,0.68,reg_rd,8,3,305,3,9,weighted,uniform,console,in_order,none,384
RUN-001855,uart_loopback_seq,322316957,constrained,stress,0xc500,64,random,0.146,0.61,balanced,16,11,327,15,2,fixed,sparse,sensor_poll,out_of_order,bitflip,384
RUN-001856,reg_sweep_seq,346791423,constrained,corner,0x6e00,16,incremental,0.449,0.46,balanced,16,23,287,21,4,weighted,burst_hotspot,console,in_order,none,192
RUN-001857,reg_sweep_seq,276016051,constrained,default,0xcf00,16,all_ones,0.179,0.39,reg_wr,64,22,269,16,1,weighted,sparse,dma_stream,in_order,bitflip,96
RUN-001858,backpressure_seq,1151386586,constrained,default,0xb900,16,all_ones,0.239,0.43,balanced,16,30,93,16,2,weighted,burst_hotspot,console,in_order,none,96
RUN-001859,irq_storm_seq,172514879,directed,default,0xc700,16,all_ones,0.319,0.78,reg_rd,128,32,427,11,9,weighted,ping_pong,console,in_order,glitch,96
RUN-001860,backpressure_seq,1138318031,constrained,default,0xf300,4,walking_ones,0.591,0.71,reg_rd,64,36,76,16,6,weighted,burst_hotspot,console,in_order,none,192
RUN-001861,irq_storm_seq,1526499776,constrained,default,0x5b00,64,random,0.619,0.21,balanced,16,0,236,8,8,fixed,ping_pong,sensor_poll,in_order,none,192
RUN-001862,uart_loopback_seq,1713894782,constrained,stress,0xb200,16,random,0.451,0.27,reg_rd,64,37,290,16,10,weighted,burst_hotspot,console,in_order,glitch,384
RUN-001863,uart_loopback_seq,1573055950,full_random,default,0xda00,16,random,0.473,0.37,balanced,64,12,197,0,10,fixed,uniform,console,out_of_order,glitch,48
RUN-001864,reset_recovery_seq,285839679,constrained,default,0x5400,4,random,0.508,0.43,reg_wr,16,7,58,31,3,weighted,ping_pong,boot,in_order,bitflip,768
RUN-001865,parity_stress_seq,1360070707,directed,default,0x0f00,16,random,0.488,0.76,reg_wr,16,29,91,21,6,weighted,burst_hotspot,dma_stream,in_order,glitch,96
RUN-001866,uart_loopback_seq,1750856037,full_random,default,0x7200,64,incremental,0.178,0.74,reg_rd,64,3,51,25,4,weighted,uniform,boot,in_order,none,48
RUN-001867,reg_sweep_seq,1029953166,constrained,default,0x9000,64,random,0.076,0.75,reg_rd,16,5,280,23,11,fixed,uniform,sensor_poll,in_order,none,96
RUN-001868,reg_sweep_seq,98235481,constrained,default,0x0000,64,walking_ones,0.226,0.29,balanced,64,36,103,2,3,weighted,burst_hotspot,sensor_poll,in_order,none,768
RUN-001869,uart_loopback_seq,1734541172,constrained,default,0x4800,16,incremental,0.134,0.27,reg_wr,16,22,371,21,2,fixed,burst_hotspot,dma_stream,in_order,glitch,96
RUN-001870,reg_sweep_seq,1181465326,constrained,corner,0xbc00,64,incremental,0.499,0.7,reg_wr,8,35,166,30,3,weighted,ping_pong,boot,in_order,none,192
RUN-001871,parity_stress_seq,359367302,full_random,default,0xe200,64,random,0.07,0.29,balanced,8,6,130,1,6,weighted,sparse,dma_stream,out_of_order,none,192
RUN-001872,irq_storm_seq,1806297366,constrained,stress,0x9f00,64,random,0.611,0.57,balanced,8,6,248,26,7,weighted,sparse,boot,in_order,glitch,48
RUN-001873,reg_sweep_seq,88405998,constrained,default,0x3a00,16,walking_ones,0.371,0.71,reg_wr,64,0,207,20,3,fixed,burst_hotspot,console,out_of_order,bitflip,192
RUN-001874,irq_storm_seq,1269516162,constrained,default,0x6000,4,incremental,0.337,0.42,reg_wr,16,0,339,22,10,weighted,ping_pong,console,in_order,none,48
RUN-001875,backpressure_seq,257697863,constrained,default,0xbc00,4,random,0.383,0.62,balanced,8,30,221,15,2,weighted,uniform,console,in_order,none,192
RUN-001876,reg_sweep_seq,1446433333,constrained,stress,0x1c00,4,random,0.374,0.31,reg_rd,8,38,391,16,11,fixed,uniform,sensor_poll,out_of_order,none,48
RUN-001877,parity_stress_seq,1525321214,full_random,default,0x0800,16,incremental,0.396,0.43,reg_rd,16,25,384,26,4,weighted,burst_hotspot,console,in_order,none,384
RUN-001878,dma_burst_seq,2061648695,constrained,corner,0x6400,64,random,0.571,0.65,reg_rd,128,21,86,28,0,weighted,burst_hotspot,boot,in_order,none,768
RUN-001879,dma_burst_seq,1484958481,constrained,default,0xb200,4,all_ones,0.677,0.37,reg_rd,16,13,185,12,1,weighted,sparse,sensor_poll,out_of_order,none,768
RUN-001880,backpressure_seq,1497503996,full_random,stress,0x0500,4,random,0.54,0.57,balanced,64,12,338,25,11,fixed,ping_pong,dma_stream,out_of_order,glitch,48
RUN-001881,irq_storm_seq,1714086921,constrained,default,0x7e00,4,incremental,0.926,0.41,reg_rd,128,26,287,2,0,fixed,ping_pong,sensor_poll,in_order,bitflip,192
RUN-001882,dma_burst_seq,725282534,constrained,stress,0x7b00,4,walking_ones,0.294,0.27,balanced,64,3,285,26,10,fixed,burst_hotspot,sensor_poll,in_order,none,192
RUN-001883,backpressure_seq,944672759,constrained,corner,0x8c00,4,random,0.187,0.51,reg_wr,64,9,247,12,7,fixed,sparse,dma_stream,in_order,bitflip,768
RUN-001884,irq_storm_seq,1981641027,directed,stress,0x2300,4,walking_ones,0.155,0.6,balanced,8,19,168,24,6,fixed,sparse,boot,in_order,glitch,768
RUN-001885,reset_recovery_seq,1721761206,constrained,default,0xde00,64,random,0.583,0.71,reg_rd,128,21,271,1,9,fixed,burst_hotspot,console,in_order,none,192
RUN-001886,uart_loopback_seq,1279907224,full_random,default,0x1800,64,walking_ones,0.349,0.34,reg_rd,16,27,166,3,6,fixed,ping_pong,console,in_order,bitflip,96
RUN-001887,parity_stress_seq,1101623915,full_random,stress,0x5b00,4,random,0.226,0.64,balanced,16,38,368,27,2,weighted,uniform,sensor_poll,in_order,bitflip,192
RUN-001888,irq_storm_seq,49034895,constrained,corner,0x6f00,64,walking_ones,0.694,0.23,reg_wr,8,25,147,24,6,weighted,ping_pong,dma_stream,in_order,glitch,768
RUN-001889,parity_stress_seq,408774396,constrained,default,0x5300,16,incremental,0.119,0.36,reg_rd,64,2,27,19,3,fixed,burst_hotspot,sensor_poll,in_order,glitch,768
RUN-001890,uart_loopback_seq,1784145783,constrained,default,0xc500,4,incremental,0.614,0.62,reg_rd,16,22,352,5,7,fixed,burst_hotspot,sensor_poll,in_order,none,384
RUN-001891,reset_recovery_seq,1543168075,constrained,corner,0x0300,16,random,0.374,0.27,balanced,16,30,367,6,7,fixed,sparse,dma_stream,in_order,none,384
RUN-001892,reset_recovery_seq,51481439,full_random,default,0x9100,16,random,0.63,0.73,balanced,8,11,283,26,9,fixed,ping_pong,dma_stream,in_order,glitch,192
RUN-001893,reg_sweep_seq,1779826735,constrained,stress,0xe100,64,walking_ones,0.189,0.8,reg_rd,8,19,85,28,2,fixed,burst_hotspot,console,in_order,none,96
RUN-001894,irq_storm_seq,1670726039,constrained,stress,0xee00,16,walking_ones,0.158,0.31,reg_rd,16,20,366,2,5,weighted,sparse,console,in_order,bitflip,96
RUN-001895,uart_loopback_seq,1081805164,constrained,corner,0x6d00,64,all_ones,0.453,0.53,balanced,8,16,287,31,0,fixed,sparse,sensor_poll,out_of_order,none,384
RUN-001896,reg_sweep_seq,992100368,constrained,corner,0xba00,16,incremental,0.225,0.68,reg_wr,8,25,52,14,2,weighted,uniform,console,out_of_order,bitflip,48
RUN-001897,reg_sweep_seq,752436489,constrained,stress,0x9700,4,all_ones,0.885,0.78,reg_rd,8,16,199,0,3,fixed,sparse,dma_stream,in_order,glitch,96
RUN-001898,reg_sweep_seq,1068292983,constrained,default,0xee00,16,random,0.265,0.43,reg_wr,8,1,357,13,2,weighted,ping_pong,console,out_of_order,bitflip,48
RUN-001899,reset_recovery_seq,1485148005,constrained,stress,0x6a00,64,incremental,0.389,0.66,reg_rd,16,23,134,11,5,fixed,ping_pong,console,out_of_order,glitch,768
RUN-001900,parity_stress_seq,401355481,constrained,corner,0x3400,4,walking_ones,0.759,0.48,balanced,8,12,175,27,6,weighted,burst_hotspot,sensor_poll,in_order,none,192
RUN-001901,uart_loopback_seq,1693115167,full_random,default,0xfc00,64,walking_ones,0.765,0.53,balanced,128,7,80,15,0,fixed,burst_hotspot,boot,out_of_order,none,384
RUN-001902,reset_recovery_seq,743232870,constrained,stress,0xbe00,64,incremental,0.207,0.32,balanced,8,9,243,23,8,weighted,ping_pong,sensor_poll,in_order,none,192
RUN-001903,reg_sweep_seq,1775152530,constrained,default,0x6e00,16,random,0.273,0.73,balanced,128,10,191,23,3,weighted,uniform,dma_stream,in_order,none,384
RUN-001904,backpressure_seq,286229587,directed,corner,0xee00,4,random,0.883,0.34,balanced,16,4,87,31,2,fixed,sparse,dma_stream,out_of_order,none,384
RUN-001905,parity_stress_seq,1143266107,constrained,default,0x3500,16,walking_ones,0.947,0.49,balanced,8,32,405,30,1,weighted,burst_hotspot,console,in_order,glitch,96
RUN-001906,parity_stress_seq,761465109,constrained,default,0xe400,4,walking_ones,0.641,0.61,reg_rd,128,16,177,6,7,weighted,uniform,boot,in_order,none,384
RUN-001907,parity_stress_seq,2114141912,constrained,default,0xdf00,64,all_ones,0.62,0.24,reg_rd,64,12,309,24,11,weighted,uniform,sensor_poll,out_of_order,none,768
RUN-001908,backpressure_seq,2117614702,constrained,default,0xd100,64,walking_ones,0.316,0.61,reg_rd,8,18,166,21,1,weighted,sparse,console,in_order,bitflip,192
RUN-001909,uart_loopback_seq,1403521184,constrained,corner,0x4d00,16,random,0.708,0.37,reg_wr,8,29,251,29,8,fixed,uniform,console,in_order,none,48
RUN-001910,uart_loopback_seq,533260057,constrained,stress,0x9b00,4,random,0.217,0.35,reg_rd,64,21,181,9,3,fixed,burst_hotspot,dma_stream,out_of_order,bitflip,96
RUN-001911,reg_sweep_seq,776584078,constrained,stress,0xe300,16,random,0.38,0.63,balanced,64,35,380,6,3,weighted,burst_hotspot,console,in_order,glitch,192
RUN-001912,reg_sweep_seq,175967791,constrained,stress,0x0900,16,incremental,0.532,0.3,reg_rd,8,37,418,19,0,fixed,sparse,boot,out_of_order,bitflip,384
RUN-001913,reg_sweep_seq,73406155,full_random,corner,0xa300,4,random,0.133,0.61,reg_rd,16,39,117,23,9,fixed,sparse,sensor_poll,in_order,none,768
RUN-001914,backpressure_seq,1652153761,constrained,default,0x1a00,16,all_ones,0.463,0.39,balanced,16,4,36,23,10,fixed,uniform,boot,in_order,glitch,384
RUN-001915,reg_sweep_seq,157824510,constrained,corner,0x5800,4,random,0.283,0.73,balanced,8,20,208,21,9,weighted,ping_pong,boot,out_of_order,none,192
RUN-001916,dma_burst_seq,154859609,constrained,stress,0x1300,4,all_ones,0.305,0.25,balanced,64,26,171,21,8,fixed,burst_hotspot,dma_stream,in_order,glitch,192
RUN-001917,backpressure_seq,1186238835,directed,stress,0x9a00,4,random,0.71,0.58,reg_rd,8,26,339,30,2,fixed,uniform,dma_stream,in_order,bitflip,48
RUN-001918,backpressure_seq,913556628,directed,default,0x0200,4,random,0.151,0.32,balanced,64,7,104,5,0,fixed,uniform,sensor_poll,out_of_order,none,768
RUN-001919,dma_burst_seq,707227961,full_random,stress,0xd700,4,random,0.291,0.45,reg_rd,8,26,64,13,8,weighted,ping_pong,console,in_order,none,96
RUN-001920,reg_sweep_seq,1837808218,directed,stress,0x3900,16,all_ones,0.286,0.43,balanced,64,39,173,15,3,weighted,ping_pong,sensor_poll,in_order,none,384
RUN-001921,reg_sweep_seq,1661150479,constrained,stress,0xa800,64,all_ones,0.582,0.69,reg_wr,64,37,219,19,1,fixed,ping_pong,boot,in_order,none,192
RUN-001922,irq_storm_seq,1943528080,constrained,corner,0x1c00,64,walking_ones,0.484,0.3,balanced,128,36,73,6,0,weighted,sparse,console,in_order,glitch,384
RUN-001923,dma_burst_seq,56211065,constrained,default,0x4800,64,random,0.674,0.47,reg_rd,16,5,303,6,8,fixed,uniform,dma_stream,out_of_order,bitflip,384
RUN-001924,backpressure_seq,611015082,directed,default,0x9d00,16,incremental,0.441,0.22,reg_rd,8,29,127,31,8,weighted,burst_hotspot,boot,in_order,bitflip,384
RUN-001925,reg_sweep_seq,1726059708,constrained,corner,0x2600,64,random,0.891,0.69,reg_rd,16,25,72,17,11,fixed,uniform,sensor_poll,in_order,none,384
RUN-001926,parity_stress_seq,898038273,directed,default,0xe900,4,walking_ones,0.077,0.33,balanced,64,25,200,29,7,weighted,uniform,sensor_poll,out_of_order,bitflip,48
RUN-001927,parity_stress_seq,1288249300,constrained,corner,0xb500,16,random,0.491,0.73,reg_rd,8,21,379,11,9,weighted,burst_hotspot,console,out_of_order,bitflip,384
RUN-001928,dma_burst_seq,638343693,full_random,default,0x6600,64,walking_ones,0.866,0.52,balanced,8,26,239,5,10,weighted,uniform,dma_stream,out_of_order,none,48
RUN-001929,reset_recovery_seq,951623099,constrained,corner,0x0a00,64,random,0.413,0.21,reg_rd,8,29,313,2,1,weighted,uniform,boot,in_order,none,768
RUN-001930,reg_sweep_seq,1387490810,directed,corner,0xe500,16,random,0.472,0.48,reg_wr,128,34,228,8,3,weighted,uniform,console,in_order,bitflip,48
RUN-001931,dma_burst_seq,597979738,constrained,default,0x5800,4,random,0.762,0.67,reg_rd,64,1,301,5,4,weighted,uniform,sensor_poll,in_order,bitflip,384
RUN-001932,backpressure_seq,1393469763,constrained,default,0x3c00,64,incremental,0.459,0.57,balanced,64,7,233,11,11,fixed,burst_hotspot,console,in_order,glitch,384
RUN-001933,irq_storm_seq,965126468,constrained,default,0x8500,4,all_ones,0.907,0.46,reg_rd,16,13,118,26,11,weighted,sparse,console,in_order,glitch,768
RUN-001934,uart_loopback_seq,2119865192,full_random,default,0xcf00,4,random,0.333,0.32,reg_wr,16,1,196,18,0,fixed,burst_hotspot,dma_stream,out_of_order,none,192
RUN-001935,backpressure_seq,1110155131,constrained,corner,0x6f00,64,incremental,0.736,0.44,reg_rd,8,22,215,21,5,fixed,burst_hotspot,sensor_poll,in_order,none,768
RUN-001936,parity_stress_seq,830335671,constrained,default,0x0200,4,walking_ones,0.228,0.22,reg_wr,64,9,145,27,5,weighted,sparse,console,out_of_order,none,192
RUN-001937,uart_loopback_seq,399476894,constrained,default,0xac00,16,walking_ones,0.157,0.77,balanced,16,38,334,30,6,fixed,sparse,console,in_order,bitflip,192
RUN-001938,backpressure_seq,288007637,full_random,default,0xf300,64,incremental,0.216,0.33,balanced,128,4,252,21,1,fixed,sparse,sensor_poll,out_of_order,none,48
RUN-001939,parity_stress_seq,1244175654,constrained,default,0x2a00,16,incremental,0.902,0.41,balanced,64,2,23,0,7,fixed,sparse,dma_stream,in_order,none,768
RUN-001940,uart_loopback_seq,533477595,constrained,default,0x7200,4,incremental,0.76,0.77,reg_rd,64,22,122,22,3,weighted,uniform,boot,out_of_order,none,192
RUN-001941,dma_burst_seq,14008515,full_random,default,0xc900,4,incremental,0.249,0.4,reg_wr,8,36,349,30,7,fixed,ping_pong,sensor_poll,in_order,glitch,192
RUN-001942,backpressure_seq,802428700,full_random,default,0xb000,4,random,0.611,0.55,reg_wr,64,10,160,7,8,weighted,burst_hotspot,boot,in_order,none,192
RUN-001943,dma_burst_seq,769211030,constrained,stress,0xb100,64,walking_ones,0.631,0.58,balanced,128,33,206,2,11,weighted,sparse,console,in_order,none,768
RUN-001944,parity_stress_seq,2134269542,full_random,default,0xea00,64,incremental,0.524,0.62,reg_wr,16,7,240,17,0,weighted,sparse,sensor_poll,in_order,none,96
RUN-001945,reg_sweep_seq,1328206735,full_random,default,0x3100,16,incremental,0.309,0.66,balanced,64,18,217,6,3,weighted,burst_hotspot,dma_stream,in_order,bitflip,384
RUN-001946,reset_recovery_seq,280288468,directed,default,0xd800,16,incremental,0.578,0.51,reg_wr,8,10,151,6,5,fixed,uniform,boot,in_order,none,384
RUN-001947,parity_stress_seq,1040305460,constrained,corner,0x9e00,16,random,0.381,0.34,balanced,128,13,256,13,10,weighted,sparse,dma_stream,in_order,none,96
RUN-001948,reg_sweep_seq,1751175194,full_random,default,0x6000,16,random,0.25,0.2,balanced,64,10,241,30,2,weighted,sparse,dma_stream,out_of_order,none,192
RUN-001949,irq_storm_seq,402389200,full_random,corner,0xee00,16,random,0.605,0.54,balanced,16,12,139,23,0,weighted,sparse,sensor_poll,in_order,bitflip,48
RUN-001950,dma_burst_seq,665261912,constrained,corner,0x8c00,4,walking_ones,0.848,0.58,reg_rd,16,10,379,11,6,weighted,uniform,sensor_poll,in_order,glitch,768
RUN-001951,reg_sweep_seq,1987707249,constrained,default,0x3e00,4,all_ones,0.169,0.34,reg_wr,16,19,102,14,8,weighted,uniform,sensor_poll,in_order,bitflip,384
RUN-001952,reg_sweep_seq,1629401795,constrained,stress,0xdb00,4,incremental,0.809,0.56,balanced,8,11,76,9,6,weighted,sparse,console,in_order,none,48
RUN-001953,reg_sweep_seq,1472366499,constrained,corner,0x2a00,16,all_ones,0.672,0.57,balanced,16,36,104,11,7,weighted,uniform,console,in_order,none,384
RUN-001954,reset_recovery_seq,1427514068,directed,default,0xbd00,16,all_ones,0.382,0.58,reg_rd,64,32,328,12,8,weighted,ping_pong,dma_stream,in_order,none,48
RUN-001955,reg_sweep_seq,196497964,constrained,corner,0x2600,4,all_ones,0.518,0.31,reg_rd,8,11,91,9,4,fixed,burst_hotspot,console,in_order,none,192
RUN-001956,parity_stress_seq,1874325030,full_random,stress,0x7100,4,random,0.532,0.54,balanced,64,14,154,30,10,fixed,uniform,dma_stream,in_order,bitflip,384
RUN-001957,irq_storm_seq,521431943,constrained,corner,0x3400,16,random,0.43,0.74,reg_rd,64,35,112,28,1,weighted,burst_hotspot,dma_stream,in_order,bitflip,384
RUN-001958,backpressure_seq,443911704,constrained,stress,0x0c00,16,random,0.447,0.76,balanced,128,20,384,6,4,weighted,uniform,console,in_order,glitch,768
RUN-001959,irq_storm_seq,1524739919,constrained,default,0x6200,16,random,0.622,0.43,reg_rd,8,1,338,5,7,weighted,sparse,dma_stream,out_of_order,none,384
RUN-001960,backpressure_seq,1644138332,constrained,stress,0x8000,16,all_ones,0.223,0.68,reg_wr,16,8,40,21,10,fixed,uniform,dma_stream,in_order,none,768
RUN-001961,irq_storm_seq,1022002924,full_random,default,0xc500,4,random,0.364,0.2,reg_wr,64,9,150,15,5,fixed,uniform,console,out_of_order,bitflip,96
RUN-001962,uart_loopback_seq,1887287336,full_random,default,0x1000,4,random,0.394,0.29,balanced,128,31,326,14,7,fixed,sparse,boot,in_order,bitflip,192
RUN-001963,parity_stress_seq,1796375387,constrained,default,0x5700,16,random,0.196,0.68,reg_wr,16,38,278,0,10,fixed,sparse,console,in_order,none,192
RUN-001964,reset_recovery_seq,626005231,full_random,corner,0xcd00,4,incremental,0.302,0.67,reg_wr,128,34,412,30,7,weighted,ping_pong,sensor_poll,in_order,none,192
RUN-001965,uart_loopback_seq,1239264577,constrained,default,0xe400,4,random,0.546,0.23,balanced,8,15,250,4,10,fixed,sparse,sensor_poll,in_order,glitch,192
RUN-001966,uart_loopback_seq,697037885,constrained,stress,0x4300,4,random,0.264,0.74,balanced,64,18,61,3,5,fixed,burst_hotspot,dma_stream,in_order,none,192
RUN-001967,uart_loopback_seq,202444949,directed,default,0x6d00,16,walking_ones,0.522,0.76,reg_rd,64,37,112,26,2,weighted,ping_pong,console,out_of_order,none,192
RUN-001968,reset_recovery_seq,1177588283,constrained,corner,0xf700,16,random,0.596,0.53,reg_wr,8,36,426,11,4,fixed,burst_hotspot,boot,in_order,none,192
RUN-001969,dma_burst_seq,1718180758,constrained,corner,0x1400,64,random,0.818,0.75,reg_wr,16,15,413,5,2,weighted,uniform,console,in_order,none,192
RUN-001970,backpressure_seq,1409966635,constrained,default,0xba00,16,walking_ones,0.282,0.53,reg_wr,8,31,378,6,11,fixed,ping_pong,console,in_order,none,192
RUN-001971,reg_sweep_seq,275268411,constrained,default,0xeb00,4,random,0.534,0.27,balanced,16,18,344,24,6,fixed,uniform,sensor_poll,in_order,bitflip,768
RUN-001972,uart_loopback_seq,234977120,constrained,default,0x4100,16,all_ones,0.438,0.36,balanced,128,5,152,25,4,weighted,ping_pong,console,out_of_order,glitch,384
RUN-001973,reset_recovery_seq,1157867539,constrained,default,0x4300,4,incremental,0.432,0.5,reg_rd,16,24,203,16,2,weighted,ping_pong,boot,in_order,glitch,96
RUN-001974,irq_storm_seq,1566501482,directed,stress,0x2700,4,all_ones,0.572,0.23,balanced,16,32,286,24,9,fixed,sparse,boot,in_order,none,48
RUN-001975,uart_loopback_seq,379035381,constrained,default,0xcc00,4,random,0.205,0.69,reg_wr,8,13,369,21,4,weighted,burst_hotspot,dma_stream,in_order,bitflip,96
RUN-001976,reset_recovery_seq,1076220553,constrained,stress,0xd500,64,walking_ones,0.323,0.73,balanced,16,16,189,30,0,weighted,sparse,console,out_of_order,bitflip,768
RUN-001977,reg_sweep_seq,457849961,constrained,default,0xf900,16,random,0.321,0.5,reg_rd,8,34,160,18,10,weighted,ping_pong,sensor_poll,in_order,bitflip,384
RUN-001978,irq_storm_seq,1092236393,constrained,corner,0x9200,4,walking_ones,0.155,0.43,reg_rd,64,0,60,24,6,weighted,uniform,console,out_of_order,bitflip,96
RUN-001979,reset_recovery_seq,1937627643,full_random,corner,0xd900,16,random,0.596,0.49,reg_wr,16,2,39,2,3,fixed,burst_hotspot,dma_stream,out_of_order,bitflip,192
RUN-001980,parity_stress_seq,898531230,constrained,corner,0x8100,4,random,0.485,0.61,balanced,8,39,416,22,10,weighted,uniform,dma_stream,out_of_order,none,96
RUN-001981,reg_sweep_seq,393385042,constrained,stress,0x9f00,64,walking_ones,0.621,0.76,reg_rd,8,15,190,18,7,weighted,sparse,dma_stream,in_order,bitflip,192
RUN-001982,dma_burst_seq,417595588,constrained,stress,0x7b00,16,walking_ones,0.298,0.26,balanced,8,39,198,9,5,weighted,burst_hotspot,dma_stream,in_order,none,384
RUN-001983,backpressure_seq,798066234,full_random,corner,0x1f00,16,incremental,0.189,0.28,balanced,64,5,156,25,6,fixed,burst_hotspot,console,out_of_order,none,48
RUN-001984,irq_storm_seq,11081633,directed,stress,0x1f00,4,all_ones,0.794,0.76,balanced,64,19,99,7,10,weighted,uniform,sensor_poll,in_order,none,384
RUN-001985,irq_storm_seq,403485350,constrained,stress,0xa900,64,all_ones,0.467,0.5,reg_rd,128,38,104,30,3,fixed,sparse,sensor_poll,out_of_order,glitch,192
RUN-001986,dma_burst_seq,21389941,constrained,corner,0x8000,16,random,0.42,0.35,reg_rd,8,34,423,12,5,weighted,burst_hotspot,console,in_order,none,48
RUN-001987,reset_recovery_seq,759062383,constrained,default,0xb100,16,random,0.515,0.43,reg_rd,128,7,272,5,0,weighted,ping_pong,dma_stream,out_of_order,bitflip,384
RUN-001988,irq_storm_seq,1397009667,directed,default,0xee00,16,walking_ones,0.372,0.42,reg_wr,16,18,207,26,1,fixed,uniform,sensor_poll,in_order,none,48
RUN-001989,reg_sweep_seq,107028121,constrained,corner,0xab00,16,walking_ones,0.292,0.51,reg_rd,16,39,375,27,4,fixed,sparse,sensor_poll,in_order,bitflip,96
RUN-001990,dma_burst_seq,985832814,constrained,default,0xfd00,4,all_ones,0.717,0.74,reg_rd,16,19,251,7,10,fixed,uniform,dma_stream,in_order,none,768
RUN-001991,backpressure_seq,1015427543,full_random,corner,0x9100,64,random,0.634,0.79,balanced,128,37,256,3,8,weighted,sparse,console,in_order,bitflip,192
RUN-001992,parity_stress_seq,1858276657,constrained,corner,0x7a00,4,incremental,0.614,0.41,reg_wr,128,27,58,7,11,fixed,burst_hotspot,console,in_order,glitch,96
RUN-001993,reset_recovery_seq,1277747634,constrained,default,0xcc00,4,random,0.615,0.71,balanced,64,38,423,10,8,weighted,sparse,dma_stream,in_order,none,96
RUN-001994,parity_stress_seq,905623273,full_random,corner,0x3700,16,random,0.776,0.66,balanced,8,33,354,15,1,fixed,sparse,console,in_order,none,768
RUN-001995,backpressure_seq,1279801022,constrained,stress,0xd200,64,random,0.397,0.31,reg_rd,8,16,268,15,10,fixed,burst_hotspot,console,in_order,none,192
RUN-001996,irq_storm_seq,1650868570,constrained,corner,0x6f00,4,random,0.723,0.57,reg_wr,16,37,298,26,5,weighted,burst_hotspot,boot,in_order,bitflip,768
RUN-001997,parity_stress_seq,1704656157,constrained,default,0x7100,4,all_ones,0.59,0.59,balanced,64,37,312,5,7,fixed,uniform,boot,in_order,bitflip,384
RUN-001998,backpressure_seq,2063427575,constrained,corner,0xf900,16,random,0.371,0.6,balanced,64,11,137,27,3,weighted,uniform,boot,in_order,none,384
RUN-001999,reset_recovery_seq,929545720,constrained,stress,0xa600,4,walking_ones,0.467,0.42,reg_wr,8,21,391,4,11,fixed,uniform,boot,in_order,none,192
RUN-002000,dma_burst_seq,2121403002,constrained,corner,0xcc00,4,walking_ones,0.706,0.53,reg_wr,8,38,141,3,4,weighted,uniform,dma_stream,in_order,none,768
RUN-002001,parity_stress_seq,1022529493,full_random,default,0x8a00,4,random,0.408,0.42,reg_wr,16,18,269,15,11,weighted,ping_pong,sensor_poll,in_order,none,192
RUN-002002,dma_burst_seq,940251443,constrained,corner,0x9a00,64,walking_ones,0.45,0.68,reg_wr,8,16,264,6,5,fixed,burst_hotspot,sensor_poll,in_order,glitch,192
RUN-002003,reg_sweep_seq,2004654133,constrained,stress,0x5500,16,incremental,0.746,0.8,reg_wr,8,17,86,6,3,weighted,sparse,console,in_order,none,768
RUN-002004,dma_burst_seq,477072414,directed,default,0x8200,64,walking_ones,0.765,0.62,reg_rd,16,3,318,6,8,fixed,ping_pong,sensor_poll,in_order,none,48
RUN-002005,reset_recovery_seq,1626693993,constrained,stress,0x3e00,16,all_ones,0.736,0.2,reg_rd,64,18,361,10,6,weighted,burst_hotspot,console,in_order,bitflip,768
RUN-002006,dma_burst_seq,1527225903,directed,corner,0x4300,4,random,0.147,0.5,balanced,128,21,32,16,8,fixed,ping_pong,sensor_poll,in_order,glitch,48
RUN-002007,irq_storm_seq,50707780,constrained,corner,0xdb00,4,incremental,0.417,0.28,balanced,16,11,224,21,7,weighted,ping_pong,console,in_order,none,192
RUN-002008,irq_storm_seq,1864293917,constrained,default,0x6c00,64,incremental,0.446,0.77,balanced,8,37,346,5,0,weighted,sparse,dma_stream,in_order,none,48
RUN-002009,irq_storm_seq,917590432,full_random,corner,0xe200,16,incremental,0.788,0.24,balanced,64,33,349,4,7,weighted,uniform,dma_stream,in_order,bitflip,96
RUN-002010,reset_recovery_seq,717422389,constrained,default,0xcc00,16,random,0.402,0.57,reg_rd,16,29,192,10,6,weighted,burst_hotspot,sensor_poll,in_order,none,384
RUN-002011,dma_burst_seq,1099906184,constrained,default,0x0a00,16,incremental,0.547,0.53,balanced,16,14,190,1,0,weighted,ping_pong,sensor_poll,out_of_order,glitch,96
RUN-002012,reset_recovery_seq,1978652529,constrained,default,0x0f00,4,incremental,0.306,0.4,reg_rd,8,21,131,14,3,fixed,uniform,sensor_poll,in_order,none,768
RUN-002013,dma_burst_seq,973128506,full_random,corner,0x6e00,16,random,0.659,0.37,balanced,8,14,313,28,8,weighted,sparse,boot,in_order,none,48
RUN-002014,parity_stress_seq,853196734,constrained,corner,0xbe00,4,incremental,0.863,0.36,reg_wr,16,22,319,4,10,weighted,ping_pong,boot,in_order,glitch,48
RUN-002015,dma_burst_seq,936913925,constrained,stress,0xa200,4,random,0.575,0.61,reg_wr,16,9,388,2,0,fixed,uniform,boot,in_order,none,384
RUN-002016,reg_sweep_seq,912936738,directed,corner,0xa500,4,all_ones,0.355,0.5,balanced,8,4,282,6,11,fixed,ping_pong,boot,in_order,glitch,768
RUN-002017,dma_burst_seq,1357678957,constrained,default,0xd200,4,walking_ones,0.209,0.45,reg_rd,128,32,141,1,7,fixed,ping_pong,console,in_order,none,192
RUN-002018,irq_storm_seq,406427474,constrained,default,0xd300,64,random,0.461,0.68,reg_wr,16,22,401,11,11,weighted,sparse,dma_stream,in_order,bitflip,384
RUN-002019,uart_loopback_seq,946182341,full_random,corner,0x4a00,4,all_ones,0.272,0.72,reg_rd,8,38,137,28,1,weighted,burst_hotspot,sensor_poll,in_order,none,96
RUN-002020,backpressure_seq,1888927306,directed,default,0x6900,16,random,0.696,0.37,reg_rd,128,0,273,27,11,fixed,sparse,console,in_order,bitflip,768
RUN-002021,reg_sweep_seq,21317251,full_random,default,0xc800,16,random,0.059,0.34,reg_rd,16,35,232,8,4,weighted,burst_hotspot,console,in_order,none,768
RUN-002022,reg_sweep_seq,1203397181,constrained,stress,0x3500,4,incremental,0.17,0.66,reg_wr,16,33,356,12,2,weighted,sparse,dma_stream,in_order,bitflip,384
RUN-002023,irq_storm_seq,362324627,full_random,default,0x8800,16,random,0.662,0.29,balanced,64,25,67,21,1,weighted,uniform,sensor_poll,in_order,bitflip,768
RUN-002024,backpressure_seq,526444048,directed,corner,0xa600,16,walking_ones,0.158,0.77,reg_wr,128,18,120,1,0,weighted,burst_hotspot,dma_stream,in_order,none,48
RUN-002025,backpressure_seq,1448844051,constrained,stress,0xda00,16,random,0.59,0.22,reg_rd,8,2,201,18,9,weighted,sparse,sensor_poll,in_order,bitflip,384
RUN-002026,dma_burst_seq,1878448500,constrained,corner,0x3600,64,incremental,0.197,0.64,reg_wr,64,21,291,13,9,fixed,burst_hotspot,sensor_poll,in_order,bitflip,96
RUN-002027,uart_loopback_seq,108771185,constrained,default,0x7a00,64,all_ones,0.422,0.42,reg_rd,8,4,27,29,6,fixed,ping_pong,dma_stream,in_order,none,384
RUN-002028,dma_burst_seq,1878011064,full_random,default,0x0400,16,random,0.521,0.61,reg_rd,64,35,379,5,7,weighted,uniform,console,out_of_order,none,96
RUN-002029,irq_storm_seq,531065007,constrained,default,0xb300,4,random,0.603,0.68,balanced,16,16,375,9,11,fixed,ping_pong,boot,in_order,bitflip,96
RUN-002030,uart_loopback_seq,1503726000,constrained,default,0xeb00,16,random,0.802,0.28,reg_rd,16,39,339,19,1,weighted,burst_hotspot,console,out_of_order,none,384
RUN-002031,dma_burst_seq,1164525419,constrained,default,0x7600,4,random,0.218,0.24,balanced,8,18,295,8,0,fixed,uniform,sensor_poll,out_of_order,bitflip,48
RUN-002032,uart_loopback_seq,880779565,constrained,corner,0x6c00,16,incremental,0.914,0.74,reg_wr,64,9,212,0,9,fixed,ping_pong,boot,in_order,none,768
RUN-002033,irq_storm_seq,1507900952,directed,default,0xa100,4,random,0.082,0.47,balanced,16,25,343,29,10,weighted,ping_pong,boot,in_order,none,192
RUN-002034,dma_burst_seq,1673878869,constrained,stress,0xdc00,16,random,0.713,0.41,balanced,16,5,182,23,2,fixed,uniform,dma_stream,in_order,none,96
RUN-002035,dma_burst_seq,1641689864,constrained,corner,0xe700,4,random,0.466,0.64,reg_wr,8,21,56,17,9,fixed,uniform,sensor_poll,in_order,bitflip,768
RUN-002036,reg_sweep_seq,314629015,constrained,corner,0xbb00,16,random,0.582,0.64,reg_wr,16,13,79,21,11,weighted,uniform,boot,in_order,none,96
RUN-002037,dma_burst_seq,593556987,full_random,default,0x8800,16,incremental,0.366,0.37,balanced,16,39,369,12,11,weighted,sparse,sensor_poll,in_order,none,96
RUN-002038,dma_burst_seq,1656004169,full_random,default,0x8e00,64,walking_ones,0.48,0.2,balanced,8,26,333,6,4,weighted,uniform,console,in_order,none,192
RUN-002039,dma_burst_seq,1255390098,constrained,corner,0x9400,64,random,0.148,0.73,reg_rd,8,20,310,23,10,fixed,uniform,console,out_of_order,none,384
RUN-002040,backpressure_seq,1090834600,constrained,stress,0xc900,64,random,0.524,0.61,reg_wr,16,13,36,19,7,fixed,burst_hotspot,sensor_poll,in_order,none,192
RUN-002041,uart_loopback_seq,16598447,constrained,default,0x4800,4,incremental,0.456,0.33,balanced,8,22,381,3,9,fixed,burst_hotspot,sensor_poll,in_order,none,384
RUN-002042,uart_loopback_seq,1510643676,constrained,corner,0xb300,16,incremental,0.467,0.69,balanced,8,14,148,8,0,fixed,sparse,console,out_of_order,none,192
RUN-002043,parity_stress_seq,1138947168,constrained,corner,0x8800,4,incremental,0.31,0.74,reg_rd,16,27,297,29,8,fixed,uniform,dma_stream,out_of_order,none,192
RUN-002044,dma_burst_seq,720875665,constrained,corner,0x6800,16,all_ones,0.277,0.37,balanced,16,1,24,28,6,weighted,uniform,sensor_poll,in_order,glitch,384
RUN-002045,reset_recovery_seq,1246877268,constrained,default,0x5300,4,random,0.411,0.24,reg_rd,64,13,108,24,1,fixed,sparse,console,out_of_order,bitflip,768
RUN-002046,backpressure_seq,1943091517,full_random,corner,0xe700,4,incremental,0.661,0.57,reg_wr,16,34,299,17,11,fixed,sparse,boot,in_order,none,96
RUN-002047,uart_loopback_seq,36391516,full_random,stress,0x2e00,16,walking_ones,0.587,0.74,balanced,8,1,26,17,8,weighted,sparse,boot,out_of_order,none,192
RUN-002048,dma_burst_seq,1596586109,constrained,default,0xa600,64,incremental,0.848,0.53,balanced,16,0,243,7,7,weighted,uniform,dma_stream,out_of_order,none,384
RUN-002049,backpressure_seq,2000001471,full_random,default,0x8d00,4,incremental,0.315,0.37,reg_rd,128,25,129,10,10,weighted,burst_hotspot,dma_stream,out_of_order,none,96
RUN-002050,uart_loopback_seq,1046398632,constrained,default,0xb900,4,random,0.48,0.69,reg_rd,16,27,313,28,1,weighted,uniform,sensor_poll,in_order,glitch,384
RUN-002051,parity_stress_seq,1269104168,constrained,default,0xf200,64,walking_ones,0.736,0.3,reg_rd,8,23,66,31,0,weighted,sparse,boot,in_order,glitch,48
RUN-002052,irq_storm_seq,283176999,constrained,default,0xc900,4,incremental,0.339,0.5,balanced,8,0,342,5,2,weighted,uniform,boot,out_of_order,bitflip,192
RUN-002053,backpressure_seq,223004014,full_random,corner,0xfc00,4,incremental,0.583,0.42,balanced,64,1,51,31,5,fixed,burst_hotspot,sensor_poll,in_order,glitch,768
RUN-002054,reg_sweep_seq,1263054395,constrained,default,0xb300,16,walking_ones,0.464,0.3,reg_wr,128,12,106,23,3,fixed,sparse,dma_stream,in_order,none,192
RUN-002055,irq_storm_seq,284536061,full_random,stress,0x5000,64,random,0.69,0.46,balanced,64,36,199,9,8,weighted,ping_pong,sensor_poll,in_order,none,192
RUN-002056,parity_stress_seq,735560608,constrained,corner,0xd500,64,incremental,0.705,0.72,reg_wr,16,27,345,20,6,fixed,uniform,boot,in_order,none,384
RUN-002057,irq_storm_seq,742291957,constrained,default,0xcb00,64,random,0.392,0.54,reg_wr,128,36,57,17,8,weighted,burst_hotspot,dma_stream,in_order,none,48
RUN-002058,irq_storm_seq,291974767,constrained,default,0xe300,4,random,0.628,0.62,balanced,8,23,148,16,3,fixed,burst_hotspot,dma_stream,in_order,none,192
RUN-002059,irq_storm_seq,1719539729,directed,corner,0x5c00,16,walking_ones,0.372,0.68,reg_rd,64,7,312,22,2,weighted,uniform,dma_stream,out_of_order,none,192
RUN-002060,irq_storm_seq,1275777966,constrained,default,0x5c00,16,random,0.619,0.36,reg_rd,8,30,179,23,11,weighted,burst_hotspot,console,in_order,glitch,96
RUN-002061,irq_storm_seq,1338661425,full_random,default,0x6600,4,incremental,0.334,0.78,reg_wr,64,39,383,20,6,fixed,ping_pong,console,in_order,none,384
RUN-002062,irq_storm_seq,474032239,full_random,default,0x1d00,4,incremental,0.566,0.48,reg_rd,16,29,75,0,8,weighted,ping_pong,dma_stream,out_of_order,glitch,768
RUN-002063,uart_loopback_seq,716884174,directed,corner,0x6600,16,walking_ones,0.476,0.74,balanced,128,19,86,12,0,fixed,sparse,boot,in_order,glitch,768
RUN-002064,backpressure_seq,1677787187,directed,stress,0x5500,16,all_ones,0.683,0.58,balanced,8,20,296,6,7,fixed,uniform,console,in_order,none,192
RUN-002065,uart_loopback_seq,1275236242,full_random,default,0xde00,64,random,0.231,0.63,reg_rd,8,5,385,14,1,fixed,ping_pong,console,in_order,none,384
RUN-002066,uart_loopback_seq,251284743,directed,corner,0x2800,16,all_ones,0.297,0.63,balanced,128,38,270,0,4,fixed,sparse,boot,in_order,none,192
RUN-002067,irq_storm_seq,246072354,constrained,default,0xca00,16,walking_ones,0.458,0.76,reg_wr,8,2,389,8,10,fixed,burst_hotspot,console,in_order,none,192
RUN-002068,reg_sweep_seq,397018311,full_random,default,0x5000,16,walking_ones,0.27,0.34,reg_rd,16,2,235,21,9,fixed,burst_hotspot,boot,out_of_order,none,96
RUN-002069,dma_burst_seq,197017199,constrained,default,0xa900,16,incremental,0.635,0.32,reg_rd,16,36,412,11,2,fixed,sparse,boot,in_order,bitflip,192
RUN-002070,dma_burst_seq,10699242,constrained,stress,0xf600,4,incremental,0.722,0.49,balanced,128,37,314,23,3,weighted,uniform,console,out_of_order,none,192
RUN-002071,uart_loopback_seq,1758629439,constrained,stress,0x0900,16,incremental,0.253,0.7,reg_wr,64,25,205,18,3,fixed,ping_pong,dma_stream,in_order,bitflip,96
RUN-002072,uart_loopback_seq,1449155746,constrained,corner,0x3800,64,walking_ones,0.724,0.33,reg_rd,128,6,27,7,2,weighted,ping_pong,dma_stream,in_order,glitch,48
RUN-002073,dma_burst_seq,507923236,constrained,default,0x0800,16,walking_ones,0.246,0.54,reg_rd,64,8,243,30,9,fixed,sparse,dma_stream,in_order,none,96
RUN-002074,irq_storm_seq,1598442693,directed,corner,0xcd00,4,incremental,0.531,0.4,balanced,16,36,234,0,4,weighted,burst_hotspot,dma_stream,out_of_order,glitch,48
RUN-002075,reg_sweep_seq,9113770,full_random,default,0xf500,16,random,0.396,0.67,reg_wr,64,18,350,14,8,weighted,ping_pong,console,in_order,none,192
RUN-002076,backpressure_seq,1766556154,constrained,default,0xb400,16,random,0.29,0.41,balanced,128,1,223,16,2,fixed,sparse,boot,in_order,none,384
RUN-002077,reg_sweep_seq,767756651,constrained,default,0x7f00,64,random,0.229,0.3,reg_wr,8,4,111,11,5,fixed,ping_pong,boot,in_order,glitch,96
RUN-002078,parity_stress_seq,1558173857,constrained,corner,0x9000,4,random,0.427,0.43,reg_wr,8,23,340,5,10,weighted,ping_pong,console,in_order,none,48
RUN-002079,reg_sweep_seq,1198315026,constrained,corner,0x2900,4,incremental,0.503,0.27,balanced,64,16,272,0,7,weighted,uniform,sensor_poll,out_of_order,glitch,192
RUN-002080,dma_burst_seq,2106735973,constrained,default,0x1600,4,random,0.395,0.63,balanced,64,26,345,16,3,weighted,ping_pong,boot,out_of_order,none,192
RUN-002081,parity_stress_seq,92319541,full_random,default,0xb100,64,random,0.588,0.65,reg_wr,8,3,394,17,11,weighted,sparse,dma_stream,out_of_order,bitflip,192
RUN-002082,reg_sweep_seq,1701320591,constrained,stress,0x4d00,4,walking_ones,0.556,0.61,reg_wr,8,12,392,19,7,weighted,sparse,dma_stream,in_order,none,192
RUN-002083,dma_burst_seq,1692793048,full_random,stress,0x4500,64,random,0.274,0.3,reg_wr,64,5,106,11,3,fixed,burst_hotspot,boot,out_of_order,none,192
RUN-002084,backpressure_seq,1183039118,full_random,stress,0x1300,16,walking_ones,0.193,0.29,balanced,64,16,230,2,4,weighted,uniform,boot,out_of_order,none,384
RUN-002085,backpressure_seq,679028524,full_random,stress,0x5d00,16,incremental,0.403,0.69,balanced,16,39,148,18,8,weighted,sparse,console,in_order,none,768
RUN-002086,uart_loopback_seq,1847572981,full_random,default,0xce00,4,walking_ones,0.434,0.3,balanced,128,13,304,30,2,fixed,uniform,console,in_order,none,384
RUN-002087,irq_storm_seq,818751227,constrained,default,0x3e00,64,random,0.442,0.74,balanced,16,2,123,17,10,weighted,ping_pong,console,in_order,bitflip,384
RUN-002088,irq_storm_seq,2017406926,full_random,stress,0xea00,64,incremental,0.672,0.6,reg_wr,128,14,26,24,5,weighted,ping_pong,console,out_of_order,glitch,384
RUN-002089,parity_stress_seq,1253370870,full_random,stress,0x8e00,64,random,0.362,0.47,reg_wr,128,1,255,7,9,weighted,burst_hotspot,console,out_of_order,none,384
RUN-002090,reg_sweep_seq,173133534,constrained,corner,0x2100,16,random,0.531,0.3,balanced,64,8,407,19,11,fixed,burst_hotspot,dma_stream,in_order,none,384
RUN-002091,dma_burst_seq,2132668530,constrained,default,0x6a00,4,incremental,0.604,0.37,balanced,8,38,433,20,1,fixed,burst_hotspot,console,in_order,none,192
RUN-002092,backpressure_seq,385754753,directed,corner,0x5a00,64,random,0.615,0.31,reg_rd,128,4,360,14,10,fixed,burst_hotspot,dma_stream,in_order,none,192
RUN-002093,dma_burst_seq,1632937320,constrained,default,0x7900,64,random,0.15,0.73,reg_rd,64,34,147,0,3,weighted,uniform,boot,in_order,none,48
RUN-002094,reset_recovery_seq,56311907,constrained,stress,0xae00,16,incremental,0.694,0.74,reg_rd,8,8,358,0,4,fixed,sparse,dma_stream,in_order,glitch,384
RUN-002095,irq_storm_seq,989325283,constrained,default,0x2200,4,walking_ones,0.292,0.66,balanced,8,17,146,30,4,weighted,ping_pong,dma_stream,in_order,none,48
RUN-002096,reset_recovery_seq,1100788681,full_random,default,0xa600,16,walking_ones,0.429,0.58,reg_wr,16,21,213,5,2,weighted,sparse,sensor_poll,in_order,none,192
RUN-002097,uart_loopback_seq,1655423623,constrained,corner,0x2300,16,incremental,0.451,0.25,reg_wr,8,14,396,17,10,fixed,uniform,console,in_order,bitflip,192
RUN-002098,uart_loopback_seq,1619044914,constrained,stress,0x7b00,64,random,0.394,0.78,balanced,16,20,67,31,10,weighted,sparse,dma_stream,out_of_order,glitch,384
RUN-002099,backpressure_seq,1061122936,constrained,default,0x9200,4,random,0.639,0.41,reg_rd,16,26,109,12,10,fixed,burst_hotspot,console,in_order,none,96
RUN-002100,dma_burst_seq,167630498,constrained,corner,0xe400,4,incremental,0.835,0.24,reg_wr,16,6,195,20,0,fixed,burst_hotspot,console,in_order,bitflip,48
RUN-002101,irq_storm_seq,2010072659,full_random,corner,0xb600,4,incremental,0.151,0.59,balanced,16,1,154,7,5,fixed,uniform,dma_stream,in_order,none,384
RUN-002102,reg_sweep_seq,785718524,constrained,default,0xc900,64,random,0.199,0.22,reg_wr,8,4,166,11,8,fixed,burst_hotspot,dma_stream,out_of_order,none,768
RUN-002103,dma_burst_seq,1408249203,directed,default,0xdb00,16,all_ones,0.522,0.74,balanced,16,38,419,10,11,fixed,ping_pong,boot,out_of_order,glitch,768
RUN-002104,dma_burst_seq,1311607337,directed,default,0x7700,16,incremental,0.692,0.53,reg_wr,8,3,46,8,1,fixed,uniform,boot,in_order,glitch,192
RUN-002105,parity_stress_seq,1759130845,full_random,corner,0xcc00,16,incremental,0.545,0.71,reg_rd,128,13,202,29,6,weighted,sparse,dma_stream,in_order,bitflip,192
RUN-002106,irq_storm_seq,1949460307,constrained,default,0xee00,16,random,0.349,0.58,balanced,128,20,167,22,10,fixed,burst_hotspot,dma_stream,in_order,bitflip,48
RUN-002107,dma_burst_seq,1666118815,constrained,default,0x7600,4,all_ones,0.587,0.65,reg_rd,128,26,288,12,7,weighted,sparse,boot,in_order,bitflip,768
RUN-002108,irq_storm_seq,1927667263,full_random,corner,0x8d00,4,walking_ones,0.294,0.28,balanced,16,15,68,7,2,weighted,burst_hotspot,sensor_poll,in_order,none,96
RUN-002109,reg_sweep_seq,1116329383,constrained,stress,0x3900,64,walking_ones,0.578,0.48,reg_rd,8,7,260,5,5,weighted,ping_pong,console,in_order,bitflip,192
RUN-002110,reg_sweep_seq,1947258866,full_random,stress,0xb600,16,incremental,0.392,0.77,reg_rd,64,21,98,20,2,fixed,ping_pong,console,in_order,none,48
RUN-002111,backpressure_seq,1742417704,full_random,default,0xcf00,4,random,0.228,0.3,reg_rd,64,15,29,21,3,fixed,sparse,sensor_poll,out_of_order,none,96
RUN-002112,dma_burst_seq,831781568,full_random,stress,0x4700,16,random,0.421,0.73,reg_rd,16,16,269,26,2,fixed,uniform,boot,in_order,none,48
RUN-002113,uart_loopback_seq,844560610,full_random,corner,0x1a00,16,walking_ones,0.22,0.62,reg_wr,16,9,78,31,1,weighted,ping_pong,console,in_order,bitflip,768
RUN-002114,irq_storm_seq,278714868,constrained,default,0x5300,64,random,0.561,0.36,reg_wr,8,16,338,2,9,fixed,sparse,sensor_poll,out_of_order,none,48
RUN-002115,reset_recovery_seq,1375994300,constrained,default,0xfd00,16,random,0.211,0.53,reg_wr,128,14,400,18,3,weighted,sparse,console,out_of_order,bitflip,384
RUN-002116,irq_storm_seq,1526716264,full_random,default,0xbc00,4,all_ones,0.145,0.43,reg_wr,8,0,397,18,4,fixed,sparse,sensor_poll,in_order,none,192
RUN-002117,parity_stress_seq,164498123,full_random,stress,0x9800,16,random,0.44,0.4,reg_wr,64,24,316,4,11,weighted,ping_pong,dma_stream,in_order,none,192
RUN-002118,irq_storm_seq,1804657849,full_random,default,0xb600,64,incremental,0.483,0.72,balanced,16,3,212,5,1,fixed,burst_hotspot,console,out_of_order,none,192
RUN-002119,reg_sweep_seq,1920048432,directed,default,0xc000,64,random,0.409,0.51,reg_rd,16,29,192,19,6,fixed,burst_hotspot,console,in_order,none,768
RUN-002120,uart_loopback_seq,49131634,constrained,default,0xb600,16,random,0.864,0.7,reg_rd,16,16,41,0,3,fixed,burst_hotspot,dma_stream,in_order,none,192
RUN-002121,irq_storm_seq,1711043151,constrained,default,0x8d00,4,walking_ones,0.159,0.7,reg_wr,16,19,150,9,3,weighted,burst_hotspot,dma_stream,in_order,bitflip,384
RUN-002122,irq_storm_seq,864460332,full_random,corner,0x7f00,4,random,0.404,0.71,reg_wr,64,29,67,7,0,weighted,uniform,sensor_poll,in_order,none,768
RUN-002123,uart_loopback_seq,1144832293,constrained,stress,0xc300,64,incremental,0.395,0.8,reg_rd,8,25,418,8,1,fixed,uniform,console,in_order,none,192
RUN-002124,dma_burst_seq,1402281314,constrained,stress,0x2b00,16,all_ones,0.482,0.27,balanced,64,2,239,25,7,fixed,burst_hotspot,sensor_poll,in_order,bitflip,768
RUN-002125,uart_loopback_seq,766203800,constrained,default,0x2c00,16,random,0.486,0.78,balanced,128,31,170,27,6,weighted,ping_pong,sensor_poll,in_order,none,192
RUN-002126,reset_recovery_seq,1831691458,constrained,corner,0x0e00,4,all_ones,0.501,0.27,balanced,128,12,391,26,11,fixed,burst_hotspot,dma_stream,in_order,none,384
RUN-002127,parity_stress_seq,200907428,constrained,corner,0x6a00,16,random,0.492,0.39,balanced,128,18,409,17,10,fixed,sparse,console,in_order,none,96
RUN-002128,backpressure_seq,1704862994,constrained,default,0x3000,16,incremental,0.303,0.69,reg_rd,8,25,164,16,11,weighted,uniform,boot,in_order,none,768
RUN-002129,reset_recovery_seq,432451333,directed,stress,0xe300,16,incremental,0.982,0.37,reg_wr,16,33,416,2,1,fixed,uniform,sensor_poll,in_order,bitflip,48
RUN-002130,irq_storm_seq,602746430,full_random,stress,0x7300,4,walking_ones,0.153,0.76,reg_wr,16,5,73,25,10,weighted,ping_pong,boot,in_order,bitflip,384
RUN-002131,uart_loopback_seq,313988538,constrained,stress,0xa200,16,walking_ones,0.07,0.73,balanced,8,9,295,27,0,fixed,ping_pong,dma_stream,in_order,none,768
RUN-002132,reg_sweep_seq,1683070242,constrained,default,0xe800,16,random,0.205,0.49,reg_rd,8,19,174,2,3,weighted,uniform,boot,in_order,none,96
RUN-002133,backpressure_seq,1302490457,constrained,default,0x1000,64,walking_ones,0.168,0.3,balanced,64,1,111,12,1,weighted,sparse,sensor_poll,in_order,none,192
RUN-002134,reg_sweep_seq,839634818,constrained,default,0x2900,4,incremental,0.16,0.71,reg_rd,16,7,402,17,4,weighted,uniform,dma_stream,out_of_order,none,192
RUN-002135,dma_burst_seq,1727374046,directed,default,0x0900,4,random,0.539,0.51,balanced,128,31,53,18,11,weighted,sparse,boot,out_of_order,none,192
RUN-002136,irq_storm_seq,485779479,full_random,stress,0x4200,64,random,0.239,0.45,reg_rd,8,12,175,7,4,fixed,burst_hotspot,dma_stream,in_order,none,192
RUN-002137,backpressure_seq,1989939209,constrained,corner,0xab00,16,random,0.392,0.49,reg_wr,16,7,124,19,7,fixed,burst_hotspot,boot,in_order,none,192
RUN-002138,parity_stress_seq,331836847,constrained,default,0x8000,16,all_ones,0.435,0.28,reg_rd,64,36,417,18,6,fixed,burst_hotspot,console,out_of_order,glitch,48
RUN-002139,dma_burst_seq,1466299532,constrained,corner,0xfe00,16,random,0.591,0.68,reg_wr,8,6,35,23,9,fixed,sparse,sensor_poll,in_order,glitch,384
RUN-002140,reg_sweep_seq,952334636,full_random,default,0xa300,4,random,0.446,0.32,balanced,16,36,355,2,6,fixed,sparse,sensor_poll,in_order,bitflip,48
RUN-002141,uart_loopback_seq,146950709,full_random,default,0x2700,4,all_ones,0.311,0.41,balanced,8,13,57,11,6,fixed,burst_hotspot,sensor_poll,in_order,none,96
RUN-002142,reg_sweep_seq,1909219829,full_random,corner,0x0600,64,random,0.461,0.47,reg_wr,64,11,27,26,8,weighted,burst_hotspot,console,in_order,none,192
RUN-002143,dma_burst_seq,47868815,constrained,default,0x2400,4,incremental,0.665,0.59,balanced,64,6,95,7,5,weighted,uniform,sensor_poll,in_order,bitflip,96
RUN-002144,dma_burst_seq,866615132,constrained,stress,0x7c00,4,incremental,0.586,0.55,reg_rd,8,30,315,22,6,fixed,ping_pong,dma_stream,in_order,none,768
RUN-002145,reg_sweep_seq,1640984102,constrained,stress,0x5800,16,incremental,0.323,0.4,reg_rd,16,23,417,9,6,weighted,sparse,dma_stream,in_order,bitflip,192
RUN-002146,parity_stress_seq,991783456,full_random,default,0x1c00,4,all_ones,0.669,0.64,balanced,8,10,161,24,5,weighted,burst_hotspot,boot,in_order,none,96
RUN-002147,parity_stress_seq,2064272266,constrained,default,0xf100,16,walking_ones,0.845,0.36,reg_wr,8,31,382,27,6,weighted,sparse,console,in_order,none,96
RUN-002148,reset_recovery_seq,1331828735,constrained,default,0xf000,64,walking_ones,0.684,0.38,reg_rd,16,3,132,28,9,weighted,burst_hotspot,dma_stream,in_order,none,192
RUN-002149,parity_stress_seq,1980877214,full_random,corner,0x7600,16,walking_ones,0.34,0.28,reg_rd,8,4,351,22,7,weighted,sparse,console,out_of_order,none,384
RUN-002150,parity_stress_seq,1833885929,directed,corner,0x3b00,4,incremental,0.798,0.45,balanced,16,7,334,15,11,weighted,uniform,boot,out_of_order,none,384
RUN-002151,uart_loopback_seq,1962001732,full_random,default,0xe800,4,walking_ones,0.762,0.39,balanced,16,0,278,31,0,fixed,sparse,dma_stream,in_order,bitflip,768
RUN-002152,dma_burst_seq,1639889486,constrained,default,0xcd00,64,walking_ones,0.588,0.38,balanced,8,12,295,16,7,fixed,burst_hotspot,dma_stream,in_order,none,384
RUN-002153,reg_sweep_seq,543058187,directed,stress,0x6e00,4,walking_ones,0.263,0.66,balanced,8,7,210,1,6,fixed,sparse,console,out_of_order,none,192
RUN-002154,dma_burst_seq,143089455,full_random,default,0x5100,64,all_ones,0.845,0.63,reg_rd,128,29,83,17,2,fixed,burst_hotspot,console,in_order,none,192
RUN-002155,reg_sweep_seq,1199766334,constrained,default,0xa000,64,random,0.344,0.27,reg_wr,64,25,275,23,0,weighted,ping_pong,boot,in_order,glitch,48
RUN-002156,dma_burst_seq,75666225,full_random,stress,0xfa00,16,random,0.324,0.69,balanced,128,34,367,14,10,weighted,sparse,console,in_order,none,192
RUN-002157,irq_storm_seq,735779620,constrained,corner,0x8b00,4,random,0.339,0.75,balanced,64,11,26,30,4,weighted,uniform,dma_stream,out_of_order,none,192
RUN-002158,parity_stress_seq,1592723871,constrained,corner,0xf700,16,walking_ones,0.372,0.79,balanced,8,16,59,4,1,fixed,burst_hotspot,sensor_poll,in_order,glitch,192
RUN-002159,uart_loopback_seq,866290756,full_random,default,0x0b00,64,incremental,0.291,0.59,reg_wr,16,5,231,2,7,weighted,ping_pong,dma_stream,in_order,glitch,192
RUN-002160,reset_recovery_seq,1648184238,constrained,default,0xf800,16,random,0.486,0.38,balanced,128,27,274,7,10,fixed,burst_hotspot,dma_stream,in_order,glitch,384
RUN-002161,backpressure_seq,248361713,full_random,stress,0x8300,64,all_ones,0.431,0.36,reg_wr,16,4,271,3,10,fixed,burst_hotspot,sensor_poll,in_order,none,192
RUN-002162,backpressure_seq,193701559,constrained,default,0x6800,16,walking_ones,0.698,0.23,reg_rd,64,25,344,3,5,weighted,sparse,console,out_of_order,none,768
RUN-002163,irq_storm_seq,1553978481,constrained,stress,0x9c00,4,incremental,0.224,0.72,balanced,16,0,70,12,2,weighted,burst_hotspot,console,out_of_order,none,384
RUN-002164,reg_sweep_seq,1807460479,full_random,default,0xce00,4,random,0.425,0.53,balanced,64,9,363,20,10,fixed,sparse,dma_stream,in_order,bitflip,768
RUN-002165,parity_stress_seq,1100107497,full_random,stress,0xc400,16,walking_ones,0.249,0.49,reg_rd,128,1,102,12,5,fixed,uniform,dma_stream,out_of_order,none,96
RUN-002166,dma_burst_seq,249589910,constrained,default,0xc800,64,walking_ones,0.9,0.57,reg_wr,16,9,304,31,4,weighted,burst_hotspot,console,in_order,none,96
RUN-002167,dma_burst_seq,1040244862,constrained,corner,0xb900,16,incremental,0.461,0.45,reg_wr,16,23,82,20,11,weighted,uniform,dma_stream,out_of_order,glitch,192
RUN-002168,reg_sweep_seq,1410240796,directed,default,0xf500,16,random,0.671,0.45,balanced,16,25,333,13,6,weighted,uniform,dma_stream,in_order,glitch,192
RUN-002169,irq_storm_seq,200145985,constrained,default,0xc400,4,random,0.329,0.24,balanced,64,21,187,21,11,fixed,burst_hotspot,console,in_order,bitflip,192
RUN-002170,reg_sweep_seq,550507551,constrained,stress,0x1900,16,incremental,0.364,0.69,reg_rd,128,13,374,10,3,fixed,uniform,sensor_poll,in_order,bitflip,96
RUN-002171,backpressure_seq,386955193,constrained,default,0x0c00,16,incremental,0.325,0.42,reg_wr,64,5,91,2,7,fixed,ping_pong,dma_stream,in_order,none,192
RUN-002172,backpressure_seq,1905926274,constrained,default,0xd700,4,incremental,0.178,0.42,balanced,128,39,423,4,1,weighted,uniform,console,in_order,bitflip,96
RUN-002173,reset_recovery_seq,937613593,constrained,corner,0x3f00,4,walking_ones,0.407,0.37,balanced,64,35,106,2,7,weighted,sparse,boot,out_of_order,none,384
RUN-002174,reg_sweep_seq,1183334795,constrained,stress,0xef00,64,walking_ones,0.795,0.63,balanced,128,7,343,30,0,fixed,ping_pong,boot,in_order,none,192
RUN-002175,irq_storm_seq,1882903899,full_random,stress,0x8000,4,incremental,0.56,0.31,balanced,64,36,134,10,2,fixed,sparse,console,in_order,bitflip,192
RUN-002176,reset_recovery_seq,377144888,constrained,default,0xd600,4,incremental,0.696,0.47,reg_rd,16,8,374,29,0,weighted,burst_hotspot,console,in_order,glitch,384
RUN-002177,reset_recovery_seq,1690950181,constrained,default,0x3100,16,incremental,0.267,0.61,balanced,64,33,244,17,1,weighted,uniform,console,in_order,none,96
RUN-002178,reg_sweep_seq,1931787955,full_random,stress,0x5200,16,walking_ones,0.585,0.78,reg_wr,64,21,228,13,1,weighted,burst_hotspot,sensor_poll,in_order,bitflip,192
RUN-002179,dma_burst_seq,1238811712,constrained,stress,0xd800,4,random,0.276,0.47,balanced,16,36,396,24,5,fixed,uniform,dma_stream,in_order,bitflip,96
RUN-002180,reg_sweep_seq,421960555,constrained,default,0x0100,16,random,0.648,0.57,reg_rd,8,10,302,17,5,weighted,burst_hotspot,sensor_poll,in_order,none,384
RUN-002181,backpressure_seq,499284967,full_random,corner,0xa600,4,incremental,0.888,0.48,reg_rd,16,21,75,19,10,fixed,sparse,sensor_poll,in_order,none,384
RUN-002182,reg_sweep_seq,183799855,constrained,stress,0xc400,4,walking_ones,0.409,0.24,reg_rd,8,31,117,0,10,fixed,ping_pong,sensor_poll,out_of_order,none,192
RUN-002183,irq_storm_seq,72770907,full_random,stress,0x2500,16,incremental,0.385,0.22,reg_wr,64,27,367,5,1,fixed,ping_pong,console,in_order,none,384
RUN-002184,dma_burst_seq,729669964,constrained,corner,0x3600,4,random,0.26,0.25,reg_rd,64,22,318,15,9,fixed,uniform,sensor_poll,out_of_order,glitch,48
RUN-002185,parity_stress_seq,185596046,directed,default,0xc400,4,all_ones,0.308,0.78,balanced,64,21,72,0,9,weighted,burst_hotspot,dma_stream,in_order,bitflip,384
RUN-002186,reg_sweep_seq,113215439,constrained,corner,0x4300,4,random,0.431,0.72,reg_wr,16,14,152,14,10,fixed,sparse,sensor_poll,in_order,none,48
RUN-002187,parity_stress_seq,1717653451,full_random,default,0x4600,4,random,0.664,0.29,reg_rd,64,5,24,4,8,fixed,uniform,boot,in_order,none,384
RUN-002188,reg_sweep_seq,754227092,constrained,default,0x7300,16,random,0.843,0.56,reg_wr,8,23,345,8,11,fixed,sparse,dma_stream,out_of_order,none,384
RUN-002189,reg_sweep_seq,1937388725,full_random,corner,0xe000,4,random,0.267,0.78,reg_wr,8,25,136,2,11,fixed,ping_pong,boot,in_order,none,48
RUN-002190,irq_storm_seq,1256055734,full_random,stress,0xf200,4,random,0.447,0.25,balanced,64,32,317,22,7,weighted,sparse,sensor_poll,in_order,bitflip,96
RUN-002191,reg_sweep_seq,51841928,constrained,default,0xac00,16,walking_ones,0.275,0.76,reg_wr,64,9,233,6,0,fixed,ping_pong,console,in_order,bitflip,192
RUN-002192,backpressure_seq,1836829716,constrained,stress,0x2d00,16,random,0.52,0.78,reg_rd,64,34,278,19,6,fixed,uniform,dma_stream,in_order,none,768
RUN-002193,reg_sweep_seq,190428062,constrained,corner,0xf000,4,random,0.919,0.49,reg_wr,128,12,63,24,7,fixed,ping_pong,dma_stream,in_order,bitflip,192
RUN-002194,backpressure_seq,2080105724,constrained,stress,0x3100,64,all_ones,0.635,0.79,balanced,16,24,163,23,3,weighted,ping_pong,console,in_order,none,192
RUN-002195,backpressure_seq,1128709972,full_random,corner,0xad00,4,random,0.354,0.68,reg_rd,16,37,58,4,3,weighted,burst_hotspot,dma_stream,in_order,none,192
RUN-002196,reg_sweep_seq,287886285,full_random,corner,0xe200,64,walking_ones,0.6,0.73,reg_rd,64,16,70,26,7,weighted,burst_hotspot,boot,in_order,glitch,96
RUN-002197,reg_sweep_seq,335009645,constrained,stress,0xf300,64,all_ones,0.665,0.79,reg_rd,64,31,74,17,4,fixed,burst_hotspot,console,in_order,none,384
RUN-002198,reg_sweep_seq,493412723,constrained,stress,0xae00,16,walking_ones,0.356,0.69,balanced,64,28,188,8,1,weighted,sparse,boot,in_order,bitflip,48
RUN-002199,parity_stress_seq,1428710322,full_random,default,0x9800,16,incremental,0.468,0.64,reg_wr,64,16,186,31,7,weighted,ping_pong,dma_stream,out_of_order,none,192
RUN-002200,reset_recovery_seq,1024580446,constrained,default,0x8d00,64,random,0.609,0.56,reg_rd,8,16,26,0,8,fixed,sparse,dma_stream,out_of_order,none,384
RUN-002201,reg_sweep_seq,1666097598,constrained,default,0xf500,16,incremental,0.356,0.61,balanced,64,9,292,20,4,fixed,burst_hotspot,sensor_poll,out_of_order,bitflip,192
RUN-002202,uart_loopback_seq,1581482970,constrained,default,0xa200,64,random,0.517,0.68,reg_rd,16,28,146,27,1,fixed,ping_pong,dma_stream,in_order,bitflip,768
RUN-002203,reg_sweep_seq,1299704289,constrained,stress,0x6400,64,incremental,0.517,0.31,reg_wr,128,3,291,24,1,fixed,sparse,dma_stream,in_order,none,192
RUN-002204,irq_storm_seq,990278168,directed,corner,0x9900,4,all_ones,0.215,0.77,balanced,8,24,156,27,3,weighted,uniform,sensor_poll,out_of_order,bitflip,192
RUN-002205,uart_loopback_seq,1625928457,constrained,stress,0x1c00,64,random,0.546,0.76,balanced,16,7,173,3,6,weighted,burst_hotspot,boot,in_order,none,192
RUN-002206,irq_storm_seq,858891552,constrained,default,0xf200,4,random,0.777,0.32,reg_wr,8,16,322,8,6,weighted,uniform,sensor_poll,in_order,bitflip,192
RUN-002207,uart_loopback_seq,518640577,constrained,default,0xdb00,16,incremental,0.838,0.68,balanced,16,28,420,7,8,fixed,uniform,console,in_order,none,384
RUN-002208,parity_stress_seq,1638542754,full_random,default,0xe000,16,random,0.451,0.24,reg_rd,16,32,250,14,6,weighted,sparse,dma_stream,in_order,none,384
RUN-002209,parity_stress_seq,1854911467,directed,default,0x8a00,64,random,0.671,0.38,balanced,64,27,366,17,1,fixed,burst_hotspot,dma_stream,in_order,bitflip,96
RUN-002210,reg_sweep_seq,854052231,constrained,corner,0x7a00,4,all_ones,0.428,0.48,reg_rd,16,9,266,11,8,fixed,ping_pong,sensor_poll,out_of_order,glitch,96
RUN-002211,uart_loopback_seq,650357462,constrained,default,0xbd00,64,random,0.339,0.42,reg_rd,64,18,193,7,4,fixed,uniform,sensor_poll,in_order,glitch,96
RUN-002212,irq_storm_seq,1375236818,full_random,default,0xf600,4,walking_ones,0.265,0.7,balanced,8,17,97,29,1,fixed,uniform,sensor_poll,in_order,none,192
RUN-002213,irq_storm_seq,1548883450,constrained,default,0x3200,16,random,0.59,0.59,balanced,128,10,389,19,8,fixed,sparse,console,in_order,none,384
RUN-002214,reset_recovery_seq,1689217120,full_random,stress,0x4c00,4,random,0.309,0.6,reg_rd,8,28,143,31,5,fixed,sparse,sensor_poll,out_of_order,bitflip,384
RUN-002215,irq_storm_seq,605893272,constrained,stress,0xc600,64,random,0.155,0.34,balanced,8,34,363,20,9,weighted,burst_hotspot,dma_stream,in_order,bitflip,384
RUN-002216,reg_sweep_seq,1022205213,constrained,default,0x2300,16,incremental,0.225,0.43,reg_wr,16,1,271,11,10,fixed,burst_hotspot,dma_stream,in_order,none,768
RUN-002217,reg_sweep_seq,1079020372,constrained,corner,0x7800,16,random,0.601,0.46,balanced,16,33,301,22,5,fixed,sparse,boot,out_of_order,none,96
RUN-002218,irq_storm_seq,222947901,constrained,corner,0xf600,16,random,0.38,0.72,reg_wr,16,36,161,8,10,fixed,burst_hotspot,sensor_poll,in_order,glitch,48
RUN-002219,reset_recovery_seq,1434446347,constrained,corner,0x4f00,16,incremental,0.174,0.35,reg_rd,8,9,153,12,10,fixed,ping_pong,sensor_poll,in_order,none,768
RUN-002220,backpressure_seq,908283635,full_random,stress,0x9000,4,incremental,0.218,0.46,reg_rd,8,13,93,2,7,weighted,sparse,console,in_order,none,96
RUN-002221,uart_loopback_seq,985012180,constrained,corner,0xa400,64,random,0.601,0.59,balanced,128,3,389,1,0,weighted,burst_hotspot,console,out_of_order,none,96
RUN-002222,irq_storm_seq,1695558555,constrained,default,0xfb00,16,random,0.124,0.51,reg_wr,8,38,418,26,4,weighted,burst_hotspot,dma_stream,in_order,glitch,96
RUN-002223,irq_storm_seq,492447813,constrained,stress,0xa100,4,walking_ones,0.301,0.45,reg_rd,128,5,359,31,4,weighted,sparse,console,out_of_order,none,96
RUN-002224,uart_loopback_seq,980221858,full_random,default,0x4b00,64,walking_ones,0.488,0.28,reg_wr,8,23,61,26,1,fixed,uniform,sensor_poll,in_order,glitch,96
RUN-002225,irq_storm_seq,470110788,full_random,default,0xde00,16,random,0.523,0.6,balanced,16,20,102,8,5,fixed,uniform,boot,in_order,none,768
RUN-002226,uart_loopback_seq,1451377968,directed,default,0xe200,64,all_ones,0.357,0.26,reg_rd,64,6,34,3,2,weighted,uniform,boot,in_order,bitflip,192
RUN-002227,reg_sweep_seq,498017698,constrained,corner,0x6800,16,all_ones,0.569,0.49,balanced,8,2,194,25,0,weighted,sparse,sensor_poll,out_of_order,glitch,96
RUN-002228,backpressure_seq,1428394524,constrained,default,0xad00,64,incremental,0.26,0.78,reg_rd,8,36,319,24,9,fixed,sparse,console,in_order,none,192
RUN-002229,uart_loopback_seq,1149476636,constrained,stress,0x6400,16,walking_ones,0.951,0.62,reg_rd,128,36,132,13,8,fixed,sparse,boot,out_of_order,none,192
RUN-002230,parity_stress_seq,2036048972,full_random,corner,0xdb00,16,random,0.66,0.47,reg_wr,64,22,159,25,9,weighted,sparse,console,in_order,none,384
RUN-002231,reg_sweep_seq,1108948016,full_random,default,0x9600,4,random,0.459,0.26,balanced,16,7,209,3,3,weighted,ping_pong,dma_stream,in_order,none,384
RUN-002232,dma_burst_seq,721795142,constrained,default,0x2e00,64,random,0.538,0.43,reg_wr,64,14,62,11,1,fixed,burst_hotspot,console,in_order,none,384
RUN-002233,parity_stress_seq,287029211,constrained,stress,0x9800,16,random,0.667,0.33,reg_wr,64,35,89,17,10,fixed,burst_hotspot,sensor_poll,out_of_order,none,48
RUN-002234,reg_sweep_seq,2074561677,constrained,default,0xea00,4,walking_ones,0.041,0.47,balanced,8,26,185,16,4,weighted,sparse,console,out_of_order,none,192
RUN-002235,reset_recovery_seq,754735210,constrained,stress,0x3100,4,all_ones,0.292,0.41,balanced,8,19,243,3,9,weighted,uniform,dma_stream,in_order,none,192
RUN-002236,reg_sweep_seq,487160325,constrained,default,0xa000,16,incremental,0.483,0.49,balanced,16,12,174,12,4,weighted,uniform,dma_stream,in_order,none,192
RUN-002237,dma_burst_seq,889435723,full_random,stress,0x3600,16,random,0.735,0.58,reg_wr,64,9,356,4,11,fixed,uniform,sensor_poll,in_order,bitflip,768
RUN-002238,reset_recovery_seq,1402503313,constrained,default,0xee00,16,incremental,0.485,0.21,reg_rd,64,32,363,28,4,weighted,sparse,dma_stream,in_order,bitflip,96
RUN-002239,uart_loopback_seq,2127969425,constrained,default,0x5600,64,random,0.375,0.42,reg_rd,16,27,425,28,9,fixed,ping_pong,dma_stream,in_order,none,192
RUN-002240,reg_sweep_seq,1674298187,constrained,default,0x8500,4,all_ones,0.495,0.39,reg_rd,64,6,298,31,5,weighted,burst_hotspot,sensor_poll,out_of_order,bitflip,48
RUN-002241,dma_burst_seq,608160599,constrained,stress,0x8800,16,walking_ones,0.773,0.62,reg_rd,64,0,358,30,7,weighted,uniform,console,in_order,none,768
RUN-002242,dma_burst_seq,924069346,constrained,default,0x2700,4,walking_ones,0.146,0.4,reg_rd,16,8,346,6,9,fixed,uniform,boot,out_of_order,none,384
RUN-002243,reset_recovery_seq,389858290,constrained,default,0x6b00,16,all_ones,0.173,0.45,balanced,16,17,102,0,5,weighted,uniform,dma_stream,in_order,none,192
RUN-002244,parity_stress_seq,1384808789,constrained,corner,0x5500,64,incremental,0.348,0.34,reg_wr,64,38,170,19,4,weighted,sparse,console,in_order,bitflip,192
RUN-002245,dma_burst_seq,1026776542,full_random,stress,0xdf00,64,incremental,0.707,0.72,reg_rd,64,27,349,1,9,weighted,uniform,boot,in_order,bitflip,192
RUN-002246,reset_recovery_seq,2092814132,directed,stress,0xf500,16,random,0.542,0.39,reg_wr,64,36,249,2,6,fixed,sparse,console,in_order,none,384
RUN-002247,reg_sweep_seq,1061100624,constrained,default,0xe900,64,random,0.396,0.74,reg_rd,8,37,419,1,2,fixed,ping_pong,boot,out_of_order,bitflip,96
RUN-002248,dma_burst_seq,1732842016,constrained,corner,0xde00,16,incremental,0.36,0.74,reg_rd,16,30,227,14,2,weighted,ping_pong,console,out_of_order,none,48
RUN-002249,uart_loopback_seq,1416680132,constrained,corner,0x6600,16,walking_ones,0.632,0.25,balanced,64,25,197,18,10,fixed,ping_pong,console,in_order,bitflip,192
RUN-002250,irq_storm_seq,1303058961,constrained,stress,0xce00,16,walking_ones,0.299,0.23,balanced,8,15,363,2,7,weighted,uniform,boot,in_order,none,768
RUN-002251,reg_sweep_seq,574860398,full_random,default,0x4000,64,random,0.455,0.32,reg_rd,8,34,406,20,2,fixed,uniform,sensor_poll,out_of_order,bitflip,192
RUN-002252,uart_loopback_seq,961123599,constrained,default,0x3500,64,all_ones,0.721,0.38,reg_rd,8,21,98,31,4,fixed,ping_pong,sensor_poll,out_of_order,none,48
RUN-002253,reset_recovery_seq,799218860,full_random,default,0xbe00,16,walking_ones,0.691,0.63,balanced,64,28,229,15,5,fixed,uniform,boot,out_of_order,glitch,768
RUN-002254,dma_burst_seq,1198648281,full_random,corner,0x5e00,4,walking_ones,0.849,0.61,balanced,8,36,162,8,0,weighted,uniform,sensor_poll,out_of_order,none,384
RUN-002255,reset_recovery_seq,860955549,full_random,default,0x1d00,64,random,0.414,0.46,reg_rd,8,3,103,1,5,weighted,ping_pong,sensor_poll,out_of_order,bitflip,48
RUN-002256,dma_burst_seq,2025624645,full_random,stress,0xb300,16,random,0.609,0.63,balanced,16,19,262,9,8,fixed,uniform,dma_stream,in_order,none,192
RUN-002257,dma_burst_seq,1247117144,constrained,default,0xad00,16,walking_ones,0.158,0.29,reg_rd,128,28,292,11,10,fixed,sparse,sensor_poll,in_order,none,384
RUN-002258,dma_burst_seq,739231228,constrained,stress,0x4b00,4,random,0.426,0.33,balanced,8,20,336,7,8,weighted,uniform,sensor_poll,in_order,none,768
RUN-002259,parity_stress_seq,416782173,full_random,default,0xf100,4,all_ones,0.172,0.29,reg_rd,8,6,83,1,7,fixed,sparse,console,out_of_order,none,384
RUN-002260,irq_storm_seq,849296044,constrained,corner,0x5d00,4,random,0.492,0.57,reg_rd,64,39,190,30,0,fixed,uniform,console,in_order,none,96
RUN-002261,reg_sweep_seq,1335118368,full_random,default,0x6000,4,incremental,0.901,0.53,balanced,64,23,357,7,2,weighted,uniform,sensor_poll,in_order,none,192
RUN-002262,reg_sweep_seq,195259804,full_random,corner,0x8800,16,all_ones,0.01,0.7,balanced,8,39,66,18,5,weighted,uniform,sensor_poll,in_order,glitch,96
RUN-002263,irq_storm_seq,1659164904,full_random,default,0x2100,4,walking_ones,0.308,0.49,reg_wr,16,5,270,0,3,fixed,uniform,dma_stream,in_order,none,768
RUN-002264,parity_stress_seq,1002452421,full_random,default,0xb500,16,walking_ones,0.37,0.61,reg_rd,64,26,363,2,3,fixed,uniform,sensor_poll,out_of_order,none,48
RUN-002265,irq_storm_seq,1061901292,full_random,stress,0x5500,64,incremental,0.889,0.2,balanced,64,28,149,12,8,weighted,burst_hotspot,sensor_poll,out_of_order,bitflip,768
RUN-002266,reset_recovery_seq,984351523,constrained,stress,0xdd00,16,all_ones,0.134,0.32,reg_wr,8,20,93,18,1,fixed,burst_hotspot,dma_stream,in_order,none,192
RUN-002267,dma_burst_seq,1342836208,constrained,stress,0x5a00,16,incremental,0.394,0.58,reg_rd,16,24,224,23,8,weighted,ping_pong,console,in_order,none,384
RUN-002268,reg_sweep_seq,1652996006,constrained,corner,0x9600,4,walking_ones,0.393,0.47,reg_wr,16,26,46,29,2,fixed,uniform,dma_stream,in_order,bitflip,384
RUN-002269,reset_recovery_seq,1459760485,constrained,default,0xaf00,16,walking_ones,0.353,0.4,reg_wr,16,6,81,11,9,weighted,burst_hotspot,dma_stream,out_of_order,bitflip,192
RUN-002270,reg_sweep_seq,1576372732,constrained,corner,0x7e00,64,random,0.484,0.5,reg_wr,8,20,62,16,1,weighted,sparse,boot,in_order,none,192
RUN-002271,reset_recovery_seq,1956065918,constrained,stress,0x5b00,64,incremental,0.788,0.74,reg_rd,64,3,402,23,2,weighted,sparse,sensor_poll,in_order,none,96
RUN-002272,irq_storm_seq,11066605,constrained,stress,0x2100,4,random,0.648,0.49,reg_rd,8,15,97,12,11,weighted,ping_pong,boot,in_order,none,384
RUN-002273,dma_burst_seq,397253011,constrained,default,0xc500,4,incremental,0.356,0.32,reg_wr,8,10,307,22,10,fixed,uniform,sensor_poll,in_order,bitflip,384
RUN-002274,backpressure_seq,1576847284,full_random,corner,0xfe00,64,incremental,0.656,0.56,reg_wr,64,7,216,23,3,weighted,uniform,console,in_order,none,192
RUN-002275,uart_loopback_seq,863076245,constrained,default,0x2200,16,all_ones,0.498,0.42,reg_rd,8,21,144,8,5,weighted,ping_pong,dma_stream,in_order,glitch,192
RUN-002276,parity_stress_seq,1215166986,constrained,stress,0xc200,16,random,0.244,0.2,balanced,128,24,391,9,9,weighted,ping_pong,dma_stream,in_order,bitflip,192
RUN-002277,reg_sweep_seq,1305603512,constrained,corner,0xaf00,4,random,0.208,0.76,balanced,16,28,334,21,6,weighted,ping_pong,sensor_poll,in_order,bitflip,96
RUN-002278,uart_loopback_seq,1149041346,constrained,corner,0x3d00,4,random,0.32,0.31,balanced,64,30,310,5,7,fixed,burst_hotspot,dma_stream,in_order,none,192
RUN-002279,irq_storm_seq,590689487,constrained,corner,0x7100,4,random,0.336,0.56,reg_rd,16,0,303,5,7,fixed,burst_hotspot,dma_stream,in_order,none,192
RUN-002280,reset_recovery_seq,1886777332,constrained,stress,0x7000,64,incremental,0.097,0.37,reg_wr,16,3,109,1,11,weighted,ping_pong,sensor_poll,in_order,none,96
RUN-002281,backpressure_seq,1154389400,constrained,default,0x8600,64,walking_ones,0.463,0.68,balanced,8,6,160,18,8,fixed,burst_hotspot,boot,in_order,none,96
RUN-002282,reg_sweep_seq,1584383242,constrained,default,0x2a00,16,walking_ones,0.251,0.56,reg_rd,8,32,142,17,11,weighted,burst_hotspot,console,in_order,bitflip,48
RUN-002283,backpressure_seq,122779304,directed,default,0xf900,64,incremental,0.244,0.44,reg_wr,16,22,112,14,6,weighted,uniform,sensor_poll,out_of_order,bitflip,96
RUN-002284,dma_burst_seq,9081980,constrained,stress,0xf100,64,incremental,0.357,0.76,reg_rd,128,4,147,21,7,fixed,uniform,dma_stream,out_of_order,none,48
RUN-002285,backpressure_seq,2088110960,constrained,default,0x9d00,4,random,0.475,0.3,balanced,64,23,49,27,8,weighted,sparse,dma_stream,in_order,none,768
RUN-002286,reg_sweep_seq,1359875966,constrained,default,0xb300,64,random,0.21,0.73,reg_rd,8,32,368,16,1,weighted,burst_hotspot,dma_stream,in_order,glitch,384
RUN-002287,reg_sweep_seq,2093523781,constrained,default,0x4500,64,random,0.477,0.49,balanced,16,1,358,6,3,fixed,ping_pong,console,in_order,none,384
RUN-002288,backpressure_seq,1305854279,constrained,stress,0x1600,64,random,0.468,0.79,reg_rd,128,22,169,23,8,weighted,ping_pong,sensor_poll,out_of_order,none,48
RUN-002289,backpressure_seq,748199004,full_random,stress,0x7900,64,random,0.088,0.4,balanced,64,38,358,4,0,fixed,burst_hotspot,sensor_poll,in_order,none,192
RUN-002290,parity_stress_seq,482394284,constrained,default,0x6000,16,all_ones,0.667,0.32,reg_rd,16,17,344,14,2,weighted,sparse,dma_stream,in_order,none,384
RUN-002291,dma_burst_seq,699836827,constrained,stress,0x3d00,16,incremental,0.448,0.54,balanced,128,8,274,26,9,weighted,burst_hotspot,console,in_order,none,48
RUN-002292,reg_sweep_seq,723980455,constrained,default,0x2c00,64,incremental,0.592,0.35,balanced,64,39,192,12,1,fixed,uniform,console,out_of_order,none,96
RUN-002293,dma_burst_seq,1349346082,constrained,stress,0x3b00,16,all_ones,0.608,0.47,reg_rd,8,12,128,1,6,fixed,sparse,sensor_poll,in_order,glitch,192
RUN-002294,uart_loopback_seq,627270307,constrained,default,0x6b00,16,walking_ones,0.483,0.74,balanced,16,30,44,10,8,weighted,uniform,sensor_poll,in_order,none,96
RUN-002295,reset_recovery_seq,1128774055,constrained,default,0xf500,64,walking_ones,0.563,0.65,reg_wr,8,20,233,23,9,weighted,sparse,dma_stream,in_order,none,192
RUN-002296,dma_burst_seq,577191617,constrained,default,0xae00,16,incremental,0.101,0.42,reg_wr,16,33,364,0,0,weighted,sparse,console,in_order,none,192
RUN-002297,parity_stress_seq,706316653,constrained,corner,0xcd00,4,random,0.319,0.44,balanced,16,38,216,27,5,fixed,uniform,sensor_poll,in_order,glitch,96
RUN-002298,dma_burst_seq,1797166623,full_random,stress,0x9d00,16,incremental,0.859,0.27,reg_wr,16,25,335,14,9,fixed,sparse,console,in_order,none,48
RUN-002299,reset_recovery_seq,831103480,full_random,default,0x5000,16,random,0.216,0.47,reg_wr,64,37,333,19,5,fixed,sparse,console,in_order,none,384
RUN-002300,uart_loopback_seq,501474333,constrained,default,0xd100,16,walking_ones,0.534,0.34,reg_wr,64,19,364,2,4,weighted,uniform,sensor_poll,in_order,bitflip,192
RUN-002301,parity_stress_seq,714920327,constrained,default,0xaa00,64,incremental,0.232,0.6,reg_wr,64,35,325,7,8,fixed,sparse,sensor_poll,in_order,glitch,768
RUN-002302,uart_loopback_seq,1254757457,constrained,stress,0xd600,16,random,0.516,0.21,reg_wr,128,13,174,25,4,fixed,ping_pong,boot,in_order,none,768
RUN-002303,backpressure_seq,2003170518,full_random,corner,0x4100,16,incremental,0.239,0.68,balanced,16,5,201,5,11,weighted,sparse,dma_stream,in_order,none,192
RUN-002304,dma_burst_seq,74531581,constrained,corner,0x4000,16,random,0.417,0.6,reg_rd,16,39,157,25,6,fixed,burst_hotspot,dma_stream,out_of_order,none,192
RUN-002305,parity_stress_seq,5549754,directed,default,0x7700,4,random,0.703,0.2,balanced,8,11,187,18,8,fixed,uniform,console,in_order,none,96
RUN-002306,uart_loopback_seq,833735063,full_random,default,0x5200,4,walking_ones,0.951,0.54,reg_rd,8,27,310,9,1,weighted,ping_pong,console,in_order,bitflip,48
RUN-002307,backpressure_seq,1483350197,constrained,corner,0xf600,16,all_ones,0.219,0.32,balanced,128,11,338,16,9,weighted,uniform,dma_stream,in_order,bitflip,192
RUN-002308,uart_loopback_seq,988400660,full_random,default,0x5f00,16,walking_ones,0.279,0.32,reg_rd,8,14,320,31,10,weighted,sparse,console,in_order,none,192
RUN-002309,reset_recovery_seq,207284638,full_random,default,0xf200,64,incremental,0.261,0.29,reg_wr,16,31,385,6,6,fixed,sparse,sensor_poll,out_of_order,glitch,768
RUN-002310,reg_sweep_seq,1797463665,constrained,default,0xa300,4,walking_ones,0.255,0.5,reg_wr,16,29,422,22,10,fixed,burst_hotspot,boot,in_order,none,192
RUN-002311,reg_sweep_seq,2127003544,directed,default,0x1900,16,random,0.66,0.39,balanced,8,20,44,1,9,fixed,burst_hotspot,sensor_poll,in_order,none,192
RUN-002312,parity_stress_seq,1972073161,constrained,stress,0x0400,4,random,0.323,0.34,balanced,8,14,156,21,10,weighted,uniform,console,in_order,glitch,48
RUN-002313,reset_recovery_seq,10527505,full_random,stress,0xd200,4,incremental,0.495,0.38,balanced,8,26,306,19,9,weighted,uniform,boot,in_order,none,384
RUN-002314,reg_sweep_seq,1362174055,constrained,stress,0x9400,4,incremental,0.848,0.77,reg_wr,16,27,343,9,3,weighted,ping_pong,sensor_poll,in_order,bitflip,48
RUN-002315,parity_stress_seq,1235059395,constrained,stress,0x2100,4,walking_ones,0.605,0.79,balanced,128,31,135,9,7,fixed,sparse,dma_stream,out_of_order,none,48
RUN-002316,reg_sweep_seq,974102594,constrained,default,0x8100,16,random,0.806,0.35,reg_rd,16,39,325,5,4,fixed,uniform,dma_stream,in_order,glitch,48
RUN-002317,uart_loopback_seq,1212196188,full_random,corner,0x2600,16,incremental,0.321,0.79,balanced,8,27,83,6,6,weighted,uniform,boot,in_order,none,192
RUN-002318,dma_burst_seq,1265687605,directed,corner,0x2000,16,random,0.273,0.33,reg_rd,16,29,274,25,11,weighted,sparse,boot,out_of_order,bitflip,192
RUN-002319,reg_sweep_seq,190451106,constrained,default,0xfb00,4,walking_ones,0.236,0.35,balanced,64,32,146,19,10,fixed,uniform,sensor_poll,in_order,glitch,48
RUN-002320,dma_burst_seq,549653161,full_random,default,0x2700,16,random,0.578,0.68,reg_rd,16,14,99,0,4,fixed,sparse,console,in_order,none,384
RUN-002321,reset_recovery_seq,348374160,full_random,corner,0xc400,4,walking_ones,0.287,0.23,balanced,16,25,58,13,5,weighted,uniform,boot,in_order,bitflip,192
RUN-002322,dma_burst_seq,1581149582,full_random,default,0xdb00,16,incremental,0.244,0.44,balanced,16,10,163,31,2,weighted,burst_hotspot,dma_stream,out_of_order,glitch,384
RUN-002323,uart_loopback_seq,1165289213,constrained,default,0x8100,64,random,0.667,0.45,reg_rd,64,2,82,7,4,fixed,ping_pong,boot,in_order,glitch,192
RUN-002324,reg_sweep_seq,1352244032,constrained,stress,0x3500,16,random,0.421,0.34,balanced,8,24,43,19,0,weighted,sparse,sensor_poll,in_order,bitflip,384
RUN-002325,reset_recovery_seq,937915823,constrained,corner,0xe000,4,incremental,0.44,0.5,balanced,16,35,67,4,2,weighted,sparse,dma_stream,in_order,glitch,192
RUN-002326,backpressure_seq,1148171212,constrained,stress,0x2000,64,random,0.752,0.78,reg_wr,8,22,89,21,2,weighted,uniform,console,in_order,none,192
RUN-002327,uart_loopback_seq,1822533042,constrained,default,0xc000,16,incremental,0.072,0.28,reg_wr,16,26,176,17,4,weighted,sparse,console,in_order,bitflip,192
RUN-002328,reset_recovery_seq,591420178,constrained,default,0xbf00,4,incremental,0.344,0.78,reg_rd,128,8,348,15,7,fixed,burst_hotspot,dma_stream,in_order,bitflip,96
RUN-002329,reg_sweep_seq,933194364,full_random,default,0x2f00,64,incremental,0.077,0.31,reg_wr,16,4,137,3,2,fixed,uniform,dma_stream,in_order,none,384
RUN-002330,uart_loopback_seq,20707282,directed,default,0x3d00,16,all_ones,0.453,0.44,reg_wr,16,15,317,9,4,weighted,sparse,dma_stream,in_order,none,96
RUN-002331,irq_storm_seq,53385635,constrained,stress,0x4600,4,random,0.769,0.44,balanced,128,19,377,25,8,weighted,uniform,sensor_poll,out_of_order,bitflip,192
RUN-002332,uart_loopback_seq,1417146572,full_random,stress,0xea00,4,walking_ones,0.649,0.41,reg_wr,64,19,44,29,4,fixed,uniform,sensor_poll,in_order,none,96
RUN-002333,reset_recovery_seq,1205762962,constrained,corner,0xeb00,16,all_ones,0.43,0.48,reg_wr,128,1,188,22,2,weighted,uniform,console,in_order,none,768
RUN-002334,reset_recovery_seq,722657915,directed,stress,0x5300,16,random,0.399,0.57,balanced,8,23,368,16,11,fixed,ping_pong,boot,in_order,bitflip,96
RUN-002335,uart_loopback_seq,691508140,full_random,default,0xa500,16,random,0.387,0.39,balanced,64,16,327,21,9,weighted,uniform,dma_stream,in_order,none,48
RUN-002336,dma_burst_seq,547234694,constrained,stress,0x2d00,4,random,0.432,0.8,reg_rd,8,16,149,3,0,fixed,uniform,boot,out_of_order,glitch,384
RUN-002337,dma_burst_seq,619815516,full_random,corner,0xf300,16,incremental,0.704,0.38,balanced,8,23,117,19,7,weighted,sparse,dma_stream,in_order,none,192
RUN-002338,backpressure_seq,1417561426,constrained,default,0x2300,16,random,0.256,0.51,balanced,16,36,373,1,8,fixed,ping_pong,dma_stream,out_of_order,glitch,384
RUN-002339,reg_sweep_seq,663671781,constrained,default,0x5c00,16,incremental,0.872,0.29,balanced,128,5,27,27,5,weighted,sparse,console,out_of_order,none,384
RUN-002340,irq_storm_seq,1264887328,constrained,default,0x0d00,64,walking_ones,0.539,0.21,reg_wr,64,0,85,6,9,weighted,burst_hotspot,sensor_poll,out_of_order,none,384
RUN-002341,uart_loopback_seq,1620759003,constrained,default,0xed00,16,incremental,0.203,0.67,reg_wr,16,10,37,31,8,fixed,burst_hotspot,dma_stream,in_order,none,192
RUN-002342,irq_storm_seq,48643660,constrained,default,0xfe00,16,random,0.494,0.53,balanced,128,9,55,28,7,fixed,burst_hotspot,console,in_order,glitch,384
RUN-002343,dma_burst_seq,1726102616,full_random,default,0x1c00,4,random,0.808,0.71,reg_wr,64,31,425,17,1,fixed,ping_pong,dma_stream,in_order,none,192
RUN-002344,backpressure_seq,1697487962,full_random,stress,0x3e00,64,incremental,0.499,0.28,reg_wr,8,8,42,12,11,fixed,burst_hotspot,console,in_order,bitflip,384
RUN-002345,irq_storm_seq,484420951,constrained,stress,0x3400,16,incremental,0.61,0.3,reg_rd,64,37,145,18,7,weighted,burst_hotspot,dma_stream,in_order,bitflip,48
RUN-002346,dma_burst_seq,205405970,full_random,default,0xb500,4,random,0.676,0.71,reg_rd,16,13,71,15,1,fixed,ping_pong,sensor_poll,in_order,bitflip,384
RUN-002347,dma_burst_seq,322438430,constrained,stress,0xe000,16,random,0.356,0.42,reg_wr,8,1,254,22,11,fixed,uniform,sensor_poll,in_order,bitflip,192
RUN-002348,reset_recovery_seq,335025899,constrained,corner,0xee00,4,random,0.55,0.32,balanced,16,20,407,24,4,weighted,burst_hotspot,boot,in_order,none,384
RUN-002349,reset_recovery_seq,1874299572,constrained,corner,0xa500,4,random,0.345,0.39,reg_rd,8,24,295,0,11,fixed,burst_hotspot,sensor_poll,in_order,none,768
RUN-002350,reg_sweep_seq,653637580,constrained,corner,0x3d00,16,all_ones,0.54,0.22,reg_wr,8,5,33,31,6,fixed,uniform,sensor_poll,in_order,none,192
RUN-002351,irq_storm_seq,1110602785,constrained,default,0x6b00,4,random,0.44,0.42,balanced,8,21,183,1,7,fixed,uniform,dma_stream,in_order,bitflip,48
RUN-002352,irq_storm_seq,1483433567,constrained,corner,0xf800,64,random,0.406,0.78,balanced,16,25,165,5,9,weighted,burst_hotspot,dma_stream,in_order,none,192
RUN-002353,backpressure_seq,2058800837,directed,default,0x3200,4,incremental,0.181,0.45,balanced,128,24,250,31,1,weighted,burst_hotspot,sensor_poll,in_order,none,768
RUN-002354,dma_burst_seq,869272061,full_random,default,0xd100,4,random,0.427,0.22,reg_wr,8,14,64,16,4,weighted,uniform,sensor_poll,out_of_order,none,192
RUN-002355,dma_burst_seq,699389679,full_random,default,0x9100,4,incremental,0.758,0.79,reg_rd,8,18,179,10,3,fixed,ping_pong,console,in_order,none,384
RUN-002356,uart_loopback_seq,1352841412,constrained,default,0x2100,64,incremental,0.724,0.39,balanced,128,7,106,27,3,weighted,burst_hotspot,sensor_poll,in_order,none,768
RUN-002357,parity_stress_seq,1461365712,directed,default,0xbc00,4,all_ones,0.586,0.78,reg_wr,128,36,84,17,0,fixed,uniform,dma_stream,out_of_order,bitflip,768
RUN-002358,reset_recovery_seq,1603908381,constrained,default,0xbf00,16,incremental,0.133,0.74,balanced,64,7,361,14,3,fixed,burst_hotspot,sensor_poll,in_order,bitflip,48
RUN-002359,dma_burst_seq,128836843,constrained,default,0x0000,64,random,0.373,0.65,balanced,64,38,176,15,10,fixed,burst_hotspot,boot,in_order,none,48
RUN-002360,parity_stress_seq,1651922930,full_random,corner,0xf600,16,walking_ones,0.654,0.33,reg_wr,8,27,366,29,9,weighted,uniform,sensor_poll,in_order,glitch,192
RUN-002361,dma_burst_seq,1766033368,constrained,default,0xb400,16,all_ones,0.671,0.39,reg_wr,8,17,320,17,5,fixed,sparse,sensor_poll,in_order,none,768
RUN-002362,irq_storm_seq,873888079,constrained,corner,0x2500,4,random,0.413,0.26,reg_wr,16,35,125,27,0,fixed,uniform,sensor_poll,out_of_order,none,384
RUN-002363,uart_loopback_seq,1561448023,constrained,default,0x8100,4,incremental,0.365,0.79,balanced,16,11,404,19,0,fixed,ping_pong,sensor_poll,in_order,none,192
RUN-002364,reg_sweep_seq,1067268921,constrained,stress,0x6a00,16,walking_ones,0.806,0.27,reg_rd,8,9,292,3,7,fixed,burst_hotspot,console,in_order,bitflip,192
RUN-002365,reset_recovery_seq,283395276,constrained,stress,0x8000,16,walking_ones,0.849,0.63,reg_wr,64,36,262,0,3,fixed,burst_hotspot,dma_stream,in_order,bitflip,96
RUN-002366,irq_storm_seq,87895223,constrained,stress,0xe300,64,all_ones,0.188,0.8,reg_rd,16,21,300,16,10,weighted,sparse,dma_stream,in_order,none,192
RUN-002367,reset_recovery_seq,1617695163,constrained,corner,0x0e00,4,random,0.278,0.25,reg_rd,16,13,238,26,0,fixed,uniform,boot,out_of_order,bitflip,96
RUN-002368,backpressure_seq,48828227,constrained,default,0xcf00,16,incremental,0.751,0.46,reg_rd,8,17,284,6,6,fixed,ping_pong,dma_stream,in_order,glitch,384
RUN-002369,backpressure_seq,553496774,constrained,default,0x8600,16,walking_ones,0.105,0.37,balanced,16,38,113,12,4,weighted,burst_hotspot,console,in_order,none,384
RUN-002370,uart_loopback_seq,199043122,constrained,corner,0xfb00,16,all_ones,0.422,0.3,balanced,128,1,14,13,6,weighted,ping_pong,sensor_poll,in_order,none,192
RUN-002371,parity_stress_seq,323641574,constrained,default,0x8e00,64,walking_ones,0.41,0.77,reg_rd,128,8,214,1,5,fixed,sparse,sensor_poll,in_order,none,384
RUN-002372,uart_loopback_seq,376139137,constrained,default,0x6d00,4,incremental,0.666,0.54,reg_wr,128,4,59,13,11,weighted,uniform,sensor_poll,out_of_order,none,768
RUN-002373,irq_storm_seq,990728768,directed,corner,0x3700,64,random,0.184,0.34,balanced,8,23,55,22,4,fixed,burst_hotspot,dma_stream,in_order,none,96
RUN-002374,reg_sweep_seq,1104616230,full_random,default,0xf800,64,random,0.517,0.4,reg_rd,16,12,290,22,2,fixed,uniform,sensor_poll,in_order,glitch,192
RUN-002375,parity_stress_seq,1464803391,constrained,default,0xda00,4,incremental,0.469,0.58,reg_rd,128,9,88,15,3,weighted,ping_pong,dma_stream,in_order,bitflip,768
RUN-002376,backpressure_seq,341631229,constrained,default,0x2500,4,all_ones,0.096,0.51,balanced,16,27,55,15,9,fixed,ping_pong,sensor_poll,in_order,none,192
RUN-002377,reg_sweep_seq,124252940,constrained,default,0x6c00,16,random,0.704,0.27,balanced,64,39,278,0,11,weighted,ping_pong,boot,out_of_order,none,384
RUN-002378,dma_burst_seq,1504367610,constrained,default,0x1e00,64,random,0.609,0.35,reg_rd,8,8,332,0,7,weighted,uniform,dma_stream,in_order,none,48
RUN-002379,dma_burst_seq,395792776,constrained,default,0xea00,64,all_ones,0.301,0.28,balanced,16,33,94,6,3,fixed,uniform,boot,in_order,none,48
RUN-002380,backpressure_seq,1245248259,constrained,default,0x3b00,4,random,0.233,0.48,reg_rd,64,26,352,30,10,weighted,burst_hotspot,console,in_order,none,768
RUN-002381,parity_stress_seq,949786954,constrained,default,0xd000,64,walking_ones,0.186,0.59,reg_rd,16,36,104,29,0,weighted,uniform,dma_stream,in_order,glitch,192
RUN-002382,reg_sweep_seq,1965071594,full_random,corner,0xa100,16,incremental,0.763,0.52,balanced,16,24,266,0,10,weighted,burst_hotspot,dma_stream,in_order,none,96
RUN-002383,reg_sweep_seq,1829187977,constrained,default,0xf200,64,incremental,0.629,0.54,reg_wr,16,35,341,30,6,weighted,uniform,boot,out_of_order,glitch,192
RUN-002384,dma_burst_seq,1046646085,constrained,default,0x1e00,64,random,0.362,0.66,reg_wr,8,8,292,30,1,weighted,sparse,dma_stream,out_of_order,bitflip,96
RUN-002385,reg_sweep_seq,1653131405,constrained,default,0x4800,16,random,0.319,0.66,balanced,16,32,137,30,10,fixed,uniform,sensor_poll,in_order,none,384
RUN-002386,dma_burst_seq,1974744861,constrained,corner,0xbd00,16,incremental,0.34,0.76,reg_wr,16,34,364,30,9,fixed,uniform,boot,out_of_order,none,192
RUN-002387,parity_stress_seq,586188165,constrained,default,0x3200,16,walking_ones,0.173,0.66,reg_wr,64,19,117,7,4,fixed,burst_hotspot,dma_stream,in_order,bitflip,48
RUN-002388,dma_burst_seq,420044132,constrained,default,0xe700,16,walking_ones,0.165,0.5,balanced,128,8,35,26,5,fixed,burst_hotspot,boot,out_of_order,bitflip,96
RUN-002389,dma_burst_seq,1016694055,constrained,default,0x5900,16,random,0.315,0.23,reg_rd,16,35,400,25,9,fixed,burst_hotspot,sensor_poll,out_of_order,none,384
RUN-002390,irq_storm_seq,489659466,constrained,stress,0xff00,64,incremental,0.701,0.46,reg_rd,16,7,251,19,11,weighted,burst_hotspot,boot,in_order,none,768
RUN-002391,uart_loopback_seq,1306319637,constrained,default,0xde00,16,incremental,0.665,0.31,balanced,8,26,413,8,3,fixed,ping_pong,console,in_order,bitflip,96
RUN-002392,parity_stress_seq,1938390529,constrained,default,0xbe00,16,all_ones,0.71,0.73,reg_rd,16,4,211,8,11,weighted,burst_hotspot,dma_stream,in_order,glitch,384
RUN-002393,reg_sweep_seq,1835893734,constrained,default,0x5b00,4,walking_ones,0.517,0.31,balanced,64,30,297,1,7,weighted,uniform,console,in_order,none,384
RUN-002394,uart_loopback_seq,1460938673,full_random,default,0xd200,16,incremental,0.727,0.62,balanced,8,5,236,21,3,weighted,sparse,dma_stream,in_order,glitch,384
RUN-002395,dma_burst_seq,2039763107,constrained,default,0x1200,16,random,0.885,0.64,reg_rd,64,1,52,18,4,fixed,burst_hotspot,dma_stream,in_order,glitch,384
RUN-002396,irq_storm_seq,815371688,constrained,stress,0x1f00,64,incremental,0.772,0.41,balanced,16,12,264,26,8,fixed,burst_hotspot,boot,in_order,bitflip,384
RUN-002397,reg_sweep_seq,1009467742,constrained,default,0x8700,16,random,0.684,0.69,reg_wr,64,17,166,26,1,weighted,sparse,console,out_of_order,glitch,48
RUN-002398,irq_storm_seq,1330763049,constrained,default,0xfa00,64,random,0.859,0.79,reg_wr,16,4,113,15,6,fixed,uniform,console,in_order,none,96
RUN-002399,parity_stress_seq,1130297581,constrained,default,0x3e00,64,all_ones,0.785,0.38,reg_wr,8,22,243,26,9,fixed,burst_hotspot,boot,in_order,bitflip,48
RUN-002400,uart_loopback_seq,844244008,constrained,corner,0x2900,4,walking_ones,0.399,0.37,reg_rd,8,35,270,21,9,fixed,burst_hotspot,dma_stream,out_of_order,bitflip,48
RUN-002401,dma_burst_seq,1850047636,constrained,default,0xef00,16,random,0.444,0.56,reg_wr,8,36,113,23,6,weighted,uniform,sensor_poll,in_order,bitflip,192
RUN-002402,reset_recovery_seq,1101325701,constrained,default,0xb500,4,walking_ones,0.763,0.57,reg_wr,64,13,282,30,11,fixed,uniform,dma_stream,out_of_order,none,384
RUN-002403,reg_sweep_seq,348232177,full_random,default,0x4e00,64,incremental,0.445,0.33,balanced,16,12,407,1,4,fixed,ping_pong,boot,in_order,glitch,192
RUN-002404,backpressure_seq,897754377,constrained,stress,0x8400,64,random,0.404,0.52,reg_wr,128,39,108,30,0,weighted,ping_pong,dma_stream,in_order,none,768
RUN-002405,irq_storm_seq,1550912779,full_random,corner,0x0400,4,incremental,0.404,0.77,balanced,128,3,313,23,7,fixed,ping_pong,dma_stream,in_order,bitflip,96
RUN-002406,irq_storm_seq,522536343,constrained,corner,0xdd00,4,all_ones,0.231,0.25,balanced,8,22,151,28,4,weighted,ping_pong,boot,out_of_order,none,192
RUN-002407,dma_burst_seq,1256746827,constrained,stress,0x6900,64,random,0.084,0.66,reg_rd,64,13,242,7,2,weighted,burst_hotspot,sensor_poll,in_order,bitflip,768
RUN-002408,uart_loopback_seq,1457562093,constrained,corner,0xad00,64,all_ones,0.217,0.44,reg_rd,8,17,32,27,7,weighted,sparse,console,in_order,none,48
RUN-002409,backpressure_seq,1462921453,full_random,corner,0x7d00,4,walking_ones,0.289,0.73,reg_wr,8,13,341,14,10,weighted,uniform,dma_stream,out_of_order,none,96
RUN-002410,irq_storm_seq,1356105892,constrained,corner,0x9a00,16,random,0.316,0.28,reg_wr,16,26,263,19,3,fixed,burst_hotspot,sensor_poll,in_order,none,96
RUN-002411,irq_storm_seq,692353181,constrained,default,0x8200,4,random,0.051,0.64,reg_wr,128,38,435,21,9,fixed,burst_hotspot,sensor_poll,in_order,bitflip,192
RUN-002412,reset_recovery_seq,1788337699,constrained,default,0x0b00,16,random,0.517,0.5,reg_rd,16,33,374,12,2,fixed,ping_pong,sensor_poll,out_of_order,bitflip,192
RUN-002413,reg_sweep_seq,924741301,directed,default,0x9300,16,incremental,0.462,0.27,reg_wr,64,12,56,24,0,weighted,uniform,sensor_poll,in_order,none,192
RUN-002414,uart_loopback_seq,126566914,constrained,default,0x8400,16,walking_ones,0.171,0.72,reg_wr,16,37,176,24,0,fixed,burst_hotspot,sensor_poll,in_order,none,192
RUN-002415,dma_burst_seq,545764305,full_random,default,0x1700,4,random,0.594,0.37,reg_rd,128,31,262,25,8,weighted,burst_hotspot,console,out_of_order,none,768
RUN-002416,backpressure_seq,375265907,constrained,stress,0x3700,4,random,0.635,0.23,reg_wr,64,2,60,5,9,fixed,burst_hotspot,sensor_poll,in_order,none,96
RUN-002417,parity_stress_seq,1646373790,constrained,default,0x8a00,4,random,0.22,0.77,reg_wr,64,4,134,3,8,fixed,sparse,console,in_order,none,48
RUN-002418,parity_stress_seq,177670529,constrained,default,0xe200,64,walking_ones,0.575,0.21,balanced,8,27,143,6,0,weighted,uniform,sensor_poll,in_order,none,768
RUN-002419,reg_sweep_seq,1447124537,constrained,default,0x6200,64,random,0.448,0.23,balanced,16,9,55,21,0,fixed,uniform,console,out_of_order,none,384
RUN-002420,irq_storm_seq,1366838142,constrained,stress,0x9500,16,random,0.287,0.36,reg_wr,16,23,145,30,1,fixed,uniform,sensor_poll,in_order,bitflip,384
RUN-002421,uart_loopback_seq,1968442189,constrained,default,0xbd00,64,walking_ones,0.317,0.6,reg_rd,8,26,411,1,7,fixed,sparse,console,in_order,bitflip,192
RUN-002422,reg_sweep_seq,276385110,constrained,default,0x7d00,64,walking_ones,0.555,0.2,balanced,16,7,347,31,5,weighted,uniform,dma_stream,in_order,none,768
RUN-002423,uart_loopback_seq,2140514449,constrained,stress,0x4900,16,incremental,0.438,0.44,reg_rd,64,0,152,1,5,weighted,uniform,dma_stream,in_order,glitch,192
RUN-002424,uart_loopback_seq,1966934488,constrained,default,0xe800,64,incremental,0.686,0.34,balanced,16,16,141,3,8,weighted,sparse,console,in_order,none,48
RUN-002425,reg_sweep_seq,1158805551,constrained,default,0xd000,16,random,0.738,0.67,reg_rd,16,34,160,7,0,weighted,burst_hotspot,dma_stream,in_order,bitflip,192
RUN-002426,reg_sweep_seq,78176287,full_random,stress,0xde00,16,all_ones,0.221,0.38,reg_wr,8,35,331,15,3,weighted,uniform,console,in_order,none,48
RUN-002427,backpressure_seq,58442023,constrained,stress,0x9900,64,random,0.685,0.52,reg_rd,8,36,421,23,3,fixed,burst_hotspot,dma_stream,in_order,none,768
RUN-002428,irq_storm_seq,1591355338,full_random,default,0x3f00,16,walking_ones,0.214,0.67,reg_rd,64,6,216,25,3,weighted,uniform,console,in_order,none,96
RUN-002429,irq_storm_seq,534096177,constrained,default,0x7d00,4,walking_ones,0.194,0.57,balanced,8,29,88,19,0,weighted,uniform,sensor_poll,in_order,bitflip,96
RUN-002430,reg_sweep_seq,538653742,constrained,default,0x0300,16,random,0.665,0.63,reg_wr,16,24,36,0,10,fixed,burst_hotspot,console,in_order,none,96
RUN-002431,reg_sweep_seq,906134945,constrained,stress,0x1b00,16,random,0.803,0.76,balanced,128,34,160,26,7,weighted,uniform,sensor_poll,in_order,bitflip,96
RUN-002432,uart_loopback_seq,1596605042,full_random,corner,0xb000,16,random,0.534,0.65,reg_wr,16,2,93,10,4,weighted,uniform,dma_stream,in_order,none,192
RUN-002433,reg_sweep_seq,1229141246,constrained,default,0x9d00,16,random,0.561,0.71,reg_rd,64,12,298,3,2,fixed,burst_hotspot,dma_stream,in_order,bitflip,768
RUN-002434,parity_stress_seq,1932333171,constrained,corner,0x0200,16,walking_ones,0.279,0.73,balanced,8,9,159,31,0,fixed,uniform,sensor_poll,in_order,none,96
RUN-002435,dma_burst_seq,2104163091,constrained,stress,0xb300,4,incremental,0.71,0.3,reg_wr,8,5,180,7,9,fixed,uniform,sensor_poll,out_of_order,none,192
RUN-002436,uart_loopback_seq,313362359,constrained,default,0xec00,64,random,0.256,0.78,reg_rd,8,2,227,30,7,fixed,burst_hotspot,console,out_of_order,none,384
RUN-002437,uart_loopback_seq,1538066267,constrained,stress,0x3c00,16,walking_ones,0.527,0.41,reg_wr,8,31,288,25,7,fixed,uniform,sensor_poll,in_order,none,384
RUN-002438,irq_storm_seq,526684634,constrained,stress,0x6500,64,walking_ones,0.404,0.4,reg_wr,8,14,128,14,0,fixed,uniform,console,out_of_order,bitflip,96
RUN-002439,uart_loopback_seq,1480427850,full_random,default,0x5c00,64,random,0.869,0.79,reg_rd,16,8,289,19,5,fixed,uniform,sensor_poll,out_of_order,glitch,192
RUN-002440,parity_stress_seq,1043218887,constrained,corner,0x4400,4,random,0.743,0.7,reg_rd,64,16,267,0,3,fixed,sparse,sensor_poll,in_order,none,192
RUN-002441,uart_loopback_seq,1492443703,full_random,default,0x8400,4,random,0.191,0.55,reg_rd,128,20,171,25,3,fixed,sparse,dma_stream,in_order,none,192
RUN-002442,irq_storm_seq,766030846,constrained,corner,0x2600,64,walking_ones,0.344,0.52,reg_rd,16,23,345,20,1,weighted,ping_pong,sensor_poll,in_order,none,192
RUN-002443,backpressure_seq,1891651299,full_random,default,0xd600,16,random,0.341,0.22,reg_rd,8,20,203,23,7,fixed,sparse,dma_stream,in_order,glitch,192
RUN-002444,dma_burst_seq,242619043,full_random,default,0x8200,16,random,0.758,0.55,balanced,16,32,107,18,3,weighted,burst_hotspot,sensor_poll,in_order,none,768
RUN-002445,reset_recovery_seq,1632388930,full_random,corner,0x7000,16,incremental,0.742,0.71,reg_wr,64,11,248,9,10,weighted,sparse,sensor_poll,in_order,none,48
RUN-002446,reset_recovery_seq,1924880810,constrained,default,0x2200,16,random,0.245,0.61,reg_rd,8,28,221,28,2,fixed,ping_pong,sensor_poll,in_order,glitch,192
RUN-002447,uart_loopback_seq,1939801663,constrained,default,0x9700,4,random,0.538,0.47,reg_wr,64,18,383,28,6,weighted,uniform,console,in_order,none,96
RUN-002448,reg_sweep_seq,307381334,full_random,default,0xbf00,4,random,0.39,0.47,reg_wr,64,2,206,6,3,weighted,burst_hotspot,sensor_poll,in_order,none,96
RUN-002449,reg_sweep_seq,1117290899,directed,corner,0xbb00,16,incremental,0.295,0.28,reg_rd,8,26,405,21,4,weighted,ping_pong,sensor_poll,out_of_order,bitflip,192
RUN-002450,uart_loopback_seq,562749077,constrained,stress,0x2700,16,walking_ones,0.265,0.38,balanced,8,8,377,3,10,weighted,sparse,console,in_order,none,48
RUN-002451,reg_sweep_seq,656117790,constrained,default,0x4f00,4,walking_ones,0.323,0.48,reg_wr,64,39,149,17,0,fixed,uniform,dma_stream,in_order,none,96
RUN-002452,dma_burst_seq,1549799526,full_random,default,0xce00,16,random,0.465,0.79,balanced,64,31,61,23,7,weighted,burst_hotspot,console,in_order,none,192
RUN-002453,reg_sweep_seq,1467544323,full_random,default,0x2600,16,incremental,0.605,0.58,reg_rd,8,1,381,8,10,weighted,burst_hotspot,dma_stream,in_order,bitflip,48
RUN-002454,parity_stress_seq,55727537,full_random,stress,0x0700,64,incremental,0.403,0.71,balanced,16,17,184,17,0,weighted,uniform,boot,in_order,glitch,96
RUN-002455,uart_loopback_seq,1216642535,directed,default,0x6200,16,random,0.803,0.32,balanced,16,22,106,18,1,weighted,uniform,console,in_order,glitch,192
RUN-002456,dma_burst_seq,392858065,constrained,default,0x9600,4,incremental,0.741,0.71,reg_wr,16,13,412,20,1,weighted,sparse,sensor_poll,in_order,none,192
RUN-002457,backpressure_seq,771639461,directed,stress,0xa700,16,all_ones,0.367,0.34,reg_rd,16,7,357,4,5,weighted,sparse,dma_stream,out_of_order,glitch,192
RUN-002458,reg_sweep_seq,1655458965,directed,default,0xe500,16,random,0.741,0.42,reg_rd,16,33,422,9,9,weighted,ping_pong,console,in_order,none,96
RUN-002459,irq_storm_seq,38735825,constrained,stress,0x0000,16,all_ones,0.238,0.35,balanced,64,37,223,17,10,fixed,uniform,dma_stream,in_order,none,192
RUN-002460,parity_stress_seq,1622628180,full_random,default,0xec00,16,walking_ones,0.435,0.66,reg_rd,128,3,190,17,9,fixed,uniform,dma_stream,in_order,bitflip,96
RUN-002461,reg_sweep_seq,1894148660,directed,default,0x8900,4,incremental,0.357,0.65,reg_wr,64,15,229,3,11,fixed,uniform,dma_stream,in_order,glitch,96
RUN-002462,dma_burst_seq,776071222,constrained,default,0x4a00,4,incremental,0.35,0.21,reg_wr,16,36,421,11,4,fixed,uniform,console,in_order,none,384
RUN-002463,backpressure_seq,1973587088,constrained,corner,0x9200,64,all_ones,0.435,0.37,reg_rd,16,12,214,31,9,fixed,uniform,sensor_poll,out_of_order,none,96
RUN-002464,reset_recovery_seq,1389518758,constrained,default,0xe700,16,random,0.832,0.22,reg_rd,8,23,412,10,5,weighted,sparse,boot,out_of_order,none,96
RUN-002465,reg_sweep_seq,1121111374,directed,default,0x6f00,4,random,0.636,0.35,balanced,8,0,38,3,5,weighted,sparse,console,in_order,glitch,384
RUN-002466,backpressure_seq,237196286,full_random,default,0x3700,16,random,0.707,0.27,reg_wr,64,31,228,22,8,weighted,uniform,console,in_order,none,768
RUN-002467,reg_sweep_seq,1735216551,full_random,stress,0xc800,64,incremental,0.815,0.76,balanced,8,11,48,3,5,weighted,uniform,console,out_of_order,glitch,768
RUN-002468,irq_storm_seq,1879096251,full_random,corner,0x3300,4,incremental,0.432,0.38,balanced,8,34,153,12,2,fixed,sparse,dma_stream,out_of_order,glitch,192
RUN-002469,irq_storm_seq,449187456,constrained,default,0x8a00,4,incremental,0.46,0.32,balanced,8,23,130,7,10,weighted,sparse,console,out_of_order,none,96
RUN-002470,irq_storm_seq,1710616613,constrained,default,0x2000,16,random,0.422,0.78,reg_rd,64,39,155,23,4,weighted,uniform,sensor_poll,out_of_order,none,192
RUN-002471,irq_storm_seq,207500758,full_random,default,0xcd00,16,all_ones,0.323,0.39,balanced,16,5,344,5,10,weighted,sparse,console,out_of_order,glitch,768
RUN-002472,backpressure_seq,1843367435,full_random,default,0x8c00,64,random,0.351,0.23,reg_wr,64,31,260,19,7,weighted,sparse,sensor_poll,in_order,none,384
RUN-002473,irq_storm_seq,1429705962,constrained,default,0x9e00,64,random,0.503,0.74,reg_wr,128,23,375,6,9,fixed,burst_hotspot,console,in_order,none,192
RUN-002474,parity_stress_seq,1842174661,constrained,default,0x1100,4,random,0.508,0.63,balanced,64,15,144,22,8,weighted,ping_pong,sensor_poll,out_of_order,none,48
RUN-002475,irq_storm_seq,1604861923,full_random,default,0xf700,64,incremental,0.439,0.79,balanced,8,28,187,24,4,fixed,uniform,boot,in_order,glitch,192
RUN-002476,irq_storm_seq,445840776,full_random,default,0x0e00,4,random,0.315,0.46,balanced,16,27,126,9,10,fixed,ping_pong,console,out_of_order,none,48
RUN-002477,parity_stress_seq,1694436028,full_random,default,0x2400,64,walking_ones,0.387,0.28,balanced,64,4,234,18,8,fixed,ping_pong,console,in_order,bitflip,48
RUN-002478,reg_sweep_seq,534551737,constrained,corner,0x4000,16,all_ones,0.393,0.31,reg_wr,128,3,294,1,6,fixed,uniform,boot,in_order,none,384
RUN-002479,reset_recovery_seq,1158635737,constrained,corner,0x5700,64,walking_ones,0.451,0.76,reg_rd,64,37,403,8,6,weighted,burst_hotspot,console,out_of_order,none,768
RUN-002480,reg_sweep_seq,180992654,directed,default,0x3600,16,random,0.611,0.79,reg_wr,16,34,423,22,7,weighted,burst_hotspot,boot,in_order,bitflip,192
RUN-002481,reg_sweep_seq,203261043,constrained,stress,0x6e00,16,random,0.107,0.52,reg_wr,16,31,205,21,8,fixed,sparse,sensor_poll,in_order,glitch,384
RUN-002482,dma_burst_seq,1710341249,constrained,default,0xd900,16,random,0.559,0.29,balanced,16,11,24,28,2,weighted,uniform,console,out_of_order,none,48
RUN-002483,backpressure_seq,1360651533,full_random,corner,0xbf00,16,random,0.877,0.35,reg_rd,16,36,200,31,5,fixed,burst_hotspot,console,out_of_order,none,768
RUN-002484,parity_stress_seq,640506955,constrained,default,0xc000,16,random,0.383,0.53,balanced,64,24,129,16,9,weighted,burst_hotspot,console,out_of_order,none,96
RUN-002485,uart_loopback_seq,521862507,constrained,default,0xbd00,16,incremental,0.41,0.23,reg_rd,16,25,240,18,9,weighted,burst_hotspot,dma_stream,in_order,none,48
RUN-002486,uart_loopback_seq,349880691,directed,default,0x7f00,16,random,0.49,0.41,reg_wr,64,18,333,24,11,fixed,ping_pong,dma_stream,in_order,none,192
RUN-002487,parity_stress_seq,77148049,constrained,default,0x0f00,16,incremental,0.645,0.22,reg_rd,64,1,43,28,2,fixed,ping_pong,sensor_poll,in_order,none,384
RUN-002488,uart_loopback_seq,354836130,constrained,corner,0x2e00,4,walking_ones,0.792,0.61,reg_wr,8,11,107,29,11,weighted,ping_pong,sensor_poll,in_order,bitflip,192
RUN-002489,dma_burst_seq,1846380073,constrained,default,0xdb00,64,incremental,0.25,0.61,reg_wr,16,35,56,30,7,weighted,ping_pong,console,in_order,none,768
RUN-002490,uart_loopback_seq,276620108,constrained,corner,0xe000,16,random,0.241,0.76,balanced,64,7,236,13,8,weighted,ping_pong,sensor_poll,in_order,none,384
RUN-002491,uart_loopback_seq,1915082277,full_random,default,0xf900,16,incremental,0.377,0.67,reg_wr,64,2,25,30,8,fixed,sparse,sensor_poll,in_order,bitflip,384
RUN-002492,uart_loopback_seq,414781150,full_random,stress,0x2700,16,walking_ones,0.481,0.47,balanced,64,37,296,30,3,weighted,uniform,dma_stream,in_order,glitch,48
RUN-002493,irq_storm_seq,1666045763,constrained,stress,0xdd00,16,walking_ones,0.367,0.57,balanced,64,6,108,12,3,fixed,sparse,boot,in_order,none,192
RUN-002494,reset_recovery_seq,720440816,constrained,default,0x4c00,16,incremental,0.17,0.51,reg_rd,16,17,147,26,5,weighted,ping_pong,dma_stream,in_order,bitflip,384
RUN-002495,backpressure_seq,458854641,full_random,stress,0x2200,16,all_ones,0.396,0.48,balanced,64,20,215,0,2,weighted,sparse,dma_stream,out_of_order,none,192
RUN-002496,parity_stress_seq,1662838737,constrained,default,0x2300,16,all_ones,0.792,0.61,balanced,64,24,63,9,8,weighted,sparse,sensor_poll,in_order,none,384
RUN-002497,reg_sweep_seq,922864390,directed,default,0x3200,64,random,0.416,0.4,reg_wr,16,8,80,16,8,weighted,uniform,console,out_of_order,none,96
RUN-002498,reg_sweep_seq,972528237,full_random,default,0xeb00,16,random,0.387,0.45,balanced,8,12,365,7,4,fixed,sparse,dma_stream,in_order,none,192
RUN-002499,dma_burst_seq,594354855,constrained,default,0xfc00,16,incremental,0.176,0.59,reg_wr,8,22,202,21,9,fixed,sparse,dma_stream,in_order,glitch,768
RUN-002500,uart_loopback_seq,1735227214,constrained,default,0xea00,4,incremental,0.745,0.35,balanced,128,23,105,23,3,fixed,sparse,boot,out_of_order,none,384
RUN-002501,reset_recovery_seq,1954449616,constrained,stress,0x8100,16,incremental,0.817,0.61,balanced,8,16,278,5,1,weighted,uniform,boot,in_order,bitflip,48
RUN-002502,parity_stress_seq,281410551,full_random,corner,0x2c00,16,random,0.439,0.69,reg_wr,16,21,352,12,5,fixed,uniform,sensor_poll,in_order,none,192
RUN-002503,reg_sweep_seq,593589583,full_random,default,0x6e00,4,walking_ones,0.257,0.71,balanced,8,20,202,25,2,weighted,uniform,boot,in_order,none,384
RUN-002504,dma_burst_seq,1043215087,constrained,default,0x2200,4,random,0.33,0.8,reg_rd,16,7,198,0,11,fixed,ping_pong,boot,out_of_order,none,96
RUN-002505,uart_loopback_seq,1054855790,directed,stress,0x7700,64,random,0.185,0.44,reg_wr,64,2,29,30,3,weighted,sparse,sensor_poll,in_order,glitch,192
RUN-002506,reg_sweep_seq,1004241770,constrained,stress,0x2300,4,random,0.8,0.37,balanced,8,1,165,3,5,fixed,burst_hotspot,dma_stream,in_order,bitflip,384
RUN-002507,parity_stress_seq,1951890048,constrained,default,0x5800,16,random,0.186,0.47,reg_wr,64,33,152,28,1,fixed,sparse,dma_stream,in_order,none,48
RUN-002508,reset_recovery_seq,1496459007,constrained,default,0x5600,16,incremental,0.815,0.7,balanced,8,15,389,14,9,fixed,uniform,sensor_poll,out_of_order,bitflip,96
RUN-002509,dma_burst_seq,1133112989,constrained,corner,0xcf00,4,random,0.466,0.6,balanced,128,24,223,2,8,fixed,ping_pong,console,in_order,none,192
RUN-002510,backpressure_seq,810982740,constrained,corner,0x7200,16,walking_ones,0.839,0.57,reg_wr,16,15,252,18,5,fixed,uniform,dma_stream,in_order,glitch,768
RUN-002511,parity_stress_seq,1498400962,constrained,default,0xf300,16,random,0.478,0.66,reg_rd,8,3,348,28,11,fixed,uniform,sensor_poll,in_order,none,384
RUN-002512,uart_loopback_seq,86440922,constrained,default,0xbf00,16,incremental,0.29,0.5,balanced,16,13,63,6,6,weighted,burst_hotspot,dma_stream,out_of_order,bitflip,192
RUN-002513,reg_sweep_seq,101193107,full_random,default,0xe700,64,random,0.266,0.69,balanced,8,3,303,18,0,fixed,burst_hotspot,boot,in_order,bitflip,192
RUN-002514,uart_loopback_seq,815586187,constrained,default,0x8f00,4,walking_ones,0.658,0.76,balanced,8,2,190,31,7,fixed,burst_hotspot,sensor_poll,in_order,glitch,384
RUN-002515,irq_storm_seq,811796281,constrained,default,0xaf00,16,walking_ones,0.307,0.5,reg_wr,16,21,328,5,10,fixed,burst_hotspot,dma_stream,in_order,glitch,48
RUN-002516,reg_sweep_seq,243893006,constrained,default,0xd100,64,incremental,0.2,0.32,balanced,8,10,340,16,5,fixed,uniform,dma_stream,in_order,glitch,384
RUN-002517,uart_loopback_seq,1226630600,constrained,corner,0xb800,4,random,0.212,0.35,reg_rd,16,20,61,6,2,weighted,uniform,dma_stream,out_of_order,glitch,384
RUN-002518,uart_loopback_seq,228970517,constrained,corner,0xbc00,64,incremental,0.26,0.61,balanced,16,29,203,24,5,weighted,uniform,boot,in_order,none,96
RUN-002519,reset_recovery_seq,1728060738,full_random,stress,0x6d00,4,all_ones,0.415,0.47,reg_wr,16,9,19,0,9,fixed,burst_hotspot,console,in_order,none,48
RUN-002520,reset_recovery_seq,838883884,constrained,corner,0xaa00,16,incremental,0.617,0.72,reg_rd,16,17,29,7,6,fixed,sparse,sensor_poll,in_order,glitch,192
RUN-002521,backpressure_seq,1528934175,full_random,default,0xe100,64,incremental,0.478,0.63,reg_rd,64,15,151,2,3,weighted,uniform,boot,in_order,glitch,384
RUN-002522,backpressure_seq,1079498612,constrained,corner,0x9b00,4,all_ones,0.549,0.57,reg_wr,16,38,68,19,3,fixed,uniform,boot,in_order,none,48
RUN-002523,parity_stress_seq,1762203267,constrained,default,0x6000,4,incremental,0.737,0.38,balanced,8,19,320,30,3,fixed,burst_hotspot,boot,in_order,none,48
RUN-002524,dma_burst_seq,865902676,constrained,corner,0xed00,4,random,0.053,0.77,reg_rd,128,6,241,13,9,fixed,burst_hotspot,dma_stream,out_of_order,glitch,384
RUN-002525,reg_sweep_seq,2078499548,constrained,stress,0x7700,16,incremental,0.042,0.47,reg_rd,64,16,144,17,8,fixed,uniform,sensor_poll,in_order,none,192
RUN-002526,uart_loopback_seq,2051972416,full_random,corner,0xd600,16,incremental,0.178,0.34,balanced,16,21,134,29,2,fixed,ping_pong,sensor_poll,out_of_order,glitch,768
RUN-002527,uart_loopback_seq,1928331946,constrained,default,0x7500,16,random,0.462,0.49,balanced,64,0,123,23,8,fixed,burst_hotspot,sensor_poll,in_order,none,384
RUN-002528,dma_burst_seq,1818875325,constrained,default,0xfa00,16,random,0.63,0.35,balanced,128,3,214,9,9,fixed,burst_hotspot,boot,in_order,none,192
RUN-002529,reset_recovery_seq,1547789451,full_random,stress,0xdc00,64,all_ones,0.099,0.64,reg_rd,16,8,276,20,8,weighted,ping_pong,boot,in_order,none,384
RUN-002530,dma_burst_seq,707744271,constrained,stress,0xa000,64,all_ones,0.397,0.78,reg_wr,16,20,322,27,5,weighted,sparse,boot,in_order,none,192
RUN-002531,dma_burst_seq,1668481381,full_random,corner,0x9100,4,incremental,0.592,0.7,reg_rd,8,36,177,21,10,weighted,ping_pong,console,out_of_order,none,384
RUN-002532,dma_burst_seq,1673316265,constrained,default,0x7200,16,random,0.469,0.35,reg_wr,64,2,72,16,4,weighted,burst_hotspot,dma_stream,in_order,none,768
RUN-002533,dma_burst_seq,1729585695,directed,stress,0x4300,16,walking_ones,0.164,0.73,reg_rd,128,22,34,6,10,weighted,ping_pong,dma_stream,in_order,none,48
RUN-002534,uart_loopback_seq,457949502,full_random,corner,0x8100,64,walking_ones,0.284,0.35,reg_rd,8,31,361,5,5,fixed,sparse,console,out_of_order,none,192
RUN-002535,uart_loopback_seq,1521386398,constrained,stress,0x1d00,16,random,0.687,0.38,balanced,16,26,83,6,11,fixed,burst_hotspot,console,in_order,none,192
RUN-002536,parity_stress_seq,797250149,constrained,default,0x3400,4,random,0.496,0.57,reg_wr,64,16,148,16,6,fixed,burst_hotspot,console,in_order,none,768
RUN-002537,dma_burst_seq,1064293,full_random,default,0xef00,64,all_ones,0.413,0.79,reg_wr,128,3,288,20,11,fixed,uniform,console,in_order,bitflip,96
RUN-002538,dma_burst_seq,1909698243,directed,default,0x6000,16,walking_ones,0.264,0.25,balanced,16,38,59,19,9,weighted,burst_hotspot,boot,out_of_order,bitflip,384
RUN-002539,dma_burst_seq,1130833262,constrained,corner,0x0800,4,random,0.496,0.25,reg_wr,8,37,260,12,11,weighted,sparse,console,in_order,none,384
RUN-002540,irq_storm_seq,1977568252,full_random,default,0xd500,4,incremental,0.388,0.69,balanced,64,13,301,28,9,fixed,uniform,boot,in_order,none,384
RUN-002541,reset_recovery_seq,2076959435,constrained,corner,0xfa00,4,walking_ones,0.533,0.47,balanced,8,10,25,24,7,fixed,sparse,boot,out_of_order,none,96
RUN-002542,reg_sweep_seq,484644793,constrained,default,0x3700,64,random,0.204,0.31,balanced,64,5,369,31,4,weighted,ping_pong,console,out_of_order,none,384
RUN-002543,reg_sweep_seq,944546330,constrained,corner,0x5000,16,incremental,0.661,0.67,balanced,16,15,324,13,2,fixed,burst_hotspot,sensor_poll,in_order,none,192
RUN-002544,dma_burst_seq,448286593,constrained,default,0x4600,4,all_ones,0.555,0.38,reg_rd,128,27,309,29,10,weighted,sparse,sensor_poll,in_order,none,48
RUN-002545,reg_sweep_seq,1131630513,constrained,default,0xa000,16,random,0.169,0.58,reg_wr,64,35,291,7,4,fixed,uniform,sensor_poll,in_order,glitch,384
RUN-002546,reg_sweep_seq,607287540,constrained,default,0xb500,4,random,0.687,0.49,reg_rd,8,17,139,0,2,weighted,ping_pong,sensor_poll,in_order,none,192
RUN-002547,reset_recovery_seq,308154539,full_random,default,0xfe00,4,random,0.271,0.27,reg_rd,8,33,84,15,9,fixed,burst_hotspot,boot,out_of_order,bitflip,384
RUN-002548,dma_burst_seq,1223777519,directed,default,0x5400,4,random,0.462,0.78,reg_rd,16,29,322,18,8,weighted,uniform,dma_stream,in_order,none,192
RUN-002549,reg_sweep_seq,772072492,constrained,stress,0xa100,4,incremental,0.543,0.57,reg_wr,16,8,107,26,1,fixed,uniform,console,in_order,none,192
RUN-002550,backpressure_seq,1882378432,constrained,stress,0x2700,64,walking_ones,0.648,0.33,reg_rd,8,21,33,26,10,weighted,uniform,sensor_poll,in_order,glitch,96
RUN-002551,reg_sweep_seq,2088683118,constrained,corner,0x4800,16,incremental,0.654,0.33,balanced,64,36,62,6,7,weighted,ping_pong,boot,out_of_order,none,192
RUN-002552,irq_storm_seq,499368669,full_random,default,0x9f00,16,random,0.339,0.23,reg_wr,8,22,81,6,3,weighted,burst_hotspot,sensor_poll,in_order,none,384
RUN-002553,reg_sweep_seq,1437115669,constrained,corner,0xda00,64,walking_ones,0.705,0.42,reg_wr,16,9,215,17,3,weighted,ping_pong,boot,in_order,bitflip,384
RUN-002554,backpressure_seq,269924877,full_random,corner,0x0b00,64,random,0.603,0.43,balanced,16,18,254,2,0,fixed,ping_pong,sensor_poll,in_order,none,192
RUN-002555,reg_sweep_seq,708755386,full_random,stress,0x7f00,4,random,0.238,0.56,balanced,128,10,395,26,4,fixed,uniform,boot,in_order,none,384
RUN-002556,dma_burst_seq,1776412854,full_random,default,0xa800,16,random,0.448,0.33,balanced,16,28,312,30,11,fixed,sparse,dma_stream,in_order,none,192
RUN-002557,reg_sweep_seq,670506664,constrained,stress,0xf600,64,random,0.631,0.63,reg_wr,64,2,292,11,10,weighted,sparse,boot,in_order,none,48
RUN-002558,parity_stress_seq,1410230601,constrained,stress,0xd200,16,all_ones,0.51,0.35,reg_rd,16,38,80,12,7,weighted,ping_pong,boot,in_order,none,384
RUN-002559,irq_storm_seq,1780902380,directed,corner,0x7700,4,walking_ones,0.536,0.69,reg_wr,16,17,153,16,3,fixed,sparse,sensor_poll,in_order,none,192
RUN-002560,dma_burst_seq,1747701518,constrained,corner,0xae00,4,all_ones,0.292,0.41,reg_rd,16,12,336,18,10,weighted,burst_hotspot,sensor_poll,in_order,none,48
RUN-002561,backpressure_seq,1650321778,constrained,default,0x5d00,64,random,0.713,0.24,reg_wr,16,20,31,1,1,fixed,uniform,console,in_order,bitflip,384
RUN-002562,irq_storm_seq,1672501637,constrained,default,0xf800,4,all_ones,0.383,0.69,balanced,8,27,214,6,1,weighted,burst_hotspot,dma_stream,in_order,none,192
RUN-002563,reg_sweep_seq,817693081,directed,default,0xe200,16,walking_ones,0.594,0.21,balanced,8,2,21,17,7,weighted,burst_hotspot,console,in_order,none,48
RUN-002564,irq_storm_seq,1488288052,constrained,default,0xae00,16,random,0.412,0.42,balanced,8,17,84,22,8,weighted,uniform,dma_stream,in_order,none,96
RUN-002565,parity_stress_seq,398317881,constrained,corner,0xfe00,16,random,0.708,0.24,balanced,8,1,236,7,10,weighted,burst_hotspot,dma_stream,in_order,bitflip,384
RUN-002566,reg_sweep_seq,788816238,constrained,corner,0x6200,16,incremental,0.632,0.52,balanced,64,37,399,24,7,fixed,uniform,dma_stream,in_order,glitch,384
RUN-002567,reg_sweep_seq,1278718101,constrained,corner,0x5e00,16,random,0.228,0.41,reg_wr,64,9,326,0,11,weighted,ping_pong,console,in_order,bitflip,48
RUN-002568,backpressure_seq,243951236,full_random,corner,0x7400,64,random,0.465,0.6,reg_rd,16,19,77,0,2,weighted,sparse,boot,in_order,none,96
RUN-002569,reset_recovery_seq,1695683935,constrained,default,0x2000,4,random,0.627,0.28,balanced,8,25,420,21,4,weighted,sparse,dma_stream,out_of_order,none,384
RUN-002570,reg_sweep_seq,633853493,constrained,default,0x5c00,4,all_ones,0.477,0.47,balanced,8,19,366,31,1,fixed,uniform,console,in_order,none,384
RUN-002571,dma_burst_seq,855344634,constrained,default,0x5b00,4,walking_ones,0.662,0.46,balanced,8,31,353,27,0,fixed,burst_hotspot,sensor_poll,in_order,bitflip,384
RUN-002572,parity_stress_seq,789958818,constrained,corner,0xad00,16,random,0.519,0.6,reg_wr,8,1,115,10,2,fixed,ping_pong,console,in_order,none,192
RUN-002573,reg_sweep_seq,421565513,full_random,corner,0x1b00,16,all_ones,0.585,0.65,balanced,8,34,336,18,0,weighted,burst_hotspot,console,in_order,glitch,96
RUN-002574,dma_burst_seq,764705693,constrained,default,0xe300,16,random,0.673,0.62,balanced,128,11,169,8,10,fixed,uniform,console,in_order,bitflip,192
RUN-002575,irq_storm_seq,201332282,constrained,default,0x3500,4,incremental,0.526,0.32,reg_rd,8,0,351,19,0,weighted,uniform,dma_stream,out_of_order,none,192
RUN-002576,parity_stress_seq,1173849128,constrained,default,0x7d00,4,walking_ones,0.134,0.49,balanced,8,27,312,30,6,fixed,burst_hotspot,sensor_poll,out_of_order,bitflip,48
RUN-002577,backpressure_seq,459247798,constrained,stress,0x0000,4,random,0.136,0.33,reg_rd,8,30,66,9,0,fixed,burst_hotspot,boot,in_order,none,48
RUN-002578,irq_storm_seq,1367087960,constrained,default,0x4600,16,incremental,0.479,0.74,balanced,16,29,46,3,5,weighted,uniform,console,out_of_order,bitflip,192
RUN-002579,dma_burst_seq,791270389,directed,default,0x8300,4,all_ones,0.098,0.46,balanced,8,22,122,2,5,fixed,uniform,console,out_of_order,bitflip,192
RUN-002580,irq_storm_seq,1546924234,full_random,default,0x3500,16,walking_ones,0.308,0.66,reg_rd,128,19,77,31,3,weighted,uniform,dma_stream,in_order,none,192
RUN-002581,reset_recovery_seq,656111882,full_random,stress,0x9300,64,all_ones,0.345,0.39,reg_wr,128,27,388,25,6,fixed,uniform,console,in_order,bitflip,48
RUN-002582,uart_loopback_seq,1174202600,constrained,default,0x3b00,16,all_ones,0.656,0.44,reg_rd,16,7,395,16,2,weighted,burst_hotspot,dma_stream,in_order,none,48
RUN-002583,reg_sweep_seq,1591079068,constrained,default,0xe800,16,incremental,0.127,0.24,reg_wr,16,29,401,2,9,fixed,burst_hotspot,boot,out_of_order,none,192
RUN-002584,uart_loopback_seq,519806630,full_random,corner,0x6800,64,all_ones,0.165,0.28,reg_wr,16,33,399,23,8,weighted,uniform,dma_stream,in_order,none,768
RUN-002585,backpressure_seq,1229796596,constrained,stress,0x2900,64,random,0.538,0.2,reg_wr,8,27,79,18,11,fixed,ping_pong,boot,out_of_order,none,96
RUN-002586,uart_loopback_seq,459907959,full_random,corner,0x7100,16,walking_ones,0.315,0.46,reg_wr,8,15,190,9,0,fixed,burst_hotspot,dma_stream,in_order,none,192
RUN-002587,reg_sweep_seq,1773789527,directed,default,0xf200,16,all_ones,0.548,0.76,balanced,64,22,87,26,10,fixed,ping_pong,dma_stream,in_order,none,768
RUN-002588,reg_sweep_seq,1421995716,constrained,corner,0xe000,4,incremental,0.892,0.21,balanced,64,38,263,16,3,fixed,ping_pong,sensor_poll,in_order,glitch,192
RUN-002589,uart_loopback_seq,2041677159,full_random,corner,0x4400,64,walking_ones,0.802,0.24,balanced,16,25,104,12,1,fixed,uniform,boot,in_order,bitflip,384
RUN-002590,backpressure_seq,698247683,directed,default,0x3d00,16,random,0.583,0.8,balanced,16,24,259,4,8,weighted,uniform,dma_stream,in_order,none,96
RUN-002591,reg_sweep_seq,635652369,constrained,corner,0x3b00,4,random,0.62,0.27,reg_rd,64,25,172,24,1,fixed,burst_hotspot,sensor_poll,in_order,none,192
RUN-002592,uart_loopback_seq,634781651,constrained,corner,0xe800,4,incremental,0.514,0.33,reg_rd,8,22,287,30,11,weighted,ping_pong,dma_stream,in_order,none,48
RUN-002593,reg_sweep_seq,231654692,constrained,stress,0x5500,4,incremental,0.39,0.23,reg_rd,16,17,64,8,5,fixed,ping_pong,sensor_poll,in_order,bitflip,192
RUN-002594,uart_loopback_seq,1847130200,constrained,corner,0xb100,16,random,0.274,0.37,reg_wr,128,23,144,24,0,weighted,ping_pong,dma_stream,in_order,none,48
RUN-002595,parity_stress_seq,608424464,constrained,stress,0x0300,4,random,0.43,0.61,reg_rd,8,21,153,4,9,fixed,uniform,boot,in_order,bitflip,384
RUN-002596,backpressure_seq,81832014,full_random,default,0x0f00,16,walking_ones,0.543,0.75,reg_rd,16,17,192,29,6,weighted,uniform,sensor_poll,in_order,none,96
RUN-002597,reset_recovery_seq,699961527,constrained,corner,0xb800,4,walking_ones,0.074,0.35,balanced,8,31,276,8,8,weighted,uniform,boot,out_of_order,none,192
RUN-002598,reset_recovery_seq,778911888,full_random,stress,0x2400,16,incremental,0.466,0.28,reg_rd,16,19,201,0,11,fixed,uniform,console,in_order,none,192
RUN-002599,reg_sweep_seq,35486548,directed,default,0x8200,16,random,0.626,0.29,reg_rd,128,17,93,7,1,fixed,burst_hotspot,console,in_order,glitch,192
RUN-002600,backpressure_seq,2094590100,constrained,default,0x0900,4,all_ones,0.273,0.79,balanced,128,24,211,28,4,fixed,ping_pong,dma_stream,out_of_order,none,48
RUN-002601,backpressure_seq,1613698805,constrained,default,0xea00,16,random,0.572,0.58,reg_rd,16,10,70,2,6,weighted,sparse,dma_stream,in_order,none,192
RUN-002602,reg_sweep_seq,326248739,full_random,corner,0xb500,4,random,0.303,0.59,reg_rd,8,23,386,8,10,weighted,uniform,sensor_poll,in_order,none,768
RUN-002603,uart_loopback_seq,442445630,full_random,default,0x1200,4,random,0.309,0.55,balanced,64,2,262,8,8,fixed,sparse,dma_stream,in_order,glitch,192
RUN-002604,backpressure_seq,2054016107,constrained,default,0x0f00,4,walking_ones,0.607,0.48,reg_wr,16,34,130,30,7,weighted,ping_pong,sensor_poll,in_order,none,768
RUN-002605,reset_recovery_seq,945366723,directed,stress,0x7e00,64,walking_ones,0.444,0.37,reg_rd,8,4,148,30,3,fixed,ping_pong,boot,in_order,none,384
RUN-002606,backpressure_seq,1758502682,constrained,default,0xc200,16,random,0.879,0.7,balanced,128,16,241,11,0,fixed,burst_hotspot,sensor_poll,out_of_order,none,192
RUN-002607,reg_sweep_seq,936752176,constrained,default,0x4a00,16,walking_ones,0.198,0.66,balanced,8,23,258,23,4,weighted,burst_hotspot,dma_stream,in_order,none,48
RUN-002608,backpressure_seq,23601357,directed,default,0xd700,4,walking_ones,0.581,0.44,reg_wr,128,18,33,6,4,weighted,ping_pong,dma_stream,in_order,none,768
RUN-002609,dma_burst_seq,747937274,constrained,default,0x6100,16,random,0.128,0.23,balanced,16,15,238,15,9,fixed,uniform,console,in_order,bitflip,96
RUN-002610,parity_stress_seq,701541106,full_random,default,0xd700,16,random,0.439,0.43,reg_wr,8,2,395,7,9,fixed,ping_pong,dma_stream,out_of_order,none,192
RUN-002611,reg_sweep_seq,619476235,directed,default,0xdb00,16,random,0.423,0.53,reg_wr,8,7,279,16,8,fixed,uniform,boot,in_order,none,768
RUN-002612,dma_burst_seq,2110983763,constrained,corner,0x1200,4,incremental,0.312,0.69,reg_wr,8,18,380,24,3,weighted,uniform,sensor_poll,in_order,none,384
RUN-002613,reg_sweep_seq,2008189287,constrained,default,0x5c00,16,random,0.405,0.42,reg_wr,16,11,119,4,6,weighted,ping_pong,console,out_of_order,bitflip,192
RUN-002614,dma_burst_seq,1479948808,constrained,default,0xa800,16,random,0.63,0.4,reg_wr,8,3,88,17,7,fixed,uniform,boot,in_order,bitflip,96
RUN-002615,dma_burst_seq,1338776645,constrained,corner,0xfb00,16,random,0.37,0.53,balanced,16,26,136,19,0,weighted,burst_hotspot,console,in_order,none,192
RUN-002616,dma_burst_seq,589468462,full_random,corner,0xbc00,16,random,0.516,0.27,reg_rd,8,11,309,19,6,weighted,uniform,dma_stream,in_order,glitch,48
RUN-002617,dma_burst_seq,1198098491,full_random,corner,0xbf00,64,walking_ones,0.304,0.42,balanced,64,19,320,21,1,weighted,burst_hotspot,boot,out_of_order,none,384
RUN-002618,reset_recovery_seq,1316111359,full_random,corner,0x8f00,16,random,0.039,0.23,reg_wr,16,3,31,18,7,fixed,sparse,sensor_poll,in_order,glitch,384
RUN-002619,reg_sweep_seq,574248613,full_random,stress,0xad00,16,random,0.722,0.5,balanced,16,31,405,5,8,weighted,ping_pong,dma_stream,in_order,none,96
RUN-002620,reset_recovery_seq,1336639128,full_random,default,0x0600,16,incremental,0.252,0.28,reg_wr,8,10,388,22,5,weighted,uniform,sensor_poll,out_of_order,bitflip,192
RUN-002621,dma_burst_seq,1064792227,full_random,stress,0xf900,4,all_ones,0.413,0.37,reg_rd,64,32,400,28,5,weighted,burst_hotspot,dma_stream,in_order,none,768
RUN-002622,backpressure_seq,1110795372,constrained,default,0xbb00,4,random,0.384,0.41,balanced,8,38,205,15,8,fixed,sparse,boot,in_order,bitflip,192
RUN-002623,uart_loopback_seq,1933421044,directed,stress,0x0400,4,incremental,0.312,0.69,reg_wr,128,13,110,17,10,weighted,uniform,dma_stream,in_order,bitflip,384
RUN-002624,uart_loopback_seq,890585626,constrained,corner,0xdf00,16,random,0.398,0.66,reg_rd,64,17,163,0,4,fixed,uniform,console,out_of_order,none,192
RUN-002625,reset_recovery_seq,597616371,constrained,default,0x4a00,16,random,0.696,0.55,reg_rd,16,32,143,22,9,weighted,ping_pong,sensor_poll,in_order,glitch,384
RUN-002626,reg_sweep_seq,1734195033,full_random,default,0x7400,64,random,0.549,0.53,balanced,16,28,158,2,3,fixed,uniform,console,in_order,bitflip,96
RUN-002627,reg_sweep_seq,151611216,constrained,corner,0xdb00,4,all_ones,0.211,0.3,balanced,16,35,383,5,1,weighted,burst_hotspot,console,out_of_order,none,384
RUN-002628,reg_sweep_seq,1044987097,constrained,default,0x2100,4,random,0.473,0.65,reg_wr,16,29,170,16,8,fixed,uniform,dma_stream,in_order,none,192
RUN-002629,dma_burst_seq,417399157,constrained,stress,0xec00,64,incremental,0.472,0.51,reg_wr,16,19,262,26,8,fixed,burst_hotspot,dma_stream,in_order,glitch,192
RUN-002630,backpressure_seq,1274008558,constrained,default,0x9b00,64,random,0.429,0.25,balanced,8,2,305,18,5,weighted,uniform,sensor_poll,in_order,none,768
RUN-002631,reg_sweep_seq,256030317,constrained,default,0x4000,64,random,0.399,0.49,reg_wr,16,32,73,13,10,fixed,sparse,console,in_order,glitch,192
RUN-002632,dma_burst_seq,1887877043,constrained,default,0x7c00,16,random,0.302,0.47,balanced,64,4,267,18,3,weighted,uniform,sensor_poll,in_order,none,48
RUN-002633,reset_recovery_seq,1181995910,constrained,stress,0x4300,64,random,0.606,0.54,balanced,8,24,83,31,0,fixed,sparse,console,in_order,bitflip,384
RUN-002634,dma_burst_seq,1208101859,constrained,default,0x3800,16,incremental,0.292,0.57,reg_rd,16,12,303,16,10,weighted,uniform,sensor_poll,in_order,glitch,192
RUN-002635,reg_sweep_seq,1319247044,directed,default,0x5500,16,random,0.482,0.75,reg_rd,64,17,251,29,7,weighted,ping_pong,boot,in_order,glitch,192
RUN-002636,backpressure_seq,438558948,constrained,default,0x0a00,4,random,0.823,0.32,reg_rd,8,34,168,0,3,fixed,uniform,boot,in_order,none,384
RUN-002637,irq_storm_seq,299553625,constrained,corner,0xfc00,16,walking_ones,0.431,0.47,reg_rd,128,13,357,23,9,fixed,burst_hotspot,dma_stream,out_of_order,glitch,192
RUN-002638,parity_stress_seq,1230023470,constrained,default,0x0400,4,random,0.601,0.4,balanced,128,8,100,14,7,fixed,sparse,console,out_of_order,bitflip,48
RUN-002639,parity_stress_seq,32795676,constrained,corner,0xc100,4,random,0.236,0.22,balanced,16,25,268,17,0,weighted,uniform,boot,in_order,glitch,192
RUN-002640,reg_sweep_seq,1488192457,constrained,default,0xd600,16,walking_ones,0.591,0.63,reg_wr,16,6,140,6,8,weighted,sparse,console,in_order,none,384
RUN-002641,backpressure_seq,126221789,constrained,default,0xef00,16,walking_ones,0.787,0.2,reg_rd,16,12,250,23,5,weighted,burst_hotspot,sensor_poll,out_of_order,bitflip,48
RUN-002642,reg_sweep_seq,331052804,constrained,corner,0xac00,16,all_ones,0.045,0.29,reg_wr,8,31,97,20,7,weighted,sparse,console,in_order,none,192
RUN-002643,dma_burst_seq,273432490,constrained,corner,0x3400,64,incremental,0.647,0.72,balanced,64,32,172,29,8,weighted,uniform,console,in_order,bitflip,384
RUN-002644,reg_sweep_seq,239663918,directed,default,0xa100,4,random,0.428,0.47,reg_wr,128,3,268,1,0,weighted,uniform,boot,in_order,bitflip,192
RUN-002645,backpressure_seq,1832258282,constrained,stress,0x4600,16,random,0.349,0.28,balanced,16,13,268,24,10,weighted,sparse,dma_stream,in_order,none,96
RUN-002646,parity_stress_seq,1922520604,constrained,stress,0xa900,16,incremental,0.608,0.36,reg_wr,8,32,310,30,6,weighted,uniform,boot,in_order,none,384
RUN-002647,uart_loopback_seq,1690675864,full_random,default,0x6200,16,random,0.504,0.66,reg_wr,64,27,152,25,10,weighted,sparse,dma_stream,in_order,bitflip,96
RUN-002648,uart_loopback_seq,1281192637,constrained,corner,0x4c00,4,random,0.182,0.44,reg_rd,8,15,202,27,2,fixed,uniform,dma_stream,in_order,bitflip,192
RUN-002649,dma_burst_seq,1270384475,constrained,stress,0x9300,16,random,0.636,0.54,balanced,16,3,262,5,5,weighted,ping_pong,console,in_order,bitflip,768
RUN-002650,reg_sweep_seq,544370069,constrained,default,0x5100,4,incremental,0.134,0.45,reg_rd,16,17,369,16,0,weighted,burst_hotspot,console,out_of_order,bitflip,96
RUN-002651,parity_stress_seq,1981301643,full_random,default,0xe300,16,random,0.673,0.67,balanced,128,19,71,20,8,weighted,uniform,dma_stream,out_of_order,bitflip,384
RUN-002652,reset_recovery_seq,335028601,constrained,default,0x6d00,16,walking_ones,0.28,0.62,reg_rd,64,1,160,24,0,fixed,uniform,boot,in_order,glitch,192
RUN-002653,dma_burst_seq,1900708881,constrained,default,0xf600,16,random,0.639,0.48,reg_wr,16,17,199,30,5,fixed,uniform,sensor_poll,out_of_order,none,96
RUN-002654,irq_storm_seq,1033930355,full_random,corner,0xdc00,4,random,0.607,0.44,balanced,16,29,53,13,0,weighted,uniform,sensor_poll,out_of_order,none,96
RUN-002655,reg_sweep_seq,1046132671,full_random,default,0x0b00,4,random,0.337,0.24,reg_wr,64,14,264,7,8,weighted,sparse,boot,in_order,none,192
RUN-002656,dma_burst_seq,1437840277,constrained,stress,0x9d00,64,random,0.526,0.22,reg_wr,8,22,222,5,8,weighted,uniform,boot,in_order,bitflip,768
RUN-002657,backpressure_seq,1445269394,constrained,corner,0xa300,64,incremental,0.611,0.63,reg_wr,64,25,362,30,11,fixed,sparse,console,in_order,bitflip,384
RUN-002658,dma_burst_seq,916028944,full_random,corner,0xd000,16,incremental,0.241,0.22,reg_rd,16,10,148,29,1,fixed,burst_hotspot,boot,out_of_order,none,768
RUN-002659,irq_storm_seq,158913457,constrained,default,0x0700,16,random,0.402,0.74,reg_rd,8,28,339,3,11,fixed,uniform,sensor_poll,in_order,none,768
RUN-002660,backpressure_seq,46875970,constrained,stress,0x2f00,16,walking_ones,0.41,0.62,reg_rd,64,12,394,8,4,fixed,uniform,dma_stream,in_order,none,768
RUN-002661,reset_recovery_seq,1223299291,constrained,default,0xe300,64,random,0.328,0.28,reg_wr,128,31,429,1,5,weighted,uniform,console,out_of_order,none,384
RUN-002662,irq_storm_seq,1149459429,constrained,default,0x4400,4,all_ones,0.282,0.51,reg_wr,64,29,223,15,9,weighted,sparse,sensor_poll,out_of_order,none,96
RUN-002663,reg_sweep_seq,661310937,full_random,corner,0x4f00,16,random,0.67,0.26,balanced,64,15,330,10,6,weighted,uniform,dma_stream,in_order,none,48
RUN-002664,reset_recovery_seq,572945057,constrained,corner,0x4a00,16,random,0.3,0.26,reg_wr,64,15,66,13,9,fixed,uniform,sensor_poll,out_of_order,none,192
RUN-002665,backpressure_seq,43671984,directed,corner,0x9000,16,random,0.483,0.49,reg_wr,64,38,347,1,3,weighted,uniform,boot,in_order,none,96
RUN-002666,dma_burst_seq,289146247,constrained,corner,0xe100,16,incremental,0.395,0.31,reg_rd,64,25,204,14,8,fixed,ping_pong,dma_stream,in_order,glitch,96
RUN-002667,reset_recovery_seq,1911952715,constrained,default,0xa600,4,all_ones,0.773,0.79,reg_wr,8,37,372,17,5,weighted,sparse,dma_stream,in_order,bitflip,768
RUN-002668,reset_recovery_seq,1980719994,constrained,default,0xcd00,64,random,0.505,0.35,balanced,16,10,384,12,6,weighted,ping_pong,sensor_poll,in_order,glitch,384
RUN-002669,parity_stress_seq,1283185189,constrained,corner,0xe000,4,random,0.292,0.38,reg_wr,16,32,306,27,9,fixed,burst_hotspot,dma_stream,out_of_order,none,192
RUN-002670,reg_sweep_seq,70641156,constrained,default,0xf200,16,random,0.387,0.73,reg_rd,16,13,244,10,4,weighted,sparse,console,in_order,glitch,96
RUN-002671,dma_burst_seq,633169842,directed,corner,0x0b00,4,random,0.21,0.22,reg_rd,8,33,70,17,1,fixed,sparse,sensor_poll,in_order,none,48
RUN-002672,irq_storm_seq,1093400617,constrained,stress,0x7500,16,random,0.61,0.32,reg_rd,8,27,404,5,5,fixed,burst_hotspot,dma_stream,in_order,glitch,384
RUN-002673,irq_storm_seq,531699524,constrained,stress,0xaa00,4,incremental,0.208,0.44,reg_rd,16,13,335,5,5,fixed,ping_pong,sensor_poll,in_order,glitch,192
RUN-002674,uart_loopback_seq,365266523,full_random,corner,0x4b00,16,incremental,0.52,0.55,reg_wr,16,34,285,25,2,fixed,uniform,dma_stream,in_order,none,384
RUN-002675,reset_recovery_seq,1828094062,constrained,default,0x8f00,4,random,0.842,0.36,balanced,8,37,210,20,1,fixed,burst_hotspot,sensor_poll,in_order,none,384
RUN-002676,reg_sweep_seq,733437597,constrained,stress,0x5c00,64,random,0.428,0.3,balanced,16,0,322,7,10,fixed,sparse,dma_stream,in_order,none,48
RUN-002677,reg_sweep_seq,859002632,constrained,default,0x9000,16,incremental,0.425,0.42,reg_wr,16,35,347,25,6,weighted,sparse,console,in_order,none,192
RUN-002678,uart_loopback_seq,426966897,constrained,corner,0xa800,64,all_ones,0.654,0.48,balanced,16,39,288,9,8,weighted,burst_hotspot,dma_stream,in_order,none,48
RUN-002679,parity_stress_seq,1605183276,constrained,corner,0xee00,16,random,0.297,0.46,reg_wr,128,23,194,3,6,fixed,sparse,sensor_poll,in_order,none,96
RUN-002680,backpressure_seq,1465529116,directed,stress,0x3500,16,all_ones,0.583,0.53,balanced,128,1,282,24,8,weighted,uniform,sensor_poll,in_order,none,48
RUN-002681,dma_burst_seq,717214524,full_random,corner,0x8700,16,all_ones,0.107,0.32,balanced,8,3,262,3,2,fixed,burst_hotspot,sensor_poll,in_order,bitflip,96
RUN-002682,backpressure_seq,675465905,constrained,corner,0x3b00,4,random,0.682,0.54,reg_wr,8,12,183,10,5,weighted,ping_pong,sensor_poll,out_of_order,glitch,48
RUN-002683,reg_sweep_seq,673095411,constrained,default,0x4200,4,random,0.72,0.35,reg_rd,8,3,182,3,8,fixed,sparse,sensor_poll,in_order,none,384
RUN-002684,irq_storm_seq,848629631,constrained,default,0x8200,16,incremental,0.414,0.59,reg_rd,128,7,151,1,9,fixed,ping_pong,dma_stream,in_order,none,96
RUN-002685,reg_sweep_seq,1805098336,constrained,default,0x8f00,16,walking_ones,0.798,0.69,reg_rd,64,25,405,27,0,fixed,ping_pong,sensor_poll,in_order,bitflip,48
RUN-002686,irq_storm_seq,1072696590,constrained,default,0x9000,16,all_ones,0.448,0.54,balanced,8,2,130,13,8,fixed,sparse,console,in_order,glitch,96
RUN-002687,reg_sweep_seq,1495664280,full_random,default,0x1100,4,random,0.232,0.28,reg_rd,64,4,78,23,9,weighted,uniform,sensor_poll,in_order,glitch,96
RUN-002688,reg_sweep_seq,791416840,full_random,corner,0xff00,64,all_ones,0.174,0.74,balanced,8,28,195,3,11,weighted,ping_pong,dma_stream,in_order,bitflip,192
RUN-002689,reg_sweep_seq,873894926,constrained,default,0x3600,4,all_ones,0.68,0.4,reg_rd,16,10,353,22,11,weighted,burst_hotspot,console,out_of_order,bitflip,384
RUN-002690,backpressure_seq,376457191,constrained,default,0xbe00,64,random,0.184,0.56,balanced,64,1,392,6,11,fixed,burst_hotspot,boot,in_order,glitch,768
RUN-002691,reg_sweep_seq,1648261009,full_random,default,0x7d00,64,all_ones,0.632,0.64,reg_rd,128,20,70,12,10,fixed,uniform,console,in_order,bitflip,96
RUN-002692,uart_loopback_seq,1650171379,constrained,stress,0xf700,64,random,0.372,0.59,reg_wr,8,23,328,29,3,fixed,ping_pong,sensor_poll,in_order,none,384
RUN-002693,reset_recovery_seq,335064863,constrained,stress,0x0b00,16,walking_ones,0.327,0.37,balanced,64,21,277,2,11,weighted,uniform,dma_stream,in_order,glitch,96
RUN-002694,reset_recovery_seq,1245731485,directed,default,0x4300,64,all_ones,0.476,0.69,reg_rd,8,33,332,30,7,fixed,uniform,sensor_poll,in_order,none,768
RUN-002695,reset_recovery_seq,836310368,constrained,default,0xc200,16,all_ones,0.515,0.45,reg_rd,16,13,337,28,5,fixed,ping_pong,console,in_order,glitch,768
RUN-002696,irq_storm_seq,289971767,constrained,corner,0xbd00,4,all_ones,0.677,0.41,reg_wr,128,33,272,4,8,weighted,ping_pong,sensor_poll,in_order,none,384
RUN-002697,parity_stress_seq,1776508523,constrained,default,0x9500,16,random,0.646,0.75,reg_rd,16,22,383,6,4,weighted,burst_hotspot,sensor_poll,out_of_order,none,384
RUN-002698,reset_recovery_seq,1839857033,full_random,corner,0x1000,64,random,0.502,0.26,balanced,64,16,253,26,2,fixed,sparse,dma_stream,out_of_order,none,384
RUN-002699,irq_storm_seq,27962809,constrained,stress,0x9000,16,incremental,0.758,0.64,reg_wr,8,33,386,27,2,fixed,uniform,sensor_poll,in_order,none,192
RUN-002700,irq_storm_seq,131335499,full_random,corner,0x8600,64,incremental,0.538,0.79,balanced,128,6,53,10,3,fixed,ping_pong,boot,out_of_order,none,192
RUN-002701,backpressure_seq,1292185433,constrained,stress,0x1400,16,walking_ones,0.655,0.76,reg_wr,8,15,190,24,2,fixed,sparse,sensor_poll,in_order,bitflip,48
RUN-002702,uart_loopback_seq,1160501405,full_random,default,0x8d00,16,walking_ones,0.641,0.32,reg_wr,16,18,75,2,3,weighted,burst_hotspot,boot,in_order,none,48
RUN-002703,reset_recovery_seq,1732369870,full_random,default,0xbc00,16,walking_ones,0.62,0.4,reg_wr,128,15,115,6,4,weighted,sparse,dma_stream,in_order,none,384
RUN-002704,uart_loopback_seq,1019913619,constrained,default,0xfd00,4,walking_ones,0.243,0.46,balanced,16,39,226,21,2,weighted,burst_hotspot,console,out_of_order,none,192
RUN-002705,backpressure_seq,610903065,constrained,default,0x4600,16,random,0.285,0.54,reg_wr,64,28,404,20,1,fixed,uniform,console,out_of_order,none,192
RUN-002706,reset_recovery_seq,1808011684,constrained,corner,0xba00,16,random,0.405,0.45,balanced,64,27,423,24,10,weighted,burst_hotspot,dma_stream,in_order,glitch,768
RUN-002707,uart_loopback_seq,2106710874,constrained,stress,0xa000,16,all_ones,0.525,0.54,reg_wr,16,31,313,2,1,weighted,sparse,console,out_of_order,none,48
RUN-002708,uart_loopback_seq,1276191617,full_random,default,0x9400,16,incremental,0.435,0.69,reg_wr,8,0,219,28,1,fixed,uniform,sensor_poll,out_of_order,none,768
RUN-002709,reg_sweep_seq,1252848276,constrained,corner,0x2900,4,random,0.311,0.51,reg_wr,8,18,289,14,8,weighted,ping_pong,sensor_poll,in_order,glitch,48
RUN-002710,uart_loopback_seq,772285793,constrained,default,0x2700,4,random,0.33,0.55,balanced,64,27,54,19,7,fixed,ping_pong,console,in_order,bitflip,768
RUN-002711,irq_storm_seq,669853618,constrained,default,0xe500,64,random,0.592,0.2,balanced,8,38,323,24,0,fixed,burst_hotspot,sensor_poll,in_order,none,384
RUN-002712,reg_sweep_seq,2079650614,constrained,default,0xd600,64,random,0.095,0.72,reg_wr,8,33,54,10,1,fixed,sparse,console,in_order,none,192
RUN-002713,irq_storm_seq,1134118733,full_random,default,0x5e00,4,walking_ones,0.669,0.36,balanced,16,32,336,20,7,fixed,uniform,console,out_of_order,none,192
RUN-002714,reg_sweep_seq,411605250,constrained,default,0xd600,4,walking_ones,0.674,0.78,reg_rd,8,3,46,3,4,weighted,uniform,sensor_poll,in_order,bitflip,192
RUN-002715,irq_storm_seq,1373295602,constrained,stress,0x2300,64,incremental,0.288,0.78,reg_rd,8,21,348,27,2,weighted,uniform,console,out_of_order,none,96
RUN-002716,backpressure_seq,845410553,constrained,corner,0x4c00,64,all_ones,0.636,0.68,balanced,128,31,362,31,3,weighted,sparse,dma_stream,in_order,none,192
RUN-002717,reset_recovery_seq,1269064563,full_random,corner,0x0a00,16,walking_ones,0.339,0.42,balanced,16,10,111,27,3,weighted,sparse,dma_stream,in_order,none,96
RUN-002718,reg_sweep_seq,195222073,constrained,corner,0xb500,16,incremental,0.079,0.61,reg_wr,64,11,205,5,2,fixed,uniform,dma_stream,in_order,bitflip,48
RUN-002719,parity_stress_seq,709499585,constrained,stress,0x3000,4,random,0.189,0.56,balanced,8,12,258,15,10,weighted,ping_pong,console,in_order,none,384
RUN-002720,reg_sweep_seq,1555657985,constrained,default,0x4200,16,random,0.519,0.44,balanced,64,15,176,15,9,fixed,uniform,dma_stream,in_order,none,96
RUN-002721,irq_storm_seq,814253486,constrained,stress,0xff00,4,walking_ones,0.659,0.42,balanced,8,3,264,4,1,fixed,ping_pong,dma_stream,in_order,none,384
RUN-002722,reset_recovery_seq,807795909,constrained,default,0x9900,16,incremental,0.808,0.63,reg_wr,8,31,42,29,1,weighted,ping_pong,console,out_of_order,none,192
RUN-002723,dma_burst_seq,1356307249,full_random,corner,0x3200,64,all_ones,0.631,0.69,reg_wr,8,36,262,16,5,fixed,burst_hotspot,boot,in_order,glitch,384
RUN-002724,irq_storm_seq,348808442,constrained,corner,0x7a00,16,walking_ones,0.353,0.61,balanced,8,34,155,1,4,fixed,uniform,boot,out_of_order,none,96
RUN-002725,dma_burst_seq,850661818,constrained,default,0x3d00,64,incremental,0.177,0.25,balanced,64,7,25,10,2,weighted,burst_hotspot,boot,in_order,bitflip,192
RUN-002726,irq_storm_seq,1434697427,constrained,corner,0xd900,16,incremental,0.405,0.4,reg_rd,64,15,66,19,10,weighted,sparse,dma_stream,in_order,none,96
RUN-002727,parity_stress_seq,1312188070,constrained,corner,0x6e00,64,all_ones,0.641,0.37,reg_rd,8,11,326,9,7,weighted,ping_pong,boot,out_of_order,none,192
RUN-002728,irq_storm_seq,2101422389,directed,corner,0x3200,16,walking_ones,0.902,0.4,reg_wr,8,34,417,4,11,weighted,burst_hotspot,dma_stream,in_order,none,192
RUN-002729,reg_sweep_seq,514437680,constrained,corner,0xb600,64,all_ones,0.616,0.76,reg_rd,8,32,124,21,4,weighted,uniform,dma_stream,out_of_order,none,192
RUN-002730,parity_stress_seq,158901462,constrained,default,0x4200,4,random,0.182,0.69,reg_rd,128,35,300,22,6,fixed,uniform,console,in_order,none,48
RUN-002731,backpressure_seq,1423321537,full_random,default,0x9900,4,random,0.573,0.79,reg_wr,16,2,225,14,1,fixed,ping_pong,sensor_poll,in_order,glitch,192
RUN-002732,reg_sweep_seq,1666044781,directed,corner,0xee00,4,random,0.41,0.31,balanced,16,27,122,25,11,weighted,burst_hotspot,boot,in_order,none,48
RUN-002733,backpressure_seq,146711975,directed,corner,0xe400,4,incremental,0.059,0.46,reg_wr,16,28,47,13,0,weighted,sparse,boot,in_order,glitch,384
RUN-002734,uart_loopback_seq,206354857,full_random,default,0xcf00,4,random,0.195,0.75,reg_wr,8,30,94,6,7,fixed,uniform,sensor_poll,in_order,bitflip,192
RUN-002735,backpressure_seq,1734950848,constrained,default,0x6600,16,random,0.793,0.69,balanced,128,23,284,19,11,fixed,burst_hotspot,boot,in_order,bitflip,192
RUN-002736,parity_stress_seq,281404811,constrained,corner,0xd500,64,all_ones,0.846,0.46,reg_wr,8,32,134,27,5,weighted,ping_pong,console,in_order,none,192
RUN-002737,reset_recovery_seq,886198940,constrained,corner,0x3c00,16,random,0.383,0.7,reg_rd,16,39,228,25,2,weighted,sparse,sensor_poll,out_of_order,none,768
RUN-002738,backpressure_seq,935478294,directed,default,0xf200,64,incremental,0.757,0.62,reg_rd,8,4,375,21,11,fixed,uniform,console,in_order,none,384
RUN-002739,irq_storm_seq,948811377,constrained,default,0x8700,16,random,0.397,0.46,reg_rd,16,31,115,11,11,fixed,sparse,sensor_poll,in_order,glitch,384
RUN-002740,dma_burst_seq,562607214,constrained,stress,0xe100,64,random,0.085,0.74,balanced,64,5,324,29,6,weighted,uniform,console,out_of_order,none,192
RUN-002741,reset_recovery_seq,873977836,constrained,default,0x4900,64,random,0.513,0.45,reg_rd,64,8,367,25,4,weighted,sparse,sensor_poll,in_order,bitflip,768
RUN-002742,uart_loopback_seq,819382279,constrained,default,0x2d00,64,walking_ones,0.51,0.63,reg_wr,128,26,291,5,8,weighted,sparse,dma_stream,out_of_order,none,768
RUN-002743,reg_sweep_seq,72139992,constrained,corner,0x9000,64,random,0.361,0.75,reg_rd,128,26,100,0,8,fixed,uniform,boot,in_order,glitch,192
RUN-002744,parity_stress_seq,657807843,full_random,default,0x6500,64,incremental,0.546,0.73,reg_rd,16,6,339,22,5,fixed,uniform,sensor_poll,in_order,none,192
RUN-002745,uart_loopback_seq,795100127,full_random,stress,0x4f00,4,random,0.121,0.63,reg_rd,64,33,279,29,4,fixed,burst_hotspot,console,in_order,bitflip,48
RUN-002746,reg_sweep_seq,852832850,full_random,corner,0xdd00,16,walking_ones,0.674,0.77,reg_wr,16,30,410,28,5,fixed,sparse,sensor_poll,in_order,none,96
RUN-002747,parity_stress_seq,115569822,constrained,corner,0x4900,16,random,0.537,0.67,reg_wr,8,10,63,30,3,weighted,uniform,dma_stream,out_of_order,none,96
RUN-002748,reg_sweep_seq,1726135724,full_random,default,0xcd00,4,random,0.249,0.32,reg_wr,16,14,233,27,0,weighted,uniform,boot,out_of_order,none,192
RUN-002749,backpressure_seq,894594492,constrained,default,0xfb00,64,incremental,0.53,0.68,reg_rd,8,20,80,29,0,weighted,uniform,sensor_poll,in_order,glitch,48
RUN-002750,reg_sweep_seq,916679781,full_random,default,0xa100,16,walking_ones,0.4,0.21,reg_rd,16,6,345,7,2,weighted,sparse,boot,in_order,none,192
RUN-002751,dma_burst_seq,48184057,constrained,corner,0xa700,16,walking_ones,0.387,0.28,balanced,16,5,397,6,1,fixed,uniform,boot,out_of_order,none,96
RUN-002752,irq_storm_seq,1894921812,constrained,stress,0x7900,64,incremental,0.38,0.52,reg_rd,8,23,277,3,3,fixed,uniform,console,in_order,none,96
RUN-002753,irq_storm_seq,1370773188,constrained,stress,0xd400,64,random,0.655,0.5,balanced,8,30,68,13,1,fixed,burst_hotspot,dma_stream,in_order,glitch,96
RUN-002754,reg_sweep_seq,1834248485,constrained,stress,0xf300,4,random,0.636,0.61,balanced,64,37,144,16,1,fixed,uniform,console,out_of_order,bitflip,192
RUN-002755,dma_burst_seq,303778212,full_random,default,0x4000,4,walking_ones,0.526,0.63,reg_rd,16,26,265,26,7,fixed,sparse,sensor_poll,out_of_order,glitch,768
RUN-002756,backpressure_seq,1261979271,full_random,default,0x8200,16,all_ones,0.141,0.21,reg_rd,16,34,96,29,3,weighted,burst_hotspot,sensor_poll,out_of_order,none,384
RUN-002757,reg_sweep_seq,94444061,constrained,default,0x9d00,4,walking_ones,0.293,0.53,reg_wr,8,1,197,22,2,fixed,uniform,sensor_poll,in_order,none,384
RUN-002758,irq_storm_seq,1664868485,constrained,corner,0x2400,4,random,0.815,0.61,balanced,64,33,52,26,5,weighted,uniform,dma_stream,in_order,none,192
RUN-002759,backpressure_seq,1507579495,full_random,corner,0x3100,64,random,0.529,0.38,balanced,128,4,33,23,0,weighted,burst_hotspot,console,in_order,none,384
RUN-002760,irq_storm_seq,118219066,constrained,corner,0x9c00,4,walking_ones,0.449,0.47,reg_rd,16,37,212,29,0,weighted,burst_hotspot,boot,in_order,none,768
RUN-002761,backpressure_seq,1718656242,constrained,corner,0xe800,4,random,0.379,0.77,balanced,8,18,80,14,8,fixed,ping_pong,console,out_of_order,none,192
RUN-002762,parity_stress_seq,1211931569,constrained,corner,0x9500,64,random,0.505,0.25,reg_rd,64,35,153,23,7,weighted,uniform,dma_stream,in_order,glitch,768
RUN-002763,dma_burst_seq,1900081214,constrained,default,0x5700,64,incremental,0.419,0.48,reg_rd,64,29,62,23,0,weighted,sparse,console,out_of_order,none,96
RUN-002764,irq_storm_seq,877607176,directed,default,0xbc00,64,all_ones,0.358,0.62,balanced,128,12,313,31,9,fixed,sparse,sensor_poll,in_order,none,384
RUN-002765,irq_storm_seq,19000998,constrained,default,0xc500,16,walking_ones,0.725,0.65,reg_rd,64,3,336,26,6,fixed,burst_hotspot,dma_stream,in_order,bitflip,192
RUN-002766,uart_loopback_seq,820563617,constrained,default,0x3900,64,walking_ones,0.797,0.28,reg_rd,128,3,235,25,10,weighted,burst_hotspot,console,in_order,none,384
RUN-002767,parity_stress_seq,1476743270,constrained,default,0xdf00,16,random,0.271,0.41,balanced,16,30,413,10,0,fixed,burst_hotspot,sensor_poll,in_order,bitflip,192
RUN-002768,uart_loopback_seq,1490180563,constrained,corner,0xc600,64,random,0.687,0.59,balanced,64,24,257,6,2,fixed,ping_pong,sensor_poll,in_order,none,768
RUN-002769,uart_loopback_seq,235410628,constrained,default,0xaa00,64,random,0.142,0.75,reg_rd,16,2,318,4,10,weighted,burst_hotspot,sensor_poll,out_of_order,none,96
RUN-002770,uart_loopback_seq,568868419,constrained,stress,0xd300,4,walking_ones,0.765,0.62,balanced,16,13,30,16,10,fixed,uniform,boot,out_of_order,glitch,768
RUN-002771,parity_stress_seq,1347000269,full_random,corner,0xa900,4,random,0.661,0.71,balanced,64,25,184,16,1,fixed,uniform,dma_stream,in_order,none,192
RUN-002772,reg_sweep_seq,901657897,constrained,corner,0xd200,16,random,0.14,0.57,balanced,16,34,190,0,7,fixed,sparse,dma_stream,in_order,none,96
RUN-002773,reg_sweep_seq,1828481295,constrained,corner,0x1900,16,random,0.692,0.31,reg_rd,8,25,340,0,9,fixed,ping_pong,dma_stream,out_of_order,none,192
RUN-002774,dma_burst_seq,541319945,full_random,default,0x1d00,4,random,0.205,0.38,balanced,16,35,230,21,7,fixed,burst_hotspot,sensor_poll,in_order,none,192
RUN-002775,reset_recovery_seq,1417461241,constrained,stress,0x4c00,64,random,0.158,0.24,balanced,8,18,149,26,8,weighted,sparse,sensor_poll,out_of_order,bitflip,384
RUN-002776,irq_storm_seq,58257715,constrained,stress,0x6500,16,random,0.285,0.63,reg_wr,8,20,202,31,6,fixed,ping_pong,boot,in_order,bitflip,48
RUN-002777,backpressure_seq,538074491,constrained,default,0x3200,4,incremental,0.496,0.47,balanced,16,23,323,2,4,fixed,uniform,console,in_order,none,192
RUN-002778,parity_stress_seq,1860036457,constrained,default,0x3600,4,random,0.43,0.36,reg_rd,16,12,226,9,10,fixed,uniform,sensor_poll,in_order,none,192
RUN-002779,parity_stress_seq,64076252,constrained,stress,0x4f00,4,incremental,0.393,0.32,balanced,64,3,259,25,4,weighted,burst_hotspot,boot,in_order,none,384
RUN-002780,reg_sweep_seq,611381306,constrained,default,0xf000,4,random,0.79,0.33,reg_rd,16,38,395,27,8,weighted,uniform,boot,in_order,none,48
RUN-002781,parity_stress_seq,265408034,constrained,default,0x4d00,16,all_ones,0.614,0.68,reg_wr,64,3,164,0,4,weighted,burst_hotspot,sensor_poll,in_order,glitch,48
RUN-002782,reg_sweep_seq,1228945525,constrained,stress,0x4100,16,walking_ones,0.385,0.61,balanced,64,10,347,9,1,weighted,sparse,dma_stream,in_order,glitch,192
RUN-002783,irq_storm_seq,1596428348,full_random,default,0x4200,16,walking_ones,0.744,0.59,reg_rd,64,23,362,18,10,weighted,sparse,dma_stream,out_of_order,none,48
RUN-002784,uart_loopback_seq,1098510279,full_random,stress,0x5f00,16,all_ones,0.181,0.76,balanced,128,34,166,22,10,weighted,ping_pong,dma_stream,in_order,glitch,768
RUN-002785,uart_loopback_seq,6840967,constrained,stress,0xde00,4,walking_ones,0.726,0.3,reg_wr,8,13,303,6,8,weighted,burst_hotspot,dma_stream,in_order,none,192
RUN-002786,reg_sweep_seq,615086577,full_random,corner,0x7d00,16,incremental,0.26,0.69,balanced,64,10,81,20,7,fixed,burst_hotspot,dma_stream,out_of_order,glitch,48
RUN-002787,irq_storm_seq,622501576,constrained,default,0xd600,16,walking_ones,0.28,0.69,balanced,64,6,212,6,6,weighted,burst_hotspot,sensor_poll,out_of_order,none,48
RUN-002788,uart_loopback_seq,374008252,constrained,corner,0xe800,4,incremental,0.109,0.61,balanced,64,38,261,11,1,weighted,burst_hotspot,console,in_order,glitch,96
RUN-002789,dma_burst_seq,1387867985,constrained,default,0x2c00,4,incremental,0.28,0.64,balanced,8,36,421,4,2,fixed,uniform,console,in_order,none,48
RUN-002790,reset_recovery_seq,551804852,constrained,default,0x1200,64,incremental,0.116,0.58,reg_rd,8,12,146,6,3,fixed,uniform,console,in_order,none,192
RUN-002791,dma_burst_seq,487836800,constrained,default,0xd400,64,all_ones,0.431,0.32,balanced,16,0,94,8,5,fixed,burst_hotspot,dma_stream,in_order,none,384
RUN-002792,uart_loopback_seq,1616013637,constrained,corner,0xcc00,16,walking_ones,0.76,0.42,reg_rd,8,17,116,31,4,weighted,burst_hotspot,sensor_poll,in_order,none,384
RUN-002793,backpressure_seq,1398757748,constrained,corner,0x6a00,4,random,0.295,0.47,reg_wr,16,11,337,8,9,fixed,burst_hotspot,sensor_poll,in_order,none,384
RUN-002794,backpressure_seq,135323461,constrained,corner,0x5400,64,incremental,0.2,0.76,balanced,16,35,380,12,0,weighted,ping_pong,console,in_order,bitflip,384
RUN-002795,irq_storm_seq,308676042,directed,corner,0x2000,4,walking_ones,0.136,0.41,balanced,64,23,280,31,8,weighted,burst_hotspot,boot,in_order,bitflip,192
RUN-002796,uart_loopback_seq,1266924014,constrained,corner,0x1800,64,all_ones,0.296,0.26,reg_wr,128,1,25,24,4,fixed,burst_hotspot,dma_stream,in_order,glitch,192
RUN-002797,dma_burst_seq,632624532,constrained,default,0x4000,4,all_ones,0.615,0.72,reg_rd,16,2,328,5,2,weighted,burst_hotspot,dma_stream,in_order,glitch,48
RUN-002798,backpressure_seq,279119850,constrained,corner,0xd400,16,all_ones,0.952,0.71,reg_rd,16,0,159,24,11,fixed,sparse,sensor_poll,out_of_order,none,96
RUN-002799,dma_burst_seq,833881902,constrained,stress,0x0300,16,random,0.119,0.79,balanced,16,26,293,20,2,weighted,uniform,dma_stream,in_order,none,192
RUN-002800,uart_loopback_seq,579882440,constrained,corner,0x6900,64,random,0.29,0.24,reg_rd,8,6,87,12,7,fixed,burst_hotspot,dma_stream,in_order,bitflip,384
RUN-002801,reg_sweep_seq,801780351,constrained,default,0x9e00,4,incremental,0.143,0.38,balanced,64,39,248,28,8,fixed,uniform,dma_stream,in_order,none,768
RUN-002802,dma_burst_seq,543669925,constrained,stress,0x2700,4,random,0.1,0.53,balanced,16,31,65,5,2,weighted,uniform,console,in_order,none,384
RUN-002803,reg_sweep_seq,1967848301,constrained,stress,0xac00,4,incremental,0.451,0.54,reg_rd,8,14,201,29,10,weighted,uniform,boot,in_order,glitch,48
RUN-002804,irq_storm_seq,1133972601,constrained,default,0x8e00,4,incremental,0.3,0.47,reg_wr,128,14,230,22,4,fixed,burst_hotspot,dma_stream,in_order,bitflip,96
RUN-002805,parity_stress_seq,1165204321,constrained,stress,0xb500,16,incremental,0.682,0.58,reg_rd,8,23,284,21,5,fixed,burst_hotspot,sensor_poll,in_order,none,384
RUN-002806,backpressure_seq,1724056669,full_random,default,0xc200,64,random,0.559,0.8,balanced,128,4,243,14,9,fixed,sparse,dma_stream,in_order,bitflip,384
RUN-002807,irq_storm_seq,900238811,constrained,stress,0x2c00,16,walking_ones,0.332,0.31,balanced,64,34,72,7,7,weighted,sparse,dma_stream,out_of_order,none,96
RUN-002808,reg_sweep_seq,366111637,constrained,stress,0x5a00,4,incremental,0.099,0.57,reg_rd,16,15,28,31,3,fixed,uniform,dma_stream,in_order,none,192
RUN-002809,parity_stress_seq,247448604,constrained,corner,0x7700,4,random,0.497,0.71,reg_rd,8,32,224,8,4,weighted,sparse,sensor_poll,in_order,none,384
RUN-002810,dma_burst_seq,1274642811,constrained,default,0x2f00,16,random,0.476,0.22,reg_wr,64,2,52,6,5,fixed,uniform,console,in_order,bitflip,192
RUN-002811,uart_loopback_seq,1284284966,full_random,default,0xeb00,4,random,0.566,0.63,reg_rd,8,25,59,31,11,weighted,uniform,dma_stream,in_order,glitch,48
RUN-002812,reg_sweep_seq,246233774,constrained,corner,0x2a00,16,walking_ones,0.541,0.51,reg_wr,16,12,289,31,5,weighted,ping_pong,dma_stream,out_of_order,bitflip,192
RUN-002813,reg_sweep_seq,32070026,constrained,default,0x1900,16,walking_ones,0.765,0.55,balanced,64,11,85,6,6,weighted,sparse,sensor_poll,in_order,glitch,96
RUN-002814,dma_burst_seq,1974013970,constrained,default,0xff00,4,all_ones,0.447,0.43,reg_rd,64,4,219,21,6,fixed,uniform,dma_stream,out_of_order,bitflip,48
RUN-002815,dma_burst_seq,309525020,constrained,stress,0xea00,4,random,0.535,0.33,balanced,16,8,263,15,2,weighted,burst_hotspot,boot,in_order,none,96
RUN-002816,uart_loopback_seq,957127017,constrained,default,0xcd00,4,all_ones,0.81,0.66,balanced,16,0,152,5,1,weighted,burst_hotspot,sensor_poll,in_order,glitch,192
RUN-002817,irq_storm_seq,19015688,constrained,stress,0x6700,16,incremental,0.494,0.4,reg_wr,8,9,360,5,10,weighted,sparse,boot,in_order,none,96
RUN-002818,dma_burst_seq,1460828190,directed,stress,0xf500,4,all_ones,0.81,0.72,balanced,8,28,123,2,4,fixed,sparse,dma_stream,in_order,none,192
RUN-002819,dma_burst_seq,1889975384,constrained,default,0xd100,64,incremental,0.71,0.64,balanced,8,39,294,8,6,weighted,burst_hotspot,console,in_order,none,96
RUN-002820,reset_recovery_seq,1022827278,full_random,default,0x0100,64,random,0.269,0.74,balanced,64,20,78,10,10,weighted,burst_hotspot,console,in_order,bitflip,192
RUN-002821,backpressure_seq,160674357,constrained,stress,0xcc00,4,random,0.379,0.62,reg_wr,64,37,146,21,0,weighted,uniform,sensor_poll,in_order,none,192
RUN-002822,irq_storm_seq,1045631083,constrained,default,0x1700,16,random,0.342,0.34,reg_wr,64,16,167,30,4,fixed,sparse,sensor_poll,in_order,none,384
RUN-002823,reset_recovery_seq,1850927369,constrained,stress,0x0d00,4,walking_ones,0.539,0.55,balanced,8,15,194,26,2,fixed,uniform,console,in_order,none,192
RUN-002824,reg_sweep_seq,1715230680,full_random,default,0xdf00,4,walking_ones,0.381,0.71,reg_rd,8,14,326,25,1,fixed,burst_hotspot,sensor_poll,in_order,none,384
RUN-002825,parity_stress_seq,1527259305,full_random,stress,0xbf00,16,random,0.6,0.26,reg_rd,8,20,268,22,9,fixed,ping_pong,dma_stream,in_order,none,768
RUN-002826,uart_loopback_seq,309583661,full_random,default,0xb100,4,incremental,0.835,0.48,balanced,64,39,187,1,1,fixed,ping_pong,sensor_poll,in_order,glitch,768
RUN-002827,backpressure_seq,1905354932,full_random,default,0x9700,16,random,0.585,0.62,reg_wr,8,28,260,7,0,fixed,ping_pong,dma_stream,out_of_order,none,96
RUN-002828,reset_recovery_seq,804914737,full_random,stress,0xa900,4,incremental,0.706,0.21,reg_rd,128,37,306,23,7,weighted,ping_pong,dma_stream,out_of_order,none,48
RUN-002829,backpressure_seq,355150490,constrained,default,0xfc00,64,incremental,0.507,0.57,reg_wr,16,3,374,3,10,weighted,sparse,console,in_order,bitflip,192
RUN-002830,reset_recovery_seq,144677790,constrained,default,0x8200,64,all_ones,0.359,0.42,balanced,128,6,360,21,11,fixed,sparse,boot,in_order,glitch,192
RUN-002831,reg_sweep_seq,437004632,constrained,stress,0x5c00,4,walking_ones,0.768,0.45,balanced,8,9,148,19,3,weighted,uniform,dma_stream,in_order,glitch,48
RUN-002832,reg_sweep_seq,305155838,full_random,default,0xad00,16,all_ones,0.852,0.35,reg_rd,8,15,345,3,4,fixed,ping_pong,dma_stream,out_of_order,bitflip,96
RUN-002833,dma_burst_seq,401537966,constrained,stress,0x2500,16,random,0.525,0.36,balanced,64,4,341,1,4,weighted,uniform,boot,in_order,none,384
RUN-002834,irq_storm_seq,36832621,constrained,corner,0x0a00,4,all_ones,0.574,0.47,reg_rd,16,16,363,31,10,weighted,burst_hotspot,sensor_poll,out_of_order,none,768
RUN-002835,dma_burst_seq,694564129,constrained,default,0x7f00,16,all_ones,0.717,0.7,reg_wr,16,39,181,2,7,fixed,sparse,console,out_of_order,glitch,48
RUN-002836,parity_stress_seq,1842611019,constrained,default,0x2e00,4,random,0.102,0.71,reg_rd,64,15,172,8,4,fixed,uniform,console,in_order,none,384
RUN-002837,reg_sweep_seq,1989652258,constrained,default,0x1800,16,random,0.62,0.59,reg_rd,128,1,83,7,7,weighted,ping_pong,boot,in_order,bitflip,384
RUN-002838,uart_loopback_seq,1633781049,constrained,default,0x2300,4,random,0.562,0.64,balanced,16,25,289,31,5,fixed,burst_hotspot,boot,out_of_order,bitflip,192
RUN-002839,reg_sweep_seq,969151321,full_random,default,0x2000,64,walking_ones,0.208,0.4,balanced,64,18,162,28,1,fixed,burst_hotspot,dma_stream,in_order,none,192
RUN-002840,parity_stress_seq,295146012,constrained,default,0x7a00,4,random,0.489,0.27,balanced,16,28,361,3,7,fixed,sparse,boot,in_order,none,96
RUN-002841,dma_burst_seq,447891663,constrained,corner,0xd800,16,random,0.375,0.46,balanced,16,2,110,14,3,weighted,ping_pong,dma_stream,in_order,none,192
RUN-002842,irq_storm_seq,447976568,constrained,corner,0xb100,4,random,0.731,0.65,reg_rd,16,3,191,5,10,weighted,sparse,sensor_poll,out_of_order,bitflip,96
RUN-002843,reset_recovery_seq,451231448,constrained,stress,0x1200,4,incremental,0.981,0.73,reg_rd,64,15,225,18,1,fixed,burst_hotspot,sensor_poll,in_order,bitflip,192
RUN-002844,reset_recovery_seq,1589543717,full_random,default,0x7000,4,random,0.545,0.47,reg_rd,64,28,368,8,1,fixed,burst_hotspot,console,in_order,none,48
RUN-002845,reset_recovery_seq,424908402,constrained,corner,0xcf00,4,random,0.385,0.35,reg_rd,8,25,109,20,2,fixed,burst_hotspot,sensor_poll,out_of_order,none,384
RUN-002846,backpressure_seq,1774058469,constrained,default,0x8800,4,walking_ones,0.09,0.76,reg_wr,64,22,396,5,4,weighted,uniform,dma_stream,in_order,glitch,384
RUN-002847,reset_recovery_seq,1042052204,constrained,corner,0x0900,16,random,0.249,0.72,balanced,16,39,219,4,7,fixed,uniform,sensor_poll,in_order,none,768
RUN-002848,reg_sweep_seq,92044084,constrained,stress,0x3a00,16,all_ones,0.782,0.73,reg_wr,64,7,248,1,4,fixed,sparse,dma_stream,in_order,bitflip,768
RUN-002849,reset_recovery_seq,607623418,constrained,default,0xd600,16,all_ones,0.398,0.38,reg_wr,8,20,326,29,10,weighted,burst_hotspot,sensor_poll,in_order,glitch,768
RUN-002850,uart_loopback_seq,1216758309,constrained,stress,0xd700,64,random,0.204,0.5,balanced,16,13,306,18,10,fixed,uniform,dma_stream,in_order,bitflip,384
RUN-002851,dma_burst_seq,533832789,constrained,corner,0xf000,64,all_ones,0.476,0.3,reg_wr,8,30,128,15,1,fixed,burst_hotspot,dma_stream,in_order,none,768
RUN-002852,dma_burst_seq,1347469295,constrained,corner,0xd900,4,walking_ones,0.386,0.49,reg_rd,64,17,211,31,11,fixed,sparse,boot,in_order,glitch,96
RUN-002853,parity_stress_seq,294591419,constrained,default,0x3700,64,incremental,0.302,0.33,reg_rd,16,3,359,15,2,fixed,sparse,dma_stream,in_order,bitflip,96
RUN-002854,irq_storm_seq,1266077573,constrained,stress,0xe300,16,incremental,0.552,0.38,balanced,16,27,417,9,6,weighted,burst_hotspot,dma_stream,in_order,none,96
RUN-002855,reg_sweep_seq,1045322938,constrained,default,0x5c00,4,random,0.666,0.79,reg_wr,128,7,304,20,9,fixed,uniform,boot,out_of_order,glitch,768
RUN-002856,parity_stress_seq,2020958269,full_random,stress,0x7400,4,incremental,0.826,0.46,reg_wr,64,11,245,7,8,weighted,burst_hotspot,console,in_order,none,384
RUN-002857,reg_sweep_seq,1936248967,directed,default,0x5800,4,walking_ones,0.732,0.33,reg_rd,8,21,143,7,8,weighted,sparse,sensor_poll,in_order,glitch,192
RUN-002858,backpressure_seq,660837342,full_random,corner,0x4a00,16,random,0.331,0.37,reg_wr,16,35,301,18,11,fixed,uniform,boot,out_of_order,bitflip,384
RUN-002859,uart_loopback_seq,1696749483,full_random,corner,0x9400,4,random,0.516,0.29,reg_rd,16,12,410,11,2,weighted,uniform,console,out_of_order,none,192
RUN-002860,uart_loopback_seq,1181705077,constrained,corner,0x4d00,4,all_ones,0.703,0.44,reg_wr,8,5,286,30,10,weighted,uniform,dma_stream,in_order,bitflip,96
RUN-002861,reg_sweep_seq,691376764,full_random,corner,0x8800,64,all_ones,0.861,0.41,reg_rd,64,4,36,31,7,weighted,ping_pong,boot,in_order,none,384
RUN-002862,irq_storm_seq,47623803,full_random,default,0x7800,64,random,0.39,0.59,balanced,64,5,40,30,3,fixed,ping_pong,boot,in_order,none,96
RUN-002863,parity_stress_seq,894510507,constrained,corner,0x2100,16,incremental,0.372,0.28,reg_wr,128,36,371,4,10,fixed,uniform,boot,out_of_order,none,48
RUN-002864,dma_burst_seq,2007524109,constrained,stress,0x7500,64,random,0.037,0.73,balanced,16,0,93,20,9,fixed,ping_pong,sensor_poll,in_order,none,384
RUN-002865,parity_stress_seq,1649679983,full_random,default,0xca00,4,random,0.455,0.27,balanced,64,28,299,24,0,fixed,burst_hotspot,dma_stream,out_of_order,none,48
RUN-002866,backpressure_seq,359200689,constrained,stress,0x1800,4,incremental,0.285,0.6,balanced,64,18,81,20,0,weighted,uniform,sensor_poll,in_order,none,768
RUN-002867,irq_storm_seq,1989427481,constrained,corner,0xa800,4,incremental,0.883,0.72,balanced,8,17,149,0,5,weighted,uniform,console,in_order,bitflip,192
RUN-002868,backpressure_seq,1373497364,directed,corner,0x8600,64,random,0.12,0.4,reg_wr,8,37,350,13,8,weighted,ping_pong,dma_stream,out_of_order,bitflip,48
RUN-002869,reg_sweep_seq,959395148,constrained,default,0xf000,64,walking_ones,0.631,0.55,reg_rd,16,13,184,9,10,weighted,uniform,sensor_poll,in_order,none,192
RUN-002870,backpressure_seq,744191801,directed,default,0xe800,16,random,0.532,0.27,balanced,64,15,144,12,1,weighted,uniform,sensor_poll,out_of_order,none,384
RUN-002871,backpressure_seq,117840665,constrained,corner,0xe100,4,incremental,0.254,0.34,reg_rd,128,14,274,0,3,fixed,burst_hotspot,dma_stream,out_of_order,none,384
RUN-002872,backpressure_seq,659184283,constrained,default,0x8400,4,random,0.333,0.24,reg_wr,128,0,115,1,4,weighted,burst_hotspot,sensor_poll,in_order,bitflip,192
RUN-002873,irq_storm_seq,1516357798,full_random,stress,0x7700,4,incremental,0.603,0.5,reg_wr,64,2,247,0,4,weighted,uniform,sensor_poll,in_order,bitflip,96
RUN-002874,reset_recovery_seq,1132551197,full_random,default,0xa600,64,random,0.705,0.77,balanced,8,10,244,2,9,weighted,uniform,console,out_of_order,glitch,384
RUN-002875,uart_loopback_seq,2034558862,constrained,default,0x6c00,64,random,0.34,0.45,reg_rd,128,24,187,8,3,weighted,sparse,dma_stream,out_of_order,none,384
RUN-002876,backpressure_seq,312912409,full_random,stress,0xcb00,4,random,0.592,0.72,balanced,64,30,185,20,7,weighted,ping_pong,boot,in_order,glitch,384
RUN-002877,dma_burst_seq,1936783945,constrained,default,0x3a00,4,incremental,0.266,0.32,reg_rd,8,12,77,25,9,weighted,ping_pong,dma_stream,out_of_order,bitflip,96
RUN-002878,reg_sweep_seq,343844704,full_random,stress,0x5d00,64,incremental,0.404,0.61,balanced,16,13,152,6,6,fixed,sparse,dma_stream,in_order,none,768
RUN-002879,backpressure_seq,45252137,directed,stress,0x5700,64,all_ones,0.713,0.59,reg_wr,16,21,60,11,8,weighted,sparse,sensor_poll,in_order,none,192
RUN-002880,dma_burst_seq,795765547,constrained,stress,0x3500,4,random,0.275,0.36,balanced,16,19,411,3,5,weighted,burst_hotspot,sensor_poll,in_order,none,192
RUN-002881,reg_sweep_seq,1343876288,constrained,default,0xbc00,16,random,0.262,0.77,reg_wr,8,27,110,7,8,weighted,uniform,console,in_order,glitch,192
RUN-002882,reset_recovery_seq,1617274231,constrained,stress,0x2a00,4,incremental,0.492,0.59,reg_wr,16,39,248,28,9,fixed,uniform,sensor_poll,out_of_order,none,48
RUN-002883,backpressure_seq,1204952467,full_random,corner,0x3600,16,all_ones,0.507,0.44,balanced,16,20,333,20,6,weighted,burst_hotspot,sensor_poll,in_order,bitflip,192
RUN-002884,uart_loopback_seq,1749022075,constrained,default,0x3c00,64,walking_ones,0.399,0.72,reg_rd,16,17,170,12,1,fixed,ping_pong,console,in_order,none,768
RUN-002885,uart_loopback_seq,401581951,constrained,stress,0xd000,4,all_ones,0.52,0.38,reg_rd,64,15,43,22,3,weighted,uniform,boot,in_order,none,192
RUN-002886,reg_sweep_seq,863269805,constrained,corner,0xf600,16,random,0.574,0.45,reg_rd,16,20,132,11,5,fixed,sparse,console,in_order,none,192
RUN-002887,dma_burst_seq,763443828,constrained,default,0xaa00,64,walking_ones,0.645,0.2,reg_rd,16,17,126,1,7,weighted,sparse,sensor_poll,in_order,none,384
RUN-002888,backpressure_seq,383984812,directed,default,0x6000,64,incremental,0.3,0.22,reg_rd,8,12,104,29,0,weighted,sparse,sensor_poll,in_order,glitch,192
RUN-002889,irq_storm_seq,974971843,constrained,default,0xff00,16,incremental,0.171,0.21,reg_rd,8,24,81,16,6,weighted,burst_hotspot,console,in_order,bitflip,384
RUN-002890,reg_sweep_seq,1507110566,constrained,default,0xb000,64,random,0.299,0.41,balanced,8,37,297,7,4,fixed,sparse,console,out_of_order,none,48
RUN-002891,dma_burst_seq,1685704114,constrained,stress,0x8100,16,random,0.357,0.27,reg_rd,128,36,246,19,6,fixed,uniform,dma_stream,in_order,none,96
RUN-002892,backpressure_seq,1838074539,constrained,default,0x9200,16,random,0.334,0.45,reg_rd,64,13,221,24,0,fixed,ping_pong,sensor_poll,out_of_order,none,384
RUN-002893,irq_storm_seq,724954355,constrained,stress,0x7000,64,incremental,0.453,0.31,balanced,16,30,65,11,6,fixed,ping_pong,boot,in_order,none,384
RUN-002894,irq_storm_seq,67252543,directed,stress,0x6100,16,random,0.246,0.21,balanced,16,15,330,14,3,weighted,uniform,sensor_poll,out_of_order,glitch,768
RUN-002895,backpressure_seq,1059835145,constrained,default,0xb500,16,all_ones,0.195,0.37,reg_rd,64,28,116,12,8,weighted,burst_hotspot,sensor_poll,in_order,bitflip,192
RUN-002896,uart_loopback_seq,1633417871,constrained,stress,0xd200,16,random,0.356,0.59,reg_wr,64,8,130,0,9,fixed,ping_pong,dma_stream,in_order,glitch,384
RUN-002897,parity_stress_seq,1083097144,constrained,default,0x5d00,4,walking_ones,0.606,0.4,reg_rd,16,34,395,4,11,fixed,ping_pong,dma_stream,in_order,bitflip,192
RUN-002898,uart_loopback_seq,1413055240,constrained,corner,0x8100,4,all_ones,0.119,0.68,reg_rd,8,31,320,25,2,fixed,ping_pong,boot,out_of_order,none,384
RUN-002899,reg_sweep_seq,234891976,full_random,corner,0x8600,64,random,0.284,0.42,reg_rd,128,36,267,24,6,weighted,ping_pong,console,in_order,none,96
RUN-002900,reg_sweep_seq,907616612,constrained,default,0xa300,4,random,0.592,0.36,reg_wr,16,33,214,6,3,weighted,burst_hotspot,console,in_order,none,96
RUN-002901,reg_sweep_seq,950243387,full_random,default,0xd800,4,incremental,0.319,0.43,reg_rd,8,13,111,22,10,weighted,burst_hotspot,sensor_poll,out_of_order,bitflip,96
RUN-002902,parity_stress_seq,1179997297,constrained,default,0x0300,16,random,0.45,0.68,balanced,16,10,311,15,9,weighted,sparse,sensor_poll,in_order,bitflip,192
RUN-002903,irq_storm_seq,1787783651,directed,default,0x4d00,4,random,0.554,0.59,reg_wr,16,18,76,11,1,weighted,ping_pong,sensor_poll,out_of_order,none,384
RUN-002904,parity_stress_seq,1902635047,constrained,corner,0x1100,64,random,0.823,0.76,reg_rd,16,16,169,6,10,weighted,burst_hotspot,sensor_poll,in_order,bitflip,384
RUN-002905,reset_recovery_seq,1590346944,constrained,default,0x8f00,4,random,0.387,0.24,reg_wr,16,23,133,13,9,fixed,sparse,sensor_poll,in_order,none,192
RUN-002906,uart_loopback_seq,1231888008,constrained,default,0xf700,16,random,0.127,0.52,balanced,16,8,215,1,0,weighted,uniform,console,in_order,bitflip,48
RUN-002907,backpressure_seq,1896008827,constrained,corner,0x9c00,16,walking_ones,0.307,0.57,balanced,64,34,203,17,0,fixed,burst_hotspot,sensor_poll,in_order,bitflip,96
RUN-002908,irq_storm_seq,1569109550,directed,default,0x9c00,16,walking_ones,0.519,0.8,reg_rd,64,19,226,18,7,weighted,ping_pong,boot,in_order,bitflip,384
RUN-002909,reset_recovery_seq,327239058,constrained,default,0x6b00,4,all_ones,0.599,0.59,reg_rd,16,6,147,6,6,weighted,sparse,dma_stream,out_of_order,none,384
RUN-002910,dma_burst_seq,1235177153,constrained,stress,0xa500,64,random,0.355,0.56,reg_rd,64,14,316,29,7,weighted,sparse,boot,out_of_order,none,192
RUN-002911,reset_recovery_seq,1085339093,constrained,corner,0x9e00,4,random,0.567,0.72,balanced,128,37,69,4,7,fixed,ping_pong,boot,out_of_order,none,96
RUN-002912,uart_loopback_seq,1788704879,constrained,default,0xd700,16,walking_ones,0.678,0.31,reg_wr,8,31,102,0,4,fixed,burst_hotspot,boot,in_order,none,192
RUN-002913,reg_sweep_seq,321893329,constrained,default,0xd600,4,random,0.471,0.4,balanced,8,21,420,25,11,weighted,ping_pong,console,in_order,none,48
RUN-002914,parity_stress_seq,306554335,constrained,stress,0x2b00,64,walking_ones,0.244,0.65,reg_rd,64,27,183,23,4,fixed,uniform,console,in_order,bitflip,384
RUN-002915,backpressure_seq,1315839002,full_random,default,0x2a00,16,walking_ones,0.716,0.22,reg_wr,8,29,160,23,0,fixed,burst_hotspot,console,in_order,none,384
RUN-002916,dma_burst_seq,138947383,constrained,default,0x5700,16,random,0.636,0.74,balanced,128,23,393,27,9,fixed,uniform,console,in_order,bitflip,48
RUN-002917,reg_sweep_seq,1728512049,full_random,default,0x9b00,4,all_ones,0.396,0.39,reg_rd,128,17,319,3,7,fixed,sparse,sensor_poll,in_order,none,768
RUN-002918,backpressure_seq,1263131658,full_random,default,0x9100,64,all_ones,0.517,0.58,reg_wr,64,21,233,8,11,weighted,burst_hotspot,dma_stream,out_of_order,none,384
RUN-002919,irq_storm_seq,1531737597,constrained,stress,0x3100,16,incremental,0.218,0.61,balanced,128,18,308,9,9,fixed,burst_hotspot,sensor_poll,in_order,bitflip,384
RUN-002920,dma_burst_seq,1312410314,full_random,default,0xb100,4,random,0.375,0.63,reg_wr,8,21,43,2,7,weighted,ping_pong,dma_stream,in_order,glitch,384
RUN-002921,parity_stress_seq,1554592867,constrained,corner,0xe600,16,incremental,0.299,0.7,reg_rd,64,21,335,24,8,weighted,sparse,console,in_order,none,192
RUN-002922,uart_loopback_seq,338353516,full_random,default,0xc300,64,random,0.12,0.25,balanced,8,19,410,14,4,fixed,burst_hotspot,sensor_poll,in_order,glitch,96
RUN-002923,reg_sweep_seq,1888333695,constrained,stress,0x1100,16,walking_ones,0.329,0.52,balanced,64,26,291,8,5,fixed,burst_hotspot,sensor_poll,out_of_order,none,96
RUN-002924,reset_recovery_seq,1517633020,constrained,stress,0xf600,16,random,0.499,0.66,reg_wr,16,13,94,22,10,fixed,uniform,boot,in_order,none,768
RUN-002925,dma_burst_seq,594660120,full_random,default,0xfc00,4,random,0.234,0.74,reg_rd,8,32,58,16,3,weighted,burst_hotspot,dma_stream,in_order,bitflip,192
RUN-002926,reset_recovery_seq,580917376,full_random,corner,0x0900,4,random,0.447,0.51,balanced,64,27,382,11,0,weighted,ping_pong,dma_stream,in_order,none,96
RUN-002927,reg_sweep_seq,1909505086,directed,default,0x8000,4,incremental,0.65,0.49,balanced,16,28,188,0,9,weighted,burst_hotspot,sensor_poll,in_order,none,192
RUN-002928,parity_stress_seq,1948006894,full_random,stress,0x9f00,64,incremental,0.508,0.68,balanced,8,5,79,3,3,fixed,uniform,console,in_order,none,192
RUN-002929,dma_burst_seq,1073290129,constrained,corner,0x5100,4,random,0.672,0.39,balanced,16,1,29,9,0,fixed,burst_hotspot,sensor_poll,in_order,bitflip,96
RUN-002930,irq_storm_seq,1367141549,constrained,stress,0x8900,64,walking_ones,0.622,0.35,balanced,128,17,277,23,3,fixed,sparse,dma_stream,out_of_order,bitflip,384
RUN-002931,dma_burst_seq,2102563550,constrained,default,0xdd00,4,incremental,0.802,0.24,balanced,8,33,262,3,5,weighted,uniform,sensor_poll,in_order,none,192
RUN-002932,backpressure_seq,1080338301,full_random,corner,0xb800,64,all_ones,0.738,0.6,balanced,16,31,268,26,5,weighted,burst_hotspot,sensor_poll,out_of_order,bitflip,768
RUN-002933,uart_loopback_seq,144709727,constrained,default,0x4400,16,walking_ones,0.566,0.72,balanced,16,8,198,2,7,weighted,uniform,dma_stream,in_order,none,192
RUN-002934,irq_storm_seq,1806196598,full_random,default,0xd700,16,all_ones,0.805,0.63,balanced,8,28,44,3,0,weighted,ping_pong,console,in_order,bitflip,96
RUN-002935,backpressure_seq,1283452870,constrained,stress,0xad00,16,incremental,0.435,0.35,reg_wr,8,12,392,15,2,fixed,uniform,console,in_order,none,768
RUN-002936,reg_sweep_seq,990383943,constrained,corner,0x8e00,4,walking_ones,0.75,0.38,balanced,64,36,117,0,10,weighted,burst_hotspot,boot,out_of_order,none,192
RUN-002937,reset_recovery_seq,257572320,directed,corner,0xb200,16,walking_ones,0.555,0.62,balanced,16,6,341,31,11,fixed,burst_hotspot,sensor_poll,in_order,none,192
RUN-002938,reset_recovery_seq,2127067065,constrained,default,0xa900,16,random,0.614,0.66,reg_rd,16,27,88,7,3,weighted,burst_hotspot,dma_stream,out_of_order,bitflip,96
RUN-002939,reset_recovery_seq,919082262,constrained,corner,0xfb00,64,all_ones,0.62,0.7,reg_rd,64,29,239,6,6,weighted,burst_hotspot,dma_stream,in_order,glitch,192
RUN-002940,irq_storm_seq,1975855716,constrained,default,0xf900,16,random,0.712,0.47,reg_rd,64,15,27,18,6,fixed,sparse,sensor_poll,out_of_order,glitch,384
RUN-002941,dma_burst_seq,1674130471,directed,corner,0xcd00,16,random,0.612,0.46,reg_wr,8,12,255,2,11,fixed,burst_hotspot,console,out_of_order,none,384
RUN-002942,uart_loopback_seq,2088004320,constrained,stress,0x4f00,16,incremental,0.197,0.53,balanced,16,28,188,8,2,weighted,burst_hotspot,console,in_order,none,384
RUN-002943,reg_sweep_seq,1990582995,full_random,stress,0xba00,16,all_ones,0.628,0.68,reg_rd,16,22,172,4,11,fixed,uniform,dma_stream,in_order,glitch,192
RUN-002944,uart_loopback_seq,209051263,constrained,corner,0x4900,64,random,0.615,0.7,balanced,16,17,44,27,9,weighted,ping_pong,console,out_of_order,glitch,768
RUN-002945,reg_sweep_seq,1290297696,full_random,default,0x6100,16,incremental,0.125,0.47,reg_wr,8,23,303,21,4,weighted,burst_hotspot,dma_stream,out_of_order,bitflip,384
RUN-002946,irq_storm_seq,1374914174,constrained,corner,0x3800,16,random,0.842,0.64,reg_rd,8,15,364,2,5,fixed,uniform,sensor_poll,in_order,glitch,768
RUN-002947,reset_recovery_seq,1420915593,full_random,corner,0x9800,4,random,0.374,0.67,reg_rd,64,38,366,26,6,fixed,burst_hotspot,console,out_of_order,bitflip,96
RUN-002948,parity_stress_seq,1914395110,constrained,corner,0xc500,64,incremental,0.121,0.37,reg_rd,8,6,315,8,11,fixed,uniform,dma_stream,in_order,none,192
RUN-002949,uart_loopback_seq,118756777,constrained,default,0x8800,16,walking_ones,0.498,0.76,reg_rd,8,24,260,31,0,fixed,uniform,console,in_order,bitflip,768
RUN-002950,parity_stress_seq,2045222533,constrained,default,0xdd00,16,walking_ones,0.68,0.24,balanced,128,22,343,11,11,weighted,sparse,dma_stream,in_order,none,48
RUN-002951,reg_sweep_seq,1751313735,full_random,default,0x7900,64,incremental,0.43,0.63,balanced,16,28,275,19,11,fixed,ping_pong,console,in_order,none,384
RUN-002952,dma_burst_seq,963443026,constrained,corner,0xc900,4,incremental,0.494,0.69,balanced,8,30,101,28,7,weighted,burst_hotspot,console,in_order,none,96
RUN-002953,reset_recovery_seq,621106506,full_random,stress,0x3200,4,all_ones,0.934,0.22,balanced,8,27,230,7,3,fixed,ping_pong,console,in_order,bitflip,48
RUN-002954,parity_stress_seq,621085165,constrained,stress,0xff00,64,random,0.276,0.36,reg_rd,8,30,269,25,3,weighted,burst_hotspot,dma_stream,in_order,bitflip,384
RUN-002955,irq_storm_seq,683842977,constrained,corner,0x1c00,16,random,0.104,0.64,balanced,8,25,212,0,1,weighted,uniform,boot,in_order,glitch,384
RUN-002956,backpressure_seq,2124714950,directed,default,0xed00,64,walking_ones,0.36,0.32,reg_wr,16,39,126,27,5,fixed,burst_hotspot,console,in_order,none,192
RUN-002957,irq_storm_seq,247586197,full_random,stress,0xe900,16,walking_ones,0.641,0.74,reg_rd,64,27,87,15,0,weighted,burst_hotspot,console,in_order,none,192
RUN-002958,dma_burst_seq,421018761,constrained,default,0x8c00,16,walking_ones,0.257,0.32,balanced,128,16,98,24,0,weighted,uniform,sensor_poll,in_order,none,384
RUN-002959,reg_sweep_seq,1766303689,constrained,default,0xe700,16,walking_ones,0.743,0.54,balanced,64,0,293,6,2,weighted,uniform,console,in_order,none,384
RUN-002960,irq_storm_seq,1122524929,constrained,default,0x2300,16,incremental,0.599,0.27,balanced,128,11,231,20,7,fixed,sparse,sensor_poll,out_of_order,none,768
RUN-002961,irq_storm_seq,356934653,directed,stress,0x2e00,4,all_ones,0.406,0.49,reg_wr,8,3,178,29,7,fixed,sparse,sensor_poll,in_order,none,384
RUN-002962,backpressure_seq,1301721234,constrained,default,0x1400,16,walking_ones,0.886,0.68,reg_rd,16,29,196,24,8,fixed,burst_hotspot,console,in_order,bitflip,192
RUN-002963,irq_storm_seq,71037463,constrained,default,0xa900,64,walking_ones,0.658,0.76,reg_rd,128,22,391,10,4,weighted,burst_hotspot,console,out_of_order,bitflip,48
RUN-002964,reset_recovery_seq,95440085,constrained,default,0x6200,64,incremental,0.238,0.29,balanced,64,14,340,5,6,fixed,burst_hotspot,dma_stream,in_order,none,48
RUN-002965,irq_storm_seq,639360928,constrained,default,0x4900,4,random,0.379,0.8,reg_rd,128,30,216,10,9,fixed,uniform,dma_stream,in_order,none,192
RUN-002966,reg_sweep_seq,333102709,constrained,default,0x4d00,4,random,0.272,0.66,reg_rd,128,15,283,2,4,weighted,uniform,dma_stream,in_order,glitch,384
RUN-002967,irq_storm_seq,546639351,constrained,corner,0x3400,16,walking_ones,0.396,0.77,reg_wr,128,3,82,14,1,weighted,ping_pong,sensor_poll,out_of_order,none,192
RUN-002968,reset_recovery_seq,1114104342,constrained,stress,0xd800,16,random,0.037,0.29,reg_rd,16,31,261,18,0,weighted,sparse,dma_stream,out_of_order,none,768
RUN-002969,reg_sweep_seq,1424542498,constrained,default,0xb500,16,all_ones,0.184,0.24,balanced,64,1,95,0,11,fixed,burst_hotspot,console,in_order,none,384
RUN-002970,reg_sweep_seq,1260042915,full_random,corner,0x5f00,64,walking_ones,0.356,0.4,reg_rd,8,38,423,15,4,weighted,burst_hotspot,boot,out_of_order,none,192
RUN-002971,reg_sweep_seq,1595821894,full_random,corner,0xdc00,64,random,0.727,0.73,balanced,8,13,183,20,7,fixed,ping_pong,boot,in_order,none,48
RUN-002972,irq_storm_seq,578657573,full_random,stress,0x5e00,64,incremental,0.528,0.48,balanced,64,39,332,16,10,weighted,ping_pong,console,in_order,glitch,192
RUN-002973,reg_sweep_seq,1158534063,full_random,stress,0x1c00,64,random,0.222,0.35,balanced,8,11,386,8,2,weighted,uniform,console,out_of_order,none,96
RUN-002974,backpressure_seq,347885015,constrained,default,0x7600,16,random,0.565,0.38,balanced,128,9,316,30,3,fixed,ping_pong,boot,in_order,none,768
RUN-002975,backpressure_seq,1252848998,full_random,default,0xb900,4,walking_ones,0.188,0.26,balanced,8,8,355,29,2,fixed,burst_hotspot,dma_stream,in_order,none,384
RUN-002976,reg_sweep_seq,242225591,constrained,corner,0x9b00,4,random,0.472,0.4,reg_rd,128,4,233,12,5,fixed,burst_hotspot,console,in_order,none,384
RUN-002977,reset_recovery_seq,1836542383,constrained,corner,0xf300,4,random,0.673,0.59,reg_wr,128,20,166,22,7,weighted,ping_pong,dma_stream,in_order,none,384
RUN-002978,reset_recovery_seq,443291109,full_random,default,0xc300,64,random,0.506,0.26,balanced,64,20,396,27,8,fixed,burst_hotspot,console,in_order,none,192
RUN-002979,dma_burst_seq,970643163,constrained,stress,0xa800,64,random,0.643,0.55,balanced,8,8,80,8,0,fixed,burst_hotspot,boot,in_order,none,384
RUN-002980,reg_sweep_seq,1638312802,full_random,default,0x3e00,16,incremental,0.203,0.35,balanced,8,16,412,4,3,fixed,burst_hotspot,boot,out_of_order,glitch,384
RUN-002981,parity_stress_seq,619039153,full_random,default,0xf500,64,all_ones,0.726,0.22,balanced,8,33,247,1,4,weighted,uniform,boot,out_of_order,bitflip,192
RUN-002982,reg_sweep_seq,1462317593,full_random,default,0x7400,64,random,0.445,0.7,reg_wr,16,38,437,10,3,fixed,burst_hotspot,boot,in_order,none,384
RUN-002983,reg_sweep_seq,1511065952,constrained,default,0x8300,16,random,0.683,0.22,reg_rd,16,13,192,4,1,fixed,sparse,boot,in_order,bitflip,768
RUN-002984,irq_storm_seq,586370897,constrained,corner,0x9000,64,incremental,0.415,0.42,balanced,64,22,340,22,6,fixed,burst_hotspot,console,in_order,none,96
RUN-002985,parity_stress_seq,380749829,full_random,default,0x9600,64,incremental,0.591,0.7,reg_wr,16,29,346,20,8,weighted,burst_hotspot,console,in_order,none,384
RUN-002986,parity_stress_seq,1102647520,constrained,stress,0x0a00,4,random,0.926,0.21,balanced,8,14,48,3,0,weighted,sparse,console,in_order,glitch,192
RUN-002987,reg_sweep_seq,1185273921,full_random,corner,0x9700,16,random,0.326,0.8,reg_wr,64,1,137,17,9,weighted,sparse,dma_stream,in_order,glitch,96
RUN-002988,irq_storm_seq,769476017,full_random,corner,0x5300,16,random,0.366,0.46,reg_wr,16,25,121,5,2,weighted,ping_pong,boot,out_of_order,bitflip,48
RUN-002989,reg_sweep_seq,1680492026,full_random,corner,0xbf00,4,incremental,0.779,0.55,balanced,8,9,350,14,7,weighted,burst_hotspot,boot,in_order,none,96
RUN-002990,dma_burst_seq,1614608608,constrained,default,0x1100,16,random,0.45,0.65,balanced,128,21,387,21,3,weighted,ping_pong,console,in_order,glitch,768
RUN-002991,uart_loopback_seq,1405091805,constrained,corner,0xff00,4,incremental,0.312,0.36,reg_rd,16,18,400,26,5,fixed,sparse,boot,out_of_order,none,768
RUN-002992,reg_sweep_seq,1757660381,constrained,default,0xc900,16,random,0.742,0.73,balanced,16,5,33,0,9,weighted,ping_pong,boot,in_order,glitch,192
RUN-002993,irq_storm_seq,573470834,directed,default,0x4600,64,all_ones,0.332,0.65,reg_wr,128,10,219,17,1,weighted,uniform,sensor_poll,in_order,bitflip,48
RUN-002994,reg_sweep_seq,762324821,full_random,default,0x4800,16,all_ones,0.358,0.44,reg_rd,128,9,399,17,11,fixed,burst_hotspot,console,in_order,none,768
RUN-002995,reg_sweep_seq,1178712269,full_random,default,0xdb00,64,random,0.443,0.35,reg_rd,16,24,46,4,7,fixed,uniform,boot,in_order,none,48
RUN-002996,dma_burst_seq,343698708,full_random,default,0xf300,4,random,0.341,0.53,reg_wr,8,39,309,21,5,weighted,uniform,console,in_order,none,192
RUN-002997,irq_storm_seq,168445922,directed,default,0x5300,4,random,0.239,0.57,balanced,64,11,145,9,6,weighted,sparse,sensor_poll,in_order,glitch,384
RUN-002998,reg_sweep_seq,220886538,constrained,default,0xda00,4,incremental,0.412,0.76,reg_rd,16,35,236,30,6,weighted,uniform,sensor_poll,in_order,bitflip,96
RUN-002999,parity_stress_seq,510945057,constrained,default,0x8600,4,random,0.243,0.36,reg_wr,128,16,326,20,8,weighted,ping_pong,console,in_order,glitch,48
RUN-003000,backpressure_seq,945287422,full_random,default,0x4c00,16,random,0.587,0.39,reg_wr,8,13,173,13,10,weighted,burst_hotspot,console,in_order,none,384
RUN-003001,reg_sweep_seq,686030328,constrained,default,0x9300,4,random,0.71,0.78,reg_wr,128,37,60,5,10,weighted,burst_hotspot,console,in_order,none,384
RUN-003002,dma_burst_seq,906266051,directed,default,0x7f00,4,random,0.4,0.44,reg_wr,128,12,266,30,5,weighted,sparse,boot,out_of_order,glitch,768
RUN-003003,backpressure_seq,932967055,full_random,default,0xf500,64,all_ones,0.154,0.26,reg_wr,8,39,347,19,0,weighted,uniform,boot,out_of_order,none,768
RUN-003004,backpressure_seq,1477496111,constrained,default,0x3000,4,walking_ones,0.783,0.44,reg_wr,128,7,375,8,4,fixed,ping_pong,dma_stream,out_of_order,bitflip,768
RUN-003005,parity_stress_seq,156775624,full_random,stress,0x1e00,16,random,0.535,0.41,balanced,128,5,114,15,7,weighted,uniform,sensor_poll,in_order,none,192
RUN-003006,uart_loopback_seq,865654011,constrained,corner,0xb500,64,all_ones,0.273,0.45,reg_rd,8,29,286,16,10,weighted,ping_pong,console,in_order,none,192
RUN-003007,reg_sweep_seq,1943524051,constrained,corner,0xab00,64,incremental,0.094,0.39,balanced,64,35,182,2,8,fixed,burst_hotspot,sensor_poll,in_order,none,48
RUN-003008,backpressure_seq,938457843,constrained,default,0xaf00,16,incremental,0.421,0.2,balanced,16,4,402,8,1,weighted,uniform,sensor_poll,out_of_order,none,192
RUN-003009,reg_sweep_seq,1147061668,full_random,corner,0x0f00,64,walking_ones,0.318,0.71,balanced,8,9,207,31,3,fixed,uniform,dma_stream,in_order,bitflip,192
RUN-003010,parity_stress_seq,311543324,constrained,default,0x8e00,16,all_ones,0.715,0.54,reg_rd,16,30,310,0,2,weighted,burst_hotspot,boot,in_order,none,48
RUN-003011,dma_burst_seq,1302435583,constrained,corner,0xb400,4,incremental,0.216,0.41,balanced,8,39,297,4,1,weighted,burst_hotspot,sensor_poll,in_order,none,768
RUN-003012,uart_loopback_seq,1867035085,constrained,corner,0x1500,16,incremental,0.762,0.28,reg_rd,8,31,68,9,5,fixed,uniform,sensor_poll,in_order,none,768
RUN-003013,backpressure_seq,198472086,constrained,corner,0xb400,4,random,0.209,0.52,reg_rd,16,13,121,27,1,weighted,ping_pong,console,in_order,none,768
RUN-003014,uart_loopback_seq,2009242272,constrained,corner,0x5e00,16,random,0.556,0.21,reg_rd,8,33,141,1,9,weighted,ping_pong,console,in_order,none,768
RUN-003015,uart_loopback_seq,1333541192,constrained,corner,0x5e00,16,incremental,0.796,0.58,balanced,8,3,229,12,1,fixed,burst_hotspot,boot,in_order,none,192
RUN-003016,reg_sweep_seq,666610275,full_random,default,0x3900,4,walking_ones,0.711,0.72,reg_wr,64,0,137,22,1,weighted,ping_pong,boot,in_order,none,48
RUN-003017,reg_sweep_seq,1190081255,directed,corner,0x1400,16,random,0.679,0.38,reg_wr,8,26,312,4,7,weighted,uniform,sensor_poll,in_order,none,96
RUN-003018,backpressure_seq,797464824,constrained,corner,0xe800,4,walking_ones,0.281,0.4,balanced,128,25,49,28,5,fixed,burst_hotspot,dma_stream,in_order,glitch,384
RUN-003019,parity_stress_seq,1236046908,full_random,stress,0x0e00,4,all_ones,0.413,0.73,balanced,16,38,365,24,9,weighted,burst_hotspot,boot,in_order,none,192
RUN-003020,parity_stress_seq,1670406301,constrained,stress,0x7300,64,all_ones,0.563,0.45,balanced,64,7,317,14,4,weighted,uniform,dma_stream,in_order,none,192
RUN-003021,reset_recovery_seq,1180880733,constrained,default,0xa800,16,random,0.348,0.6,reg_wr,8,5,168,17,1,fixed,burst_hotspot,boot,out_of_order,none,192
RUN-003022,parity_stress_seq,878933300,constrained,default,0x0a00,16,all_ones,0.022,0.79,balanced,16,35,293,8,2,fixed,burst_hotspot,sensor_poll,in_order,none,192
RUN-003023,reg_sweep_seq,1977162669,directed,corner,0x8000,16,random,0.622,0.21,reg_wr,16,29,187,18,7,weighted,uniform,sensor_poll,in_order,bitflip,384
RUN-003024,uart_loopback_seq,1071165925,constrained,default,0x4c00,64,all_ones,0.26,0.54,reg_wr,128,24,388,23,10,fixed,uniform,console,in_order,none,384
RUN-003025,reset_recovery_seq,1530054408,constrained,default,0xf900,4,random,0.083,0.49,balanced,16,25,401,22,9,weighted,ping_pong,dma_stream,in_order,bitflip,768
RUN-003026,reg_sweep_seq,1905081234,full_random,stress,0x7d00,4,walking_ones,0.262,0.63,balanced,64,26,274,12,11,weighted,uniform,sensor_poll,in_order,none,96
RUN-003027,dma_burst_seq,1727653804,full_random,corner,0x9e00,64,random,0.783,0.57,balanced,16,18,407,12,2,fixed,ping_pong,boot,out_of_order,none,384
RUN-003028,irq_storm_seq,1546465602,full_random,corner,0x6500,16,random,0.309,0.52,balanced,8,22,234,19,1,fixed,uniform,sensor_poll,in_order,none,192
RUN-003029,dma_burst_seq,524954269,constrained,default,0x9000,16,all_ones,0.573,0.58,reg_wr,64,32,227,1,2,fixed,burst_hotspot,sensor_poll,out_of_order,none,96
RUN-003030,dma_burst_seq,710735058,directed,stress,0x1e00,16,incremental,0.286,0.41,reg_rd,64,20,175,7,6,weighted,uniform,dma_stream,in_order,glitch,768
RUN-003031,reset_recovery_seq,1974584847,constrained,corner,0xe000,4,random,0.216,0.55,balanced,64,14,160,5,4,weighted,uniform,sensor_poll,out_of_order,none,48
RUN-003032,parity_stress_seq,363541351,full_random,default,0x3600,16,random,0.608,0.23,balanced,16,17,370,21,10,weighted,burst_hotspot,dma_stream,out_of_order,glitch,192
RUN-003033,reg_sweep_seq,1780116762,full_random,default,0xd500,4,random,0.803,0.48,balanced,8,37,70,22,0,fixed,ping_pong,sensor_poll,in_order,none,48
RUN-003034,irq_storm_seq,516299514,full_random,stress,0x4900,16,random,0.438,0.34,reg_wr,8,27,412,5,11,fixed,uniform,sensor_poll,in_order,none,384
RUN-003035,irq_storm_seq,187982332,constrained,stress,0xf500,4,random,0.53,0.52,balanced,8,37,175,17,0,fixed,burst_hotspot,sensor_poll,in_order,glitch,768
RUN-003036,dma_burst_seq,967502169,full_random,default,0xd400,64,random,0.358,0.34,reg_rd,8,2,25,17,5,weighted,sparse,console,in_order,none,192
RUN-003037,reg_sweep_seq,3871018,full_random,corner,0x6e00,16,random,0.744,0.67,reg_wr,16,19,172,4,8,weighted,burst_hotspot,sensor_poll,in_order,none,96
RUN-003038,irq_storm_seq,1381803144,constrained,stress,0xf700,64,walking_ones,0.3,0.29,reg_rd,8,22,179,21,7,fixed,uniform,sensor_poll,in_order,bitflip,96
RUN-003039,dma_burst_seq,913764886,constrained,corner,0x4a00,16,random,0.328,0.22,balanced,8,15,38,2,8,fixed,uniform,sensor_poll,out_of_order,bitflip,192
RUN-003040,reg_sweep_seq,1869176539,full_random,default,0xcf00,64,random,0.587,0.67,balanced,16,15,46,31,9,fixed,uniform,sensor_poll,in_order,none,96
RUN-003041,uart_loopback_seq,475828714,constrained,corner,0xd900,64,random,0.407,0.57,balanced,64,0,250,14,3,weighted,ping_pong,boot,in_order,none,384
RUN-003042,dma_burst_seq,386187577,constrained,default,0x5400,4,random,0.503,0.41,reg_wr,128,9,211,31,7,fixed,burst_hotspot,boot,in_order,none,96
RUN-003043,irq_storm_seq,789890404,constrained,default,0x7d00,64,random,0.493,0.55,reg_rd,16,0,141,30,7,weighted,burst_hotspot,sensor_poll,in_order,none,384
RUN-003044,irq_storm_seq,1933303714,constrained,corner,0x8c00,4,all_ones,0.203,0.62,balanced,8,3,248,22,4,fixed,uniform,sensor_poll,in_order,glitch,96
RUN-003045,dma_burst_seq,1508119899,constrained,corner,0xb900,4,random,0.607,0.61,balanced,8,31,353,7,7,weighted,ping_pong,sensor_poll,in_order,none,192
RUN-003046,backpressure_seq,1695790903,constrained,default,0x7800,64,random,0.115,0.22,balanced,16,35,105,12,0,weighted,sparse,dma_stream,in_order,none,96
RUN-003047,backpressure_seq,1319523315,constrained,corner,0xe500,4,incremental,0.796,0.22,reg_wr,8,27,413,14,8,fixed,uniform,dma_stream,in_order,none,768
RUN-003048,irq_storm_seq,1358617815,constrained,corner,0x4f00,16,random,0.79,0.49,balanced,16,2,68,1,11,fixed,burst_hotspot,console,out_of_order,none,384
RUN-003049,dma_burst_seq,1587743444,constrained,corner,0x4b00,4,random,0.21,0.48,reg_rd,16,25,367,4,6,weighted,sparse,dma_stream,out_of_order,none,48
RUN-003050,reg_sweep_seq,663770477,constrained,default,0xe200,4,all_ones,0.291,0.64,reg_wr,64,17,154,4,8,fixed,burst_hotspot,boot,in_order,glitch,48
RUN-003051,reg_sweep_seq,662393291,full_random,default,0xbe00,16,all_ones,0.392,0.57,balanced,8,37,58,2,3,weighted,uniform,sensor_poll,in_order,none,192
RUN-003052,parity_stress_seq,1354804908,constrained,stress,0x0600,4,all_ones,0.477,0.57,balanced,8,22,301,18,0,weighted,sparse,boot,in_order,none,96
RUN-003053,irq_storm_seq,798907745,full_random,corner,0xbc00,16,incremental,0.49,0.68,reg_rd,8,17,256,17,4,weighted,ping_pong,dma_stream,in_order,none,192
RUN-003054,reg_sweep_seq,1297621579,constrained,default,0x3d00,4,random,0.41,0.4,reg_wr,64,29,250,27,5,weighted,sparse,boot,out_of_order,glitch,384
RUN-003055,backpressure_seq,151205947,full_random,stress,0x1800,64,random,0.441,0.66,reg_wr,16,7,349,21,8,weighted,uniform,sensor_poll,in_order,none,192
RUN-003056,dma_burst_seq,959984308,constrained,corner,0x7400,4,incremental,0.144,0.71,balanced,128,37,420,4,7,weighted,ping_pong,console,out_of_order,none,768
RUN-003057,reg_sweep_seq,1219408349,directed,corner,0x0600,64,random,0.499,0.53,reg_wr,16,15,154,8,6,weighted,uniform,sensor_poll,in_order,none,192
RUN-003058,reg_sweep_seq,41852158,full_random,corner,0x4c00,16,random,0.732,0.34,balanced,64,6,403,21,6,weighted,uniform,sensor_poll,in_order,none,96
RUN-003059,dma_burst_seq,946494244,constrained,default,0xdb00,4,random,0.403,0.66,reg_wr,16,21,262,0,0,fixed,uniform,console,out_of_order,none,192
RUN-003060,irq_storm_seq,469993252,constrained,default,0x0c00,64,walking_ones,0.65,0.63,reg_wr,128,19,295,10,0,fixed,burst_hotspot,sensor_poll,in_order,bitflip,48
RUN-003061,parity_stress_seq,2054285780,constrained,default,0x1e00,16,all_ones,0.389,0.52,balanced,64,28,313,18,6,fixed,uniform,dma_stream,in_order,none,192
RUN-003062,reg_sweep_seq,982705040,constrained,default,0xe200,16,incremental,0.807,0.77,reg_wr,64,36,272,2,8,weighted,burst_hotspot,dma_stream,in_order,none,384
RUN-003063,backpressure_seq,1871904756,constrained,stress,0x1800,4,incremental,0.682,0.65,balanced,8,35,308,27,6,fixed,burst_hotspot,console,in_order,glitch,192
RUN-003064,reg_sweep_seq,1406333471,full_random,default,0xad00,4,random,0.404,0.65,balanced,8,6,143,10,9,fixed,sparse,boot,in_order,glitch,768
RUN-003065,dma_burst_seq,1350880110,constrained,corner,0x9d00,64,incremental,0.666,0.35,reg_wr,64,25,196,17,3,fixed,uniform,dma_stream,in_order,none,48
RUN-003066,reset_recovery_seq,117294067,constrained,corner,0x3c00,16,random,0.496,0.44,reg_wr,64,7,114,25,7,fixed,burst_hotspot,sensor_poll,in_order,glitch,192
RUN-003067,reset_recovery_seq,846182687,directed,stress,0x4200,16,incremental,0.604,0.39,balanced,8,13,247,26,5,fixed,burst_hotspot,dma_stream,in_order,none,192
RUN-003068,dma_burst_seq,1738417179,constrained,corner,0x9e00,64,walking_ones,0.178,0.25,reg_rd,8,35,283,19,10,fixed,burst_hotspot,boot,in_order,none,384
RUN-003069,parity_stress_seq,1488757293,constrained,default,0x7300,4,walking_ones,0.119,0.25,balanced,64,21,217,2,2,fixed,sparse,sensor_poll,out_of_order,glitch,192
RUN-003070,backpressure_seq,888281930,full_random,corner,0x1300,4,incremental,0.675,0.51,reg_wr,8,39,55,5,6,weighted,ping_pong,console,in_order,none,96
RUN-003071,uart_loopback_seq,1126508668,constrained,corner,0x4d00,16,all_ones,0.762,0.45,reg_wr,128,8,224,2,3,weighted,uniform,console,out_of_order,bitflip,48
RUN-003072,reg_sweep_seq,334362254,full_random,stress,0xbe00,4,all_ones,0.229,0.36,reg_wr,64,16,258,14,10,fixed,uniform,sensor_poll,in_order,none,384
RUN-003073,backpressure_seq,2071518146,constrained,default,0x6d00,4,random,0.283,0.67,balanced,8,18,258,17,2,fixed,sparse,dma_stream,in_order,none,192
RUN-003074,reset_recovery_seq,1381638355,constrained,default,0xb100,4,random,0.529,0.35,balanced,16,16,274,4,7,fixed,ping_pong,dma_stream,out_of_order,none,768
RUN-003075,backpressure_seq,515774616,directed,corner,0xf600,64,walking_ones,0.257,0.76,reg_rd,8,31,55,22,1,fixed,uniform,dma_stream,out_of_order,none,96
RUN-003076,parity_stress_seq,2055755220,full_random,corner,0x3d00,4,random,0.429,0.75,balanced,8,5,153,23,11,fixed,burst_hotspot,console,in_order,none,48
RUN-003077,parity_stress_seq,652367116,constrained,default,0x8b00,16,random,0.459,0.47,reg_rd,128,27,363,16,10,weighted,burst_hotspot,console,in_order,none,192
RUN-003078,backpressure_seq,981352844,constrained,default,0x0900,4,random,0.628,0.26,reg_wr,16,3,383,8,10,weighted,uniform,console,out_of_order,none,384
RUN-003079,uart_loopback_seq,587007560,constrained,stress,0x1d00,4,random,0.407,0.67,reg_rd,128,8,407,12,11,weighted,burst_hotspot,console,out_of_order,bitflip,768
RUN-003080,reg_sweep_seq,116240288,constrained,default,0x8500,16,walking_ones,0.558,0.73,balanced,8,32,172,20,5,weighted,uniform,sensor_poll,in_order,none,96
RUN-003081,reset_recovery_seq,890793315,directed,default,0xf100,64,all_ones,0.63,0.74,balanced,128,8,123,29,9,weighted,uniform,dma_stream,in_order,none,192
RUN-003082,reg_sweep_seq,1466998601,constrained,default,0x4300,16,walking_ones,0.654,0.63,reg_rd,64,11,99,27,8,weighted,sparse,console,in_order,none,384
RUN-003083,reg_sweep_seq,1947758194,constrained,default,0xa800,4,random,0.362,0.24,balanced,16,26,72,6,5,weighted,sparse,sensor_poll,in_order,none,48
RUN-003084,uart_loopback_seq,1256199800,constrained,default,0xd900,64,incremental,0.348,0.62,reg_wr,64,26,407,28,2,weighted,sparse,boot,in_order,glitch,384
RUN-003085,parity_stress_seq,1828690382,constrained,default,0xad00,4,all_ones,0.652,0.44,balanced,128,3,312,16,9,fixed,sparse,dma_stream,in_order,none,48
RUN-003086,dma_burst_seq,2080976494,constrained,default,0x4c00,16,incremental,0.721,0.5,balanced,8,7,25,11,7,fixed,uniform,boot,in_order,none,384
RUN-003087,reg_sweep_seq,722486986,constrained,stress,0x6200,16,walking_ones,0.67,0.28,balanced,8,14,107,3,3,weighted,uniform,console,in_order,bitflip,96
RUN-003088,irq_storm_seq,582840740,constrained,default,0x2c00,64,random,0.633,0.55,balanced,16,8,55,27,7,weighted,uniform,console,out_of_order,none,192
RUN-003089,reg_sweep_seq,1972427903,constrained,default,0xd000,4,walking_ones,0.256,0.6,reg_rd,16,39,415,27,10,fixed,burst_hotspot,dma_stream,in_order,none,384
RUN-003090,reg_sweep_seq,876278557,constrained,default,0x4a00,16,walking_ones,0.663,0.78,reg_wr,16,17,89,3,5,weighted,burst_hotspot,dma_stream,in_order,none,96
RUN-003091,irq_storm_seq,300761013,full_random,stress,0x3900,64,incremental,0.157,0.67,reg_wr,64,17,371,7,3,weighted,sparse,sensor_poll,in_order,none,384
RUN-003092,irq_storm_seq,946673691,constrained,stress,0x2300,4,incremental,0.727,0.3,balanced,8,16,223,11,0,fixed,burst_hotspot,console,in_order,glitch,96
RUN-003093,reg_sweep_seq,1355055957,constrained,default,0xcd00,4,random,0.705,0.28,reg_wr,8,33,211,3,6,weighted,uniform,sensor_poll,in_order,glitch,384
RUN-003094,dma_burst_seq,2124964514,constrained,default,0x7300,64,incremental,0.564,0.45,reg_rd,64,7,82,30,10,weighted,burst_hotspot,boot,out_of_order,none,384
RUN-003095,irq_storm_seq,475721114,full_random,stress,0xc300,16,random,0.239,0.58,balanced,16,34,97,3,2,weighted,ping_pong,console,in_order,none,768
RUN-003096,reg_sweep_seq,1141274555,full_random,default,0x7700,16,all_ones,0.887,0.56,reg_wr,16,14,104,0,9,weighted,ping_pong,boot,out_of_order,none,384
RUN-003097,parity_stress_seq,273996252,directed,corner,0x0500,4,random,0.362,0.37,reg_rd,16,28,117,19,1,weighted,burst_hotspot,sensor_poll,in_order,bitflip,384
RUN-003098,uart_loopback_seq,2000041239,constrained,default,0xe900,16,walking_ones,0.524,0.44,balanced,8,20,385,16,1,weighted,sparse,console,in_order,none,96
RUN-003099,reg_sweep_seq,370824662,constrained,default,0x8f00,16,random,0.393,0.45,reg_rd,16,18,350,24,10,weighted,burst_hotspot,console,in_order,none,384
RUN-003100,reset_recovery_seq,1743009553,directed,corner,0xad00,4,random,0.696,0.24,reg_wr,64,26,337,30,4,fixed,uniform,dma_stream,in_order,none,384
RUN-003101,dma_burst_seq,40740869,constrained,corner,0xc500,16,walking_ones,0.664,0.45,reg_rd,64,28,295,3,6,weighted,burst_hotspot,sensor_poll,in_order,bitflip,384
RUN-003102,irq_storm_seq,936291267,full_random,default,0x5c00,64,random,0.383,0.53,reg_wr,8,7,288,17,11,fixed,sparse,dma_stream,in_order,none,48
RUN-003103,parity_stress_seq,1828608503,full_random,stress,0xb400,16,walking_ones,0.099,0.7,reg_rd,16,31,95,12,2,fixed,uniform,boot,in_order,glitch,384
RUN-003104,uart_loopback_seq,863693389,constrained,default,0x2700,16,random,0.85,0.29,reg_wr,16,21,416,17,11,fixed,ping_pong,console,in_order,none,768
RUN-003105,uart_loopback_seq,1699138632,full_random,default,0x2b00,4,all_ones,0.608,0.2,balanced,64,11,150,17,10,weighted,ping_pong,dma_stream,in_order,none,96
RUN-003106,dma_burst_seq,1036786417,constrained,default,0x0700,4,all_ones,0.454,0.79,balanced,8,0,97,5,3,weighted,uniform,console,in_order,none,768
RUN-003107,irq_storm_seq,962883361,constrained,corner,0x5400,4,all_ones,0.45,0.42,balanced,8,32,180,23,4,fixed,uniform,console,in_order,none,192
RUN-003108,reg_sweep_seq,537192680,directed,default,0xa900,64,incremental,0.489,0.68,reg_wr,64,30,107,27,4,fixed,sparse,dma_stream,in_order,none,96
RUN-003109,uart_loopback_seq,1380816951,full_random,default,0x2d00,16,all_ones,0.711,0.49,balanced,16,25,71,7,7,weighted,burst_hotspot,dma_stream,in_order,glitch,192
RUN-003110,backpressure_seq,1046074857,constrained,stress,0xac00,4,walking_ones,0.245,0.68,reg_wr,16,39,229,10,10,fixed,sparse,sensor_poll,out_of_order,glitch,384
RUN-003111,dma_burst_seq,1077199875,full_random,corner,0x3900,4,random,0.44,0.54,balanced,8,13,139,7,11,fixed,uniform,console,in_order,bitflip,96
RUN-003112,dma_burst_seq,790819322,constrained,default,0x0300,4,all_ones,0.258,0.61,reg_rd,64,29,166,22,0,fixed,sparse,console,out_of_order,bitflip,192
RUN-003113,uart_loopback_seq,30594894,full_random,default,0x2800,16,random,0.731,0.54,balanced,128,3,244,30,11,weighted,sparse,sensor_poll,in_order,glitch,192
RUN-003114,reg_sweep_seq,1344921178,constrained,stress,0x3500,16,incremental,0.595,0.4,reg_rd,128,24,145,20,1,weighted,ping_pong,dma_stream,out_of_order,bitflip,384
RUN-003115,reg_sweep_seq,668252881,constrained,default,0x7700,4,random,0.709,0.57,balanced,64,7,256,22,11,weighted,ping_pong,console,out_of_order,glitch,192
RUN-003116,dma_burst_seq,1962586520,directed,stress,0x0c00,16,all_ones,0.675,0.29,reg_rd,16,21,416,9,9,fixed,uniform,boot,out_of_order,glitch,96
RUN-003117,irq_storm_seq,1314425102,full_random,default,0x6f00,16,incremental,0.372,0.41,balanced,64,39,310,22,6,fixed,uniform,console,out_of_order,none,48
RUN-003118,reg_sweep_seq,491997925,constrained,default,0xcf00,16,all_ones,0.467,0.67,reg_wr,8,36,92,22,2,fixed,burst_hotspot,boot,in_order,none,192
RUN-003119,reset_recovery_seq,1584923899,constrained,default,0x4700,16,incremental,0.107,0.26,reg_wr,16,14,240,16,11,fixed,ping_pong,console,out_of_order,none,768
RUN-003120,dma_burst_seq,546365509,full_random,default,0x2f00,4,incremental,0.19,0.47,reg_wr,64,28,245,17,2,weighted,burst_hotspot,console,in_order,none,96
RUN-003121,reset_recovery_seq,20325221,full_random,stress,0xe700,4,incremental,0.616,0.52,reg_wr,8,4,71,9,11,weighted,burst_hotspot,dma_stream,in_order,glitch,384
RUN-003122,dma_burst_seq,587897154,directed,stress,0x5800,16,random,0.497,0.44,balanced,128,38,128,29,1,fixed,uniform,console,in_order,bitflip,768
RUN-003123,parity_stress_seq,1929541078,full_random,default,0x4300,16,random,0.684,0.76,reg_wr,64,3,341,22,0,weighted,uniform,boot,in_order,none,192
RUN-003124,uart_loopback_seq,1064857445,constrained,corner,0x8d00,16,walking_ones,0.529,0.24,reg_rd,16,16,303,3,11,fixed,uniform,sensor_poll,in_order,none,96
RUN-003125,reg_sweep_seq,1367815350,full_random,default,0x4200,4,all_ones,0.653,0.78,reg_wr,16,1,381,15,1,fixed,uniform,console,out_of_order,glitch,96
RUN-003126,reg_sweep_seq,436532826,constrained,stress,0x8000,16,random,0.255,0.79,reg_rd,8,9,217,18,5,weighted,burst_hotspot,boot,out_of_order,bitflip,768
RUN-003127,uart_loopback_seq,1771460480,full_random,corner,0x4600,16,walking_ones,0.77,0.27,reg_wr,128,31,338,10,7,fixed,sparse,console,out_of_order,none,96
RUN-003128,reset_recovery_seq,24386512,constrained,corner,0xe400,64,all_ones,0.527,0.56,reg_wr,16,26,58,29,11,weighted,uniform,dma_stream,in_order,bitflip,384
RUN-003129,dma_burst_seq,908874462,constrained,corner,0x5500,4,incremental,0.316,0.32,reg_rd,128,3,229,29,7,fixed,ping_pong,console,in_order,bitflip,768
RUN-003130,backpressure_seq,450595699,full_random,default,0x6800,4,random,0.529,0.4,reg_wr,8,10,140,30,0,fixed,ping_pong,console,in_order,glitch,96
RUN-003131,reset_recovery_seq,710695054,constrained,corner,0x6c00,4,random,0.085,0.29,balanced,128,23,194,21,10,fixed,burst_hotspot,dma_stream,out_of_order,glitch,192
RUN-003132,reg_sweep_seq,1965871718,full_random,stress,0xf500,4,random,0.756,0.31,balanced,64,33,272,12,11,fixed,burst_hotspot,console,in_order,bitflip,48
RUN-003133,irq_storm_seq,673146067,constrained,default,0x4900,16,incremental,0.512,0.5,reg_rd,64,29,389,31,1,fixed,ping_pong,boot,out_of_order,bitflip,384
RUN-003134,uart_loopback_seq,1326436195,constrained,default,0x5e00,4,incremental,0.735,0.69,balanced,16,1,40,12,9,fixed,burst_hotspot,dma_stream,out_of_order,none,48
RUN-003135,dma_burst_seq,1033823554,constrained,stress,0xf100,4,random,0.478,0.2,reg_rd,64,20,161,5,8,fixed,uniform,dma_stream,in_order,none,192
RUN-003136,irq_storm_seq,1100173668,constrained,default,0xbd00,64,walking_ones,0.272,0.48,reg_wr,16,15,151,12,5,fixed,uniform,dma_stream,out_of_order,glitch,192
RUN-003137,dma_burst_seq,660736333,full_random,default,0x7900,16,all_ones,0.761,0.24,reg_rd,128,38,273,20,6,fixed,uniform,console,in_order,none,48
RUN-003138,reg_sweep_seq,270641399,full_random,corner,0x6f00,16,random,0.226,0.2,reg_rd,64,32,349,6,4,weighted,sparse,dma_stream,in_order,none,768
RUN-003139,backpressure_seq,860855949,constrained,corner,0xce00,4,random,0.717,0.37,reg_wr,16,25,192,26,11,fixed,sparse,sensor_poll,in_order,none,384
RUN-003140,parity_stress_seq,1880868186,constrained,stress,0xa900,4,walking_ones,0.362,0.79,balanced,16,11,147,9,8,fixed,sparse,boot,in_order,none,768
RUN-003141,backpressure_seq,1091790006,constrained,default,0x8900,64,random,0.877,0.69,balanced,128,39,372,9,6,fixed,burst_hotspot,sensor_poll,in_order,none,192
RUN-003142,reg_sweep_seq,2147065894,constrained,stress,0x6c00,16,incremental,0.749,0.26,reg_wr,8,24,47,9,7,weighted,uniform,sensor_poll,in_order,glitch,192
RUN-003143,uart_loopback_seq,911433968,constrained,default,0x9500,64,random,0.847,0.63,reg_rd,16,9,81,9,6,fixed,sparse,console,in_order,bitflip,192
RUN-003144,reset_recovery_seq,1543339449,constrained,corner,0x1a00,16,all_ones,0.637,0.6,balanced,16,18,329,18,2,fixed,uniform,boot,in_order,none,384
RUN-003145,irq_storm_seq,760560198,full_random,corner,0xd600,4,random,0.806,0.76,reg_wr,128,9,180,25,5,weighted,sparse,dma_stream,in_order,none,192
RUN-003146,irq_storm_seq,1832755060,constrained,corner,0x4700,4,all_ones,0.693,0.51,balanced,8,26,257,24,4,weighted,ping_pong,console,in_order,none,96
RUN-003147,dma_burst_seq,1292771586,constrained,corner,0xb200,4,walking_ones,0.404,0.32,balanced,16,19,201,14,7,fixed,uniform,sensor_poll,in_order,glitch,192
RUN-003148,uart_loopback_seq,1086639879,directed,default,0xab00,16,random,0.452,0.49,balanced,16,33,106,13,1,weighted,ping_pong,console,in_order,glitch,384
RUN-003149,dma_burst_seq,765783566,full_random,stress,0xba00,64,incremental,0.661,0.62,balanced,128,29,294,12,3,fixed,ping_pong,console,in_order,none,48
RUN-003150,irq_storm_seq,1412421043,constrained,default,0x1400,64,random,0.226,0.58,balanced,128,39,346,12,7,weighted,sparse,console,out_of_order,glitch,96
RUN-003151,irq_storm_seq,1569333131,constrained,corner,0x9000,4,random,0.168,0.8,reg_wr,16,18,271,31,9,weighted,burst_hotspot,console,out_of_order,none,48
RUN-003152,irq_storm_seq,2060965882,constrained,stress,0xb800,64,random,0.194,0.66,balanced,16,13,32,4,4,fixed,sparse,console,in_order,glitch,384
RUN-003153,backpressure_seq,905752331,constrained,stress,0x4e00,64,random,0.33,0.7,reg_wr,64,23,281,12,5,fixed,uniform,console,out_of_order,bitflip,384
RUN-003154,uart_loopback_seq,786930473,constrained,corner,0x1e00,16,random,0.611,0.34,reg_wr,8,24,120,27,1,fixed,ping_pong,sensor_poll,out_of_order,none,96
RUN-003155,backpressure_seq,444832679,constrained,corner,0xee00,16,incremental,0.408,0.27,reg_rd,8,14,279,29,7,fixed,burst_hotspot,console,in_order,none,96
RUN-003156,uart_loopback_seq,1864320939,full_random,default,0x7200,64,incremental,0.558,0.6,reg_rd,64,17,153,0,9,weighted,burst_hotspot,dma_stream,out_of_order,none,48
RUN-003157,uart_loopback_seq,1251512502,constrained,stress,0xec00,16,incremental,0.791,0.33,reg_rd,8,12,191,22,5,weighted,burst_hotspot,console,out_of_order,none,48
RUN-003158,parity_stress_seq,1622437774,constrained,default,0x9a00,16,walking_ones,0.213,0.35,reg_wr,16,38,69,14,1,fixed,sparse,dma_stream,in_order,bitflip,384
RUN-003159,reg_sweep_seq,400318620,full_random,default,0xa300,4,all_ones,0.439,0.55,reg_rd,16,4,151,24,7,fixed,uniform,sensor_poll,in_order,glitch,96
RUN-003160,dma_burst_seq,1904207125,constrained,default,0xc100,4,all_ones,0.552,0.36,reg_rd,16,5,393,7,5,fixed,uniform,boot,in_order,none,192
RUN-003161,reg_sweep_seq,1502643765,constrained,corner,0x1300,4,walking_ones,0.699,0.69,balanced,128,39,148,2,2,fixed,ping_pong,boot,in_order,none,384
RUN-003162,dma_burst_seq,448730804,constrained,corner,0xb800,16,random,0.373,0.56,balanced,8,8,375,5,10,fixed,uniform,dma_stream,in_order,none,768
RUN-003163,uart_loopback_seq,42270715,full_random,stress,0x5900,64,random,0.32,0.49,reg_wr,8,1,126,30,5,fixed,sparse,dma_stream,in_order,none,192
RUN-003164,dma_burst_seq,2041735592,constrained,corner,0x1600,4,all_ones,0.457,0.22,reg_rd,16,27,258,28,2,fixed,ping_pong,dma_stream,out_of_order,none,96
RUN-003165,reset_recovery_seq,914926818,constrained,corner,0x1b00,16,walking_ones,0.576,0.51,balanced,8,16,63,3,3,weighted,uniform,console,out_of_order,bitflip,768
RUN-003166,dma_burst_seq,181378161,constrained,stress,0x4100,4,all_ones,0.64,0.22,reg_rd,8,30,141,14,1,fixed,burst_hotspot,console,out_of_order,none,384
RUN-003167,uart_loopback_seq,893835773,constrained,corner,0x0e00,4,walking_ones,0.804,0.21,reg_rd,8,28,265,20,10,fixed,burst_hotspot,dma_stream,in_order,bitflip,192
RUN-003168,parity_stress_seq,611418698,constrained,corner,0x2c00,16,incremental,0.703,0.63,reg_rd,8,25,68,0,5,weighted,uniform,sensor_poll,in_order,bitflip,192
RUN-003169,uart_loopback_seq,1008046953,constrained,stress,0x8700,64,incremental,0.575,0.71,balanced,128,15,142,22,7,weighted,uniform,sensor_poll,in_order,glitch,48
RUN-003170,irq_storm_seq,544836220,full_random,default,0xd100,4,random,0.375,0.38,reg_rd,16,18,84,11,7,fixed,burst_hotspot,sensor_poll,in_order,bitflip,48
RUN-003171,reg_sweep_seq,586943456,full_random,default,0x1a00,16,incremental,0.132,0.48,reg_rd,64,32,208,2,1,weighted,uniform,dma_stream,in_order,bitflip,384
RUN-003172,backpressure_seq,757518235,full_random,default,0x3800,64,random,0.105,0.21,reg_wr,128,1,121,7,0,weighted,uniform,console,in_order,bitflip,96
RUN-003173,dma_burst_seq,1372833720,constrained,stress,0x9200,16,random,0.238,0.23,reg_wr,64,36,223,30,10,weighted,sparse,console,in_order,bitflip,384
RUN-003174,irq_storm_seq,549359674,constrained,default,0x5a00,16,random,0.332,0.76,reg_rd,128,20,50,29,7,fixed,sparse,console,in_order,none,384
RUN-003175,uart_loopback_seq,278567915,full_random,stress,0xf200,64,random,0.658,0.32,reg_rd,8,12,308,3,9,weighted,burst_hotspot,sensor_poll,in_order,none,96
RUN-003176,irq_storm_seq,1079256244,constrained,stress,0x4700,16,walking_ones,0.186,0.28,balanced,8,27,372,1,3,fixed,uniform,boot,in_order,glitch,96
RUN-003177,reset_recovery_seq,935654627,constrained,default,0x9c00,64,walking_ones,0.573,0.51,reg_wr,8,1,278,14,11,weighted,uniform,console,in_order,glitch,96
RUN-003178,reset_recovery_seq,1601570883,constrained,default,0x7c00,16,random,0.166,0.61,reg_wr,8,32,257,0,10,weighted,burst_hotspot,boot,in_order,none,192
RUN-003179,reg_sweep_seq,1879601923,constrained,default,0xdb00,4,all_ones,0.71,0.65,balanced,8,38,156,7,3,fixed,sparse,boot,in_order,glitch,384
RUN-003180,reg_sweep_seq,1901003383,constrained,default,0xc000,16,walking_ones,0.74,0.62,balanced,16,32,161,0,4,weighted,uniform,dma_stream,out_of_order,bitflip,384
RUN-003181,uart_loopback_seq,1997051837,constrained,stress,0xaf00,16,random,0.525,0.58,balanced,64,21,125,20,2,weighted,ping_pong,sensor_poll,in_order,bitflip,384
RUN-003182,backpressure_seq,224279806,constrained,stress,0xc100,4,random,0.275,0.52,balanced,16,12,358,19,6,fixed,uniform,dma_stream,in_order,none,96
RUN-003183,reg_sweep_seq,895904154,full_random,corner,0xc300,16,walking_ones,0.709,0.23,balanced,16,33,219,0,10,fixed,sparse,sensor_poll,out_of_order,bitflip,192
RUN-003184,reg_sweep_seq,684029887,directed,default,0x9100,16,random,0.247,0.55,reg_wr,8,8,173,6,2,fixed,ping_pong,sensor_poll,in_order,none,192
RUN-003185,uart_loopback_seq,1598334912,full_random,corner,0x9500,16,all_ones,0.205,0.47,balanced,64,30,350,18,3,fixed,sparse,dma_stream,in_order,bitflip,768
RUN-003186,reg_sweep_seq,1170289576,constrained,default,0xc000,16,all_ones,0.305,0.51,reg_rd,64,39,249,30,10,fixed,sparse,sensor_poll,in_order,bitflip,48
RUN-003187,backpressure_seq,705474554,constrained,default,0x0b00,16,random,0.622,0.24,balanced,16,25,211,12,5,fixed,burst_hotspot,sensor_poll,in_order,none,384
RUN-003188,dma_burst_seq,2021635438,full_random,corner,0xdf00,4,random,0.401,0.21,reg_wr,8,37,209,29,1,fixed,burst_hotspot,sensor_poll,in_order,none,384
RUN-003189,irq_storm_seq,1237190545,full_random,corner,0xc000,4,random,0.252,0.65,balanced,8,18,236,11,0,fixed,burst_hotspot,dma_stream,in_order,bitflip,768
RUN-003190,backpressure_seq,1835675507,full_random,stress,0xe100,64,random,0.19,0.37,reg_rd,128,4,58,27,2,fixed,uniform,sensor_poll,in_order,none,96
RUN-003191,reg_sweep_seq,922585246,full_random,stress,0x0900,16,walking_ones,0.85,0.72,reg_wr,128,34,253,7,6,fixed,burst_hotspot,boot,in_order,glitch,192
RUN-003192,dma_burst_seq,1806766432,constrained,stress,0x1500,16,random,0.241,0.51,reg_rd,64,19,70,1,10,fixed,ping_pong,dma_stream,out_of_order,bitflip,48
RUN-003193,uart_loopback_seq,955827096,constrained,default,0x8700,64,walking_ones,0.388,0.74,balanced,128,37,414,7,5,weighted,uniform,sensor_poll,in_order,none,384
RUN-003194,dma_burst_seq,1176633795,full_random,stress,0x3b00,4,random,0.8,0.49,reg_rd,64,34,283,25,1,fixed,uniform,boot,in_order,none,96
RUN-003195,reg_sweep_seq,1532652416,constrained,default,0x7e00,16,random,0.387,0.35,balanced,8,27,413,31,3,weighted,burst_hotspot,dma_stream,in_order,none,192
RUN-003196,backpressure_seq,760535617,full_random,corner,0xf400,16,all_ones,0.295,0.49,reg_wr,8,11,77,25,10,weighted,uniform,sensor_poll,out_of_order,glitch,384
RUN-003197,dma_burst_seq,2059364018,full_random,corner,0x6200,4,walking_ones,0.244,0.65,reg_rd,64,23,263,17,6,weighted,uniform,boot,out_of_order,none,192
RUN-003198,uart_loopback_seq,1355725769,full_random,corner,0x9900,16,walking_ones,0.148,0.57,reg_rd,8,6,172,5,10,weighted,uniform,dma_stream,out_of_order,none,384
RUN-003199,irq_storm_seq,64747552,constrained,default,0x7200,16,random,0.328,0.44,reg_rd,128,26,308,15,6,weighted,sparse,boot,in_order,none,384
RUN-003200,irq_storm_seq,566423087,constrained,corner,0xfe00,16,incremental,0.484,0.67,reg_rd,16,32,253,1,9,weighted,uniform,dma_stream,out_of_order,bitflip,192
RUN-003201,uart_loopback_seq,1638104751,full_random,stress,0xaa00,4,random,0.51,0.54,reg_wr,64,1,259,16,1,fixed,sparse,sensor_poll,out_of_order,none,768
RUN-003202,parity_stress_seq,1977961310,full_random,corner,0x4800,16,random,0.442,0.41,reg_rd,64,0,312,6,4,fixed,uniform,console,in_order,bitflip,96
RUN-003203,uart_loopback_seq,65492684,constrained,default,0xa700,4,random,0.221,0.77,reg_wr,8,2,347,5,4,fixed,burst_hotspot,dma_stream,in_order,bitflip,768
RUN-003204,parity_stress_seq,228686613,full_random,default,0x6400,64,random,0.725,0.77,reg_wr,16,29,208,22,1,fixed,sparse,dma_stream,out_of_order,none,384
RUN-003205,backpressure_seq,1076009723,constrained,corner,0x0700,64,walking_ones,0.44,0.68,reg_rd,64,25,300,19,8,weighted,uniform,sensor_poll,out_of_order,none,384
RUN-003206,dma_burst_seq,1726012556,constrained,default,0x7d00,64,walking_ones,0.369,0.59,balanced,8,3,305,25,2,weighted,sparse,dma_stream,in_order,none,48
RUN-003207,reset_recovery_seq,1602387310,constrained,corner,0xb800,64,random,0.398,0.79,reg_wr,64,32,328,28,10,weighted,burst_hotspot,sensor_poll,in_order,glitch,192
RUN-003208,reg_sweep_seq,898019258,constrained,corner,0x7000,4,all_ones,0.417,0.75,balanced,16,17,324,21,1,fixed,burst_hotspot,sensor_poll,in_order,none,384
RUN-003209,dma_burst_seq,1072275700,constrained,corner,0x3200,64,random,0.908,0.45,reg_rd,64,10,193,28,10,fixed,uniform,boot,out_of_order,none,192
RUN-003210,dma_burst_seq,1171737315,constrained,stress,0xe700,16,walking_ones,0.309,0.74,balanced,16,38,359,13,2,weighted,sparse,dma_stream,in_order,glitch,384
RUN-003211,reset_recovery_seq,1315672408,constrained,default,0x6100,4,random,0.886,0.27,reg_wr,64,3,37,28,5,fixed,uniform,console,in_order,none,96
RUN-003212,reset_recovery_seq,886749158,constrained,default,0xb000,16,random,0.508,0.31,reg_rd,64,15,390,15,9,fixed,ping_pong,dma_stream,in_order,none,192
RUN-003213,reg_sweep_seq,768773447,full_random,corner,0xd100,4,all_ones,0.037,0.54,reg_rd,64,38,362,5,0,weighted,uniform,boot,in_order,glitch,384
RUN-003214,parity_stress_seq,98913824,full_random,default,0xf400,64,walking_ones,0.199,0.24,balanced,64,19,189,30,4,weighted,sparse,sensor_poll,out_of_order,none,768
RUN-003215,reset_recovery_seq,606334787,constrained,corner,0x2d00,4,incremental,0.268,0.54,reg_rd,64,8,143,10,0,weighted,uniform,boot,out_of_order,glitch,96
RUN-003216,dma_burst_seq,177996042,directed,default,0x1800,4,all_ones,0.448,0.58,reg_rd,16,16,333,4,7,weighted,uniform,boot,in_order,none,768
RUN-003217,parity_stress_seq,1945512594,constrained,default,0x9500,64,all_ones,0.049,0.43,reg_rd,8,19,153,20,10,fixed,uniform,console,in_order,none,96
RUN-003218,dma_burst_seq,1381791547,constrained,default,0x0f00,16,incremental,0.78,0.39,reg_rd,16,25,207,2,7,fixed,burst_hotspot,console,in_order,bitflip,96
RUN-003219,reset_recovery_seq,2013490862,constrained,stress,0x8000,4,incremental,0.041,0.55,balanced,16,15,280,8,6,weighted,uniform,dma_stream,out_of_order,none,384
RUN-003220,backpressure_seq,1790363995,constrained,default,0x6300,4,walking_ones,0.136,0.42,balanced,16,29,232,12,6,weighted,uniform,sensor_poll,in_order,bitflip,192
RUN-003221,backpressure_seq,1919923629,constrained,default,0x9e00,4,all_ones,0.172,0.58,reg_wr,8,27,218,19,5,weighted,sparse,boot,out_of_order,none,48
RUN-003222,irq_storm_seq,1334481633,constrained,default,0x3900,16,incremental,0.848,0.69,reg_rd,64,28,325,23,1,fixed,sparse,sensor_poll,in_order,none,192
RUN-003223,reset_recovery_seq,776113146,full_random,default,0x1f00,64,walking_ones,0.602,0.29,reg_wr,16,33,253,28,11,fixed,uniform,boot,in_order,none,768
RUN-003224,uart_loopback_seq,1027734056,constrained,stress,0xa300,16,walking_ones,0.65,0.67,reg_rd,128,29,201,22,9,fixed,burst_hotspot,dma_stream,in_order,none,192
RUN-003225,reg_sweep_seq,557692983,constrained,corner,0xbf00,64,all_ones,0.81,0.4,reg_wr,128,31,95,1,10,weighted,sparse,dma_stream,out_of_order,none,48
RUN-003226,uart_loopback_seq,1652613694,full_random,default,0x2400,64,random,0.143,0.66,balanced,16,37,102,20,9,weighted,burst_hotspot,dma_stream,out_of_order,none,192
RUN-003227,dma_burst_seq,1055712561,constrained,corner,0x7a00,4,random,0.458,0.57,balanced,128,4,125,10,2,weighted,uniform,console,in_order,none,96
RUN-003228,reg_sweep_seq,2129141212,full_random,corner,0x0d00,16,random,0.59,0.8,reg_wr,8,14,325,3,9,weighted,sparse,boot,in_order,bitflip,192
RUN-003229,reset_recovery_seq,197858501,constrained,corner,0x8f00,64,random,0.722,0.71,balanced,8,22,43,28,8,fixed,uniform,console,out_of_order,none,192
RUN-003230,irq_storm_seq,1119811228,full_random,default,0x9500,16,random,0.62,0.28,reg_wr,16,19,46,2,5,weighted,burst_hotspot,sensor_poll,in_order,glitch,192
RUN-003231,uart_loopback_seq,1712626614,constrained,stress,0xf600,64,random,0.364,0.38,reg_wr,8,32,334,29,11,fixed,uniform,console,out_of_order,none,96
RUN-003232,parity_stress_seq,772990291,constrained,default,0x3d00,4,random,0.225,0.32,reg_wr,64,6,43,24,2,fixed,sparse,boot,in_order,none,96
RUN-003233,reset_recovery_seq,728718793,full_random,default,0x2600,4,random,0.585,0.29,reg_rd,64,14,275,2,4,weighted,uniform,sensor_poll,out_of_order,none,96
RUN-003234,dma_burst_seq,385263268,constrained,corner,0x0600,16,walking_ones,0.527,0.65,balanced,8,23,46,23,11,fixed,sparse,dma_stream,out_of_order,bitflip,384
RUN-003235,reset_recovery_seq,483694079,constrained,default,0xaa00,16,walking_ones,0.459,0.72,balanced,16,37,155,26,2,weighted,uniform,console,in_order,none,96
RUN-003236,uart_loopback_seq,1211462819,full_random,default,0xa800,64,random,0.313,0.72,reg_wr,64,26,181,5,6,fixed,ping_pong,console,in_order,none,96
RUN-003237,backpressure_seq,568044709,constrained,stress,0xe000,16,random,0.63,0.28,balanced,128,18,355,11,6,weighted,burst_hotspot,boot,out_of_order,none,192
RUN-003238,parity_stress_seq,325860855,constrained,default,0x8700,64,incremental,0.543,0.21,balanced,16,27,37,18,0,fixed,ping_pong,console,in_order,none,192
RUN-003239,parity_stress_seq,1869783068,constrained,stress,0x8d00,16,incremental,0.474,0.47,balanced,64,16,56,2,6,weighted,burst_hotspot,boot,out_of_order,bitflip,384
RUN-003240,reg_sweep_seq,384412752,constrained,default,0x4000,16,incremental,0.344,0.71,reg_wr,8,36,345,15,9,fixed,sparse,boot,in_order,none,384
RUN-003241,irq_storm_seq,828907090,constrained,default,0x5200,16,random,0.743,0.53,reg_rd,16,3,35,12,6,fixed,ping_pong,console,in_order,none,768
RUN-003242,backpressure_seq,457606268,constrained,default,0x7a00,4,random,0.506,0.47,reg_wr,16,39,92,30,1,fixed,uniform,dma_stream,out_of_order,bitflip,192
RUN-003243,reg_sweep_seq,1027586052,constrained,corner,0xda00,16,all_ones,0.146,0.73,balanced,64,24,229,2,8,weighted,uniform,console,in_order,none,384
RUN-003244,irq_storm_seq,1178603861,constrained,default,0x7c00,16,incremental,0.481,0.21,reg_rd,16,16,125,0,0,fixed,ping_pong,boot,in_order,none,192
RUN-003245,reg_sweep_seq,25101332,full_random,corner,0xfc00,16,incremental,0.263,0.37,reg_rd,128,32,329,30,9,weighted,burst_hotspot,sensor_poll,in_order,none,192
RUN-003246,reset_recovery_seq,1011982962,constrained,stress,0xb100,64,random,0.255,0.75,reg_wr,16,2,288,0,1,weighted,sparse,boot,in_order,none,384
RUN-003247,parity_stress_seq,2106723206,constrained,default,0xf600,16,all_ones,0.119,0.31,reg_rd,8,29,306,9,6,fixed,uniform,console,in_order,none,768
RUN-003248,uart_loopback_seq,1349117743,constrained,stress,0x7c00,64,incremental,0.533,0.26,balanced,128,32,403,11,4,weighted,uniform,boot,out_of_order,none,384
RUN-003249,backpressure_seq,940321382,directed,corner,0xf400,4,incremental,0.59,0.33,balanced,8,10,168,27,1,weighted,uniform,boot,in_order,none,768
RUN-003250,backpressure_seq,2016109503,constrained,default,0xb500,4,random,0.503,0.41,balanced,16,38,289,30,6,weighted,ping_pong,console,in_order,none,48
RUN-003251,reg_sweep_seq,845685546,constrained,corner,0x8200,4,random,0.318,0.35,reg_rd,16,13,177,17,4,weighted,sparse,sensor_poll,in_order,none,96
RUN-003252,reset_recovery_seq,764290538,constrained,default,0x0800,16,walking_ones,0.471,0.35,reg_rd,8,31,158,5,5,weighted,uniform,dma_stream,out_of_order,bitflip,768
RUN-003253,parity_stress_seq,678728255,constrained,default,0x9600,16,incremental,0.081,0.71,reg_wr,8,20,261,20,0,weighted,uniform,dma_stream,in_order,glitch,384
RUN-003254,dma_burst_seq,1878982673,constrained,corner,0x9e00,16,all_ones,0.406,0.42,balanced,128,12,351,21,0,weighted,burst_hotspot,console,out_of_order,none,384
RUN-003255,reg_sweep_seq,165507677,constrained,stress,0x2100,16,walking_ones,0.269,0.25,reg_rd,8,22,105,10,5,fixed,sparse,boot,in_order,none,768
RUN-003256,parity_stress_seq,156262309,constrained,stress,0xa600,64,random,0.582,0.5,reg_wr,64,4,366,23,10,weighted,burst_hotspot,boot,in_order,none,192
RUN-003257,backpressure_seq,28905667,constrained,stress,0xa800,16,random,0.706,0.31,reg_wr,64,9,78,27,3,fixed,uniform,dma_stream,in_order,none,384
RUN-003258,irq_storm_seq,713707184,directed,default,0x2900,16,walking_ones,0.224,0.6,balanced,8,26,133,15,5,fixed,uniform,dma_stream,in_order,none,192
RUN-003259,backpressure_seq,976451754,constrained,stress,0xdf00,4,walking_ones,0.459,0.26,reg_rd,64,37,103,27,7,fixed,burst_hotspot,sensor_poll,in_order,none,192
RUN-003260,reg_sweep_seq,1133584074,directed,default,0xed00,64,random,0.252,0.37,balanced,16,33,360,0,2,weighted,uniform,console,in_order,none,96
RUN-003261,backpressure_seq,1932042669,constrained,default,0xde00,4,random,0.122,0.65,reg_rd,16,30,224,30,9,fixed,uniform,console,in_order,none,768
RUN-003262,reg_sweep_seq,972322609,full_random,stress,0xe200,16,incremental,0.131,0.27,balanced,64,14,235,16,5,fixed,ping_pong,console,in_order,none,384
RUN-003263,reg_sweep_seq,997102045,constrained,default,0xe700,16,random,0.661,0.48,reg_wr,8,20,405,2,3,fixed,uniform,console,out_of_order,bitflip,384
RUN-003264,dma_burst_seq,1819463456,constrained,corner,0x3500,4,random,0.399,0.35,reg_wr,16,36,299,15,0,fixed,uniform,dma_stream,in_order,glitch,192
RUN-003265,dma_burst_seq,315422574,constrained,default,0xc700,4,incremental,0.14,0.36,reg_rd,16,18,361,30,8,fixed,uniform,console,in_order,none,768
RUN-003266,reg_sweep_seq,714959347,directed,default,0x4e00,64,random,0.674,0.59,reg_rd,8,13,191,1,10,fixed,burst_hotspot,dma_stream,in_order,none,768
RUN-003267,dma_burst_seq,823932663,full_random,stress,0x2b00,16,incremental,0.333,0.24,reg_wr,16,0,174,17,1,fixed,uniform,console,out_of_order,glitch,48
RUN-003268,backpressure_seq,2027292399,constrained,default,0x6000,64,incremental,0.623,0.4,balanced,8,16,278,27,0,fixed,ping_pong,dma_stream,in_order,glitch,384
RUN-003269,backpressure_seq,753089620,constrained,stress,0x4c00,16,incremental,0.328,0.38,reg_wr,16,27,415,14,1,weighted,burst_hotspot,boot,in_order,none,96
RUN-003270,dma_burst_seq,1717227001,full_random,corner,0x8000,64,incremental,0.615,0.41,reg_rd,64,29,171,6,2,fixed,ping_pong,boot,in_order,bitflip,96
RUN-003271,reg_sweep_seq,1256690200,constrained,stress,0x6900,4,all_ones,0.161,0.77,reg_rd,8,17,357,14,1,fixed,burst_hotspot,dma_stream,in_order,bitflip,192
RUN-003272,irq_storm_seq,1665269138,constrained,default,0x1f00,16,random,0.433,0.61,reg_rd,8,6,300,16,3,fixed,sparse,console,in_order,bitflip,384
RUN-003273,reg_sweep_seq,351985332,constrained,default,0x2600,64,incremental,0.156,0.38,reg_wr,16,2,85,28,4,fixed,uniform,dma_stream,in_order,bitflip,192
RUN-003274,irq_storm_seq,122188301,full_random,corner,0x5c00,4,walking_ones,0.651,0.68,balanced,128,31,182,14,8,fixed,burst_hotspot,sensor_poll,in_order,none,192
RUN-003275,irq_storm_seq,221928485,constrained,default,0xed00,4,walking_ones,0.122,0.44,reg_wr,128,39,163,17,1,weighted,burst_hotspot,sensor_poll,in_order,glitch,48
RUN-003276,irq_storm_seq,242170480,constrained,stress,0xba00,4,random,0.339,0.78,balanced,8,12,193,6,1,weighted,uniform,dma_stream,out_of_order,glitch,192
RUN-003277,dma_burst_seq,523929005,constrained,default,0xcd00,16,incremental,0.212,0.54,balanced,128,11,61,6,3,fixed,burst_hotspot,sensor_poll,in_order,none,96
RUN-003278,dma_burst_seq,1540275565,constrained,default,0x2e00,4,random,0.723,0.21,reg_wr,64,35,373,20,2,fixed,burst_hotspot,sensor_poll,in_order,none,192
RUN-003279,irq_storm_seq,1981226359,full_random,stress,0xde00,16,random,0.486,0.66,balanced,128,5,145,3,7,weighted,uniform,sensor_poll,out_of_order,glitch,384
RUN-003280,backpressure_seq,1944280142,directed,default,0x2800,4,incremental,0.674,0.59,balanced,16,18,397,30,11,fixed,ping_pong,console,in_order,none,192
RUN-003281,reg_sweep_seq,759780438,directed,default,0x3800,4,all_ones,0.097,0.77,balanced,8,27,109,18,9,weighted,ping_pong,console,in_order,bitflip,96
RUN-003282,dma_burst_seq,901277388,constrained,stress,0x8d00,16,random,0.807,0.27,reg_rd,16,22,178,19,4,fixed,ping_pong,boot,in_order,bitflip,768
RUN-003283,irq_storm_seq,1048750367,constrained,default,0x2900,16,all_ones,0.843,0.26,reg_wr,16,19,37,9,2,weighted,uniform,sensor_poll,out_of_order,glitch,192
RUN-003284,irq_storm_seq,2124719116,constrained,default,0x2400,4,incremental,0.317,0.28,reg_wr,64,7,338,20,6,weighted,uniform,boot,in_order,none,384
RUN-003285,dma_burst_seq,323074304,constrained,stress,0x4900,64,walking_ones,0.615,0.38,balanced,16,1,286,16,0,fixed,uniform,boot,in_order,none,192
RUN-003286,irq_storm_seq,1354184031,constrained,stress,0x1600,64,random,0.219,0.64,reg_wr,16,36,336,17,4,fixed,sparse,dma_stream,in_order,bitflip,192
RUN-003287,reg_sweep_seq,1859128065,constrained,default,0x5600,16,all_ones,0.331,0.35,reg_rd,128,22,304,20,3,fixed,ping_pong,dma_stream,in_order,bitflip,96
RUN-003288,reg_sweep_seq,2139968330,constrained,default,0x5500,4,random,0.404,0.74,reg_rd,128,3,225,28,0,weighted,burst_hotspot,console,in_order,none,96
RUN-003289,irq_storm_seq,771135886,constrained,corner,0xc500,64,walking_ones,0.33,0.23,reg_rd,64,38,108,7,2,fixed,sparse,sensor_poll,in_order,bitflip,192
RUN-003290,reg_sweep_seq,202376485,constrained,default,0x4f00,4,incremental,0.056,0.62,reg_rd,16,24,290,5,5,fixed,uniform,sensor_poll,in_order,bitflip,192
RUN-003291,irq_storm_seq,719324540,constrained,stress,0x0600,16,random,0.212,0.26,balanced,128,17,345,21,7,weighted,burst_hotspot,console,in_order,none,48
RUN-003292,reset_recovery_seq,968133287,directed,default,0x9800,64,random,0.165,0.36,reg_rd,8,3,320,6,10,weighted,burst_hotspot,console,in_order,none,384
RUN-003293,uart_loopback_seq,565896819,constrained,default,0xf500,16,all_ones,0.752,0.58,reg_rd,64,9,49,29,0,fixed,burst_hotspot,dma_stream,out_of_order,glitch,192
RUN-003294,uart_loopback_seq,1044788679,constrained,default,0x4300,16,random,0.079,0.31,balanced,64,26,376,25,5,fixed,burst_hotspot,sensor_poll,in_order,none,192
RUN-003295,reg_sweep_seq,1550825253,constrained,stress,0x3e00,4,incremental,0.59,0.62,reg_wr,16,19,353,5,7,weighted,uniform,sensor_poll,out_of_order,none,192
RUN-003296,dma_burst_seq,230955306,constrained,default,0x8d00,16,random,0.55,0.22,balanced,16,29,221,29,10,fixed,sparse,dma_stream,in_order,glitch,192
RUN-003297,reset_recovery_seq,755609482,full_random,default,0x6500,16,walking_ones,0.339,0.6,reg_rd,128,7,389,2,7,fixed,ping_pong,boot,in_order,bitflip,384
RUN-003298,dma_burst_seq,63490241,constrained,stress,0x8f00,16,all_ones,0.07,0.62,reg_wr,128,9,232,0,10,fixed,uniform,console,in_order,glitch,384
RUN-003299,reg_sweep_seq,1954983939,constrained,default,0xbc00,64,incremental,0.404,0.74,reg_wr,64,23,370,19,4,weighted,sparse,sensor_poll,out_of_order,none,384
RUN-003300,parity_stress_seq,385465096,constrained,corner,0x1600,16,random,0.279,0.46,reg_rd,128,21,107,31,1,weighted,sparse,boot,in_order,none,768
RUN-003301,backpressure_seq,2009245768,constrained,stress,0x8600,4,all_ones,0.019,0.8,balanced,16,3,366,5,6,weighted,sparse,sensor_poll,out_of_order,none,384
RUN-003302,reg_sweep_seq,1071681382,constrained,default,0xe400,64,random,0.072,0.76,balanced,64,22,272,19,1,weighted,burst_hotspot,console,in_order,none,96
RUN-003303,reset_recovery_seq,189928045,directed,corner,0x0500,4,walking_ones,0.694,0.48,reg_wr,16,14,30,24,9,fixed,ping_pong,console,out_of_order,none,192
RUN-003304,dma_burst_seq,840986852,constrained,default,0xd500,16,random,0.346,0.27,reg_rd,64,18,166,31,6,weighted,ping_pong,console,in_order,none,768
RUN-003305,parity_stress_seq,1123732873,constrained,corner,0xa300,16,random,0.577,0.53,balanced,128,34,50,26,1,fixed,burst_hotspot,sensor_poll,in_order,none,96
RUN-003306,irq_storm_seq,1683910469,constrained,corner,0x8e00,4,incremental,0.158,0.8,reg_rd,64,2,93,4,5,fixed,uniform,sensor_poll,in_order,bitflip,192
RUN-003307,backpressure_seq,1456326983,full_random,stress,0x8f00,16,walking_ones,0.478,0.46,reg_wr,64,22,255,26,2,weighted,burst_hotspot,sensor_poll,in_order,none,192
RUN-003308,backpressure_seq,1377363340,constrained,default,0x0600,64,random,0.501,0.33,reg_wr,8,29,393,2,1,weighted,burst_hotspot,console,in_order,glitch,768
RUN-003309,uart_loopback_seq,1721552368,full_random,default,0x4300,4,walking_ones,0.327,0.27,reg_rd,8,16,375,4,2,fixed,burst_hotspot,console,in_order,none,768
RUN-003310,backpressure_seq,698406121,constrained,default,0xd300,16,random,0.902,0.34,balanced,8,9,21,0,3,fixed,uniform,sensor_poll,in_order,glitch,384
RUN-003311,uart_loopback_seq,1915430334,full_random,default,0x9f00,4,walking_ones,0.083,0.48,reg_wr,16,24,110,5,9,fixed,uniform,sensor_poll,out_of_order,bitflip,192
RUN-003312,reg_sweep_seq,1749028847,directed,default,0x9e00,4,incremental,0.446,0.21,balanced,64,0,380,4,9,weighted,burst_hotspot,console,out_of_order,bitflip,384
RUN-003313,backpressure_seq,547660689,constrained,default,0x4800,16,random,0.098,0.5,reg_rd,128,8,98,28,11,fixed,burst_hotspot,sensor_poll,out_of_order,bitflip,192
RUN-003314,parity_stress_seq,157790243,constrained,corner,0xab00,4,incremental,0.7,0.48,balanced,64,32,351,11,6,weighted,burst_hotspot,dma_stream,in_order,none,192
RUN-003315,uart_loopback_seq,1421843721,constrained,default,0x2600,16,incremental,0.761,0.49,balanced,8,19,121,24,8,weighted,uniform,dma_stream,in_order,bitflip,192
RUN-003316,reg_sweep_seq,179613982,full_random,default,0x1e00,16,walking_ones,0.73,0.22,reg_wr,8,8,220,26,8,weighted,uniform,console,in_order,bitflip,192
RUN-003317,reset_recovery_seq,438080598,constrained,default,0x3800,16,random,0.888,0.62,reg_rd,64,19,40,8,8,weighted,burst_hotspot,console,in_order,glitch,768
RUN-003318,reset_recovery_seq,340698801,constrained,corner,0x5500,64,random,0.157,0.4,balanced,8,16,122,23,2,fixed,sparse,dma_stream,in_order,glitch,768
RUN-003319,parity_stress_seq,1258395980,full_random,stress,0x6500,64,incremental,0.75,0.25,reg_rd,16,15,188,23,4,weighted,burst_hotspot,dma_stream,in_order,none,48
RUN-003320,irq_storm_seq,1234394761,full_random,default,0x0f00,4,random,0.491,0.49,reg_wr,128,23,258,9,11,fixed,uniform,dma_stream,in_order,none,48
RUN-003321,reg_sweep_seq,868551105,constrained,corner,0x0600,64,walking_ones,0.847,0.26,reg_rd,8,2,297,13,8,weighted,sparse,console,out_of_order,bitflip,96
RUN-003322,dma_burst_seq,1500157759,constrained,default,0x3200,16,random,0.298,0.33,balanced,64,24,414,7,9,fixed,sparse,boot,in_order,none,192
RUN-003323,irq_storm_seq,1256443893,constrained,default,0x0600,4,incremental,0.238,0.66,reg_wr,8,24,165,11,1,weighted,uniform,dma_stream,in_order,none,768
RUN-003324,irq_storm_seq,1417019594,constrained,corner,0xfc00,16,all_ones,0.619,0.75,reg_wr,128,1,329,10,0,fixed,sparse,console,in_order,none,384
RUN-003325,parity_stress_seq,1478804972,full_random,stress,0x9100,16,walking_ones,0.22,0.41,reg_rd,8,30,315,0,8,weighted,uniform,sensor_poll,in_order,bitflip,384
RUN-003326,uart_loopback_seq,616150646,constrained,default,0xfc00,16,walking_ones,0.454,0.72,reg_rd,8,24,194,27,6,fixed,uniform,boot,in_order,none,768
RUN-003327,irq_storm_seq,2094226948,constrained,corner,0x2700,16,random,0.346,0.45,reg_wr,8,2,280,31,2,weighted,uniform,sensor_poll,in_order,none,96
RUN-003328,uart_loopback_seq,1000523979,constrained,default,0x1300,4,random,0.223,0.74,reg_rd,16,1,53,31,7,fixed,burst_hotspot,console,in_order,none,96
RUN-003329,uart_loopback_seq,2020691833,constrained,default,0xb400,4,incremental,0.458,0.8,reg_rd,16,7,50,17,2,weighted,uniform,dma_stream,in_order,none,384
RUN-003330,backpressure_seq,1069433388,constrained,default,0x4700,4,walking_ones,0.464,0.74,reg_rd,8,5,119,2,3,fixed,ping_pong,boot,in_order,bitflip,48
RUN-003331,backpressure_seq,1978744506,constrained,default,0x8c00,4,all_ones,0.875,0.67,reg_wr,16,3,74,16,1,fixed,sparse,console,in_order,none,96
RUN-003332,uart_loopback_seq,2047601569,full_random,stress,0xb100,4,walking_ones,0.332,0.43,reg_rd,16,20,378,10,8,weighted,burst_hotspot,sensor_poll,in_order,none,96
RUN-003333,reg_sweep_seq,1263846433,constrained,stress,0x3200,16,random,0.486,0.63,reg_wr,8,7,29,15,5,weighted,uniform,console,in_order,none,192
RUN-003334,reg_sweep_seq,1442278654,full_random,corner,0xf000,4,random,0.605,0.53,balanced,16,24,329,26,9,weighted,sparse,dma_stream,in_order,none,384
RUN-003335,dma_burst_seq,1906313375,constrained,stress,0xbc00,64,random,0.888,0.35,balanced,128,5,43,10,2,fixed,sparse,dma_stream,in_order,none,384
RUN-003336,uart_loopback_seq,97405954,full_random,stress,0xbe00,16,incremental,0.754,0.37,reg_rd,64,29,56,20,11,weighted,uniform,sensor_poll,in_order,none,96
RUN-003337,backpressure_seq,942282858,constrained,default,0xc000,4,incremental,0.398,0.58,reg_rd,8,1,222,19,2,fixed,burst_hotspot,sensor_poll,in_order,none,96
RUN-003338,backpressure_seq,155647272,directed,stress,0x5600,64,all_ones,0.357,0.26,reg_rd,16,36,98,6,2,weighted,sparse,sensor_poll,in_order,none,192
RUN-003339,dma_burst_seq,296385706,directed,corner,0x7c00,16,all_ones,0.332,0.77,reg_wr,8,24,252,26,8,fixed,sparse,dma_stream,in_order,bitflip,384
RUN-003340,dma_burst_seq,1000524745,full_random,default,0x2500,4,random,0.339,0.66,reg_rd,64,8,72,0,11,weighted,uniform,dma_stream,in_order,none,384
RUN-003341,backpressure_seq,1616069046,directed,default,0x1e00,16,all_ones,0.106,0.35,reg_rd,16,22,415,17,0,weighted,sparse,sensor_poll,in_order,none,768
RUN-003342,backpressure_seq,99754644,constrained,default,0xf300,16,incremental,0.252,0.44,reg_rd,64,31,109,6,7,weighted,uniform,console,in_order,none,192
RUN-003343,backpressure_seq,83452741,constrained,corner,0x4300,16,walking_ones,0.365,0.39,reg_wr,16,15,254,4,10,fixed,burst_hotspot,console,out_of_order,none,192
RUN-003344,backpressure_seq,1785737959,constrained,default,0xf100,4,random,0.653,0.63,reg_wr,64,0,210,17,5,weighted,burst_hotspot,console,in_order,none,96
RUN-003345,reset_recovery_seq,584573587,constrained,stress,0x0c00,4,walking_ones,0.703,0.56,balanced,16,31,224,6,8,weighted,uniform,dma_stream,out_of_order,none,48
RUN-003346,reg_sweep_seq,1392766722,full_random,stress,0x6100,4,random,0.243,0.47,reg_wr,8,34,231,23,4,weighted,burst_hotspot,sensor_poll,in_order,bitflip,768
RUN-003347,reg_sweep_seq,1451088455,constrained,corner,0xea00,64,incremental,0.458,0.58,balanced,16,35,113,20,5,weighted,uniform,sensor_poll,in_order,glitch,192
RUN-003348,reset_recovery_seq,211776493,constrained,default,0x0400,16,walking_ones,0.235,0.67,balanced,128,35,256,10,5,fixed,burst_hotspot,dma_stream,in_order,glitch,96
RUN-003349,parity_stress_seq,1006419931,constrained,stress,0x3300,4,random,0.292,0.71,balanced,8,28,85,19,5,fixed,burst_hotspot,dma_stream,in_order,none,48
RUN-003350,reg_sweep_seq,335841803,constrained,corner,0xb900,16,all_ones,0.582,0.33,reg_rd,16,8,384,7,3,fixed,burst_hotspot,dma_stream,in_order,none,192
RUN-003351,reg_sweep_seq,1004191960,constrained,default,0xe300,16,walking_ones,0.316,0.36,balanced,64,14,353,0,6,fixed,burst_hotspot,sensor_poll,out_of_order,none,384
RUN-003352,irq_storm_seq,787765007,constrained,default,0xe000,16,random,0.709,0.59,reg_wr,8,16,85,1,4,fixed,sparse,sensor_poll,in_order,none,384
RUN-003353,irq_storm_seq,457372814,constrained,default,0x3000,16,incremental,0.26,0.73,reg_wr,16,20,227,29,4,weighted,uniform,console,in_order,none,48
RUN-003354,reset_recovery_seq,1541193454,constrained,default,0xc600,4,incremental,0.376,0.48,balanced,16,26,91,28,5,weighted,uniform,dma_stream,in_order,glitch,48
RUN-003355,reset_recovery_seq,1960673584,constrained,corner,0x6200,16,walking_ones,0.768,0.39,reg_wr,16,32,340,17,10,fixed,sparse,boot,in_order,none,192
RUN-003356,backpressure_seq,9284273,constrained,default,0x2000,4,incremental,0.379,0.22,reg_rd,16,5,380,31,6,weighted,sparse,console,out_of_order,bitflip,384
RUN-003357,dma_burst_seq,1809872424,constrained,default,0x6300,64,random,0.511,0.58,balanced,8,21,54,24,8,weighted,burst_hotspot,boot,in_order,bitflip,192
RUN-003358,irq_storm_seq,1786284050,constrained,default,0x8500,4,random,0.149,0.39,balanced,16,2,225,8,8,weighted,uniform,console,out_of_order,none,192
RUN-003359,reg_sweep_seq,1261666648,constrained,corner,0x3900,64,incremental,0.203,0.29,reg_rd,16,32,195,26,4,weighted,burst_hotspot,dma_stream,in_order,none,384
RUN-003360,parity_stress_seq,715155576,full_random,default,0x8000,16,random,0.414,0.74,balanced,8,33,213,23,0,fixed,sparse,dma_stream,out_of_order,glitch,384
RUN-003361,uart_loopback_seq,1349347577,constrained,corner,0x2a00,4,incremental,0.738,0.48,balanced,8,12,347,12,8,fixed,uniform,sensor_poll,out_of_order,none,96
RUN-003362,reset_recovery_seq,701159473,constrained,corner,0x6d00,4,incremental,0.878,0.33,balanced,8,38,153,16,11,fixed,uniform,boot,in_order,none,384
RUN-003363,reg_sweep_seq,126114460,constrained,corner,0x0600,16,walking_ones,0.451,0.27,reg_wr,64,8,332,17,1,fixed,sparse,sensor_poll,in_order,none,384
RUN-003364,reg_sweep_seq,2004565184,full_random,default,0x6800,16,incremental,0.281,0.61,reg_wr,8,4,215,7,11,fixed,uniform,boot,in_order,none,48
RUN-003365,backpressure_seq,1804436461,constrained,stress,0x8800,4,walking_ones,0.369,0.76,balanced,8,6,236,5,2,weighted,burst_hotspot,sensor_poll,in_order,none,192
RUN-003366,dma_burst_seq,539412296,constrained,default,0xbd00,4,incremental,0.726,0.78,reg_rd,8,28,52,22,4,fixed,sparse,boot,in_order,none,96
RUN-003367,uart_loopback_seq,1779675041,constrained,default,0xa800,16,incremental,0.381,0.53,reg_rd,64,12,188,8,11,fixed,ping_pong,dma_stream,out_of_order,glitch,384
RUN-003368,uart_loopback_seq,527820089,full_random,corner,0x6600,16,random,0.793,0.49,balanced,8,27,174,18,11,weighted,uniform,sensor_poll,in_order,none,48
RUN-003369,reset_recovery_seq,1469757122,constrained,default,0x1300,16,random,0.86,0.72,reg_wr,8,14,234,28,8,fixed,sparse,console,in_order,glitch,48
RUN-003370,reset_recovery_seq,1907384014,directed,default,0x8b00,16,random,0.335,0.44,reg_rd,8,18,60,12,5,fixed,burst_hotspot,console,in_order,bitflip,96
RUN-003371,parity_stress_seq,955927995,constrained,stress,0x5b00,16,random,0.488,0.71,reg_rd,128,14,337,15,0,fixed,uniform,console,in_order,none,48
RUN-003372,uart_loopback_seq,1575165530,constrained,corner,0x1500,4,all_ones,0.706,0.76,reg_rd,128,17,208,18,11,weighted,sparse,dma_stream,out_of_order,none,192
RUN-003373,backpressure_seq,534055684,constrained,default,0xc700,64,random,0.664,0.8,balanced,8,16,147,29,1,weighted,burst_hotspot,console,out_of_order,none,96
RUN-003374,uart_loopback_seq,532176453,constrained,corner,0x5300,16,random,0.76,0.36,reg_rd,8,8,324,25,4,weighted,uniform,boot,in_order,bitflip,96
RUN-003375,backpressure_seq,1300085912,constrained,stress,0x4700,64,all_ones,0.2,0.5,reg_wr,64,37,107,18,6,weighted,burst_hotspot,boot,in_order,bitflip,384
RUN-003376,dma_burst_seq,1034544176,constrained,stress,0xc300,64,walking_ones,0.533,0.5,reg_wr,8,24,217,6,8,weighted,ping_pong,console,in_order,bitflip,96
RUN-003377,reset_recovery_seq,2064639424,constrained,default,0x6c00,16,random,0.51,0.46,reg_wr,128,13,69,27,3,fixed,burst_hotspot,dma_stream,out_of_order,none,192
RUN-003378,irq_storm_seq,1813757750,constrained,default,0x9f00,4,incremental,0.715,0.38,balanced,8,22,129,24,11,weighted,ping_pong,console,in_order,none,192
RUN-003379,reset_recovery_seq,1701934137,constrained,corner,0x7100,64,walking_ones,0.241,0.36,balanced,128,23,162,14,0,weighted,uniform,sensor_poll,in_order,none,96
RUN-003380,irq_storm_seq,821712900,full_random,default,0xa700,16,random,0.846,0.46,reg_rd,128,10,332,0,11,fixed,uniform,console,in_order,none,384
RUN-003381,reset_recovery_seq,1392764208,full_random,default,0x0700,4,all_ones,0.713,0.27,balanced,16,25,345,14,0,fixed,uniform,boot,out_of_order,glitch,48
RUN-003382,irq_storm_seq,1164956810,constrained,corner,0x3800,64,all_ones,0.829,0.71,balanced,128,13,288,8,4,fixed,ping_pong,sensor_poll,in_order,bitflip,96
RUN-003383,reg_sweep_seq,748711358,full_random,corner,0x6500,16,random,0.257,0.69,balanced,16,10,67,16,0,weighted,uniform,boot,out_of_order,none,48
RUN-003384,reset_recovery_seq,1158440530,full_random,default,0x4e00,64,random,0.667,0.51,reg_wr,16,23,112,11,7,fixed,burst_hotspot,sensor_poll,in_order,none,192
RUN-003385,reset_recovery_seq,1137035531,constrained,default,0x4c00,64,all_ones,0.238,0.34,balanced,8,33,227,16,5,fixed,uniform,console,out_of_order,none,192
RUN-003386,dma_burst_seq,907142276,constrained,stress,0x0200,4,all_ones,0.073,0.79,reg_rd,64,25,236,11,0,weighted,sparse,sensor_poll,out_of_order,none,192
RUN-003387,irq_storm_seq,2120847724,constrained,default,0x6e00,16,incremental,0.648,0.71,balanced,64,32,385,24,9,fixed,sparse,console,in_order,none,96
RUN-003388,uart_loopback_seq,836193916,full_random,default,0x3100,16,walking_ones,0.377,0.36,reg_rd,64,20,382,15,2,weighted,sparse,dma_stream,out_of_order,bitflip,384
RUN-003389,reg_sweep_seq,1755154783,directed,default,0x1f00,64,random,0.409,0.54,reg_rd,128,6,294,24,8,fixed,uniform,sensor_poll,in_order,none,96
RUN-003390,reset_recovery_seq,944661536,constrained,corner,0x6a00,64,random,0.46,0.47,balanced,128,23,326,4,8,weighted,uniform,dma_stream,in_order,none,48
RUN-003391,reset_recovery_seq,374344345,full_random,stress,0xd300,16,walking_ones,0.439,0.78,reg_rd,16,12,204,16,1,weighted,uniform,console,in_order,none,192
RUN-003392,dma_burst_seq,1513372888,full_random,corner,0x3200,16,walking_ones,0.067,0.78,reg_rd,128,0,297,14,4,fixed,burst_hotspot,dma_stream,in_order,bitflip,48
RUN-003393,backpressure_seq,302680338,full_random,default,0x0800,64,walking_ones,0.778,0.51,reg_wr,16,7,282,17,10,fixed,sparse,dma_stream,in_order,none,384
RUN-003394,reset_recovery_seq,1796587692,full_random,default,0x2800,64,walking_ones,0.326,0.62,reg_wr,16,28,106,19,1,weighted,ping_pong,boot,out_of_order,bitflip,384
RUN-003395,reg_sweep_seq,2030409998,constrained,corner,0x4200,4,walking_ones,0.137,0.3,balanced,128,28,195,28,2,fixed,burst_hotspot,boot,in_order,bitflip,96
RUN-003396,uart_loopback_seq,880546665,constrained,corner,0x1900,64,random,0.598,0.63,reg_rd,8,20,361,4,7,weighted,sparse,console,in_order,glitch,384
RUN-003397,dma_burst_seq,799630527,directed,default,0x9200,4,all_ones,0.501,0.65,balanced,16,13,289,0,0,fixed,uniform,boot,out_of_order,glitch,48
RUN-003398,reg_sweep_seq,1370392050,constrained,stress,0xad00,4,walking_ones,0.835,0.64,reg_wr,8,12,169,3,4,weighted,sparse,boot,in_order,bitflip,768
RUN-003399,dma_burst_seq,1222395855,directed,default,0xb700,16,random,0.46,0.65,balanced,128,27,99,13,4,weighted,uniform,dma_stream,out_of_order,none,768
RUN-003400,uart_loopback_seq,104370247,full_random,corner,0x2f00,16,random,0.523,0.55,balanced,8,30,233,17,8,weighted,burst_hotspot,console,in_order,none,96
RUN-003401,backpressure_seq,121795084,directed,corner,0x5800,64,random,0.827,0.36,reg_rd,16,5,308,13,3,fixed,uniform,sensor_poll,in_order,none,192
RUN-003402,reg_sweep_seq,1810520903,constrained,default,0xf300,16,random,0.118,0.25,reg_wr,16,16,312,29,1,weighted,burst_hotspot,console,in_order,glitch,192
RUN-003403,dma_burst_seq,1435561076,constrained,stress,0xe600,64,random,0.217,0.41,balanced,128,21,96,11,3,weighted,sparse,dma_stream,in_order,bitflip,192
RUN-003404,dma_burst_seq,142800853,constrained,corner,0x4f00,16,random,0.092,0.75,reg_rd,128,31,331,10,1,fixed,uniform,dma_stream,in_order,glitch,384
RUN-003405,dma_burst_seq,168430213,full_random,default,0x6a00,64,all_ones,0.341,0.73,balanced,16,15,391,5,6,weighted,sparse,dma_stream,out_of_order,none,384
RUN-003406,reset_recovery_seq,1530227392,constrained,corner,0x0300,64,walking_ones,0.337,0.34,reg_wr,64,2,91,5,7,fixed,sparse,boot,out_of_order,none,96
RUN-003407,dma_burst_seq,1959851872,constrained,stress,0xbd00,64,incremental,0.302,0.54,reg_wr,128,19,405,5,10,fixed,uniform,dma_stream,in_order,glitch,768
RUN-003408,irq_storm_seq,972028576,constrained,default,0x2a00,16,random,0.671,0.42,reg_rd,8,1,313,10,4,fixed,sparse,sensor_poll,in_order,glitch,192
RUN-003409,uart_loopback_seq,1613755531,constrained,default,0xd000,16,walking_ones,0.394,0.76,reg_rd,64,19,172,19,5,fixed,uniform,boot,in_order,none,96
RUN-003410,reset_recovery_seq,1340451451,constrained,default,0x9f00,4,all_ones,0.32,0.45,reg_rd,8,25,127,11,11,weighted,ping_pong,sensor_poll,in_order,none,48
RUN-003411,irq_storm_seq,555283175,constrained,default,0x2900,4,random,0.607,0.44,balanced,16,17,143,22,10,fixed,sparse,boot,in_order,glitch,96
RUN-003412,reset_recovery_seq,174317158,full_random,default,0x2f00,4,walking_ones,0.446,0.35,balanced,8,10,237,10,1,fixed,uniform,dma_stream,in_order,bitflip,192
RUN-003413,reg_sweep_seq,13552979,directed,corner,0x6d00,64,walking_ones,0.691,0.68,reg_rd,8,26,122,24,2,fixed,uniform,dma_stream,out_of_order,bitflip,384
RUN-003414,irq_storm_seq,1958600505,constrained,corner,0x1800,16,incremental,0.59,0.51,balanced,64,1,174,7,1,fixed,ping_pong,dma_stream,in_order,none,192
RUN-003415,irq_storm_seq,1738692079,full_random,corner,0xb400,64,walking_ones,0.225,0.6,reg_rd,8,33,266,25,4,fixed,sparse,dma_stream,in_order,bitflip,48
RUN-003416,reset_recovery_seq,987166754,full_random,stress,0x4500,4,random,0.393,0.53,reg_rd,8,20,230,25,9,fixed,uniform,dma_stream,in_order,glitch,48
RUN-003417,reg_sweep_seq,644131460,constrained,default,0x6200,16,random,0.541,0.61,reg_wr,64,27,351,29,11,fixed,burst_hotspot,console,in_order,bitflip,192
RUN-003418,dma_burst_seq,1913347778,constrained,corner,0x7800,4,all_ones,0.501,0.78,reg_wr,8,0,392,4,3,fixed,burst_hotspot,sensor_poll,in_order,none,96
RUN-003419,reset_recovery_seq,2007905659,constrained,corner,0x0700,4,random,0.682,0.36,balanced,64,0,393,12,3,fixed,uniform,sensor_poll,in_order,glitch,384
RUN-003420,parity_stress_seq,1253531436,constrained,default,0x8000,4,random,0.563,0.57,reg_wr,16,22,292,24,4,fixed,uniform,boot,in_order,none,768
RUN-003421,reg_sweep_seq,1897301932,full_random,default,0x8f00,16,random,0.206,0.77,reg_wr,16,10,277,31,7,weighted,uniform,dma_stream,in_order,bitflip,192
RUN-003422,reg_sweep_seq,701409089,constrained,default,0xd900,4,walking_ones,0.14,0.73,reg_rd,128,4,258,2,0,fixed,uniform,dma_stream,in_order,bitflip,192
RUN-003423,dma_burst_seq,387111623,constrained,default,0x7900,16,incremental,0.103,0.51,balanced,16,0,318,0,10,weighted,burst_hotspot,sensor_poll,out_of_order,none,384
RUN-003424,reg_sweep_seq,1778030940,constrained,default,0x9100,64,walking_ones,0.32,0.23,reg_wr,128,2,351,27,3,weighted,burst_hotspot,dma_stream,out_of_order,none,192
RUN-003425,parity_stress_seq,863576420,full_random,default,0x8800,16,random,0.707,0.33,reg_rd,16,11,389,31,0,fixed,uniform,dma_stream,in_order,glitch,96
RUN-003426,dma_burst_seq,788342897,full_random,default,0xcb00,64,incremental,0.363,0.24,reg_rd,8,34,388,13,3,fixed,ping_pong,boot,in_order,none,192
RUN-003427,parity_stress_seq,1158402258,constrained,corner,0x8200,16,walking_ones,0.455,0.47,balanced,16,10,208,15,9,fixed,ping_pong,boot,in_order,none,384
RUN-003428,reset_recovery_seq,300084846,constrained,stress,0x7100,64,random,0.328,0.74,balanced,8,31,232,2,2,fixed,uniform,console,in_order,none,96
RUN-003429,irq_storm_seq,1668570617,constrained,corner,0xf000,16,incremental,0.541,0.5,reg_wr,128,17,242,21,5,fixed,uniform,console,in_order,none,192
RUN-003430,parity_stress_seq,1675886468,constrained,default,0x8a00,4,incremental,0.573,0.26,balanced,64,22,327,26,9,fixed,uniform,sensor_poll,in_order,none,384
RUN-003431,uart_loopback_seq,823595431,constrained,corner,0xc800,4,all_ones,0.531,0.41,reg_wr,128,35,407,28,8,fixed,uniform,console,in_order,none,192
RUN-003432,dma_burst_seq,2101811992,constrained,default,0x2500,4,incremental,0.15,0.7,balanced,128,31,156,15,6,fixed,burst_hotspot,console,in_order,glitch,768
RUN-003433,parity_stress_seq,1034856893,constrained,stress,0xa800,64,random,0.802,0.34,reg_rd,128,11,127,19,8,fixed,burst_hotspot,sensor_poll,out_of_order,bitflip,96
RUN-003434,reg_sweep_seq,909462562,constrained,default,0x7b00,16,incremental,0.507,0.23,reg_rd,128,23,350,1,8,weighted,sparse,sensor_poll,in_order,glitch,768
RUN-003435,irq_storm_seq,1406544580,directed,default,0xc800,4,random,0.592,0.29,balanced,8,32,360,2,7,weighted,uniform,sensor_poll,in_order,none,384
RUN-003436,uart_loopback_seq,1766661853,constrained,default,0xf500,16,incremental,0.768,0.29,balanced,64,3,78,13,0,weighted,uniform,console,in_order,none,384
RUN-003437,uart_loopback_seq,722643554,constrained,default,0xa500,64,random,0.023,0.7,reg_rd,128,34,366,4,4,weighted,uniform,sensor_poll,out_of_order,none,384
RUN-003438,reset_recovery_seq,1287842328,constrained,default,0xd700,4,random,0.511,0.37,balanced,64,14,170,31,1,weighted,uniform,console,in_order,none,96
RUN-003439,reg_sweep_seq,1496278352,constrained,corner,0xe900,16,incremental,0.073,0.4,reg_rd,16,11,318,9,6,fixed,uniform,sensor_poll,in_order,none,96
RUN-003440,reg_sweep_seq,1614659730,full_random,default,0xae00,64,walking_ones,0.876,0.75,reg_rd,16,14,109,20,7,fixed,sparse,sensor_poll,out_of_order,bitflip,192
RUN-003441,reg_sweep_seq,1652175972,constrained,default,0x5000,16,random,0.203,0.75,balanced,8,11,391,13,2,weighted,ping_pong,boot,in_order,none,96
RUN-003442,reg_sweep_seq,1196951749,full_random,stress,0x1800,4,walking_ones,0.6,0.32,balanced,8,22,420,31,9,fixed,uniform,boot,out_of_order,bitflip,192
RUN-003443,irq_storm_seq,673663785,directed,stress,0x2b00,16,all_ones,0.68,0.48,reg_wr,16,27,411,18,10,fixed,burst_hotspot,console,in_order,none,192
RUN-003444,dma_burst_seq,753871958,constrained,default,0x6100,64,random,0.732,0.44,reg_rd,8,22,59,31,1,weighted,ping_pong,console,in_order,none,384
RUN-003445,reg_sweep_seq,1979352029,full_random,default,0x8b00,16,walking_ones,0.099,0.47,balanced,16,15,408,27,1,fixed,ping_pong,sensor_poll,out_of_order,none,384
RUN-003446,backpressure_seq,1957449217,constrained,stress,0x6b00,16,incremental,0.137,0.5,balanced,64,2,323,21,6,fixed,uniform,dma_stream,in_order,none,384
RUN-003447,uart_loopback_seq,1089680142,constrained,stress,0xcf00,16,walking_ones,0.184,0.51,reg_rd,8,1,318,21,4,fixed,burst_hotspot,boot,out_of_order,bitflip,96
RUN-003448,backpressure_seq,2027554221,full_random,stress,0x9e00,16,random,0.549,0.64,balanced,128,22,112,25,11,fixed,burst_hotspot,dma_stream,in_order,none,768
RUN-003449,irq_storm_seq,2008230443,constrained,default,0x5a00,64,incremental,0.495,0.37,reg_rd,8,7,229,29,4,weighted,ping_pong,console,out_of_order,none,384
RUN-003450,irq_storm_seq,1979355175,full_random,default,0x0f00,16,incremental,0.222,0.46,balanced,8,33,122,28,11,weighted,burst_hotspot,sensor_poll,in_order,glitch,192
RUN-003451,dma_burst_seq,299547356,constrained,default,0x4000,4,random,0.698,0.31,reg_wr,8,19,408,8,1,weighted,uniform,boot,in_order,none,192
RUN-003452,reset_recovery_seq,410922187,constrained,default,0x2900,4,walking_ones,0.28,0.77,reg_rd,16,36,77,14,11,fixed,sparse,console,out_of_order,none,768
RUN-003453,backpressure_seq,912353642,constrained,default,0x8a00,4,random,0.084,0.76,balanced,8,1,276,10,6,fixed,uniform,dma_stream,in_order,bitflip,192
RUN-003454,reg_sweep_seq,127803839,constrained,default,0xca00,16,incremental,0.403,0.57,reg_wr,8,8,185,26,5,fixed,uniform,sensor_poll,in_order,bitflip,384
RUN-003455,irq_storm_seq,517156866,constrained,default,0x9500,64,all_ones,0.119,0.7,balanced,8,28,70,23,6,weighted,sparse,sensor_poll,out_of_order,bitflip,384
RUN-003456,backpressure_seq,817535659,constrained,corner,0x0500,4,incremental,0.591,0.2,reg_wr,16,7,358,4,1,fixed,ping_pong,dma_stream,in_order,glitch,48
RUN-003457,dma_burst_seq,2010537069,constrained,stress,0x3300,4,random,0.321,0.36,reg_rd,128,33,250,5,9,weighted,ping_pong,dma_stream,in_order,bitflip,192
RUN-003458,dma_burst_seq,1635404247,constrained,default,0x4b00,4,all_ones,0.31,0.7,reg_wr,16,36,98,4,10,fixed,sparse,boot,in_order,none,768
RUN-003459,reg_sweep_seq,251838445,constrained,corner,0x7600,64,random,0.771,0.41,reg_rd,16,25,271,12,3,weighted,burst_hotspot,console,in_order,none,768
RUN-003460,reg_sweep_seq,1480591799,constrained,corner,0xa400,16,random,0.55,0.75,reg_wr,16,20,183,3,6,weighted,uniform,console,in_order,none,192
RUN-003461,uart_loopback_seq,983648043,constrained,default,0x6200,16,random,0.661,0.61,reg_wr,64,4,337,29,3,weighted,ping_pong,boot,in_order,bitflip,384
RUN-003462,parity_stress_seq,560901221,full_random,corner,0xb000,16,random,0.575,0.2,reg_wr,8,28,59,0,0,weighted,sparse,console,in_order,none,384
RUN-003463,reg_sweep_seq,1345841118,full_random,corner,0x9400,16,random,0.79,0.57,balanced,64,38,413,7,8,fixed,uniform,sensor_poll,in_order,bitflip,192
RUN-003464,dma_burst_seq,1939016966,full_random,stress,0x5000,16,all_ones,0.113,0.78,reg_wr,8,23,75,15,0,weighted,burst_hotspot,dma_stream,in_order,none,192
RUN-003465,uart_loopback_seq,1148153033,constrained,default,0xc900,64,all_ones,0.417,0.56,reg_wr,16,3,372,13,2,weighted,ping_pong,dma_stream,out_of_order,none,768
RUN-003466,reg_sweep_seq,2040121581,constrained,default,0xd500,4,all_ones,0.186,0.43,balanced,64,32,185,13,7,weighted,uniform,console,in_order,none,96
RUN-003467,dma_burst_seq,1740344625,directed,stress,0x6600,16,random,0.952,0.45,reg_wr,16,18,34,1,1,fixed,uniform,dma_stream,in_order,bitflip,96
RUN-003468,reg_sweep_seq,85158370,full_random,default,0x3c00,64,all_ones,0.525,0.64,balanced,128,15,138,2,3,fixed,burst_hotspot,console,out_of_order,none,192
RUN-003469,reg_sweep_seq,146646652,directed,corner,0xa100,4,all_ones,0.367,0.75,reg_rd,128,16,386,13,10,weighted,burst_hotspot,dma_stream,out_of_order,none,192
RUN-003470,dma_burst_seq,1127949088,constrained,corner,0xfe00,16,random,0.287,0.22,balanced,16,13,248,22,5,fixed,ping_pong,boot,in_order,bitflip,48
RUN-003471,dma_burst_seq,950992677,constrained,stress,0x1100,4,walking_ones,0.154,0.61,reg_wr,8,12,182,22,9,weighted,burst_hotspot,console,in_order,bitflip,192
RUN-003472,reg_sweep_seq,2058733257,full_random,default,0x0600,64,walking_ones,0.162,0.2,reg_rd,16,3,258,17,0,fixed,burst_hotspot,boot,in_order,bitflip,48
RUN-003473,backpressure_seq,1533703930,constrained,stress,0xdd00,4,random,0.042,0.39,reg_rd,16,33,132,26,0,weighted,uniform,boot,in_order,bitflip,48
RUN-003474,uart_loopback_seq,1490088464,full_random,default,0x3700,4,random,0.442,0.29,balanced,64,35,156,9,3,weighted,sparse,sensor_poll,in_order,bitflip,768
RUN-003475,reg_sweep_seq,1775766575,full_random,default,0x5300,4,random,0.282,0.62,reg_wr,128,19,272,14,11,fixed,sparse,dma_stream,out_of_order,none,192
RUN-003476,backpressure_seq,1681709451,full_random,corner,0x5600,4,walking_ones,0.921,0.24,reg_wr,16,11,243,16,6,weighted,uniform,console,in_order,glitch,96
RUN-003477,irq_storm_seq,1457057677,constrained,stress,0xad00,16,random,0.461,0.44,reg_rd,64,2,91,20,2,weighted,uniform,console,in_order,none,384
RUN-003478,reg_sweep_seq,434203156,full_random,corner,0x2900,4,random,0.537,0.34,balanced,16,18,339,14,4,weighted,uniform,sensor_poll,in_order,none,48
RUN-003479,uart_loopback_seq,1630308147,constrained,default,0xf300,64,random,0.122,0.51,reg_rd,64,19,81,14,3,weighted,burst_hotspot,console,in_order,bitflip,96
RUN-003480,reset_recovery_seq,1726569576,directed,default,0x4b00,16,incremental,0.602,0.7,balanced,64,35,387,2,6,fixed,sparse,dma_stream,in_order,none,48
RUN-003481,dma_burst_seq,1451321258,constrained,corner,0x5d00,64,walking_ones,0.455,0.21,reg_wr,16,30,212,23,2,fixed,sparse,sensor_poll,in_order,none,192
RUN-003482,dma_burst_seq,1402304168,constrained,stress,0x0800,4,random,0.391,0.7,balanced,64,13,112,15,3,fixed,uniform,console,in_order,bitflip,96
RUN-003483,parity_stress_seq,1707328628,full_random,default,0x6700,16,incremental,0.191,0.39,reg_wr,16,8,172,11,4,fixed,ping_pong,dma_stream,in_order,none,384
RUN-003484,reset_recovery_seq,1995935790,constrained,stress,0xe800,16,walking_ones,0.855,0.51,reg_wr,8,6,228,9,6,weighted,uniform,boot,out_of_order,none,192
RUN-003485,backpressure_seq,12849746,constrained,default,0xbd00,16,walking_ones,0.388,0.48,balanced,8,36,160,7,6,weighted,uniform,console,in_order,none,384
RUN-003486,irq_storm_seq,898088906,directed,corner,0xbf00,64,random,0.643,0.73,balanced,64,23,271,24,1,fixed,uniform,boot,in_order,bitflip,192
RUN-003487,uart_loopback_seq,232100649,constrained,default,0xae00,4,random,0.278,0.58,balanced,64,18,240,4,2,fixed,uniform,console,in_order,glitch,384
RUN-003488,backpressure_seq,2027495295,constrained,default,0x9700,16,random,0.852,0.73,balanced,16,36,306,14,4,fixed,sparse,console,in_order,glitch,384
RUN-003489,reg_sweep_seq,1770250013,directed,corner,0xea00,64,random,0.571,0.38,reg_rd,128,17,407,20,2,weighted,sparse,sensor_poll,in_order,glitch,96
RUN-003490,reg_sweep_seq,1081979068,constrained,corner,0xc700,64,random,0.525,0.55,reg_rd,8,31,273,21,7,weighted,burst_hotspot,dma_stream,in_order,none,96
RUN-003491,dma_burst_seq,1298006030,constrained,corner,0xa300,64,incremental,0.028,0.77,balanced,64,0,173,1,2,fixed,burst_hotspot,console,in_order,none,192
RUN-003492,irq_storm_seq,324282326,constrained,default,0x3c00,64,walking_ones,0.092,0.36,reg_rd,8,25,387,6,10,fixed,burst_hotspot,console,in_order,bitflip,384
RUN-003493,uart_loopback_seq,1318032160,constrained,default,0x2900,4,walking_ones,0.117,0.55,reg_rd,16,11,169,21,3,fixed,burst_hotspot,console,in_order,none,768
RUN-003494,dma_burst_seq,456305313,constrained,default,0xfc00,64,random,0.224,0.66,reg_rd,64,34,237,6,6,fixed,burst_hotspot,dma_stream,in_order,none,384
RUN-003495,reg_sweep_seq,169300289,full_random,stress,0x5b00,64,random,0.584,0.46,balanced,8,1,202,15,6,fixed,uniform,dma_stream,in_order,bitflip,192
RUN-003496,uart_loopback_seq,290845254,constrained,default,0xbf00,64,random,0.317,0.44,reg_rd,128,35,88,6,8,fixed,ping_pong,boot,in_order,bitflip,192
RUN-003497,reg_sweep_seq,673323083,directed,default,0x1e00,4,incremental,0.255,0.45,reg_rd,16,34,151,28,0,fixed,ping_pong,console,out_of_order,none,96
RUN-003498,irq_storm_seq,685548244,directed,corner,0xde00,16,walking_ones,0.387,0.7,balanced,16,9,31,28,10,weighted,uniform,dma_stream,in_order,none,96
RUN-003499,backpressure_seq,802629121,constrained,default,0xf400,16,random,0.677,0.67,balanced,64,0,287,11,6,weighted,sparse,sensor_poll,out_of_order,none,96
RUN-003500,backpressure_seq,765106446,constrained,default,0x8800,16,walking_ones,0.752,0.25,balanced,8,16,218,26,1,fixed,uniform,sensor_poll,in_order,bitflip,96
RUN-003501,backpressure_seq,769219709,directed,default,0x8600,64,walking_ones,0.68,0.57,reg_wr,16,14,97,31,2,fixed,ping_pong,dma_stream,in_order,none,192
RUN-003502,irq_storm_seq,907043427,full_random,default,0xbf00,64,incremental,0.336,0.65,balanced,128,38,219,23,4,weighted,ping_pong,dma_stream,in_order,none,192
RUN-003503,irq_storm_seq,2001048808,full_random,default,0xd300,16,all_ones,0.753,0.33,reg_rd,16,22,253,1,4,fixed,burst_hotspot,dma_stream,out_of_order,bitflip,192
RUN-003504,uart_loopback_seq,1080809783,constrained,default,0xc000,16,all_ones,0.097,0.74,reg_rd,16,8,250,27,0,weighted,burst_hotspot,sensor_poll,out_of_order,none,192
RUN-003505,reset_recovery_seq,1862672446,constrained,corner,0x9d00,4,incremental,0.757,0.69,balanced,8,28,326,30,7,fixed,uniform,boot,in_order,bitflip,48
RUN-003506,parity_stress_seq,908301114,constrained,stress,0x9900,16,all_ones,0.315,0.37,reg_rd,16,39,339,2,1,weighted,sparse,boot,in_order,none,96
RUN-003507,uart_loopback_seq,500783122,constrained,default,0x1000,16,all_ones,0.469,0.66,reg_wr,16,17,152,23,9,fixed,uniform,dma_stream,in_order,none,192
RUN-003508,uart_loopback_seq,990342151,constrained,corner,0x5700,16,walking_ones,0.59,0.37,reg_rd,16,27,297,8,6,weighted,ping_pong,sensor_poll,in_order,bitflip,768
RUN-003509,reg_sweep_seq,936272169,full_random,stress,0xa400,16,incremental,0.387,0.26,reg_wr,16,20,95,9,8,fixed,ping_pong,dma_stream,in_order,bitflip,768
RUN-003510,uart_loopback_seq,1080868529,full_random,stress,0x2100,16,random,0.475,0.77,reg_wr,16,22,108,1,8,fixed,sparse,sensor_poll,in_order,none,96
RUN-003511,backpressure_seq,1647046402,full_random,stress,0x3b00,4,walking_ones,0.048,0.37,reg_rd,8,4,316,20,0,weighted,sparse,console,out_of_order,none,96
RUN-003512,uart_loopback_seq,1930129054,full_random,default,0x3600,4,all_ones,0.411,0.29,reg_wr,8,11,258,26,10,fixed,uniform,boot,out_of_order,none,48
RUN-003513,uart_loopback_seq,1497957020,full_random,corner,0x1900,16,random,0.615,0.66,reg_rd,128,27,97,12,3,fixed,uniform,dma_stream,in_order,none,384
RUN-003514,irq_storm_seq,1043800572,constrained,default,0x2900,4,random,0.351,0.67,balanced,8,10,338,18,2,weighted,sparse,console,out_of_order,none,768
RUN-003515,uart_loopback_seq,1514560738,constrained,stress,0x1900,4,random,0.454,0.58,reg_rd,128,29,169,25,8,fixed,uniform,console,in_order,none,192
RUN-003516,irq_storm_seq,287552526,constrained,default,0xf600,4,all_ones,0.742,0.53,balanced,64,13,302,8,1,weighted,ping_pong,console,in_order,glitch,384
RUN-003517,dma_burst_seq,127571879,full_random,default,0xf700,64,random,0.438,0.66,reg_wr,16,19,83,16,6,weighted,uniform,dma_stream,out_of_order,bitflip,384
RUN-003518,irq_storm_seq,211985419,constrained,default,0xb900,4,walking_ones,0.639,0.44,balanced,128,0,131,18,7,weighted,sparse,console,out_of_order,none,768
RUN-003519,uart_loopback_seq,109408890,constrained,corner,0x0a00,16,random,0.535,0.34,reg_wr,8,30,333,15,5,weighted,sparse,sensor_poll,in_order,none,48
RUN-003520,dma_burst_seq,488541199,constrained,default,0x8300,16,random,0.459,0.37,reg_wr,8,6,384,0,9,fixed,uniform,dma_stream,in_order,glitch,192
RUN-003521,uart_loopback_seq,1403425375,constrained,default,0x0300,16,random,0.421,0.74,reg_wr,64,38,379,24,5,weighted,sparse,sensor_poll,in_order,none,768
RUN-003522,backpressure_seq,1256961455,constrained,corner,0x7200,4,random,0.174,0.66,reg_rd,128,3,35,3,0,fixed,burst_hotspot,dma_stream,in_order,none,384
RUN-003523,reg_sweep_seq,189351823,constrained,corner,0x9700,16,random,0.273,0.52,reg_wr,64,11,311,15,1,weighted,uniform,sensor_poll,in_order,none,96
RUN-003524,reg_sweep_seq,1609603700,constrained,default,0xe600,16,random,0.817,0.72,reg_rd,8,30,106,31,7,weighted,burst_hotspot,boot,in_order,glitch,192
RUN-003525,uart_loopback_seq,476053530,full_random,corner,0x5400,64,incremental,0.816,0.47,reg_rd,8,17,180,2,0,weighted,burst_hotspot,sensor_poll,in_order,glitch,48
RUN-003526,reset_recovery_seq,1560598807,full_random,default,0xca00,16,random,0.762,0.54,reg_rd,8,27,47,13,11,weighted,burst_hotspot,dma_stream,in_order,none,384
RUN-003527,uart_loopback_seq,1312508234,constrained,corner,0xd500,4,random,0.099,0.7,reg_rd,16,4,323,25,0,fixed,ping_pong,dma_stream,in_order,none,384
RUN-003528,uart_loopback_seq,672088730,constrained,corner,0x3300,64,walking_ones,0.8,0.58,reg_rd,8,19,285,3,3,fixed,burst_hotspot,dma_stream,in_order,none,96
RUN-003529,uart_loopback_seq,531886619,full_random,corner,0x1000,64,random,0.589,0.35,balanced,64,36,311,0,5,weighted,burst_hotspot,boot,in_order,glitch,192
RUN-003530,uart_loopback_seq,998627867,constrained,corner,0x3c00,16,walking_ones,0.301,0.66,balanced,16,10,367,19,5,weighted,sparse,dma_stream,in_order,none,192
RUN-003531,backpressure_seq,221049887,constrained,corner,0xd900,16,random,0.719,0.68,reg_wr,16,5,122,31,2,weighted,uniform,sensor_poll,in_order,none,768
RUN-003532,dma_burst_seq,732328657,full_random,corner,0xa400,4,random,0.684,0.74,reg_wr,16,10,335,19,9,fixed,ping_pong,dma_stream,out_of_order,none,768
RUN-003533,irq_storm_seq,1172492537,constrained,stress,0x8400,16,all_ones,0.192,0.23,reg_wr,8,35,392,0,0,weighted,uniform,dma_stream,out_of_order,none,96
RUN-003534,parity_stress_seq,1286316600,constrained,default,0x9100,4,random,0.277,0.37,balanced,8,9,351,6,7,fixed,uniform,console,in_order,none,96
RUN-003535,reset_recovery_seq,2091766577,constrained,stress,0x6300,4,random,0.125,0.24,reg_rd,64,3,295,29,6,fixed,uniform,boot,in_order,bitflip,48
RUN-003536,irq_storm_seq,8757874,full_random,default,0x9100,16,incremental,0.449,0.52,balanced,8,19,359,26,11,fixed,sparse,sensor_poll,in_order,none,96
RUN-003537,parity_stress_seq,1007780245,full_random,default,0x8b00,16,walking_ones,0.322,0.36,reg_wr,64,3,359,12,1,fixed,sparse,dma_stream,in_order,none,384
RUN-003538,dma_burst_seq,586649090,full_random,stress,0xfd00,4,all_ones,0.223,0.2,balanced,16,21,309,11,11,weighted,sparse,sensor_poll,in_order,none,768
RUN-003539,backpressure_seq,1905675325,constrained,stress,0x8500,16,walking_ones,0.522,0.34,reg_rd,8,25,131,31,4,fixed,uniform,boot,in_order,none,384
RUN-003540,dma_burst_seq,875191905,constrained,stress,0x6200,4,all_ones,0.074,0.45,reg_rd,128,28,212,1,1,weighted,sparse,boot,out_of_order,none,768
RUN-003541,dma_burst_seq,391507384,constrained,default,0xc800,4,walking_ones,0.494,0.72,reg_rd,8,4,42,7,4,fixed,burst_hotspot,boot,in_order,none,96
RUN-003542,reset_recovery_seq,1147360597,full_random,default,0xce00,64,all_ones,0.551,0.41,reg_wr,64,8,260,3,7,fixed,uniform,sensor_poll,in_order,none,192
RUN-003543,backpressure_seq,2011408753,full_random,default,0xa100,16,incremental,0.299,0.34,reg_rd,16,35,369,31,6,fixed,ping_pong,boot,in_order,glitch,768
RUN-003544,reg_sweep_seq,137569623,constrained,default,0x6800,16,incremental,0.359,0.34,balanced,16,8,34,16,6,weighted,uniform,console,out_of_order,none,768
RUN-003545,backpressure_seq,1188829426,constrained,default,0xf800,64,incremental,0.249,0.28,reg_rd,8,36,271,0,9,fixed,uniform,dma_stream,in_order,none,192
RUN-003546,reg_sweep_seq,337845223,constrained,default,0x6900,4,all_ones,0.521,0.59,reg_wr,16,9,294,9,10,fixed,uniform,sensor_poll,in_order,glitch,192
RUN-003547,uart_loopback_seq,689508089,constrained,default,0x1000,4,walking_ones,0.484,0.75,reg_wr,16,8,222,19,5,fixed,burst_hotspot,console,in_order,none,192
RUN-003548,reset_recovery_seq,1823924910,constrained,default,0x5800,16,random,0.096,0.44,balanced,16,2,282,24,5,fixed,burst_hotspot,console,in_order,bitflip,768
RUN-003549,reg_sweep_seq,495006930,constrained,default,0x7000,4,random,0.097,0.23,reg_wr,16,39,358,29,1,fixed,burst_hotspot,console,in_order,glitch,384
RUN-003550,uart_loopback_seq,668183275,constrained,stress,0xb000,16,walking_ones,0.501,0.54,reg_rd,8,4,81,24,6,weighted,ping_pong,dma_stream,in_order,glitch,384
RUN-003551,backpressure_seq,1923793575,constrained,corner,0x3800,16,random,0.71,0.23,reg_rd,16,5,292,10,10,weighted,sparse,dma_stream,out_of_order,none,192
RUN-003552,uart_loopback_seq,1159935886,full_random,corner,0xd300,64,random,0.177,0.34,balanced,16,22,301,8,0,fixed,uniform,dma_stream,in_order,none,384
RUN-003553,uart_loopback_seq,1489683143,constrained,default,0x2a00,4,random,0.661,0.53,reg_wr,8,23,346,31,3,fixed,burst_hotspot,dma_stream,in_order,none,96
RUN-003554,uart_loopback_seq,462366847,full_random,default,0xbb00,4,walking_ones,0.91,0.67,reg_wr,128,36,179,25,10,fixed,burst_hotspot,dma_stream,in_order,glitch,768
RUN-003555,uart_loopback_seq,1937304711,constrained,default,0x3200,64,random,0.097,0.7,reg_rd,8,4,153,28,10,fixed,uniform,dma_stream,in_order,none,48
RUN-003556,dma_burst_seq,1947449520,constrained,default,0xcf00,4,incremental,0.199,0.36,reg_wr,8,30,172,26,10,fixed,burst_hotspot,boot,in_order,none,192
RUN-003557,reset_recovery_seq,49165144,full_random,stress,0x4700,64,random,0.504,0.72,balanced,16,26,344,19,0,weighted,burst_hotspot,dma_stream,out_of_order,glitch,48
RUN-003558,irq_storm_seq,1738839877,constrained,default,0x0900,4,random,0.504,0.65,balanced,64,5,364,26,8,fixed,sparse,boot,in_order,none,192
RUN-003559,irq_storm_seq,16390475,constrained,default,0xe000,16,walking_ones,0.26,0.78,balanced,128,23,223,9,1,fixed,uniform,dma_stream,in_order,none,384
RUN-003560,parity_stress_seq,1196988002,constrained,default,0xa800,64,incremental,0.718,0.73,balanced,128,19,326,29,7,fixed,sparse,console,in_order,none,48
RUN-003561,reset_recovery_seq,1175293731,constrained,corner,0xc800,16,walking_ones,0.421,0.67,reg_rd,64,26,259,20,9,fixed,ping_pong,sensor_poll,out_of_order,bitflip,768
RUN-003562,reg_sweep_seq,1204519190,full_random,corner,0xce00,4,random,0.496,0.53,reg_wr,128,11,70,27,8,weighted,sparse,sensor_poll,out_of_order,none,384
RUN-003563,reg_sweep_seq,1053435249,constrained,default,0x5d00,16,random,0.317,0.43,reg_rd,64,38,362,2,3,weighted,sparse,console,out_of_order,bitflip,192
RUN-003564,irq_storm_seq,491421903,constrained,stress,0x9f00,4,random,0.684,0.3,balanced,8,36,404,25,1,weighted,burst_hotspot,dma_stream,in_order,glitch,96
RUN-003565,uart_loopback_seq,786426627,constrained,corner,0x6300,16,random,0.531,0.72,reg_rd,64,8,347,9,5,fixed,burst_hotspot,sensor_poll,out_of_order,none,192
RUN-003566,reg_sweep_seq,697882018,constrained,stress,0x6e00,4,incremental,0.038,0.4,balanced,64,27,128,28,8,fixed,ping_pong,sensor_poll,out_of_order,glitch,96
RUN-003567,uart_loopback_seq,1339129170,constrained,default,0x7700,64,all_ones,0.487,0.75,balanced,16,10,123,13,4,fixed,sparse,boot,in_order,none,192
RUN-003568,irq_storm_seq,1460278303,constrained,stress,0x1000,64,random,0.539,0.2,reg_wr,16,6,208,16,8,weighted,burst_hotspot,boot,out_of_order,glitch,384
RUN-003569,backpressure_seq,590163187,directed,default,0x9c00,16,all_ones,0.255,0.53,reg_wr,8,22,308,25,8,weighted,burst_hotspot,console,in_order,none,384
RUN-003570,backpressure_seq,1516958066,constrained,corner,0x2e00,16,walking_ones,0.146,0.67,reg_rd,16,9,92,13,3,fixed,sparse,sensor_poll,in_order,none,192
RUN-003571,backpressure_seq,1195647681,constrained,default,0xe500,64,incremental,0.518,0.62,reg_wr,64,18,55,11,7,weighted,burst_hotspot,boot,out_of_order,none,384
RUN-003572,reset_recovery_seq,409095629,full_random,default,0x7d00,64,random,0.357,0.65,balanced,64,2,253,23,8,fixed,sparse,dma_stream,in_order,none,48
RUN-003573,irq_storm_seq,1132712467,constrained,stress,0xca00,16,random,0.57,0.29,balanced,16,2,278,14,2,weighted,burst_hotspot,dma_stream,in_order,none,96
RUN-003574,reset_recovery_seq,1445682257,full_random,default,0x4300,16,random,0.454,0.7,reg_rd,64,11,314,0,6,weighted,burst_hotspot,console,out_of_order,none,384
RUN-003575,reg_sweep_seq,249069679,constrained,default,0x1000,4,walking_ones,0.471,0.23,balanced,16,0,356,1,2,fixed,uniform,dma_stream,out_of_order,bitflip,48
RUN-003576,dma_burst_seq,546411203,constrained,default,0xf200,16,incremental,0.262,0.34,reg_rd,8,21,128,27,6,fixed,burst_hotspot,boot,in_order,none,384
RUN-003577,reset_recovery_seq,577383479,constrained,stress,0xf100,16,random,0.697,0.39,balanced,128,7,211,23,8,weighted,ping_pong,boot,in_order,none,192
RUN-003578,uart_loopback_seq,112702632,constrained,default,0x4400,64,random,0.608,0.67,balanced,16,35,257,1,4,fixed,uniform,dma_stream,in_order,glitch,96
RUN-003579,irq_storm_seq,62638165,constrained,default,0x5500,64,all_ones,0.438,0.28,reg_rd,16,24,258,28,2,fixed,burst_hotspot,dma_stream,out_of_order,none,96
RUN-003580,dma_burst_seq,33359459,constrained,corner,0x3a00,16,all_ones,0.154,0.56,reg_rd,64,36,279,5,6,fixed,burst_hotspot,sensor_poll,in_order,none,48
RUN-003581,irq_storm_seq,476709744,constrained,corner,0x5e00,64,random,0.695,0.31,balanced,64,8,132,6,10,weighted,sparse,console,out_of_order,none,768
RUN-003582,backpressure_seq,955393972,constrained,default,0xdf00,4,random,0.878,0.7,reg_rd,64,19,315,14,1,weighted,ping_pong,dma_stream,out_of_order,none,192
RUN-003583,reg_sweep_seq,1199441124,constrained,stress,0x0600,16,walking_ones,0.359,0.69,balanced,8,9,141,31,11,weighted,uniform,console,in_order,none,96
RUN-003584,irq_storm_seq,870206619,directed,default,0xc800,16,all_ones,0.392,0.35,balanced,16,18,162,10,3,fixed,uniform,console,out_of_order,none,384
RUN-003585,reg_sweep_seq,1009993733,full_random,corner,0x0600,64,random,0.475,0.44,reg_rd,16,18,89,15,0,weighted,uniform,sensor_poll,out_of_order,none,48
RUN-003586,reset_recovery_seq,1477660445,constrained,corner,0x6200,4,incremental,0.762,0.67,reg_rd,64,2,301,20,8,fixed,ping_pong,sensor_poll,in_order,none,48
RUN-003587,irq_storm_seq,1407734216,constrained,default,0x0500,4,walking_ones,0.426,0.78,balanced,8,38,98,15,7,fixed,burst_hotspot,dma_stream,in_order,bitflip,96
RUN-003588,uart_loopback_seq,873268819,constrained,default,0x1b00,16,random,0.209,0.4,balanced,64,14,48,15,10,weighted,uniform,sensor_poll,out_of_order,none,192
RUN-003589,reg_sweep_seq,1401863308,full_random,corner,0xdd00,64,random,0.607,0.35,balanced,8,38,214,9,3,weighted,burst_hotspot,sensor_poll,in_order,none,384
RUN-003590,uart_loopback_seq,566350852,constrained,default,0xed00,4,incremental,0.558,0.45,reg_wr,8,6,289,18,3,fixed,burst_hotspot,dma_stream,in_order,none,96
RUN-003591,backpressure_seq,1886658226,constrained,corner,0xff00,64,random,0.412,0.78,reg_wr,16,16,87,30,8,weighted,sparse,dma_stream,in_order,bitflip,192
RUN-003592,dma_burst_seq,839235257,constrained,default,0x5000,16,random,0.553,0.51,reg_wr,8,11,181,21,10,fixed,burst_hotspot,boot,out_of_order,none,384
RUN-003593,reg_sweep_seq,691295409,constrained,default,0x4f00,16,walking_ones,0.229,0.73,balanced,8,4,318,1,0,weighted,ping_pong,sensor_poll,in_order,none,192
RUN-003594,irq_storm_seq,941507267,full_random,default,0xb200,16,walking_ones,0.752,0.38,reg_wr,16,28,67,19,3,weighted,burst_hotspot,dma_stream,in_order,glitch,96
RUN-003595,reset_recovery_seq,891385035,constrained,default,0x2f00,16,random,0.478,0.68,reg_rd,16,6,235,2,0,fixed,sparse,console,in_order,glitch,192
RUN-003596,reset_recovery_seq,1170144845,full_random,corner,0x5700,4,random,0.617,0.4,balanced,16,21,211,22,8,weighted,uniform,dma_stream,in_order,none,384
RUN-003597,reset_recovery_seq,189366822,constrained,default,0xf600,16,random,0.8,0.25,reg_rd,16,38,102,6,0,weighted,uniform,console,in_order,none,768
RUN-003598,reg_sweep_seq,1793105535,constrained,default,0x5500,4,incremental,0.371,0.37,balanced,8,16,236,21,3,weighted,sparse,boot,out_of_order,none,192
RUN-003599,backpressure_seq,916456677,full_random,default,0x8500,16,all_ones,0.173,0.36,reg_rd,8,29,249,1,0,fixed,ping_pong,sensor_poll,in_order,none,48
RUN-003600,parity_stress_seq,1264275310,constrained,default,0xb800,4,random,0.06,0.2,reg_wr,16,35,254,25,11,fixed,uniform,sensor_poll,in_order,none,384
RUN-003601,reg_sweep_seq,1630931469,constrained,default,0xb700,4,random,0.393,0.47,balanced,64,25,47,26,3,weighted,burst_hotspot,console,in_order,none,384
RUN-003602,parity_stress_seq,1021244042,constrained,corner,0x0500,16,incremental,0.596,0.53,balanced,8,3,95,31,7,fixed,burst_hotspot,boot,in_order,none,48
RUN-003603,parity_stress_seq,182162590,constrained,default,0xe500,4,all_ones,0.751,0.34,balanced,16,24,158,15,6,weighted,burst_hotspot,dma_stream,in_order,none,192
RUN-003604,backpressure_seq,904599072,constrained,stress,0x6c00,16,random,0.28,0.43,reg_rd,8,17,326,14,7,fixed,uniform,console,in_order,none,384
RUN-003605,reg_sweep_seq,209520939,constrained,corner,0xf100,4,random,0.385,0.55,reg_rd,128,39,128,23,4,weighted,sparse,sensor_poll,in_order,none,192
RUN-003606,reg_sweep_seq,703346039,constrained,stress,0x8100,4,walking_ones,0.923,0.37,balanced,64,18,401,15,11,fixed,sparse,console,in_order,none,768
RUN-003607,uart_loopback_seq,954568834,constrained,corner,0x0000,16,incremental,0.507,0.41,balanced,128,1,170,15,4,fixed,burst_hotspot,boot,in_order,bitflip,48
RUN-003608,reset_recovery_seq,995266788,directed,default,0xd200,64,walking_ones,0.336,0.5,reg_wr,8,13,146,24,2,fixed,sparse,sensor_poll,in_order,none,96
RUN-003609,irq_storm_seq,614232565,directed,default,0xcc00,4,random,0.368,0.78,reg_rd,16,1,273,14,5,weighted,burst_hotspot,boot,out_of_order,none,48
RUN-003610,irq_storm_seq,1655852938,full_random,default,0x8f00,64,walking_ones,0.466,0.62,reg_wr,16,11,47,19,0,fixed,uniform,dma_stream,in_order,none,192
RUN-003611,dma_burst_seq,959254069,constrained,corner,0x8d00,4,random,0.827,0.22,reg_wr,8,29,309,24,11,fixed,burst_hotspot,dma_stream,in_order,none,48
RUN-003612,parity_stress_seq,1569016495,constrained,default,0xd200,4,random,0.305,0.66,balanced,64,15,67,20,1,fixed,ping_pong,sensor_poll,out_of_order,bitflip,192
RUN-003613,dma_burst_seq,44553715,constrained,stress,0x4900,16,walking_ones,0.652,0.44,balanced,16,38,432,23,7,fixed,ping_pong,sensor_poll,in_order,none,48
RUN-003614,dma_burst_seq,807803929,constrained,stress,0x4100,64,all_ones,0.266,0.61,balanced,16,0,10,18,6,fixed,burst_hotspot,dma_stream,in_order,none,192
RUN-003615,reg_sweep_seq,38208298,constrained,default,0x3a00,4,random,0.659,0.23,balanced,128,4,167,26,2,weighted,burst_hotspot,sensor_poll,in_order,none,48
RUN-003616,backpressure_seq,932642401,constrained,default,0xab00,16,random,0.621,0.38,reg_wr,64,25,263,23,10,weighted,burst_hotspot,console,in_order,glitch,96
RUN-003617,uart_loopback_seq,1673146718,constrained,corner,0xc600,16,walking_ones,0.397,0.34,reg_wr,64,16,267,25,8,weighted,burst_hotspot,sensor_poll,in_order,none,384
RUN-003618,uart_loopback_seq,565454624,directed,default,0x9900,64,incremental,0.187,0.65,reg_rd,128,9,223,14,7,fixed,burst_hotspot,boot,out_of_order,bitflip,192
RUN-003619,irq_storm_seq,1950445250,constrained,corner,0x3f00,64,random,0.336,0.38,reg_rd,64,9,25,31,11,weighted,sparse,console,in_order,none,192
RUN-003620,backpressure_seq,1873231570,full_random,corner,0x9e00,16,random,0.642,0.3,balanced,16,30,81,25,8,fixed,uniform,console,in_order,bitflip,96
RUN-003621,parity_stress_seq,1673849617,constrained,corner,0xd900,4,incremental,0.559,0.41,reg_rd,16,24,418,23,2,fixed,ping_pong,console,in_order,none,96
RUN-003622,reg_sweep_seq,1788450627,directed,corner,0x4a00,64,random,0.232,0.79,reg_rd,64,16,49,24,2,weighted,sparse,sensor_poll,in_order,bitflip,192
RUN-003623,uart_loopback_seq,1059523923,constrained,default,0x8600,4,random,0.299,0.8,balanced,8,0,346,30,5,fixed,ping_pong,dma_stream,out_of_order,glitch,192
RUN-003624,irq_storm_seq,151130397,constrained,default,0xfb00,4,random,0.044,0.62,balanced,16,30,215,21,6,fixed,sparse,dma_stream,out_of_order,none,192
RUN-003625,reset_recovery_seq,2003732641,full_random,default,0x7b00,16,all_ones,0.266,0.73,reg_wr,16,8,376,9,7,weighted,burst_hotspot,console,in_order,none,96
RUN-003626,dma_burst_seq,970415403,constrained,stress,0x3300,16,incremental,0.663,0.23,reg_rd,128,3,198,30,11,fixed,ping_pong,dma_stream,in_order,bitflip,192
RUN-003627,backpressure_seq,669200148,full_random,stress,0xc100,64,all_ones,0.171,0.41,reg_wr,128,18,147,4,3,weighted,ping_pong,boot,in_order,bitflip,768
RUN-003628,parity_stress_seq,1730421996,constrained,default,0x8c00,4,walking_ones,0.434,0.62,reg_wr,16,5,39,27,4,fixed,uniform,dma_stream,in_order,none,96
RUN-003629,parity_stress_seq,1486585929,full_random,default,0x9800,4,walking_ones,0.041,0.49,balanced,128,27,226,27,3,fixed,uniform,sensor_poll,in_order,none,192
RUN-003630,reg_sweep_seq,1505445343,full_random,stress,0x3000,4,random,0.275,0.72,reg_rd,16,8,54,20,4,fixed,sparse,boot,in_order,bitflip,192
RUN-003631,uart_loopback_seq,1377809092,constrained,default,0xb700,4,random,0.064,0.67,balanced,64,1,247,3,6,weighted,burst_hotspot,boot,out_of_order,none,192
RUN-003632,dma_burst_seq,1736570807,constrained,default,0x7b00,4,all_ones,0.719,0.64,balanced,8,26,304,7,7,fixed,uniform,console,out_of_order,none,48
RUN-003633,irq_storm_seq,1100387022,constrained,corner,0xea00,16,random,0.4,0.42,balanced,8,33,329,20,10,weighted,sparse,sensor_poll,out_of_order,none,192
RUN-003634,backpressure_seq,113449806,constrained,stress,0x9d00,64,incremental,0.324,0.8,reg_rd,8,19,103,7,11,fixed,burst_hotspot,sensor_poll,out_of_order,none,48
RUN-003635,parity_stress_seq,449880383,constrained,stress,0x2700,4,walking_ones,0.194,0.65,reg_wr,128,39,412,11,3,fixed,uniform,console,in_order,none,96
RUN-003636,parity_stress_seq,346626702,constrained,default,0x0500,16,random,0.492,0.62,reg_wr,8,36,170,15,0,fixed,sparse,console,out_of_order,bitflip,192
RUN-003637,irq_storm_seq,1052649999,constrained,default,0x6f00,64,random,0.694,0.59,reg_rd,128,22,198,0,11,fixed,uniform,sensor_poll,in_order,bitflip,192
RUN-003638,reset_recovery_seq,1165717804,constrained,stress,0x1500,64,random,0.674,0.61,reg_rd,16,9,288,0,1,fixed,ping_pong,console,in_order,bitflip,192
RUN-003639,dma_burst_seq,868048330,full_random,default,0x3500,16,random,0.25,0.38,reg_wr,16,15,366,27,4,weighted,uniform,sensor_poll,in_order,none,384
RUN-003640,parity_stress_seq,466188091,constrained,default,0x8c00,16,all_ones,0.534,0.33,reg_wr,16,21,31,15,4,fixed,burst_hotspot,sensor_poll,in_order,none,192
RUN-003641,dma_burst_seq,86988304,constrained,default,0xad00,4,random,0.395,0.61,balanced,64,25,147,15,5,weighted,uniform,console,out_of_order,none,192
RUN-003642,backpressure_seq,912481066,full_random,stress,0x5b00,4,all_ones,0.449,0.26,reg_rd,8,5,23,1,4,fixed,burst_hotspot,boot,in_order,bitflip,96
RUN-003643,dma_burst_seq,1106608854,full_random,stress,0x6b00,16,walking_ones,0.105,0.31,balanced,128,33,65,12,2,fixed,sparse,sensor_poll,in_order,bitflip,768
RUN-003644,irq_storm_seq,252465276,directed,default,0xdf00,4,random,0.147,0.32,reg_rd,64,26,372,14,9,fixed,ping_pong,sensor_poll,in_order,none,96
RUN-003645,irq_storm_seq,156924331,constrained,default,0x6500,16,random,0.715,0.42,balanced,128,38,66,30,5,fixed,sparse,dma_stream,in_order,glitch,48
RUN-003646,backpressure_seq,1379873698,constrained,default,0x3b00,64,random,0.606,0.46,balanced,16,0,353,12,8,fixed,sparse,console,out_of_order,bitflip,768
RUN-003647,uart_loopback_seq,1582370991,constrained,corner,0x6b00,4,random,0.321,0.51,reg_rd,8,33,379,5,3,fixed,sparse,boot,in_order,none,48
RUN-003648,irq_storm_seq,255995348,constrained,stress,0x5200,4,random,0.234,0.2,reg_wr,8,12,95,30,7,fixed,ping_pong,boot,out_of_order,bitflip,96
RUN-003649,reset_recovery_seq,1255367465,constrained,default,0xa500,4,random,0.793,0.3,balanced,8,15,193,7,3,fixed,uniform,console,in_order,none,48
RUN-003650,reset_recovery_seq,1474092681,full_random,default,0xeb00,16,walking_ones,0.729,0.77,balanced,8,18,55,14,9,weighted,uniform,console,out_of_order,bitflip,96
RUN-003651,parity_stress_seq,2071969312,full_random,default,0x2300,16,random,0.625,0.33,reg_rd,128,7,392,3,1,fixed,ping_pong,sensor_poll,in_order,none,192
RUN-003652,dma_burst_seq,366479181,constrained,corner,0xa700,4,walking_ones,0.391,0.21,reg_rd,8,23,194,24,0,fixed,uniform,sensor_poll,in_order,none,384
RUN-003653,dma_burst_seq,560845256,constrained,stress,0xc800,16,random,0.837,0.34,reg_wr,64,22,244,9,2,fixed,uniform,dma_stream,in_order,none,384
RUN-003654,backpressure_seq,1614009784,constrained,default,0x7500,4,incremental,0.387,0.71,balanced,64,7,390,14,7,fixed,ping_pong,console,out_of_order,bitflip,384
RUN-003655,dma_burst_seq,1566999258,constrained,default,0x3700,4,random,0.533,0.32,reg_rd,64,18,42,9,5,fixed,sparse,sensor_poll,in_order,none,48
RUN-003656,reg_sweep_seq,1659223709,directed,default,0x7000,4,incremental,0.777,0.53,balanced,16,23,388,17,9,fixed,ping_pong,console,in_order,bitflip,192
RUN-003657,reset_recovery_seq,921150520,constrained,default,0x3600,4,random,0.744,0.45,reg_rd,64,10,270,17,5,weighted,burst_hotspot,boot,in_order,none,768
RUN-003658,reg_sweep_seq,1595060183,constrained,corner,0x2100,4,random,0.05,0.47,balanced,64,32,273,0,1,fixed,burst_hotspot,console,in_order,bitflip,192
RUN-003659,reset_recovery_seq,1513180857,constrained,default,0xcd00,4,all_ones,0.395,0.44,balanced,64,8,97,1,8,weighted,sparse,boot,in_order,none,768
RUN-003660,dma_burst_seq,1379948002,full_random,default,0xcd00,16,incremental,0.664,0.43,reg_wr,8,24,269,17,7,fixed,uniform,sensor_poll,in_order,none,384
RUN-003661,irq_storm_seq,1022305120,directed,stress,0x2d00,16,incremental,0.103,0.64,balanced,8,39,92,12,11,weighted,burst_hotspot,console,in_order,none,384
RUN-003662,reset_recovery_seq,2130108076,constrained,corner,0x5700,16,random,0.426,0.4,reg_rd,16,17,317,5,7,fixed,sparse,dma_stream,out_of_order,none,192
RUN-003663,dma_burst_seq,305047044,constrained,corner,0x1800,16,incremental,0.061,0.28,balanced,8,3,134,2,9,fixed,uniform,dma_stream,out_of_order,bitflip,768
RUN-003664,irq_storm_seq,651725378,constrained,corner,0xc300,4,random,0.193,0.59,reg_wr,8,4,331,1,8,weighted,burst_hotspot,dma_stream,in_order,bitflip,48
RUN-003665,uart_loopback_seq,23235822,directed,stress,0x2500,64,incremental,0.304,0.43,balanced,8,4,110,1,6,weighted,sparse,sensor_poll,in_order,glitch,48
RUN-003666,uart_loopback_seq,1889203180,constrained,default,0x2f00,4,incremental,0.547,0.69,balanced,64,9,188,8,1,fixed,ping_pong,sensor_poll,out_of_order,none,384
RUN-003667,reset_recovery_seq,14932535,constrained,default,0xe100,4,incremental,0.182,0.27,balanced,128,20,260,12,9,fixed,burst_hotspot,sensor_poll,in_order,bitflip,48
RUN-003668,uart_loopback_seq,483753193,constrained,default,0xa600,64,walking_ones,0.78,0.36,balanced,128,35,141,26,5,weighted,uniform,dma_stream,in_order,none,96
RUN-003669,parity_stress_seq,1352059471,constrained,default,0x2900,64,incremental,0.618,0.74,balanced,16,4,110,24,11,weighted,uniform,console,in_order,bitflip,48
RUN-003670,reset_recovery_seq,2106754957,full_random,default,0x0500,16,incremental,0.694,0.48,reg_wr,8,7,53,4,0,weighted,uniform,dma_stream,in_order,bitflip,192
RUN-003671,reg_sweep_seq,512141301,full_random,default,0x2000,4,random,0.041,0.72,reg_rd,16,35,188,26,5,fixed,sparse,console,in_order,none,384
RUN-003672,irq_storm_seq,656303923,directed,default,0x1a00,16,incremental,0.727,0.59,reg_wr,8,16,195,31,11,fixed,sparse,console,in_order,none,96
RUN-003673,reg_sweep_seq,1337631274,constrained,stress,0x8e00,4,all_ones,0.604,0.26,reg_wr,64,19,180,15,0,fixed,sparse,sensor_poll,in_order,none,96
RUN-003674,dma_burst_seq,1213152924,constrained,stress,0x2400,64,random,0.666,0.47,balanced,8,28,54,31,1,fixed,burst_hotspot,dma_stream,in_order,bitflip,96
RUN-003675,parity_stress_seq,1352691580,constrained,default,0x5700,16,random,0.14,0.7,reg_wr,64,17,371,8,9,fixed,burst_hotspot,sensor_poll,in_order,none,192
RUN-003676,parity_stress_seq,1290675802,constrained,stress,0x4400,16,incremental,0.82,0.63,reg_wr,64,6,166,6,8,weighted,burst_hotspot,dma_stream,in_order,bitflip,384
RUN-003677,backpressure_seq,402811319,constrained,stress,0x7300,64,incremental,0.059,0.42,reg_rd,64,16,222,18,10,weighted,uniform,boot,in_order,glitch,96
RUN-003678,reg_sweep_seq,706054502,full_random,default,0xbb00,4,random,0.209,0.7,reg_rd,64,4,354,2,2,fixed,burst_hotspot,dma_stream,in_order,none,384
RUN-003679,dma_burst_seq,1095180169,full_random,default,0x1600,4,incremental,0.696,0.51,balanced,16,38,265,17,0,fixed,burst_hotspot,console,out_of_order,none,384
RUN-003680,reg_sweep_seq,63250664,constrained,corner,0x0d00,16,incremental,0.56,0.78,reg_wr,16,24,360,4,0,weighted,ping_pong,console,out_of_order,glitch,96
RUN-003681,reg_sweep_seq,2037454944,constrained,default,0x6400,4,walking_ones,0.475,0.22,reg_rd,64,16,85,4,6,fixed,burst_hotspot,console,in_order,bitflip,192
RUN-003682,dma_burst_seq,353369353,constrained,stress,0x8800,4,walking_ones,0.376,0.33,balanced,8,17,208,20,5,weighted,burst_hotspot,console,in_order,none,768
RUN-003683,irq_storm_seq,853959619,directed,corner,0xd600,16,incremental,0.541,0.79,reg_wr,64,10,53,11,1,fixed,sparse,dma_stream,in_order,glitch,48
RUN-003684,dma_burst_seq,357952502,constrained,default,0x5500,4,random,0.843,0.46,balanced,16,22,76,5,8,fixed,burst_hotspot,dma_stream,out_of_order,none,384
RUN-003685,dma_burst_seq,451473297,constrained,default,0x6400,16,random,0.372,0.57,balanced,8,4,210,25,4,fixed,ping_pong,sensor_poll,in_order,bitflip,768
RUN-003686,parity_stress_seq,741592192,constrained,default,0x5b00,64,random,0.6,0.57,reg_wr,128,3,282,31,6,weighted,sparse,console,in_order,none,192
RUN-003687,uart_loopback_seq,49295594,full_random,default,0xd900,64,random,0.593,0.27,reg_rd,16,37,107,28,3,weighted,sparse,sensor_poll,in_order,none,96
RUN-003688,reset_recovery_seq,1046110203,constrained,default,0xb500,64,walking_ones,0.485,0.44,balanced,8,37,135,28,3,fixed,burst_hotspot,sensor_poll,in_order,glitch,384
RUN-003689,backpressure_seq,632464864,directed,default,0x3800,16,incremental,0.667,0.28,reg_rd,8,38,375,2,9,weighted,uniform,console,in_order,none,384
RUN-003690,backpressure_seq,1427120356,directed,default,0x2500,4,incremental,0.627,0.63,reg_wr,16,3,305,0,2,fixed,uniform,console,in_order,bitflip,96
RUN-003691,irq_storm_seq,893890902,constrained,default,0x9d00,64,all_ones,0.53,0.59,reg_rd,64,17,363,30,0,weighted,burst_hotspot,sensor_poll,in_order,none,192
RUN-003692,backpressure_seq,530738882,constrained,corner,0x2300,64,walking_ones,0.137,0.62,reg_rd,8,14,150,7,9,fixed,uniform,console,in_order,bitflip,96
RUN-003693,irq_storm_seq,1729425324,constrained,default,0xf200,4,all_ones,0.741,0.4,reg_rd,128,5,71,31,11,fixed,uniform,boot,in_order,bitflip,384
RUN-003694,dma_burst_seq,1947587759,constrained,corner,0xfc00,16,all_ones,0.206,0.74,balanced,8,2,299,22,1,weighted,uniform,boot,in_order,none,192
RUN-003695,uart_loopback_seq,954902273,constrained,corner,0x4a00,64,walking_ones,0.415,0.42,reg_rd,16,13,314,27,9,weighted,sparse,console,in_order,glitch,192
RUN-003696,reg_sweep_seq,659015950,constrained,default,0xdf00,16,incremental,0.86,0.39,reg_rd,128,24,209,27,2,weighted,burst_hotspot,console,in_order,none,192
RUN-003697,backpressure_seq,257100487,constrained,stress,0xa900,16,random,0.614,0.59,balanced,64,32,226,24,7,fixed,sparse,console,out_of_order,none,192
RUN-003698,reg_sweep_seq,657036308,full_random,stress,0x1e00,16,random,0.255,0.44,reg_wr,8,22,348,13,6,weighted,ping_pong,dma_stream,in_order,none,96
RUN-003699,reset_recovery_seq,601611926,full_random,stress,0xd900,64,random,0.372,0.59,reg_rd,16,34,328,25,6,weighted,sparse,dma_stream,in_order,none,384
RUN-003700,parity_stress_seq,573646643,constrained,default,0x2900,16,walking_ones,0.629,0.35,balanced,128,38,397,0,5,fixed,burst_hotspot,console,in_order,none,768
RUN-003701,reg_sweep_seq,790048347,constrained,corner,0x1b00,16,random,0.395,0.44,reg_wr,64,18,308,29,2,weighted,burst_hotspot,dma_stream,out_of_order,none,192
RUN-003702,reg_sweep_seq,1157093439,full_random,stress,0x8a00,64,walking_ones,0.587,0.23,balanced,64,39,432,6,3,weighted,burst_hotspot,sensor_poll,in_order,glitch,384
RUN-003703,irq_storm_seq,1397983151,constrained,stress,0x9900,16,incremental,0.422,0.51,reg_rd,8,12,119,18,5,weighted,sparse,sensor_poll,in_order,none,192
RUN-003704,reset_recovery_seq,1481018713,constrained,stress,0xba00,16,incremental,0.859,0.42,reg_wr,8,36,147,5,6,fixed,ping_pong,dma_stream,in_order,none,192
RUN-003705,reset_recovery_seq,987072172,directed,stress,0xc600,16,all_ones,0.522,0.27,reg_rd,64,3,25,3,7,weighted,burst_hotspot,sensor_poll,in_order,bitflip,48
RUN-003706,backpressure_seq,1741013762,constrained,corner,0x9600,4,random,0.247,0.29,reg_rd,64,7,233,8,7,weighted,uniform,dma_stream,in_order,none,192
RUN-003707,reg_sweep_seq,428123492,constrained,default,0x4700,64,walking_ones,0.393,0.57,reg_wr,8,16,195,7,1,weighted,burst_hotspot,boot,in_order,none,192
RUN-003708,reg_sweep_seq,1927239350,constrained,default,0xdc00,4,random,0.347,0.56,reg_wr,8,34,77,27,10,fixed,uniform,console,in_order,none,48
RUN-003709,reset_recovery_seq,1454685340,constrained,default,0xb600,4,random,0.811,0.26,balanced,128,13,126,12,6,weighted,ping_pong,console,in_order,glitch,384
RUN-003710,irq_storm_seq,2068616888,constrained,stress,0x7b00,64,incremental,0.538,0.43,reg_rd,16,12,278,21,1,weighted,sparse,boot,in_order,none,96
RUN-003711,reg_sweep_seq,1564778404,constrained,corner,0x9400,4,all_ones,0.862,0.22,reg_wr,16,35,230,21,8,fixed,ping_pong,boot,in_order,glitch,768
RUN-003712,uart_loopback_seq,379196839,constrained,corner,0x6900,16,all_ones,0.734,0.74,reg_rd,128,26,302,25,10,weighted,uniform,dma_stream,out_of_order,bitflip,192
RUN-003713,reg_sweep_seq,1731249082,full_random,default,0x9b00,64,random,0.288,0.28,reg_wr,128,35,113,24,5,fixed,burst_hotspot,console,out_of_order,none,768
RUN-003714,uart_loopback_seq,141251805,full_random,default,0xde00,4,walking_ones,0.722,0.79,reg_wr,16,14,307,21,2,weighted,uniform,sensor_poll,out_of_order,none,96
RUN-003715,reset_recovery_seq,1032172680,constrained,default,0x5000,16,walking_ones,0.777,0.57,reg_rd,64,10,177,19,7,weighted,ping_pong,boot,in_order,none,48
RUN-003716,irq_storm_seq,1794889677,constrained,default,0x7c00,16,incremental,0.329,0.43,reg_rd,64,25,234,25,11,fixed,burst_hotspot,console,in_order,none,192
RUN-003717,dma_burst_seq,210157993,full_random,default,0x1300,64,random,0.748,0.38,reg_wr,8,39,243,13,3,weighted,uniform,boot,in_order,none,192
RUN-003718,reg_sweep_seq,1846184091,full_random,default,0xa600,4,random,0.627,0.58,reg_wr,16,16,83,6,8,fixed,uniform,boot,in_order,bitflip,768
RUN-003719,backpressure_seq,202507470,constrained,stress,0x3100,16,random,0.199,0.29,balanced,8,31,364,23,9,weighted,burst_hotspot,dma_stream,in_order,glitch,384
RUN-003720,dma_burst_seq,1509374570,constrained,default,0xcf00,4,random,0.331,0.7,balanced,8,21,249,17,9,fixed,burst_hotspot,boot,out_of_order,none,192
RUN-003721,reg_sweep_seq,1137561874,full_random,stress,0xd200,64,random,0.773,0.3,reg_wr,128,21,387,13,11,fixed,burst_hotspot,console,out_of_order,none,96
RUN-003722,backpressure_seq,1593641581,constrained,stress,0x2400,16,all_ones,0.135,0.4,reg_rd,8,19,336,14,9,fixed,burst_hotspot,sensor_poll,in_order,bitflip,192
RUN-003723,irq_storm_seq,1003043318,constrained,corner,0xa900,4,random,0.102,0.68,balanced,8,27,184,12,7,weighted,uniform,dma_stream,in_order,glitch,48
RUN-003724,backpressure_seq,313906599,full_random,corner,0xef00,4,random,0.849,0.56,balanced,16,31,280,8,0,weighted,burst_hotspot,boot,in_order,none,192
RUN-003725,uart_loopback_seq,541898714,directed,stress,0x8b00,16,random,0.073,0.76,reg_wr,8,3,148,21,4,weighted,burst_hotspot,dma_stream,in_order,bitflip,192
RUN-003726,backpressure_seq,608827918,constrained,default,0x4000,16,all_ones,0.533,0.46,reg_rd,64,14,205,21,1,fixed,burst_hotspot,console,in_order,bitflip,384
RUN-003727,uart_loopback_seq,1282303945,constrained,stress,0x7d00,16,random,0.639,0.71,reg_rd,64,11,144,18,2,fixed,burst_hotspot,sensor_poll,in_order,none,384
RUN-003728,dma_burst_seq,547323858,constrained,stress,0xa700,64,random,0.611,0.21,balanced,64,30,374,11,0,weighted,burst_hotspot,console,out_of_order,none,384
RUN-003729,reset_recovery_seq,1341352619,constrained,corner,0x3c00,16,random,0.526,0.33,reg_wr,8,9,112,3,4,weighted,uniform,dma_stream,out_of_order,none,192
RUN-003730,backpressure_seq,773234085,constrained,stress,0x9c00,16,random,0.37,0.5,reg_wr,8,0,178,23,4,fixed,sparse,dma_stream,in_order,none,96
RUN-003731,reg_sweep_seq,1035454194,full_random,corner,0x6300,4,walking_ones,0.562,0.72,reg_wr,128,34,105,7,6,weighted,uniform,dma_stream,out_of_order,none,48
RUN-003732,reset_recovery_seq,572236549,constrained,stress,0x5a00,16,incremental,0.785,0.44,reg_rd,16,38,323,9,1,weighted,burst_hotspot,boot,in_order,none,768
RUN-003733,dma_burst_seq,1138835740,constrained,default,0x1100,16,all_ones,0.314,0.49,reg_rd,8,36,329,13,9,weighted,uniform,console,out_of_order,none,192
RUN-003734,backpressure_seq,432587771,directed,corner,0x7000,16,incremental,0.298,0.62,reg_wr,64,7,27,19,8,fixed,burst_hotspot,dma_stream,in_order,none,192
RUN-003735,reset_recovery_seq,1609111008,constrained,corner,0xcb00,16,random,0.72,0.35,balanced,8,2,338,8,1,fixed,ping_pong,sensor_poll,out_of_order,none,192
RUN-003736,irq_storm_seq,2128872722,full_random,stress,0xd700,64,random,0.39,0.25,reg_wr,128,25,363,28,9,weighted,burst_hotspot,boot,in_order,none,384
RUN-003737,dma_burst_seq,2013488258,directed,stress,0x4200,4,all_ones,0.349,0.58,balanced,128,12,142,8,4,fixed,burst_hotspot,boot,in_order,none,384
RUN-003738,uart_loopback_seq,1568189884,constrained,stress,0xfb00,64,incremental,0.39,0.23,reg_wr,64,33,177,12,11,fixed,ping_pong,dma_stream,in_order,bitflip,48
RUN-003739,reset_recovery_seq,1004174597,constrained,default,0xc100,16,random,0.407,0.26,reg_rd,8,11,188,28,7,fixed,uniform,boot,in_order,glitch,384
RUN-003740,irq_storm_seq,1175539269,full_random,default,0xd000,16,random,0.453,0.3,balanced,128,27,413,2,5,fixed,sparse,dma_stream,in_order,none,96
RUN-003741,reg_sweep_seq,482602590,constrained,stress,0x8f00,64,incremental,0.379,0.74,reg_wr,16,34,139,13,6,fixed,burst_hotspot,dma_stream,in_order,none,768
RUN-003742,dma_burst_seq,1558480801,full_random,default,0x8800,4,random,0.746,0.33,reg_rd,16,27,275,25,5,weighted,burst_hotspot,boot,in_order,none,768
RUN-003743,reg_sweep_seq,541131883,constrained,default,0xe600,4,random,0.45,0.56,balanced,16,14,204,4,5,weighted,sparse,console,out_of_order,bitflip,768
RUN-003744,uart_loopback_seq,687198189,constrained,default,0xd000,4,random,0.358,0.61,reg_wr,64,32,214,8,8,weighted,burst_hotspot,dma_stream,in_order,none,384
RUN-003745,reg_sweep_seq,1750946927,constrained,corner,0x1b00,4,random,0.351,0.76,reg_rd,64,16,388,14,4,fixed,ping_pong,dma_stream,in_order,glitch,192
RUN-003746,uart_loopback_seq,2039081671,constrained,corner,0x0600,16,incremental,0.452,0.64,reg_rd,64,36,346,20,0,fixed,burst_hotspot,dma_stream,out_of_order,bitflip,192
RUN-003747,reg_sweep_seq,1655179313,constrained,default,0xc300,64,random,0.324,0.35,reg_wr,128,11,51,3,6,fixed,burst_hotspot,dma_stream,in_order,glitch,384
RUN-003748,reg_sweep_seq,575218835,constrained,default,0x5e00,4,walking_ones,0.526,0.68,balanced,16,36,424,15,9,fixed,ping_pong,boot,in_order,none,192
RUN-003749,dma_burst_seq,1051032879,constrained,default,0x9100,16,incremental,0.935,0.48,balanced,64,33,427,2,5,weighted,uniform,console,in_order,none,768
RUN-003750,parity_stress_seq,831862406,constrained,default,0x5200,64,random,0.746,0.71,reg_wr,64,3,129,22,9,weighted,ping_pong,boot,out_of_order,glitch,384
RUN-003751,reset_recovery_seq,583506352,constrained,stress,0xc400,16,random,0.281,0.72,reg_wr,8,8,43,7,2,fixed,ping_pong,sensor_poll,out_of_order,none,48
RUN-003752,reg_sweep_seq,2005908755,full_random,default,0xf300,16,incremental,0.572,0.77,balanced,64,34,280,6,6,weighted,ping_pong,sensor_poll,in_order,none,192
RUN-003753,uart_loopback_seq,715663449,directed,default,0xaf00,4,walking_ones,0.068,0.59,reg_wr,16,11,120,25,4,weighted,uniform,sensor_poll,out_of_order,none,192
RUN-003754,reg_sweep_seq,593376452,constrained,stress,0x9800,4,incremental,0.43,0.59,reg_rd,128,3,321,7,5,weighted,uniform,sensor_poll,out_of_order,none,384
RUN-003755,dma_burst_seq,1873641052,full_random,default,0x4800,64,random,0.256,0.28,reg_rd,128,12,384,4,10,weighted,sparse,dma_stream,in_order,glitch,384
RUN-003756,irq_storm_seq,1749946888,constrained,default,0x7500,16,walking_ones,0.756,0.6,reg_rd,8,12,78,15,4,weighted,uniform,sensor_poll,in_order,glitch,192
RUN-003757,dma_burst_seq,865218145,constrained,corner,0x9d00,16,walking_ones,0.779,0.61,balanced,64,35,426,4,5,weighted,uniform,console,in_order,none,192
RUN-003758,parity_stress_seq,1133257321,constrained,default,0x9100,16,random,0.245,0.57,reg_wr,64,38,252,8,10,fixed,ping_pong,sensor_poll,in_order,none,384
RUN-003759,uart_loopback_seq,1067584034,full_random,default,0xc500,16,incremental,0.195,0.3,reg_wr,8,35,225,14,11,fixed,ping_pong,dma_stream,in_order,none,384
RUN-003760,backpressure_seq,2140185381,constrained,stress,0xac00,64,all_ones,0.488,0.6,reg_rd,8,33,217,7,1,fixed,uniform,dma_stream,out_of_order,glitch,768
RUN-003761,dma_burst_seq,1239019644,full_random,default,0x4d00,16,random,0.554,0.27,balanced,8,14,26,13,11,fixed,uniform,console,out_of_order,none,384
RUN-003762,parity_stress_seq,1353467003,constrained,default,0x0100,16,random,0.278,0.79,balanced,64,38,319,10,0,fixed,ping_pong,console,in_order,none,384
RUN-003763,reg_sweep_seq,1386687674,constrained,default,0x0000,4,random,0.487,0.41,reg_wr,8,19,96,23,3,weighted,ping_pong,sensor_poll,in_order,none,96
RUN-003764,reset_recovery_seq,543910143,constrained,corner,0x6900,4,random,0.238,0.42,reg_wr,16,25,395,9,2,fixed,uniform,dma_stream,in_order,none,384
RUN-003765,reg_sweep_seq,1006241612,constrained,default,0xd400,4,random,0.67,0.49,balanced,64,33,194,6,2,fixed,sparse,dma_stream,out_of_order,none,768
RUN-003766,uart_loopback_seq,1449937476,full_random,corner,0x1100,16,walking_ones,0.556,0.45,reg_rd,128,4,119,23,1,weighted,uniform,sensor_poll,in_order,bitflip,384
RUN-003767,parity_stress_seq,1149882091,constrained,default,0x1500,16,incremental,0.176,0.79,reg_rd,8,10,98,9,11,fixed,burst_hotspot,dma_stream,in_order,none,768
RUN-003768,reg_sweep_seq,206066064,full_random,stress,0xdc00,64,random,0.548,0.76,reg_wr,8,37,137,3,6,weighted,sparse,sensor_poll,in_order,glitch,384
RUN-003769,dma_burst_seq,207466506,constrained,default,0xe300,4,random,0.506,0.46,reg_wr,16,31,239,2,4,fixed,burst_hotspot,console,out_of_order,none,48
RUN-003770,irq_storm_seq,1070305026,constrained,default,0xed00,4,random,0.466,0.56,reg_rd,16,12,320,22,11,weighted,uniform,console,in_order,none,48
RUN-003771,backpressure_seq,1801261889,full_random,corner,0xd400,4,incremental,0.045,0.6,balanced,8,13,322,31,3,weighted,uniform,console,in_order,bitflip,192
RUN-003772,reg_sweep_seq,336831573,constrained,corner,0x6e00,16,random,0.12,0.21,reg_rd,16,20,252,4,5,fixed,sparse,boot,in_order,bitflip,384
RUN-003773,reg_sweep_seq,1103582932,full_random,stress,0x4400,16,random,0.85,0.26,balanced,16,21,62,31,8,fixed,uniform,sensor_poll,in_order,none,192
RUN-003774,parity_stress_seq,1525302659,constrained,stress,0xdd00,4,walking_ones,0.598,0.7,reg_wr,8,34,240,8,2,weighted,burst_hotspot,console,in_order,none,384
RUN-003775,backpressure_seq,1137115839,constrained,corner,0xfa00,16,incremental,0.451,0.76,balanced,64,7,239,4,1,weighted,ping_pong,sensor_poll,in_order,none,192
RUN-003776,irq_storm_seq,1727024480,full_random,default,0xdc00,4,random,0.04,0.57,balanced,128,16,199,23,7,weighted,ping_pong,dma_stream,in_order,glitch,384
RUN-003777,reset_recovery_seq,2056998699,full_random,default,0x3300,16,incremental,0.233,0.22,reg_rd,16,36,120,29,2,weighted,uniform,console,in_order,glitch,192
RUN-003778,dma_burst_seq,1258091454,constrained,corner,0xd900,16,random,0.3,0.4,reg_rd,64,38,393,28,6,fixed,sparse,boot,in_order,none,384
RUN-003779,reset_recovery_seq,1082397293,directed,default,0x8100,4,incremental,0.719,0.6,reg_wr,64,25,298,17,10,fixed,burst_hotspot,sensor_poll,in_order,none,96
RUN-003780,backpressure_seq,134222485,constrained,default,0xe300,16,random,0.177,0.71,balanced,8,23,420,7,7,fixed,burst_hotspot,sensor_poll,in_order,none,48
RUN-003781,reg_sweep_seq,386888246,constrained,default,0xe700,64,all_ones,0.535,0.7,balanced,8,7,212,12,5,weighted,sparse,sensor_poll,in_order,glitch,192
RUN-003782,reg_sweep_seq,1178368897,constrained,stress,0xbc00,64,walking_ones,0.422,0.64,balanced,64,23,258,29,0,fixed,ping_pong,sensor_poll,in_order,none,96
RUN-003783,dma_burst_seq,806224998,constrained,default,0xd400,4,incremental,0.677,0.33,reg_wr,16,35,206,31,2,fixed,uniform,dma_stream,out_of_order,none,48
RUN-003784,uart_loopback_seq,1364923942,constrained,stress,0xff00,64,walking_ones,0.496,0.71,balanced,8,6,103,11,5,weighted,burst_hotspot,dma_stream,in_order,bitflip,192
RUN-003785,reg_sweep_seq,8735742,directed,default,0xe700,4,random,0.58,0.47,reg_wr,64,1,80,22,8,fixed,burst_hotspot,console,in_order,bitflip,96
RUN-003786,dma_burst_seq,167916604,constrained,default,0x4800,4,incremental,0.447,0.56,reg_wr,16,14,27,8,2,weighted,sparse,dma_stream,in_order,none,192
RUN-003787,irq_storm_seq,1830185385,constrained,default,0x4b00,16,walking_ones,0.42,0.39,reg_rd,8,0,186,12,7,weighted,uniform,sensor_poll,in_order,glitch,768
RUN-003788,dma_burst_seq,724392207,constrained,default,0xf800,4,random,0.668,0.79,balanced,8,18,113,14,0,fixed,ping_pong,sensor_poll,in_order,glitch,48
RUN-003789,reg_sweep_seq,859600304,constrained,stress,0x5b00,16,walking_ones,0.752,0.27,reg_wr,16,27,247,18,9,fixed,uniform,dma_stream,out_of_order,none,96
RUN-003790,irq_storm_seq,1515476267,full_random,default,0x2b00,4,walking_ones,0.648,0.64,balanced,8,37,255,16,9,fixed,burst_hotspot,boot,in_order,bitflip,192
RUN-003791,reg_sweep_seq,806804599,constrained,stress,0x6700,4,incremental,0.177,0.45,balanced,8,29,389,20,8,weighted,burst_hotspot,console,out_of_order,none,96
RUN-003792,reg_sweep_seq,830539671,constrained,stress,0xe800,64,all_ones,0.499,0.66,balanced,16,25,355,3,9,weighted,burst_hotspot,boot,in_order,bitflip,96
RUN-003793,dma_burst_seq,790595114,full_random,stress,0xe100,64,all_ones,0.464,0.47,reg_rd,8,32,220,27,2,fixed,ping_pong,boot,in_order,none,192
RUN-003794,reset_recovery_seq,1250243668,full_random,default,0xbe00,16,all_ones,0.13,0.6,reg_rd,64,25,140,24,4,fixed,uniform,console,in_order,none,384
RUN-003795,reset_recovery_seq,313554046,constrained,default,0xae00,4,walking_ones,0.662,0.58,reg_rd,16,14,140,22,5,fixed,burst_hotspot,sensor_poll,in_order,bitflip,96
RUN-003796,uart_loopback_seq,796061051,directed,corner,0x4200,4,incremental,0.451,0.4,reg_rd,128,33,291,11,4,weighted,sparse,console,in_order,glitch,768
RUN-003797,irq_storm_seq,1429991131,constrained,default,0x0100,16,random,0.122,0.36,balanced,128,34,278,10,3,fixed,burst_hotspot,dma_stream,in_order,bitflip,192
RUN-003798,reset_recovery_seq,600052313,full_random,default,0xbd00,4,walking_ones,0.395,0.32,reg_wr,64,32,271,23,8,weighted,uniform,console,in_order,bitflip,48
RUN-003799,dma_burst_seq,889310904,constrained,corner,0x7100,4,incremental,0.169,0.71,balanced,8,39,160,7,2,weighted,uniform,boot,in_order,bitflip,384
RUN-003800,reset_recovery_seq,127208223,directed,stress,0xfe00,16,random,0.352,0.21,balanced,16,38,173,1,4,fixed,sparse,console,in_order,none,48
RUN-003801,irq_storm_seq,931541707,constrained,stress,0xc600,64,incremental,0.319,0.35,balanced,8,20,247,13,7,weighted,burst_hotspot,console,out_of_order,none,768
RUN-003802,dma_burst_seq,1596215831,full_random,stress,0xc100,64,incremental,0.672,0.63,reg_wr,128,21,392,29,10,fixed,burst_hotspot,dma_stream,out_of_order,none,768
RUN-003803,reg_sweep_seq,1593814228,constrained,corner,0xad00,16,random,0.409,0.21,balanced,64,12,393,17,2,weighted,uniform,console,out_of_order,bitflip,96
RUN-003804,backpressure_seq,1972248688,constrained,default,0x0800,16,incremental,0.639,0.69,reg_rd,128,16,257,22,9,weighted,sparse,dma_stream,out_of_order,none,96
RUN-003805,reset_recovery_seq,1898655742,full_random,stress,0x1f00,4,random,0.735,0.29,balanced,8,14,119,25,0,weighted,uniform,sensor_poll,in_order,bitflip,48
RUN-003806,dma_burst_seq,2137326222,constrained,default,0x6e00,64,random,0.738,0.36,reg_wr,8,30,310,18,2,fixed,uniform,console,in_order,glitch,96
RUN-003807,irq_storm_seq,1799545909,constrained,corner,0xb500,4,random,0.487,0.29,reg_rd,16,2,301,9,4,fixed,sparse,console,in_order,bitflip,768
RUN-003808,dma_burst_seq,1233869296,constrained,default,0x3900,4,incremental,0.676,0.63,reg_wr,8,9,372,1,2,weighted,burst_hotspot,dma_stream,out_of_order,none,384
RUN-003809,uart_loopback_seq,2042478977,constrained,stress,0x3600,16,random,0.088,0.3,balanced,8,25,346,26,9,weighted,sparse,dma_stream,in_order,bitflip,768
RUN-003810,dma_burst_seq,705432505,constrained,default,0xeb00,16,incremental,0.216,0.21,reg_wr,128,3,46,8,4,weighted,ping_pong,boot,in_order,none,96
RUN-003811,reg_sweep_seq,651059319,constrained,default,0x5300,4,walking_ones,0.661,0.41,balanced,8,37,303,22,11,weighted,uniform,sensor_poll,in_order,glitch,384
RUN-003812,irq_storm_seq,570600813,directed,default,0xb800,16,walking_ones,0.629,0.42,reg_rd,16,35,74,16,6,weighted,sparse,dma_stream,in_order,none,384
RUN-003813,parity_stress_seq,379987797,full_random,default,0xf900,4,walking_ones,0.097,0.7,reg_rd,16,28,59,20,11,weighted,sparse,console,in_order,none,48
RUN-003814,dma_burst_seq,619345625,full_random,corner,0xd300,16,walking_ones,0.896,0.7,balanced,64,24,335,28,0,fixed,burst_hotspot,sensor_poll,out_of_order,bitflip,96
RUN-003815,parity_stress_seq,369458665,constrained,stress,0xa400,64,random,0.783,0.22,reg_wr,64,0,150,27,11,fixed,sparse,console,out_of_order,none,192
RUN-003816,backpressure_seq,1792469100,constrained,stress,0xdb00,4,random,0.56,0.58,balanced,16,35,161,20,4,weighted,ping_pong,boot,in_order,glitch,768
RUN-003817,reset_recovery_seq,703711472,constrained,default,0x6400,64,all_ones,0.084,0.25,reg_rd,64,31,98,13,9,weighted,ping_pong,dma_stream,in_order,none,192
RUN-003818,parity_stress_seq,110463949,constrained,corner,0x7200,4,random,0.485,0.41,balanced,128,34,120,16,10,weighted,burst_hotspot,sensor_poll,in_order,bitflip,192
RUN-003819,uart_loopback_seq,377341800,constrained,default,0xfb00,16,random,0.848,0.46,reg_rd,8,30,404,3,6,fixed,uniform,dma_stream,in_order,none,96
RUN-003820,reg_sweep_seq,1480425207,full_random,stress,0x8e00,16,all_ones,0.51,0.63,reg_rd,64,22,129,10,5,fixed,uniform,sensor_poll,in_order,bitflip,96
RUN-003821,parity_stress_seq,1653992763,full_random,default,0xdb00,64,random,0.349,0.27,balanced,16,32,281,16,4,weighted,burst_hotspot,sensor_poll,in_order,glitch,96
RUN-003822,reg_sweep_seq,1934573301,constrained,corner,0x0c00,4,random,0.552,0.6,balanced,8,25,146,10,4,weighted,ping_pong,dma_stream,in_order,glitch,192
RUN-003823,dma_burst_seq,343497228,full_random,default,0x9c00,16,walking_ones,0.817,0.76,reg_wr,16,9,246,5,0,fixed,uniform,console,out_of_order,none,96
RUN-003824,dma_burst_seq,1210063680,constrained,default,0xdf00,16,incremental,0.028,0.36,balanced,16,27,229,14,8,weighted,uniform,sensor_poll,out_of_order,glitch,768
RUN-003825,uart_loopback_seq,2030402323,constrained,corner,0x0c00,16,all_ones,0.153,0.68,reg_rd,128,31,47,15,8,fixed,burst_hotspot,sensor_poll,in_order,none,384
RUN-003826,reg_sweep_seq,814099493,constrained,default,0x5d00,16,all_ones,0.272,0.58,reg_wr,128,12,230,28,1,fixed,ping_pong,console,out_of_order,none,96
RUN-003827,uart_loopback_seq,1012044942,constrained,default,0xc500,4,all_ones,0.312,0.71,reg_rd,16,25,374,7,0,weighted,uniform,dma_stream,in_order,bitflip,192
RUN-003828,reg_sweep_seq,333712213,full_random,corner,0x3400,64,random,0.39,0.22,balanced,16,15,331,5,9,weighted,burst_hotspot,console,out_of_order,none,96
RUN-003829,backpressure_seq,848834269,constrained,stress,0x4500,16,random,0.628,0.79,balanced,64,11,323,14,2,fixed,uniform,sensor_poll,in_order,none,96
RUN-003830,irq_storm_seq,850245458,constrained,corner,0x2400,64,walking_ones,0.139,0.32,balanced,16,35,142,22,0,weighted,sparse,dma_stream,in_order,bitflip,96
RUN-003831,backpressure_seq,714155158,constrained,default,0xf100,4,random,0.407,0.61,reg_rd,8,0,344,25,2,weighted,uniform,sensor_poll,in_order,bitflip,192
RUN-003832,uart_loopback_seq,1594179917,constrained,corner,0x3200,4,walking_ones,0.22,0.21,balanced,8,11,322,9,1,weighted,sparse,boot,in_order,none,768
RUN-003833,reg_sweep_seq,765644798,full_random,corner,0x9600,64,random,0.156,0.44,reg_rd,16,20,50,20,2,weighted,burst_hotspot,sensor_poll,in_order,bitflip,384
RUN-003834,dma_burst_seq,580256476,constrained,default,0x5700,4,walking_ones,0.657,0.71,balanced,128,5,40,23,3,fixed,sparse,console,in_order,none,768
RUN-003835,uart_loopback_seq,1059449901,full_random,corner,0x2800,64,all_ones,0.329,0.39,reg_rd,64,5,318,9,9,weighted,uniform,console,in_order,glitch,384
RUN-003836,reset_recovery_seq,1003332707,full_random,corner,0xb500,64,walking_ones,0.35,0.55,reg_rd,8,29,74,25,4,fixed,uniform,console,out_of_order,none,384
RUN-003837,reset_recovery_seq,235461409,constrained,corner,0x2300,4,random,0.249,0.51,reg_wr,64,4,69,26,0,weighted,burst_hotspot,dma_stream,in_order,bitflip,192
RUN-003838,dma_burst_seq,287421077,constrained,corner,0xc900,64,random,0.353,0.33,balanced,16,37,231,10,4,fixed,ping_pong,console,in_order,none,96
RUN-003839,uart_loopback_seq,920267323,constrained,stress,0x8500,64,incremental,0.516,0.32,reg_wr,64,39,270,20,8,weighted,burst_hotspot,dma_stream,in_order,none,384
RUN-003840,reg_sweep_seq,472931487,constrained,default,0xe100,16,all_ones,0.332,0.69,reg_wr,8,14,50,4,2,weighted,burst_hotspot,console,in_order,none,768
RUN-003841,reg_sweep_seq,66395880,constrained,default,0x0f00,4,all_ones,0.935,0.23,reg_rd,8,19,410,8,3,fixed,uniform,dma_stream,in_order,bitflip,192
RUN-003842,irq_storm_seq,1169895685,constrained,default,0x6800,64,random,0.689,0.47,balanced,128,27,132,28,8,weighted,burst_hotspot,console,in_order,none,48
RUN-003843,parity_stress_seq,1561303312,constrained,corner,0x8000,16,random,0.32,0.31,reg_rd,64,16,297,23,7,fixed,burst_hotspot,sensor_poll,in_order,none,384
RUN-003844,uart_loopback_seq,162907283,full_random,stress,0x5c00,64,random,0.456,0.57,balanced,64,25,324,26,0,fixed,burst_hotspot,sensor_poll,in_order,none,96
RUN-003845,uart_loopback_seq,1278970877,constrained,stress,0xcc00,16,random,0.265,0.51,reg_wr,8,2,219,26,6,fixed,sparse,dma_stream,in_order,none,48
RUN-003846,irq_storm_seq,748548375,constrained,default,0xd600,4,walking_ones,0.456,0.47,reg_wr,16,11,266,29,10,weighted,uniform,boot,in_order,none,384
RUN-003847,dma_burst_seq,1608360162,constrained,stress,0x7300,64,random,0.326,0.33,balanced,128,31,192,29,11,fixed,uniform,dma_stream,in_order,bitflip,384
RUN-003848,uart_loopback_seq,1418700902,directed,default,0x5d00,4,random,0.529,0.76,balanced,16,7,25,15,1,fixed,burst_hotspot,console,in_order,none,192
RUN-003849,reset_recovery_seq,1333085758,constrained,stress,0x5000,4,random,0.269,0.68,balanced,8,27,384,21,4,weighted,uniform,sensor_poll,in_order,none,768
RUN-003850,dma_burst_seq,2115517346,constrained,stress,0x0700,4,incremental,0.551,0.7,balanced,16,8,310,6,11,fixed,ping_pong,console,in_order,none,96
RUN-003851,uart_loopback_seq,1708605499,constrained,default,0x7000,16,random,0.604,0.27,reg_wr,8,29,364,18,3,weighted,burst_hotspot,boot,out_of_order,glitch,48
RUN-003852,reset_recovery_seq,1351393340,constrained,default,0x4500,64,random,0.431,0.75,reg_wr,128,28,295,22,3,weighted,burst_hotspot,console,in_order,bitflip,384
RUN-003853,dma_burst_seq,1821848051,constrained,stress,0x2b00,4,random,0.708,0.66,balanced,16,5,55,3,8,fixed,burst_hotspot,boot,in_order,glitch,96
RUN-003854,dma_burst_seq,604972681,constrained,default,0xb500,16,all_ones,0.09,0.53,reg_rd,16,3,309,24,0,fixed,uniform,dma_stream,in_order,none,48
RUN-003855,reg_sweep_seq,1984799346,constrained,default,0xe100,4,incremental,0.205,0.6,reg_wr,8,10,180,16,4,weighted,uniform,dma_stream,in_order,none,384
RUN-003856,irq_storm_seq,1983600290,full_random,default,0x4b00,64,random,0.606,0.25,balanced,8,28,98,22,9,weighted,uniform,console,out_of_order,none,768
RUN-003857,reset_recovery_seq,709673124,full_random,default,0x2e00,16,incremental,0.418,0.29,reg_rd,64,13,319,12,11,weighted,burst_hotspot,console,in_order,none,384
RUN-003858,backpressure_seq,860723433,full_random,corner,0xb000,4,random,0.495,0.54,reg_rd,16,26,261,28,2,weighted,burst_hotspot,sensor_poll,out_of_order,none,768
RUN-003859,reset_recovery_seq,512790683,constrained,stress,0x6a00,16,incremental,0.685,0.42,balanced,16,0,84,28,1,weighted,uniform,sensor_poll,out_of_order,none,384
RUN-003860,backpressure_seq,625335455,constrained,default,0x1e00,64,incremental,0.187,0.59,reg_rd,8,19,394,8,8,weighted,burst_hotspot,boot,in_order,bitflip,768
RUN-003861,reg_sweep_seq,690084217,constrained,stress,0xff00,64,all_ones,0.842,0.37,balanced,64,27,120,8,1,weighted,burst_hotspot,dma_stream,in_order,glitch,192
RUN-003862,uart_loopback_seq,1615548742,full_random,corner,0xb700,64,random,0.431,0.24,reg_rd,64,24,382,20,3,fixed,burst_hotspot,sensor_poll,out_of_order,bitflip,48
RUN-003863,dma_burst_seq,1802422526,constrained,corner,0x8200,16,walking_ones,0.461,0.48,balanced,16,15,36,15,6,weighted,uniform,dma_stream,in_order,glitch,48
RUN-003864,dma_burst_seq,1215844537,full_random,stress,0x9b00,64,random,0.113,0.52,balanced,8,23,266,6,4,weighted,uniform,console,out_of_order,none,384
RUN-003865,reg_sweep_seq,1759343609,constrained,corner,0xb900,16,random,0.204,0.74,reg_rd,64,28,231,15,3,weighted,uniform,dma_stream,in_order,none,96
RUN-003866,reset_recovery_seq,1730676541,full_random,corner,0x6a00,4,walking_ones,0.453,0.79,reg_wr,128,1,334,1,6,fixed,uniform,boot,in_order,glitch,768
RUN-003867,uart_loopback_seq,1174141422,constrained,default,0xc600,64,incremental,0.697,0.3,reg_rd,8,34,258,27,5,fixed,burst_hotspot,sensor_poll,in_order,bitflip,384
RUN-003868,irq_storm_seq,997917422,constrained,default,0xfb00,4,random,0.517,0.31,balanced,8,10,322,0,11,weighted,burst_hotspot,dma_stream,in_order,none,768
RUN-003869,dma_burst_seq,540542735,constrained,default,0x7800,16,incremental,0.325,0.68,reg_wr,64,1,140,20,8,weighted,ping_pong,sensor_poll,in_order,none,384
RUN-003870,backpressure_seq,645733482,constrained,stress,0x7a00,4,random,0.612,0.23,reg_wr,8,36,254,6,0,weighted,burst_hotspot,sensor_poll,in_order,none,768
RUN-003871,reg_sweep_seq,717673310,directed,stress,0x7e00,4,incremental,0.174,0.25,reg_wr,16,9,366,6,6,fixed,sparse,dma_stream,out_of_order,none,192
RUN-003872,uart_loopback_seq,1625967727,constrained,default,0x7200,4,walking_ones,0.556,0.68,reg_rd,64,20,39,14,7,weighted,uniform,sensor_poll,out_of_order,none,48
RUN-003873,reset_recovery_seq,865913520,constrained,corner,0x9a00,4,all_ones,0.22,0.68,reg_rd,128,6,91,17,7,fixed,ping_pong,sensor_poll,in_order,bitflip,192
RUN-003874,irq_storm_seq,732927828,constrained,default,0x7400,4,random,0.677,0.2,reg_wr,16,20,74,3,7,fixed,ping_pong,sensor_poll,in_order,none,384
RUN-003875,parity_stress_seq,227614008,constrained,default,0x8500,16,random,0.676,0.76,balanced,8,20,74,3,7,weighted,ping_pong,console,in_order,bitflip,384
RUN-003876,uart_loopback_seq,1150990361,full_random,default,0x2500,16,incremental,0.359,0.22,reg_wr,16,37,325,6,10,weighted,uniform,sensor_poll,in_order,none,768
RUN-003877,dma_burst_seq,619923113,constrained,default,0xed00,16,incremental,0.526,0.37,reg_wr,16,37,282,25,6,weighted,uniform,dma_stream,out_of_order,glitch,192
RUN-003878,reg_sweep_seq,1947021976,constrained,stress,0x7300,16,all_ones,0.28,0.3,reg_wr,8,33,211,20,3,weighted,ping_pong,sensor_poll,in_order,none,192
RUN-003879,reg_sweep_seq,737573255,directed,default,0x5e00,4,random,0.818,0.48,balanced,128,32,57,31,1,fixed,sparse,dma_stream,in_order,none,48
RUN-003880,uart_loopback_seq,724048205,full_random,default,0xe800,64,random,0.722,0.37,reg_rd,8,11,106,10,5,weighted,uniform,boot,in_order,glitch,96
RUN-003881,uart_loopback_seq,77938458,constrained,stress,0x7100,64,walking_ones,0.659,0.46,balanced,16,4,271,16,2,fixed,ping_pong,console,in_order,none,192
RUN-003882,reset_recovery_seq,998992204,constrained,stress,0x5800,64,random,0.384,0.58,balanced,8,38,89,3,8,fixed,burst_hotspot,boot,out_of_order,none,96
RUN-003883,reg_sweep_seq,1807371109,constrained,default,0x2000,4,random,0.765,0.62,reg_rd,128,31,211,30,11,fixed,burst_hotspot,boot,in_order,bitflip,384
RUN-003884,reset_recovery_seq,1904549069,constrained,default,0xc800,64,random,0.287,0.41,balanced,64,21,263,20,5,weighted,sparse,console,in_order,glitch,192
RUN-003885,reset_recovery_seq,1117387199,directed,default,0xc300,4,all_ones,0.193,0.28,reg_wr,16,14,170,7,10,weighted,uniform,console,in_order,glitch,192
RUN-003886,dma_burst_seq,1696731962,full_random,stress,0x5c00,16,incremental,0.697,0.53,balanced,64,0,129,18,5,fixed,sparse,console,in_order,none,768
RUN-003887,dma_burst_seq,1135570280,constrained,default,0x4a00,4,random,0.141,0.48,balanced,64,21,405,30,10,weighted,ping_pong,console,out_of_order,glitch,192
RUN-003888,reset_recovery_seq,674369708,constrained,default,0x7900,16,walking_ones,0.112,0.79,reg_wr,64,29,122,15,3,weighted,uniform,console,out_of_order,none,192
RUN-003889,dma_burst_seq,528589466,constrained,stress,0x1c00,16,random,0.093,0.41,balanced,128,10,193,15,8,fixed,uniform,dma_stream,out_of_order,bitflip,384
RUN-003890,reg_sweep_seq,219815687,constrained,stress,0x5600,64,random,0.529,0.69,reg_rd,16,23,212,6,1,fixed,uniform,sensor_poll,in_order,none,96
RUN-003891,parity_stress_seq,1846867939,full_random,default,0xdf00,4,random,0.12,0.54,reg_rd,64,4,230,24,2,fixed,sparse,console,in_order,none,48
RUN-003892,uart_loopback_seq,1467974397,constrained,stress,0xaa00,16,random,0.17,0.26,reg_wr,16,30,136,13,0,weighted,uniform,sensor_poll,in_order,none,768
RUN-003893,reg_sweep_seq,1713948830,constrained,default,0x4200,64,all_ones,0.343,0.69,balanced,16,29,120,11,9,weighted,sparse,sensor_poll,out_of_order,none,192
RUN-003894,uart_loopback_seq,207775952,constrained,stress,0x3500,4,all_ones,0.49,0.56,balanced,16,6,366,2,4,weighted,uniform,boot,in_order,glitch,192
RUN-003895,reset_recovery_seq,903460278,full_random,corner,0x4800,16,random,0.282,0.5,reg_wr,8,29,67,3,8,fixed,burst_hotspot,console,in_order,none,192
RUN-003896,reg_sweep_seq,540221586,full_random,default,0x6500,64,walking_ones,0.549,0.33,reg_wr,16,27,289,22,9,fixed,uniform,dma_stream,in_order,glitch,384
RUN-003897,reset_recovery_seq,1467250457,constrained,default,0x3200,16,all_ones,0.19,0.27,balanced,64,6,165,26,1,fixed,ping_pong,dma_stream,in_order,glitch,768
RUN-003898,irq_storm_seq,268511453,full_random,default,0x7900,4,walking_ones,0.368,0.59,reg_rd,64,36,71,27,8,weighted,burst_hotspot,dma_stream,in_order,none,384
RUN-003899,dma_burst_seq,1514141693,constrained,corner,0x5b00,4,random,0.523,0.35,balanced,64,32,239,1,10,weighted,uniform,dma_stream,in_order,none,192
RUN-003900,backpressure_seq,247131065,constrained,default,0x4c00,16,incremental,0.349,0.3,balanced,8,19,242,15,1,weighted,uniform,console,in_order,none,192
RUN-003901,backpressure_seq,2099964371,directed,default,0xe500,4,random,0.784,0.39,reg_wr,16,8,256,9,5,fixed,sparse,sensor_poll,in_order,none,384
RUN-003902,reset_recovery_seq,1008388640,full_random,default,0xfb00,64,random,0.573,0.35,balanced,64,23,420,0,0,weighted,uniform,sensor_poll,out_of_order,none,48
RUN-003903,uart_loopback_seq,1477109838,full_random,default,0x7700,4,incremental,0.793,0.52,balanced,64,11,160,24,9,weighted,uniform,boot,in_order,none,96
RUN-003904,backpressure_seq,396059554,full_random,corner,0x2800,16,all_ones,0.344,0.47,balanced,16,17,196,2,1,weighted,ping_pong,dma_stream,in_order,none,192
RUN-003905,irq_storm_seq,1617937725,constrained,corner,0x8100,16,all_ones,0.437,0.21,reg_wr,16,31,253,30,6,fixed,uniform,console,in_order,bitflip,384
RUN-003906,backpressure_seq,54116757,constrained,stress,0x1100,4,random,0.377,0.23,reg_wr,16,16,91,8,0,fixed,burst_hotspot,console,in_order,none,384
RUN-003907,parity_stress_seq,1905340369,directed,default,0xea00,4,walking_ones,0.398,0.44,reg_rd,16,38,113,2,7,fixed,ping_pong,dma_stream,in_order,none,768
RUN-003908,backpressure_seq,95465932,constrained,stress,0xd300,4,incremental,0.371,0.28,reg_wr,128,4,21,22,6,fixed,burst_hotspot,sensor_poll,out_of_order,bitflip,96
RUN-003909,parity_stress_seq,1373596877,constrained,default,0xaf00,4,incremental,0.408,0.3,balanced,16,8,106,29,5,fixed,burst_hotspot,console,in_order,glitch,384
RUN-003910,backpressure_seq,19848667,constrained,default,0x6500,16,incremental,0.706,0.62,reg_rd,16,5,42,4,2,fixed,ping_pong,sensor_poll,in_order,none,384
RUN-003911,backpressure_seq,643104761,directed,corner,0xee00,64,random,0.582,0.34,balanced,8,35,128,14,7,fixed,burst_hotspot,console,in_order,none,96
RUN-003912,backpressure_seq,809730786,full_random,stress,0x4500,16,incremental,0.457,0.79,balanced,8,32,49,8,1,fixed,ping_pong,dma_stream,in_order,glitch,384
RUN-003913,backpressure_seq,819054630,constrained,corner,0xd100,4,random,0.853,0.56,reg_rd,128,7,66,0,6,weighted,uniform,sensor_poll,in_order,none,96
RUN-003914,backpressure_seq,423541299,constrained,corner,0xe600,16,incremental,0.09,0.49,balanced,8,15,341,26,11,weighted,ping_pong,dma_stream,in_order,none,192
RUN-003915,backpressure_seq,1077512611,full_random,corner,0xcc00,4,incremental,0.584,0.28,reg_rd,64,35,111,7,9,fixed,sparse,console,in_order,none,96
RUN-003916,irq_storm_seq,1507502930,constrained,default,0xfc00,4,all_ones,0.078,0.34,reg_rd,128,35,204,2,5,fixed,uniform,sensor_poll,in_order,none,384
RUN-003917,reg_sweep_seq,1284372283,directed,default,0xf600,16,walking_ones,0.467,0.23,balanced,16,9,52,19,11,fixed,ping_pong,sensor_poll,out_of_order,none,192
RUN-003918,reset_recovery_seq,245473122,constrained,default,0x4800,16,incremental,0.739,0.62,balanced,8,29,415,21,7,fixed,burst_hotspot,boot,out_of_order,glitch,192
RUN-003919,uart_loopback_seq,1725695499,constrained,default,0xe500,4,random,0.59,0.66,balanced,8,10,57,24,3,fixed,ping_pong,console,out_of_order,none,384
RUN-003920,reg_sweep_seq,997535308,full_random,default,0xe100,16,all_ones,0.249,0.25,balanced,128,4,22,28,5,fixed,uniform,sensor_poll,in_order,none,384
RUN-003921,uart_loopback_seq,867891742,constrained,corner,0x5f00,16,walking_ones,0.797,0.79,balanced,8,34,387,6,8,fixed,uniform,sensor_poll,out_of_order,none,192
RUN-003922,irq_storm_seq,1893925681,constrained,corner,0x3900,16,all_ones,0.715,0.61,reg_rd,16,16,155,27,3,weighted,burst_hotspot,dma_stream,in_order,none,192
RUN-003923,uart_loopback_seq,2051973457,constrained,corner,0xf900,64,random,0.819,0.23,reg_rd,128,39,345,22,0,weighted,ping_pong,boot,in_order,glitch,48
RUN-003924,dma_burst_seq,492516568,constrained,default,0x5f00,64,random,0.326,0.22,balanced,8,37,49,27,10,weighted,uniform,dma_stream,in_order,none,384
RUN-003925,reg_sweep_seq,530896859,full_random,default,0x0000,4,all_ones,0.728,0.78,balanced,64,5,221,4,2,weighted,uniform,dma_stream,in_order,none,96
RUN-003926,parity_stress_seq,592798585,full_random,corner,0x3500,4,all_ones,0.535,0.27,balanced,16,2,308,13,1,weighted,uniform,console,in_order,glitch,192
RUN-003927,irq_storm_seq,2033916694,directed,default,0x9300,16,random,0.239,0.79,reg_rd,8,2,134,5,10,fixed,sparse,sensor_poll,in_order,bitflip,48
RUN-003928,parity_stress_seq,1514061655,directed,default,0x8d00,4,incremental,0.581,0.72,reg_wr,64,21,265,13,7,fixed,burst_hotspot,console,out_of_order,none,192
RUN-003929,uart_loopback_seq,1618285491,full_random,default,0x8f00,4,random,0.56,0.64,reg_wr,8,3,50,22,0,weighted,burst_hotspot,sensor_poll,out_of_order,bitflip,192
RUN-003930,irq_storm_seq,315867613,constrained,corner,0xa000,16,incremental,0.341,0.45,reg_rd,64,18,291,24,6,fixed,burst_hotspot,dma_stream,in_order,none,96
RUN-003931,reg_sweep_seq,1512189393,full_random,corner,0x6100,16,incremental,0.622,0.52,balanced,64,25,361,1,9,weighted,sparse,dma_stream,in_order,bitflip,192
RUN-003932,dma_burst_seq,434606673,full_random,corner,0x3a00,64,all_ones,0.134,0.36,reg_wr,128,27,350,13,6,weighted,sparse,dma_stream,out_of_order,none,96
RUN-003933,backpressure_seq,579564254,full_random,default,0xf900,16,random,0.731,0.26,reg_wr,64,12,185,30,4,fixed,uniform,console,in_order,none,192
RUN-003934,irq_storm_seq,167569874,constrained,default,0x3100,4,random,0.143,0.59,balanced,128,16,345,5,6,fixed,burst_hotspot,console,in_order,none,48
RUN-003935,reg_sweep_seq,967511921,constrained,corner,0xeb00,64,incremental,0.733,0.66,balanced,64,0,114,10,11,weighted,ping_pong,dma_stream,in_order,none,192
RUN-003936,uart_loopback_seq,2066240459,full_random,stress,0xdd00,4,walking_ones,0.523,0.62,reg_wr,16,39,359,23,3,weighted,burst_hotspot,dma_stream,out_of_order,none,96
RUN-003937,irq_storm_seq,853806481,constrained,default,0x3700,4,incremental,0.398,0.46,balanced,16,10,191,18,2,weighted,sparse,sensor_poll,in_order,bitflip,48
RUN-003938,reset_recovery_seq,90441490,constrained,default,0xf200,64,walking_ones,0.751,0.73,reg_rd,16,5,215,16,11,weighted,uniform,console,out_of_order,none,48
RUN-003939,irq_storm_seq,1466820208,constrained,default,0x6d00,4,all_ones,0.419,0.79,reg_rd,8,11,368,0,2,weighted,uniform,sensor_poll,out_of_order,none,96
RUN-003940,reg_sweep_seq,499396169,constrained,stress,0x7100,4,random,0.336,0.21,balanced,16,31,264,7,11,fixed,burst_hotspot,console,out_of_order,none,192
RUN-003941,dma_burst_seq,139787479,constrained,default,0x1300,4,random,0.594,0.23,reg_wr,8,17,50,6,1,weighted,burst_hotspot,console,out_of_order,none,192
RUN-003942,irq_storm_seq,1436173234,constrained,stress,0x2f00,4,incremental,0.499,0.66,reg_rd,8,38,347,30,9,fixed,uniform,sensor_poll,in_order,none,384
RUN-003943,reg_sweep_seq,505425941,constrained,default,0x6900,4,random,0.485,0.47,reg_wr,128,27,270,26,6,fixed,burst_hotspot,console,out_of_order,none,384
RUN-003944,irq_storm_seq,2065336437,constrained,default,0x3400,16,random,0.379,0.78,reg_wr,128,28,92,22,2,fixed,ping_pong,dma_stream,out_of_order,none,48
RUN-003945,reset_recovery_seq,651060304,constrained,default,0x8500,4,all_ones,0.74,0.35,reg_rd,16,8,58,24,6,fixed,burst_hotspot,boot,in_order,none,384
RUN-003946,uart_loopback_seq,1755231507,constrained,default,0x6400,4,walking_ones,0.662,0.6,balanced,8,26,137,18,6,weighted,sparse,dma_stream,in_order,none,768
RUN-003947,backpressure_seq,173970343,constrained,default,0x2600,64,walking_ones,0.345,0.49,balanced,8,33,332,18,10,weighted,uniform,sensor_poll,in_order,none,384
RUN-003948,irq_storm_seq,2133507118,constrained,corner,0x6500,16,random,0.474,0.7,reg_wr,8,38,54,13,7,weighted,ping_pong,boot,in_order,none,768
RUN-003949,uart_loopback_seq,1117105945,constrained,stress,0x3c00,16,incremental,0.205,0.53,reg_wr,8,30,112,25,4,weighted,sparse,sensor_poll,in_order,none,48
RUN-003950,dma_burst_seq,2009172086,full_random,corner,0xa300,64,walking_ones,0.351,0.59,reg_rd,16,25,85,10,8,weighted,uniform,console,out_of_order,none,192
RUN-003951,parity_stress_seq,2088233641,constrained,stress,0xd100,64,all_ones,0.314,0.68,balanced,64,9,393,28,2,weighted,uniform,dma_stream,out_of_order,bitflip,192
RUN-003952,dma_burst_seq,1182009816,constrained,default,0xaf00,4,incremental,0.238,0.78,balanced,16,19,314,7,10,fixed,ping_pong,sensor_poll,in_order,bitflip,384
RUN-003953,irq_storm_seq,1484791911,constrained,corner,0x2f00,16,walking_ones,0.403,0.79,balanced,64,9,243,23,8,weighted,sparse,console,out_of_order,none,96
RUN-003954,dma_burst_seq,1817962811,full_random,default,0xca00,16,incremental,0.168,0.6,balanced,8,36,428,18,1,weighted,sparse,sensor_poll,in_order,none,384
RUN-003955,reg_sweep_seq,1394192492,constrained,default,0x0a00,16,walking_ones,0.152,0.21,reg_rd,8,6,233,2,2,fixed,ping_pong,boot,in_order,glitch,768
RUN-003956,uart_loopback_seq,1862746169,constrained,default,0x9300,4,walking_ones,0.563,0.69,reg_wr,16,13,64,16,8,weighted,sparse,boot,in_order,glitch,384
RUN-003957,uart_loopback_seq,1333998051,constrained,stress,0xac00,4,walking_ones,0.438,0.27,reg_rd,8,38,428,29,11,fixed,burst_hotspot,console,in_order,none,96
RUN-003958,dma_burst_seq,1397558426,constrained,corner,0xde00,4,random,0.451,0.23,reg_rd,64,22,408,27,9,fixed,burst_hotspot,sensor_poll,in_order,none,96
RUN-003959,dma_burst_seq,1841099435,constrained,stress,0x7500,4,random,0.634,0.32,reg_rd,16,17,190,29,6,fixed,sparse,sensor_poll,in_order,none,48
RUN-003960,uart_loopback_seq,1565522002,constrained,default,0x2700,4,incremental,0.338,0.37,balanced,8,37,313,25,1,fixed,ping_pong,boot,in_order,none,96
RUN-003961,dma_burst_seq,1924067871,constrained,corner,0x3100,64,incremental,0.827,0.27,balanced,16,16,264,2,9,weighted,sparse,sensor_poll,in_order,bitflip,192
RUN-003962,dma_burst_seq,336993617,constrained,corner,0x5900,16,random,0.174,0.65,balanced,8,30,390,16,11,fixed,uniform,console,in_order,glitch,384
RUN-003963,reg_sweep_seq,304573253,constrained,default,0x7500,64,random,0.673,0.42,balanced,16,13,41,9,9,weighted,sparse,console,in_order,none,96
RUN-003964,reset_recovery_seq,686333574,constrained,default,0xab00,4,random,0.421,0.76,reg_wr,16,13,402,24,10,weighted,burst_hotspot,dma_stream,in_order,none,768
RUN-003965,irq_storm_seq,134461528,constrained,default,0x3a00,16,walking_ones,0.836,0.34,reg_rd,8,8,266,23,3,weighted,uniform,sensor_poll,in_order,glitch,192
RUN-003966,backpressure_seq,1916415080,constrained,default,0x1000,4,all_ones,0.145,0.64,reg_rd,16,0,126,28,11,fixed,sparse,console,out_of_order,bitflip,384
RUN-003967,reg_sweep_seq,552081794,constrained,stress,0x8000,4,random,0.913,0.69,reg_rd,8,36,303,29,5,weighted,ping_pong,sensor_poll,in_order,none,48
RUN-003968,parity_stress_seq,1751168635,directed,default,0x1900,16,random,0.273,0.72,reg_rd,64,27,52,21,10,fixed,sparse,console,out_of_order,none,48
RUN-003969,parity_stress_seq,978432832,full_random,default,0x4e00,4,walking_ones,0.426,0.31,reg_rd,16,20,297,21,6,weighted,ping_pong,dma_stream,out_of_order,none,384
RUN-003970,reset_recovery_seq,1108871439,constrained,default,0x3400,4,random,0.562,0.8,balanced,8,35,179,18,5,weighted,burst_hotspot,dma_stream,in_order,bitflip,768
RUN-003971,backpressure_seq,1657531496,constrained,corner,0x4c00,4,walking_ones,0.453,0.55,balanced,8,12,64,16,7,fixed,uniform,console,in_order,bitflip,192
RUN-003972,uart_loopback_seq,1376062983,constrained,stress,0x2f00,4,random,0.397,0.77,reg_rd,128,11,190,4,0,weighted,ping_pong,boot,in_order,none,192
RUN-003973,dma_burst_seq,1121485056,directed,default,0x2200,16,random,0.412,0.23,reg_wr,8,12,208,10,4,fixed,ping_pong,sensor_poll,out_of_order,glitch,48
RUN-003974,dma_burst_seq,813546415,constrained,corner,0x2100,16,random,0.174,0.65,balanced,16,1,94,14,6,weighted,sparse,console,out_of_order,none,96
RUN-003975,reg_sweep_seq,120191780,constrained,corner,0x4800,4,random,0.527,0.25,balanced,8,30,309,11,11,fixed,uniform,dma_stream,in_order,none,192
RUN-003976,irq_storm_seq,1183660063,full_random,corner,0xf300,16,random,0.142,0.48,reg_rd,16,18,262,5,5,weighted,sparse,console,out_of_order,glitch,96
RUN-003977,uart_loopback_seq,2094471046,constrained,stress,0x2c00,16,incremental,0.535,0.55,balanced,8,8,326,10,6,weighted,sparse,boot,in_order,none,384
RUN-003978,reset_recovery_seq,808729612,constrained,stress,0x7700,16,all_ones,0.71,0.71,balanced,16,23,61,4,8,weighted,burst_hotspot,sensor_poll,in_order,bitflip,192
RUN-003979,parity_stress_seq,757661080,constrained,corner,0x4f00,16,random,0.248,0.63,reg_rd,128,23,194,15,10,weighted,sparse,dma_stream,in_order,none,96
RUN-003980,dma_burst_seq,1820791199,directed,default,0xd600,64,random,0.227,0.44,balanced,128,0,220,6,4,fixed,ping_pong,dma_stream,in_order,none,48
RUN-003981,dma_burst_seq,1285802616,constrained,stress,0x7700,16,incremental,0.867,0.74,reg_wr,64,3,109,10,0,weighted,sparse,console,in_order,none,384
RUN-003982,irq_storm_seq,792348449,constrained,default,0x6700,4,incremental,0.33,0.61,reg_wr,128,8,328,20,5,weighted,uniform,console,in_order,none,96
RUN-003983,dma_burst_seq,900026894,full_random,corner,0x0000,16,random,0.677,0.38,reg_rd,64,28,51,15,10,fixed,burst_hotspot,console,in_order,none,384
RUN-003984,reg_sweep_seq,873582626,constrained,default,0x3600,64,walking_ones,0.323,0.76,reg_rd,8,18,79,6,0,weighted,burst_hotspot,boot,out_of_order,bitflip,48
RUN-003985,reg_sweep_seq,2144552582,full_random,stress,0x2f00,16,walking_ones,0.271,0.64,reg_wr,16,20,69,25,2,weighted,uniform,dma_stream,in_order,none,96
RUN-003986,backpressure_seq,534451879,constrained,default,0xe200,16,random,0.407,0.31,reg_rd,16,10,196,19,6,fixed,sparse,console,out_of_order,none,384
RUN-003987,dma_burst_seq,619354342,full_random,default,0x4a00,16,walking_ones,0.52,0.56,balanced,16,11,227,3,6,fixed,ping_pong,console,in_order,glitch,384
RUN-003988,reg_sweep_seq,388875294,constrained,default,0x4f00,16,incremental,0.294,0.52,balanced,64,39,237,27,3,fixed,ping_pong,console,in_order,none,192
RUN-003989,uart_loopback_seq,1739746780,directed,default,0xb300,64,random,0.311,0.57,reg_rd,8,10,312,15,6,weighted,ping_pong,boot,in_order,none,192
RUN-003990,uart_loopback_seq,1979775322,full_random,default,0x2b00,4,random,0.104,0.54,balanced,16,10,104,0,10,fixed,burst_hotspot,dma_stream,in_order,none,192
RUN-003991,dma_burst_seq,898638948,constrained,corner,0xee00,64,random,0.67,0.62,balanced,64,11,95,17,3,weighted,uniform,boot,in_order,bitflip,192
RUN-003992,uart_loopback_seq,229449847,constrained,stress,0x9800,16,all_ones,0.2,0.25,reg_rd,16,14,349,24,5,weighted,burst_hotspot,console,in_order,none,192
RUN-003993,dma_burst_seq,704843697,directed,stress,0x1300,16,incremental,0.673,0.48,reg_wr,64,2,262,16,1,fixed,uniform,sensor_poll,in_order,none,768
RUN-003994,reg_sweep_seq,106387012,constrained,default,0x7e00,4,walking_ones,0.646,0.46,reg_wr,128,16,406,8,2,fixed,burst_hotspot,console,in_order,none,48
RUN-003995,dma_burst_seq,62082632,full_random,corner,0x7100,16,incremental,0.115,0.75,reg_rd,8,31,58,17,0,weighted,sparse,sensor_poll,in_order,bitflip,48
RUN-003996,uart_loopback_seq,759528320,constrained,corner,0x7600,4,walking_ones,0.528,0.27,reg_rd,16,14,384,31,3,weighted,ping_pong,dma_stream,in_order,bitflip,48
RUN-003997,parity_stress_seq,1086954069,full_random,corner,0x2000,64,random,0.207,0.39,balanced,8,35,304,30,4,fixed,burst_hotspot,dma_stream,in_order,glitch,96
RUN-003998,irq_storm_seq,1433015945,constrained,corner,0x9400,4,all_ones,0.767,0.41,balanced,8,3,99,4,9,fixed,ping_pong,sensor_poll,in_order,none,384
RUN-003999,reg_sweep_seq,1743378142,full_random,default,0x4600,64,incremental,0.561,0.47,balanced,8,7,238,23,3,fixed,burst_hotspot,dma_stream,in_order,glitch,192
RUN-004000,reset_recovery_seq,2103561819,directed,corner,0x3900,64,all_ones,0.553,0.68,reg_rd,64,36,339,15,0,fixed,uniform,console,in_order,none,192
